ISO-10303-21;
HEADER;
/* Generated by software containing ST-Developer
 * from STEP Tools, Inc. (www.steptools.com) 
 */

FILE_DESCRIPTION(
/* description */ (''),
/* implementation_level */ '2;1');

FILE_NAME(
/* name */ 'ASM_Original_Parking Dock.step',
/* time_stamp */ '2026-10-02T16:10:12-04:00',
/* author */ (''),
/* organization */ (''),
/* preprocessor_version */ 'ST-DEVELOPER v20.2',
/* originating_system */ 'Autodesk Translation Framework v15.15.0.0',
/* authorisation */ '');

FILE_SCHEMA (('AUTOMOTIVE_DESIGN { 1 0 10303 214 3 1 1 }'));
ENDSEC;

DATA;
#10=MECHANICAL_DESIGN_GEOMETRIC_PRESENTATION_REPRESENTATION('',(#67,#68,
#69,#70),#4240);
#11=CONTEXT_DEPENDENT_OVER_RIDING_STYLED_ITEM('',(#4282),#4260,#70,(#20));
#12=MAPPED_ITEM('',#13,#2207);
#13=REPRESENTATION_MAP(#2207,#4257);
#14=ITEM_DEFINED_TRANSFORMATION($,$,#2006,#2203);
#15=ITEM_DEFINED_TRANSFORMATION($,$,#2099,#2204);
#16=ITEM_DEFINED_TRANSFORMATION($,$,#2192,#2205);
#17=ITEM_DEFINED_TRANSFORMATION($,$,#2192,#2206);
#18=(
REPRESENTATION_RELATIONSHIP($,$,#4258,#4257)
REPRESENTATION_RELATIONSHIP_WITH_TRANSFORMATION(#14)
SHAPE_REPRESENTATION_RELATIONSHIP()
);
#19=(
REPRESENTATION_RELATIONSHIP($,$,#4259,#4257)
REPRESENTATION_RELATIONSHIP_WITH_TRANSFORMATION(#15)
SHAPE_REPRESENTATION_RELATIONSHIP()
);
#20=(
REPRESENTATION_RELATIONSHIP($,$,#4260,#4257)
REPRESENTATION_RELATIONSHIP_WITH_TRANSFORMATION(#16)
SHAPE_REPRESENTATION_RELATIONSHIP()
);
#21=(
REPRESENTATION_RELATIONSHIP($,$,#4260,#4257)
REPRESENTATION_RELATIONSHIP_WITH_TRANSFORMATION(#17)
SHAPE_REPRESENTATION_RELATIONSHIP()
);
#22=CONTEXT_DEPENDENT_SHAPE_REPRESENTATION(#18,#4253);
#23=CONTEXT_DEPENDENT_SHAPE_REPRESENTATION(#19,#4254);
#24=CONTEXT_DEPENDENT_SHAPE_REPRESENTATION(#20,#4255);
#25=CONTEXT_DEPENDENT_SHAPE_REPRESENTATION(#21,#4256);
#26=NEXT_ASSEMBLY_USAGE_OCCURRENCE('Original_Parking basement v4:1',
'Original_Parking basement v4:1','Original_Parking basement v4:1',#4262,
#4263,'Original_Parking basement v4:1');
#27=NEXT_ASSEMBLY_USAGE_OCCURRENCE(
'Original_Parking adapter_60mm_with magnet v9:1',
'Original_Parking adapter_60mm_with magnet v9:1',
'Original_Parking adapter_60mm_with magnet v9:1',#4262,#4264,
'Original_Parking adapter_60mm_with magnet v9:1');
#28=NEXT_ASSEMBLY_USAGE_OCCURRENCE(
'93600A613_316 Stainless Steel Dowel Pin:1',
'93600A613_316 Stainless Steel Dowel Pin:1',
'93600A613_316 Stainless Steel Dowel Pin:1',#4262,#4265,
'93600A613_316 Stainless Steel Dowel Pin:1');
#29=NEXT_ASSEMBLY_USAGE_OCCURRENCE(
'93600A613_316 Stainless Steel Dowel Pin:2',
'93600A613_316 Stainless Steel Dowel Pin:2',
'93600A613_316 Stainless Steel Dowel Pin:2',#4262,#4265,
'93600A613_316 Stainless Steel Dowel Pin:2');
#30=CONICAL_SURFACE('',#2182,2.5,0.785398163397448);
#31=CONICAL_SURFACE('',#2193,2.2856406460551,0.26179938779915);
#32=CONICAL_SURFACE('',#2199,2.5,0.26179938779915);
#33=B_SPLINE_CURVE_WITH_KNOTS('',3,(#3204,#3205,#3206,#3207,#3208,#3209,
#3210,#3211,#3212,#3213,#3214,#3215,#3216,#3217,#3218,#3219,#3220,#3221,
#3222,#3223,#3224,#3225,#3226,#3227,#3228,#3229,#3230,#3231,#3232,#3233,
#3234,#3235,#3236,#3237,#3238,#3239,#3240,#3241,#3242,#3243,#3244,#3245,
#3246,#3247,#3248,#3249),.UNSPECIFIED.,.F.,.F.,(4,3,3,3,3,3,3,3,3,3,3,3,
3,3,3,4),(-1.38777878078145E-17,0.0132479761020453,0.0266223818275683,0.0387059734356335,
0.0522973438096917,0.06567542319341,0.0774243571319479,0.0910686811103737,
0.104713005088799,0.116458467689176,0.12976313567313,0.14326688382879,0.150052395880448,
0.163580929094729,0.176864961922519,0.183740451279693),.UNSPECIFIED.);
#34=B_SPLINE_CURVE_WITH_KNOTS('',3,(#3251,#3252,#3253,#3254,#3255,#3256,
#3257,#3258,#3259,#3260),.UNSPECIFIED.,.F.,.F.,(4,1,1,1,1,1,1,4),(0.0899561472401202,
0.207106502089527,0.324256856938934,0.441407211788341,0.558557566637748,
0.675707921487156,0.792858276336563,0.91000863118597),.UNSPECIFIED.);
#35=B_SPLINE_CURVE_WITH_KNOTS('',3,(#3262,#3263,#3264,#3265,#3266,#3267,
#3268,#3269,#3270,#3271,#3272,#3273,#3274,#3275,#3276,#3277,#3278,#3279,
#3280,#3281,#3282,#3283,#3284,#3285,#3286,#3287,#3288,#3289,#3290,#3291,
#3292,#3293,#3294,#3295,#3296,#3297,#3298,#3299,#3300,#3301,#3302,#3303,
#3304,#3305,#3306,#3307,#3308,#3309,#3310),.UNSPECIFIED.,.F.,.F.,(4,3,3,
3,3,3,3,3,3,3,3,3,3,3,3,3,4),(0.,0.0132181960747403,0.026758829260957,0.0396507829893062,
0.0531534489683654,0.0664263736648867,0.0789017350369307,0.0791409405301642,
0.0923935641819067,0.105776457006603,0.118316136268396,0.131332562545803,
0.144714492848432,0.150981899512036,0.1643356959638,0.177589339277429,0.183618213188935),
 .UNSPECIFIED.);
#36=B_SPLINE_CURVE_WITH_KNOTS('',3,(#3314,#3315,#3316,#3317,#3318,#3319,
#3320,#3321,#3322,#3323,#3324,#3325,#3326,#3327,#3328,#3329,#3330,#3331,
#3332,#3333,#3334,#3335,#3336,#3337,#3338,#3339,#3340,#3341,#3342,#3343,
#3344,#3345,#3346,#3347,#3348,#3349,#3350,#3351,#3352,#3353,#3354,#3355,
#3356,#3357,#3358,#3359),.UNSPECIFIED.,.F.,.F.,(4,3,3,3,3,3,3,3,3,3,3,3,
3,3,3,4),(-1.38777878078145E-17,0.0132217401522582,0.0265950238605746,0.0388423864013274,
0.0523083087918794,0.0656941100065577,0.0776719691542484,0.0912149698176039,
0.104757970480959,0.116707024562461,0.130027754965203,0.143524248555869,
0.15012845873809,0.163653157686715,0.176914332856673,0.183568684163555),
 .UNSPECIFIED.);
#37=B_SPLINE_CURVE_WITH_KNOTS('',3,(#3361,#3362,#3363,#3364,#3365,#3366,
#3367,#3368,#3369,#3370),.UNSPECIFIED.,.F.,.F.,(4,1,1,1,1,1,1,4),(0.0899913688140305,
0.207141723663437,0.324292078512844,0.441442433362251,0.558592788211658,
0.675743143061065,0.792893497910472,0.910043852759879),.UNSPECIFIED.);
#38=B_SPLINE_CURVE_WITH_KNOTS('',3,(#3372,#3373,#3374,#3375,#3376,#3377,
#3378,#3379,#3380,#3381,#3382,#3383,#3384,#3385,#3386,#3387,#3388,#3389,
#3390,#3391,#3392,#3393,#3394,#3395,#3396,#3397,#3398,#3399,#3400,#3401,
#3402,#3403,#3404,#3405,#3406,#3407,#3408,#3409,#3410,#3411,#3412,#3413,
#3414,#3415,#3416,#3417,#3418,#3419,#3420),.UNSPECIFIED.,.F.,.F.,(4,3,3,
3,3,3,3,3,3,3,3,3,3,3,3,3,4),(0.,0.0132390979405046,0.0267841800061894,
0.0398295540076894,0.0533392331495064,0.0666013119239835,0.079126365006545,
0.0794480058567581,0.09269820869496,0.1060588741819,0.118653117008496,0.131529178560578,
0.144889085537844,0.151227062254171,0.164584703712384,0.177865475176149,
0.183809303871977),.UNSPECIFIED.);
#39=B_SPLINE_CURVE_WITH_KNOTS('',3,(#3450,#3451,#3452,#3453,#3454,#3455,
#3456,#3457,#3458,#3459,#3460,#3461,#3462,#3463,#3464,#3465,#3466,#3467,
#3468,#3469,#3470,#3471,#3472,#3473,#3474),.UNSPECIFIED.,.F.,.F.,(4,3,3,
3,3,3,3,3,4),(0.138943422002991,0.152454626992944,0.155532116022283,0.169009716059634,
0.182511183823834,0.185669822394352,0.19920814227679,0.212405504532225,
0.215865044482882),.UNSPECIFIED.);
#40=B_SPLINE_CURVE_WITH_KNOTS('',3,(#3476,#3477,#3478,#3479,#3480,#3481,
#3482,#3483,#3484,#3485),.UNSPECIFIED.,.F.,.F.,(4,1,1,1,1,1,1,4),(-2.72065143757652,
-2.36115073940705,-1.99922176495297,-1.63729279049888,-1.27536381604479,
-0.913434841590699,-0.551505867136611,-0.189576892682522),.UNSPECIFIED.);
#41=B_SPLINE_CURVE_WITH_KNOTS('',3,(#3487,#3488,#3489,#3490,#3491,#3492,
#3493,#3494,#3495,#3496,#3497,#3498,#3499,#3500,#3501,#3502),
 .UNSPECIFIED.,.F.,.F.,(4,3,3,3,3,4),(0.,0.0131459486594362,0.0266971715768768,
0.0396435711197381,0.0531487616397673,0.0571035143217172),.UNSPECIFIED.);
#42=B_SPLINE_CURVE_WITH_KNOTS('',3,(#3518,#3519,#3520,#3521,#3522,#3523,
#3524,#3525,#3526,#3527,#3528,#3529,#3530,#3531,#3532,#3533),
 .UNSPECIFIED.,.F.,.F.,(4,3,3,3,3,4),(0.158705253467432,0.17223637968967,
0.185734364889684,0.199252769193976,0.212421628666938,0.215730979829669),
 .UNSPECIFIED.);
#43=B_SPLINE_CURVE_WITH_KNOTS('',3,(#3535,#3536,#3537,#3538,#3539,#3540,
#3541,#3542,#3543,#3544),.UNSPECIFIED.,.F.,.F.,(4,1,1,1,1,1,1,4),(-2.70340280014125,
-2.34147382568475,-1.97954485122826,-1.61761587677176,-1.25568690231527,
-0.893757927858771,-0.531828953402276,-0.172328255384937),.UNSPECIFIED.);
#44=B_SPLINE_CURVE_WITH_KNOTS('',3,(#3546,#3547,#3548,#3549,#3550,#3551,
#3552,#3553,#3554,#3555,#3556,#3557,#3558,#3559,#3560,#3561,#3562,#3563,
#3564),.UNSPECIFIED.,.F.,.F.,(4,3,3,3,3,3,4),(0.,0.0131798330986409,0.0267510631463267,
0.0398373099856501,0.0533677884005434,0.066771769539175,0.0770312080852443),
 .UNSPECIFIED.);
#45=B_SPLINE_CURVE_WITH_KNOTS('',3,(#3574,#3575,#3576,#3577),
 .UNSPECIFIED.,.F.,.F.,(4,4),(-2.26132535575563,0.0120874362693279),
 .UNSPECIFIED.);
#46=B_SPLINE_CURVE_WITH_KNOTS('',3,(#3602,#3603,#3604,#3605),
 .UNSPECIFIED.,.F.,.F.,(4,4),(-2.25485179396249,0.011833378670244),
 .UNSPECIFIED.);
#47=B_SPLINE_CURVE_WITH_KNOTS('',3,(#3607,#3608,#3609,#3610),
 .UNSPECIFIED.,.F.,.F.,(4,4),(-4.5513804697714E-9,2.15410130635728),
 .UNSPECIFIED.);
#48=B_SPLINE_CURVE_WITH_KNOTS('',3,(#3611,#3612,#3613,#3614,#3615,#3616,
#3617,#3618,#3619,#3620,#3621,#3622,#3623,#3624,#3625,#3626,#3627,#3628,
#3629,#3630,#3631,#3632,#3633,#3634,#3635,#3636,#3637,#3638,#3639,#3640,
#3641,#3642,#3643,#3644,#3645,#3646,#3647,#3648,#3649,#3650,#3651,#3652,
#3653,#3654,#3655,#3656,#3657,#3658,#3659,#3660,#3661,#3662,#3663,#3664,
#3665,#3666,#3667,#3668),.UNSPECIFIED.,.F.,.F.,(4,3,3,3,3,3,3,3,3,3,3,3,
3,3,3,3,3,3,3,4),(-0.00061887019365083,0.,0.0179780166780622,0.0363182148871666,
0.0535180636503975,0.0546584130962709,0.0693537922133664,0.0836776406191641,
0.0973983850829901,0.10475003749586,0.116736669564464,0.122901296824493,
0.134485444630194,0.141660981616125,0.153338124050868,0.164494565583946,
0.170286960395399,0.184171823535959,0.197338972221757,0.198056686676518),
 .UNSPECIFIED.);
#49=B_SPLINE_CURVE_WITH_KNOTS('',3,(#3720,#3721,#3722,#3723,#3724,#3725,
#3726,#3727,#3728,#3729),.UNSPECIFIED.,.F.,.F.,(4,1,1,1,1,1,1,4),(0.279818181167442,
0.531828953402276,0.893757927858771,1.25568690231527,1.61761587677176,1.97954485122826,
2.34147382568475,2.61221074730652),.UNSPECIFIED.);
#50=B_SPLINE_CURVE_WITH_KNOTS('',3,(#3730,#3731,#3732,#3733,#3734,#3735,
#3736,#3737,#3738,#3739,#3740,#3741,#3742,#3743,#3744,#3745,#3746,#3747,
#3748,#3749,#3750,#3751,#3752,#3753,#3754,#3755,#3756,#3757,#3758,#3759,
#3760,#3761,#3762,#3763,#3764,#3765,#3766,#3767,#3768,#3769,#3770,#3771,
#3772,#3773,#3774,#3775,#3776,#3777,#3778),.UNSPECIFIED.,.F.,.F.,(4,3,3,
3,3,3,3,3,3,3,3,3,3,3,3,3,4),(-0.167242415200874,-0.166678938750198,-0.150435256777968,
-0.13451272496245,-0.119081214543624,-0.113437785545752,-0.0999284118016065,
-0.0867565735386873,-0.0740676249364785,-0.0662623706556944,-0.0652217334770261,
-0.053050246968516,-0.0414580872477488,-0.0298922209640445,-0.0176121861507881,
-0.00592156387436107,0.),.UNSPECIFIED.);
#51=B_SPLINE_CURVE_WITH_KNOTS('',3,(#3803,#3804,#3805,#3806),
 .UNSPECIFIED.,.F.,.F.,(4,4),(0.0889428986150776,2.27530389098442),
 .UNSPECIFIED.);
#52=B_SPLINE_CURVE_WITH_KNOTS('',3,(#3835,#3836,#3837,#3838),
 .UNSPECIFIED.,.F.,.F.,(4,4),(-2.27699548052033,-0.0103103078875952),
 .UNSPECIFIED.);
#53=B_SPLINE_CURVE_WITH_KNOTS('',3,(#3868,#3869,#3870,#3871),
 .UNSPECIFIED.,.F.,.F.,(4,4),(0.111060795492794,2.26516210640146),
 .UNSPECIFIED.);
#54=B_SPLINE_CURVE_WITH_KNOTS('',3,(#3872,#3873,#3874,#3875,#3876,#3877,
#3878,#3879,#3880,#3881,#3882,#3883,#3884,#3885,#3886,#3887,#3888,#3889,
#3890,#3891,#3892,#3893,#3894,#3895,#3896,#3897,#3898,#3899,#3900,#3901,
#3902,#3903,#3904,#3905,#3906,#3907,#3908,#3909,#3910,#3911,#3912,#3913,
#3914,#3915,#3916,#3917,#3918,#3919,#3920,#3921,#3922,#3923,#3924,#3925,
#3926,#3927,#3928,#3929),.UNSPECIFIED.,.F.,.F.,(4,3,3,3,3,3,3,3,3,3,3,3,
3,3,3,3,3,3,3,4),(0.,0.0130440467592693,0.0267819905159466,0.0275115683226038,
0.0385115863692844,0.0500168601788164,0.0558714339611363,0.0673491838260843,
0.0744567178271304,0.0863356009086039,0.0924392555843605,0.106107950433807,
0.120165310110861,0.134769529295017,0.142065182319613,0.159230442593848,
0.176781564595591,0.194602494484785,0.196215477952405,0.196828596471345),
 .UNSPECIFIED.);
#55=B_SPLINE_CURVE_WITH_KNOTS('',3,(#3954,#3955,#3956,#3957),
 .UNSPECIFIED.,.F.,.F.,(4,4),(-2.28739132725375,-0.0139785352287907),
 .UNSPECIFIED.);
#56=B_SPLINE_CURVE_WITH_KNOTS('',3,(#3959,#3960,#3961,#3962),
 .UNSPECIFIED.,.F.,.F.,(4,4),(-5.75819773807051E-16,2.18636099238128),
 .UNSPECIFIED.);
#57=B_SPLINE_CURVE_WITH_KNOTS('',3,(#3963,#3964,#3965,#3966,#3967,#3968,
#3969,#3970,#3971,#3972,#3973,#3974,#3975,#3976,#3977,#3978,#3979,#3980,
#3981,#3982,#3983,#3984,#3985,#3986,#3987,#3988,#3989,#3990,#3991,#3992,
#3993,#3994,#3995,#3996,#3997,#3998,#3999,#4000,#4001,#4002,#4003,#4004,
#4005,#4006,#4007,#4008,#4009,#4010,#4011),.UNSPECIFIED.,.F.,.F.,(4,3,3,
3,3,3,3,3,3,3,3,3,3,3,3,3,4),(-0.000568494535194333,0.,0.0163759324805692,
0.0324306482240408,0.0479953968095884,0.0537152883322845,0.0673490406965372,
0.0806424599471625,0.0934486556609405,0.10131082441578,0.102360728233289,
0.114640595569058,0.126335685250212,0.138004867099799,0.150392610336417,
0.162186696424405,0.168163292400925),.UNSPECIFIED.);
#58=B_SPLINE_CURVE_WITH_KNOTS('',3,(#4062,#4063,#4064,#4065,#4066,#4067,
#4068,#4069,#4070,#4071),.UNSPECIFIED.,.F.,.F.,(4,1,1,1,1,1,1,4),(0.280742720743704,
0.551505867136611,0.913434841590699,1.27536381604479,1.63729279049888,1.99922176495297,
2.36115073940705,2.6131625656122),.UNSPECIFIED.);
#59=TOROIDAL_SURFACE('',#2123,3.025,0.5);
#60=TOROIDAL_SURFACE('',#2129,3.025,0.5);
#61=SHAPE_REPRESENTATION_RELATIONSHIP('SRR','None',#4258,#64);
#62=SHAPE_REPRESENTATION_RELATIONSHIP('SRR','None',#4259,#65);
#63=SHAPE_REPRESENTATION_RELATIONSHIP('SRR','None',#4260,#66);
#64=ADVANCED_BREP_SHAPE_REPRESENTATION('',(#71),#4237);
#65=ADVANCED_BREP_SHAPE_REPRESENTATION('',(#72),#4238);
#66=ADVANCED_BREP_SHAPE_REPRESENTATION('',(#73),#4239);
#67=STYLED_ITEM('',(#4281),#71);
#68=STYLED_ITEM('',(#4281),#72);
#69=STYLED_ITEM('',(#4282),#73);
#70=STYLED_ITEM('',(#4283),#12);
#71=MANIFOLD_SOLID_BREP('Body1',#1968);
#72=MANIFOLD_SOLID_BREP('Body1',#1969);
#73=MANIFOLD_SOLID_BREP('Body1',#1970);
#74=B_SPLINE_SURFACE_WITH_KNOTS('',3,3,((#2937,#2938,#2939,#2940,#2941,
#2942),(#2943,#2944,#2945,#2946,#2947,#2948),(#2949,#2950,#2951,#2952,#2953,
#2954),(#2955,#2956,#2957,#2958,#2959,#2960),(#2961,#2962,#2963,#2964,#2965,
#2966),(#2967,#2968,#2969,#2970,#2971,#2972)),.UNSPECIFIED.,.F.,.F.,.F.,
(4,1,1,4),(4,1,1,4),(0.,0.285714285714286,0.571428571428571,1.),(-1.5707963267949,
-0.897597901025656,-0.448798950512828,-5.55111512312579E-16),
 .UNSPECIFIED.);
#75=B_SPLINE_SURFACE_WITH_KNOTS('',3,3,((#2983,#2984,#2985,#2986,#2987,
#2988),(#2989,#2990,#2991,#2992,#2993,#2994),(#2995,#2996,#2997,#2998,#2999,
#3000),(#3001,#3002,#3003,#3004,#3005,#3006),(#3007,#3008,#3009,#3010,#3011,
#3012),(#3013,#3014,#3015,#3016,#3017,#3018)),.UNSPECIFIED.,.F.,.F.,.F.,
(4,1,1,4),(4,1,1,4),(0.,0.285714285714286,0.571428571428571,1.),(-1.27363747037216E-16,
0.336599212884621,0.673198425769242,1.5707963267949),.UNSPECIFIED.);
#76=B_SPLINE_SURFACE_WITH_KNOTS('',3,3,((#3578,#3579,#3580,#3581),(#3582,
#3583,#3584,#3585),(#3586,#3587,#3588,#3589),(#3590,#3591,#3592,#3593),
(#3594,#3595,#3596,#3597),(#3598,#3599,#3600,#3601)),.UNSPECIFIED.,.F.,
 .F.,.F.,(4,1,1,4),(4,4),(0.,0.285714285714286,0.571428571428571,1.),(-0.011833378670244,
2.26237676730107),.UNSPECIFIED.);
#77=B_SPLINE_SURFACE_WITH_KNOTS('',3,3,((#3669,#3670,#3671,#3672,#3673,
#3674,#3675,#3676,#3677,#3678),(#3679,#3680,#3681,#3682,#3683,#3684,#3685,
#3686,#3687,#3688),(#3689,#3690,#3691,#3692,#3693,#3694,#3695,#3696,#3697,
#3698),(#3699,#3700,#3701,#3702,#3703,#3704,#3705,#3706,#3707,#3708),(#3709,
#3710,#3711,#3712,#3713,#3714,#3715,#3716,#3717,#3718)),.UNSPECIFIED.,.F.,
 .F.,.F.,(4,1,4),(4,1,1,1,1,1,1,4),(0.,0.571428571428571,1.),(0.16989997894578,
0.531828953402276,0.893757927858771,1.25568690231527,1.61761587677176,1.97954485122826,
2.34147382568475,2.70340280014125),.UNSPECIFIED.);
#78=B_SPLINE_SURFACE_WITH_KNOTS('',3,3,((#3779,#3780,#3781,#3782),(#3783,
#3784,#3785,#3786),(#3787,#3788,#3789,#3790),(#3791,#3792,#3793,#3794),
(#3795,#3796,#3797,#3798),(#3799,#3800,#3801,#3802)),.UNSPECIFIED.,.F.,
 .F.,.F.,(4,1,1,4),(4,4),(0.,0.285714285714286,0.571428571428571,1.),(-0.0120874362693279,
2.27588448412314),.UNSPECIFIED.);
#79=B_SPLINE_SURFACE_WITH_KNOTS('',3,3,((#3843,#3844,#3845,#3846),(#3847,
#3848,#3849,#3850),(#3851,#3852,#3853,#3854),(#3855,#3856,#3857,#3858),
(#3859,#3860,#3861,#3862),(#3863,#3864,#3865,#3866)),.UNSPECIFIED.,.F.,
 .F.,.F.,(4,1,1,4),(4,4),(0.,0.285714285714286,0.571428571428571,1.),(0.00278533456316034,
2.27699548052033),.UNSPECIFIED.);
#80=B_SPLINE_SURFACE_WITH_KNOTS('',3,3,((#3930,#3931,#3932,#3933),(#3934,
#3935,#3936,#3937),(#3938,#3939,#3940,#3941),(#3942,#3943,#3944,#3945),
(#3946,#3947,#3948,#3949),(#3950,#3951,#3952,#3953)),.UNSPECIFIED.,.F.,
 .F.,.F.,(4,1,1,4),(4,4),(0.,0.285714285714286,0.571428571428571,1.),(-0.000536139660856239,
2.28739132725375),.UNSPECIFIED.);
#81=B_SPLINE_SURFACE_WITH_KNOTS('',3,3,((#4012,#4013,#4014,#4015,#4016,
#4017,#4018,#4019,#4020,#4021),(#4022,#4023,#4024,#4025,#4026,#4027,#4028,
#4029,#4030,#4031),(#4032,#4033,#4034,#4035,#4036,#4037,#4038,#4039,#4040,
#4041),(#4042,#4043,#4044,#4045,#4046,#4047,#4048,#4049,#4050,#4051),(#4052,
#4053,#4054,#4055,#4056,#4057,#4058,#4059,#4060,#4061)),.UNSPECIFIED.,.F.,
 .F.,.F.,(4,1,4),(4,1,1,1,1,1,1,4),(0.,0.571428571428571,1.),(0.189576892682522,
0.551505867136611,0.913434841590699,1.27536381604479,1.63729279049888,1.99922176495297,
2.36115073940705,2.72307971386114),.UNSPECIFIED.);
#82=B_SPLINE_SURFACE_WITH_KNOTS('',3,3,((#4072,#4073,#4074,#4075),(#4076,
#4077,#4078,#4079),(#4080,#4081,#4082,#4083),(#4084,#4085,#4086,#4087),
(#4088,#4089,#4090,#4091),(#4092,#4093,#4094,#4095),(#4096,#4097,#4098,
#4099),(#4100,#4101,#4102,#4103),(#4104,#4105,#4106,#4107),(#4108,#4109,
#4110,#4111)),.UNSPECIFIED.,.F.,.F.,.F.,(4,1,1,1,1,1,1,4),(4,4),(0.0899913688140305,
0.207141723663437,0.324292078512844,0.441442433362251,0.558592788211658,
0.675743143061065,0.792893497910472,0.910043852759879),(0.0355267695128336,
1.),.UNSPECIFIED.);
#83=B_SPLINE_SURFACE_WITH_KNOTS('',3,3,((#4158,#4159,#4160,#4161),(#4162,
#4163,#4164,#4165),(#4166,#4167,#4168,#4169),(#4170,#4171,#4172,#4173),
(#4174,#4175,#4176,#4177),(#4178,#4179,#4180,#4181),(#4182,#4183,#4184,
#4185),(#4186,#4187,#4188,#4189),(#4190,#4191,#4192,#4193),(#4194,#4195,
#4196,#4197)),.UNSPECIFIED.,.F.,.F.,.F.,(4,1,1,1,1,1,1,4),(4,4),(0.0899561472401202,
0.207106502089527,0.324256856938934,0.441407211788341,0.558557566637748,
0.675707921487156,0.792858276336563,0.91000863118597),(0.0355267695128336,
1.),.UNSPECIFIED.);
#84=ELLIPSE('',#2047,2.44154917752291,2.);
#85=ELLIPSE('',#2054,2.11903057943148,2.);
#86=ELLIPSE('',#2056,1.22077458876146,0.999999999999999);
#87=ELLIPSE('',#2059,1.22077458876146,1.);
#88=ELLIPSE('',#2061,2.11903057943148,2.);
#89=ELLIPSE('',#2065,2.44154917752291,2.);
#90=ELLIPSE('',#2151,1.4142135623731,1.);
#91=ELLIPSE('',#2153,1.4142135623731,1.);
#92=ELLIPSE('',#2157,4.18427230949064,2.4);
#93=ELLIPSE('',#2176,4.18427230949066,2.4);
#94=ELLIPSE('',#2177,4.18427230949066,2.4);
#95=CYLINDRICAL_SURFACE('',#2011,1.);
#96=CYLINDRICAL_SURFACE('',#2023,1.);
#97=CYLINDRICAL_SURFACE('',#2026,1.);
#98=CYLINDRICAL_SURFACE('',#2029,1.);
#99=CYLINDRICAL_SURFACE('',#2036,5.);
#100=CYLINDRICAL_SURFACE('',#2043,5.);
#101=CYLINDRICAL_SURFACE('',#2051,2.);
#102=CYLINDRICAL_SURFACE('',#2052,2.);
#103=CYLINDRICAL_SURFACE('',#2058,1.);
#104=CYLINDRICAL_SURFACE('',#2063,1.);
#105=CYLINDRICAL_SURFACE('',#2064,2.);
#106=CYLINDRICAL_SURFACE('',#2066,1.);
#107=CYLINDRICAL_SURFACE('',#2067,2.);
#108=CYLINDRICAL_SURFACE('',#2071,1.5);
#109=CYLINDRICAL_SURFACE('',#2073,1.5);
#110=CYLINDRICAL_SURFACE('',#2075,1.5);
#111=CYLINDRICAL_SURFACE('',#2078,1.5);
#112=CYLINDRICAL_SURFACE('',#2080,2.4);
#113=CYLINDRICAL_SURFACE('',#2086,5.);
#114=CYLINDRICAL_SURFACE('',#2090,5.00000060498718);
#115=CYLINDRICAL_SURFACE('',#2094,2.65);
#116=CYLINDRICAL_SURFACE('',#2096,2.65);
#117=CYLINDRICAL_SURFACE('',#2100,0.5);
#118=CYLINDRICAL_SURFACE('',#2116,0.5);
#119=CYLINDRICAL_SURFACE('',#2118,0.5);
#120=CYLINDRICAL_SURFACE('',#2121,0.5);
#121=CYLINDRICAL_SURFACE('',#2127,2.525);
#122=CYLINDRICAL_SURFACE('',#2133,2.525);
#123=CYLINDRICAL_SURFACE('',#2135,2.);
#124=CYLINDRICAL_SURFACE('',#2139,2.);
#125=CYLINDRICAL_SURFACE('',#2141,2.);
#126=CYLINDRICAL_SURFACE('',#2146,2.);
#127=CYLINDRICAL_SURFACE('',#2149,1.);
#128=CYLINDRICAL_SURFACE('',#2152,1.);
#129=CYLINDRICAL_SURFACE('',#2155,1.);
#130=CYLINDRICAL_SURFACE('',#2161,3.2);
#131=CYLINDRICAL_SURFACE('',#2167,3.2);
#132=CYLINDRICAL_SURFACE('',#2175,2.4);
#133=CYLINDRICAL_SURFACE('',#2181,2.4);
#134=CYLINDRICAL_SURFACE('',#2185,1.5);
#135=CYLINDRICAL_SURFACE('',#2196,2.5);
#136=FACE_BOUND('',#354,.T.);
#137=FACE_BOUND('',#359,.T.);
#138=FACE_BOUND('',#360,.T.);
#139=FACE_BOUND('',#367,.T.);
#140=FACE_BOUND('',#370,.T.);
#141=FACE_BOUND('',#373,.T.);
#142=FACE_BOUND('',#398,.T.);
#143=FACE_BOUND('',#402,.T.);
#144=FACE_BOUND('',#405,.T.);
#145=FACE_BOUND('',#409,.T.);
#146=FACE_BOUND('',#410,.T.);
#147=FACE_BOUND('',#413,.T.);
#148=FACE_BOUND('',#414,.T.);
#149=FACE_BOUND('',#415,.T.);
#150=FACE_BOUND('',#416,.T.);
#151=FACE_BOUND('',#428,.T.);
#152=FACE_BOUND('',#434,.T.);
#153=FACE_BOUND('',#442,.T.);
#154=FACE_BOUND('',#444,.T.);
#155=FACE_BOUND('',#445,.T.);
#156=FACE_BOUND('',#467,.T.);
#157=FACE_BOUND('',#471,.T.);
#158=FACE_BOUND('',#473,.T.);
#159=CIRCLE('',#2009,2.4);
#160=CIRCLE('',#2012,1.);
#161=CIRCLE('',#2013,1.);
#162=CIRCLE('',#2016,1.);
#163=CIRCLE('',#2017,1.);
#164=CIRCLE('',#2018,1.);
#165=CIRCLE('',#2019,1.);
#166=CIRCLE('',#2020,1.);
#167=CIRCLE('',#2021,5.00000060498718);
#168=CIRCLE('',#2022,5.);
#169=CIRCLE('',#2024,1.);
#170=CIRCLE('',#2027,1.);
#171=CIRCLE('',#2030,1.);
#172=CIRCLE('',#2032,2.);
#173=CIRCLE('',#2033,5.);
#174=CIRCLE('',#2034,1.5);
#175=CIRCLE('',#2035,1.5);
#176=CIRCLE('',#2037,5.);
#177=CIRCLE('',#2038,5.);
#178=CIRCLE('',#2040,2.);
#179=CIRCLE('',#2041,1.5);
#180=CIRCLE('',#2042,1.5);
#181=CIRCLE('',#2044,5.);
#182=CIRCLE('',#2046,2.);
#183=CIRCLE('',#2048,1.5);
#184=CIRCLE('',#2049,1.5);
#185=CIRCLE('',#2053,2.);
#186=CIRCLE('',#2055,1.);
#187=CIRCLE('',#2057,1.);
#188=CIRCLE('',#2060,0.999999999999999);
#189=CIRCLE('',#2062,1.);
#190=CIRCLE('',#2076,1.5);
#191=CIRCLE('',#2079,1.5);
#192=CIRCLE('',#2081,2.4);
#193=CIRCLE('',#2087,5.);
#194=CIRCLE('',#2089,2.65);
#195=CIRCLE('',#2091,5.00000060498718);
#196=CIRCLE('',#2093,2.65);
#197=CIRCLE('',#2095,2.65);
#198=CIRCLE('',#2097,2.65);
#199=CIRCLE('',#2101,0.5);
#200=CIRCLE('',#2102,0.5);
#201=CIRCLE('',#2104,0.5);
#202=CIRCLE('',#2105,0.5);
#203=CIRCLE('',#2106,0.5);
#204=CIRCLE('',#2107,2.);
#205=CIRCLE('',#2108,2.);
#206=CIRCLE('',#2109,2.);
#207=CIRCLE('',#2110,2.);
#208=CIRCLE('',#2111,3.025);
#209=CIRCLE('',#2112,3.2);
#210=CIRCLE('',#2113,3.2);
#211=CIRCLE('',#2114,3.025);
#212=CIRCLE('',#2117,0.5);
#213=CIRCLE('',#2119,0.5);
#214=CIRCLE('',#2122,0.5);
#215=CIRCLE('',#2124,0.5);
#216=CIRCLE('',#2125,2.525);
#217=CIRCLE('',#2126,2.525);
#218=CIRCLE('',#2128,2.525);
#219=CIRCLE('',#2130,0.5);
#220=CIRCLE('',#2131,2.525);
#221=CIRCLE('',#2132,2.525);
#222=CIRCLE('',#2134,2.525);
#223=CIRCLE('',#2136,2.);
#224=CIRCLE('',#2138,1.5);
#225=CIRCLE('',#2140,2.);
#226=CIRCLE('',#2142,2.);
#227=CIRCLE('',#2144,1.);
#228=CIRCLE('',#2145,1.);
#229=CIRCLE('',#2147,2.);
#230=CIRCLE('',#2150,1.);
#231=CIRCLE('',#2154,1.);
#232=CIRCLE('',#2159,2.4);
#233=CIRCLE('',#2160,2.4);
#234=CIRCLE('',#2162,3.2);
#235=CIRCLE('',#2168,3.2);
#236=CIRCLE('',#2174,2.4);
#237=CIRCLE('',#2179,2.4);
#238=CIRCLE('',#2180,2.4);
#239=CIRCLE('',#2183,3.5);
#240=CIRCLE('',#2184,1.5);
#241=CIRCLE('',#2194,2.5);
#242=CIRCLE('',#2195,2.2856406460551);
#243=CIRCLE('',#2197,2.5);
#244=CIRCLE('',#2198,2.5);
#245=CIRCLE('',#2200,2.2856406460551);
#246=FACE_OUTER_BOUND('',#352,.T.);
#247=FACE_OUTER_BOUND('',#353,.T.);
#248=FACE_OUTER_BOUND('',#355,.T.);
#249=FACE_OUTER_BOUND('',#356,.T.);
#250=FACE_OUTER_BOUND('',#357,.T.);
#251=FACE_OUTER_BOUND('',#358,.T.);
#252=FACE_OUTER_BOUND('',#361,.T.);
#253=FACE_OUTER_BOUND('',#362,.T.);
#254=FACE_OUTER_BOUND('',#363,.T.);
#255=FACE_OUTER_BOUND('',#364,.T.);
#256=FACE_OUTER_BOUND('',#365,.T.);
#257=FACE_OUTER_BOUND('',#366,.T.);
#258=FACE_OUTER_BOUND('',#368,.T.);
#259=FACE_OUTER_BOUND('',#369,.T.);
#260=FACE_OUTER_BOUND('',#371,.T.);
#261=FACE_OUTER_BOUND('',#372,.T.);
#262=FACE_OUTER_BOUND('',#374,.T.);
#263=FACE_OUTER_BOUND('',#375,.T.);
#264=FACE_OUTER_BOUND('',#376,.T.);
#265=FACE_OUTER_BOUND('',#377,.T.);
#266=FACE_OUTER_BOUND('',#378,.T.);
#267=FACE_OUTER_BOUND('',#379,.T.);
#268=FACE_OUTER_BOUND('',#380,.T.);
#269=FACE_OUTER_BOUND('',#381,.T.);
#270=FACE_OUTER_BOUND('',#382,.T.);
#271=FACE_OUTER_BOUND('',#383,.T.);
#272=FACE_OUTER_BOUND('',#384,.T.);
#273=FACE_OUTER_BOUND('',#385,.T.);
#274=FACE_OUTER_BOUND('',#386,.T.);
#275=FACE_OUTER_BOUND('',#387,.T.);
#276=FACE_OUTER_BOUND('',#388,.T.);
#277=FACE_OUTER_BOUND('',#389,.T.);
#278=FACE_OUTER_BOUND('',#390,.T.);
#279=FACE_OUTER_BOUND('',#391,.T.);
#280=FACE_OUTER_BOUND('',#392,.T.);
#281=FACE_OUTER_BOUND('',#393,.T.);
#282=FACE_OUTER_BOUND('',#394,.T.);
#283=FACE_OUTER_BOUND('',#395,.T.);
#284=FACE_OUTER_BOUND('',#396,.T.);
#285=FACE_OUTER_BOUND('',#397,.T.);
#286=FACE_OUTER_BOUND('',#399,.T.);
#287=FACE_OUTER_BOUND('',#400,.T.);
#288=FACE_OUTER_BOUND('',#401,.T.);
#289=FACE_OUTER_BOUND('',#403,.T.);
#290=FACE_OUTER_BOUND('',#404,.T.);
#291=FACE_OUTER_BOUND('',#406,.T.);
#292=FACE_OUTER_BOUND('',#407,.T.);
#293=FACE_OUTER_BOUND('',#408,.T.);
#294=FACE_OUTER_BOUND('',#411,.T.);
#295=FACE_OUTER_BOUND('',#412,.T.);
#296=FACE_OUTER_BOUND('',#417,.T.);
#297=FACE_OUTER_BOUND('',#418,.T.);
#298=FACE_OUTER_BOUND('',#419,.T.);
#299=FACE_OUTER_BOUND('',#420,.T.);
#300=FACE_OUTER_BOUND('',#421,.T.);
#301=FACE_OUTER_BOUND('',#422,.T.);
#302=FACE_OUTER_BOUND('',#423,.T.);
#303=FACE_OUTER_BOUND('',#424,.T.);
#304=FACE_OUTER_BOUND('',#425,.T.);
#305=FACE_OUTER_BOUND('',#426,.T.);
#306=FACE_OUTER_BOUND('',#427,.T.);
#307=FACE_OUTER_BOUND('',#429,.T.);
#308=FACE_OUTER_BOUND('',#430,.T.);
#309=FACE_OUTER_BOUND('',#431,.T.);
#310=FACE_OUTER_BOUND('',#432,.T.);
#311=FACE_OUTER_BOUND('',#433,.T.);
#312=FACE_OUTER_BOUND('',#435,.T.);
#313=FACE_OUTER_BOUND('',#436,.T.);
#314=FACE_OUTER_BOUND('',#437,.T.);
#315=FACE_OUTER_BOUND('',#438,.T.);
#316=FACE_OUTER_BOUND('',#439,.T.);
#317=FACE_OUTER_BOUND('',#440,.T.);
#318=FACE_OUTER_BOUND('',#441,.T.);
#319=FACE_OUTER_BOUND('',#443,.T.);
#320=FACE_OUTER_BOUND('',#446,.T.);
#321=FACE_OUTER_BOUND('',#447,.T.);
#322=FACE_OUTER_BOUND('',#448,.T.);
#323=FACE_OUTER_BOUND('',#449,.T.);
#324=FACE_OUTER_BOUND('',#450,.T.);
#325=FACE_OUTER_BOUND('',#451,.T.);
#326=FACE_OUTER_BOUND('',#452,.T.);
#327=FACE_OUTER_BOUND('',#453,.T.);
#328=FACE_OUTER_BOUND('',#454,.T.);
#329=FACE_OUTER_BOUND('',#455,.T.);
#330=FACE_OUTER_BOUND('',#456,.T.);
#331=FACE_OUTER_BOUND('',#457,.T.);
#332=FACE_OUTER_BOUND('',#458,.T.);
#333=FACE_OUTER_BOUND('',#459,.T.);
#334=FACE_OUTER_BOUND('',#460,.T.);
#335=FACE_OUTER_BOUND('',#461,.T.);
#336=FACE_OUTER_BOUND('',#462,.T.);
#337=FACE_OUTER_BOUND('',#463,.T.);
#338=FACE_OUTER_BOUND('',#464,.T.);
#339=FACE_OUTER_BOUND('',#465,.T.);
#340=FACE_OUTER_BOUND('',#466,.T.);
#341=FACE_OUTER_BOUND('',#468,.T.);
#342=FACE_OUTER_BOUND('',#469,.T.);
#343=FACE_OUTER_BOUND('',#470,.T.);
#344=FACE_OUTER_BOUND('',#472,.T.);
#345=FACE_OUTER_BOUND('',#474,.T.);
#346=FACE_OUTER_BOUND('',#475,.T.);
#347=FACE_OUTER_BOUND('',#476,.T.);
#348=FACE_OUTER_BOUND('',#477,.T.);
#349=FACE_OUTER_BOUND('',#478,.T.);
#350=FACE_OUTER_BOUND('',#479,.T.);
#351=FACE_OUTER_BOUND('',#480,.T.);
#352=EDGE_LOOP('',(#1254,#1255,#1256,#1257));
#353=EDGE_LOOP('',(#1258,#1259,#1260,#1261,#1262,#1263,#1264,#1265,#1266,
#1267,#1268));
#354=EDGE_LOOP('',(#1269));
#355=EDGE_LOOP('',(#1270,#1271,#1272,#1273));
#356=EDGE_LOOP('',(#1274,#1275,#1276,#1277));
#357=EDGE_LOOP('',(#1278,#1279,#1280,#1281));
#358=EDGE_LOOP('',(#1282,#1283,#1284,#1285,#1286,#1287,#1288,#1289,#1290,
#1291,#1292,#1293,#1294,#1295,#1296,#1297,#1298,#1299));
#359=EDGE_LOOP('',(#1300));
#360=EDGE_LOOP('',(#1301));
#361=EDGE_LOOP('',(#1302,#1303,#1304,#1305));
#362=EDGE_LOOP('',(#1306,#1307,#1308,#1309));
#363=EDGE_LOOP('',(#1310,#1311,#1312,#1313));
#364=EDGE_LOOP('',(#1314,#1315,#1316,#1317));
#365=EDGE_LOOP('',(#1318,#1319,#1320,#1321));
#366=EDGE_LOOP('',(#1322,#1323,#1324,#1325,#1326,#1327,#1328,#1329));
#367=EDGE_LOOP('',(#1330,#1331,#1332,#1333));
#368=EDGE_LOOP('',(#1334,#1335,#1336,#1337));
#369=EDGE_LOOP('',(#1338,#1339,#1340,#1341,#1342,#1343,#1344,#1345));
#370=EDGE_LOOP('',(#1346,#1347,#1348,#1349));
#371=EDGE_LOOP('',(#1350,#1351,#1352,#1353));
#372=EDGE_LOOP('',(#1354,#1355,#1356,#1357,#1358,#1359,#1360));
#373=EDGE_LOOP('',(#1361,#1362,#1363,#1364));
#374=EDGE_LOOP('',(#1365,#1366,#1367,#1368));
#375=EDGE_LOOP('',(#1369,#1370,#1371,#1372));
#376=EDGE_LOOP('',(#1373,#1374,#1375,#1376));
#377=EDGE_LOOP('',(#1377,#1378,#1379,#1380));
#378=EDGE_LOOP('',(#1381,#1382,#1383,#1384));
#379=EDGE_LOOP('',(#1385,#1386,#1387,#1388));
#380=EDGE_LOOP('',(#1389,#1390,#1391,#1392));
#381=EDGE_LOOP('',(#1393,#1394,#1395,#1396));
#382=EDGE_LOOP('',(#1397,#1398,#1399,#1400));
#383=EDGE_LOOP('',(#1401,#1402,#1403,#1404));
#384=EDGE_LOOP('',(#1405,#1406,#1407,#1408,#1409,#1410));
#385=EDGE_LOOP('',(#1411,#1412,#1413,#1414));
#386=EDGE_LOOP('',(#1415,#1416,#1417,#1418));
#387=EDGE_LOOP('',(#1419,#1420,#1421,#1422));
#388=EDGE_LOOP('',(#1423,#1424,#1425,#1426));
#389=EDGE_LOOP('',(#1427,#1428,#1429,#1430));
#390=EDGE_LOOP('',(#1431,#1432,#1433,#1434));
#391=EDGE_LOOP('',(#1435,#1436,#1437,#1438));
#392=EDGE_LOOP('',(#1439,#1440,#1441,#1442));
#393=EDGE_LOOP('',(#1443,#1444,#1445,#1446));
#394=EDGE_LOOP('',(#1447,#1448,#1449,#1450));
#395=EDGE_LOOP('',(#1451));
#396=EDGE_LOOP('',(#1452,#1453,#1454,#1455));
#397=EDGE_LOOP('',(#1456,#1457,#1458,#1459,#1460,#1461,#1462));
#398=EDGE_LOOP('',(#1463,#1464,#1465,#1466));
#399=EDGE_LOOP('',(#1467,#1468,#1469,#1470));
#400=EDGE_LOOP('',(#1471,#1472,#1473,#1474));
#401=EDGE_LOOP('',(#1475));
#402=EDGE_LOOP('',(#1476));
#403=EDGE_LOOP('',(#1477,#1478,#1479,#1480));
#404=EDGE_LOOP('',(#1481));
#405=EDGE_LOOP('',(#1482));
#406=EDGE_LOOP('',(#1483,#1484,#1485,#1486));
#407=EDGE_LOOP('',(#1487,#1488,#1489,#1490));
#408=EDGE_LOOP('',(#1491,#1492,#1493,#1494,#1495,#1496,#1497,#1498,#1499,
#1500,#1501));
#409=EDGE_LOOP('',(#1502));
#410=EDGE_LOOP('',(#1503));
#411=EDGE_LOOP('',(#1504,#1505,#1506,#1507));
#412=EDGE_LOOP('',(#1508,#1509,#1510,#1511,#1512,#1513,#1514,#1515,#1516,
#1517,#1518,#1519,#1520,#1521,#1522,#1523,#1524,#1525,#1526,#1527));
#413=EDGE_LOOP('',(#1528));
#414=EDGE_LOOP('',(#1529));
#415=EDGE_LOOP('',(#1530));
#416=EDGE_LOOP('',(#1531));
#417=EDGE_LOOP('',(#1532,#1533,#1534,#1535));
#418=EDGE_LOOP('',(#1536,#1537,#1538,#1539));
#419=EDGE_LOOP('',(#1540,#1541,#1542,#1543));
#420=EDGE_LOOP('',(#1544,#1545,#1546,#1547));
#421=EDGE_LOOP('',(#1548,#1549,#1550,#1551));
#422=EDGE_LOOP('',(#1552,#1553,#1554,#1555,#1556));
#423=EDGE_LOOP('',(#1557,#1558,#1559,#1560,#1561));
#424=EDGE_LOOP('',(#1562,#1563,#1564,#1565,#1566));
#425=EDGE_LOOP('',(#1567,#1568,#1569,#1570,#1571));
#426=EDGE_LOOP('',(#1572,#1573,#1574,#1575));
#427=EDGE_LOOP('',(#1576,#1577,#1578,#1579,#1580,#1581,#1582,#1583,#1584,
#1585,#1586,#1587,#1588,#1589,#1590,#1591,#1592,#1593,#1594,#1595));
#428=EDGE_LOOP('',(#1596));
#429=EDGE_LOOP('',(#1597,#1598,#1599,#1600));
#430=EDGE_LOOP('',(#1601,#1602,#1603,#1604));
#431=EDGE_LOOP('',(#1605,#1606,#1607,#1608,#1609,#1610,#1611,#1612,#1613,
#1614,#1615,#1616,#1617,#1618,#1619,#1620,#1621,#1622));
#432=EDGE_LOOP('',(#1623,#1624,#1625,#1626));
#433=EDGE_LOOP('',(#1627,#1628,#1629,#1630,#1631,#1632));
#434=EDGE_LOOP('',(#1633));
#435=EDGE_LOOP('',(#1634,#1635,#1636,#1637,#1638));
#436=EDGE_LOOP('',(#1639,#1640,#1641,#1642));
#437=EDGE_LOOP('',(#1643,#1644,#1645,#1646,#1647));
#438=EDGE_LOOP('',(#1648,#1649,#1650,#1651,#1652));
#439=EDGE_LOOP('',(#1653,#1654,#1655,#1656,#1657));
#440=EDGE_LOOP('',(#1658,#1659,#1660,#1661));
#441=EDGE_LOOP('',(#1662,#1663,#1664,#1665));
#442=EDGE_LOOP('',(#1666,#1667));
#443=EDGE_LOOP('',(#1668,#1669,#1670,#1671,#1672,#1673,#1674,#1675));
#444=EDGE_LOOP('',(#1676));
#445=EDGE_LOOP('',(#1677));
#446=EDGE_LOOP('',(#1678,#1679,#1680,#1681,#1682));
#447=EDGE_LOOP('',(#1683,#1684,#1685,#1686,#1687));
#448=EDGE_LOOP('',(#1688,#1689,#1690,#1691));
#449=EDGE_LOOP('',(#1692,#1693,#1694,#1695));
#450=EDGE_LOOP('',(#1696,#1697,#1698,#1699));
#451=EDGE_LOOP('',(#1700));
#452=EDGE_LOOP('',(#1701,#1702,#1703,#1704));
#453=EDGE_LOOP('',(#1705,#1706,#1707,#1708));
#454=EDGE_LOOP('',(#1709,#1710,#1711,#1712,#1713,#1714));
#455=EDGE_LOOP('',(#1715,#1716,#1717,#1718));
#456=EDGE_LOOP('',(#1719));
#457=EDGE_LOOP('',(#1720,#1721,#1722,#1723));
#458=EDGE_LOOP('',(#1724,#1725,#1726,#1727));
#459=EDGE_LOOP('',(#1728,#1729,#1730,#1731,#1732,#1733));
#460=EDGE_LOOP('',(#1734,#1735));
#461=EDGE_LOOP('',(#1736,#1737,#1738,#1739,#1740,#1741));
#462=EDGE_LOOP('',(#1742,#1743,#1744));
#463=EDGE_LOOP('',(#1745,#1746,#1747,#1748,#1749,#1750));
#464=EDGE_LOOP('',(#1751,#1752,#1753,#1754));
#465=EDGE_LOOP('',(#1755,#1756,#1757,#1758));
#466=EDGE_LOOP('',(#1759,#1760,#1761,#1762,#1763,#1764));
#467=EDGE_LOOP('',(#1765));
#468=EDGE_LOOP('',(#1766,#1767,#1768,#1769));
#469=EDGE_LOOP('',(#1770,#1771,#1772,#1773));
#470=EDGE_LOOP('',(#1774,#1775,#1776,#1777));
#471=EDGE_LOOP('',(#1778,#1779,#1780));
#472=EDGE_LOOP('',(#1781,#1782,#1783,#1784,#1785,#1786));
#473=EDGE_LOOP('',(#1787));
#474=EDGE_LOOP('',(#1788,#1789,#1790,#1791));
#475=EDGE_LOOP('',(#1792,#1793,#1794,#1795));
#476=EDGE_LOOP('',(#1796,#1797,#1798,#1799));
#477=EDGE_LOOP('',(#1800,#1801,#1802,#1803,#1804));
#478=EDGE_LOOP('',(#1805,#1806,#1807,#1808,#1809));
#479=EDGE_LOOP('',(#1810));
#480=EDGE_LOOP('',(#1811));
#481=LINE('',#2774,#636);
#482=LINE('',#2776,#637);
#483=LINE('',#2778,#638);
#484=LINE('',#2779,#639);
#485=LINE('',#2782,#640);
#486=LINE('',#2784,#641);
#487=LINE('',#2786,#642);
#488=LINE('',#2788,#643);
#489=LINE('',#2790,#644);
#490=LINE('',#2792,#645);
#491=LINE('',#2794,#646);
#492=LINE('',#2796,#647);
#493=LINE('',#2798,#648);
#494=LINE('',#2799,#649);
#495=LINE('',#2804,#650);
#496=LINE('',#2805,#651);
#497=LINE('',#2811,#652);
#498=LINE('',#2814,#653);
#499=LINE('',#2817,#654);
#500=LINE('',#2819,#655);
#501=LINE('',#2820,#656);
#502=LINE('',#2823,#657);
#503=LINE('',#2825,#658);
#504=LINE('',#2827,#659);
#505=LINE('',#2829,#660);
#506=LINE('',#2833,#661);
#507=LINE('',#2837,#662);
#508=LINE('',#2839,#663);
#509=LINE('',#2841,#664);
#510=LINE('',#2843,#665);
#511=LINE('',#2847,#666);
#512=LINE('',#2851,#667);
#513=LINE('',#2859,#668);
#514=LINE('',#2863,#669);
#515=LINE('',#2864,#670);
#516=LINE('',#2867,#671);
#517=LINE('',#2871,#672);
#518=LINE('',#2872,#673);
#519=LINE('',#2875,#674);
#520=LINE('',#2881,#675);
#521=LINE('',#2883,#676);
#522=LINE('',#2886,#677);
#523=LINE('',#2890,#678);
#524=LINE('',#2897,#679);
#525=LINE('',#2899,#680);
#526=LINE('',#2901,#681);
#527=LINE('',#2905,#682);
#528=LINE('',#2909,#683);
#529=LINE('',#2914,#684);
#530=LINE('',#2917,#685);
#531=LINE('',#2920,#686);
#532=LINE('',#2924,#687);
#533=LINE('',#2928,#688);
#534=LINE('',#2931,#689);
#535=LINE('',#2936,#690);
#536=LINE('',#2981,#691);
#537=LINE('',#2982,#692);
#538=LINE('',#3027,#693);
#539=LINE('',#3028,#694);
#540=LINE('',#3032,#695);
#541=LINE('',#3034,#696);
#542=LINE('',#3036,#697);
#543=LINE('',#3040,#698);
#544=LINE('',#3041,#699);
#545=LINE('',#3043,#700);
#546=LINE('',#3045,#701);
#547=LINE('',#3050,#702);
#548=LINE('',#3051,#703);
#549=LINE('',#3052,#704);
#550=LINE('',#3056,#705);
#551=LINE('',#3059,#706);
#552=LINE('',#3060,#707);
#553=LINE('',#3065,#708);
#554=LINE('',#3069,#709);
#555=LINE('',#3071,#710);
#556=LINE('',#3075,#711);
#557=LINE('',#3082,#712);
#558=LINE('',#3089,#713);
#559=LINE('',#3093,#714);
#560=LINE('',#3102,#715);
#561=LINE('',#3105,#716);
#562=LINE('',#3108,#717);
#563=LINE('',#3112,#718);
#564=LINE('',#3114,#719);
#565=LINE('',#3116,#720);
#566=LINE('',#3120,#721);
#567=LINE('',#3124,#722);
#568=LINE('',#3126,#723);
#569=LINE('',#3130,#724);
#570=LINE('',#3134,#725);
#571=LINE('',#3138,#726);
#572=LINE('',#3142,#727);
#573=LINE('',#3143,#728);
#574=LINE('',#3154,#729);
#575=LINE('',#3155,#730);
#576=LINE('',#3159,#731);
#577=LINE('',#3164,#732);
#578=LINE('',#3165,#733);
#579=LINE('',#3168,#734);
#580=LINE('',#3169,#735);
#581=LINE('',#3173,#736);
#582=LINE('',#3182,#737);
#583=LINE('',#3192,#738);
#584=LINE('',#3198,#739);
#585=LINE('',#3199,#740);
#586=LINE('',#3202,#741);
#587=LINE('',#3312,#742);
#588=LINE('',#3422,#743);
#589=LINE('',#3423,#744);
#590=LINE('',#3425,#745);
#591=LINE('',#3427,#746);
#592=LINE('',#3428,#747);
#593=LINE('',#3430,#748);
#594=LINE('',#3432,#749);
#595=LINE('',#3433,#750);
#596=LINE('',#3439,#751);
#597=LINE('',#3442,#752);
#598=LINE('',#3445,#753);
#599=LINE('',#3448,#754);
#600=LINE('',#3504,#755);
#601=LINE('',#3508,#756);
#602=LINE('',#3510,#757);
#603=LINE('',#3512,#758);
#604=LINE('',#3516,#759);
#605=LINE('',#3566,#760);
#606=LINE('',#3567,#761);
#607=LINE('',#3571,#762);
#608=LINE('',#3573,#763);
#609=LINE('',#3809,#764);
#610=LINE('',#3811,#765);
#611=LINE('',#3817,#766);
#612=LINE('',#3819,#767);
#613=LINE('',#3824,#768);
#614=LINE('',#3825,#769);
#615=LINE('',#3828,#770);
#616=LINE('',#3829,#771);
#617=LINE('',#3833,#772);
#618=LINE('',#4114,#773);
#619=LINE('',#4118,#774);
#620=LINE('',#4120,#775);
#621=LINE('',#4124,#776);
#622=LINE('',#4128,#777);
#623=LINE('',#4130,#778);
#624=LINE('',#4135,#779);
#625=LINE('',#4139,#780);
#626=LINE('',#4147,#781);
#627=LINE('',#4152,#782);
#628=LINE('',#4155,#783);
#629=LINE('',#4157,#784);
#630=LINE('',#4200,#785);
#631=LINE('',#4201,#786);
#632=LINE('',#4203,#787);
#633=LINE('',#4212,#788);
#634=LINE('',#4219,#789);
#635=LINE('',#4222,#790);
#636=VECTOR('',#2214,10.);
#637=VECTOR('',#2215,10.);
#638=VECTOR('',#2216,10.);
#639=VECTOR('',#2217,10.);
#640=VECTOR('',#2220,10.);
#641=VECTOR('',#2221,10.);
#642=VECTOR('',#2222,10.);
#643=VECTOR('',#2223,10.);
#644=VECTOR('',#2224,10.);
#645=VECTOR('',#2225,10.);
#646=VECTOR('',#2226,10.);
#647=VECTOR('',#2227,10.);
#648=VECTOR('',#2228,10.);
#649=VECTOR('',#2229,10.);
#650=VECTOR('',#2234,10.);
#651=VECTOR('',#2235,10.);
#652=VECTOR('',#2240,10.);
#653=VECTOR('',#2243,10.);
#654=VECTOR('',#2246,10.);
#655=VECTOR('',#2247,10.);
#656=VECTOR('',#2248,10.);
#657=VECTOR('',#2251,10.);
#658=VECTOR('',#2252,10.);
#659=VECTOR('',#2253,10.);
#660=VECTOR('',#2254,10.);
#661=VECTOR('',#2257,10.);
#662=VECTOR('',#2260,10.);
#663=VECTOR('',#2261,10.);
#664=VECTOR('',#2262,10.);
#665=VECTOR('',#2263,10.);
#666=VECTOR('',#2266,10.);
#667=VECTOR('',#2269,10.);
#668=VECTOR('',#2278,10.);
#669=VECTOR('',#2283,10.);
#670=VECTOR('',#2284,10.);
#671=VECTOR('',#2287,10.);
#672=VECTOR('',#2292,10.);
#673=VECTOR('',#2293,10.);
#674=VECTOR('',#2296,10.);
#675=VECTOR('',#2303,10.);
#676=VECTOR('',#2306,10.);
#677=VECTOR('',#2307,10.);
#678=VECTOR('',#2310,10.);
#679=VECTOR('',#2319,10.);
#680=VECTOR('',#2322,10.);
#681=VECTOR('',#2323,10.);
#682=VECTOR('',#2326,10.);
#683=VECTOR('',#2329,10.);
#684=VECTOR('',#2336,10.);
#685=VECTOR('',#2339,10.);
#686=VECTOR('',#2342,10.);
#687=VECTOR('',#2345,10.);
#688=VECTOR('',#2348,10.);
#689=VECTOR('',#2353,10.);
#690=VECTOR('',#2360,10.);
#691=VECTOR('',#2371,10.);
#692=VECTOR('',#2372,10.);
#693=VECTOR('',#2383,10.);
#694=VECTOR('',#2384,10.);
#695=VECTOR('',#2389,10.);
#696=VECTOR('',#2392,10.);
#697=VECTOR('',#2395,10.);
#698=VECTOR('',#2402,10.);
#699=VECTOR('',#2403,10.);
#700=VECTOR('',#2406,10.);
#701=VECTOR('',#2409,10.);
#702=VECTOR('',#2414,10.);
#703=VECTOR('',#2415,10.);
#704=VECTOR('',#2416,10.);
#705=VECTOR('',#2421,10.);
#706=VECTOR('',#2424,10.);
#707=VECTOR('',#2425,10.);
#708=VECTOR('',#2432,2.4);
#709=VECTOR('',#2439,10.);
#710=VECTOR('',#2442,10.);
#711=VECTOR('',#2447,5.);
#712=VECTOR('',#2456,5.00000060498718);
#713=VECTOR('',#2465,2.65);
#714=VECTOR('',#2470,2.65);
#715=VECTOR('',#2481,10.);
#716=VECTOR('',#2484,10.);
#717=VECTOR('',#2487,10.);
#718=VECTOR('',#2490,10.);
#719=VECTOR('',#2491,10.);
#720=VECTOR('',#2492,10.);
#721=VECTOR('',#2495,10.);
#722=VECTOR('',#2498,10.);
#723=VECTOR('',#2499,10.);
#724=VECTOR('',#2502,10.);
#725=VECTOR('',#2505,10.);
#726=VECTOR('',#2508,10.);
#727=VECTOR('',#2511,10.);
#728=VECTOR('',#2512,10.);
#729=VECTOR('',#2523,10.);
#730=VECTOR('',#2524,10.);
#731=VECTOR('',#2529,10.);
#732=VECTOR('',#2534,10.);
#733=VECTOR('',#2535,10.);
#734=VECTOR('',#2538,10.);
#735=VECTOR('',#2539,10.);
#736=VECTOR('',#2544,10.);
#737=VECTOR('',#2555,2.525);
#738=VECTOR('',#2568,2.525);
#739=VECTOR('',#2575,10.);
#740=VECTOR('',#2576,10.);
#741=VECTOR('',#2579,10.);
#742=VECTOR('',#2580,10.);
#743=VECTOR('',#2581,10.);
#744=VECTOR('',#2582,10.);
#745=VECTOR('',#2583,10.);
#746=VECTOR('',#2584,10.);
#747=VECTOR('',#2585,10.);
#748=VECTOR('',#2586,10.);
#749=VECTOR('',#2587,10.);
#750=VECTOR('',#2588,10.);
#751=VECTOR('',#2595,10.);
#752=VECTOR('',#2598,10.);
#753=VECTOR('',#2601,10.);
#754=VECTOR('',#2604,10.);
#755=VECTOR('',#2605,10.);
#756=VECTOR('',#2608,10.);
#757=VECTOR('',#2609,10.);
#758=VECTOR('',#2610,10.);
#759=VECTOR('',#2613,10.);
#760=VECTOR('',#2614,10.);
#761=VECTOR('',#2615,10.);
#762=VECTOR('',#2620,10.);
#763=VECTOR('',#2623,10.);
#764=VECTOR('',#2626,10.);
#765=VECTOR('',#2627,10.);
#766=VECTOR('',#2634,10.);
#767=VECTOR('',#2635,10.);
#768=VECTOR('',#2642,10.);
#769=VECTOR('',#2643,10.);
#770=VECTOR('',#2646,10.);
#771=VECTOR('',#2647,10.);
#772=VECTOR('',#2650,10.);
#773=VECTOR('',#2659,3.2);
#774=VECTOR('',#2666,10.);
#775=VECTOR('',#2669,10.);
#776=VECTOR('',#2674,3.2);
#777=VECTOR('',#2681,10.);
#778=VECTOR('',#2684,10.);
#779=VECTOR('',#2689,10.);
#780=VECTOR('',#2694,2.4);
#781=VECTOR('',#2707,2.4);
#782=VECTOR('',#2712,2.5);
#783=VECTOR('',#2717,1.5);
#784=VECTOR('',#2720,10.);
#785=VECTOR('',#2723,10.);
#786=VECTOR('',#2724,10.);
#787=VECTOR('',#2727,10.);
#788=VECTOR('',#2740,2.2856406460551);
#789=VECTOR('',#2749,2.5);
#790=VECTOR('',#2752,2.5);
#791=VERTEX_POINT('',#2772);
#792=VERTEX_POINT('',#2773);
#793=VERTEX_POINT('',#2775);
#794=VERTEX_POINT('',#2777);
#795=VERTEX_POINT('',#2781);
#796=VERTEX_POINT('',#2783);
#797=VERTEX_POINT('',#2785);
#798=VERTEX_POINT('',#2787);
#799=VERTEX_POINT('',#2789);
#800=VERTEX_POINT('',#2791);
#801=VERTEX_POINT('',#2793);
#802=VERTEX_POINT('',#2795);
#803=VERTEX_POINT('',#2797);
#804=VERTEX_POINT('',#2800);
#805=VERTEX_POINT('',#2803);
#806=VERTEX_POINT('',#2807);
#807=VERTEX_POINT('',#2808);
#808=VERTEX_POINT('',#2810);
#809=VERTEX_POINT('',#2812);
#810=VERTEX_POINT('',#2816);
#811=VERTEX_POINT('',#2818);
#812=VERTEX_POINT('',#2822);
#813=VERTEX_POINT('',#2824);
#814=VERTEX_POINT('',#2826);
#815=VERTEX_POINT('',#2828);
#816=VERTEX_POINT('',#2830);
#817=VERTEX_POINT('',#2832);
#818=VERTEX_POINT('',#2834);
#819=VERTEX_POINT('',#2836);
#820=VERTEX_POINT('',#2838);
#821=VERTEX_POINT('',#2840);
#822=VERTEX_POINT('',#2842);
#823=VERTEX_POINT('',#2844);
#824=VERTEX_POINT('',#2846);
#825=VERTEX_POINT('',#2848);
#826=VERTEX_POINT('',#2850);
#827=VERTEX_POINT('',#2853);
#828=VERTEX_POINT('',#2855);
#829=VERTEX_POINT('',#2858);
#830=VERTEX_POINT('',#2862);
#831=VERTEX_POINT('',#2866);
#832=VERTEX_POINT('',#2870);
#833=VERTEX_POINT('',#2874);
#834=VERTEX_POINT('',#2878);
#835=VERTEX_POINT('',#2880);
#836=VERTEX_POINT('',#2884);
#837=VERTEX_POINT('',#2885);
#838=VERTEX_POINT('',#2887);
#839=VERTEX_POINT('',#2889);
#840=VERTEX_POINT('',#2893);
#841=VERTEX_POINT('',#2895);
#842=VERTEX_POINT('',#2900);
#843=VERTEX_POINT('',#2903);
#844=VERTEX_POINT('',#2904);
#845=VERTEX_POINT('',#2906);
#846=VERTEX_POINT('',#2908);
#847=VERTEX_POINT('',#2912);
#848=VERTEX_POINT('',#2916);
#849=VERTEX_POINT('',#2919);
#850=VERTEX_POINT('',#2922);
#851=VERTEX_POINT('',#2923);
#852=VERTEX_POINT('',#2925);
#853=VERTEX_POINT('',#2927);
#854=VERTEX_POINT('',#2934);
#855=VERTEX_POINT('',#2973);
#856=VERTEX_POINT('',#2975);
#857=VERTEX_POINT('',#2977);
#858=VERTEX_POINT('',#3019);
#859=VERTEX_POINT('',#3020);
#860=VERTEX_POINT('',#3022);
#861=VERTEX_POINT('',#3030);
#862=VERTEX_POINT('',#3048);
#863=VERTEX_POINT('',#3049);
#864=VERTEX_POINT('',#3054);
#865=VERTEX_POINT('',#3058);
#866=VERTEX_POINT('',#3064);
#867=VERTEX_POINT('',#3074);
#868=VERTEX_POINT('',#3078);
#869=VERTEX_POINT('',#3081);
#870=VERTEX_POINT('',#3085);
#871=VERTEX_POINT('',#3088);
#872=VERTEX_POINT('',#3092);
#873=VERTEX_POINT('',#3098);
#874=VERTEX_POINT('',#3099);
#875=VERTEX_POINT('',#3101);
#876=VERTEX_POINT('',#3103);
#877=VERTEX_POINT('',#3107);
#878=VERTEX_POINT('',#3109);
#879=VERTEX_POINT('',#3111);
#880=VERTEX_POINT('',#3113);
#881=VERTEX_POINT('',#3115);
#882=VERTEX_POINT('',#3117);
#883=VERTEX_POINT('',#3119);
#884=VERTEX_POINT('',#3121);
#885=VERTEX_POINT('',#3123);
#886=VERTEX_POINT('',#3125);
#887=VERTEX_POINT('',#3127);
#888=VERTEX_POINT('',#3129);
#889=VERTEX_POINT('',#3131);
#890=VERTEX_POINT('',#3133);
#891=VERTEX_POINT('',#3135);
#892=VERTEX_POINT('',#3137);
#893=VERTEX_POINT('',#3139);
#894=VERTEX_POINT('',#3141);
#895=VERTEX_POINT('',#3144);
#896=VERTEX_POINT('',#3146);
#897=VERTEX_POINT('',#3148);
#898=VERTEX_POINT('',#3150);
#899=VERTEX_POINT('',#3153);
#900=VERTEX_POINT('',#3157);
#901=VERTEX_POINT('',#3161);
#902=VERTEX_POINT('',#3162);
#903=VERTEX_POINT('',#3167);
#904=VERTEX_POINT('',#3171);
#905=VERTEX_POINT('',#3175);
#906=VERTEX_POINT('',#3177);
#907=VERTEX_POINT('',#3181);
#908=VERTEX_POINT('',#3185);
#909=VERTEX_POINT('',#3187);
#910=VERTEX_POINT('',#3191);
#911=VERTEX_POINT('',#3195);
#912=VERTEX_POINT('',#3196);
#913=VERTEX_POINT('',#3201);
#914=VERTEX_POINT('',#3203);
#915=VERTEX_POINT('',#3250);
#916=VERTEX_POINT('',#3261);
#917=VERTEX_POINT('',#3311);
#918=VERTEX_POINT('',#3313);
#919=VERTEX_POINT('',#3360);
#920=VERTEX_POINT('',#3371);
#921=VERTEX_POINT('',#3421);
#922=VERTEX_POINT('',#3424);
#923=VERTEX_POINT('',#3426);
#924=VERTEX_POINT('',#3429);
#925=VERTEX_POINT('',#3431);
#926=VERTEX_POINT('',#3434);
#927=VERTEX_POINT('',#3437);
#928=VERTEX_POINT('',#3441);
#929=VERTEX_POINT('',#3443);
#930=VERTEX_POINT('',#3447);
#931=VERTEX_POINT('',#3449);
#932=VERTEX_POINT('',#3475);
#933=VERTEX_POINT('',#3486);
#934=VERTEX_POINT('',#3503);
#935=VERTEX_POINT('',#3505);
#936=VERTEX_POINT('',#3507);
#937=VERTEX_POINT('',#3509);
#938=VERTEX_POINT('',#3511);
#939=VERTEX_POINT('',#3513);
#940=VERTEX_POINT('',#3515);
#941=VERTEX_POINT('',#3517);
#942=VERTEX_POINT('',#3534);
#943=VERTEX_POINT('',#3545);
#944=VERTEX_POINT('',#3565);
#945=VERTEX_POINT('',#3569);
#946=VERTEX_POINT('',#3606);
#947=VERTEX_POINT('',#3719);
#948=VERTEX_POINT('',#3808);
#949=VERTEX_POINT('',#3810);
#950=VERTEX_POINT('',#3812);
#951=VERTEX_POINT('',#3816);
#952=VERTEX_POINT('',#3818);
#953=VERTEX_POINT('',#3820);
#954=VERTEX_POINT('',#3827);
#955=VERTEX_POINT('',#3830);
#956=VERTEX_POINT('',#3831);
#957=VERTEX_POINT('',#3839);
#958=VERTEX_POINT('',#3841);
#959=VERTEX_POINT('',#3867);
#960=VERTEX_POINT('',#3958);
#961=VERTEX_POINT('',#4113);
#962=VERTEX_POINT('',#4123);
#963=VERTEX_POINT('',#4133);
#964=VERTEX_POINT('',#4134);
#965=VERTEX_POINT('',#4138);
#966=VERTEX_POINT('',#4143);
#967=VERTEX_POINT('',#4149);
#968=VERTEX_POINT('',#4151);
#969=VERTEX_POINT('',#4199);
#970=VERTEX_POINT('',#4209);
#971=VERTEX_POINT('',#4211);
#972=VERTEX_POINT('',#4215);
#973=VERTEX_POINT('',#4216);
#974=VERTEX_POINT('',#4221);
#975=EDGE_CURVE('',#791,#792,#481,.T.);
#976=EDGE_CURVE('',#793,#792,#482,.T.);
#977=EDGE_CURVE('',#793,#794,#483,.T.);
#978=EDGE_CURVE('',#791,#794,#484,.T.);
#979=EDGE_CURVE('',#795,#793,#485,.T.);
#980=EDGE_CURVE('',#795,#796,#486,.T.);
#981=EDGE_CURVE('',#797,#796,#487,.T.);
#982=EDGE_CURVE('',#797,#798,#488,.T.);
#983=EDGE_CURVE('',#799,#798,#489,.T.);
#984=EDGE_CURVE('',#800,#799,#490,.T.);
#985=EDGE_CURVE('',#801,#800,#491,.T.);
#986=EDGE_CURVE('',#801,#802,#492,.T.);
#987=EDGE_CURVE('',#803,#802,#493,.T.);
#988=EDGE_CURVE('',#803,#794,#494,.T.);
#989=EDGE_CURVE('',#804,#804,#159,.T.);
#990=EDGE_CURVE('',#792,#805,#495,.T.);
#991=EDGE_CURVE('',#795,#805,#496,.T.);
#992=EDGE_CURVE('',#806,#807,#160,.T.);
#993=EDGE_CURVE('',#807,#808,#497,.T.);
#994=EDGE_CURVE('',#808,#809,#161,.T.);
#995=EDGE_CURVE('',#809,#806,#498,.T.);
#996=EDGE_CURVE('',#810,#807,#499,.T.);
#997=EDGE_CURVE('',#811,#810,#500,.T.);
#998=EDGE_CURVE('',#811,#808,#501,.T.);
#999=EDGE_CURVE('',#806,#812,#502,.T.);
#1000=EDGE_CURVE('',#813,#812,#503,.T.);
#1001=EDGE_CURVE('',#813,#814,#504,.T.);
#1002=EDGE_CURVE('',#814,#815,#505,.T.);
#1003=EDGE_CURVE('',#816,#815,#162,.F.);
#1004=EDGE_CURVE('',#816,#817,#506,.T.);
#1005=EDGE_CURVE('',#818,#817,#163,.F.);
#1006=EDGE_CURVE('',#818,#819,#507,.T.);
#1007=EDGE_CURVE('',#819,#820,#508,.T.);
#1008=EDGE_CURVE('',#821,#820,#509,.T.);
#1009=EDGE_CURVE('',#821,#822,#510,.T.);
#1010=EDGE_CURVE('',#823,#822,#164,.T.);
#1011=EDGE_CURVE('',#823,#824,#511,.T.);
#1012=EDGE_CURVE('',#825,#824,#165,.T.);
#1013=EDGE_CURVE('',#825,#826,#512,.T.);
#1014=EDGE_CURVE('',#810,#826,#166,.T.);
#1015=EDGE_CURVE('',#827,#827,#167,.T.);
#1016=EDGE_CURVE('',#828,#828,#168,.T.);
#1017=EDGE_CURVE('',#826,#829,#513,.T.);
#1018=EDGE_CURVE('',#829,#811,#169,.T.);
#1019=EDGE_CURVE('',#830,#825,#514,.T.);
#1020=EDGE_CURVE('',#830,#829,#515,.T.);
#1021=EDGE_CURVE('',#824,#831,#516,.T.);
#1022=EDGE_CURVE('',#831,#830,#170,.T.);
#1023=EDGE_CURVE('',#832,#823,#517,.T.);
#1024=EDGE_CURVE('',#832,#831,#518,.T.);
#1025=EDGE_CURVE('',#822,#833,#519,.T.);
#1026=EDGE_CURVE('',#833,#832,#171,.T.);
#1027=EDGE_CURVE('',#834,#821,#172,.T.);
#1028=EDGE_CURVE('',#834,#835,#520,.T.);
#1029=EDGE_CURVE('',#796,#835,#173,.T.);
#1030=EDGE_CURVE('',#805,#833,#521,.T.);
#1031=EDGE_CURVE('',#836,#837,#522,.T.);
#1032=EDGE_CURVE('',#837,#838,#174,.T.);
#1033=EDGE_CURVE('',#838,#839,#523,.T.);
#1034=EDGE_CURVE('',#839,#836,#175,.T.);
#1035=EDGE_CURVE('',#840,#803,#176,.T.);
#1036=EDGE_CURVE('',#802,#841,#177,.T.);
#1037=EDGE_CURVE('',#841,#840,#524,.T.);
#1038=EDGE_CURVE('',#809,#791,#525,.T.);
#1039=EDGE_CURVE('',#842,#840,#526,.T.);
#1040=EDGE_CURVE('',#812,#842,#178,.T.);
#1041=EDGE_CURVE('',#843,#844,#527,.T.);
#1042=EDGE_CURVE('',#844,#845,#179,.T.);
#1043=EDGE_CURVE('',#845,#846,#528,.T.);
#1044=EDGE_CURVE('',#846,#843,#180,.T.);
#1045=EDGE_CURVE('',#847,#797,#181,.T.);
#1046=EDGE_CURVE('',#835,#847,#529,.T.);
#1047=EDGE_CURVE('',#848,#847,#530,.T.);
#1048=EDGE_CURVE('',#820,#848,#182,.T.);
#1049=EDGE_CURVE('',#819,#849,#531,.T.);
#1050=EDGE_CURVE('',#798,#849,#84,.F.);
#1051=EDGE_CURVE('',#850,#851,#532,.T.);
#1052=EDGE_CURVE('',#851,#852,#183,.T.);
#1053=EDGE_CURVE('',#852,#853,#533,.T.);
#1054=EDGE_CURVE('',#853,#850,#184,.T.);
#1055=EDGE_CURVE('',#848,#834,#534,.T.);
#1056=EDGE_CURVE('',#854,#813,#185,.T.);
#1057=EDGE_CURVE('',#842,#854,#535,.T.);
#1058=EDGE_CURVE('',#855,#799,#85,.F.);
#1059=EDGE_CURVE('',#856,#855,#186,.T.);
#1060=EDGE_CURVE('',#856,#857,#86,.T.);
#1061=EDGE_CURVE('',#799,#857,#187,.T.);
#1062=EDGE_CURVE('',#817,#856,#536,.T.);
#1063=EDGE_CURVE('',#855,#818,#537,.T.);
#1064=EDGE_CURVE('',#858,#859,#87,.T.);
#1065=EDGE_CURVE('',#860,#859,#188,.T.);
#1066=EDGE_CURVE('',#800,#860,#88,.F.);
#1067=EDGE_CURVE('',#858,#800,#189,.T.);
#1068=EDGE_CURVE('',#815,#860,#538,.T.);
#1069=EDGE_CURVE('',#859,#816,#539,.T.);
#1070=EDGE_CURVE('',#861,#801,#89,.F.);
#1071=EDGE_CURVE('',#860,#861,#540,.T.);
#1072=EDGE_CURVE('',#857,#858,#541,.T.);
#1073=EDGE_CURVE('',#849,#855,#542,.T.);
#1074=EDGE_CURVE('',#837,#850,#543,.T.);
#1075=EDGE_CURVE('',#836,#851,#544,.T.);
#1076=EDGE_CURVE('',#839,#852,#545,.T.);
#1077=EDGE_CURVE('',#838,#853,#546,.T.);
#1078=EDGE_CURVE('',#862,#863,#547,.T.);
#1079=EDGE_CURVE('',#844,#862,#548,.T.);
#1080=EDGE_CURVE('',#843,#863,#549,.T.);
#1081=EDGE_CURVE('',#863,#864,#190,.T.);
#1082=EDGE_CURVE('',#846,#864,#550,.T.);
#1083=EDGE_CURVE('',#864,#865,#551,.T.);
#1084=EDGE_CURVE('',#845,#865,#552,.T.);
#1085=EDGE_CURVE('',#865,#862,#191,.T.);
#1086=EDGE_CURVE('',#804,#866,#553,.T.);
#1087=EDGE_CURVE('',#866,#866,#192,.T.);
#1088=EDGE_CURVE('',#854,#841,#554,.T.);
#1089=EDGE_CURVE('',#814,#861,#555,.T.);
#1090=EDGE_CURVE('',#828,#867,#556,.T.);
#1091=EDGE_CURVE('',#867,#867,#193,.T.);
#1092=EDGE_CURVE('',#868,#868,#194,.T.);
#1093=EDGE_CURVE('',#827,#869,#557,.T.);
#1094=EDGE_CURVE('',#869,#869,#195,.T.);
#1095=EDGE_CURVE('',#870,#870,#196,.T.);
#1096=EDGE_CURVE('',#868,#871,#558,.T.);
#1097=EDGE_CURVE('',#871,#871,#197,.T.);
#1098=EDGE_CURVE('',#870,#872,#559,.T.);
#1099=EDGE_CURVE('',#872,#872,#198,.T.);
#1100=EDGE_CURVE('',#873,#874,#199,.T.);
#1101=EDGE_CURVE('',#874,#875,#560,.T.);
#1102=EDGE_CURVE('',#875,#876,#200,.T.);
#1103=EDGE_CURVE('',#876,#873,#561,.T.);
#1104=EDGE_CURVE('',#875,#877,#562,.T.);
#1105=EDGE_CURVE('',#878,#877,#201,.T.);
#1106=EDGE_CURVE('',#878,#879,#563,.T.);
#1107=EDGE_CURVE('',#880,#879,#564,.T.);
#1108=EDGE_CURVE('',#881,#880,#565,.T.);
#1109=EDGE_CURVE('',#882,#881,#202,.T.);
#1110=EDGE_CURVE('',#883,#882,#566,.T.);
#1111=EDGE_CURVE('',#884,#883,#203,.T.);
#1112=EDGE_CURVE('',#885,#884,#567,.T.);
#1113=EDGE_CURVE('',#886,#885,#568,.T.);
#1114=EDGE_CURVE('',#887,#886,#204,.T.);
#1115=EDGE_CURVE('',#888,#887,#569,.T.);
#1116=EDGE_CURVE('',#889,#888,#205,.T.);
#1117=EDGE_CURVE('',#889,#890,#570,.T.);
#1118=EDGE_CURVE('',#891,#890,#206,.T.);
#1119=EDGE_CURVE('',#891,#892,#571,.T.);
#1120=EDGE_CURVE('',#893,#892,#207,.T.);
#1121=EDGE_CURVE('',#894,#893,#572,.T.);
#1122=EDGE_CURVE('',#894,#876,#573,.T.);
#1123=EDGE_CURVE('',#895,#895,#208,.T.);
#1124=EDGE_CURVE('',#896,#896,#209,.T.);
#1125=EDGE_CURVE('',#897,#897,#210,.T.);
#1126=EDGE_CURVE('',#898,#898,#211,.T.);
#1127=EDGE_CURVE('',#874,#899,#574,.T.);
#1128=EDGE_CURVE('',#877,#899,#575,.T.);
#1129=EDGE_CURVE('',#899,#900,#212,.T.);
#1130=EDGE_CURVE('',#900,#878,#576,.T.);
#1131=EDGE_CURVE('',#901,#902,#213,.T.);
#1132=EDGE_CURVE('',#902,#882,#577,.T.);
#1133=EDGE_CURVE('',#881,#901,#578,.T.);
#1134=EDGE_CURVE('',#903,#902,#579,.T.);
#1135=EDGE_CURVE('',#883,#903,#580,.T.);
#1136=EDGE_CURVE('',#903,#904,#214,.T.);
#1137=EDGE_CURVE('',#904,#884,#581,.T.);
#1138=EDGE_CURVE('',#898,#905,#215,.T.);
#1139=EDGE_CURVE('',#905,#906,#216,.T.);
#1140=EDGE_CURVE('',#906,#905,#217,.T.);
#1141=EDGE_CURVE('',#906,#907,#582,.T.);
#1142=EDGE_CURVE('',#907,#907,#218,.T.);
#1143=EDGE_CURVE('',#895,#908,#219,.T.);
#1144=EDGE_CURVE('',#908,#909,#220,.T.);
#1145=EDGE_CURVE('',#909,#908,#221,.T.);
#1146=EDGE_CURVE('',#909,#910,#583,.T.);
#1147=EDGE_CURVE('',#910,#910,#222,.T.);
#1148=EDGE_CURVE('',#911,#912,#223,.T.);
#1149=EDGE_CURVE('',#912,#893,#584,.T.);
#1150=EDGE_CURVE('',#892,#911,#585,.T.);
#1151=EDGE_CURVE('',#912,#913,#586,.T.);
#1152=EDGE_CURVE('',#914,#913,#33,.T.);
#1153=EDGE_CURVE('',#914,#915,#34,.T.);
#1154=EDGE_CURVE('',#916,#915,#35,.T.);
#1155=EDGE_CURVE('',#916,#917,#587,.T.);
#1156=EDGE_CURVE('',#918,#917,#36,.T.);
#1157=EDGE_CURVE('',#918,#919,#37,.T.);
#1158=EDGE_CURVE('',#920,#919,#38,.T.);
#1159=EDGE_CURVE('',#920,#921,#588,.T.);
#1160=EDGE_CURVE('',#886,#921,#589,.T.);
#1161=EDGE_CURVE('',#885,#922,#590,.T.);
#1162=EDGE_CURVE('',#922,#923,#591,.T.);
#1163=EDGE_CURVE('',#923,#880,#592,.T.);
#1164=EDGE_CURVE('',#879,#924,#593,.T.);
#1165=EDGE_CURVE('',#924,#925,#594,.T.);
#1166=EDGE_CURVE('',#925,#894,#595,.T.);
#1167=EDGE_CURVE('',#926,#926,#224,.T.);
#1168=EDGE_CURVE('',#921,#927,#225,.T.);
#1169=EDGE_CURVE('',#927,#887,#596,.T.);
#1170=EDGE_CURVE('',#888,#928,#597,.T.);
#1171=EDGE_CURVE('',#928,#929,#226,.T.);
#1172=EDGE_CURVE('',#929,#889,#598,.T.);
#1173=EDGE_CURVE('',#930,#929,#599,.T.);
#1174=EDGE_CURVE('',#931,#930,#39,.T.);
#1175=EDGE_CURVE('',#932,#931,#40,.T.);
#1176=EDGE_CURVE('',#933,#932,#41,.T.);
#1177=EDGE_CURVE('',#934,#933,#600,.T.);
#1178=EDGE_CURVE('',#935,#934,#227,.T.);
#1179=EDGE_CURVE('',#935,#936,#601,.T.);
#1180=EDGE_CURVE('',#936,#937,#602,.T.);
#1181=EDGE_CURVE('',#937,#938,#603,.T.);
#1182=EDGE_CURVE('',#939,#938,#228,.T.);
#1183=EDGE_CURVE('',#940,#939,#604,.T.);
#1184=EDGE_CURVE('',#941,#940,#42,.T.);
#1185=EDGE_CURVE('',#942,#941,#43,.T.);
#1186=EDGE_CURVE('',#943,#942,#44,.T.);
#1187=EDGE_CURVE('',#944,#943,#605,.T.);
#1188=EDGE_CURVE('',#890,#944,#606,.T.);
#1189=EDGE_CURVE('',#944,#945,#229,.T.);
#1190=EDGE_CURVE('',#945,#891,#607,.T.);
#1191=EDGE_CURVE('',#945,#911,#608,.T.);
#1192=EDGE_CURVE('',#913,#943,#45,.T.);
#1193=EDGE_CURVE('',#940,#916,#46,.T.);
#1194=EDGE_CURVE('',#915,#946,#47,.T.);
#1195=EDGE_CURVE('',#946,#941,#48,.T.);
#1196=EDGE_CURVE('',#946,#947,#49,.T.);
#1197=EDGE_CURVE('',#947,#942,#50,.T.);
#1198=EDGE_CURVE('',#947,#914,#51,.T.);
#1199=EDGE_CURVE('',#948,#939,#609,.T.);
#1200=EDGE_CURVE('',#938,#949,#610,.T.);
#1201=EDGE_CURVE('',#949,#950,#230,.T.);
#1202=EDGE_CURVE('',#950,#948,#90,.T.);
#1203=EDGE_CURVE('',#951,#935,#611,.T.);
#1204=EDGE_CURVE('',#934,#952,#612,.T.);
#1205=EDGE_CURVE('',#952,#953,#91,.T.);
#1206=EDGE_CURVE('',#953,#951,#231,.T.);
#1207=EDGE_CURVE('',#950,#953,#613,.T.);
#1208=EDGE_CURVE('',#952,#948,#614,.T.);
#1209=EDGE_CURVE('',#937,#954,#615,.T.);
#1210=EDGE_CURVE('',#954,#949,#616,.T.);
#1211=EDGE_CURVE('',#955,#956,#92,.T.);
#1212=EDGE_CURVE('',#956,#955,#617,.T.);
#1213=EDGE_CURVE('',#917,#933,#52,.T.);
#1214=EDGE_CURVE('',#957,#957,#232,.T.);
#1215=EDGE_CURVE('',#958,#958,#233,.T.);
#1216=EDGE_CURVE('',#959,#918,#53,.T.);
#1217=EDGE_CURVE('',#932,#959,#54,.T.);
#1218=EDGE_CURVE('',#930,#920,#55,.T.);
#1219=EDGE_CURVE('',#919,#960,#56,.T.);
#1220=EDGE_CURVE('',#960,#931,#57,.T.);
#1221=EDGE_CURVE('',#960,#959,#58,.T.);
#1222=EDGE_CURVE('',#897,#961,#618,.T.);
#1223=EDGE_CURVE('',#961,#961,#234,.T.);
#1224=EDGE_CURVE('',#925,#873,#619,.T.);
#1225=EDGE_CURVE('',#900,#924,#620,.T.);
#1226=EDGE_CURVE('',#896,#962,#621,.T.);
#1227=EDGE_CURVE('',#962,#962,#235,.T.);
#1228=EDGE_CURVE('',#922,#904,#622,.T.);
#1229=EDGE_CURVE('',#901,#923,#623,.T.);
#1230=EDGE_CURVE('',#963,#964,#624,.T.);
#1231=EDGE_CURVE('',#964,#963,#236,.T.);
#1232=EDGE_CURVE('',#958,#965,#625,.T.);
#1233=EDGE_CURVE('',#964,#965,#93,.T.);
#1234=EDGE_CURVE('',#965,#963,#94,.T.);
#1235=EDGE_CURVE('',#966,#956,#237,.T.);
#1236=EDGE_CURVE('',#955,#966,#238,.T.);
#1237=EDGE_CURVE('',#957,#966,#626,.T.);
#1238=EDGE_CURVE('',#967,#967,#239,.T.);
#1239=EDGE_CURVE('',#967,#968,#627,.T.);
#1240=EDGE_CURVE('',#968,#968,#240,.T.);
#1241=EDGE_CURVE('',#968,#926,#628,.T.);
#1242=EDGE_CURVE('',#928,#927,#629,.T.);
#1243=EDGE_CURVE('',#936,#969,#630,.T.);
#1244=EDGE_CURVE('',#969,#954,#631,.T.);
#1245=EDGE_CURVE('',#951,#969,#632,.T.);
#1246=EDGE_CURVE('',#970,#970,#241,.T.);
#1247=EDGE_CURVE('',#970,#971,#633,.T.);
#1248=EDGE_CURVE('',#971,#971,#242,.T.);
#1249=EDGE_CURVE('',#972,#973,#243,.T.);
#1250=EDGE_CURVE('',#973,#972,#244,.T.);
#1251=EDGE_CURVE('',#973,#970,#634,.T.);
#1252=EDGE_CURVE('',#972,#974,#635,.T.);
#1253=EDGE_CURVE('',#974,#974,#245,.T.);
#1254=ORIENTED_EDGE('',*,*,#975,.T.);
#1255=ORIENTED_EDGE('',*,*,#976,.F.);
#1256=ORIENTED_EDGE('',*,*,#977,.T.);
#1257=ORIENTED_EDGE('',*,*,#978,.F.);
#1258=ORIENTED_EDGE('',*,*,#977,.F.);
#1259=ORIENTED_EDGE('',*,*,#979,.F.);
#1260=ORIENTED_EDGE('',*,*,#980,.T.);
#1261=ORIENTED_EDGE('',*,*,#981,.F.);
#1262=ORIENTED_EDGE('',*,*,#982,.T.);
#1263=ORIENTED_EDGE('',*,*,#983,.F.);
#1264=ORIENTED_EDGE('',*,*,#984,.F.);
#1265=ORIENTED_EDGE('',*,*,#985,.F.);
#1266=ORIENTED_EDGE('',*,*,#986,.T.);
#1267=ORIENTED_EDGE('',*,*,#987,.F.);
#1268=ORIENTED_EDGE('',*,*,#988,.T.);
#1269=ORIENTED_EDGE('',*,*,#989,.T.);
#1270=ORIENTED_EDGE('',*,*,#979,.T.);
#1271=ORIENTED_EDGE('',*,*,#976,.T.);
#1272=ORIENTED_EDGE('',*,*,#990,.T.);
#1273=ORIENTED_EDGE('',*,*,#991,.F.);
#1274=ORIENTED_EDGE('',*,*,#992,.T.);
#1275=ORIENTED_EDGE('',*,*,#993,.T.);
#1276=ORIENTED_EDGE('',*,*,#994,.T.);
#1277=ORIENTED_EDGE('',*,*,#995,.T.);
#1278=ORIENTED_EDGE('',*,*,#993,.F.);
#1279=ORIENTED_EDGE('',*,*,#996,.F.);
#1280=ORIENTED_EDGE('',*,*,#997,.F.);
#1281=ORIENTED_EDGE('',*,*,#998,.T.);
#1282=ORIENTED_EDGE('',*,*,#992,.F.);
#1283=ORIENTED_EDGE('',*,*,#999,.T.);
#1284=ORIENTED_EDGE('',*,*,#1000,.F.);
#1285=ORIENTED_EDGE('',*,*,#1001,.T.);
#1286=ORIENTED_EDGE('',*,*,#1002,.T.);
#1287=ORIENTED_EDGE('',*,*,#1003,.F.);
#1288=ORIENTED_EDGE('',*,*,#1004,.T.);
#1289=ORIENTED_EDGE('',*,*,#1005,.F.);
#1290=ORIENTED_EDGE('',*,*,#1006,.T.);
#1291=ORIENTED_EDGE('',*,*,#1007,.T.);
#1292=ORIENTED_EDGE('',*,*,#1008,.F.);
#1293=ORIENTED_EDGE('',*,*,#1009,.T.);
#1294=ORIENTED_EDGE('',*,*,#1010,.F.);
#1295=ORIENTED_EDGE('',*,*,#1011,.T.);
#1296=ORIENTED_EDGE('',*,*,#1012,.F.);
#1297=ORIENTED_EDGE('',*,*,#1013,.T.);
#1298=ORIENTED_EDGE('',*,*,#1014,.F.);
#1299=ORIENTED_EDGE('',*,*,#996,.T.);
#1300=ORIENTED_EDGE('',*,*,#1015,.T.);
#1301=ORIENTED_EDGE('',*,*,#1016,.T.);
#1302=ORIENTED_EDGE('',*,*,#1014,.T.);
#1303=ORIENTED_EDGE('',*,*,#1017,.T.);
#1304=ORIENTED_EDGE('',*,*,#1018,.T.);
#1305=ORIENTED_EDGE('',*,*,#997,.T.);
#1306=ORIENTED_EDGE('',*,*,#1017,.F.);
#1307=ORIENTED_EDGE('',*,*,#1013,.F.);
#1308=ORIENTED_EDGE('',*,*,#1019,.F.);
#1309=ORIENTED_EDGE('',*,*,#1020,.T.);
#1310=ORIENTED_EDGE('',*,*,#1012,.T.);
#1311=ORIENTED_EDGE('',*,*,#1021,.T.);
#1312=ORIENTED_EDGE('',*,*,#1022,.T.);
#1313=ORIENTED_EDGE('',*,*,#1019,.T.);
#1314=ORIENTED_EDGE('',*,*,#1021,.F.);
#1315=ORIENTED_EDGE('',*,*,#1011,.F.);
#1316=ORIENTED_EDGE('',*,*,#1023,.F.);
#1317=ORIENTED_EDGE('',*,*,#1024,.T.);
#1318=ORIENTED_EDGE('',*,*,#1010,.T.);
#1319=ORIENTED_EDGE('',*,*,#1025,.T.);
#1320=ORIENTED_EDGE('',*,*,#1026,.T.);
#1321=ORIENTED_EDGE('',*,*,#1023,.T.);
#1322=ORIENTED_EDGE('',*,*,#1025,.F.);
#1323=ORIENTED_EDGE('',*,*,#1009,.F.);
#1324=ORIENTED_EDGE('',*,*,#1027,.F.);
#1325=ORIENTED_EDGE('',*,*,#1028,.T.);
#1326=ORIENTED_EDGE('',*,*,#1029,.F.);
#1327=ORIENTED_EDGE('',*,*,#980,.F.);
#1328=ORIENTED_EDGE('',*,*,#991,.T.);
#1329=ORIENTED_EDGE('',*,*,#1030,.T.);
#1330=ORIENTED_EDGE('',*,*,#1031,.T.);
#1331=ORIENTED_EDGE('',*,*,#1032,.T.);
#1332=ORIENTED_EDGE('',*,*,#1033,.T.);
#1333=ORIENTED_EDGE('',*,*,#1034,.T.);
#1334=ORIENTED_EDGE('',*,*,#1035,.T.);
#1335=ORIENTED_EDGE('',*,*,#987,.T.);
#1336=ORIENTED_EDGE('',*,*,#1036,.T.);
#1337=ORIENTED_EDGE('',*,*,#1037,.T.);
#1338=ORIENTED_EDGE('',*,*,#995,.F.);
#1339=ORIENTED_EDGE('',*,*,#1038,.T.);
#1340=ORIENTED_EDGE('',*,*,#978,.T.);
#1341=ORIENTED_EDGE('',*,*,#988,.F.);
#1342=ORIENTED_EDGE('',*,*,#1035,.F.);
#1343=ORIENTED_EDGE('',*,*,#1039,.F.);
#1344=ORIENTED_EDGE('',*,*,#1040,.F.);
#1345=ORIENTED_EDGE('',*,*,#999,.F.);
#1346=ORIENTED_EDGE('',*,*,#1041,.T.);
#1347=ORIENTED_EDGE('',*,*,#1042,.T.);
#1348=ORIENTED_EDGE('',*,*,#1043,.T.);
#1349=ORIENTED_EDGE('',*,*,#1044,.T.);
#1350=ORIENTED_EDGE('',*,*,#1045,.T.);
#1351=ORIENTED_EDGE('',*,*,#981,.T.);
#1352=ORIENTED_EDGE('',*,*,#1029,.T.);
#1353=ORIENTED_EDGE('',*,*,#1046,.T.);
#1354=ORIENTED_EDGE('',*,*,#1045,.F.);
#1355=ORIENTED_EDGE('',*,*,#1047,.F.);
#1356=ORIENTED_EDGE('',*,*,#1048,.F.);
#1357=ORIENTED_EDGE('',*,*,#1007,.F.);
#1358=ORIENTED_EDGE('',*,*,#1049,.T.);
#1359=ORIENTED_EDGE('',*,*,#1050,.F.);
#1360=ORIENTED_EDGE('',*,*,#982,.F.);
#1361=ORIENTED_EDGE('',*,*,#1051,.T.);
#1362=ORIENTED_EDGE('',*,*,#1052,.T.);
#1363=ORIENTED_EDGE('',*,*,#1053,.T.);
#1364=ORIENTED_EDGE('',*,*,#1054,.T.);
#1365=ORIENTED_EDGE('',*,*,#1046,.F.);
#1366=ORIENTED_EDGE('',*,*,#1028,.F.);
#1367=ORIENTED_EDGE('',*,*,#1055,.F.);
#1368=ORIENTED_EDGE('',*,*,#1047,.T.);
#1369=ORIENTED_EDGE('',*,*,#1048,.T.);
#1370=ORIENTED_EDGE('',*,*,#1055,.T.);
#1371=ORIENTED_EDGE('',*,*,#1027,.T.);
#1372=ORIENTED_EDGE('',*,*,#1008,.T.);
#1373=ORIENTED_EDGE('',*,*,#1056,.T.);
#1374=ORIENTED_EDGE('',*,*,#1000,.T.);
#1375=ORIENTED_EDGE('',*,*,#1040,.T.);
#1376=ORIENTED_EDGE('',*,*,#1057,.T.);
#1377=ORIENTED_EDGE('',*,*,#1058,.F.);
#1378=ORIENTED_EDGE('',*,*,#1059,.F.);
#1379=ORIENTED_EDGE('',*,*,#1060,.T.);
#1380=ORIENTED_EDGE('',*,*,#1061,.F.);
#1381=ORIENTED_EDGE('',*,*,#1005,.T.);
#1382=ORIENTED_EDGE('',*,*,#1062,.T.);
#1383=ORIENTED_EDGE('',*,*,#1059,.T.);
#1384=ORIENTED_EDGE('',*,*,#1063,.T.);
#1385=ORIENTED_EDGE('',*,*,#1064,.T.);
#1386=ORIENTED_EDGE('',*,*,#1065,.F.);
#1387=ORIENTED_EDGE('',*,*,#1066,.F.);
#1388=ORIENTED_EDGE('',*,*,#1067,.F.);
#1389=ORIENTED_EDGE('',*,*,#1003,.T.);
#1390=ORIENTED_EDGE('',*,*,#1068,.T.);
#1391=ORIENTED_EDGE('',*,*,#1065,.T.);
#1392=ORIENTED_EDGE('',*,*,#1069,.T.);
#1393=ORIENTED_EDGE('',*,*,#1070,.T.);
#1394=ORIENTED_EDGE('',*,*,#985,.T.);
#1395=ORIENTED_EDGE('',*,*,#1066,.T.);
#1396=ORIENTED_EDGE('',*,*,#1071,.T.);
#1397=ORIENTED_EDGE('',*,*,#1067,.T.);
#1398=ORIENTED_EDGE('',*,*,#984,.T.);
#1399=ORIENTED_EDGE('',*,*,#1061,.T.);
#1400=ORIENTED_EDGE('',*,*,#1072,.T.);
#1401=ORIENTED_EDGE('',*,*,#1050,.T.);
#1402=ORIENTED_EDGE('',*,*,#1073,.T.);
#1403=ORIENTED_EDGE('',*,*,#1058,.T.);
#1404=ORIENTED_EDGE('',*,*,#983,.T.);
#1405=ORIENTED_EDGE('',*,*,#1069,.F.);
#1406=ORIENTED_EDGE('',*,*,#1064,.F.);
#1407=ORIENTED_EDGE('',*,*,#1072,.F.);
#1408=ORIENTED_EDGE('',*,*,#1060,.F.);
#1409=ORIENTED_EDGE('',*,*,#1062,.F.);
#1410=ORIENTED_EDGE('',*,*,#1004,.F.);
#1411=ORIENTED_EDGE('',*,*,#1063,.F.);
#1412=ORIENTED_EDGE('',*,*,#1073,.F.);
#1413=ORIENTED_EDGE('',*,*,#1049,.F.);
#1414=ORIENTED_EDGE('',*,*,#1006,.F.);
#1415=ORIENTED_EDGE('',*,*,#1051,.F.);
#1416=ORIENTED_EDGE('',*,*,#1074,.F.);
#1417=ORIENTED_EDGE('',*,*,#1031,.F.);
#1418=ORIENTED_EDGE('',*,*,#1075,.T.);
#1419=ORIENTED_EDGE('',*,*,#1052,.F.);
#1420=ORIENTED_EDGE('',*,*,#1075,.F.);
#1421=ORIENTED_EDGE('',*,*,#1034,.F.);
#1422=ORIENTED_EDGE('',*,*,#1076,.T.);
#1423=ORIENTED_EDGE('',*,*,#1053,.F.);
#1424=ORIENTED_EDGE('',*,*,#1076,.F.);
#1425=ORIENTED_EDGE('',*,*,#1033,.F.);
#1426=ORIENTED_EDGE('',*,*,#1077,.T.);
#1427=ORIENTED_EDGE('',*,*,#1054,.F.);
#1428=ORIENTED_EDGE('',*,*,#1077,.F.);
#1429=ORIENTED_EDGE('',*,*,#1032,.F.);
#1430=ORIENTED_EDGE('',*,*,#1074,.T.);
#1431=ORIENTED_EDGE('',*,*,#1078,.F.);
#1432=ORIENTED_EDGE('',*,*,#1079,.F.);
#1433=ORIENTED_EDGE('',*,*,#1041,.F.);
#1434=ORIENTED_EDGE('',*,*,#1080,.T.);
#1435=ORIENTED_EDGE('',*,*,#1081,.F.);
#1436=ORIENTED_EDGE('',*,*,#1080,.F.);
#1437=ORIENTED_EDGE('',*,*,#1044,.F.);
#1438=ORIENTED_EDGE('',*,*,#1082,.T.);
#1439=ORIENTED_EDGE('',*,*,#1083,.F.);
#1440=ORIENTED_EDGE('',*,*,#1082,.F.);
#1441=ORIENTED_EDGE('',*,*,#1043,.F.);
#1442=ORIENTED_EDGE('',*,*,#1084,.T.);
#1443=ORIENTED_EDGE('',*,*,#1085,.F.);
#1444=ORIENTED_EDGE('',*,*,#1084,.F.);
#1445=ORIENTED_EDGE('',*,*,#1042,.F.);
#1446=ORIENTED_EDGE('',*,*,#1079,.T.);
#1447=ORIENTED_EDGE('',*,*,#989,.F.);
#1448=ORIENTED_EDGE('',*,*,#1086,.T.);
#1449=ORIENTED_EDGE('',*,*,#1087,.T.);
#1450=ORIENTED_EDGE('',*,*,#1086,.F.);
#1451=ORIENTED_EDGE('',*,*,#1087,.F.);
#1452=ORIENTED_EDGE('',*,*,#1037,.F.);
#1453=ORIENTED_EDGE('',*,*,#1088,.F.);
#1454=ORIENTED_EDGE('',*,*,#1057,.F.);
#1455=ORIENTED_EDGE('',*,*,#1039,.T.);
#1456=ORIENTED_EDGE('',*,*,#1036,.F.);
#1457=ORIENTED_EDGE('',*,*,#986,.F.);
#1458=ORIENTED_EDGE('',*,*,#1070,.F.);
#1459=ORIENTED_EDGE('',*,*,#1089,.F.);
#1460=ORIENTED_EDGE('',*,*,#1001,.F.);
#1461=ORIENTED_EDGE('',*,*,#1056,.F.);
#1462=ORIENTED_EDGE('',*,*,#1088,.T.);
#1463=ORIENTED_EDGE('',*,*,#1078,.T.);
#1464=ORIENTED_EDGE('',*,*,#1081,.T.);
#1465=ORIENTED_EDGE('',*,*,#1083,.T.);
#1466=ORIENTED_EDGE('',*,*,#1085,.T.);
#1467=ORIENTED_EDGE('',*,*,#1068,.F.);
#1468=ORIENTED_EDGE('',*,*,#1002,.F.);
#1469=ORIENTED_EDGE('',*,*,#1089,.T.);
#1470=ORIENTED_EDGE('',*,*,#1071,.F.);
#1471=ORIENTED_EDGE('',*,*,#1016,.F.);
#1472=ORIENTED_EDGE('',*,*,#1090,.T.);
#1473=ORIENTED_EDGE('',*,*,#1091,.T.);
#1474=ORIENTED_EDGE('',*,*,#1090,.F.);
#1475=ORIENTED_EDGE('',*,*,#1091,.F.);
#1476=ORIENTED_EDGE('',*,*,#1092,.F.);
#1477=ORIENTED_EDGE('',*,*,#1015,.F.);
#1478=ORIENTED_EDGE('',*,*,#1093,.T.);
#1479=ORIENTED_EDGE('',*,*,#1094,.T.);
#1480=ORIENTED_EDGE('',*,*,#1093,.F.);
#1481=ORIENTED_EDGE('',*,*,#1094,.F.);
#1482=ORIENTED_EDGE('',*,*,#1095,.F.);
#1483=ORIENTED_EDGE('',*,*,#1092,.T.);
#1484=ORIENTED_EDGE('',*,*,#1096,.T.);
#1485=ORIENTED_EDGE('',*,*,#1097,.T.);
#1486=ORIENTED_EDGE('',*,*,#1096,.F.);
#1487=ORIENTED_EDGE('',*,*,#1095,.T.);
#1488=ORIENTED_EDGE('',*,*,#1098,.T.);
#1489=ORIENTED_EDGE('',*,*,#1099,.T.);
#1490=ORIENTED_EDGE('',*,*,#1098,.F.);
#1491=ORIENTED_EDGE('',*,*,#975,.F.);
#1492=ORIENTED_EDGE('',*,*,#1038,.F.);
#1493=ORIENTED_EDGE('',*,*,#994,.F.);
#1494=ORIENTED_EDGE('',*,*,#998,.F.);
#1495=ORIENTED_EDGE('',*,*,#1018,.F.);
#1496=ORIENTED_EDGE('',*,*,#1020,.F.);
#1497=ORIENTED_EDGE('',*,*,#1022,.F.);
#1498=ORIENTED_EDGE('',*,*,#1024,.F.);
#1499=ORIENTED_EDGE('',*,*,#1026,.F.);
#1500=ORIENTED_EDGE('',*,*,#1030,.F.);
#1501=ORIENTED_EDGE('',*,*,#990,.F.);
#1502=ORIENTED_EDGE('',*,*,#1099,.F.);
#1503=ORIENTED_EDGE('',*,*,#1097,.F.);
#1504=ORIENTED_EDGE('',*,*,#1100,.T.);
#1505=ORIENTED_EDGE('',*,*,#1101,.T.);
#1506=ORIENTED_EDGE('',*,*,#1102,.T.);
#1507=ORIENTED_EDGE('',*,*,#1103,.T.);
#1508=ORIENTED_EDGE('',*,*,#1102,.F.);
#1509=ORIENTED_EDGE('',*,*,#1104,.T.);
#1510=ORIENTED_EDGE('',*,*,#1105,.F.);
#1511=ORIENTED_EDGE('',*,*,#1106,.T.);
#1512=ORIENTED_EDGE('',*,*,#1107,.F.);
#1513=ORIENTED_EDGE('',*,*,#1108,.F.);
#1514=ORIENTED_EDGE('',*,*,#1109,.F.);
#1515=ORIENTED_EDGE('',*,*,#1110,.F.);
#1516=ORIENTED_EDGE('',*,*,#1111,.F.);
#1517=ORIENTED_EDGE('',*,*,#1112,.F.);
#1518=ORIENTED_EDGE('',*,*,#1113,.F.);
#1519=ORIENTED_EDGE('',*,*,#1114,.F.);
#1520=ORIENTED_EDGE('',*,*,#1115,.F.);
#1521=ORIENTED_EDGE('',*,*,#1116,.F.);
#1522=ORIENTED_EDGE('',*,*,#1117,.T.);
#1523=ORIENTED_EDGE('',*,*,#1118,.F.);
#1524=ORIENTED_EDGE('',*,*,#1119,.T.);
#1525=ORIENTED_EDGE('',*,*,#1120,.F.);
#1526=ORIENTED_EDGE('',*,*,#1121,.F.);
#1527=ORIENTED_EDGE('',*,*,#1122,.T.);
#1528=ORIENTED_EDGE('',*,*,#1123,.F.);
#1529=ORIENTED_EDGE('',*,*,#1124,.T.);
#1530=ORIENTED_EDGE('',*,*,#1125,.T.);
#1531=ORIENTED_EDGE('',*,*,#1126,.F.);
#1532=ORIENTED_EDGE('',*,*,#1101,.F.);
#1533=ORIENTED_EDGE('',*,*,#1127,.T.);
#1534=ORIENTED_EDGE('',*,*,#1128,.F.);
#1535=ORIENTED_EDGE('',*,*,#1104,.F.);
#1536=ORIENTED_EDGE('',*,*,#1129,.T.);
#1537=ORIENTED_EDGE('',*,*,#1130,.T.);
#1538=ORIENTED_EDGE('',*,*,#1105,.T.);
#1539=ORIENTED_EDGE('',*,*,#1128,.T.);
#1540=ORIENTED_EDGE('',*,*,#1131,.T.);
#1541=ORIENTED_EDGE('',*,*,#1132,.T.);
#1542=ORIENTED_EDGE('',*,*,#1109,.T.);
#1543=ORIENTED_EDGE('',*,*,#1133,.T.);
#1544=ORIENTED_EDGE('',*,*,#1132,.F.);
#1545=ORIENTED_EDGE('',*,*,#1134,.F.);
#1546=ORIENTED_EDGE('',*,*,#1135,.F.);
#1547=ORIENTED_EDGE('',*,*,#1110,.T.);
#1548=ORIENTED_EDGE('',*,*,#1136,.T.);
#1549=ORIENTED_EDGE('',*,*,#1137,.T.);
#1550=ORIENTED_EDGE('',*,*,#1111,.T.);
#1551=ORIENTED_EDGE('',*,*,#1135,.T.);
#1552=ORIENTED_EDGE('',*,*,#1126,.T.);
#1553=ORIENTED_EDGE('',*,*,#1138,.T.);
#1554=ORIENTED_EDGE('',*,*,#1139,.T.);
#1555=ORIENTED_EDGE('',*,*,#1140,.T.);
#1556=ORIENTED_EDGE('',*,*,#1138,.F.);
#1557=ORIENTED_EDGE('',*,*,#1140,.F.);
#1558=ORIENTED_EDGE('',*,*,#1141,.T.);
#1559=ORIENTED_EDGE('',*,*,#1142,.F.);
#1560=ORIENTED_EDGE('',*,*,#1141,.F.);
#1561=ORIENTED_EDGE('',*,*,#1139,.F.);
#1562=ORIENTED_EDGE('',*,*,#1123,.T.);
#1563=ORIENTED_EDGE('',*,*,#1143,.T.);
#1564=ORIENTED_EDGE('',*,*,#1144,.T.);
#1565=ORIENTED_EDGE('',*,*,#1145,.T.);
#1566=ORIENTED_EDGE('',*,*,#1143,.F.);
#1567=ORIENTED_EDGE('',*,*,#1145,.F.);
#1568=ORIENTED_EDGE('',*,*,#1146,.T.);
#1569=ORIENTED_EDGE('',*,*,#1147,.F.);
#1570=ORIENTED_EDGE('',*,*,#1146,.F.);
#1571=ORIENTED_EDGE('',*,*,#1144,.F.);
#1572=ORIENTED_EDGE('',*,*,#1148,.T.);
#1573=ORIENTED_EDGE('',*,*,#1149,.T.);
#1574=ORIENTED_EDGE('',*,*,#1120,.T.);
#1575=ORIENTED_EDGE('',*,*,#1150,.T.);
#1576=ORIENTED_EDGE('',*,*,#1149,.F.);
#1577=ORIENTED_EDGE('',*,*,#1151,.T.);
#1578=ORIENTED_EDGE('',*,*,#1152,.F.);
#1579=ORIENTED_EDGE('',*,*,#1153,.T.);
#1580=ORIENTED_EDGE('',*,*,#1154,.F.);
#1581=ORIENTED_EDGE('',*,*,#1155,.T.);
#1582=ORIENTED_EDGE('',*,*,#1156,.F.);
#1583=ORIENTED_EDGE('',*,*,#1157,.T.);
#1584=ORIENTED_EDGE('',*,*,#1158,.F.);
#1585=ORIENTED_EDGE('',*,*,#1159,.T.);
#1586=ORIENTED_EDGE('',*,*,#1160,.F.);
#1587=ORIENTED_EDGE('',*,*,#1113,.T.);
#1588=ORIENTED_EDGE('',*,*,#1161,.T.);
#1589=ORIENTED_EDGE('',*,*,#1162,.T.);
#1590=ORIENTED_EDGE('',*,*,#1163,.T.);
#1591=ORIENTED_EDGE('',*,*,#1107,.T.);
#1592=ORIENTED_EDGE('',*,*,#1164,.T.);
#1593=ORIENTED_EDGE('',*,*,#1165,.T.);
#1594=ORIENTED_EDGE('',*,*,#1166,.T.);
#1595=ORIENTED_EDGE('',*,*,#1121,.T.);
#1596=ORIENTED_EDGE('',*,*,#1167,.T.);
#1597=ORIENTED_EDGE('',*,*,#1114,.T.);
#1598=ORIENTED_EDGE('',*,*,#1160,.T.);
#1599=ORIENTED_EDGE('',*,*,#1168,.T.);
#1600=ORIENTED_EDGE('',*,*,#1169,.T.);
#1601=ORIENTED_EDGE('',*,*,#1116,.T.);
#1602=ORIENTED_EDGE('',*,*,#1170,.T.);
#1603=ORIENTED_EDGE('',*,*,#1171,.T.);
#1604=ORIENTED_EDGE('',*,*,#1172,.T.);
#1605=ORIENTED_EDGE('',*,*,#1172,.F.);
#1606=ORIENTED_EDGE('',*,*,#1173,.F.);
#1607=ORIENTED_EDGE('',*,*,#1174,.F.);
#1608=ORIENTED_EDGE('',*,*,#1175,.F.);
#1609=ORIENTED_EDGE('',*,*,#1176,.F.);
#1610=ORIENTED_EDGE('',*,*,#1177,.F.);
#1611=ORIENTED_EDGE('',*,*,#1178,.F.);
#1612=ORIENTED_EDGE('',*,*,#1179,.T.);
#1613=ORIENTED_EDGE('',*,*,#1180,.T.);
#1614=ORIENTED_EDGE('',*,*,#1181,.T.);
#1615=ORIENTED_EDGE('',*,*,#1182,.F.);
#1616=ORIENTED_EDGE('',*,*,#1183,.F.);
#1617=ORIENTED_EDGE('',*,*,#1184,.F.);
#1618=ORIENTED_EDGE('',*,*,#1185,.F.);
#1619=ORIENTED_EDGE('',*,*,#1186,.F.);
#1620=ORIENTED_EDGE('',*,*,#1187,.F.);
#1621=ORIENTED_EDGE('',*,*,#1188,.F.);
#1622=ORIENTED_EDGE('',*,*,#1117,.F.);
#1623=ORIENTED_EDGE('',*,*,#1189,.T.);
#1624=ORIENTED_EDGE('',*,*,#1190,.T.);
#1625=ORIENTED_EDGE('',*,*,#1118,.T.);
#1626=ORIENTED_EDGE('',*,*,#1188,.T.);
#1627=ORIENTED_EDGE('',*,*,#1148,.F.);
#1628=ORIENTED_EDGE('',*,*,#1191,.F.);
#1629=ORIENTED_EDGE('',*,*,#1189,.F.);
#1630=ORIENTED_EDGE('',*,*,#1187,.T.);
#1631=ORIENTED_EDGE('',*,*,#1192,.F.);
#1632=ORIENTED_EDGE('',*,*,#1151,.F.);
#1633=ORIENTED_EDGE('',*,*,#1147,.T.);
#1634=ORIENTED_EDGE('',*,*,#1193,.T.);
#1635=ORIENTED_EDGE('',*,*,#1154,.T.);
#1636=ORIENTED_EDGE('',*,*,#1194,.T.);
#1637=ORIENTED_EDGE('',*,*,#1195,.T.);
#1638=ORIENTED_EDGE('',*,*,#1184,.T.);
#1639=ORIENTED_EDGE('',*,*,#1185,.T.);
#1640=ORIENTED_EDGE('',*,*,#1195,.F.);
#1641=ORIENTED_EDGE('',*,*,#1196,.T.);
#1642=ORIENTED_EDGE('',*,*,#1197,.T.);
#1643=ORIENTED_EDGE('',*,*,#1198,.T.);
#1644=ORIENTED_EDGE('',*,*,#1152,.T.);
#1645=ORIENTED_EDGE('',*,*,#1192,.T.);
#1646=ORIENTED_EDGE('',*,*,#1186,.T.);
#1647=ORIENTED_EDGE('',*,*,#1197,.F.);
#1648=ORIENTED_EDGE('',*,*,#1199,.T.);
#1649=ORIENTED_EDGE('',*,*,#1182,.T.);
#1650=ORIENTED_EDGE('',*,*,#1200,.T.);
#1651=ORIENTED_EDGE('',*,*,#1201,.T.);
#1652=ORIENTED_EDGE('',*,*,#1202,.T.);
#1653=ORIENTED_EDGE('',*,*,#1203,.T.);
#1654=ORIENTED_EDGE('',*,*,#1178,.T.);
#1655=ORIENTED_EDGE('',*,*,#1204,.T.);
#1656=ORIENTED_EDGE('',*,*,#1205,.T.);
#1657=ORIENTED_EDGE('',*,*,#1206,.T.);
#1658=ORIENTED_EDGE('',*,*,#1207,.T.);
#1659=ORIENTED_EDGE('',*,*,#1205,.F.);
#1660=ORIENTED_EDGE('',*,*,#1208,.T.);
#1661=ORIENTED_EDGE('',*,*,#1202,.F.);
#1662=ORIENTED_EDGE('',*,*,#1200,.F.);
#1663=ORIENTED_EDGE('',*,*,#1181,.F.);
#1664=ORIENTED_EDGE('',*,*,#1209,.T.);
#1665=ORIENTED_EDGE('',*,*,#1210,.T.);
#1666=ORIENTED_EDGE('',*,*,#1211,.T.);
#1667=ORIENTED_EDGE('',*,*,#1212,.T.);
#1668=ORIENTED_EDGE('',*,*,#1193,.F.);
#1669=ORIENTED_EDGE('',*,*,#1183,.T.);
#1670=ORIENTED_EDGE('',*,*,#1199,.F.);
#1671=ORIENTED_EDGE('',*,*,#1208,.F.);
#1672=ORIENTED_EDGE('',*,*,#1204,.F.);
#1673=ORIENTED_EDGE('',*,*,#1177,.T.);
#1674=ORIENTED_EDGE('',*,*,#1213,.F.);
#1675=ORIENTED_EDGE('',*,*,#1155,.F.);
#1676=ORIENTED_EDGE('',*,*,#1214,.T.);
#1677=ORIENTED_EDGE('',*,*,#1215,.T.);
#1678=ORIENTED_EDGE('',*,*,#1216,.T.);
#1679=ORIENTED_EDGE('',*,*,#1156,.T.);
#1680=ORIENTED_EDGE('',*,*,#1213,.T.);
#1681=ORIENTED_EDGE('',*,*,#1176,.T.);
#1682=ORIENTED_EDGE('',*,*,#1217,.T.);
#1683=ORIENTED_EDGE('',*,*,#1218,.T.);
#1684=ORIENTED_EDGE('',*,*,#1158,.T.);
#1685=ORIENTED_EDGE('',*,*,#1219,.T.);
#1686=ORIENTED_EDGE('',*,*,#1220,.T.);
#1687=ORIENTED_EDGE('',*,*,#1174,.T.);
#1688=ORIENTED_EDGE('',*,*,#1175,.T.);
#1689=ORIENTED_EDGE('',*,*,#1220,.F.);
#1690=ORIENTED_EDGE('',*,*,#1221,.T.);
#1691=ORIENTED_EDGE('',*,*,#1217,.F.);
#1692=ORIENTED_EDGE('',*,*,#1216,.F.);
#1693=ORIENTED_EDGE('',*,*,#1221,.F.);
#1694=ORIENTED_EDGE('',*,*,#1219,.F.);
#1695=ORIENTED_EDGE('',*,*,#1157,.F.);
#1696=ORIENTED_EDGE('',*,*,#1125,.F.);
#1697=ORIENTED_EDGE('',*,*,#1222,.T.);
#1698=ORIENTED_EDGE('',*,*,#1223,.F.);
#1699=ORIENTED_EDGE('',*,*,#1222,.F.);
#1700=ORIENTED_EDGE('',*,*,#1223,.T.);
#1701=ORIENTED_EDGE('',*,*,#1103,.F.);
#1702=ORIENTED_EDGE('',*,*,#1122,.F.);
#1703=ORIENTED_EDGE('',*,*,#1166,.F.);
#1704=ORIENTED_EDGE('',*,*,#1224,.T.);
#1705=ORIENTED_EDGE('',*,*,#1130,.F.);
#1706=ORIENTED_EDGE('',*,*,#1225,.T.);
#1707=ORIENTED_EDGE('',*,*,#1164,.F.);
#1708=ORIENTED_EDGE('',*,*,#1106,.F.);
#1709=ORIENTED_EDGE('',*,*,#1100,.F.);
#1710=ORIENTED_EDGE('',*,*,#1224,.F.);
#1711=ORIENTED_EDGE('',*,*,#1165,.F.);
#1712=ORIENTED_EDGE('',*,*,#1225,.F.);
#1713=ORIENTED_EDGE('',*,*,#1129,.F.);
#1714=ORIENTED_EDGE('',*,*,#1127,.F.);
#1715=ORIENTED_EDGE('',*,*,#1124,.F.);
#1716=ORIENTED_EDGE('',*,*,#1226,.T.);
#1717=ORIENTED_EDGE('',*,*,#1227,.T.);
#1718=ORIENTED_EDGE('',*,*,#1226,.F.);
#1719=ORIENTED_EDGE('',*,*,#1227,.F.);
#1720=ORIENTED_EDGE('',*,*,#1137,.F.);
#1721=ORIENTED_EDGE('',*,*,#1228,.F.);
#1722=ORIENTED_EDGE('',*,*,#1161,.F.);
#1723=ORIENTED_EDGE('',*,*,#1112,.T.);
#1724=ORIENTED_EDGE('',*,*,#1133,.F.);
#1725=ORIENTED_EDGE('',*,*,#1108,.T.);
#1726=ORIENTED_EDGE('',*,*,#1163,.F.);
#1727=ORIENTED_EDGE('',*,*,#1229,.F.);
#1728=ORIENTED_EDGE('',*,*,#1131,.F.);
#1729=ORIENTED_EDGE('',*,*,#1229,.T.);
#1730=ORIENTED_EDGE('',*,*,#1162,.F.);
#1731=ORIENTED_EDGE('',*,*,#1228,.T.);
#1732=ORIENTED_EDGE('',*,*,#1136,.F.);
#1733=ORIENTED_EDGE('',*,*,#1134,.T.);
#1734=ORIENTED_EDGE('',*,*,#1230,.F.);
#1735=ORIENTED_EDGE('',*,*,#1231,.F.);
#1736=ORIENTED_EDGE('',*,*,#1215,.F.);
#1737=ORIENTED_EDGE('',*,*,#1232,.T.);
#1738=ORIENTED_EDGE('',*,*,#1233,.F.);
#1739=ORIENTED_EDGE('',*,*,#1231,.T.);
#1740=ORIENTED_EDGE('',*,*,#1234,.F.);
#1741=ORIENTED_EDGE('',*,*,#1232,.F.);
#1742=ORIENTED_EDGE('',*,*,#1212,.F.);
#1743=ORIENTED_EDGE('',*,*,#1235,.F.);
#1744=ORIENTED_EDGE('',*,*,#1236,.F.);
#1745=ORIENTED_EDGE('',*,*,#1214,.F.);
#1746=ORIENTED_EDGE('',*,*,#1237,.T.);
#1747=ORIENTED_EDGE('',*,*,#1235,.T.);
#1748=ORIENTED_EDGE('',*,*,#1211,.F.);
#1749=ORIENTED_EDGE('',*,*,#1236,.T.);
#1750=ORIENTED_EDGE('',*,*,#1237,.F.);
#1751=ORIENTED_EDGE('',*,*,#1238,.F.);
#1752=ORIENTED_EDGE('',*,*,#1239,.T.);
#1753=ORIENTED_EDGE('',*,*,#1240,.T.);
#1754=ORIENTED_EDGE('',*,*,#1239,.F.);
#1755=ORIENTED_EDGE('',*,*,#1240,.F.);
#1756=ORIENTED_EDGE('',*,*,#1241,.T.);
#1757=ORIENTED_EDGE('',*,*,#1167,.F.);
#1758=ORIENTED_EDGE('',*,*,#1241,.F.);
#1759=ORIENTED_EDGE('',*,*,#1168,.F.);
#1760=ORIENTED_EDGE('',*,*,#1159,.F.);
#1761=ORIENTED_EDGE('',*,*,#1218,.F.);
#1762=ORIENTED_EDGE('',*,*,#1173,.T.);
#1763=ORIENTED_EDGE('',*,*,#1171,.F.);
#1764=ORIENTED_EDGE('',*,*,#1242,.T.);
#1765=ORIENTED_EDGE('',*,*,#1142,.T.);
#1766=ORIENTED_EDGE('',*,*,#1194,.F.);
#1767=ORIENTED_EDGE('',*,*,#1153,.F.);
#1768=ORIENTED_EDGE('',*,*,#1198,.F.);
#1769=ORIENTED_EDGE('',*,*,#1196,.F.);
#1770=ORIENTED_EDGE('',*,*,#1180,.F.);
#1771=ORIENTED_EDGE('',*,*,#1243,.T.);
#1772=ORIENTED_EDGE('',*,*,#1244,.T.);
#1773=ORIENTED_EDGE('',*,*,#1209,.F.);
#1774=ORIENTED_EDGE('',*,*,#1203,.F.);
#1775=ORIENTED_EDGE('',*,*,#1245,.T.);
#1776=ORIENTED_EDGE('',*,*,#1243,.F.);
#1777=ORIENTED_EDGE('',*,*,#1179,.F.);
#1778=ORIENTED_EDGE('',*,*,#1233,.T.);
#1779=ORIENTED_EDGE('',*,*,#1234,.T.);
#1780=ORIENTED_EDGE('',*,*,#1230,.T.);
#1781=ORIENTED_EDGE('',*,*,#1207,.F.);
#1782=ORIENTED_EDGE('',*,*,#1201,.F.);
#1783=ORIENTED_EDGE('',*,*,#1210,.F.);
#1784=ORIENTED_EDGE('',*,*,#1244,.F.);
#1785=ORIENTED_EDGE('',*,*,#1245,.F.);
#1786=ORIENTED_EDGE('',*,*,#1206,.F.);
#1787=ORIENTED_EDGE('',*,*,#1238,.T.);
#1788=ORIENTED_EDGE('',*,*,#1169,.F.);
#1789=ORIENTED_EDGE('',*,*,#1242,.F.);
#1790=ORIENTED_EDGE('',*,*,#1170,.F.);
#1791=ORIENTED_EDGE('',*,*,#1115,.T.);
#1792=ORIENTED_EDGE('',*,*,#1150,.F.);
#1793=ORIENTED_EDGE('',*,*,#1119,.F.);
#1794=ORIENTED_EDGE('',*,*,#1190,.F.);
#1795=ORIENTED_EDGE('',*,*,#1191,.T.);
#1796=ORIENTED_EDGE('',*,*,#1246,.F.);
#1797=ORIENTED_EDGE('',*,*,#1247,.T.);
#1798=ORIENTED_EDGE('',*,*,#1248,.T.);
#1799=ORIENTED_EDGE('',*,*,#1247,.F.);
#1800=ORIENTED_EDGE('',*,*,#1249,.F.);
#1801=ORIENTED_EDGE('',*,*,#1250,.F.);
#1802=ORIENTED_EDGE('',*,*,#1251,.T.);
#1803=ORIENTED_EDGE('',*,*,#1246,.T.);
#1804=ORIENTED_EDGE('',*,*,#1251,.F.);
#1805=ORIENTED_EDGE('',*,*,#1249,.T.);
#1806=ORIENTED_EDGE('',*,*,#1250,.T.);
#1807=ORIENTED_EDGE('',*,*,#1252,.T.);
#1808=ORIENTED_EDGE('',*,*,#1253,.F.);
#1809=ORIENTED_EDGE('',*,*,#1252,.F.);
#1810=ORIENTED_EDGE('',*,*,#1248,.F.);
#1811=ORIENTED_EDGE('',*,*,#1253,.T.);
#1812=PLANE('',#2007);
#1813=PLANE('',#2008);
#1814=PLANE('',#2010);
#1815=PLANE('',#2014);
#1816=PLANE('',#2015);
#1817=PLANE('',#2025);
#1818=PLANE('',#2028);
#1819=PLANE('',#2031);
#1820=PLANE('',#2039);
#1821=PLANE('',#2045);
#1822=PLANE('',#2050);
#1823=PLANE('',#2068);
#1824=PLANE('',#2069);
#1825=PLANE('',#2070);
#1826=PLANE('',#2072);
#1827=PLANE('',#2074);
#1828=PLANE('',#2077);
#1829=PLANE('',#2082);
#1830=PLANE('',#2083);
#1831=PLANE('',#2084);
#1832=PLANE('',#2085);
#1833=PLANE('',#2088);
#1834=PLANE('',#2092);
#1835=PLANE('',#2098);
#1836=PLANE('',#2103);
#1837=PLANE('',#2115);
#1838=PLANE('',#2120);
#1839=PLANE('',#2137);
#1840=PLANE('',#2143);
#1841=PLANE('',#2148);
#1842=PLANE('',#2156);
#1843=PLANE('',#2158);
#1844=PLANE('',#2163);
#1845=PLANE('',#2164);
#1846=PLANE('',#2165);
#1847=PLANE('',#2166);
#1848=PLANE('',#2169);
#1849=PLANE('',#2170);
#1850=PLANE('',#2171);
#1851=PLANE('',#2172);
#1852=PLANE('',#2173);
#1853=PLANE('',#2178);
#1854=PLANE('',#2186);
#1855=PLANE('',#2187);
#1856=PLANE('',#2188);
#1857=PLANE('',#2189);
#1858=PLANE('',#2190);
#1859=PLANE('',#2191);
#1860=PLANE('',#2201);
#1861=PLANE('',#2202);
#1862=ADVANCED_FACE('',(#246),#1812,.T.);
#1863=ADVANCED_FACE('',(#247,#136),#1813,.T.);
#1864=ADVANCED_FACE('',(#248),#1814,.T.);
#1865=ADVANCED_FACE('',(#249),#95,.T.);
#1866=ADVANCED_FACE('',(#250),#1815,.T.);
#1867=ADVANCED_FACE('',(#251,#137,#138),#1816,.T.);
#1868=ADVANCED_FACE('',(#252),#96,.T.);
#1869=ADVANCED_FACE('',(#253),#1817,.T.);
#1870=ADVANCED_FACE('',(#254),#97,.T.);
#1871=ADVANCED_FACE('',(#255),#1818,.T.);
#1872=ADVANCED_FACE('',(#256),#98,.T.);
#1873=ADVANCED_FACE('',(#257,#139),#1819,.T.);
#1874=ADVANCED_FACE('',(#258),#99,.T.);
#1875=ADVANCED_FACE('',(#259,#140),#1820,.T.);
#1876=ADVANCED_FACE('',(#260),#100,.T.);
#1877=ADVANCED_FACE('',(#261,#141),#1821,.T.);
#1878=ADVANCED_FACE('',(#262),#1822,.T.);
#1879=ADVANCED_FACE('',(#263),#101,.F.);
#1880=ADVANCED_FACE('',(#264),#102,.F.);
#1881=ADVANCED_FACE('',(#265),#74,.F.);
#1882=ADVANCED_FACE('',(#266),#103,.T.);
#1883=ADVANCED_FACE('',(#267),#75,.F.);
#1884=ADVANCED_FACE('',(#268),#104,.T.);
#1885=ADVANCED_FACE('',(#269),#105,.T.);
#1886=ADVANCED_FACE('',(#270),#106,.T.);
#1887=ADVANCED_FACE('',(#271),#107,.T.);
#1888=ADVANCED_FACE('',(#272),#1823,.T.);
#1889=ADVANCED_FACE('',(#273),#1824,.T.);
#1890=ADVANCED_FACE('',(#274),#1825,.F.);
#1891=ADVANCED_FACE('',(#275),#108,.F.);
#1892=ADVANCED_FACE('',(#276),#1826,.F.);
#1893=ADVANCED_FACE('',(#277),#109,.F.);
#1894=ADVANCED_FACE('',(#278),#1827,.F.);
#1895=ADVANCED_FACE('',(#279),#110,.F.);
#1896=ADVANCED_FACE('',(#280),#1828,.F.);
#1897=ADVANCED_FACE('',(#281),#111,.F.);
#1898=ADVANCED_FACE('',(#282),#112,.F.);
#1899=ADVANCED_FACE('',(#283),#1829,.T.);
#1900=ADVANCED_FACE('',(#284),#1830,.T.);
#1901=ADVANCED_FACE('',(#285,#142),#1831,.T.);
#1902=ADVANCED_FACE('',(#286),#1832,.T.);
#1903=ADVANCED_FACE('',(#287),#113,.F.);
#1904=ADVANCED_FACE('',(#288,#143),#1833,.T.);
#1905=ADVANCED_FACE('',(#289),#114,.F.);
#1906=ADVANCED_FACE('',(#290,#144),#1834,.T.);
#1907=ADVANCED_FACE('',(#291),#115,.F.);
#1908=ADVANCED_FACE('',(#292),#116,.F.);
#1909=ADVANCED_FACE('',(#293,#145,#146),#1835,.F.);
#1910=ADVANCED_FACE('',(#294),#117,.T.);
#1911=ADVANCED_FACE('',(#295,#147,#148,#149,#150),#1836,.T.);
#1912=ADVANCED_FACE('',(#296),#1837,.F.);
#1913=ADVANCED_FACE('',(#297),#118,.T.);
#1914=ADVANCED_FACE('',(#298),#119,.T.);
#1915=ADVANCED_FACE('',(#299),#1838,.T.);
#1916=ADVANCED_FACE('',(#300),#120,.T.);
#1917=ADVANCED_FACE('',(#301),#59,.T.);
#1918=ADVANCED_FACE('',(#302),#121,.F.);
#1919=ADVANCED_FACE('',(#303),#60,.T.);
#1920=ADVANCED_FACE('',(#304),#122,.F.);
#1921=ADVANCED_FACE('',(#305),#123,.T.);
#1922=ADVANCED_FACE('',(#306,#151),#1839,.T.);
#1923=ADVANCED_FACE('',(#307),#124,.T.);
#1924=ADVANCED_FACE('',(#308),#125,.T.);
#1925=ADVANCED_FACE('',(#309),#1840,.F.);
#1926=ADVANCED_FACE('',(#310),#126,.T.);
#1927=ADVANCED_FACE('',(#311,#152),#1841,.T.);
#1928=ADVANCED_FACE('',(#312),#76,.F.);
#1929=ADVANCED_FACE('',(#313),#77,.F.);
#1930=ADVANCED_FACE('',(#314),#78,.F.);
#1931=ADVANCED_FACE('',(#315),#127,.T.);
#1932=ADVANCED_FACE('',(#316),#128,.T.);
#1933=ADVANCED_FACE('',(#317),#129,.T.);
#1934=ADVANCED_FACE('',(#318,#153),#1842,.F.);
#1935=ADVANCED_FACE('',(#319,#154,#155),#1843,.T.);
#1936=ADVANCED_FACE('',(#320),#79,.F.);
#1937=ADVANCED_FACE('',(#321),#80,.F.);
#1938=ADVANCED_FACE('',(#322),#81,.F.);
#1939=ADVANCED_FACE('',(#323),#82,.T.);
#1940=ADVANCED_FACE('',(#324),#130,.F.);
#1941=ADVANCED_FACE('',(#325),#1844,.F.);
#1942=ADVANCED_FACE('',(#326),#1845,.F.);
#1943=ADVANCED_FACE('',(#327),#1846,.F.);
#1944=ADVANCED_FACE('',(#328),#1847,.F.);
#1945=ADVANCED_FACE('',(#329),#131,.F.);
#1946=ADVANCED_FACE('',(#330),#1848,.T.);
#1947=ADVANCED_FACE('',(#331),#1849,.T.);
#1948=ADVANCED_FACE('',(#332),#1850,.T.);
#1949=ADVANCED_FACE('',(#333),#1851,.T.);
#1950=ADVANCED_FACE('',(#334),#1852,.T.);
#1951=ADVANCED_FACE('',(#335),#132,.F.);
#1952=ADVANCED_FACE('',(#336),#1853,.T.);
#1953=ADVANCED_FACE('',(#337),#133,.F.);
#1954=ADVANCED_FACE('',(#338),#30,.F.);
#1955=ADVANCED_FACE('',(#339),#134,.F.);
#1956=ADVANCED_FACE('',(#340,#156),#1854,.T.);
#1957=ADVANCED_FACE('',(#341),#83,.T.);
#1958=ADVANCED_FACE('',(#342),#1855,.F.);
#1959=ADVANCED_FACE('',(#343,#157),#1856,.F.);
#1960=ADVANCED_FACE('',(#344,#158),#1857,.F.);
#1961=ADVANCED_FACE('',(#345),#1858,.T.);
#1962=ADVANCED_FACE('',(#346),#1859,.T.);
#1963=ADVANCED_FACE('',(#347),#31,.T.);
#1964=ADVANCED_FACE('',(#348),#135,.T.);
#1965=ADVANCED_FACE('',(#349),#32,.T.);
#1966=ADVANCED_FACE('',(#350),#1860,.F.);
#1967=ADVANCED_FACE('',(#351),#1861,.F.);
#1968=CLOSED_SHELL('',(#1862,#1863,#1864,#1865,#1866,#1867,#1868,#1869,
#1870,#1871,#1872,#1873,#1874,#1875,#1876,#1877,#1878,#1879,#1880,#1881,
#1882,#1883,#1884,#1885,#1886,#1887,#1888,#1889,#1890,#1891,#1892,#1893,
#1894,#1895,#1896,#1897,#1898,#1899,#1900,#1901,#1902,#1903,#1904,#1905,
#1906,#1907,#1908,#1909));
#1969=CLOSED_SHELL('',(#1910,#1911,#1912,#1913,#1914,#1915,#1916,#1917,
#1918,#1919,#1920,#1921,#1922,#1923,#1924,#1925,#1926,#1927,#1928,#1929,
#1930,#1931,#1932,#1933,#1934,#1935,#1936,#1937,#1938,#1939,#1940,#1941,
#1942,#1943,#1944,#1945,#1946,#1947,#1948,#1949,#1950,#1951,#1952,#1953,
#1954,#1955,#1956,#1957,#1958,#1959,#1960,#1961,#1962));
#1970=CLOSED_SHELL('',(#1963,#1964,#1965,#1966,#1967));
#1971=DERIVED_UNIT_ELEMENT(#1977,1.);
#1972=DERIVED_UNIT_ELEMENT(#4242,-3.);
#1973=DERIVED_UNIT_ELEMENT(#1977,1.);
#1974=DERIVED_UNIT_ELEMENT(#4242,-3.);
#1975=DERIVED_UNIT_ELEMENT(#1977,1.);
#1976=DERIVED_UNIT_ELEMENT(#4242,-3.);
#1977=(
MASS_UNIT()
NAMED_UNIT(*)
SI_UNIT(.KILO.,.GRAM.)
);
#1978=DERIVED_UNIT((#1971,#1972));
#1979=DERIVED_UNIT((#1973,#1974));
#1980=DERIVED_UNIT((#1975,#1976));
#1981=MEASURE_REPRESENTATION_ITEM('density measure',
POSITIVE_RATIO_MEASURE(7850.),#1978);
#1982=MEASURE_REPRESENTATION_ITEM('density measure',
POSITIVE_RATIO_MEASURE(7850.),#1979);
#1983=MEASURE_REPRESENTATION_ITEM('density measure',
POSITIVE_RATIO_MEASURE(7850.),#1980);
#1984=PROPERTY_DEFINITION_REPRESENTATION(#1999,#1990);
#1985=PROPERTY_DEFINITION_REPRESENTATION(#2000,#1991);
#1986=PROPERTY_DEFINITION_REPRESENTATION(#2001,#1992);
#1987=PROPERTY_DEFINITION_REPRESENTATION(#2002,#1993);
#1988=PROPERTY_DEFINITION_REPRESENTATION(#2003,#1994);
#1989=PROPERTY_DEFINITION_REPRESENTATION(#2004,#1995);
#1990=REPRESENTATION('material name',(#1996),#4237);
#1991=REPRESENTATION('density',(#1981),#4237);
#1992=REPRESENTATION('material name',(#1997),#4238);
#1993=REPRESENTATION('density',(#1982),#4238);
#1994=REPRESENTATION('material name',(#1998),#4239);
#1995=REPRESENTATION('density',(#1983),#4239);
#1996=DESCRIPTIVE_REPRESENTATION_ITEM('Steel','Steel');
#1997=DESCRIPTIVE_REPRESENTATION_ITEM('Steel','Steel');
#1998=DESCRIPTIVE_REPRESENTATION_ITEM('Steel','Steel');
#1999=PROPERTY_DEFINITION('material property','material name',#4263);
#2000=PROPERTY_DEFINITION('material property','density of part',#4263);
#2001=PROPERTY_DEFINITION('material property','material name',#4264);
#2002=PROPERTY_DEFINITION('material property','density of part',#4264);
#2003=PROPERTY_DEFINITION('material property','material name',#4265);
#2004=PROPERTY_DEFINITION('material property','density of part',#4265);
#2005=AXIS2_PLACEMENT_3D('',#2769,#2208,#2209);
#2006=AXIS2_PLACEMENT_3D('',#2770,#2210,#2211);
#2007=AXIS2_PLACEMENT_3D('',#2771,#2212,#2213);
#2008=AXIS2_PLACEMENT_3D('',#2780,#2218,#2219);
#2009=AXIS2_PLACEMENT_3D('',#2801,#2230,#2231);
#2010=AXIS2_PLACEMENT_3D('',#2802,#2232,#2233);
#2011=AXIS2_PLACEMENT_3D('',#2806,#2236,#2237);
#2012=AXIS2_PLACEMENT_3D('',#2809,#2238,#2239);
#2013=AXIS2_PLACEMENT_3D('',#2813,#2241,#2242);
#2014=AXIS2_PLACEMENT_3D('',#2815,#2244,#2245);
#2015=AXIS2_PLACEMENT_3D('',#2821,#2249,#2250);
#2016=AXIS2_PLACEMENT_3D('',#2831,#2255,#2256);
#2017=AXIS2_PLACEMENT_3D('',#2835,#2258,#2259);
#2018=AXIS2_PLACEMENT_3D('',#2845,#2264,#2265);
#2019=AXIS2_PLACEMENT_3D('',#2849,#2267,#2268);
#2020=AXIS2_PLACEMENT_3D('',#2852,#2270,#2271);
#2021=AXIS2_PLACEMENT_3D('',#2854,#2272,#2273);
#2022=AXIS2_PLACEMENT_3D('',#2856,#2274,#2275);
#2023=AXIS2_PLACEMENT_3D('',#2857,#2276,#2277);
#2024=AXIS2_PLACEMENT_3D('',#2860,#2279,#2280);
#2025=AXIS2_PLACEMENT_3D('',#2861,#2281,#2282);
#2026=AXIS2_PLACEMENT_3D('',#2865,#2285,#2286);
#2027=AXIS2_PLACEMENT_3D('',#2868,#2288,#2289);
#2028=AXIS2_PLACEMENT_3D('',#2869,#2290,#2291);
#2029=AXIS2_PLACEMENT_3D('',#2873,#2294,#2295);
#2030=AXIS2_PLACEMENT_3D('',#2876,#2297,#2298);
#2031=AXIS2_PLACEMENT_3D('',#2877,#2299,#2300);
#2032=AXIS2_PLACEMENT_3D('',#2879,#2301,#2302);
#2033=AXIS2_PLACEMENT_3D('',#2882,#2304,#2305);
#2034=AXIS2_PLACEMENT_3D('',#2888,#2308,#2309);
#2035=AXIS2_PLACEMENT_3D('',#2891,#2311,#2312);
#2036=AXIS2_PLACEMENT_3D('',#2892,#2313,#2314);
#2037=AXIS2_PLACEMENT_3D('',#2894,#2315,#2316);
#2038=AXIS2_PLACEMENT_3D('',#2896,#2317,#2318);
#2039=AXIS2_PLACEMENT_3D('',#2898,#2320,#2321);
#2040=AXIS2_PLACEMENT_3D('',#2902,#2324,#2325);
#2041=AXIS2_PLACEMENT_3D('',#2907,#2327,#2328);
#2042=AXIS2_PLACEMENT_3D('',#2910,#2330,#2331);
#2043=AXIS2_PLACEMENT_3D('',#2911,#2332,#2333);
#2044=AXIS2_PLACEMENT_3D('',#2913,#2334,#2335);
#2045=AXIS2_PLACEMENT_3D('',#2915,#2337,#2338);
#2046=AXIS2_PLACEMENT_3D('',#2918,#2340,#2341);
#2047=AXIS2_PLACEMENT_3D('',#2921,#2343,#2344);
#2048=AXIS2_PLACEMENT_3D('',#2926,#2346,#2347);
#2049=AXIS2_PLACEMENT_3D('',#2929,#2349,#2350);
#2050=AXIS2_PLACEMENT_3D('',#2930,#2351,#2352);
#2051=AXIS2_PLACEMENT_3D('',#2932,#2354,#2355);
#2052=AXIS2_PLACEMENT_3D('',#2933,#2356,#2357);
#2053=AXIS2_PLACEMENT_3D('',#2935,#2358,#2359);
#2054=AXIS2_PLACEMENT_3D('',#2974,#2361,#2362);
#2055=AXIS2_PLACEMENT_3D('',#2976,#2363,#2364);
#2056=AXIS2_PLACEMENT_3D('',#2978,#2365,#2366);
#2057=AXIS2_PLACEMENT_3D('',#2979,#2367,#2368);
#2058=AXIS2_PLACEMENT_3D('',#2980,#2369,#2370);
#2059=AXIS2_PLACEMENT_3D('',#3021,#2373,#2374);
#2060=AXIS2_PLACEMENT_3D('',#3023,#2375,#2376);
#2061=AXIS2_PLACEMENT_3D('',#3024,#2377,#2378);
#2062=AXIS2_PLACEMENT_3D('',#3025,#2379,#2380);
#2063=AXIS2_PLACEMENT_3D('',#3026,#2381,#2382);
#2064=AXIS2_PLACEMENT_3D('',#3029,#2385,#2386);
#2065=AXIS2_PLACEMENT_3D('',#3031,#2387,#2388);
#2066=AXIS2_PLACEMENT_3D('',#3033,#2390,#2391);
#2067=AXIS2_PLACEMENT_3D('',#3035,#2393,#2394);
#2068=AXIS2_PLACEMENT_3D('',#3037,#2396,#2397);
#2069=AXIS2_PLACEMENT_3D('',#3038,#2398,#2399);
#2070=AXIS2_PLACEMENT_3D('',#3039,#2400,#2401);
#2071=AXIS2_PLACEMENT_3D('',#3042,#2404,#2405);
#2072=AXIS2_PLACEMENT_3D('',#3044,#2407,#2408);
#2073=AXIS2_PLACEMENT_3D('',#3046,#2410,#2411);
#2074=AXIS2_PLACEMENT_3D('',#3047,#2412,#2413);
#2075=AXIS2_PLACEMENT_3D('',#3053,#2417,#2418);
#2076=AXIS2_PLACEMENT_3D('',#3055,#2419,#2420);
#2077=AXIS2_PLACEMENT_3D('',#3057,#2422,#2423);
#2078=AXIS2_PLACEMENT_3D('',#3061,#2426,#2427);
#2079=AXIS2_PLACEMENT_3D('',#3062,#2428,#2429);
#2080=AXIS2_PLACEMENT_3D('',#3063,#2430,#2431);
#2081=AXIS2_PLACEMENT_3D('',#3066,#2433,#2434);
#2082=AXIS2_PLACEMENT_3D('',#3067,#2435,#2436);
#2083=AXIS2_PLACEMENT_3D('',#3068,#2437,#2438);
#2084=AXIS2_PLACEMENT_3D('',#3070,#2440,#2441);
#2085=AXIS2_PLACEMENT_3D('',#3072,#2443,#2444);
#2086=AXIS2_PLACEMENT_3D('',#3073,#2445,#2446);
#2087=AXIS2_PLACEMENT_3D('',#3076,#2448,#2449);
#2088=AXIS2_PLACEMENT_3D('',#3077,#2450,#2451);
#2089=AXIS2_PLACEMENT_3D('',#3079,#2452,#2453);
#2090=AXIS2_PLACEMENT_3D('',#3080,#2454,#2455);
#2091=AXIS2_PLACEMENT_3D('',#3083,#2457,#2458);
#2092=AXIS2_PLACEMENT_3D('',#3084,#2459,#2460);
#2093=AXIS2_PLACEMENT_3D('',#3086,#2461,#2462);
#2094=AXIS2_PLACEMENT_3D('',#3087,#2463,#2464);
#2095=AXIS2_PLACEMENT_3D('',#3090,#2466,#2467);
#2096=AXIS2_PLACEMENT_3D('',#3091,#2468,#2469);
#2097=AXIS2_PLACEMENT_3D('',#3094,#2471,#2472);
#2098=AXIS2_PLACEMENT_3D('',#3095,#2473,#2474);
#2099=AXIS2_PLACEMENT_3D('',#3096,#2475,#2476);
#2100=AXIS2_PLACEMENT_3D('',#3097,#2477,#2478);
#2101=AXIS2_PLACEMENT_3D('',#3100,#2479,#2480);
#2102=AXIS2_PLACEMENT_3D('',#3104,#2482,#2483);
#2103=AXIS2_PLACEMENT_3D('',#3106,#2485,#2486);
#2104=AXIS2_PLACEMENT_3D('',#3110,#2488,#2489);
#2105=AXIS2_PLACEMENT_3D('',#3118,#2493,#2494);
#2106=AXIS2_PLACEMENT_3D('',#3122,#2496,#2497);
#2107=AXIS2_PLACEMENT_3D('',#3128,#2500,#2501);
#2108=AXIS2_PLACEMENT_3D('',#3132,#2503,#2504);
#2109=AXIS2_PLACEMENT_3D('',#3136,#2506,#2507);
#2110=AXIS2_PLACEMENT_3D('',#3140,#2509,#2510);
#2111=AXIS2_PLACEMENT_3D('',#3145,#2513,#2514);
#2112=AXIS2_PLACEMENT_3D('',#3147,#2515,#2516);
#2113=AXIS2_PLACEMENT_3D('',#3149,#2517,#2518);
#2114=AXIS2_PLACEMENT_3D('',#3151,#2519,#2520);
#2115=AXIS2_PLACEMENT_3D('',#3152,#2521,#2522);
#2116=AXIS2_PLACEMENT_3D('',#3156,#2525,#2526);
#2117=AXIS2_PLACEMENT_3D('',#3158,#2527,#2528);
#2118=AXIS2_PLACEMENT_3D('',#3160,#2530,#2531);
#2119=AXIS2_PLACEMENT_3D('',#3163,#2532,#2533);
#2120=AXIS2_PLACEMENT_3D('',#3166,#2536,#2537);
#2121=AXIS2_PLACEMENT_3D('',#3170,#2540,#2541);
#2122=AXIS2_PLACEMENT_3D('',#3172,#2542,#2543);
#2123=AXIS2_PLACEMENT_3D('',#3174,#2545,#2546);
#2124=AXIS2_PLACEMENT_3D('',#3176,#2547,#2548);
#2125=AXIS2_PLACEMENT_3D('',#3178,#2549,#2550);
#2126=AXIS2_PLACEMENT_3D('',#3179,#2551,#2552);
#2127=AXIS2_PLACEMENT_3D('',#3180,#2553,#2554);
#2128=AXIS2_PLACEMENT_3D('',#3183,#2556,#2557);
#2129=AXIS2_PLACEMENT_3D('',#3184,#2558,#2559);
#2130=AXIS2_PLACEMENT_3D('',#3186,#2560,#2561);
#2131=AXIS2_PLACEMENT_3D('',#3188,#2562,#2563);
#2132=AXIS2_PLACEMENT_3D('',#3189,#2564,#2565);
#2133=AXIS2_PLACEMENT_3D('',#3190,#2566,#2567);
#2134=AXIS2_PLACEMENT_3D('',#3193,#2569,#2570);
#2135=AXIS2_PLACEMENT_3D('',#3194,#2571,#2572);
#2136=AXIS2_PLACEMENT_3D('',#3197,#2573,#2574);
#2137=AXIS2_PLACEMENT_3D('',#3200,#2577,#2578);
#2138=AXIS2_PLACEMENT_3D('',#3435,#2589,#2590);
#2139=AXIS2_PLACEMENT_3D('',#3436,#2591,#2592);
#2140=AXIS2_PLACEMENT_3D('',#3438,#2593,#2594);
#2141=AXIS2_PLACEMENT_3D('',#3440,#2596,#2597);
#2142=AXIS2_PLACEMENT_3D('',#3444,#2599,#2600);
#2143=AXIS2_PLACEMENT_3D('',#3446,#2602,#2603);
#2144=AXIS2_PLACEMENT_3D('',#3506,#2606,#2607);
#2145=AXIS2_PLACEMENT_3D('',#3514,#2611,#2612);
#2146=AXIS2_PLACEMENT_3D('',#3568,#2616,#2617);
#2147=AXIS2_PLACEMENT_3D('',#3570,#2618,#2619);
#2148=AXIS2_PLACEMENT_3D('',#3572,#2621,#2622);
#2149=AXIS2_PLACEMENT_3D('',#3807,#2624,#2625);
#2150=AXIS2_PLACEMENT_3D('',#3813,#2628,#2629);
#2151=AXIS2_PLACEMENT_3D('',#3814,#2630,#2631);
#2152=AXIS2_PLACEMENT_3D('',#3815,#2632,#2633);
#2153=AXIS2_PLACEMENT_3D('',#3821,#2636,#2637);
#2154=AXIS2_PLACEMENT_3D('',#3822,#2638,#2639);
#2155=AXIS2_PLACEMENT_3D('',#3823,#2640,#2641);
#2156=AXIS2_PLACEMENT_3D('',#3826,#2644,#2645);
#2157=AXIS2_PLACEMENT_3D('',#3832,#2648,#2649);
#2158=AXIS2_PLACEMENT_3D('',#3834,#2651,#2652);
#2159=AXIS2_PLACEMENT_3D('',#3840,#2653,#2654);
#2160=AXIS2_PLACEMENT_3D('',#3842,#2655,#2656);
#2161=AXIS2_PLACEMENT_3D('',#4112,#2657,#2658);
#2162=AXIS2_PLACEMENT_3D('',#4115,#2660,#2661);
#2163=AXIS2_PLACEMENT_3D('',#4116,#2662,#2663);
#2164=AXIS2_PLACEMENT_3D('',#4117,#2664,#2665);
#2165=AXIS2_PLACEMENT_3D('',#4119,#2667,#2668);
#2166=AXIS2_PLACEMENT_3D('',#4121,#2670,#2671);
#2167=AXIS2_PLACEMENT_3D('',#4122,#2672,#2673);
#2168=AXIS2_PLACEMENT_3D('',#4125,#2675,#2676);
#2169=AXIS2_PLACEMENT_3D('',#4126,#2677,#2678);
#2170=AXIS2_PLACEMENT_3D('',#4127,#2679,#2680);
#2171=AXIS2_PLACEMENT_3D('',#4129,#2682,#2683);
#2172=AXIS2_PLACEMENT_3D('',#4131,#2685,#2686);
#2173=AXIS2_PLACEMENT_3D('',#4132,#2687,#2688);
#2174=AXIS2_PLACEMENT_3D('',#4136,#2690,#2691);
#2175=AXIS2_PLACEMENT_3D('',#4137,#2692,#2693);
#2176=AXIS2_PLACEMENT_3D('',#4140,#2695,#2696);
#2177=AXIS2_PLACEMENT_3D('',#4141,#2697,#2698);
#2178=AXIS2_PLACEMENT_3D('',#4142,#2699,#2700);
#2179=AXIS2_PLACEMENT_3D('',#4144,#2701,#2702);
#2180=AXIS2_PLACEMENT_3D('',#4145,#2703,#2704);
#2181=AXIS2_PLACEMENT_3D('',#4146,#2705,#2706);
#2182=AXIS2_PLACEMENT_3D('',#4148,#2708,#2709);
#2183=AXIS2_PLACEMENT_3D('',#4150,#2710,#2711);
#2184=AXIS2_PLACEMENT_3D('',#4153,#2713,#2714);
#2185=AXIS2_PLACEMENT_3D('',#4154,#2715,#2716);
#2186=AXIS2_PLACEMENT_3D('',#4156,#2718,#2719);
#2187=AXIS2_PLACEMENT_3D('',#4198,#2721,#2722);
#2188=AXIS2_PLACEMENT_3D('',#4202,#2725,#2726);
#2189=AXIS2_PLACEMENT_3D('',#4204,#2728,#2729);
#2190=AXIS2_PLACEMENT_3D('',#4205,#2730,#2731);
#2191=AXIS2_PLACEMENT_3D('',#4206,#2732,#2733);
#2192=AXIS2_PLACEMENT_3D('',#4207,#2734,#2735);
#2193=AXIS2_PLACEMENT_3D('',#4208,#2736,#2737);
#2194=AXIS2_PLACEMENT_3D('',#4210,#2738,#2739);
#2195=AXIS2_PLACEMENT_3D('',#4213,#2741,#2742);
#2196=AXIS2_PLACEMENT_3D('',#4214,#2743,#2744);
#2197=AXIS2_PLACEMENT_3D('',#4217,#2745,#2746);
#2198=AXIS2_PLACEMENT_3D('',#4218,#2747,#2748);
#2199=AXIS2_PLACEMENT_3D('',#4220,#2750,#2751);
#2200=AXIS2_PLACEMENT_3D('',#4223,#2753,#2754);
#2201=AXIS2_PLACEMENT_3D('',#4224,#2755,#2756);
#2202=AXIS2_PLACEMENT_3D('',#4225,#2757,#2758);
#2203=AXIS2_PLACEMENT_3D('',#4226,#2759,#2760);
#2204=AXIS2_PLACEMENT_3D('',#4227,#2761,#2762);
#2205=AXIS2_PLACEMENT_3D('',#4228,#2763,#2764);
#2206=AXIS2_PLACEMENT_3D('',#4229,#2765,#2766);
#2207=AXIS2_PLACEMENT_3D('',#4230,#2767,#2768);
#2208=DIRECTION('axis',(0.,0.,1.));
#2209=DIRECTION('refdir',(1.,0.,0.));
#2210=DIRECTION('axis',(0.,0.,1.));
#2211=DIRECTION('refdir',(1.,0.,0.));
#2212=DIRECTION('center_axis',(0.707106781186548,0.707106781186548,0.));
#2213=DIRECTION('ref_axis',(0.,0.,-1.));
#2214=DIRECTION('',(-0.707106781186548,0.707106781186548,0.));
#2215=DIRECTION('',(0.,0.,-1.));
#2216=DIRECTION('',(0.707106781186548,-0.707106781186548,0.));
#2217=DIRECTION('',(0.,0.,1.));
#2218=DIRECTION('center_axis',(0.,0.,1.));
#2219=DIRECTION('ref_axis',(1.,0.,0.));
#2220=DIRECTION('',(0.707106781186548,0.707106781186548,0.));
#2221=DIRECTION('',(-1.,0.,0.));
#2222=DIRECTION('',(0.,1.,0.));
#2223=DIRECTION('',(1.,0.,0.));
#2224=DIRECTION('',(0.573576436351046,0.819152044288992,0.));
#2225=DIRECTION('',(-1.,0.,0.));
#2226=DIRECTION('',(0.573576436351046,-0.819152044288992,0.));
#2227=DIRECTION('',(1.,0.,0.));
#2228=DIRECTION('',(0.,-1.,0.));
#2229=DIRECTION('',(-1.,0.,0.));
#2230=DIRECTION('center_axis',(0.,0.,-1.));
#2231=DIRECTION('ref_axis',(-1.,0.,0.));
#2232=DIRECTION('center_axis',(-0.707106781186548,0.707106781186548,0.));
#2233=DIRECTION('ref_axis',(0.,0.,1.));
#2234=DIRECTION('',(-0.707106781186548,-0.707106781186548,0.));
#2235=DIRECTION('',(0.,0.,-1.));
#2236=DIRECTION('center_axis',(0.,0.,1.));
#2237=DIRECTION('ref_axis',(0.707106781186546,0.707106781186549,0.));
#2238=DIRECTION('center_axis',(0.,0.,-1.));
#2239=DIRECTION('ref_axis',(0.707106781186546,0.707106781186549,0.));
#2240=DIRECTION('',(0.,0.,-1.));
#2241=DIRECTION('center_axis',(0.,0.,1.));
#2242=DIRECTION('ref_axis',(0.707106781186546,0.707106781186549,0.));
#2243=DIRECTION('',(0.,0.,1.));
#2244=DIRECTION('center_axis',(1.,0.,0.));
#2245=DIRECTION('ref_axis',(0.,1.,0.));
#2246=DIRECTION('',(0.,1.,0.));
#2247=DIRECTION('',(0.,0.,1.));
#2248=DIRECTION('',(0.,1.,0.));
#2249=DIRECTION('center_axis',(0.,0.,1.));
#2250=DIRECTION('ref_axis',(1.,0.,0.));
#2251=DIRECTION('',(-1.,0.,0.));
#2252=DIRECTION('',(0.,1.,0.));
#2253=DIRECTION('',(-1.,0.,0.));
#2254=DIRECTION('',(0.573576436351046,-0.819152044288992,0.));
#2255=DIRECTION('center_axis',(0.,0.,-1.));
#2256=DIRECTION('ref_axis',(0.887010833178221,-0.461748613235035,0.));
#2257=DIRECTION('',(-1.,0.,0.));
#2258=DIRECTION('center_axis',(0.,0.,-1.));
#2259=DIRECTION('ref_axis',(-0.887010833178222,-0.461748613235034,0.));
#2260=DIRECTION('',(0.573576436351046,0.819152044288992,0.));
#2261=DIRECTION('',(-1.,0.,0.));
#2262=DIRECTION('',(0.,-1.,0.));
#2263=DIRECTION('',(-1.,0.,0.));
#2264=DIRECTION('center_axis',(0.,0.,-1.));
#2265=DIRECTION('ref_axis',(-0.707106781186548,0.707106781186548,0.));
#2266=DIRECTION('',(0.,-1.,0.));
#2267=DIRECTION('center_axis',(0.,0.,-1.));
#2268=DIRECTION('ref_axis',(-0.707106781186548,-0.707106781186547,0.));
#2269=DIRECTION('',(1.,0.,0.));
#2270=DIRECTION('center_axis',(0.,0.,-1.));
#2271=DIRECTION('ref_axis',(0.707106781186546,-0.707106781186549,0.));
#2272=DIRECTION('center_axis',(0.,0.,-1.));
#2273=DIRECTION('ref_axis',(-1.,0.,0.));
#2274=DIRECTION('center_axis',(0.,0.,-1.));
#2275=DIRECTION('ref_axis',(-1.,0.,0.));
#2276=DIRECTION('center_axis',(0.,0.,1.));
#2277=DIRECTION('ref_axis',(0.707106781186546,-0.707106781186549,0.));
#2278=DIRECTION('',(0.,0.,-1.));
#2279=DIRECTION('center_axis',(0.,0.,1.));
#2280=DIRECTION('ref_axis',(0.707106781186546,-0.707106781186549,0.));
#2281=DIRECTION('center_axis',(0.,-1.,0.));
#2282=DIRECTION('ref_axis',(1.,0.,0.));
#2283=DIRECTION('',(0.,0.,1.));
#2284=DIRECTION('',(1.,0.,0.));
#2285=DIRECTION('center_axis',(0.,0.,1.));
#2286=DIRECTION('ref_axis',(-0.707106781186548,-0.707106781186547,0.));
#2287=DIRECTION('',(0.,0.,-1.));
#2288=DIRECTION('center_axis',(0.,0.,1.));
#2289=DIRECTION('ref_axis',(-0.707106781186548,-0.707106781186547,0.));
#2290=DIRECTION('center_axis',(-1.,0.,0.));
#2291=DIRECTION('ref_axis',(0.,-1.,0.));
#2292=DIRECTION('',(0.,0.,1.));
#2293=DIRECTION('',(0.,-1.,0.));
#2294=DIRECTION('center_axis',(0.,0.,1.));
#2295=DIRECTION('ref_axis',(-0.707106781186548,0.707106781186548,0.));
#2296=DIRECTION('',(0.,0.,-1.));
#2297=DIRECTION('center_axis',(0.,0.,1.));
#2298=DIRECTION('ref_axis',(-0.707106781186548,0.707106781186548,0.));
#2299=DIRECTION('center_axis',(0.,1.,0.));
#2300=DIRECTION('ref_axis',(-1.,0.,0.));
#2301=DIRECTION('center_axis',(0.,1.,0.));
#2302=DIRECTION('ref_axis',(0.707106781186547,0.,-0.707106781186548));
#2303=DIRECTION('',(0.,0.,1.));
#2304=DIRECTION('center_axis',(0.,-1.,0.));
#2305=DIRECTION('ref_axis',(-0.707106781186547,0.,0.707106781186547));
#2306=DIRECTION('',(-1.,0.,0.));
#2307=DIRECTION('',(-1.97372982155584E-15,0.,-1.));
#2308=DIRECTION('center_axis',(0.,-1.,0.));
#2309=DIRECTION('ref_axis',(-1.,0.,0.));
#2310=DIRECTION('',(1.97372982155583E-15,0.,1.));
#2311=DIRECTION('center_axis',(0.,-1.,0.));
#2312=DIRECTION('ref_axis',(1.,0.,0.));
#2313=DIRECTION('center_axis',(0.,1.,0.));
#2314=DIRECTION('ref_axis',(0.707106781186547,0.,0.707106781186547));
#2315=DIRECTION('center_axis',(0.,-1.,0.));
#2316=DIRECTION('ref_axis',(0.707106781186547,0.,0.707106781186547));
#2317=DIRECTION('center_axis',(0.,1.,0.));
#2318=DIRECTION('ref_axis',(0.707106781186547,0.,0.707106781186547));
#2319=DIRECTION('',(0.,1.,0.));
#2320=DIRECTION('center_axis',(0.,1.,0.));
#2321=DIRECTION('ref_axis',(-1.,0.,0.));
#2322=DIRECTION('',(-1.,0.,0.));
#2323=DIRECTION('',(0.,0.,1.));
#2324=DIRECTION('center_axis',(0.,1.,0.));
#2325=DIRECTION('ref_axis',(-0.707106781186546,0.,-0.707106781186549));
#2326=DIRECTION('',(1.97372982155583E-15,0.,-1.));
#2327=DIRECTION('center_axis',(0.,-1.,0.));
#2328=DIRECTION('ref_axis',(1.,0.,0.));
#2329=DIRECTION('',(-1.97372982155584E-15,0.,1.));
#2330=DIRECTION('center_axis',(0.,-1.,0.));
#2331=DIRECTION('ref_axis',(-1.,0.,0.));
#2332=DIRECTION('center_axis',(0.,-1.,0.));
#2333=DIRECTION('ref_axis',(-0.707106781186547,0.,0.707106781186547));
#2334=DIRECTION('center_axis',(0.,1.,0.));
#2335=DIRECTION('ref_axis',(-0.707106781186547,0.,0.707106781186547));
#2336=DIRECTION('',(0.,-1.,0.));
#2337=DIRECTION('center_axis',(0.,-1.,0.));
#2338=DIRECTION('ref_axis',(1.,0.,0.));
#2339=DIRECTION('',(0.,0.,1.));
#2340=DIRECTION('center_axis',(0.,-1.,0.));
#2341=DIRECTION('ref_axis',(0.707106781186547,0.,-0.707106781186548));
#2342=DIRECTION('',(0.,0.,1.));
#2343=DIRECTION('center_axis',(0.,1.,0.));
#2344=DIRECTION('ref_axis',(-1.,0.,-3.41040547589402E-16));
#2345=DIRECTION('',(1.97372982155584E-15,0.,1.));
#2346=DIRECTION('center_axis',(0.,1.,0.));
#2347=DIRECTION('ref_axis',(1.,0.,0.));
#2348=DIRECTION('',(-1.97372982155583E-15,0.,-1.));
#2349=DIRECTION('center_axis',(0.,1.,0.));
#2350=DIRECTION('ref_axis',(-1.,0.,0.));
#2351=DIRECTION('center_axis',(-1.,0.,0.));
#2352=DIRECTION('ref_axis',(0.,-1.,0.));
#2353=DIRECTION('',(0.,1.,0.));
#2354=DIRECTION('center_axis',(0.,1.,0.));
#2355=DIRECTION('ref_axis',(0.707106781186547,0.,-0.707106781186548));
#2356=DIRECTION('center_axis',(0.,-1.,0.));
#2357=DIRECTION('ref_axis',(-0.707106781186546,0.,-0.707106781186549));
#2358=DIRECTION('center_axis',(0.,-1.,0.));
#2359=DIRECTION('ref_axis',(-0.707106781186546,0.,-0.707106781186549));
#2360=DIRECTION('',(0.,-1.,0.));
#2361=DIRECTION('center_axis',(-0.270678697097865,-0.962669747596445,-4.67750675304484E-16));
#2362=DIRECTION('ref_axis',(-0.962669747596445,0.270678697097865,0.));
#2363=DIRECTION('center_axis',(0.,0.,-1.));
#2364=DIRECTION('ref_axis',(0.,-1.,0.));
#2365=DIRECTION('center_axis',(0.,1.,0.));
#2366=DIRECTION('ref_axis',(-1.,0.,-4.54720730119203E-16));
#2367=DIRECTION('center_axis',(1.,0.,0.));
#2368=DIRECTION('ref_axis',(0.,0.,1.));
#2369=DIRECTION('center_axis',(0.,0.,1.));
#2370=DIRECTION('ref_axis',(-0.887010833178222,-0.461748613235034,0.));
#2371=DIRECTION('',(0.,0.,1.));
#2372=DIRECTION('',(0.,0.,-1.));
#2373=DIRECTION('center_axis',(0.,1.,0.));
#2374=DIRECTION('ref_axis',(1.,0.,1.136801825298E-16));
#2375=DIRECTION('center_axis',(0.,0.,-1.));
#2376=DIRECTION('ref_axis',(0.819152044288992,0.573576436351046,0.));
#2377=DIRECTION('center_axis',(0.270678697097864,-0.962669747596445,-6.01027443587173E-16));
#2378=DIRECTION('ref_axis',(0.962669747596445,0.270678697097864,0.));
#2379=DIRECTION('center_axis',(-1.,0.,0.));
#2380=DIRECTION('ref_axis',(0.,-1.,0.));
#2381=DIRECTION('center_axis',(0.,0.,1.));
#2382=DIRECTION('ref_axis',(0.887010833178221,-0.461748613235035,0.));
#2383=DIRECTION('',(0.,0.,1.));
#2384=DIRECTION('',(0.,0.,-1.));
#2385=DIRECTION('center_axis',(-0.573576436351046,0.819152044288992,0.));
#2386=DIRECTION('ref_axis',(0.579227965339569,0.405579787672638,0.707106781186548));
#2387=DIRECTION('center_axis',(0.,1.,0.));
#2388=DIRECTION('ref_axis',(1.,0.,-5.68400912649003E-17));
#2389=DIRECTION('',(-0.573576436351046,0.819152044288992,0.));
#2390=DIRECTION('center_axis',(1.,0.,0.));
#2391=DIRECTION('ref_axis',(0.,-0.707106781186549,0.707106781186546));
#2392=DIRECTION('',(1.,0.,0.));
#2393=DIRECTION('center_axis',(-0.573576436351046,-0.819152044288992,0.));
#2394=DIRECTION('ref_axis',(-0.579227965339568,0.405579787672639,0.707106781186548));
#2395=DIRECTION('',(-0.573576436351046,-0.819152044288992,0.));
#2396=DIRECTION('center_axis',(0.,-1.,0.));
#2397=DIRECTION('ref_axis',(1.,0.,0.));
#2398=DIRECTION('center_axis',(-0.819152044288992,0.573576436351046,0.));
#2399=DIRECTION('ref_axis',(-0.573576436351046,-0.819152044288992,0.));
#2400=DIRECTION('center_axis',(-1.,0.,1.97372982155584E-15));
#2401=DIRECTION('ref_axis',(-1.97372982155584E-15,0.,-1.));
#2402=DIRECTION('',(0.,-1.,0.));
#2403=DIRECTION('',(0.,-1.,0.));
#2404=DIRECTION('center_axis',(0.,-1.,0.));
#2405=DIRECTION('ref_axis',(1.,0.,0.));
#2406=DIRECTION('',(0.,-1.,0.));
#2407=DIRECTION('center_axis',(1.,0.,-1.97372982155583E-15));
#2408=DIRECTION('ref_axis',(1.97372982155583E-15,0.,1.));
#2409=DIRECTION('',(0.,-1.,0.));
#2410=DIRECTION('center_axis',(0.,-1.,0.));
#2411=DIRECTION('ref_axis',(-1.,0.,0.));
#2412=DIRECTION('center_axis',(-1.,0.,-1.97372982155583E-15));
#2413=DIRECTION('ref_axis',(1.97372982155583E-15,0.,-1.));
#2414=DIRECTION('',(-1.97372982155583E-15,0.,1.));
#2415=DIRECTION('',(0.,-1.,0.));
#2416=DIRECTION('',(0.,-1.,0.));
#2417=DIRECTION('center_axis',(0.,-1.,0.));
#2418=DIRECTION('ref_axis',(-1.,0.,0.));
#2419=DIRECTION('center_axis',(0.,1.,0.));
#2420=DIRECTION('ref_axis',(-1.,0.,0.));
#2421=DIRECTION('',(0.,-1.,0.));
#2422=DIRECTION('center_axis',(1.,0.,1.97372982155584E-15));
#2423=DIRECTION('ref_axis',(-1.97372982155584E-15,0.,1.));
#2424=DIRECTION('',(1.97372982155584E-15,0.,-1.));
#2425=DIRECTION('',(0.,-1.,0.));
#2426=DIRECTION('center_axis',(0.,-1.,0.));
#2427=DIRECTION('ref_axis',(1.,0.,0.));
#2428=DIRECTION('center_axis',(0.,1.,0.));
#2429=DIRECTION('ref_axis',(1.,0.,0.));
#2430=DIRECTION('center_axis',(0.,0.,-1.));
#2431=DIRECTION('ref_axis',(-1.,0.,0.));
#2432=DIRECTION('',(0.,0.,-1.));
#2433=DIRECTION('center_axis',(0.,0.,-1.));
#2434=DIRECTION('ref_axis',(-1.,0.,0.));
#2435=DIRECTION('center_axis',(0.,0.,1.));
#2436=DIRECTION('ref_axis',(-1.,0.,0.));
#2437=DIRECTION('center_axis',(1.,0.,0.));
#2438=DIRECTION('ref_axis',(0.,1.,0.));
#2439=DIRECTION('',(0.,0.,1.));
#2440=DIRECTION('center_axis',(0.,-1.,0.));
#2441=DIRECTION('ref_axis',(1.,0.,0.));
#2442=DIRECTION('',(0.,0.,1.));
#2443=DIRECTION('center_axis',(0.819152044288992,0.573576436351046,0.));
#2444=DIRECTION('ref_axis',(-0.573576436351046,0.819152044288992,0.));
#2445=DIRECTION('center_axis',(0.,0.,-1.));
#2446=DIRECTION('ref_axis',(-1.,0.,0.));
#2447=DIRECTION('',(0.,0.,-1.));
#2448=DIRECTION('center_axis',(0.,0.,-1.));
#2449=DIRECTION('ref_axis',(-1.,0.,0.));
#2450=DIRECTION('center_axis',(0.,0.,1.));
#2451=DIRECTION('ref_axis',(-1.,0.,0.));
#2452=DIRECTION('center_axis',(0.,0.,1.));
#2453=DIRECTION('ref_axis',(1.,0.,0.));
#2454=DIRECTION('center_axis',(0.,0.,-1.));
#2455=DIRECTION('ref_axis',(-1.,0.,0.));
#2456=DIRECTION('',(0.,0.,-1.));
#2457=DIRECTION('center_axis',(0.,0.,-1.));
#2458=DIRECTION('ref_axis',(-1.,0.,0.));
#2459=DIRECTION('center_axis',(0.,0.,1.));
#2460=DIRECTION('ref_axis',(-1.,0.,0.));
#2461=DIRECTION('center_axis',(0.,0.,1.));
#2462=DIRECTION('ref_axis',(1.,0.,0.));
#2463=DIRECTION('center_axis',(0.,0.,1.));
#2464=DIRECTION('ref_axis',(1.,0.,0.));
#2465=DIRECTION('',(0.,0.,-1.));
#2466=DIRECTION('center_axis',(0.,0.,-1.));
#2467=DIRECTION('ref_axis',(1.,0.,0.));
#2468=DIRECTION('center_axis',(0.,0.,1.));
#2469=DIRECTION('ref_axis',(1.,0.,0.));
#2470=DIRECTION('',(0.,0.,-1.));
#2471=DIRECTION('center_axis',(0.,0.,-1.));
#2472=DIRECTION('ref_axis',(1.,0.,0.));
#2473=DIRECTION('center_axis',(0.,0.,1.));
#2474=DIRECTION('ref_axis',(1.,0.,0.));
#2475=DIRECTION('axis',(0.,0.,1.));
#2476=DIRECTION('refdir',(1.,0.,0.));
#2477=DIRECTION('center_axis',(0.,-1.,0.));
#2478=DIRECTION('ref_axis',(-0.707106781186548,0.,0.707106781186547));
#2479=DIRECTION('center_axis',(0.,1.,0.));
#2480=DIRECTION('ref_axis',(-0.707106781186548,0.,0.707106781186547));
#2481=DIRECTION('',(0.,1.,0.));
#2482=DIRECTION('center_axis',(0.,-1.,0.));
#2483=DIRECTION('ref_axis',(-0.707106781186548,0.,0.707106781186547));
#2484=DIRECTION('',(0.,-1.,0.));
#2485=DIRECTION('center_axis',(0.,1.,0.));
#2486=DIRECTION('ref_axis',(-1.,0.,0.));
#2487=DIRECTION('',(1.,0.,0.));
#2488=DIRECTION('center_axis',(0.,-1.,0.));
#2489=DIRECTION('ref_axis',(0.707106781186551,0.,0.707106781186544));
#2490=DIRECTION('',(0.,0.,-1.));
#2491=DIRECTION('',(-1.,0.,0.));
#2492=DIRECTION('',(0.,0.,-1.));
#2493=DIRECTION('center_axis',(0.,-1.,0.));
#2494=DIRECTION('ref_axis',(-0.707106781186554,0.,0.707106781186541));
#2495=DIRECTION('',(-1.,0.,0.));
#2496=DIRECTION('center_axis',(0.,-1.,0.));
#2497=DIRECTION('ref_axis',(0.707106781186554,0.,0.707106781186541));
#2498=DIRECTION('',(0.,0.,1.));
#2499=DIRECTION('',(-1.,0.,0.));
#2500=DIRECTION('center_axis',(0.,-1.,0.));
#2501=DIRECTION('ref_axis',(0.707106781186546,0.,0.707106781186549));
#2502=DIRECTION('',(0.,0.,1.));
#2503=DIRECTION('center_axis',(0.,-1.,0.));
#2504=DIRECTION('ref_axis',(0.707106781186546,0.,-0.707106781186549));
#2505=DIRECTION('',(-1.,0.,0.));
#2506=DIRECTION('center_axis',(0.,-1.,0.));
#2507=DIRECTION('ref_axis',(-0.707106781186547,0.,-0.707106781186548));
#2508=DIRECTION('',(0.,0.,1.));
#2509=DIRECTION('center_axis',(0.,-1.,0.));
#2510=DIRECTION('ref_axis',(-0.707106781186547,0.,0.707106781186548));
#2511=DIRECTION('',(-1.,0.,0.));
#2512=DIRECTION('',(0.,0.,1.));
#2513=DIRECTION('center_axis',(0.,1.,0.));
#2514=DIRECTION('ref_axis',(-1.,0.,0.));
#2515=DIRECTION('center_axis',(0.,-1.,0.));
#2516=DIRECTION('ref_axis',(-1.,0.,0.));
#2517=DIRECTION('center_axis',(0.,-1.,0.));
#2518=DIRECTION('ref_axis',(1.,0.,0.));
#2519=DIRECTION('center_axis',(0.,1.,0.));
#2520=DIRECTION('ref_axis',(-1.,0.,0.));
#2521=DIRECTION('center_axis',(0.,0.,-1.));
#2522=DIRECTION('ref_axis',(1.,0.,0.));
#2523=DIRECTION('',(1.,0.,0.));
#2524=DIRECTION('',(0.,-1.,0.));
#2525=DIRECTION('center_axis',(0.,-1.,0.));
#2526=DIRECTION('ref_axis',(0.707106781186551,0.,0.707106781186544));
#2527=DIRECTION('center_axis',(0.,1.,0.));
#2528=DIRECTION('ref_axis',(0.707106781186551,0.,0.707106781186544));
#2529=DIRECTION('',(0.,1.,0.));
#2530=DIRECTION('center_axis',(0.,-1.,0.));
#2531=DIRECTION('ref_axis',(-0.707106781186554,0.,0.707106781186541));
#2532=DIRECTION('center_axis',(0.,1.,0.));
#2533=DIRECTION('ref_axis',(-0.707106781186554,0.,0.707106781186541));
#2534=DIRECTION('',(0.,1.,0.));
#2535=DIRECTION('',(0.,-1.,0.));
#2536=DIRECTION('center_axis',(0.,0.,1.));
#2537=DIRECTION('ref_axis',(-1.,0.,0.));
#2538=DIRECTION('',(-1.,0.,0.));
#2539=DIRECTION('',(0.,-1.,0.));
#2540=DIRECTION('center_axis',(0.,-1.,0.));
#2541=DIRECTION('ref_axis',(0.707106781186554,0.,0.707106781186541));
#2542=DIRECTION('center_axis',(0.,1.,0.));
#2543=DIRECTION('ref_axis',(0.707106781186554,0.,0.707106781186541));
#2544=DIRECTION('',(0.,1.,0.));
#2545=DIRECTION('center_axis',(0.,-1.,0.));
#2546=DIRECTION('ref_axis',(0.,0.,-1.));
#2547=DIRECTION('center_axis',(-1.,0.,0.));
#2548=DIRECTION('ref_axis',(0.,0.,1.));
#2549=DIRECTION('center_axis',(0.,-1.,0.));
#2550=DIRECTION('ref_axis',(-1.,0.,0.));
#2551=DIRECTION('center_axis',(0.,-1.,0.));
#2552=DIRECTION('ref_axis',(-1.,0.,0.));
#2553=DIRECTION('center_axis',(0.,-1.,0.));
#2554=DIRECTION('ref_axis',(-1.,0.,0.));
#2555=DIRECTION('',(0.,-1.,0.));
#2556=DIRECTION('center_axis',(0.,1.,0.));
#2557=DIRECTION('ref_axis',(-1.,0.,0.));
#2558=DIRECTION('center_axis',(0.,-1.,0.));
#2559=DIRECTION('ref_axis',(0.,0.,-1.));
#2560=DIRECTION('center_axis',(-1.,0.,0.));
#2561=DIRECTION('ref_axis',(0.,0.,1.));
#2562=DIRECTION('center_axis',(0.,-1.,0.));
#2563=DIRECTION('ref_axis',(-1.,0.,0.));
#2564=DIRECTION('center_axis',(0.,-1.,0.));
#2565=DIRECTION('ref_axis',(-1.,0.,0.));
#2566=DIRECTION('center_axis',(0.,-1.,0.));
#2567=DIRECTION('ref_axis',(-1.,0.,0.));
#2568=DIRECTION('',(0.,-1.,0.));
#2569=DIRECTION('center_axis',(0.,1.,0.));
#2570=DIRECTION('ref_axis',(-1.,0.,0.));
#2571=DIRECTION('center_axis',(6.12323399573677E-17,-1.,0.));
#2572=DIRECTION('ref_axis',(-0.707106781186547,0.,0.707106781186548));
#2573=DIRECTION('center_axis',(0.,1.,0.));
#2574=DIRECTION('ref_axis',(-0.707106781186547,0.,0.707106781186548));
#2575=DIRECTION('',(-6.12323399573677E-17,1.,0.));
#2576=DIRECTION('',(6.12323399573677E-17,-1.,0.));
#2577=DIRECTION('center_axis',(0.,0.,1.));
#2578=DIRECTION('ref_axis',(1.,0.,0.));
#2579=DIRECTION('',(1.,0.,0.));
#2580=DIRECTION('',(1.,0.,0.));
#2581=DIRECTION('',(1.,0.,0.));
#2582=DIRECTION('',(0.,-1.,0.));
#2583=DIRECTION('',(0.,-1.,0.));
#2584=DIRECTION('',(-1.,0.,0.));
#2585=DIRECTION('',(0.,1.,0.));
#2586=DIRECTION('',(0.,-1.,0.));
#2587=DIRECTION('',(-1.,0.,0.));
#2588=DIRECTION('',(0.,1.,0.));
#2589=DIRECTION('center_axis',(0.,0.,-1.));
#2590=DIRECTION('ref_axis',(0.,-1.,0.));
#2591=DIRECTION('center_axis',(0.,1.,0.));
#2592=DIRECTION('ref_axis',(0.707106781186546,0.,0.707106781186549));
#2593=DIRECTION('center_axis',(0.,1.,0.));
#2594=DIRECTION('ref_axis',(0.707106781186546,0.,0.707106781186549));
#2595=DIRECTION('',(0.,1.,0.));
#2596=DIRECTION('center_axis',(0.,1.,0.));
#2597=DIRECTION('ref_axis',(0.707106781186546,0.,-0.707106781186549));
#2598=DIRECTION('',(0.,-1.,0.));
#2599=DIRECTION('center_axis',(0.,1.,0.));
#2600=DIRECTION('ref_axis',(0.707106781186546,0.,-0.707106781186549));
#2601=DIRECTION('',(0.,1.,0.));
#2602=DIRECTION('center_axis',(0.,0.,1.));
#2603=DIRECTION('ref_axis',(1.,0.,0.));
#2604=DIRECTION('',(1.,0.,0.));
#2605=DIRECTION('',(1.,0.,0.));
#2606=DIRECTION('center_axis',(0.,0.,1.));
#2607=DIRECTION('ref_axis',(-0.88701083317822,-0.461748613235038,0.));
#2608=DIRECTION('',(0.573576436351043,0.819152044288993,0.));
#2609=DIRECTION('',(-1.,0.,0.));
#2610=DIRECTION('',(0.573576436351046,-0.819152044288992,0.));
#2611=DIRECTION('center_axis',(0.,0.,1.));
#2612=DIRECTION('ref_axis',(0.887010833178221,-0.461748613235035,0.));
#2613=DIRECTION('',(1.,0.,0.));
#2614=DIRECTION('',(1.,0.,0.));
#2615=DIRECTION('',(6.12323399573677E-17,-1.,0.));
#2616=DIRECTION('center_axis',(6.12323399573677E-17,-1.,0.));
#2617=DIRECTION('ref_axis',(-0.707106781186547,0.,-0.707106781186548));
#2618=DIRECTION('center_axis',(0.,1.,0.));
#2619=DIRECTION('ref_axis',(-0.707106781186547,0.,-0.707106781186548));
#2620=DIRECTION('',(-6.12323399573677E-17,1.,0.));
#2621=DIRECTION('center_axis',(0.,-1.,0.));
#2622=DIRECTION('ref_axis',(1.,0.,0.));
#2623=DIRECTION('',(0.,0.,1.));
#2624=DIRECTION('center_axis',(0.,0.,1.));
#2625=DIRECTION('ref_axis',(0.887010833178221,-0.461748613235035,0.));
#2626=DIRECTION('',(0.,0.,-1.));
#2627=DIRECTION('',(0.,0.,1.));
#2628=DIRECTION('center_axis',(0.,0.,-1.));
#2629=DIRECTION('ref_axis',(0.887010833178221,-0.461748613235035,0.));
#2630=DIRECTION('center_axis',(-0.707106781186548,0.,-0.707106781186548));
#2631=DIRECTION('ref_axis',(0.707106781186548,0.,-0.707106781186548));
#2632=DIRECTION('center_axis',(0.,0.,-1.));
#2633=DIRECTION('ref_axis',(-0.88701083317822,-0.461748613235038,0.));
#2634=DIRECTION('',(0.,0.,-1.));
#2635=DIRECTION('',(0.,0.,1.));
#2636=DIRECTION('center_axis',(0.707106781186549,0.,-0.707106781186546));
#2637=DIRECTION('ref_axis',(0.707106781186546,0.,0.707106781186549));
#2638=DIRECTION('center_axis',(0.,0.,-1.));
#2639=DIRECTION('ref_axis',(-0.88701083317822,-0.461748613235038,0.));
#2640=DIRECTION('center_axis',(1.,0.,0.));
#2641=DIRECTION('ref_axis',(0.,-0.707106781186546,-0.707106781186549));
#2642=DIRECTION('',(1.,0.,0.));
#2643=DIRECTION('',(-1.,0.,0.));
#2644=DIRECTION('center_axis',(-0.819152044288992,-0.573576436351046,0.));
#2645=DIRECTION('ref_axis',(0.573576436351046,-0.819152044288992,0.));
#2646=DIRECTION('',(0.,0.,1.));
#2647=DIRECTION('',(0.573576436351046,-0.819152044288992,0.));
#2648=DIRECTION('center_axis',(-0.819152044288992,-0.573576436351046,0.));
#2649=DIRECTION('ref_axis',(0.573576436351046,-0.819152044288992,0.));
#2650=DIRECTION('',(0.,0.,-1.));
#2651=DIRECTION('center_axis',(0.,-1.,0.));
#2652=DIRECTION('ref_axis',(1.,0.,0.));
#2653=DIRECTION('center_axis',(0.,1.,0.));
#2654=DIRECTION('ref_axis',(1.,0.,0.));
#2655=DIRECTION('center_axis',(0.,1.,0.));
#2656=DIRECTION('ref_axis',(1.,0.,0.));
#2657=DIRECTION('center_axis',(0.,1.,0.));
#2658=DIRECTION('ref_axis',(1.,0.,0.));
#2659=DIRECTION('',(0.,-1.,0.));
#2660=DIRECTION('center_axis',(0.,1.,0.));
#2661=DIRECTION('ref_axis',(1.,0.,0.));
#2662=DIRECTION('center_axis',(0.,-1.,0.));
#2663=DIRECTION('ref_axis',(1.,0.,0.));
#2664=DIRECTION('center_axis',(1.,0.,0.));
#2665=DIRECTION('ref_axis',(0.,0.,1.));
#2666=DIRECTION('',(0.,0.,1.));
#2667=DIRECTION('center_axis',(-1.,0.,0.));
#2668=DIRECTION('ref_axis',(0.,0.,-1.));
#2669=DIRECTION('',(0.,0.,-1.));
#2670=DIRECTION('center_axis',(0.,1.,0.));
#2671=DIRECTION('ref_axis',(0.,0.,-1.));
#2672=DIRECTION('center_axis',(0.,-1.,0.));
#2673=DIRECTION('ref_axis',(-1.,0.,0.));
#2674=DIRECTION('',(0.,-1.,0.));
#2675=DIRECTION('center_axis',(0.,-1.,0.));
#2676=DIRECTION('ref_axis',(-1.,0.,0.));
#2677=DIRECTION('center_axis',(0.,1.,0.));
#2678=DIRECTION('ref_axis',(-1.,0.,0.));
#2679=DIRECTION('center_axis',(1.,0.,0.));
#2680=DIRECTION('ref_axis',(0.,0.,1.));
#2681=DIRECTION('',(0.,0.,1.));
#2682=DIRECTION('center_axis',(-1.,0.,0.));
#2683=DIRECTION('ref_axis',(0.,0.,-1.));
#2684=DIRECTION('',(0.,0.,-1.));
#2685=DIRECTION('center_axis',(0.,-1.,0.));
#2686=DIRECTION('ref_axis',(0.,0.,-1.));
#2687=DIRECTION('center_axis',(0.,-1.,0.));
#2688=DIRECTION('ref_axis',(1.,0.,0.));
#2689=DIRECTION('',(0.,0.,1.));
#2690=DIRECTION('center_axis',(0.,1.,0.));
#2691=DIRECTION('ref_axis',(1.,0.,0.));
#2692=DIRECTION('center_axis',(0.,1.,0.));
#2693=DIRECTION('ref_axis',(1.,0.,0.));
#2694=DIRECTION('',(0.,1.,0.));
#2695=DIRECTION('center_axis',(0.819152044288994,-0.573576436351043,0.));
#2696=DIRECTION('ref_axis',(0.573576436351043,0.819152044288993,0.));
#2697=DIRECTION('center_axis',(0.819152044288994,-0.573576436351043,0.));
#2698=DIRECTION('ref_axis',(0.573576436351043,0.819152044288993,0.));
#2699=DIRECTION('center_axis',(0.,-1.,0.));
#2700=DIRECTION('ref_axis',(1.,0.,0.));
#2701=DIRECTION('center_axis',(0.,1.,0.));
#2702=DIRECTION('ref_axis',(1.,0.,0.));
#2703=DIRECTION('center_axis',(0.,1.,0.));
#2704=DIRECTION('ref_axis',(1.,0.,0.));
#2705=DIRECTION('center_axis',(0.,1.,0.));
#2706=DIRECTION('ref_axis',(1.,0.,0.));
#2707=DIRECTION('',(0.,1.,0.));
#2708=DIRECTION('center_axis',(0.,0.,-1.));
#2709=DIRECTION('ref_axis',(0.,-1.,0.));
#2710=DIRECTION('center_axis',(0.,0.,1.));
#2711=DIRECTION('ref_axis',(0.,-1.,0.));
#2712=DIRECTION('',(8.65956056235493E-17,-0.707106781186547,0.707106781186548));
#2713=DIRECTION('center_axis',(0.,0.,1.));
#2714=DIRECTION('ref_axis',(1.,0.,0.));
#2715=DIRECTION('center_axis',(0.,0.,1.));
#2716=DIRECTION('ref_axis',(0.,-1.,0.));
#2717=DIRECTION('',(0.,0.,1.));
#2718=DIRECTION('center_axis',(0.,-1.,0.));
#2719=DIRECTION('ref_axis',(1.,0.,0.));
#2720=DIRECTION('',(0.,0.,1.));
#2721=DIRECTION('center_axis',(0.,1.,0.));
#2722=DIRECTION('ref_axis',(-1.,0.,0.));
#2723=DIRECTION('',(0.,0.,1.));
#2724=DIRECTION('',(-1.,0.,0.));
#2725=DIRECTION('center_axis',(0.819152044288994,-0.573576436351043,0.));
#2726=DIRECTION('ref_axis',(0.573576436351043,0.819152044288993,0.));
#2727=DIRECTION('',(0.573576436351043,0.819152044288993,0.));
#2728=DIRECTION('center_axis',(0.,0.,1.));
#2729=DIRECTION('ref_axis',(1.,0.,0.));
#2730=DIRECTION('center_axis',(1.,0.,0.));
#2731=DIRECTION('ref_axis',(0.,1.,0.));
#2732=DIRECTION('center_axis',(-1.,-6.12323399573677E-17,0.));
#2733=DIRECTION('ref_axis',(6.12323399573677E-17,-1.,0.));
#2734=DIRECTION('axis',(0.,0.,1.));
#2735=DIRECTION('refdir',(1.,0.,0.));
#2736=DIRECTION('center_axis',(0.,0.,1.));
#2737=DIRECTION('ref_axis',(1.,0.,0.));
#2738=DIRECTION('center_axis',(0.,0.,1.));
#2739=DIRECTION('ref_axis',(1.,0.,0.));
#2740=DIRECTION('',(0.258819045102522,3.16961915143177E-17,-0.965925826289068));
#2741=DIRECTION('center_axis',(0.,0.,1.));
#2742=DIRECTION('ref_axis',(1.,0.,0.));
#2743=DIRECTION('center_axis',(0.,0.,1.));
#2744=DIRECTION('ref_axis',(1.,0.,0.));
#2745=DIRECTION('center_axis',(0.,0.,1.));
#2746=DIRECTION('ref_axis',(1.,0.,0.));
#2747=DIRECTION('center_axis',(0.,0.,1.));
#2748=DIRECTION('ref_axis',(1.,0.,0.));
#2749=DIRECTION('',(0.,0.,-1.));
#2750=DIRECTION('center_axis',(0.,0.,-1.));
#2751=DIRECTION('ref_axis',(-1.,0.,0.));
#2752=DIRECTION('',(-0.258819045102522,3.16961915143177E-17,0.965925826289068));
#2753=DIRECTION('center_axis',(0.,0.,1.));
#2754=DIRECTION('ref_axis',(1.,0.,0.));
#2755=DIRECTION('center_axis',(0.,0.,1.));
#2756=DIRECTION('ref_axis',(1.,0.,0.));
#2757=DIRECTION('center_axis',(0.,0.,-1.));
#2758=DIRECTION('ref_axis',(-1.,0.,0.));
#2759=DIRECTION('',(0.,0.,1.));
#2760=DIRECTION('',(1.,0.,0.));
#2761=DIRECTION('',(-1.76661472645277E-15,3.96503966158405E-16,1.));
#2762=DIRECTION('',(-0.999999999999999,1.02001740387436E-14,-9.86076131526266E-31));
#2763=DIRECTION('',(1.96448206191802E-46,1.,1.81191489167951E-29));
#2764=DIRECTION('',(0.999999999999999,0.,1.4155585091248E-30));
#2765=DIRECTION('',(1.96448206191802E-46,1.,1.81191489167951E-29));
#2766=DIRECTION('',(0.999999999999999,-5.42934326637472E-74,1.4155585091248E-30));
#2767=DIRECTION('center_axis',(0.,0.,1.));
#2768=DIRECTION('ref_axis',(1.,0.,0.));
#2769=CARTESIAN_POINT('',(0.,0.,0.));
#2770=CARTESIAN_POINT('',(0.,0.,0.));
#2771=CARTESIAN_POINT('Origin',(30.5,20.5,19.5));
#2772=CARTESIAN_POINT('',(31.,20.,0.));
#2773=CARTESIAN_POINT('',(30.,21.,0.));
#2774=CARTESIAN_POINT('',(33.,18.,0.));
#2775=CARTESIAN_POINT('',(30.,21.,26.));
#2776=CARTESIAN_POINT('',(30.,21.,6.5));
#2777=CARTESIAN_POINT('',(31.,20.,26.));
#2778=CARTESIAN_POINT('',(32.475,18.525,26.));
#2779=CARTESIAN_POINT('',(31.,20.,13.));
#2780=CARTESIAN_POINT('Origin',(30.,12.1,26.));
#2781=CARTESIAN_POINT('',(29.,20.,26.));
#2782=CARTESIAN_POINT('',(27.525,18.525,26.));
#2783=CARTESIAN_POINT('',(20.5,20.,26.));
#2784=CARTESIAN_POINT('',(15.5,20.,26.));
#2785=CARTESIAN_POINT('',(20.5,14.,26.));
#2786=CARTESIAN_POINT('',(20.5,16.05,26.));
#2787=CARTESIAN_POINT('',(27.4435491775229,14.,26.));
#2788=CARTESIAN_POINT('',(44.5,14.,26.));
#2789=CARTESIAN_POINT('',(21.2817228412775,5.2,26.));
#2790=CARTESIAN_POINT('',(27.0160959246193,13.3895334888902,26.));
#2791=CARTESIAN_POINT('',(38.7182771587225,5.2,26.));
#2792=CARTESIAN_POINT('',(24.0699830627724,5.2,26.));
#2793=CARTESIAN_POINT('',(32.5564508224771,14.,26.));
#2794=CARTESIAN_POINT('',(36.4149210126083,8.48953348889021,26.));
#2795=CARTESIAN_POINT('',(39.5,14.,26.));
#2796=CARTESIAN_POINT('',(44.5,14.,26.));
#2797=CARTESIAN_POINT('',(39.5,20.,26.));
#2798=CARTESIAN_POINT('',(39.5,13.05,26.));
#2799=CARTESIAN_POINT('',(15.5,20.,26.));
#2800=CARTESIAN_POINT('',(32.4,9.,26.));
#2801=CARTESIAN_POINT('Origin',(30.,9.,26.));
#2802=CARTESIAN_POINT('Origin',(29.5,20.5,6.5));
#2803=CARTESIAN_POINT('',(29.,20.,0.));
#2804=CARTESIAN_POINT('',(27.,18.,0.));
#2805=CARTESIAN_POINT('',(29.,20.,0.));
#2806=CARTESIAN_POINT('Origin',(59.,19.,0.));
#2807=CARTESIAN_POINT('',(59.,20.,6.));
#2808=CARTESIAN_POINT('',(60.,19.,6.));
#2809=CARTESIAN_POINT('Origin',(59.,19.,6.));
#2810=CARTESIAN_POINT('',(60.,19.,0.));
#2811=CARTESIAN_POINT('',(60.,19.,0.));
#2812=CARTESIAN_POINT('',(59.,20.,0.));
#2813=CARTESIAN_POINT('Origin',(59.,19.,0.));
#2814=CARTESIAN_POINT('',(59.,20.,0.));
#2815=CARTESIAN_POINT('Origin',(60.,0.,0.));
#2816=CARTESIAN_POINT('',(60.,1.,6.));
#2817=CARTESIAN_POINT('',(60.,0.,6.));
#2818=CARTESIAN_POINT('',(60.,1.,0.));
#2819=CARTESIAN_POINT('',(60.,1.,0.));
#2820=CARTESIAN_POINT('',(60.,0.,0.));
#2821=CARTESIAN_POINT('Origin',(30.,10.,6.));
#2822=CARTESIAN_POINT('',(46.5,20.,6.));
#2823=CARTESIAN_POINT('',(60.,20.,6.));
#2824=CARTESIAN_POINT('',(46.5,14.,6.));
#2825=CARTESIAN_POINT('',(46.5,12.,6.));
#2826=CARTESIAN_POINT('',(34.998,14.,6.));
#2827=CARTESIAN_POINT('',(32.499,14.,6.));
#2828=CARTESIAN_POINT('',(40.758203791773,5.77357643635104,6.));
#2829=CARTESIAN_POINT('',(38.5465637270989,8.93212578634632,6.));
#2830=CARTESIAN_POINT('',(39.939051747484,4.2,6.));
#2831=CARTESIAN_POINT('Origin',(39.939051747484,5.2,6.));
#2832=CARTESIAN_POINT('',(20.060948252516,4.2,6.));
#2833=CARTESIAN_POINT('',(24.0699830627724,4.2,6.));
#2834=CARTESIAN_POINT('',(19.241796208227,5.77357643635105,6.));
#2835=CARTESIAN_POINT('Origin',(20.060948252516,5.2,6.));
#2836=CARTESIAN_POINT('',(25.002,14.,6.));
#2837=CARTESIAN_POINT('',(24.8844532101287,13.8321257863463,6.));
#2838=CARTESIAN_POINT('',(13.5,14.,6.));
#2839=CARTESIAN_POINT('',(22.75,14.,6.));
#2840=CARTESIAN_POINT('',(13.5,20.,6.));
#2841=CARTESIAN_POINT('',(13.5,15.,6.));
#2842=CARTESIAN_POINT('',(0.999999999999996,20.,6.));
#2843=CARTESIAN_POINT('',(60.,20.,6.));
#2844=CARTESIAN_POINT('',(0.,19.,6.));
#2845=CARTESIAN_POINT('Origin',(1.,19.,6.));
#2846=CARTESIAN_POINT('',(0.,1.,6.));
#2847=CARTESIAN_POINT('',(0.,20.,6.));
#2848=CARTESIAN_POINT('',(1.,0.,6.));
#2849=CARTESIAN_POINT('Origin',(1.,1.,6.));
#2850=CARTESIAN_POINT('',(59.,0.,6.));
#2851=CARTESIAN_POINT('',(0.,0.,6.));
#2852=CARTESIAN_POINT('Origin',(59.,1.,6.));
#2853=CARTESIAN_POINT('',(55.0000006049872,10.,6.));
#2854=CARTESIAN_POINT('Origin',(50.,10.,6.));
#2855=CARTESIAN_POINT('',(15.,10.,6.));
#2856=CARTESIAN_POINT('Origin',(10.,10.,6.));
#2857=CARTESIAN_POINT('Origin',(59.,1.,0.));
#2858=CARTESIAN_POINT('',(59.,0.,0.));
#2859=CARTESIAN_POINT('',(59.,0.,0.));
#2860=CARTESIAN_POINT('Origin',(59.,1.,0.));
#2861=CARTESIAN_POINT('Origin',(0.,0.,0.));
#2862=CARTESIAN_POINT('',(1.,0.,0.));
#2863=CARTESIAN_POINT('',(1.,0.,0.));
#2864=CARTESIAN_POINT('',(0.,0.,0.));
#2865=CARTESIAN_POINT('Origin',(1.,1.,0.));
#2866=CARTESIAN_POINT('',(0.,1.,0.));
#2867=CARTESIAN_POINT('',(0.,1.,0.));
#2868=CARTESIAN_POINT('Origin',(1.,1.,0.));
#2869=CARTESIAN_POINT('Origin',(0.,20.,0.));
#2870=CARTESIAN_POINT('',(0.,19.,0.));
#2871=CARTESIAN_POINT('',(0.,19.,0.));
#2872=CARTESIAN_POINT('',(0.,20.,0.));
#2873=CARTESIAN_POINT('Origin',(1.,19.,0.));
#2874=CARTESIAN_POINT('',(0.999999999999996,20.,0.));
#2875=CARTESIAN_POINT('',(1.,20.,0.));
#2876=CARTESIAN_POINT('Origin',(1.,19.,0.));
#2877=CARTESIAN_POINT('Origin',(60.,20.,0.));
#2878=CARTESIAN_POINT('',(15.5,20.,8.));
#2879=CARTESIAN_POINT('Origin',(13.5,20.,8.));
#2880=CARTESIAN_POINT('',(15.5,20.,21.));
#2881=CARTESIAN_POINT('',(15.5,20.,6.));
#2882=CARTESIAN_POINT('Origin',(20.5,20.,21.));
#2883=CARTESIAN_POINT('',(60.,20.,0.));
#2884=CARTESIAN_POINT('',(18.,20.,22.25));
#2885=CARTESIAN_POINT('',(18.,20.,17.75));
#2886=CARTESIAN_POINT('',(18.,20.,11.125));
#2887=CARTESIAN_POINT('',(21.,20.,17.75));
#2888=CARTESIAN_POINT('Origin',(19.5,20.,17.75));
#2889=CARTESIAN_POINT('',(21.,20.,22.25));
#2890=CARTESIAN_POINT('',(21.,20.,8.87500000000004));
#2891=CARTESIAN_POINT('Origin',(19.5,20.,22.25));
#2892=CARTESIAN_POINT('Origin',(39.5,13.05,21.));
#2893=CARTESIAN_POINT('',(44.5,20.,21.));
#2894=CARTESIAN_POINT('Origin',(39.5,20.,21.));
#2895=CARTESIAN_POINT('',(44.5,14.,21.));
#2896=CARTESIAN_POINT('Origin',(39.5,14.,21.));
#2897=CARTESIAN_POINT('',(44.5,13.05,21.));
#2898=CARTESIAN_POINT('Origin',(60.,20.,0.));
#2899=CARTESIAN_POINT('',(60.,20.,0.));
#2900=CARTESIAN_POINT('',(44.5,20.,8.));
#2901=CARTESIAN_POINT('',(44.5,20.,6.));
#2902=CARTESIAN_POINT('Origin',(46.5,20.,8.));
#2903=CARTESIAN_POINT('',(39.,20.,22.25));
#2904=CARTESIAN_POINT('',(39.,20.,17.75));
#2905=CARTESIAN_POINT('',(39.,20.,11.125));
#2906=CARTESIAN_POINT('',(42.,20.,17.75));
#2907=CARTESIAN_POINT('Origin',(40.5,20.,17.75));
#2908=CARTESIAN_POINT('',(42.,20.,22.25));
#2909=CARTESIAN_POINT('',(42.,20.,8.87499999999998));
#2910=CARTESIAN_POINT('Origin',(40.5,20.,22.25));
#2911=CARTESIAN_POINT('Origin',(20.5,16.05,21.));
#2912=CARTESIAN_POINT('',(15.5,14.,21.));
#2913=CARTESIAN_POINT('Origin',(20.5,14.,21.));
#2914=CARTESIAN_POINT('',(15.5,16.05,21.));
#2915=CARTESIAN_POINT('Origin',(15.5,14.,6.));
#2916=CARTESIAN_POINT('',(15.5,14.,8.));
#2917=CARTESIAN_POINT('',(15.5,14.,6.));
#2918=CARTESIAN_POINT('Origin',(13.5,14.,8.));
#2919=CARTESIAN_POINT('',(25.002,14.,24.));
#2920=CARTESIAN_POINT('',(25.002,14.,6.));
#2921=CARTESIAN_POINT('Origin',(27.4435491775229,14.,24.));
#2922=CARTESIAN_POINT('',(18.,14.,17.75));
#2923=CARTESIAN_POINT('',(18.,14.,22.25));
#2924=CARTESIAN_POINT('',(18.,14.,14.125));
#2925=CARTESIAN_POINT('',(21.,14.,22.25));
#2926=CARTESIAN_POINT('Origin',(19.5,14.,22.25));
#2927=CARTESIAN_POINT('',(21.,14.,17.75));
#2928=CARTESIAN_POINT('',(21.,14.,11.875));
#2929=CARTESIAN_POINT('Origin',(19.5,14.,17.75));
#2930=CARTESIAN_POINT('Origin',(15.5,20.,6.));
#2931=CARTESIAN_POINT('',(15.5,15.,8.));
#2932=CARTESIAN_POINT('Origin',(13.5,15.,8.));
#2933=CARTESIAN_POINT('Origin',(46.5,12.,8.));
#2934=CARTESIAN_POINT('',(44.5,14.,8.));
#2935=CARTESIAN_POINT('Origin',(46.5,14.,8.));
#2936=CARTESIAN_POINT('',(44.5,12.,8.));
#2937=CARTESIAN_POINT('Ctrl Pts',(21.2817228412775,5.19999999999999,26.));
#2938=CARTESIAN_POINT('Ctrl Pts',(20.8239643752594,5.32871025133661,26.));
#2939=CARTESIAN_POINT('Ctrl Pts',(20.0637615164968,5.54246031448514,25.73788099886));
#2940=CARTESIAN_POINT('Ctrl Pts',(19.3813426740743,5.73433945434921,24.8965923503928));
#2941=CARTESIAN_POINT('Ctrl Pts',(19.241796208227,5.77357643635104,24.2991993003419));
#2942=CARTESIAN_POINT('Ctrl Pts',(19.241796208227,5.77357643635104,24.));
#2943=CARTESIAN_POINT('Ctrl Pts',(21.2817228412775,5.05040034982905,26.));
#2944=CARTESIAN_POINT('Ctrl Pts',(20.8239376480299,5.16685353370794,26.0193029954566));
#2945=CARTESIAN_POINT('Ctrl Pts',(20.0435436360227,5.36748514105877,25.7995075196697));
#2946=CARTESIAN_POINT('Ctrl Pts',(19.2876455774221,5.56173590094198,24.9602705283323));
#2947=CARTESIAN_POINT('Ctrl Pts',(19.122620049582,5.60337524293098,24.3210458504329));
#2948=CARTESIAN_POINT('Ctrl Pts',(19.122620049582,5.60337524293098,24.));
#2949=CARTESIAN_POINT('Ctrl Pts',(21.2817228412775,4.75166705375705,25.9316256958504));
#2950=CARTESIAN_POINT('Ctrl Pts',(20.836521186334,4.83489284318332,25.977987880186));
#2951=CARTESIAN_POINT('Ctrl Pts',(20.0486455309061,4.98683384956791,25.8298343559463));
#2952=CARTESIAN_POINT('Ctrl Pts',(19.1975390489801,5.15031810265098,25.027315540983));
#2953=CARTESIAN_POINT('Ctrl Pts',(18.9946340358131,5.18798559961006,24.3443986344641));
#2954=CARTESIAN_POINT('Ctrl Pts',(18.9946340358131,5.18798559961006,24.));
#2955=CARTESIAN_POINT('Ctrl Pts',(21.2817228412775,4.33118740469466,25.5970033047178));
#2956=CARTESIAN_POINT('Ctrl Pts',(20.8980260712241,4.35353896724651,25.6454999230462));
#2957=CARTESIAN_POINT('Ctrl Pts',(20.210416228228,4.39670492078315,25.5494647059935));
#2958=CARTESIAN_POINT('Ctrl Pts',(19.4305448841606,4.4491336981861,24.8937362309443));
#2959=CARTESIAN_POINT('Ctrl Pts',(19.2368813411191,4.46185497161596,24.3001486164718));
#2960=CARTESIAN_POINT('Ctrl Pts',(19.2368813411191,4.46185497161596,24.));
#2961=CARTESIAN_POINT('Ctrl Pts',(21.2817228412775,4.2,25.2243994752564));
#2962=CARTESIAN_POINT('Ctrl Pts',(20.9664784105965,4.19961024764778,25.2429098643032));
#2963=CARTESIAN_POINT('Ctrl Pts',(20.4244765425823,4.2005797035226,25.1257497329919));
#2964=CARTESIAN_POINT('Ctrl Pts',(19.8745419060947,4.19933563181311,24.6171697624941));
#2965=CARTESIAN_POINT('Ctrl Pts',(19.7492823146599,4.2,24.2068057780772));
#2966=CARTESIAN_POINT('Ctrl Pts',(19.7492823146599,4.2,24.));
#2967=CARTESIAN_POINT('Ctrl Pts',(21.2817228412775,4.2,25.));
#2968=CARTESIAN_POINT('Ctrl Pts',(21.007781664153,4.2,25.));
#2969=CARTESIAN_POINT('Ctrl Pts',(20.5528455320171,4.2,24.86894049943));
#2970=CARTESIAN_POINT('Ctrl Pts',(20.1444585007268,4.2,24.4482961751964));
#2971=CARTESIAN_POINT('Ctrl Pts',(20.060948252516,4.2,24.1495996501709));
#2972=CARTESIAN_POINT('Ctrl Pts',(20.060948252516,4.2,24.));
#2973=CARTESIAN_POINT('',(19.241796208227,5.77357643635104,24.));
#2974=CARTESIAN_POINT('Origin',(21.2817228412775,5.2,24.));
#2975=CARTESIAN_POINT('',(20.060948252516,4.2,24.));
#2976=CARTESIAN_POINT('Origin',(20.060948252516,5.2,24.));
#2977=CARTESIAN_POINT('',(21.2817228412775,4.2,25.));
#2978=CARTESIAN_POINT('Origin',(21.2817228412775,4.2,24.));
#2979=CARTESIAN_POINT('Origin',(21.2817228412775,5.2,25.));
#2980=CARTESIAN_POINT('Origin',(20.060948252516,5.2,6.));
#2981=CARTESIAN_POINT('',(20.060948252516,4.2,6.));
#2982=CARTESIAN_POINT('',(19.241796208227,5.77357643635104,6.));
#2983=CARTESIAN_POINT('Ctrl Pts',(40.758203791773,5.77357643635104,24.));
#2984=CARTESIAN_POINT('Ctrl Pts',(40.758203791773,5.77357643635104,24.2243994752564));
#2985=CARTESIAN_POINT('Ctrl Pts',(40.6796024711512,5.75147570750898,24.6715741272942));
#2986=CARTESIAN_POINT('Ctrl Pts',(40.1584593556611,5.60494327532798,25.6065328613995));
#2987=CARTESIAN_POINT('Ctrl Pts',(39.32862178008,5.37161366844882,26.));
#2988=CARTESIAN_POINT('Ctrl Pts',(38.7182771587225,5.2,26.));
#2989=CARTESIAN_POINT('Ctrl Pts',(40.877379950418,5.60337524293098,24.));
#2990=CARTESIAN_POINT('Ctrl Pts',(40.877379950418,5.60337524293098,24.2407843878247));
#2991=CARTESIAN_POINT('Ctrl Pts',(40.7858502620328,5.58025801668847,24.7203702214164));
#2992=CARTESIAN_POINT('Ctrl Pts',(40.1935265941182,5.42873245541861,25.6822526477007));
#2993=CARTESIAN_POINT('Ctrl Pts',(39.3286574163859,5.20567126166757,26.0257373272755));
#2994=CARTESIAN_POINT('Ctrl Pts',(38.7182771587225,5.05040034982905,26.));
#2995=CARTESIAN_POINT('Ctrl Pts',(41.0053356092598,5.18802337117327,24.));
#2996=CARTESIAN_POINT('Ctrl Pts',(41.0053356092598,5.18802337117327,24.2582989758481));
#2997=CARTESIAN_POINT('Ctrl Pts',(40.8948076092771,5.16744919654982,24.7727079340477));
#2998=CARTESIAN_POINT('Ctrl Pts',(40.2043166220653,5.03620780609387,25.7395214325666));
#2999=CARTESIAN_POINT('Ctrl Pts',(39.3118793653138,4.8626476878116,25.9934344384791));
#3000=CARTESIAN_POINT('Ctrl Pts',(38.7182771587225,4.75167996857657,25.9316181926983));
#3001=CARTESIAN_POINT('Ctrl Pts',(40.763063102929,4.4619613489095,24.));
#3002=CARTESIAN_POINT('Ctrl Pts',(40.763063102929,4.4619613489095,24.2251114623539));
#3003=CARTESIAN_POINT('Ctrl Pts',(40.6582955516064,4.45512202595855,24.673466419366));
#3004=CARTESIAN_POINT('Ctrl Pts',(40.0155237893654,4.4118191095368,25.4857375480914));
#3005=CARTESIAN_POINT('Ctrl Pts',(39.2298728521271,4.36102094186282,25.6616534079262));
#3006=CARTESIAN_POINT('Ctrl Pts',(38.7182771587225,4.33121885846035,25.5969912501549));
#3007=CARTESIAN_POINT('Ctrl Pts',(40.2507176853401,4.2,24.));
#3008=CARTESIAN_POINT('Ctrl Pts',(40.2507176853401,4.2,24.1551043335579));
#3009=CARTESIAN_POINT('Ctrl Pts',(40.1818776569378,4.19954233903057,24.4638503019878));
#3010=CARTESIAN_POINT('Ctrl Pts',(39.743577382701,4.20063759338037,25.0612491833541));
#3011=CARTESIAN_POINT('Ctrl Pts',(39.1386030662971,4.19948033019704,25.2490799939855));
#3012=CARTESIAN_POINT('Ctrl Pts',(38.7182771587225,4.2,25.2243994752564));
#3013=CARTESIAN_POINT('Ctrl Pts',(39.939051747484,4.2,24.));
#3014=CARTESIAN_POINT('Ctrl Pts',(39.939051747484,4.2,24.1121997376282));
#3015=CARTESIAN_POINT('Ctrl Pts',(39.8920135387055,4.2,24.3357870636471));
#3016=CARTESIAN_POINT('Ctrl Pts',(39.5801404241578,4.2,24.8032664306998));
#3017=CARTESIAN_POINT('Ctrl Pts',(39.0835320615551,4.2,25.));
#3018=CARTESIAN_POINT('Ctrl Pts',(38.7182771587225,4.2,25.));
#3019=CARTESIAN_POINT('',(38.7182771587225,4.2,25.));
#3020=CARTESIAN_POINT('',(39.939051747484,4.2,24.));
#3021=CARTESIAN_POINT('Origin',(38.7182771587225,4.2,24.));
#3022=CARTESIAN_POINT('',(40.758203791773,5.77357643635104,24.));
#3023=CARTESIAN_POINT('Origin',(39.939051747484,5.2,24.));
#3024=CARTESIAN_POINT('Origin',(38.7182771587225,5.2,24.));
#3025=CARTESIAN_POINT('Origin',(38.7182771587225,5.2,25.));
#3026=CARTESIAN_POINT('Origin',(39.939051747484,5.2,6.));
#3027=CARTESIAN_POINT('',(40.758203791773,5.77357643635104,6.));
#3028=CARTESIAN_POINT('',(39.939051747484,4.2,6.));
#3029=CARTESIAN_POINT('Origin',(36.4149210126083,8.48953348889021,24.));
#3030=CARTESIAN_POINT('',(34.998,14.,24.));
#3031=CARTESIAN_POINT('Origin',(32.5564508224771,14.,24.));
#3032=CARTESIAN_POINT('',(38.0532251011863,9.6366863615923,24.));
#3033=CARTESIAN_POINT('Origin',(24.0699830627724,5.2,25.));
#3034=CARTESIAN_POINT('',(24.0699830627724,4.2,25.));
#3035=CARTESIAN_POINT('Origin',(27.0160959246193,13.3895334888902,24.));
#3036=CARTESIAN_POINT('',(25.3777918360413,14.5366863615923,24.));
#3037=CARTESIAN_POINT('Origin',(18.1399661255448,4.2,6.));
#3038=CARTESIAN_POINT('Origin',(25.002,14.,6.));
#3039=CARTESIAN_POINT('Origin',(18.,20.,22.25));
#3040=CARTESIAN_POINT('',(18.,20.,17.75));
#3041=CARTESIAN_POINT('',(18.,20.,22.25));
#3042=CARTESIAN_POINT('Origin',(19.5,20.,22.25));
#3043=CARTESIAN_POINT('',(21.,20.,22.25));
#3044=CARTESIAN_POINT('Origin',(21.,20.,17.75));
#3045=CARTESIAN_POINT('',(21.,20.,17.75));
#3046=CARTESIAN_POINT('Origin',(19.5,20.,17.75));
#3047=CARTESIAN_POINT('Origin',(39.,20.,22.25));
#3048=CARTESIAN_POINT('',(39.,14.,17.75));
#3049=CARTESIAN_POINT('',(39.,14.,22.25));
#3050=CARTESIAN_POINT('',(39.,14.,14.125));
#3051=CARTESIAN_POINT('',(39.,20.,17.75));
#3052=CARTESIAN_POINT('',(39.,20.,22.25));
#3053=CARTESIAN_POINT('Origin',(40.5,20.,22.25));
#3054=CARTESIAN_POINT('',(42.,14.,22.25));
#3055=CARTESIAN_POINT('Origin',(40.5,14.,22.25));
#3056=CARTESIAN_POINT('',(42.,20.,22.25));
#3057=CARTESIAN_POINT('Origin',(42.,20.,17.75));
#3058=CARTESIAN_POINT('',(42.,14.,17.75));
#3059=CARTESIAN_POINT('',(42.,14.,11.875));
#3060=CARTESIAN_POINT('',(42.,20.,17.75));
#3061=CARTESIAN_POINT('Origin',(40.5,20.,17.75));
#3062=CARTESIAN_POINT('Origin',(40.5,14.,17.75));
#3063=CARTESIAN_POINT('Origin',(30.,9.,26.));
#3064=CARTESIAN_POINT('',(32.4,9.,11.));
#3065=CARTESIAN_POINT('',(32.4,9.,26.));
#3066=CARTESIAN_POINT('Origin',(30.,9.,11.));
#3067=CARTESIAN_POINT('Origin',(30.,9.,11.));
#3068=CARTESIAN_POINT('Origin',(44.5,14.,6.));
#3069=CARTESIAN_POINT('',(44.5,14.,6.));
#3070=CARTESIAN_POINT('Origin',(34.998,14.,6.));
#3071=CARTESIAN_POINT('',(34.998,14.,6.));
#3072=CARTESIAN_POINT('Origin',(41.8600338744552,4.2,6.));
#3073=CARTESIAN_POINT('Origin',(10.,10.,6.));
#3074=CARTESIAN_POINT('',(15.,10.,3.));
#3075=CARTESIAN_POINT('',(15.,10.,6.));
#3076=CARTESIAN_POINT('Origin',(10.,10.,3.));
#3077=CARTESIAN_POINT('Origin',(10.,10.,3.));
#3078=CARTESIAN_POINT('',(7.35,10.,3.));
#3079=CARTESIAN_POINT('Origin',(10.,10.,3.));
#3080=CARTESIAN_POINT('Origin',(50.,10.,6.));
#3081=CARTESIAN_POINT('',(55.0000006049872,10.,3.));
#3082=CARTESIAN_POINT('',(55.0000006049872,10.,6.));
#3083=CARTESIAN_POINT('Origin',(50.,10.,3.));
#3084=CARTESIAN_POINT('Origin',(50.,10.,3.));
#3085=CARTESIAN_POINT('',(47.35,10.,3.));
#3086=CARTESIAN_POINT('Origin',(50.,10.,3.));
#3087=CARTESIAN_POINT('Origin',(10.,10.,0.));
#3088=CARTESIAN_POINT('',(7.35,10.,0.));
#3089=CARTESIAN_POINT('',(7.35,10.,0.));
#3090=CARTESIAN_POINT('Origin',(10.,10.,0.));
#3091=CARTESIAN_POINT('Origin',(50.,10.,0.));
#3092=CARTESIAN_POINT('',(47.35,10.,0.));
#3093=CARTESIAN_POINT('',(47.35,10.,0.));
#3094=CARTESIAN_POINT('Origin',(50.,10.,0.));
#3095=CARTESIAN_POINT('Origin',(30.,10.,0.));
#3096=CARTESIAN_POINT('',(0.,0.,0.));
#3097=CARTESIAN_POINT('Origin',(3.475,14.,30.772));
#3098=CARTESIAN_POINT('',(2.975,9.,30.772));
#3099=CARTESIAN_POINT('',(3.475,9.,31.272));
#3100=CARTESIAN_POINT('Origin',(3.475,9.,30.772));
#3101=CARTESIAN_POINT('',(3.475,14.,31.272));
#3102=CARTESIAN_POINT('',(3.475,14.,31.272));
#3103=CARTESIAN_POINT('',(2.975,14.,30.772));
#3104=CARTESIAN_POINT('Origin',(3.475,14.,30.772));
#3105=CARTESIAN_POINT('',(2.975,14.,30.772));
#3106=CARTESIAN_POINT('Origin',(77.,14.,0.));
#3107=CARTESIAN_POINT('',(11.475,14.,31.272));
#3108=CARTESIAN_POINT('',(2.975,14.,31.272));
#3109=CARTESIAN_POINT('',(11.975,14.,30.772));
#3110=CARTESIAN_POINT('Origin',(11.475,14.,30.772));
#3111=CARTESIAN_POINT('',(11.975,14.,22.5));
#3112=CARTESIAN_POINT('',(11.975,14.,31.272));
#3113=CARTESIAN_POINT('',(65.025,14.,22.5));
#3114=CARTESIAN_POINT('',(77.,14.,22.5));
#3115=CARTESIAN_POINT('',(65.025,14.,30.772));
#3116=CARTESIAN_POINT('',(65.025,14.,31.272));
#3117=CARTESIAN_POINT('',(65.525,14.,31.272));
#3118=CARTESIAN_POINT('Origin',(65.525,14.,30.772));
#3119=CARTESIAN_POINT('',(73.525,14.,31.272));
#3120=CARTESIAN_POINT('',(74.025,14.,31.272));
#3121=CARTESIAN_POINT('',(74.025,14.,30.772));
#3122=CARTESIAN_POINT('Origin',(73.525,14.,30.772));
#3123=CARTESIAN_POINT('',(74.025,14.,22.5));
#3124=CARTESIAN_POINT('',(74.025,14.,22.5));
#3125=CARTESIAN_POINT('',(75.,14.,22.5));
#3126=CARTESIAN_POINT('',(77.,14.,22.5));
#3127=CARTESIAN_POINT('',(77.,14.,20.5));
#3128=CARTESIAN_POINT('Origin',(75.,14.,20.5));
#3129=CARTESIAN_POINT('',(77.,14.,2.));
#3130=CARTESIAN_POINT('',(77.,14.,0.));
#3131=CARTESIAN_POINT('',(75.,14.,0.));
#3132=CARTESIAN_POINT('Origin',(75.,14.,2.));
#3133=CARTESIAN_POINT('',(2.,14.,0.));
#3134=CARTESIAN_POINT('',(77.,14.,0.));
#3135=CARTESIAN_POINT('',(-8.57252759403147E-16,14.,2.));
#3136=CARTESIAN_POINT('Origin',(2.,14.,2.));
#3137=CARTESIAN_POINT('',(-8.57252759403147E-16,14.,20.5));
#3138=CARTESIAN_POINT('',(-8.57252759403147E-16,14.,0.));
#3139=CARTESIAN_POINT('',(2.,14.,22.5));
#3140=CARTESIAN_POINT('Origin',(2.,14.,20.5));
#3141=CARTESIAN_POINT('',(2.975,14.,22.5));
#3142=CARTESIAN_POINT('',(77.,14.,22.5));
#3143=CARTESIAN_POINT('',(2.975,14.,22.5));
#3144=CARTESIAN_POINT('',(5.475,14.,20.525));
#3145=CARTESIAN_POINT('Origin',(5.475,14.,17.5));
#3146=CARTESIAN_POINT('',(72.725,14.,26.886));
#3147=CARTESIAN_POINT('Origin',(69.525,14.,26.886));
#3148=CARTESIAN_POINT('',(4.275,14.,26.886));
#3149=CARTESIAN_POINT('Origin',(7.475,14.,26.886));
#3150=CARTESIAN_POINT('',(71.525,14.,20.525));
#3151=CARTESIAN_POINT('Origin',(71.525,14.,17.5));
#3152=CARTESIAN_POINT('Origin',(2.975,14.,31.272));
#3153=CARTESIAN_POINT('',(11.475,9.,31.272));
#3154=CARTESIAN_POINT('',(2.975,9.,31.272));
#3155=CARTESIAN_POINT('',(11.475,14.,31.272));
#3156=CARTESIAN_POINT('Origin',(11.475,14.,30.772));
#3157=CARTESIAN_POINT('',(11.975,9.,30.772));
#3158=CARTESIAN_POINT('Origin',(11.475,9.,30.772));
#3159=CARTESIAN_POINT('',(11.975,14.,30.772));
#3160=CARTESIAN_POINT('Origin',(65.525,14.,30.772));
#3161=CARTESIAN_POINT('',(65.025,9.,30.772));
#3162=CARTESIAN_POINT('',(65.525,9.,31.272));
#3163=CARTESIAN_POINT('Origin',(65.525,9.,30.772));
#3164=CARTESIAN_POINT('',(65.525,14.,31.272));
#3165=CARTESIAN_POINT('',(65.025,14.,30.772));
#3166=CARTESIAN_POINT('Origin',(74.025,14.,31.272));
#3167=CARTESIAN_POINT('',(73.525,9.,31.272));
#3168=CARTESIAN_POINT('',(74.025,9.,31.272));
#3169=CARTESIAN_POINT('',(73.525,14.,31.272));
#3170=CARTESIAN_POINT('Origin',(73.525,14.,30.772));
#3171=CARTESIAN_POINT('',(74.025,9.,30.772));
#3172=CARTESIAN_POINT('Origin',(73.525,9.,30.772));
#3173=CARTESIAN_POINT('',(74.025,14.,30.772));
#3174=CARTESIAN_POINT('Origin',(71.525,13.5,17.5));
#3175=CARTESIAN_POINT('',(71.525,13.5,20.025));
#3176=CARTESIAN_POINT('Origin',(71.525,13.5,20.525));
#3177=CARTESIAN_POINT('',(74.05,13.5,17.5));
#3178=CARTESIAN_POINT('Origin',(71.525,13.5,17.5));
#3179=CARTESIAN_POINT('Origin',(71.525,13.5,17.5));
#3180=CARTESIAN_POINT('Origin',(71.525,14.,17.5));
#3181=CARTESIAN_POINT('',(74.05,0.,17.5));
#3182=CARTESIAN_POINT('',(74.05,14.,17.5));
#3183=CARTESIAN_POINT('Origin',(71.525,0.,17.5));
#3184=CARTESIAN_POINT('Origin',(5.475,13.5,17.5));
#3185=CARTESIAN_POINT('',(5.475,13.5,20.025));
#3186=CARTESIAN_POINT('Origin',(5.475,13.5,20.525));
#3187=CARTESIAN_POINT('',(8.,13.5,17.5));
#3188=CARTESIAN_POINT('Origin',(5.475,13.5,17.5));
#3189=CARTESIAN_POINT('Origin',(5.475,13.5,17.5));
#3190=CARTESIAN_POINT('Origin',(5.475,14.,17.5));
#3191=CARTESIAN_POINT('',(8.,0.,17.5));
#3192=CARTESIAN_POINT('',(8.,14.,17.5));
#3193=CARTESIAN_POINT('Origin',(5.475,0.,17.5));
#3194=CARTESIAN_POINT('Origin',(2.,10.5,20.5));
#3195=CARTESIAN_POINT('',(0.,0.,20.5));
#3196=CARTESIAN_POINT('',(2.,0.,22.5));
#3197=CARTESIAN_POINT('Origin',(2.,0.,20.5));
#3198=CARTESIAN_POINT('',(2.,10.5,22.5));
#3199=CARTESIAN_POINT('',(-5.55111512312578E-16,10.5,20.5));
#3200=CARTESIAN_POINT('Origin',(38.5,7.,22.5));
#3201=CARTESIAN_POINT('',(17.1358966103857,0.,22.5000000045939));
#3202=CARTESIAN_POINT('',(0.,0.,22.5));
#3203=CARTESIAN_POINT('',(18.1140006413942,1.2507104466297,22.5));
#3204=CARTESIAN_POINT('Ctrl Pts',(18.114000643755,1.25071044708909,22.4999999995443));
#3205=CARTESIAN_POINT('Ctrl Pts',(18.1251795132442,1.20798889167805,22.4999999976384));
#3206=CARTESIAN_POINT('Ctrl Pts',(18.1333988666005,1.16467898462164,22.5000097005995));
#3207=CARTESIAN_POINT('Ctrl Pts',(18.138716551848,1.12106909305712,22.5000180067466));
#3208=CARTESIAN_POINT('Ctrl Pts',(18.1440849854468,1.07704301851279,22.5000263921619));
#3209=CARTESIAN_POINT('Ctrl Pts',(18.1464961599986,1.03271009789017,22.5000333458294));
#3210=CARTESIAN_POINT('Ctrl Pts',(18.1459584894915,0.988356600603687,22.5000348327504));
#3211=CARTESIAN_POINT('Ctrl Pts',(18.1454727115839,0.948283825887681,22.500036176163));
#3212=CARTESIAN_POINT('Ctrl Pts',(18.1425791973386,0.908193527487559,22.5000331483887));
#3213=CARTESIAN_POINT('Ctrl Pts',(18.1372481684862,0.868301082465954,22.50002797516));
#3214=CARTESIAN_POINT('Ctrl Pts',(18.1312519390572,0.823430897093792,22.5000221564207));
#3215=CARTESIAN_POINT('Ctrl Pts',(18.1222148074299,0.779125456921581,22.5000136725828));
#3216=CARTESIAN_POINT('Ctrl Pts',(18.1101705673847,0.735680131003201,22.5000130799265));
#3217=CARTESIAN_POINT('Ctrl Pts',(18.0983153390298,0.692916597747057,22.5000124965709));
#3218=CARTESIAN_POINT('Ctrl Pts',(18.083546414269,0.650985253805292,22.500019591888));
#3219=CARTESIAN_POINT('Ctrl Pts',(18.0660308942961,0.610151644160199,22.5000249643964));
#3220=CARTESIAN_POINT('Ctrl Pts',(18.0506483658212,0.574290638373665,22.5000296826556));
#3221=CARTESIAN_POINT('Ctrl Pts',(18.033146424765,0.539275946128152,22.5000332212484));
#3222=CARTESIAN_POINT('Ctrl Pts',(18.0136089791312,0.505302379742124,22.5000334433195));
#3223=CARTESIAN_POINT('Ctrl Pts',(17.9909196662682,0.465848047213022,22.5000337012161));
#3224=CARTESIAN_POINT('Ctrl Pts',(17.965641179246,0.428066785073711,22.500029672088));
#3225=CARTESIAN_POINT('Ctrl Pts',(17.9379677569034,0.392225672700796,22.5000241830214));
#3226=CARTESIAN_POINT('Ctrl Pts',(17.9102943345607,0.35638456032788,22.5000186939549));
#3227=CARTESIAN_POINT('Ctrl Pts',(17.880225325799,0.322482446978995,22.5000118390321));
#3228=CARTESIAN_POINT('Ctrl Pts',(17.8479065170619,0.290814004272424,22.5000134437816));
#3229=CARTESIAN_POINT('Ctrl Pts',(17.820085471482,0.263552814197317,22.5000148252003));
#3230=CARTESIAN_POINT('Ctrl Pts',(17.7905960628323,0.237947089374827,22.5000226477779));
#3231=CARTESIAN_POINT('Ctrl Pts',(17.7596155169488,0.214074061197081,22.5000310165069));
#3232=CARTESIAN_POINT('Ctrl Pts',(17.7245223161984,0.187031898237379,22.5000404961812));
#3233=CARTESIAN_POINT('Ctrl Pts',(17.6877228824208,0.162371054036669,22.500050725927));
#3234=CARTESIAN_POINT('Ctrl Pts',(17.6495082546772,0.140160615265516,22.5000569381795));
#3235=CARTESIAN_POINT('Ctrl Pts',(17.6107218144944,0.117617837651365,22.500063243387));
#3236=CARTESIAN_POINT('Ctrl Pts',(17.5704765302399,0.0975987909923572,22.5000655517885));
#3237=CARTESIAN_POINT('Ctrl Pts',(17.5290457154851,0.0802184961838801,22.5000633487064));
#3238=CARTESIAN_POINT('Ctrl Pts',(17.5082271035273,0.0714850542887236,22.5000622416775));
#3239=CARTESIAN_POINT('Ctrl Pts',(17.4871087575523,0.0634186099577649,22.5000600518785));
#3240=CARTESIAN_POINT('Ctrl Pts',(17.4657236752523,0.0560384363154218,22.5000569560681));
#3241=CARTESIAN_POINT('Ctrl Pts',(17.4230874240774,0.0413243036917524,22.5000507838331));
#3242=CARTESIAN_POINT('Ctrl Pts',(17.3796155732378,0.0294122374550709,22.5000410577759));
#3243=CARTESIAN_POINT('Ctrl Pts',(17.3355854432322,0.0204048752613819,22.500030861476));
#3244=CARTESIAN_POINT('Ctrl Pts',(17.2923510671811,0.0115603025957765,22.5000208494532));
#3245=CARTESIAN_POINT('Ctrl Pts',(17.2485773677689,0.00551610554153749,
22.5000105344064));
#3246=CARTESIAN_POINT('Ctrl Pts',(17.2045140570984,0.00241705411676746,
22.5000046837392));
#3247=CARTESIAN_POINT('Ctrl Pts',(17.1817079689561,0.00081306116036915,
22.5000016555775));
#3248=CARTESIAN_POINT('Ctrl Pts',(17.1588241819475,-1.16386362226313E-6,
22.4999998400751));
#3249=CARTESIAN_POINT('Ctrl Pts',(17.1358972989148,-7.7715611723761E-16,
22.4999999003896));
#3250=CARTESIAN_POINT('',(24.8861383406675,1.25124175619362,22.5));
#3251=CARTESIAN_POINT('Ctrl Pts',(18.1140006413942,1.2507104466297,22.5));
#3252=CARTESIAN_POINT('Ctrl Pts',(17.9598651755521,1.83976065571419,22.5));
#3253=CARTESIAN_POINT('Ctrl Pts',(17.9664371149546,3.09923594811878,22.5));
#3254=CARTESIAN_POINT('Ctrl Pts',(18.9158432063496,4.73402679931779,22.5));
#3255=CARTESIAN_POINT('Ctrl Pts',(20.5550505646582,5.67497106668964,22.5));
#3256=CARTESIAN_POINT('Ctrl Pts',(22.4449103529939,5.67669783458819,22.5));
#3257=CARTESIAN_POINT('Ctrl Pts',(24.0835777162663,4.733724042341,22.5));
#3258=CARTESIAN_POINT('Ctrl Pts',(25.0333236454163,3.0999085430983,22.5));
#3259=CARTESIAN_POINT('Ctrl Pts',(25.0401813764833,1.84031614349075,22.5));
#3260=CARTESIAN_POINT('Ctrl Pts',(24.8861383406675,1.25124175619362,22.5));
#3261=CARTESIAN_POINT('',(25.8612705826333,0.,22.4999999995177));
#3262=CARTESIAN_POINT('Ctrl Pts',(25.8612705827512,-3.88578058618805E-16,
22.5));
#3263=CARTESIAN_POINT('Ctrl Pts',(25.8172099291687,-3.93130677337847E-16,
22.5));
#3264=CARTESIAN_POINT('Ctrl Pts',(25.7733318060399,0.00302440984038451,
22.4999941820407));
#3265=CARTESIAN_POINT('Ctrl Pts',(25.7298816515365,0.00889469326927211,
22.4999864933429));
#3266=CARTESIAN_POINT('Ctrl Pts',(25.6853715988266,0.014908173033095,22.4999786170913));
#3267=CARTESIAN_POINT('Ctrl Pts',(25.6413095958226,0.0239083313249685,22.4999689064506));
#3268=CARTESIAN_POINT('Ctrl Pts',(25.5979628877941,0.0357580640099778,22.4999611945779));
#3269=CARTESIAN_POINT('Ctrl Pts',(25.556692753193,0.0470401217518528,22.4999538521512));
#3270=CARTESIAN_POINT('Ctrl Pts',(25.5160702424927,0.0609060053006347,22.4999484168375));
#3271=CARTESIAN_POINT('Ctrl Pts',(25.4763422500282,0.0772781137682431,22.4999462153879));
#3272=CARTESIAN_POINT('Ctrl Pts',(25.4347322796877,0.0944257949241969,22.4999439096521));
#3273=CARTESIAN_POINT('Ctrl Pts',(25.3943663341162,0.11421401359134,22.4999454617334));
#3274=CARTESIAN_POINT('Ctrl Pts',(25.3555051239115,0.136498846389315,22.4999502850819));
#3275=CARTESIAN_POINT('Ctrl Pts',(25.3173051182637,0.158404513615389,22.4999550263634));
#3276=CARTESIAN_POINT('Ctrl Pts',(25.2805581353205,0.182723152110081,22.4999630439656));
#3277=CARTESIAN_POINT('Ctrl Pts',(25.2455340763745,0.209361704198028,22.4999710606289));
#3278=CARTESIAN_POINT('Ctrl Pts',(25.2126145953967,0.234399559179022,22.499978595575));
#3279=CARTESIAN_POINT('Ctrl Pts',(25.1812167054332,0.261487559086816,22.499986190243));
#3280=CARTESIAN_POINT('Ctrl Pts',(25.1515941296648,0.290578039279226,22.4999875048287));
#3281=CARTESIAN_POINT('Ctrl Pts',(25.1510261394771,0.291135826942068,22.4999875300349));
#3282=CARTESIAN_POINT('Ctrl Pts',(25.1504588030762,0.291694351609762,22.4999875527989));
#3283=CARTESIAN_POINT('Ctrl Pts',(25.1498921214719,0.292253611880373,22.4999875731713));
#3284=CARTESIAN_POINT('Ctrl Pts',(25.1184964460167,0.323238125612048,22.4999887018576));
#3285=CARTESIAN_POINT('Ctrl Pts',(25.0893092046497,0.356278330860341,22.4999832241229));
#3286=CARTESIAN_POINT('Ctrl Pts',(25.0624363634405,0.391076362899732,22.499978597016));
#3287=CARTESIAN_POINT('Ctrl Pts',(25.0352993705516,0.426216448782447,22.499973924426));
#3288=CARTESIAN_POINT('Ctrl Pts',(25.0105218786672,0.463150088908623,22.4999701954059));
#3289=CARTESIAN_POINT('Ctrl Pts',(24.9882523902319,0.501605178368838,22.4999702720882));
#3290=CARTESIAN_POINT('Ctrl Pts',(24.9673860315186,0.537637334804013,22.499970343939));
#3291=CARTESIAN_POINT('Ctrl Pts',(24.9487215415983,0.575006270790752,22.4999737629602));
#3292=CARTESIAN_POINT('Ctrl Pts',(24.9324194156923,0.613503456321049,22.4999781949643));
#3293=CARTESIAN_POINT('Ctrl Pts',(24.9154974980266,0.653464269263815,22.4999827954691));
#3294=CARTESIAN_POINT('Ctrl Pts',(24.9012225910292,0.694400394817956,22.4999886662506));
#3295=CARTESIAN_POINT('Ctrl Pts',(24.8897238166832,0.736056131084991,22.4999882638429));
#3296=CARTESIAN_POINT('Ctrl Pts',(24.8779021543017,0.778881569308211,22.4999878501355));
#3297=CARTESIAN_POINT('Ctrl Pts',(24.869014178503,0.822468593610417,22.4999808725669));
#3298=CARTESIAN_POINT('Ctrl Pts',(24.8630616171695,0.866530275199795,22.4999760704806));
#3299=CARTESIAN_POINT('Ctrl Pts',(24.8602737441404,0.887166496623588,22.4999738214309));
#3300=CARTESIAN_POINT('Ctrl Pts',(24.858130488971,0.907906946806522,22.4999719597686));
#3301=CARTESIAN_POINT('Ctrl Pts',(24.8566359318441,0.928722216356457,22.4999709056994));
#3302=CARTESIAN_POINT('Ctrl Pts',(24.8534515187798,0.973072756791724,22.4999686598224));
#3303=CARTESIAN_POINT('Ctrl Pts',(24.8532268699032,1.01750921602509,22.4999705378308));
#3304=CARTESIAN_POINT('Ctrl Pts',(24.8559382207467,1.06174394867526,22.4999759463617));
#3305=CARTESIAN_POINT('Ctrl Pts',(24.858629236527,1.10564692194109,22.4999813143287));
#3306=CARTESIAN_POINT('Ctrl Pts',(24.8642124218791,1.14935229010369,22.4999901546033));
#3307=CARTESIAN_POINT('Ctrl Pts',(24.8727146628495,1.19257846422966,22.4999957531532));
#3308=CARTESIAN_POINT('Ctrl Pts',(24.8765821985574,1.21224137104821,22.4999982998456));
#3309=CARTESIAN_POINT('Ctrl Pts',(24.881054428917,1.23180501724313,22.500000091985));
#3310=CARTESIAN_POINT('Ctrl Pts',(24.8861373308435,1.25124192891835,22.500000075841));
#3311=CARTESIAN_POINT('',(51.1387294173667,0.,22.4999999995177));
#3312=CARTESIAN_POINT('',(0.,0.,22.5));
#3313=CARTESIAN_POINT('',(52.1138616593325,1.25124175619362,22.5));
#3314=CARTESIAN_POINT('Ctrl Pts',(52.1138626691565,1.25124192891835,22.5000000758411));
#3315=CARTESIAN_POINT('Ctrl Pts',(52.1250129956598,1.20860331134664,22.5000001112561));
#3316=CARTESIAN_POINT('Ctrl Pts',(52.1332213489605,1.16537953627244,22.4999917913383));
#3317=CARTESIAN_POINT('Ctrl Pts',(52.1385465857309,1.12185721368114,22.499984566671));
#3318=CARTESIAN_POINT('Ctrl Pts',(52.1439328587421,1.07783605149253,22.4999772591967));
#3319=CARTESIAN_POINT('Ctrl Pts',(52.1463695981859,1.03350835588001,22.4999710786445));
#3320=CARTESIAN_POINT('Ctrl Pts',(52.1458661834846,0.989160133075418,22.4999694984492));
#3321=CARTESIAN_POINT('Ctrl Pts',(52.1454051521858,0.948545668103872,22.4999680512934));
#3322=CARTESIAN_POINT('Ctrl Pts',(52.1424776131844,0.907913212724414,22.4999703906612));
#3323=CARTESIAN_POINT('Ctrl Pts',(52.1370529426682,0.867486842045534,22.4999745548469));
#3324=CARTESIAN_POINT('Ctrl Pts',(52.131088540788,0.823038221513392,22.4999791333513));
#3325=CARTESIAN_POINT('Ctrl Pts',(52.1221467158163,0.77914217640555,22.4999858678002));
#3326=CARTESIAN_POINT('Ctrl Pts',(52.1102585493457,0.736086337609924,22.4999860451665));
#3327=CARTESIAN_POINT('Ctrl Pts',(52.0984411165278,0.693286677658383,22.4999862214776));
#3328=CARTESIAN_POINT('Ctrl Pts',(52.0837121852622,0.651316117485501,22.4999799045221));
#3329=CARTESIAN_POINT('Ctrl Pts',(52.0662377687187,0.61044117439294,22.4999750937495));
#3330=CARTESIAN_POINT('Ctrl Pts',(52.0506013419789,0.573865529559988,22.4999707889825));
#3331=CARTESIAN_POINT('Ctrl Pts',(52.0327656074876,0.538166727533814,22.4999675680487));
#3332=CARTESIAN_POINT('Ctrl Pts',(52.0128182764339,0.503551871578303,22.499967340579));
#3333=CARTESIAN_POINT('Ctrl Pts',(51.9902644365229,0.464413907824753,22.499967083386));
#3334=CARTESIAN_POINT('Ctrl Pts',(51.9651634615335,0.4269241485731,22.4999704952134));
#3335=CARTESIAN_POINT('Ctrl Pts',(51.9377027128532,0.391345882307944,22.4999751236678));
#3336=CARTESIAN_POINT('Ctrl Pts',(51.910241964173,0.355767616042788,22.4999797521223));
#3337=CARTESIAN_POINT('Ctrl Pts',(51.880420810998,0.322099727395661,22.4999855200382));
#3338=CARTESIAN_POINT('Ctrl Pts',(51.8483800882798,0.29063261459993,22.4999842849109));
#3339=CARTESIAN_POINT('Ctrl Pts',(51.8201104058005,0.262869030891169,22.4999831951523));
#3340=CARTESIAN_POINT('Ctrl Pts',(51.7901117430216,0.236818816754073,22.4999765154738));
#3341=CARTESIAN_POINT('Ctrl Pts',(51.7585696356452,0.212566062927123,22.4999695103271));
#3342=CARTESIAN_POINT('Ctrl Pts',(51.7234066925511,0.185529245364046,22.4999617010335));
#3343=CARTESIAN_POINT('Ctrl Pts',(51.686533961336,0.160885092860622,22.4999534222621));
#3344=CARTESIAN_POINT('Ctrl Pts',(51.6482425547819,0.138706878234551,22.4999486019869));
#3345=CARTESIAN_POINT('Ctrl Pts',(51.6094459041847,0.116236028476077,22.4999437181096));
#3346=CARTESIAN_POINT('Ctrl Pts',(51.5691918955665,0.0962960627034459,22.4999422625657));
#3347=CARTESIAN_POINT('Ctrl Pts',(51.5277528333048,0.0790061161582146,22.4999445973206));
#3348=CARTESIAN_POINT('Ctrl Pts',(51.50747554609,0.0705456638002005,22.4999457397812));
#3349=CARTESIAN_POINT('Ctrl Pts',(51.4869141426433,0.0627204360383544,22.4999477452404));
#3350=CARTESIAN_POINT('Ctrl Pts',(51.4660990383876,0.0555486978661834,22.4999504743943));
#3351=CARTESIAN_POINT('Ctrl Pts',(51.4234719852086,0.0408617637679777,22.4999560634023));
#3352=CARTESIAN_POINT('Ctrl Pts',(51.3800089122124,0.0289905715668174,22.4999646211488));
#3353=CARTESIAN_POINT('Ctrl Pts',(51.3359879093827,0.0200400031297047,22.4999734849859));
#3354=CARTESIAN_POINT('Ctrl Pts',(51.2928246395828,0.0112638332226235,22.4999821761144));
#3355=CARTESIAN_POINT('Ctrl Pts',(51.2491239201339,0.00529529215176814,
22.4999910331234));
#3356=CARTESIAN_POINT('Ctrl Pts',(51.2051352363027,0.00228075629556657,
22.4999960033118));
#3357=CARTESIAN_POINT('Ctrl Pts',(51.183062067674,0.000768086388317433,
22.4999984973125));
#3358=CARTESIAN_POINT('Ctrl Pts',(51.1609162869557,4.2509869815625E-15,
22.5));
#3359=CARTESIAN_POINT('Ctrl Pts',(51.1387294172488,4.44089209850063E-15,
22.5));
#3360=CARTESIAN_POINT('',(58.8859993586058,1.2507104466297,22.5));
#3361=CARTESIAN_POINT('Ctrl Pts',(52.1138616593325,1.25124175619362,22.5));
#3362=CARTESIAN_POINT('Ctrl Pts',(51.9598186235167,1.84031614349075,22.5));
#3363=CARTESIAN_POINT('Ctrl Pts',(51.9666173233179,3.09982281488473,22.5));
#3364=CARTESIAN_POINT('Ctrl Pts',(52.9162680901139,4.73447509594497,22.5));
#3365=CARTESIAN_POINT('Ctrl Pts',(54.5556398288554,5.67516607614648,22.5));
#3366=CARTESIAN_POINT('Ctrl Pts',(56.4454927359683,5.67661027130925,22.5));
#3367=CARTESIAN_POINT('Ctrl Pts',(58.084003540841,4.73336450708802,22.5));
#3368=CARTESIAN_POINT('Ctrl Pts',(59.0334620784691,3.09938167143836,22.5));
#3369=CARTESIAN_POINT('Ctrl Pts',(59.0401348244479,1.83976065571419,22.5));
#3370=CARTESIAN_POINT('Ctrl Pts',(58.8859993586058,1.2507104466297,22.5));
#3371=CARTESIAN_POINT('',(59.8641033896143,0.,22.5000000045939));
#3372=CARTESIAN_POINT('Ctrl Pts',(59.8641027053033,-1.77635683940025E-15,
22.4999999009986));
#3373=CARTESIAN_POINT('Ctrl Pts',(59.8199716055202,-2.23355668485173E-6,
22.4999997852555));
#3374=CARTESIAN_POINT('Ctrl Pts',(59.7760215045771,0.00301544211487712,
22.5000067131032));
#3375=CARTESIAN_POINT('Ctrl Pts',(59.7324973878734,0.00887456766658551,
22.500015958098));
#3376=CARTESIAN_POINT('Ctrl Pts',(59.6879673349017,0.0148691102545842,22.5000254167646));
#3377=CARTESIAN_POINT('Ctrl Pts',(59.6438821464606,0.0238382309023024,22.5000371510194));
#3378=CARTESIAN_POINT('Ctrl Pts',(59.6005076720433,0.0356454607115395,22.500046594875));
#3379=CARTESIAN_POINT('Ctrl Pts',(59.5587333780119,0.0470170956736767,22.5000556903258));
#3380=CARTESIAN_POINT('Ctrl Pts',(59.5176174914934,0.0610219620270867,22.5000625407358));
#3381=CARTESIAN_POINT('Ctrl Pts',(59.4774143568349,0.0775805485102596,22.500065493807));
#3382=CARTESIAN_POINT('Ctrl Pts',(59.4357803301163,0.0947284808274142,22.5000685519826));
#3383=CARTESIAN_POINT('Ctrl Pts',(59.3953843859282,0.114508028050644,22.5000671093355));
#3384=CARTESIAN_POINT('Ctrl Pts',(59.3564875087124,0.136777980767944,22.5000617636517));
#3385=CARTESIAN_POINT('Ctrl Pts',(59.3183035189743,0.158639778086765,22.5000565159415));
#3386=CARTESIAN_POINT('Ctrl Pts',(59.2815632256273,0.182902120076946,22.5000473732463));
#3387=CARTESIAN_POINT('Ctrl Pts',(59.2465360565358,0.209474713745351,22.5000381508927));
#3388=CARTESIAN_POINT('Ctrl Pts',(59.2134554845032,0.234570564244945,22.5000294410614));
#3389=CARTESIAN_POINT('Ctrl Pts',(59.1819023967593,0.261727656855398,22.5000205848978));
#3390=CARTESIAN_POINT('Ctrl Pts',(59.1521339449701,0.290899854785727,22.5000191538892));
#3391=CARTESIAN_POINT('Ctrl Pts',(59.1513694971007,0.291648990975653,22.5000191171412));
#3392=CARTESIAN_POINT('Ctrl Pts',(59.150606228109,0.29239945746993,22.5000190855778));
#3393=CARTESIAN_POINT('Ctrl Pts',(59.1498441404688,0.293151250907542,22.5000190590556));
#3394=CARTESIAN_POINT('Ctrl Pts',(59.1184494472678,0.32412186777472,22.5000179664573));
#3395=CARTESIAN_POINT('Ctrl Pts',(59.0892582492709,0.357142239538092,22.5000245496708));
#3396=CARTESIAN_POINT('Ctrl Pts',(59.0623784190303,0.391917830073168,22.5000300024822));
#3397=CARTESIAN_POINT('Ctrl Pts',(59.0352745003526,0.426983333441191,22.5000355007519));
#3398=CARTESIAN_POINT('Ctrl Pts',(59.0105200458547,0.463834437053912,22.5000397626454));
#3399=CARTESIAN_POINT('Ctrl Pts',(58.9882652434493,0.502203124888507,22.500039479795));
#3400=CARTESIAN_POINT('Ctrl Pts',(58.9672870679366,0.53837082716345,22.5000392131702));
#3401=CARTESIAN_POINT('Ctrl Pts',(58.948529905501,0.575888000306477,22.5000348961239));
#3402=CARTESIAN_POINT('Ctrl Pts',(58.9321587389525,0.614545379699957,22.5000294188253));
#3403=CARTESIAN_POINT('Ctrl Pts',(58.91542123825,0.654067787149609,22.5000238189623));
#3404=CARTESIAN_POINT('Ctrl Pts',(58.9012785428023,0.694543865711079,22.5000167900786));
#3405=CARTESIAN_POINT('Ctrl Pts',(58.8898569984315,0.735727262646614,22.500016969916));
#3406=CARTESIAN_POINT('Ctrl Pts',(58.8780062652151,0.778458213398994,22.5000171565111));
#3407=CARTESIAN_POINT('Ctrl Pts',(58.8690843985926,0.821951589718883,22.5000250122528));
#3408=CARTESIAN_POINT('Ctrl Pts',(58.863094869906,0.86592280845812,22.5000303149581));
#3409=CARTESIAN_POINT('Ctrl Pts',(58.8602534209781,0.88678287589961,22.5000328305761));
#3410=CARTESIAN_POINT('Ctrl Pts',(58.8580726642566,0.907750598458662,22.5000348794654));
#3411=CARTESIAN_POINT('Ctrl Pts',(58.856557030392,0.928795648157796,22.5000359570767));
#3412=CARTESIAN_POINT('Ctrl Pts',(58.8533627470029,0.973149270919954,22.5000382282029));
#3413=CARTESIAN_POINT('Ctrl Pts',(58.8531380623841,1.01758779074529,22.5000356455212));
#3414=CARTESIAN_POINT('Ctrl Pts',(58.8558591194098,1.06182385908643,22.5000289852449));
#3415=CARTESIAN_POINT('Ctrl Pts',(58.8585645174107,1.10580535955805,22.5000223632969));
#3416=CARTESIAN_POINT('Ctrl Pts',(58.8641819006677,1.14958784365437,22.500011717799));
#3417=CARTESIAN_POINT('Ctrl Pts',(58.8727379748574,1.19288858229311,22.5000050614368));
#3418=CARTESIAN_POINT('Ctrl Pts',(58.8765672583769,1.21226789121155,22.5000020823722));
#3419=CARTESIAN_POINT('Ctrl Pts',(58.8809858359324,1.2315506006579,22.4999999988218));
#3420=CARTESIAN_POINT('Ctrl Pts',(58.8859993565927,1.25071044702146,22.4999999996115));
#3421=CARTESIAN_POINT('',(75.,0.,22.5));
#3422=CARTESIAN_POINT('',(0.,0.,22.5));
#3423=CARTESIAN_POINT('',(75.,3.5,22.5));
#3424=CARTESIAN_POINT('',(74.025,9.,22.5));
#3425=CARTESIAN_POINT('',(74.025,10.5,22.5));
#3426=CARTESIAN_POINT('',(65.025,9.,22.5));
#3427=CARTESIAN_POINT('',(54.0125,9.,22.5));
#3428=CARTESIAN_POINT('',(65.025,10.5,22.5));
#3429=CARTESIAN_POINT('',(11.975,9.,22.5));
#3430=CARTESIAN_POINT('',(11.975,10.5,22.5));
#3431=CARTESIAN_POINT('',(2.975,9.,22.5));
#3432=CARTESIAN_POINT('',(22.9875,9.,22.5));
#3433=CARTESIAN_POINT('',(2.97500000000001,10.5,22.5));
#3434=CARTESIAN_POINT('',(37.5,6.5,22.5));
#3435=CARTESIAN_POINT('Origin',(37.5,5.,22.5));
#3436=CARTESIAN_POINT('Origin',(75.,3.5,20.5));
#3437=CARTESIAN_POINT('',(77.,0.,20.5));
#3438=CARTESIAN_POINT('Origin',(75.,0.,20.5));
#3439=CARTESIAN_POINT('',(77.,3.5,20.5));
#3440=CARTESIAN_POINT('Origin',(75.,3.5,2.));
#3441=CARTESIAN_POINT('',(77.,0.,2.));
#3442=CARTESIAN_POINT('',(77.,3.5,2.));
#3443=CARTESIAN_POINT('',(75.,0.,0.));
#3444=CARTESIAN_POINT('Origin',(75.,0.,2.));
#3445=CARTESIAN_POINT('',(75.,3.5,0.));
#3446=CARTESIAN_POINT('Origin',(38.5,7.,0.));
#3447=CARTESIAN_POINT('',(63.1184107335264,0.,6.42369490932992E-11));
#3448=CARTESIAN_POINT('',(0.,0.,0.));
#3449=CARTESIAN_POINT('',(62.4214066899084,0.276097559536043,0.));
#3450=CARTESIAN_POINT('Ctrl Pts',(62.4219948832006,0.27752168283701,8.45990973395508E-5));
#3451=CARTESIAN_POINT('Ctrl Pts',(62.4547342675524,0.247030592691093,0.000102541849944146));
#3452=CARTESIAN_POINT('Ctrl Pts',(62.4895455574842,0.218687459161871,0.000120159491106968));
#3453=CARTESIAN_POINT('Ctrl Pts',(62.5261677430158,0.192628853395467,0.000131655952640777));
#3454=CARTESIAN_POINT('Ctrl Pts',(62.5345092916999,0.186693404009152,0.000134274537309785));
#3455=CARTESIAN_POINT('Ctrl Pts',(62.542944907781,0.180876655390767,0.00013659239774649));
#3456=CARTESIAN_POINT('Ctrl Pts',(62.5514716923414,0.175180549115147,0.000138567726468412));
#3457=CARTESIAN_POINT('Ctrl Pts',(62.5888134097383,0.150235343885555,0.000147218369202182));
#3458=CARTESIAN_POINT('Ctrl Pts',(62.6276912812818,0.127740753296097,0.000149232721416728));
#3459=CARTESIAN_POINT('Ctrl Pts',(62.6678263768884,0.107804778252541,0.00014396646640509));
#3460=CARTESIAN_POINT('Ctrl Pts',(62.7080325484652,0.087833498228462,0.000138690885286744));
#3461=CARTESIAN_POINT('Ctrl Pts',(62.7495014218952,0.0704293481586883,0.000126255729279392));
#3462=CARTESIAN_POINT('Ctrl Pts',(62.791978512257,0.0557451560920996,0.000109746462910218));
#3463=CARTESIAN_POINT('Ctrl Pts',(62.8019159337525,0.0523098217826408,0.00010588415649766));
#3464=CARTESIAN_POINT('Ctrl Pts',(62.8119086105309,0.0490235663080863,0.00010180952558523));
#3465=CARTESIAN_POINT('Ctrl Pts',(62.8219533956581,0.0458887470699349,9.75781551366128E-5));
#3466=CARTESIAN_POINT('Ctrl Pts',(62.8650066007546,0.0324525198245027,7.94419722856294E-5));
#3467=CARTESIAN_POINT('Ctrl Pts',(62.9088140535585,0.0218574210466739,5.84621823787279E-5));
#3468=CARTESIAN_POINT('Ctrl Pts',(62.953114817941,0.0142402641144805,4.02815300456077E-5));
#3469=CARTESIAN_POINT('Ctrl Pts',(62.9962998838005,0.00681494248937566,
2.25587507817236E-5));
#3470=CARTESIAN_POINT('Ctrl Pts',(63.0399547109113,0.00221916031747555,
7.63752619973531E-6));
#3471=CARTESIAN_POINT('Ctrl Pts',(63.083847661231,0.000627665225349183,
2.19838511178461E-6));
#3472=CARTESIAN_POINT('Ctrl Pts',(63.095353704048,0.00021047270263755,7.72575504772337E-7));
#3473=CARTESIAN_POINT('Ctrl Pts',(63.1068761217118,3.56813749148895E-15,
6.30368908319452E-11));
#3474=CARTESIAN_POINT('Ctrl Pts',(63.1184107335354,3.38618022510673E-15,
6.55392962123358E-11));
#3475=CARTESIAN_POINT('',(54.4237784126772,0.155672114839242,0.));
#3476=CARTESIAN_POINT('Ctrl Pts',(54.4237798817735,0.155673522820733,-8.3521862762303E-15));
#3477=CARTESIAN_POINT('Ctrl Pts',(53.5946380147217,1.02080507068022,-9.58253709118229E-15));
#3478=CARTESIAN_POINT('Ctrl Pts',(52.5294876820695,3.32425866551303,-3.54314080129054E-15));
#3479=CARTESIAN_POINT('Ctrl Pts',(53.3948295463973,7.0435299514168,-3.29020296536159E-15));
#3480=CARTESIAN_POINT('Ctrl Pts',(56.3738602558417,9.43893744129495,2.7456894418318E-15));
#3481=CARTESIAN_POINT('Ctrl Pts',(60.1963839244822,9.51454415403256,-1.85581109304109E-15));
#3482=CARTESIAN_POINT('Ctrl Pts',(63.2504935720139,7.2088041111614,-9.29858970133837E-17));
#3483=CARTESIAN_POINT('Ctrl Pts',(64.2371951019181,3.51380137881655,8.47060462531965E-16));
#3484=CARTESIAN_POINT('Ctrl Pts',(63.2312755314651,1.17031230866259,5.82960809250984E-15));
#3485=CARTESIAN_POINT('Ctrl Pts',(62.4214066899084,0.276097559536039,4.57966997657877E-15));
#3486=CARTESIAN_POINT('',(53.8839276748844,0.,-3.99548172325126E-10));
#3487=CARTESIAN_POINT('Ctrl Pts',(53.8839278003044,-2.1094237467878E-15,
1.47580382636736E-8));
#3488=CARTESIAN_POINT('Ctrl Pts',(53.9277472591067,7.87084574292997E-7,
-3.26511327058681E-8));
#3489=CARTESIAN_POINT('Ctrl Pts',(53.971356287251,0.00305068913840678,-9.54643434544337E-6));
#3490=CARTESIAN_POINT('Ctrl Pts',(54.0145266959272,0.0089492890363817,-2.29954339781152E-5));
#3491=CARTESIAN_POINT('Ctrl Pts',(54.05902799793,0.0150297358865125,-3.68590505766855E-5));
#3492=CARTESIAN_POINT('Ctrl Pts',(54.1030642304834,0.0241375115772783,-5.47801020365809E-5));
#3493=CARTESIAN_POINT('Ctrl Pts',(54.1463816697434,0.0361089148667331,-7.1167036546943E-5));
#3494=CARTESIAN_POINT('Ctrl Pts',(54.1877657484535,0.0475460058966901,-8.68225831161614E-5));
#3495=CARTESIAN_POINT('Ctrl Pts',(54.2284945316296,0.0615975947917021,-0.000100983792860666));
#3496=CARTESIAN_POINT('Ctrl Pts',(54.2683304962332,0.078162208577818,-0.000110776734748921));
#3497=CARTESIAN_POINT('Ctrl Pts',(54.3098863225982,0.0954419762738562,-0.000120992473134039));
#3498=CARTESIAN_POINT('Ctrl Pts',(54.3502082782485,0.115346847714849,-0.000126006452189436));
#3499=CARTESIAN_POINT('Ctrl Pts',(54.3890493059795,0.137707251021531,-0.000124804182120547));
#3500=CARTESIAN_POINT('Ctrl Pts',(54.400423203916,0.144255093853917,-0.000124452118906606));
#3501=CARTESIAN_POINT('Ctrl Pts',(54.411670003775,0.151013824819653,-0.00012358023560058));
#3502=CARTESIAN_POINT('Ctrl Pts',(54.4227831754099,0.157979959403716,-0.000122203172037955));
#3503=CARTESIAN_POINT('',(45.4189067448741,0.,0.));
#3504=CARTESIAN_POINT('',(0.,0.,0.));
#3505=CARTESIAN_POINT('',(44.5997547005851,1.57357643635105,0.));
#3506=CARTESIAN_POINT('Origin',(45.4189067448741,1.,0.));
#3507=CARTESIAN_POINT('',(50.5,10.,0.));
#3508=CARTESIAN_POINT('',(44.3202532733391,1.17440703014802,0.));
#3509=CARTESIAN_POINT('',(26.5,10.,0.));
#3510=CARTESIAN_POINT('',(44.5,10.,0.));
#3511=CARTESIAN_POINT('',(32.4002452994149,1.57357643635105,0.));
#3512=CARTESIAN_POINT('',(29.1787090356124,6.17440703014802,0.));
#3513=CARTESIAN_POINT('',(31.5810932551259,0.,0.));
#3514=CARTESIAN_POINT('Origin',(31.5810932551259,1.,0.));
#3515=CARTESIAN_POINT('',(23.1160723251156,0.,-3.99547617213614E-10));
#3516=CARTESIAN_POINT('',(0.,0.,0.));
#3517=CARTESIAN_POINT('',(22.5762215873228,0.155672114839244,0.));
#3518=CARTESIAN_POINT('Ctrl Pts',(22.5771847941391,0.157918863318005,-0.000118270214659169));
#3519=CARTESIAN_POINT('Ctrl Pts',(22.6153599230128,0.133998229051918,-0.000123551231798128));
#3520=CARTESIAN_POINT('Ctrl Pts',(22.6550203815507,0.11257728641,-0.000122611775130985));
#3521=CARTESIAN_POINT('Ctrl Pts',(22.6958911236077,0.0937771970149441,-0.000115814207055934));
#3522=CARTESIAN_POINT('Ctrl Pts',(22.7366617632675,0.0750231536156348,-0.000109033287879943));
#3523=CARTESIAN_POINT('Ctrl Pts',(22.7786378144895,0.0588765983108167,-9.65517395181404E-5));
#3524=CARTESIAN_POINT('Ctrl Pts',(22.8215683017508,0.0455044460350342,-8.14400426248224E-5));
#3525=CARTESIAN_POINT('Ctrl Pts',(22.8645637034626,0.0321120739580857,-6.6305495592246E-5));
#3526=CARTESIAN_POINT('Ctrl Pts',(22.9083118047027,0.0215663841140845,-4.8712663569678E-5));
#3527=CARTESIAN_POINT('Ctrl Pts',(22.9525515849478,0.0140049992367524,-3.34813569405762E-5));
#3528=CARTESIAN_POINT('Ctrl Pts',(22.995647458991,0.00663912878124707,-1.86438855886842E-5));
#3529=CARTESIAN_POINT('Ctrl Pts',(23.0392109038556,0.00210493408555121,
-6.16892474083078E-6));
#3530=CARTESIAN_POINT('Ctrl Pts',(23.0830104646017,0.000577660857422557,
-1.72331739339837E-6));
#3531=CARTESIAN_POINT('Ctrl Pts',(23.0940173500179,0.000193855149441994,
-6.06130603268138E-7));
#3532=CARTESIAN_POINT('Ctrl Pts',(23.1050391559999,1.98175395120209E-7,
2.82479379126244E-9));
#3533=CARTESIAN_POINT('Ctrl Pts',(23.1160721996956,4.9960036108132E-16,
1.47580434539663E-8));
#3534=CARTESIAN_POINT('',(14.5785933100916,0.27609755953604,0.));
#3535=CARTESIAN_POINT('Ctrl Pts',(14.5785933100916,0.27609755953604,-2.77555756156289E-16));
#3536=CARTESIAN_POINT('Ctrl Pts',(13.7687244685295,1.17031230866855,7.93316369062554E-17));
#3537=CARTESIAN_POINT('Ctrl Pts',(12.7663899297558,3.51222090953334,3.29520496316878E-16));
#3538=CARTESIAN_POINT('Ctrl Pts',(13.7458106462221,7.20995436817748,-1.27012356431574E-16));
#3539=CARTESIAN_POINT('Ctrl Pts',(16.8037667922539,9.51422318026037,3.71145112413471E-16));
#3540=CARTESIAN_POINT('Ctrl Pts',(20.6257798670327,9.43920036370247,2.46970555481615E-16));
#3541=CARTESIAN_POINT('Ctrl Pts',(23.605012603431,7.04330296812264,9.88258523163709E-16));
#3542=CARTESIAN_POINT('Ctrl Pts',(24.4706905710208,3.32405902827209,-1.48332745892626E-15));
#3543=CARTESIAN_POINT('Ctrl Pts',(23.4053631821108,1.02080373455594,2.14524251977799E-15));
#3544=CARTESIAN_POINT('Ctrl Pts',(22.5762201312084,0.155673510382984,1.67517284399948E-15));
#3545=CARTESIAN_POINT('',(13.8815892664736,0.,6.42395858729827E-11));
#3546=CARTESIAN_POINT('Ctrl Pts',(13.8815892664646,-5.55111512312578E-17,
6.55423354478657E-11));
#3547=CARTESIAN_POINT('Ctrl Pts',(13.925522043459,7.27007881440738E-16,
5.83157607990125E-11));
#3548=CARTESIAN_POINT('Ctrl Pts',(13.9692476262184,0.00304626518651133,
1.09413024666187E-5));
#3549=CARTESIAN_POINT('Ctrl Pts',(14.0125368577914,0.00893961062780763,
2.63585844771097E-5));
#3550=CARTESIAN_POINT('Ctrl Pts',(14.0571116347152,0.0150079687121418,4.22337081837973E-5));
#3551=CARTESIAN_POINT('Ctrl Pts',(14.1012247652838,0.0240952953914837,6.27099451214968E-5));
#3552=CARTESIAN_POINT('Ctrl Pts',(14.1446221345011,0.036039790598456,8.1298585897685E-5));
#3553=CARTESIAN_POINT('Ctrl Pts',(14.1864686497956,0.0475574358008679,9.92229406356104E-5));
#3554=CARTESIAN_POINT('Ctrl Pts',(14.2276504607649,0.0617324245540674,0.000115275134991541));
#3555=CARTESIAN_POINT('Ctrl Pts',(14.2679228177365,0.07846226449007,0.000126074674795702));
#3556=CARTESIAN_POINT('Ctrl Pts',(14.3095623160062,0.0957600387812133,0.000137240830759852));
#3557=CARTESIAN_POINT('Ctrl Pts',(14.3499697987961,0.115680708735048,0.000142404826532183));
#3558=CARTESIAN_POINT('Ctrl Pts',(14.3888963643251,0.138058074668232,0.000140254858227502));
#3559=CARTESIAN_POINT('Ctrl Pts',(14.4274590029949,0.160226233228724,0.000138124990108954));
#3560=CARTESIAN_POINT('Ctrl Pts',(14.464569245363,0.18480598331546,0.000128679208282213));
#3561=CARTESIAN_POINT('Ctrl Pts',(14.4999619291528,0.211680017769703,0.000113978584711901));
#3562=CARTESIAN_POINT('Ctrl Pts',(14.5270515721898,0.232249466660795,0.000102726693012812));
#3563=CARTESIAN_POINT('Ctrl Pts',(14.5531346583075,0.254163950205129,8.84454257595822E-5));
#3564=CARTESIAN_POINT('Ctrl Pts',(14.5780776584353,0.277385396934797,7.41642241902808E-5));
#3565=CARTESIAN_POINT('',(2.,0.,0.));
#3566=CARTESIAN_POINT('',(0.,0.,0.));
#3567=CARTESIAN_POINT('',(2.,10.5,0.));
#3568=CARTESIAN_POINT('Origin',(2.,10.5,2.));
#3569=CARTESIAN_POINT('',(0.,0.,2.));
#3570=CARTESIAN_POINT('Origin',(2.,0.,2.));
#3571=CARTESIAN_POINT('',(-5.55111512312578E-16,10.5,2.));
#3572=CARTESIAN_POINT('Origin',(0.,0.,0.));
#3573=CARTESIAN_POINT('',(0.,0.,0.));
#3574=CARTESIAN_POINT('Ctrl Pts',(17.1358972995918,-6.95026815109398E-16,
22.4999999050774));
#3575=CARTESIAN_POINT('Ctrl Pts',(16.0527745372618,-7.48650753087854E-16,
14.9997615613758));
#3576=CARTESIAN_POINT('Ctrl Pts',(14.9605595554245,6.51826713009419E-17,
7.50083684000596));
#3577=CARTESIAN_POINT('Ctrl Pts',(13.8815892664551,0.,-4.33680868994202E-17));
#3578=CARTESIAN_POINT('Ctrl Pts',(24.8999126733679,1.24894295669634,22.6175515817737));
#3579=CARTESIAN_POINT('Ctrl Pts',(24.01732183325,1.39655281706094,15.0869670790672));
#3580=CARTESIAN_POINT('Ctrl Pts',(23.1568490617949,1.4800753155872,7.5560888351173));
#3581=CARTESIAN_POINT('Ctrl Pts',(22.2733508074175,1.54287870117406,0.0276612733968518));
#3582=CARTESIAN_POINT('Ctrl Pts',(24.8570254407868,1.08084648322323,22.6227956869905));
#3583=CARTESIAN_POINT('Ctrl Pts',(23.9453350095779,1.22101145634712,15.0957091241033));
#3584=CARTESIAN_POINT('Ctrl Pts',(23.0633882586771,1.30618613649401,7.56746889550617));
#3585=CARTESIAN_POINT('Ctrl Pts',(22.1632927191226,1.37134468471285,0.0411750940488175));
#3586=CARTESIAN_POINT('Ctrl Pts',(24.860362234531,0.722495518188655,22.6223876751784));
#3587=CARTESIAN_POINT('Ctrl Pts',(23.9025113712797,0.830249461138696,15.1009502895298));
#3588=CARTESIAN_POINT('Ctrl Pts',(22.9820603557993,0.903110546328996,7.57735816641004));
#3589=CARTESIAN_POINT('Ctrl Pts',(22.0515104886045,0.959796193648723,0.0549006188030717));
#3590=CARTESIAN_POINT('Ctrl Pts',(25.1750388270325,0.178898120161069,22.5839100896354));
#3591=CARTESIAN_POINT('Ctrl Pts',(24.1983439442832,0.210375929671635,15.0652163929948));
#3592=CARTESIAN_POINT('Ctrl Pts',(23.2533917538109,0.233628840785859,7.54425950868347));
#3593=CARTESIAN_POINT('Ctrl Pts',(22.3023924334326,0.252446292909867,0.024095308082639));
#3594=CARTESIAN_POINT('Ctrl Pts',(25.6028545595571,-4.25366017339342E-16,
22.5315982341079));
#3595=CARTESIAN_POINT('Ctrl Pts',(24.6608445446795,-0.000715142745301182,
15.0092602875908));
#3596=CARTESIAN_POINT('Ctrl Pts',(23.7375124469185,0.000564446583372814,
7.48524820161093));
#3597=CARTESIAN_POINT('Ctrl Pts',(22.8028059485383,5.12592796590971E-16,
-0.0373495034684713));
#3598=CARTESIAN_POINT('Ctrl Pts',(25.8612705827512,-4.16333634234434E-16,
22.5));
#3599=CARTESIAN_POINT('Ctrl Pts',(24.9411811297471,1.94945430671809E-15,
14.9753435075948));
#3600=CARTESIAN_POINT('Ctrl Pts',(24.0307827766893,3.80353082118584E-16,
7.44950305788573));
#3601=CARTESIAN_POINT('Ctrl Pts',(23.1069017476282,5.55111512312578E-16,
-0.0746888408455136));
#3602=CARTESIAN_POINT('Ctrl Pts',(23.1160721996956,5.53433846277433E-16,
1.47580379167289E-8));
#3603=CARTESIAN_POINT('Ctrl Pts',(24.0368075884201,3.90693778019829E-16,
7.4993064888441));
#3604=CARTESIAN_POINT('Ctrl Pts',(24.9442255487577,1.94162631808179E-15,
15.0002413120409));
#3605=CARTESIAN_POINT('Ctrl Pts',(25.8612705826914,-4.1633363408056E-16,
22.4999999995106));
#3606=CARTESIAN_POINT('',(22.399439508723,1.53374349666287,1.10296006925321));
#3607=CARTESIAN_POINT('Ctrl Pts',(24.8861373361411,1.25124192803611,22.5000001210539));
#3608=CARTESIAN_POINT('Ctrl Pts',(24.0503760038114,1.39042541039434,15.367128779936));
#3609=CARTESIAN_POINT('Ctrl Pts',(23.234247432132,1.47231457280285,8.23400671672505));
#3610=CARTESIAN_POINT('Ctrl Pts',(22.3993895257673,1.53376289356316,1.10296608809042));
#3611=CARTESIAN_POINT('Ctrl Pts',(22.3979736175763,1.5347358416953,1.10291127513588));
#3612=CARTESIAN_POINT('Ctrl Pts',(22.3970791826168,1.53360976320082,1.10142999050797));
#3613=CARTESIAN_POINT('Ctrl Pts',(22.3961872319499,1.53248218267419,1.09994846063123));
#3614=CARTESIAN_POINT('Ctrl Pts',(22.3952977642244,1.53135311024833,1.09846669813874));
#3615=CARTESIAN_POINT('Ctrl Pts',(22.369458960278,1.49855385264791,1.05542188668034));
#3616=CARTESIAN_POINT('Ctrl Pts',(22.3455513266139,1.46429034257335,1.01192726718275));
#3617=CARTESIAN_POINT('Ctrl Pts',(22.3236530274652,1.42878571903213,0.968291276487183));
#3618=CARTESIAN_POINT('Ctrl Pts',(22.3013135695584,1.39256582644073,0.923776203843832));
#3619=CARTESIAN_POINT('Ctrl Pts',(22.2810645742095,1.35505339346214,0.879113630909439));
#3620=CARTESIAN_POINT('Ctrl Pts',(22.2630341099729,1.31646598488171,0.834659028188544));
#3621=CARTESIAN_POINT('Ctrl Pts',(22.2461247366682,1.28027784862596,0.792968505822795));
#3622=CARTESIAN_POINT('Ctrl Pts',(22.2311666202512,1.24314339881334,0.751460946889992));
#3623=CARTESIAN_POINT('Ctrl Pts',(22.2183079775532,1.20523836197421,0.710455577385392));
#3624=CARTESIAN_POINT('Ctrl Pts',(22.2174554499364,1.20272525919346,0.70773692264394));
#3625=CARTESIAN_POINT('Ctrl Pts',(22.2166121673262,1.20020877036721,0.705020485291849));
#3626=CARTESIAN_POINT('Ctrl Pts',(22.2157781800112,1.19768894744054,0.702306362654249));
#3627=CARTESIAN_POINT('Ctrl Pts',(22.2050308079512,1.16521666155533,0.667330188224428));
#3628=CARTESIAN_POINT('Ctrl Pts',(22.195705781138,1.13183903301609,0.632363439673539));
#3629=CARTESIAN_POINT('Ctrl Pts',(22.188052415905,1.09768199014644,0.597677978141789));
#3630=CARTESIAN_POINT('Ctrl Pts',(22.1805925441645,1.06438851060047,0.563869439491165));
#3631=CARTESIAN_POINT('Ctrl Pts',(22.1747206653857,1.03035390181994,0.530328073770008));
#3632=CARTESIAN_POINT('Ctrl Pts',(22.1706905210586,0.995698609141633,0.497348264662754));
#3633=CARTESIAN_POINT('Ctrl Pts',(22.1668300654814,0.96250247346027,0.465757066514969));
#3634=CARTESIAN_POINT('Ctrl Pts',(22.1646594237565,0.92873630780376,0.434681181295546));
#3635=CARTESIAN_POINT('Ctrl Pts',(22.164424936876,0.894517668366174,0.404418915446928));
#3636=CARTESIAN_POINT('Ctrl Pts',(22.1642992974805,0.87618312800288,0.388204222408116));
#3637=CARTESIAN_POINT('Ctrl Pts',(22.1647299171637,0.857718934267079,0.372223789961708));
#3638=CARTESIAN_POINT('Ctrl Pts',(22.1657577630947,0.839145429406974,0.356528448251726));
#3639=CARTESIAN_POINT('Ctrl Pts',(22.1674336327231,0.808861928980221,0.330937699981417));
#3640=CARTESIAN_POINT('Ctrl Pts',(22.1707090582108,0.778119961226324,0.305957460378104));
#3641=CARTESIAN_POINT('Ctrl Pts',(22.1758366976685,0.747022220889445,0.28186756772262));
#3642=CARTESIAN_POINT('Ctrl Pts',(22.1784738008847,0.731028906277899,0.269478332105374));
#3643=CARTESIAN_POINT('Ctrl Pts',(22.1816011372735,0.714941729842799,0.257325275488631));
#3644=CARTESIAN_POINT('Ctrl Pts',(22.1852552678208,0.698776560811577,0.245451073394007));
#3645=CARTESIAN_POINT('Ctrl Pts',(22.1921218611404,0.668400075833161,0.22313788131656));
#3646=CARTESIAN_POINT('Ctrl Pts',(22.2008486249232,0.637745102636143,0.201808450392093));
#3647=CARTESIAN_POINT('Ctrl Pts',(22.2116076688369,0.607015045234413,0.181670235536588));
#3648=CARTESIAN_POINT('Ctrl Pts',(22.2182721139761,0.587980009842565,0.169196076198324));
#3649=CARTESIAN_POINT('Ctrl Pts',(22.2257164486975,0.568916964646735,0.157179409373427));
#3650=CARTESIAN_POINT('Ctrl Pts',(22.2339824614112,0.549883282274248,0.145674118879116));
#3651=CARTESIAN_POINT('Ctrl Pts',(22.2474341944333,0.518908733532187,0.126950932570052));
#3652=CARTESIAN_POINT('Ctrl Pts',(22.2629737444476,0.48821470996518,0.109703433239033));
#3653=CARTESIAN_POINT('Ctrl Pts',(22.2807090615065,0.458020442531688,0.0941040608166597));
#3654=CARTESIAN_POINT('Ctrl Pts',(22.2976535347749,0.429172581752533,0.0792002872816978));
#3655=CARTESIAN_POINT('Ctrl Pts',(22.3166027972903,0.40078073812899,0.0658009023741966));
#3656=CARTESIAN_POINT('Ctrl Pts',(22.3376517369588,0.373073880082145,0.0540845476117274));
#3657=CARTESIAN_POINT('Ctrl Pts',(22.3485802905267,0.35868855297615,0.0480014473387537));
#3658=CARTESIAN_POINT('Ctrl Pts',(22.3600748169396,0.344488520790294,0.0423725095967525));
#3659=CARTESIAN_POINT('Ctrl Pts',(22.3721479923667,0.330510366007063,0.0372260123537847));
#3660=CARTESIAN_POINT('Ctrl Pts',(22.4010884209689,0.29700353982544,0.0248894206334526));
#3661=CARTESIAN_POINT('Ctrl Pts',(22.4327036530343,0.265511071734888,0.015596083543387));
#3662=CARTESIAN_POINT('Ctrl Pts',(22.4667872307168,0.236287942262874,0.00937379707913766));
#3663=CARTESIAN_POINT('Ctrl Pts',(22.4991090138374,0.208575368726708,0.00347314323681968));
#3664=CARTESIAN_POINT('Ctrl Pts',(22.5336515626764,0.182903335110855,0.000334333904011573));
#3665=CARTESIAN_POINT('Ctrl Pts',(22.5702217749627,0.159482958422377,2.52682478781296E-5));
#3666=CARTESIAN_POINT('Ctrl Pts',(22.5722151427448,0.158206361393941,8.42170849663999E-6));
#3667=CARTESIAN_POINT('Ctrl Pts',(22.5742145285032,0.15693645319712,-6.02467634293685E-9));
#3668=CARTESIAN_POINT('Ctrl Pts',(22.5762198985876,0.155673267665709,1.69309011255336E-15));
#3669=CARTESIAN_POINT('Ctrl Pts',(21.8440706117507,0.830123629722352,1.0977328304056));
#3670=CARTESIAN_POINT('Ctrl Pts',(22.5298372665014,1.53773848679514,1.10699563243178));
#3671=CARTESIAN_POINT('Ctrl Pts',(23.4072095016886,3.42643584246036,1.10177073820509));
#3672=CARTESIAN_POINT('Ctrl Pts',(22.6919710299568,6.46997027988112,1.02801033911215));
#3673=CARTESIAN_POINT('Ctrl Pts',(20.2607343816981,8.42892605025192,0.920668849558023));
#3674=CARTESIAN_POINT('Ctrl Pts',(17.1336891727506,8.50515050209709,0.828718270636046));
#3675=CARTESIAN_POINT('Ctrl Pts',(14.6189139790001,6.62225495510293,0.789875155515282));
#3676=CARTESIAN_POINT('Ctrl Pts',(13.8222073909054,3.58661920934492,0.816635057506782));
#3677=CARTESIAN_POINT('Ctrl Pts',(14.6516914780598,1.67340424972628,0.871323726779629));
#3678=CARTESIAN_POINT('Ctrl Pts',(15.3162399605539,0.944166430991836,0.902217577993137));
#3679=CARTESIAN_POINT('Ctrl Pts',(21.8217435112255,0.851721429866614,0.781409611829048));
#3680=CARTESIAN_POINT('Ctrl Pts',(22.4997521895054,1.55594853811616,0.789195885633982));
#3681=CARTESIAN_POINT('Ctrl Pts',(23.3707568314836,3.42677255643738,0.784719138641952));
#3682=CARTESIAN_POINT('Ctrl Pts',(22.6878469097675,6.45729371312711,0.723030073140036));
#3683=CARTESIAN_POINT('Ctrl Pts',(20.2759896363111,8.44992177327471,0.636968066936928));
#3684=CARTESIAN_POINT('Ctrl Pts',(17.1224929017285,8.55338158046684,0.566121502614947));
#3685=CARTESIAN_POINT('Ctrl Pts',(14.5702463141816,6.6550807948541,0.536889341374466));
#3686=CARTESIAN_POINT('Ctrl Pts',(13.7703616460048,3.57985841912615,0.556942709324817));
#3687=CARTESIAN_POINT('Ctrl Pts',(14.6214794165491,1.65350569828268,0.598904375644152));
#3688=CARTESIAN_POINT('Ctrl Pts',(15.2959071793877,0.925751518975673,0.623017729491399));
#3689=CARTESIAN_POINT('Ctrl Pts',(21.9874585059816,0.691419408848896,0.207423665272621));
#3690=CARTESIAN_POINT('Ctrl Pts',(22.7003943818449,1.43478731907657,0.209860282215206));
#3691=CARTESIAN_POINT('Ctrl Pts',(23.617341157295,3.39841801863981,0.208460369450629));
#3692=CARTESIAN_POINT('Ctrl Pts',(22.916295553964,6.59644548971753,0.189339402516929));
#3693=CARTESIAN_POINT('Ctrl Pts',(20.3760403807797,8.71691835452418,0.163748101258518));
#3694=CARTESIAN_POINT('Ctrl Pts',(17.032166551279,8.83467361198547,0.143516286624882));
#3695=CARTESIAN_POINT('Ctrl Pts',(14.3237991525032,6.82145721206178,0.135377049085818));
#3696=CARTESIAN_POINT('Ctrl Pts',(13.4755464051707,3.55723746951787,0.140973508677384));
#3697=CARTESIAN_POINT('Ctrl Pts',(14.3821511516963,1.51686045477729,0.152846907056973));
#3698=CARTESIAN_POINT('Ctrl Pts',(15.0989695467511,0.74738983062497,0.159859559638321));
#3699=CARTESIAN_POINT('Ctrl Pts',(22.3880400269921,0.303922625622904,1.7149580986159E-15));
#3700=CARTESIAN_POINT('Ctrl Pts',(23.1891689105401,1.13399641595751,-3.07374423163885E-5));
#3701=CARTESIAN_POINT('Ctrl Pts',(24.2164471634243,3.34048200442245,-9.16454094377754E-5));
#3702=CARTESIAN_POINT('Ctrl Pts',(23.3986936002268,6.90949670127164,-2.33997993946631E-5));
#3703=CARTESIAN_POINT('Ctrl Pts',(20.5509171333662,9.22277074774983,3.2240315200445E-5));
#3704=CARTESIAN_POINT('Ctrl Pts',(16.8721935533777,9.31056226129049,8.94021643421927E-5));
#3705=CARTESIAN_POINT('Ctrl Pts',(13.9190565442029,7.09351978479229,6.91713806739134E-5));
#3706=CARTESIAN_POINT('Ctrl Pts',(12.9789337412902,3.52570899592895,3.44188841956016E-5));
#3707=CARTESIAN_POINT('Ctrl Pts',(13.9525632886817,1.27420899408496,6.1562621791694E-5));
#3708=CARTESIAN_POINT('Ctrl Pts',(14.7345475763257,0.417341596333917,-2.62955754317263E-16));
#3709=CARTESIAN_POINT('Ctrl Pts',(22.5593777987969,0.138181491952963,1.66533453693773E-15));
#3710=CARTESIAN_POINT('Ctrl Pts',(23.3981729623828,1.00530054168565,2.16972924768266E-15));
#3711=CARTESIAN_POINT('Ctrl Pts',(24.4726309306778,3.31572259005174,-1.48886735471669E-15));
#3712=CARTESIAN_POINT('Ctrl Pts',(23.605012603431,7.04330296812264,9.88258523163709E-16));
#3713=CARTESIAN_POINT('Ctrl Pts',(20.6257798670327,9.43920036370247,2.46970555481615E-16));
#3714=CARTESIAN_POINT('Ctrl Pts',(16.8037667922539,9.51422318026037,3.71145112413471E-16));
#3715=CARTESIAN_POINT('Ctrl Pts',(13.7458106462221,7.20995436817748,-1.27012356431574E-16));
#3716=CARTESIAN_POINT('Ctrl Pts',(12.7663899297558,3.51222090953334,3.29520496316878E-16));
#3717=CARTESIAN_POINT('Ctrl Pts',(13.7687244685295,1.17031230866855,7.93316369062554E-17));
#3718=CARTESIAN_POINT('Ctrl Pts',(14.5785933100916,0.27609755953604,-2.77555756156289E-16));
#3719=CARTESIAN_POINT('',(14.8618498085867,1.5347996567193,0.879597645289857));
#3720=CARTESIAN_POINT('Ctrl Pts',(22.3979446203347,1.53469003926034,1.10291115791178));
#3721=CARTESIAN_POINT('Ctrl Pts',(22.765070239082,2.11457352748141,1.10439543199109));
#3722=CARTESIAN_POINT('Ctrl Pts',(23.3348032815726,3.73454402332042,1.09430370181982));
#3723=CARTESIAN_POINT('Ctrl Pts',(22.6919710299568,6.46997027988112,1.02801033911215));
#3724=CARTESIAN_POINT('Ctrl Pts',(20.2607343816981,8.42892605025192,0.920668849558023));
#3725=CARTESIAN_POINT('Ctrl Pts',(17.1336891727506,8.50515050209709,0.828718270636046));
#3726=CARTESIAN_POINT('Ctrl Pts',(14.6189139790001,6.62225495510293,0.789875155515282));
#3727=CARTESIAN_POINT('Ctrl Pts',(13.889120435916,3.84157333464889,0.814387571979246));
#3728=CARTESIAN_POINT('Ctrl Pts',(14.4642882633784,2.15721458313611,0.858129135235347));
#3729=CARTESIAN_POINT('Ctrl Pts',(14.8629403458511,1.53549373887605,0.879632019060946));
#3730=CARTESIAN_POINT('Ctrl Pts',(14.8628946453625,1.53556501289175,0.879629553999693));
#3731=CARTESIAN_POINT('Ctrl Pts',(14.8634043815922,1.53443923826925,0.878191519612256));
#3732=CARTESIAN_POINT('Ctrl Pts',(14.863911758964,1.53331192396534,0.87675391741165));
#3733=CARTESIAN_POINT('Ctrl Pts',(14.8644167798451,1.53218307908174,0.875316757409565));
#3734=CARTESIAN_POINT('Ctrl Pts',(14.8789753271843,1.49964117380217,0.833886862710205));
#3735=CARTESIAN_POINT('Ctrl Pts',(14.8916439420232,1.46568502931524,0.792646761319487));
#3736=CARTESIAN_POINT('Ctrl Pts',(14.9024043353933,1.43049957963275,0.751846565559577));
#3737=CARTESIAN_POINT('Ctrl Pts',(14.9129519874637,1.39600977350563,0.711853021227872));
#3738=CARTESIAN_POINT('Ctrl Pts',(14.9216661261481,1.36033816596717,0.672281833269457));
#3739=CARTESIAN_POINT('Ctrl Pts',(14.9284891624415,1.32365747706491,0.633397127478041));
#3740=CARTESIAN_POINT('Ctrl Pts',(14.9351017889302,1.28810795268505,0.595711554008601));
#3741=CARTESIAN_POINT('Ctrl Pts',(14.939938055525,1.25161009256656,0.558670592139676));
#3742=CARTESIAN_POINT('Ctrl Pts',(14.9429080581518,1.21432808031826,0.522545361019746));
#3743=CARTESIAN_POINT('Ctrl Pts',(14.943994212293,1.20069374490256,0.509334069880784));
#3744=CARTESIAN_POINT('Ctrl Pts',(14.9448304041828,1.18695464269761,0.496245567330812));
#3745=CARTESIAN_POINT('Ctrl Pts',(14.9454109671374,1.17311926132285,0.483294254708438));
#3746=CARTESIAN_POINT('Ctrl Pts',(14.9468007324626,1.1399997983235,0.452291096387691));
#3747=CARTESIAN_POINT('Ctrl Pts',(14.9467395650459,1.10611942125086,0.421880291340873));
#3748=CARTESIAN_POINT('Ctrl Pts',(14.9450718714362,1.07158342826699,0.392306239513445));
#3749=CARTESIAN_POINT('Ctrl Pts',(14.9434458456178,1.03791032672666,0.363471103642036));
#3750=CARTESIAN_POINT('Ctrl Pts',(14.9402924967547,1.00361353598205,0.335431246809067));
#3751=CARTESIAN_POINT('Ctrl Pts',(14.935446831198,0.968802077209153,0.308455499598894));
#3752=CARTESIAN_POINT('Ctrl Pts',(14.9307788114452,0.935266833128553,0.282468703904654));
#3753=CARTESIAN_POINT('Ctrl Pts',(14.9245401586309,0.901253609708793,0.257469376195686));
#3754=CARTESIAN_POINT('Ctrl Pts',(14.9165653345122,0.866876188601169,0.23373913288766));
#3755=CARTESIAN_POINT('Ctrl Pts',(14.9116598429666,0.845729872883892,0.219142132854751));
#3756=CARTESIAN_POINT('Ctrl Pts',(14.9060970782773,0.824446091774972,0.205026136158931));
#3757=CARTESIAN_POINT('Ctrl Pts',(14.8998352464561,0.803055492799706,0.191465045450426));
#3758=CARTESIAN_POINT('Ctrl Pts',(14.8990003864034,0.800203586664828,0.18965701016203));
#3759=CARTESIAN_POINT('Ctrl Pts',(14.8981530964161,0.797349787070429,0.187858848445425));
#3760=CARTESIAN_POINT('Ctrl Pts',(14.8972933236805,0.794494213950402,0.186070671518296));
#3761=CARTESIAN_POINT('Ctrl Pts',(14.8872372614274,0.761094898207179,0.165155820704269));
#3762=CARTESIAN_POINT('Ctrl Pts',(14.8754706977804,0.72744680409923,0.145600843183331));
#3763=CARTESIAN_POINT('Ctrl Pts',(14.8618959071791,0.693739370476166,0.127588142879479));
#3764=CARTESIAN_POINT('Ctrl Pts',(14.8489672364932,0.6616363110789,0.110432793877648));
#3765=CARTESIAN_POINT('Ctrl Pts',(14.8343980118735,0.629479197784801,0.094676485254092));
#3766=CARTESIAN_POINT('Ctrl Pts',(14.8181017672243,0.597466655533157,0.0805063242117081));
#3767=CARTESIAN_POINT('Ctrl Pts',(14.8018424858583,0.565526724407066,0.0663683040513096));
#3768=CARTESIAN_POINT('Ctrl Pts',(14.7838636001805,0.533730219737245,0.0538091064378889));
#3769=CARTESIAN_POINT('Ctrl Pts',(14.7640827794628,0.502315763327865,0.0430454183395464));
#3770=CARTESIAN_POINT('Ctrl Pts',(14.7430805336223,0.468961528644186,0.0316170945698939));
#3771=CARTESIAN_POINT('Ctrl Pts',(14.7202676184297,0.436386880826055,0.0223317971003731));
#3772=CARTESIAN_POINT('Ctrl Pts',(14.6956466240107,0.404827449849057,0.0153411284801735));
#3773=CARTESIAN_POINT('Ctrl Pts',(14.6722073789109,0.374782796684656,0.0086859953684823));
#3774=CARTESIAN_POINT('Ctrl Pts',(14.6471288090573,0.345658106277488,0.00411058874445416));
#3775=CARTESIAN_POINT('Ctrl Pts',(14.6204230026826,0.317684594055432,0.00178196857486568));
#3776=CARTESIAN_POINT('Ctrl Pts',(14.6068959093829,0.303515379149982,0.000602469935075732));
#3777=CARTESIAN_POINT('Ctrl Pts',(14.5929515414524,0.289641982748938,-3.02592885507754E-16));
#3778=CARTESIAN_POINT('Ctrl Pts',(14.5785933100916,0.27609755953604,-3.05311331771918E-16));
#3779=CARTESIAN_POINT('Ctrl Pts',(14.7126132511431,1.5432396528193,-0.119540020403712));
#3780=CARTESIAN_POINT('Ctrl Pts',(15.8385155952033,1.48058967280567,7.42285369756367));
#3781=CARTESIAN_POINT('Ctrl Pts',(16.9871028029423,1.39747740629293,14.9616095839566));
#3782=CARTESIAN_POINT('Ctrl Pts',(18.1148591822868,1.25059864404649,22.5057431706473));
#3783=CARTESIAN_POINT('Ctrl Pts',(14.8224631880862,1.37171894559307,-0.135341566382504));
#3784=CARTESIAN_POINT('Ctrl Pts',(15.9318232195259,1.30671003250336,7.40933589405588));
#3785=CARTESIAN_POINT('Ctrl Pts',(17.0590959372975,1.22194233176197,14.9511549824767));
#3786=CARTESIAN_POINT('Ctrl Pts',(18.1579471341307,1.08241864487437,22.4995214512144));
#3787=CARTESIAN_POINT('Ctrl Pts',(14.9341280441104,0.960103317501486,-0.151404182400169));
#3788=CARTESIAN_POINT('Ctrl Pts',(16.0131490660305,0.903536910237681,7.39754054698665));
#3789=CARTESIAN_POINT('Ctrl Pts',(17.1022071689547,0.8310155266713,14.9449339039724));
#3790=CARTESIAN_POINT('Ctrl Pts',(18.155145306315,0.72369469383212,22.4999260233935));
#3791=CARTESIAN_POINT('Ctrl Pts',(14.6840688716888,0.252493746708424,-0.115434006900792));
#3792=CARTESIAN_POINT('Ctrl Pts',(15.7427824959788,0.233712377222595,7.43664919119327));
#3793=CARTESIAN_POINT('Ctrl Pts',(16.8075923042125,0.210588297203824,14.9879025401889));
#3794=CARTESIAN_POINT('Ctrl Pts',(17.8415974866141,0.179217647918535,22.5452010127923));
#3795=CARTESIAN_POINT('Ctrl Pts',(14.1849082612294,5.95381330419898E-16,
-0.0436314227895154));
#3796=CARTESIAN_POINT('Ctrl Pts',(15.2599466730871,0.00056355161985592,
7.50653616735251));
#3797=CARTESIAN_POINT('Ctrl Pts',(16.3463408422989,-0.000713877980959053,
15.0550868094933));
#3798=CARTESIAN_POINT('Ctrl Pts',(17.4146155308096,-8.20461400780574E-16,
22.6068554154316));
#3799=CARTESIAN_POINT('Ctrl Pts',(13.8815892664551,0.,-4.33680868994202E-17));
#3800=CARTESIAN_POINT('Ctrl Pts',(14.9674693726811,6.56001066572206E-17,
7.54887283540481));
#3801=CARTESIAN_POINT('Ctrl Pts',(16.0667643552437,-7.59110520131945E-16,
15.0958089830132));
#3802=CARTESIAN_POINT('Ctrl Pts',(17.1567054051914,-6.93889390390723E-16,
22.6440965552819));
#3803=CARTESIAN_POINT('Ctrl Pts',(14.861892140097,1.53481689390507,0.879591462673731));
#3804=CARTESIAN_POINT('Ctrl Pts',(15.9396254744814,1.47314171263008,8.0867303629341));
#3805=CARTESIAN_POINT('Ctrl Pts',(17.0363188580515,1.39103526630339,15.2909109009262));
#3806=CARTESIAN_POINT('Ctrl Pts',(18.114000643755,1.25071044708909,22.4999999995443));
#3807=CARTESIAN_POINT('Origin',(31.5810932551259,1.,0.));
#3808=CARTESIAN_POINT('',(31.5810932551259,0.,20.5));
#3809=CARTESIAN_POINT('',(31.5810932551259,0.,0.));
#3810=CARTESIAN_POINT('',(32.4002452994149,1.57357643635104,19.5));
#3811=CARTESIAN_POINT('',(32.4002452994149,1.57357643635105,0.));
#3812=CARTESIAN_POINT('',(32.5810932551259,1.,19.5));
#3813=CARTESIAN_POINT('Origin',(31.5810932551259,1.,19.5));
#3814=CARTESIAN_POINT('Origin',(31.5810932551259,1.,20.5));
#3815=CARTESIAN_POINT('Origin',(45.4189067448741,1.,0.));
#3816=CARTESIAN_POINT('',(44.5997547005851,1.57357643635104,19.5));
#3817=CARTESIAN_POINT('',(44.5997547005851,1.57357643635104,0.));
#3818=CARTESIAN_POINT('',(45.4189067448741,0.,20.5));
#3819=CARTESIAN_POINT('',(45.4189067448741,0.,0.));
#3820=CARTESIAN_POINT('',(44.4189067448741,1.,19.5));
#3821=CARTESIAN_POINT('Origin',(45.4189067448741,1.,20.5));
#3822=CARTESIAN_POINT('Origin',(45.4189067448741,1.,19.5));
#3823=CARTESIAN_POINT('Origin',(19.25,1.,20.5));
#3824=CARTESIAN_POINT('',(19.25,1.,19.5));
#3825=CARTESIAN_POINT('',(19.25,0.,20.5));
#3826=CARTESIAN_POINT('Origin',(26.5,10.,0.));
#3827=CARTESIAN_POINT('',(26.5,10.,19.5));
#3828=CARTESIAN_POINT('',(26.5,10.,0.));
#3829=CARTESIAN_POINT('',(33.5020753820971,0.,19.5));
#3830=CARTESIAN_POINT('',(27.2002075382097,9.,9.23718493507238));
#3831=CARTESIAN_POINT('',(27.2002075382097,9.,13.7628150649276));
#3832=CARTESIAN_POINT('Origin',(28.,7.85777798988678,11.5));
#3833=CARTESIAN_POINT('',(27.2002075382097,9.,5.75));
#3834=CARTESIAN_POINT('Origin',(0.,0.,0.));
#3835=CARTESIAN_POINT('Ctrl Pts',(51.1387294173087,4.44089209869463E-15,
22.4999999995106));
#3836=CARTESIAN_POINT('Ctrl Pts',(52.0557744512412,7.41390347319221E-15,
15.0002413120502));
#3837=CARTESIAN_POINT('Ctrl Pts',(52.9631924115799,-2.06564745746637E-15,
7.49930648884415));
#3838=CARTESIAN_POINT('Ctrl Pts',(53.8839278003044,-2.081820788037E-15,
1.47580378542789E-8));
#3839=CARTESIAN_POINT('',(25.6,0.,11.5));
#3840=CARTESIAN_POINT('Origin',(28.,0.,11.5));
#3841=CARTESIAN_POINT('',(46.6,0.,11.5));
#3842=CARTESIAN_POINT('Origin',(49.,0.,11.5));
#3843=CARTESIAN_POINT('Ctrl Pts',(54.726649192566,1.54287870117289,0.0276612735372961));
#3844=CARTESIAN_POINT('Ctrl Pts',(53.8431509381943,1.48007531558612,7.55608883521096));
#3845=CARTESIAN_POINT('Ctrl Pts',(52.9826781667436,1.39655281705987,15.0869670791218));
#3846=CARTESIAN_POINT('Ctrl Pts',(52.1000873266321,1.24894295669635,22.6175515817737));
#3847=CARTESIAN_POINT('Ctrl Pts',(54.8367072808606,1.37134468471163,0.0411750941892221));
#3848=CARTESIAN_POINT('Ctrl Pts',(53.9366117413119,1.30618613649292,7.5674688955998));
#3849=CARTESIAN_POINT('Ctrl Pts',(53.0546649904155,1.22101145634611,15.0957091241579));
#3850=CARTESIAN_POINT('Ctrl Pts',(52.1429745592132,1.08084648322323,22.6227956869904));
#3851=CARTESIAN_POINT('Ctrl Pts',(54.9484485827315,0.959848200498613,0.054895593393724));
#3852=CARTESIAN_POINT('Ctrl Pts',(54.0178987155425,0.903162553179033,7.57735314095392));
#3853=CARTESIAN_POINT('Ctrl Pts',(53.097467825547,0.830280388533699,15.1009477458437));
#3854=CARTESIAN_POINT('Ctrl Pts',(52.1396169623026,0.722526445584439,22.6223851314378));
#3855=CARTESIAN_POINT('Ctrl Pts',(54.6975332292364,0.252592009363218,0.0240861804874324));
#3856=CARTESIAN_POINT('Ctrl Pts',(53.746533908864,0.23377455723927,7.54425038104153));
#3857=CARTESIAN_POINT('Ctrl Pts',(52.8016209871053,0.210455915446136,15.0652121049794));
#3858=CARTESIAN_POINT('Ctrl Pts',(51.8249261043631,0.178978105935797,22.5839058015655));
#3859=CARTESIAN_POINT('Ctrl Pts',(54.1971940514443,-2.16670560261533E-15,
-0.0373495033281379));
#3860=CARTESIAN_POINT('Ctrl Pts',(53.2624875530699,0.000564446583368057,
7.48524820170449));
#3861=CARTESIAN_POINT('Ctrl Pts',(52.3391554553137,-0.000715142745292784,
15.0092602876453));
#3862=CARTESIAN_POINT('Ctrl Pts',(51.3971454404429,2.16473155606378E-15,
22.5315982341079));
#3863=CARTESIAN_POINT('Ctrl Pts',(53.8930982523545,-2.08166817117217E-15,
-0.0746888407051515));
#3864=CARTESIAN_POINT('Ctrl Pts',(52.9692172232994,-2.12872539229666E-15,
7.44950305797933));
#3865=CARTESIAN_POINT('Ctrl Pts',(52.0588188702462,7.42377331817903E-15,
14.9753435076493));
#3866=CARTESIAN_POINT('Ctrl Pts',(51.1387294172488,4.44089209850063E-15,
22.5));
#3867=CARTESIAN_POINT('',(54.600560491277,1.53374349666288,1.10296006925317));
#3868=CARTESIAN_POINT('Ctrl Pts',(54.6006104742327,1.53376289356315,1.10296608809038));
#3869=CARTESIAN_POINT('Ctrl Pts',(53.7657525678679,1.4723145728028,8.23400671672565));
#3870=CARTESIAN_POINT('Ctrl Pts',(52.9496239961878,1.3904254103942,15.3671287799432));
#3871=CARTESIAN_POINT('Ctrl Pts',(52.1138626638589,1.25124192803611,22.5000001210539));
#3872=CARTESIAN_POINT('Ctrl Pts',(54.4237801134413,0.155673281097147,-8.3544282603043E-15));
#3873=CARTESIAN_POINT('Ctrl Pts',(54.4605685485187,0.178846366831177,-1.10955140596899E-7));
#3874=CARTESIAN_POINT('Ctrl Pts',(54.4953391854116,0.204280685510408,0.00283671144605856));
#3875=CARTESIAN_POINT('Ctrl Pts',(54.5278980919654,0.23176590098641,0.00843931014759178));
#3876=CARTESIAN_POINT('Ctrl Pts',(54.562189016804,0.260713232387315,0.0143399472177711));
#3877=CARTESIAN_POINT('Ctrl Pts',(54.594027735108,0.291935743335967,0.0233083727141442));
#3878=CARTESIAN_POINT('Ctrl Pts',(54.6232086452795,0.3251805189771,0.0353133277312712));
#3879=CARTESIAN_POINT('Ctrl Pts',(54.6247583491374,0.326946041600038,0.0359508721051268));
#3880=CARTESIAN_POINT('Ctrl Pts',(54.626300559224,0.328717265467319,0.036596992155724));
#3881=CARTESIAN_POINT('Ctrl Pts',(54.6278352452464,0.330494151924459,0.0372516870713889));
#3882=CARTESIAN_POINT('Ctrl Pts',(54.6509740712741,0.357284691490082,0.0471226779673158));
#3883=CARTESIAN_POINT('Ctrl Pts',(54.6719859944388,0.384887584567092,0.0587649144264352));
#3884=CARTESIAN_POINT('Ctrl Pts',(54.6909623705357,0.413055849931293,0.0719861323014245));
#3885=CARTESIAN_POINT('Ctrl Pts',(54.7108103746009,0.442517947573258,0.0858146306822188));
#3886=CARTESIAN_POINT('Ctrl Pts',(54.7284320945504,0.472598718807509,0.101370531166205));
#3887=CARTESIAN_POINT('Ctrl Pts',(54.7439354624095,0.503061843538743,0.118467806725443));
#3888=CARTESIAN_POINT('Ctrl Pts',(54.7518245063825,0.518563309590882,0.127167926591802));
#3889=CARTESIAN_POINT('Ctrl Pts',(54.7591650258222,0.534164488516576,0.136267695185287));
#3890=CARTESIAN_POINT('Ctrl Pts',(54.7659708887929,0.549838287389593,0.145745688924362));
#3891=CARTESIAN_POINT('Ctrl Pts',(54.7793136180328,0.580566389824865,0.1643270657083));
#3892=CARTESIAN_POINT('Ctrl Pts',(54.7905151122394,0.61136906008626,0.184239439357457));
#3893=CARTESIAN_POINT('Ctrl Pts',(54.7997507659183,0.642014417844805,0.20526029473345));
#3894=CARTESIAN_POINT('Ctrl Pts',(54.8054698940851,0.660991388488524,0.218277344771474));
#3895=CARTESIAN_POINT('Ctrl Pts',(54.8104351251494,0.679909055585812,0.231719954237175));
#3896=CARTESIAN_POINT('Ctrl Pts',(54.8146871501923,0.698721098662081,0.245539804635937));
#3897=CARTESIAN_POINT('Ctrl Pts',(54.8217935964417,0.730161829046734,0.268637040198396));
#3898=CARTESIAN_POINT('Ctrl Pts',(54.8269094765503,0.761307213669745,0.292784934696513));
#3899=CARTESIAN_POINT('Ctrl Pts',(54.8302983171835,0.792045066679723,0.317681038545531));
#3900=CARTESIAN_POINT('Ctrl Pts',(54.8320395846777,0.807838911855257,0.330473253068053));
#3901=CARTESIAN_POINT('Ctrl Pts',(54.8333245342108,0.823525496607623,0.343463753260557));
#3902=CARTESIAN_POINT('Ctrl Pts',(54.8341867716988,0.839091346622566,0.356616000917113));
#3903=CARTESIAN_POINT('Ctrl Pts',(54.8361176904251,0.873949946138624,0.386069511862918));
#3904=CARTESIAN_POINT('Ctrl Pts',(54.8359477342567,0.908422934743257,0.416523370305903));
#3905=CARTESIAN_POINT('Ctrl Pts',(54.833941064919,0.942380558875767,0.447652238824329));
#3906=CARTESIAN_POINT('Ctrl Pts',(54.8318773366008,0.97730375684505,0.479666246447082));
#3907=CARTESIAN_POINT('Ctrl Pts',(54.8278708134385,1.01168245294397,0.512394262692685));
#3908=CARTESIAN_POINT('Ctrl Pts',(54.8221808477536,1.04539374008668,0.545528117476031));
#3909=CARTESIAN_POINT('Ctrl Pts',(54.8162695309827,1.08041646396389,0.57995094571609));
#3910=CARTESIAN_POINT('Ctrl Pts',(54.8085410873927,1.1147194971823,0.614811784858005));
#3911=CARTESIAN_POINT('Ctrl Pts',(54.7992588403969,1.14817475569171,0.649813476440441));
#3912=CARTESIAN_POINT('Ctrl Pts',(54.7946218206073,1.16488759428001,0.667298847882718));
#3913=CARTESIAN_POINT('Ctrl Pts',(54.7895966315217,1.18138894864837,0.684820112223319));
#3914=CARTESIAN_POINT('Ctrl Pts',(54.784213885884,1.19766292716481,0.702344495663862));
#3915=CARTESIAN_POINT('Ctrl Pts',(54.7715493266528,1.23595245052757,0.743575979931037));
#3916=CARTESIAN_POINT('Ctrl Pts',(54.7567427424587,1.27347191314893,0.785339706590496));
#3917=CARTESIAN_POINT('Ctrl Pts',(54.739947440211,1.31004177087683,0.827308168817489));
#3918=CARTESIAN_POINT('Ctrl Pts',(54.722774592605,1.34743369062138,0.870220049499959));
#3919=CARTESIAN_POINT('Ctrl Pts',(54.7035223407278,1.38383367607696,0.913346110769815));
#3920=CARTESIAN_POINT('Ctrl Pts',(54.682307742741,1.41904711835817,0.956364535237817));
#3921=CARTESIAN_POINT('Ctrl Pts',(54.6607670194008,1.4548018858305,1.00004426843731));
#3922=CARTESIAN_POINT('Ctrl Pts',(54.6372027984051,1.48933429034086,1.04361322168915));
#3923=CARTESIAN_POINT('Ctrl Pts',(54.6116947695044,1.52242422889976,1.08676079459664));
#3924=CARTESIAN_POINT('Ctrl Pts',(54.6093860219158,1.52541921985544,1.09066610830364));
#3925=CARTESIAN_POINT('Ctrl Pts',(54.6070613238974,1.52840237716617,1.09456798632488));
#3926=CARTESIAN_POINT('Ctrl Pts',(54.6047207191254,1.53137352691632,1.09846620789349));
#3927=CARTESIAN_POINT('Ctrl Pts',(54.6038310211464,1.53250290422919,1.09994797871298));
#3928=CARTESIAN_POINT('Ctrl Pts',(54.6029388339879,1.53363079247841,1.10142951931586));
#3929=CARTESIAN_POINT('Ctrl Pts',(54.6020441562046,1.53475718158042,1.10291081707527));
#3930=CARTESIAN_POINT('Ctrl Pts',(58.8852065519838,1.25060720518479,22.5053034410784));
#3931=CARTESIAN_POINT('Ctrl Pts',(60.0129423044794,1.39748054347244,14.9613167315782));
#3932=CARTESIAN_POINT('Ctrl Pts',(61.1615062801854,1.48059089004504,7.42270715484201));
#3933=CARTESIAN_POINT('Ctrl Pts',(62.2873867488569,1.5432396528193,-0.11954002040371));
#3934=CARTESIAN_POINT('Ctrl Pts',(58.8421169197211,1.08242677566651,22.4990814755759));
#3935=CARTESIAN_POINT('Ctrl Pts',(59.9409483034628,1.22194558432102,14.9508620030233));
#3936=CARTESIAN_POINT('Ctrl Pts',(61.0681983344587,1.30671129557493,7.40918930696291));
#3937=CARTESIAN_POINT('Ctrl Pts',(62.1775368119138,1.37171894559307,-0.135341566382503));
#3938=CARTESIAN_POINT('Ctrl Pts',(58.8449484870134,0.723748900374595,22.4994903422356));
#3939=CARTESIAN_POINT('Ctrl Pts',(59.8978679229963,0.831066290972538,14.9446453718173));
#3940=CARTESIAN_POINT('Ctrl Pts',(60.9869354133822,0.903618291889357,7.39740301338864));
#3941=CARTESIAN_POINT('Ctrl Pts',(62.0659354707805,0.96018360011278,-0.151395045995567));
#3942=CARTESIAN_POINT('Ctrl Pts',(59.1585178618182,0.179345600038943,22.5447684690199));
#3943=CARTESIAN_POINT('Ctrl Pts',(60.1925044070213,0.210715343354179,14.9876171076566));
#3944=CARTESIAN_POINT('Ctrl Pts',(61.2573544821002,0.233941949448172,7.43651920513048));
#3945=CARTESIAN_POINT('Ctrl Pts',(62.3160475364251,0.252722954026903,-0.115417261982999));
#3946=CARTESIAN_POINT('Ctrl Pts',(59.5854467518094,-2.1386257784949E-15,
22.6064152431059));
#3947=CARTESIAN_POINT('Ctrl Pts',(60.653701593584,-0.00071386341577898,
15.054793519322));
#3948=CARTESIAN_POINT('Ctrl Pts',(61.7400742140557,0.000563540670498101,
7.50638947359068));
#3949=CARTESIAN_POINT('Ctrl Pts',(62.8150917387706,3.42691971406648E-15,
-0.0436314227895145));
#3950=CARTESIAN_POINT('Ctrl Pts',(59.8433581248934,-1.80411241501588E-15,
22.6436565835808));
#3951=CARTESIAN_POINT('Ctrl Pts',(60.9332785857373,-1.71519482559152E-15,
15.095515753416));
#3952=CARTESIAN_POINT('Ctrl Pts',(62.0325517251072,3.26064535883967E-15,
7.54872616679903));
#3953=CARTESIAN_POINT('Ctrl Pts',(63.1184107335449,3.46944695195361E-15,
7.63278329429795E-16));
#3954=CARTESIAN_POINT('Ctrl Pts',(63.1184107335449,3.46944695195361E-15,
7.63278329429795E-16));
#3955=CARTESIAN_POINT('Ctrl Pts',(62.0394404445755,3.26197000189952E-15,
7.5008368400059));
#3956=CARTESIAN_POINT('Ctrl Pts',(60.9472256840321,-1.65225294863501E-15,
14.9997615933248));
#3957=CARTESIAN_POINT('Ctrl Pts',(59.8641027046263,-1.80183254570055E-15,
22.4999999056863));
#3958=CARTESIAN_POINT('',(62.1381501914134,1.53479965671921,0.879597645288851));
#3959=CARTESIAN_POINT('Ctrl Pts',(58.8859993565927,1.25071044702146,22.4999999996115));
#3960=CARTESIAN_POINT('Ctrl Pts',(59.9636815959253,1.3910351780013,15.290910988504));
#3961=CARTESIAN_POINT('Ctrl Pts',(61.0603745656322,1.47314170483072,8.08673037059509));
#3962=CARTESIAN_POINT('Ctrl Pts',(62.1381078625774,1.53481689338929,0.879591463068472));
#3963=CARTESIAN_POINT('Ctrl Pts',(62.1373531031983,1.53566248421219,0.879623438241486));
#3964=CARTESIAN_POINT('Ctrl Pts',(62.1368425723308,1.53453635738438,0.878185455488771));
#3965=CARTESIAN_POINT('Ctrl Pts',(62.1363344045733,1.53340869191383,0.876747906350929));
#3966=CARTESIAN_POINT('Ctrl Pts',(62.1358285975049,1.53227949686909,0.875310800810294));
#3967=CARTESIAN_POINT('Ctrl Pts',(62.1212584268394,1.49975214495053,0.833913844737799));
#3968=CARTESIAN_POINT('Ctrl Pts',(62.1085786969045,1.46581347001439,0.792707578019612));
#3969=CARTESIAN_POINT('Ctrl Pts',(62.0978067396978,1.43064766826607,0.751941201857403));
#3970=CARTESIAN_POINT('Ctrl Pts',(62.0872460762876,1.39617164977795,0.711974465187457));
#3971=CARTESIAN_POINT('Ctrl Pts',(62.0785190801389,1.36051555238353,0.672430205154171));
#3972=CARTESIAN_POINT('Ctrl Pts',(62.0716825815581,1.32385169994938,0.633571653316995));
#3973=CARTESIAN_POINT('Ctrl Pts',(62.0650547232194,1.28830677629994,0.59589900937809));
#3974=CARTESIAN_POINT('Ctrl Pts',(62.0602038314147,1.25181414244676,0.558870673139575));
#3975=CARTESIAN_POINT('Ctrl Pts',(62.0572192730389,1.21453792536974,0.522757074666336));
#3976=CARTESIAN_POINT('Ctrl Pts',(62.0561224772854,1.20083928341062,0.509485683572173));
#3977=CARTESIAN_POINT('Ctrl Pts',(62.055278095176,1.18703492891907,0.496338144921504));
#3978=CARTESIAN_POINT('Ctrl Pts',(62.0546918531012,1.17313347557896,0.483329035292298));
#3979=CARTESIAN_POINT('Ctrl Pts',(62.0532945050498,1.13999841146276,0.452320933397313));
#3980=CARTESIAN_POINT('Ctrl Pts',(62.0533497812771,1.10610232925865,0.421905419211442));
#3981=CARTESIAN_POINT('Ctrl Pts',(62.0550132188865,1.07155080433779,0.392326763036367));
#3982=CARTESIAN_POINT('Ctrl Pts',(62.0566351328649,1.03786177330289,0.363486465303196));
#3983=CARTESIAN_POINT('Ctrl Pts',(62.0597859980858,1.00354918941468,0.335441582823885));
#3984=CARTESIAN_POINT('Ctrl Pts',(62.0646307523973,0.968722396693004,0.308460838094173));
#3985=CARTESIAN_POINT('Ctrl Pts',(62.0692979392759,0.935172057591502,0.282468977685805));
#3986=CARTESIAN_POINT('Ctrl Pts',(62.0755372502673,0.901144156545164,0.257464630097323));
#3987=CARTESIAN_POINT('Ctrl Pts',(62.0835141368391,0.86675281325602,0.23372932457171));
#3988=CARTESIAN_POINT('Ctrl Pts',(62.0884114248213,0.845638771999103,0.219157395353943));
#3989=CARTESIAN_POINT('Ctrl Pts',(62.0939639798659,0.824388082343426,0.20506460042023));
#3990=CARTESIAN_POINT('Ctrl Pts',(62.1002133207285,0.803031298026604,0.191524389637528));
#3991=CARTESIAN_POINT('Ctrl Pts',(62.1010478496013,0.800179340750803,0.189716247452602));
#3992=CARTESIAN_POINT('Ctrl Pts',(62.1018948075248,0.797325496811301,0.187917969005454));
#3993=CARTESIAN_POINT('Ctrl Pts',(62.1027542474071,0.794469886003747,0.186129665764328));
#3994=CARTESIAN_POINT('Ctrl Pts',(62.1128064136735,0.761070139003529,0.165213343534669));
#3995=CARTESIAN_POINT('Ctrl Pts',(62.1245689738623,0.727422529877292,0.145655576989299));
#3996=CARTESIAN_POINT('Ctrl Pts',(62.1381397883612,0.693716241873291,0.127639204833647));
#3997=CARTESIAN_POINT('Ctrl Pts',(62.1510643492112,0.661615075773774,0.110480787537424));
#3998=CARTESIAN_POINT('Ctrl Pts',(62.1656294046112,0.629460457132267,0.0947205398856048));
#3999=CARTESIAN_POINT('Ctrl Pts',(62.1819215322336,0.597450723999816,0.080545992773662));
#4000=CARTESIAN_POINT('Ctrl Pts',(62.1981775683244,0.565511901206411,0.0664028461716005));
#4001=CARTESIAN_POINT('Ctrl Pts',(62.2161534409073,0.533716832557251,0.0538382433783875));
#4002=CARTESIAN_POINT('Ctrl Pts',(62.2359316394386,0.502303844702275,0.0430693972568845));
#4003=CARTESIAN_POINT('Ctrl Pts',(62.256927733959,0.468956517283928,0.0316374303523203));
#4004=CARTESIAN_POINT('Ctrl Pts',(62.279734378928,0.436388553822977,0.0223481463555272));
#4005=CARTESIAN_POINT('Ctrl Pts',(62.3043492143787,0.40483508889521,0.0153537447806638));
#4006=CARTESIAN_POINT('Ctrl Pts',(62.3277844344024,0.374793758959317,0.00869453553389454));
#4007=CARTESIAN_POINT('Ctrl Pts',(62.3528593359577,0.345671885150174,0.00411560702557911));
#4008=CARTESIAN_POINT('Ctrl Pts',(62.3795621174789,0.317700288073474,0.00178461095814667));
#4009=CARTESIAN_POINT('Ctrl Pts',(62.3930936226258,0.303525816791996,0.000603389995880532));
#4010=CARTESIAN_POINT('Ctrl Pts',(62.4070429361364,0.289647192156189,4.55232855506077E-15));
#4011=CARTESIAN_POINT('Ctrl Pts',(62.4214066899084,0.276097559536047,4.55191440096314E-15));
#4012=CARTESIAN_POINT('Ctrl Pts',(61.6837600394461,0.944166430991835,0.902217577993138));
#4013=CARTESIAN_POINT('Ctrl Pts',(62.3483085219358,1.67340424972142,0.871323726779835));
#4014=CARTESIAN_POINT('Ctrl Pts',(63.1809743925069,3.58785846978486,0.816556557290796));
#4015=CARTESIAN_POINT('Ctrl Pts',(62.3778456560881,6.62135911474351,0.789953839757127));
#4016=CARTESIAN_POINT('Ctrl Pts',(59.8664470177563,8.50542282038294,0.828712585821541));
#4017=CARTESIAN_POINT('Ctrl Pts',(56.7389566161281,8.42877696555768,0.920684955138022));
#4018=CARTESIAN_POINT('Ctrl Pts',(54.3079164295098,6.47018090434624,1.02801494978243));
#4019=CARTESIAN_POINT('Ctrl Pts',(53.5929528898702,3.42661648927668,1.10176648222456));
#4020=CARTESIAN_POINT('Ctrl Pts',(54.4701627334294,1.53773848691061,1.10699563243194));
#4021=CARTESIAN_POINT('Ctrl Pts',(55.1559293881536,0.830123629821163,1.09773283040689));
#4022=CARTESIAN_POINT('Ctrl Pts',(61.7040928206123,0.925751518975671,0.623017729491401));
#4023=CARTESIAN_POINT('Ctrl Pts',(62.3785205834464,1.65350569827783,0.598904375644314));
#4024=CARTESIAN_POINT('Ctrl Pts',(63.2326621108409,3.58094908244805,0.556943002026749));
#4025=CARTESIAN_POINT('Ctrl Pts',(62.4261282181215,6.65402772046637,0.536959464321333));
#4026=CARTESIAN_POINT('Ctrl Pts',(59.8774910494145,8.55312053804388,0.566148923118882));
#4027=CARTESIAN_POINT('Ctrl Pts',(56.72372205477,8.449075574894,0.636980213837999));
#4028=CARTESIAN_POINT('Ctrl Pts',(54.3122922096114,6.45688823877527,0.723025008844901));
#4029=CARTESIAN_POINT('Ctrl Pts',(53.6299464925007,3.42651092465439,0.784695116444438));
#4030=CARTESIAN_POINT('Ctrl Pts',(54.500247810426,1.55594853823069,0.789195885634118));
#4031=CARTESIAN_POINT('Ctrl Pts',(55.1782564886797,0.851721429965035,0.781409611830132));
#4032=CARTESIAN_POINT('Ctrl Pts',(61.9010990279454,0.747327724167771,0.159980733714845));
#4033=CARTESIAN_POINT('Ctrl Pts',(62.6179174229955,1.51679834831496,0.152968081133545));
#4034=CARTESIAN_POINT('Ctrl Pts',(63.5281912002809,3.55872096419509,0.141049716424349));
#4035=CARTESIAN_POINT('Ctrl Pts',(62.6726870254509,6.82048337828385,0.135482224475414));
#4036=CARTESIAN_POINT('Ctrl Pts',(59.9680653902699,8.83514790887164,0.143616429987625));
#4037=CARTESIAN_POINT('Ctrl Pts',(56.6236397589362,8.71692684606085,0.163878815901482));
#4038=CARTESIAN_POINT('Ctrl Pts',(54.0834490844836,6.59677109982119,0.189495219117847));
#4039=CARTESIAN_POINT('Ctrl Pts',(53.3824844848677,3.39865820675395,0.208637882414057));
#4040=CARTESIAN_POINT('Ctrl Pts',(54.2994872910901,1.43467285727915,0.210041550343714));
#4041=CARTESIAN_POINT('Ctrl Pts',(55.0124231669258,0.691304947034754,0.207604933401427));
#4042=CARTESIAN_POINT('Ctrl Pts',(62.2654524236743,0.417341596333916,4.57966997657877E-15));
#4043=CARTESIAN_POINT('Ctrl Pts',(63.0474367113131,1.27420899407926,6.15626217969488E-5));
#4044=CARTESIAN_POINT('Ctrl Pts',(64.024703898433,3.52727290083719,9.68160645614729E-5));
#4045=CARTESIAN_POINT('Ctrl Pts',(63.0773012545923,7.09242340333278,0.000101663697321202));
#4046=CARTESIAN_POINT('Ctrl Pts',(60.1279907161577,9.31094903644546,0.000142795741257849));
#4047=CARTESIAN_POINT('Ctrl Pts',(56.4487446635177,9.22260761711303,5.97965751411292E-5));
#4048=CARTESIAN_POINT('Ctrl Pts',(53.6011298310788,6.90978180191373,-2.18770018378833E-5));
#4049=CARTESIAN_POINT('Ctrl Pts',(52.7836324872691,3.34071936717272,-0.000127657891266449));
#4050=CARTESIAN_POINT('Ctrl Pts',(53.810831089379,1.13399641609262,-3.07374423245989E-5));
#4051=CARTESIAN_POINT('Ctrl Pts',(54.6119599728961,0.303922625738804,-8.29772560704305E-15));
#4052=CARTESIAN_POINT('Ctrl Pts',(62.4214066899084,0.276097559536039,4.57966997657877E-15));
#4053=CARTESIAN_POINT('Ctrl Pts',(63.2312755314651,1.17031230866259,5.82960809250984E-15));
#4054=CARTESIAN_POINT('Ctrl Pts',(64.2371951019181,3.51380137881655,8.47060462531965E-16));
#4055=CARTESIAN_POINT('Ctrl Pts',(63.2504935720139,7.2088041111614,-9.29858970133837E-17));
#4056=CARTESIAN_POINT('Ctrl Pts',(60.1963839244822,9.51454415403256,-1.85581109304109E-15));
#4057=CARTESIAN_POINT('Ctrl Pts',(56.3738602558417,9.43893744129495,2.7456894418318E-15));
#4058=CARTESIAN_POINT('Ctrl Pts',(53.3948295463973,7.0435299514168,-3.29020296536159E-15));
#4059=CARTESIAN_POINT('Ctrl Pts',(52.5275480758893,3.31592216652999,-3.54370774461085E-15));
#4060=CARTESIAN_POINT('Ctrl Pts',(53.6018270375325,1.005300541827,-9.62325988416736E-15));
#4061=CARTESIAN_POINT('Ctrl Pts',(54.4406222010859,0.138181492074048,-8.32667268468867E-15));
#4062=CARTESIAN_POINT('Ctrl Pts',(62.1371913763297,1.53541047519472,0.879632156332136));
#4063=CARTESIAN_POINT('Ctrl Pts',(62.5363471259892,2.15734486647969,0.858115895587268));
#4064=CARTESIAN_POINT('Ctrl Pts',(63.1135413679236,3.84256000677281,0.814322915753537));
#4065=CARTESIAN_POINT('Ctrl Pts',(62.3778456560881,6.62135911474351,0.789953839757127));
#4066=CARTESIAN_POINT('Ctrl Pts',(59.8664470177563,8.50542282038294,0.828712585821541));
#4067=CARTESIAN_POINT('Ctrl Pts',(56.7389566161281,8.42877696555768,0.920684955138022));
#4068=CARTESIAN_POINT('Ctrl Pts',(54.3079164295098,6.47018090434624,1.02801494978243));
#4069=CARTESIAN_POINT('Ctrl Pts',(53.6653305835854,3.73472475050023,1.09430041503347));
#4070=CARTESIAN_POINT('Ctrl Pts',(54.2349730643154,2.1146191229822,1.10439440854144));
#4071=CARTESIAN_POINT('Ctrl Pts',(54.6020777574579,1.53470410087892,1.10291068128328));
#4072=CARTESIAN_POINT('Ctrl Pts',(54.7285496950341,1.39780208676156,0.799352314038756));
#4073=CARTESIAN_POINT('Ctrl Pts',(53.8569870164669,1.34894864323892,8.03290154269251));
#4074=CARTESIAN_POINT('Ctrl Pts',(52.9854243378997,1.30009519971627,15.2664507713463));
#4075=CARTESIAN_POINT('Ctrl Pts',(52.1138616593325,1.25124175619362,22.5));
#4076=CARTESIAN_POINT('Ctrl Pts',(54.2016496057402,2.15668358739775,0.799352314038756));
#4077=CARTESIAN_POINT('Ctrl Pts',(53.4547359182444,2.05175112628813,8.03290154269251));
#4078=CARTESIAN_POINT('Ctrl Pts',(52.7067323110125,1.94524860460037,15.2664507713462));
#4079=CARTESIAN_POINT('Ctrl Pts',(51.9598186235167,1.84031614349075,22.5));
#4080=CARTESIAN_POINT('Ctrl Pts',(53.637119015909,4.01151238501761,0.799352314038756));
#4081=CARTESIAN_POINT('Ctrl Pts',(53.0804526191988,3.70740936087414,8.03290154269249));
#4082=CARTESIAN_POINT('Ctrl Pts',(52.5232837200281,3.4039258390282,15.2664507713463));
#4083=CARTESIAN_POINT('Ctrl Pts',(51.9666173233179,3.09982281488473,22.5));
#4084=CARTESIAN_POINT('Ctrl Pts',(54.567852684864,6.77243903545132,0.799352314038756));
#4085=CARTESIAN_POINT('Ctrl Pts',(54.0171076900163,6.09358610677731,8.03290154269252));
#4086=CARTESIAN_POINT('Ctrl Pts',(53.4670130849616,5.41332802461898,15.2664507713462));
#4087=CARTESIAN_POINT('Ctrl Pts',(52.9162680901139,4.73447509594497,22.5));
#4088=CARTESIAN_POINT('Ctrl Pts',(56.9381220804622,8.46683901581285,0.799352314038756));
#4089=CARTESIAN_POINT('Ctrl Pts',(56.144159044549,7.53597136472265,8.0329015426925));
#4090=CARTESIAN_POINT('Ctrl Pts',(55.3496028647686,6.60603372723669,15.2664507713463));
#4091=CARTESIAN_POINT('Ctrl Pts',(54.5556398288554,5.67516607614648,22.5));
#4092=CARTESIAN_POINT('Ctrl Pts',(59.8513304385397,8.47060003088829,0.799352314038756));
#4093=CARTESIAN_POINT('Ctrl Pts',(58.7162258972569,7.5397916621283,8.03290154269251));
#4094=CARTESIAN_POINT('Ctrl Pts',(57.5805972772511,6.60741864006924,15.2664507713463));
#4095=CARTESIAN_POINT('Ctrl Pts',(56.4454927359683,5.67661027130925,22.5));
#4096=CARTESIAN_POINT('Ctrl Pts',(62.219104900196,6.76998374183715,0.799352314038756));
#4097=CARTESIAN_POINT('Ctrl Pts',(60.8409540133143,6.09115762778495,8.03290154269251));
#4098=CARTESIAN_POINT('Ctrl Pts',(59.4621544277227,5.41219062114022,15.2664507713463));
#4099=CARTESIAN_POINT('Ctrl Pts',(58.084003540841,4.73336450708802,22.5));
#4100=CARTESIAN_POINT('Ctrl Pts',(63.1495118355237,4.0109620268445,0.799352314038756));
#4101=CARTESIAN_POINT('Ctrl Pts',(61.7772091452517,3.70702525747705,8.0329015426925));
#4102=CARTESIAN_POINT('Ctrl Pts',(60.405764768741,3.40331844080581,15.2664507713463));
#4103=CARTESIAN_POINT('Ctrl Pts',(59.0334620784691,3.09938167143836,22.5));
#4104=CARTESIAN_POINT('Ctrl Pts',(62.5848563195943,2.155900366397,0.799352314038756));
#4105=CARTESIAN_POINT('Ctrl Pts',(61.4029577265532,2.05101410757151,8.03290154269251));
#4106=CARTESIAN_POINT('Ctrl Pts',(60.222033417489,1.94464691453967,15.2664507713462));
#4107=CARTESIAN_POINT('Ctrl Pts',(59.0401348244479,1.83976065571419,22.5));
#4108=CARTESIAN_POINT('Ctrl Pts',(62.0578143820674,1.39711765192719,0.799352314038756));
#4109=CARTESIAN_POINT('Ctrl Pts',(61.0005427075802,1.34831525016136,8.03290154269251));
#4110=CARTESIAN_POINT('Ctrl Pts',(59.943271033093,1.29951284839553,15.2664507713463));
#4111=CARTESIAN_POINT('Ctrl Pts',(58.8859993586058,1.2507104466297,22.5));
#4112=CARTESIAN_POINT('Origin',(7.475,14.,26.886));
#4113=CARTESIAN_POINT('',(4.275,10.8,26.886));
#4114=CARTESIAN_POINT('',(4.275,14.,26.886));
#4115=CARTESIAN_POINT('Origin',(7.475,10.8,26.886));
#4116=CARTESIAN_POINT('Origin',(7.475,10.8,26.886));
#4117=CARTESIAN_POINT('Origin',(2.975,14.,22.5));
#4118=CARTESIAN_POINT('',(2.975,9.,22.5));
#4119=CARTESIAN_POINT('Origin',(11.975,14.,31.272));
#4120=CARTESIAN_POINT('',(11.975,9.,31.272));
#4121=CARTESIAN_POINT('Origin',(7.475,9.,26.886));
#4122=CARTESIAN_POINT('Origin',(69.525,14.,26.886));
#4123=CARTESIAN_POINT('',(72.725,10.8,26.886));
#4124=CARTESIAN_POINT('',(72.725,14.,26.886));
#4125=CARTESIAN_POINT('Origin',(69.525,10.8,26.886));
#4126=CARTESIAN_POINT('Origin',(69.525,10.8,26.886));
#4127=CARTESIAN_POINT('Origin',(74.025,14.,22.5));
#4128=CARTESIAN_POINT('',(74.025,9.,22.5));
#4129=CARTESIAN_POINT('Origin',(65.025,14.,31.272));
#4130=CARTESIAN_POINT('',(65.025,9.,31.272));
#4131=CARTESIAN_POINT('Origin',(69.525,9.,26.886));
#4132=CARTESIAN_POINT('Origin',(49.,9.,11.5));
#4133=CARTESIAN_POINT('',(49.7997924617903,9.,9.23718493507237));
#4134=CARTESIAN_POINT('',(49.7997924617903,9.,13.7628150649276));
#4135=CARTESIAN_POINT('',(49.7997924617903,9.,5.75));
#4136=CARTESIAN_POINT('Origin',(49.,9.,11.5));
#4137=CARTESIAN_POINT('Origin',(49.,0.,11.5));
#4138=CARTESIAN_POINT('',(46.6,4.43022277370575,11.5));
#4139=CARTESIAN_POINT('',(46.6,0.,11.5));
#4140=CARTESIAN_POINT('Origin',(49.,7.85777798988685,11.5));
#4141=CARTESIAN_POINT('Origin',(49.,7.85777798988685,11.5));
#4142=CARTESIAN_POINT('Origin',(28.,9.,11.5));
#4143=CARTESIAN_POINT('',(25.6,9.,11.5));
#4144=CARTESIAN_POINT('Origin',(28.,9.,11.5));
#4145=CARTESIAN_POINT('Origin',(28.,9.,11.5));
#4146=CARTESIAN_POINT('Origin',(28.,0.,11.5));
#4147=CARTESIAN_POINT('',(25.6,0.,11.5));
#4148=CARTESIAN_POINT('Origin',(37.5,5.,20.5));
#4149=CARTESIAN_POINT('',(37.5,8.5,19.5));
#4150=CARTESIAN_POINT('Origin',(37.5,5.,19.5));
#4151=CARTESIAN_POINT('',(37.5,6.5,21.5));
#4152=CARTESIAN_POINT('',(37.5,7.5,20.5));
#4153=CARTESIAN_POINT('Origin',(37.5,5.,21.5));
#4154=CARTESIAN_POINT('Origin',(37.5,5.,22.));
#4155=CARTESIAN_POINT('',(37.5,6.5,22.));
#4156=CARTESIAN_POINT('Origin',(0.,0.,0.));
#4157=CARTESIAN_POINT('',(77.,0.,0.));
#4158=CARTESIAN_POINT('Ctrl Pts',(14.9421856179326,1.39711765192719,0.799352314038755));
#4159=CARTESIAN_POINT('Ctrl Pts',(15.9994572924198,1.34831525016136,8.0329015426925));
#4160=CARTESIAN_POINT('Ctrl Pts',(17.056728966907,1.29951284839553,15.2664507713463));
#4161=CARTESIAN_POINT('Ctrl Pts',(18.1140006413942,1.2507104466297,22.5));
#4162=CARTESIAN_POINT('Ctrl Pts',(14.4151436804057,2.15590036639699,0.799352314038755));
#4163=CARTESIAN_POINT('Ctrl Pts',(15.5970807161658,2.05104389429728,8.03290154269251));
#4164=CARTESIAN_POINT('Ctrl Pts',(16.777928139792,1.9446171278139,15.2664507713462));
#4165=CARTESIAN_POINT('Ctrl Pts',(17.9598651755521,1.83976065571419,22.5));
#4166=CARTESIAN_POINT('Ctrl Pts',(13.850192715678,4.01053105850675,0.799352314038755));
#4167=CARTESIAN_POINT('Ctrl Pts',(15.2224269474706,3.70653967833367,8.0329015426925));
#4168=CARTESIAN_POINT('Ctrl Pts',(16.594202883162,3.40322732829187,15.2664507713463));
#4169=CARTESIAN_POINT('Ctrl Pts',(17.9664371149546,3.09923594811878,22.5));
#4170=CARTESIAN_POINT('Ctrl Pts',(14.7804353368513,6.771618520341,0.799352314038755));
#4171=CARTESIAN_POINT('Ctrl Pts',(16.1586775530061,6.09286892815855,8.0329015426925));
#4172=CARTESIAN_POINT('Ctrl Pts',(17.5376009901948,5.41277639150024,15.2664507713463));
#4173=CARTESIAN_POINT('Ctrl Pts',(18.9158432063496,4.73402679931779,22.5));
#4174=CARTESIAN_POINT('Ctrl Pts',(17.1503356385996,8.4664558785612,0.799352314038755));
#4175=CARTESIAN_POINT('Ctrl Pts',(18.2854164954457,7.53562963292462,8.03290154269251));
#4176=CARTESIAN_POINT('Ctrl Pts',(19.4199697078121,6.60579731232622,15.2664507713462));
#4177=CARTESIAN_POINT('Ctrl Pts',(20.5550505646582,5.67497106668964,22.5));
#4178=CARTESIAN_POINT('Ctrl Pts',(20.0635574127899,8.47072394435226,0.799352314038755));
#4179=CARTESIAN_POINT('Ctrl Pts',(20.8574967604686,7.53987416539782,8.0329015426925));
#4180=CARTESIAN_POINT('Ctrl Pts',(21.6509710053153,6.60754761354264,15.2664507713463));
#4181=CARTESIAN_POINT('Ctrl Pts',(22.4449103529939,5.67669783458819,22.5));
#4182=CARTESIAN_POINT('Ctrl Pts',(22.4316739831091,6.77058708874666,0.799352314038755));
#4183=CARTESIAN_POINT('Ctrl Pts',(22.9825103225852,6.09165765683112,8.03290154269251));
#4184=CARTESIAN_POINT('Ctrl Pts',(23.5327413767902,5.41265347425655,15.2664507713463));
#4185=CARTESIAN_POINT('Ctrl Pts',(24.0835777162663,4.733724042341,22.5));
#4186=CARTESIAN_POINT('Ctrl Pts',(23.3626830309191,4.01176865471139,0.799352314038755));
#4187=CARTESIAN_POINT('Ctrl Pts',(23.9192809581967,3.70772022741571,8.03290154269249));
#4188=CARTESIAN_POINT('Ctrl Pts',(24.4767257181386,3.40395697039397,15.2664507713463));
#4189=CARTESIAN_POINT('Ctrl Pts',(25.0333236454163,3.0999085430983,22.5));
#4190=CARTESIAN_POINT('Ctrl Pts',(22.7983503942598,2.15668358739774,0.799352314038755));
#4191=CARTESIAN_POINT('Ctrl Pts',(23.5453025304476,2.05172134739842,8.03290154269251));
#4192=CARTESIAN_POINT('Ctrl Pts',(24.2932292402955,1.94527838349006,15.2664507713462));
#4193=CARTESIAN_POINT('Ctrl Pts',(25.0401813764833,1.84031614349075,22.5));
#4194=CARTESIAN_POINT('Ctrl Pts',(22.2714503049659,1.39780208676156,0.799352314038755));
#4195=CARTESIAN_POINT('Ctrl Pts',(23.1430129835331,1.34894864323891,8.0329015426925));
#4196=CARTESIAN_POINT('Ctrl Pts',(24.0145756621003,1.30009519971627,15.2664507713463));
#4197=CARTESIAN_POINT('Ctrl Pts',(24.8861383406675,1.25124175619362,22.5));
#4198=CARTESIAN_POINT('Origin',(50.5,10.,0.));
#4199=CARTESIAN_POINT('',(50.5,10.,19.5));
#4200=CARTESIAN_POINT('',(50.5,10.,0.));
#4201=CARTESIAN_POINT('',(26.5,10.,19.5));
#4202=CARTESIAN_POINT('Origin',(43.497924617903,0.,0.));
#4203=CARTESIAN_POINT('',(50.5,10.,19.5));
#4204=CARTESIAN_POINT('Origin',(38.5,5.,19.5));
#4205=CARTESIAN_POINT('Origin',(77.,0.,0.));
#4206=CARTESIAN_POINT('Origin',(-8.57252759403147E-16,14.,0.));
#4207=CARTESIAN_POINT('',(0.,0.,0.));
#4208=CARTESIAN_POINT('Origin',(0.,0.,-25.));
#4209=CARTESIAN_POINT('',(-2.5,-3.06161699786838E-16,-24.2));
#4210=CARTESIAN_POINT('Origin',(0.,0.,-24.2));
#4211=CARTESIAN_POINT('',(-2.2856406460551,-2.79910250119247E-16,-25.));
#4212=CARTESIAN_POINT('',(-2.2856406460551,-2.79910250119247E-16,-25.));
#4213=CARTESIAN_POINT('Origin',(0.,0.,-25.));
#4214=CARTESIAN_POINT('Origin',(0.,0.,25.));
#4215=CARTESIAN_POINT('',(2.5,3.06161699786838E-16,24.2));
#4216=CARTESIAN_POINT('',(-2.5,-3.06161699786838E-16,24.2));
#4217=CARTESIAN_POINT('Origin',(0.,0.,24.2));
#4218=CARTESIAN_POINT('Origin',(0.,0.,24.2));
#4219=CARTESIAN_POINT('',(-2.5,-3.06161699786838E-16,25.));
#4220=CARTESIAN_POINT('Origin',(0.,0.,24.2));
#4221=CARTESIAN_POINT('',(2.2856406460551,-2.79910250119247E-16,25.));
#4222=CARTESIAN_POINT('',(2.5,-3.06161699786838E-16,24.2));
#4223=CARTESIAN_POINT('Origin',(0.,0.,25.));
#4224=CARTESIAN_POINT('Origin',(0.,2.2856406460551,-25.));
#4225=CARTESIAN_POINT('Origin',(0.,0.,25.));
#4226=CARTESIAN_POINT('',(0.,0.,0.));
#4227=CARTESIAN_POINT('',(67.5000000000001,13.9999999999996,6.50000000000002));
#4228=CARTESIAN_POINT('',(-4.02500000000025,-10.9999999999996,24.));
#4229=CARTESIAN_POINT('',(62.0249999999998,-11.0000000000003,24.));
#4230=CARTESIAN_POINT('Origin',(0.,0.,0.));
#4231=UNCERTAINTY_MEASURE_WITH_UNIT(LENGTH_MEASURE(0.01),#4241,
'DISTANCE_ACCURACY_VALUE',
'Maximum model space distance between geometric entities at asserted c
onnectivities');
#4232=UNCERTAINTY_MEASURE_WITH_UNIT(LENGTH_MEASURE(0.01),#4241,
'DISTANCE_ACCURACY_VALUE',
'Maximum model space distance between geometric entities at asserted c
onnectivities');
#4233=UNCERTAINTY_MEASURE_WITH_UNIT(LENGTH_MEASURE(0.01),#4241,
'DISTANCE_ACCURACY_VALUE',
'Maximum model space distance between geometric entities at asserted c
onnectivities');
#4234=UNCERTAINTY_MEASURE_WITH_UNIT(LENGTH_MEASURE(0.01),#4241,
'DISTANCE_ACCURACY_VALUE',
'Maximum model space distance between geometric entities at asserted c
onnectivities');
#4235=UNCERTAINTY_MEASURE_WITH_UNIT(LENGTH_MEASURE(0.01),#4241,
'DISTANCE_ACCURACY_VALUE',
'Maximum model space distance between geometric entities at asserted c
onnectivities');
#4236=(
GEOMETRIC_REPRESENTATION_CONTEXT(3)
GLOBAL_UNCERTAINTY_ASSIGNED_CONTEXT((#4231))
GLOBAL_UNIT_ASSIGNED_CONTEXT((#4241,#4243,#4244))
REPRESENTATION_CONTEXT('','3D')
);
#4237=(
GEOMETRIC_REPRESENTATION_CONTEXT(3)
GLOBAL_UNCERTAINTY_ASSIGNED_CONTEXT((#4232))
GLOBAL_UNIT_ASSIGNED_CONTEXT((#4241,#4243,#4244))
REPRESENTATION_CONTEXT('','3D')
);
#4238=(
GEOMETRIC_REPRESENTATION_CONTEXT(3)
GLOBAL_UNCERTAINTY_ASSIGNED_CONTEXT((#4233))
GLOBAL_UNIT_ASSIGNED_CONTEXT((#4241,#4243,#4244))
REPRESENTATION_CONTEXT('','3D')
);
#4239=(
GEOMETRIC_REPRESENTATION_CONTEXT(3)
GLOBAL_UNCERTAINTY_ASSIGNED_CONTEXT((#4234))
GLOBAL_UNIT_ASSIGNED_CONTEXT((#4241,#4243,#4244))
REPRESENTATION_CONTEXT('','3D')
);
#4240=(
GEOMETRIC_REPRESENTATION_CONTEXT(3)
GLOBAL_UNCERTAINTY_ASSIGNED_CONTEXT((#4235))
GLOBAL_UNIT_ASSIGNED_CONTEXT((#4241,#4243,#4244))
REPRESENTATION_CONTEXT('','3D')
);
#4241=(
LENGTH_UNIT()
NAMED_UNIT(*)
SI_UNIT(.MILLI.,.METRE.)
);
#4242=(
LENGTH_UNIT()
NAMED_UNIT(*)
SI_UNIT($,.METRE.)
);
#4243=(
NAMED_UNIT(*)
PLANE_ANGLE_UNIT()
SI_UNIT($,.RADIAN.)
);
#4244=(
NAMED_UNIT(*)
SI_UNIT($,.STERADIAN.)
SOLID_ANGLE_UNIT()
);
#4245=SHAPE_DEFINITION_REPRESENTATION(#4249,#4257);
#4246=SHAPE_DEFINITION_REPRESENTATION(#4250,#4258);
#4247=SHAPE_DEFINITION_REPRESENTATION(#4251,#4259);
#4248=SHAPE_DEFINITION_REPRESENTATION(#4252,#4260);
#4249=PRODUCT_DEFINITION_SHAPE('',$,#4262);
#4250=PRODUCT_DEFINITION_SHAPE('',$,#4263);
#4251=PRODUCT_DEFINITION_SHAPE('',$,#4264);
#4252=PRODUCT_DEFINITION_SHAPE('',$,#4265);
#4253=PRODUCT_DEFINITION_SHAPE($,$,#26);
#4254=PRODUCT_DEFINITION_SHAPE($,$,#27);
#4255=PRODUCT_DEFINITION_SHAPE($,$,#28);
#4256=PRODUCT_DEFINITION_SHAPE($,$,#29);
#4257=SHAPE_REPRESENTATION('',(#2005,#2203,#2204,#2205,#2206),#4236);
#4258=SHAPE_REPRESENTATION('',(#2006),#4237);
#4259=SHAPE_REPRESENTATION('',(#2099),#4238);
#4260=SHAPE_REPRESENTATION('',(#2192),#4239);
#4261=PRODUCT_DEFINITION_CONTEXT('part definition',#4275,'design');
#4262=PRODUCT_DEFINITION('Original_Parking Spot_60mm_HAPD',
'Original_Parking Spot_60mm_HAPD v7',#4266,#4261);
#4263=PRODUCT_DEFINITION('Original_Parking basement',
'Original_Parking basement v4',#4267,#4261);
#4264=PRODUCT_DEFINITION('Original_Parking adapter_60mm_with magnet',
'Original_Parking adapter_60mm_with magnet v9',#4268,#4261);
#4265=PRODUCT_DEFINITION('93600A613_316 Stainless Steel Dowel Pin',
'93600A613_316 Stainless Steel Dowel Pin',#4269,#4261);
#4266=PRODUCT_DEFINITION_FORMATION('',$,#4277);
#4267=PRODUCT_DEFINITION_FORMATION('',$,#4278);
#4268=PRODUCT_DEFINITION_FORMATION('',$,#4279);
#4269=PRODUCT_DEFINITION_FORMATION('',$,#4280);
#4270=PRODUCT_RELATED_PRODUCT_CATEGORY(
'Original_Parking Spot_60mm_HAPD v7',
'Original_Parking Spot_60mm_HAPD v7',(#4277));
#4271=PRODUCT_RELATED_PRODUCT_CATEGORY('Original_Parking basement v4',
'Original_Parking basement v4',(#4278));
#4272=PRODUCT_RELATED_PRODUCT_CATEGORY(
'Original_Parking adapter_60mm_with magnet v9',
'Original_Parking adapter_60mm_with magnet v9',(#4279));
#4273=PRODUCT_RELATED_PRODUCT_CATEGORY(
'93600A613_316 Stainless Steel Dowel Pin',
'93600A613_316 Stainless Steel Dowel Pin',(#4280));
#4274=APPLICATION_PROTOCOL_DEFINITION('international standard',
'automotive_design',2009,#4275);
#4275=APPLICATION_CONTEXT(
'Core Data for Automotive Mechanical Design Process');
#4276=PRODUCT_CONTEXT('part definition',#4275,'mechanical');
#4277=PRODUCT('Original_Parking Spot_60mm_HAPD',
'Original_Parking Spot_60mm_HAPD v7',$,(#4276));
#4278=PRODUCT('Original_Parking basement',
'Original_Parking basement v4',$,(#4276));
#4279=PRODUCT('Original_Parking adapter_60mm_with magnet',
'Original_Parking adapter_60mm_with magnet v9',$,(#4276));
#4280=PRODUCT('93600A613_316 Stainless Steel Dowel Pin',
'93600A613_316 Stainless Steel Dowel Pin',$,(#4276));
#4281=PRESENTATION_STYLE_ASSIGNMENT((#4284));
#4282=PRESENTATION_STYLE_ASSIGNMENT((#4285));
#4283=PRESENTATION_STYLE_ASSIGNMENT((NULL_STYLE(.NULL.)));
#4284=SURFACE_STYLE_USAGE(.BOTH.,#4286);
#4285=SURFACE_STYLE_USAGE(.BOTH.,#4287);
#4286=SURFACE_SIDE_STYLE('',(#4288));
#4287=SURFACE_SIDE_STYLE('',(#4289));
#4288=SURFACE_STYLE_FILL_AREA(#4290);
#4289=SURFACE_STYLE_FILL_AREA(#4291);
#4290=FILL_AREA_STYLE('Steel - Satin',(#4292));
#4291=FILL_AREA_STYLE('Stainless Steel - Satin',(#4293));
#4292=FILL_AREA_STYLE_COLOUR('Steel - Satin',#4294);
#4293=FILL_AREA_STYLE_COLOUR('Stainless Steel - Satin',#4295);
#4294=COLOUR_RGB('Steel - Satin',0.627450980392157,0.627450980392157,0.627450980392157);
#4295=COLOUR_RGB('Stainless Steel - Satin',0.796078431372549,0.796078431372549,
0.796078431372549);
ENDSEC;
END-ISO-10303-21;
