ISO-10303-21;
HEADER;
/* Generated by software containing ST-Developer
 * from STEP Tools, Inc. (www.steptools.com) 
 */

FILE_DESCRIPTION(
/* description */ (''),
/* implementation_level */ '2;1');

FILE_NAME(
/* name */ 'PRT_Original_Parking adapter.step',
/* time_stamp */ '2026-10-02T16:11:13-04:00',
/* author */ (''),
/* organization */ (''),
/* preprocessor_version */ 'ST-DEVELOPER v20.2',
/* originating_system */ 'Autodesk Translation Framework v15.15.0.0',
/* authorisation */ '');

FILE_SCHEMA (('AUTOMOTIVE_DESIGN { 1 0 10303 214 3 1 1 }'));
ENDSEC;

DATA;
#10=MECHANICAL_DESIGN_GEOMETRIC_PRESENTATION_REPRESENTATION('',(#13),#2484);
#11=SHAPE_REPRESENTATION_RELATIONSHIP('SRR','None',#2491,#12);
#12=ADVANCED_BREP_SHAPE_REPRESENTATION('',(#14),#2483);
#13=STYLED_ITEM('',(#2500),#14);
#14=MANIFOLD_SOLID_BREP('Body1',#1005);
#15=CONICAL_SURFACE('',#1101,2.5,0.785398163397448);
#16=ELLIPSE('',#1070,1.4142135623731,1.);
#17=ELLIPSE('',#1072,1.4142135623731,1.);
#18=ELLIPSE('',#1076,4.18427230949064,2.4);
#19=ELLIPSE('',#1095,4.18427230949072,2.4);
#20=ELLIPSE('',#1096,4.18427230949072,2.4);
#21=B_SPLINE_SURFACE_WITH_KNOTS('',3,3,((#1852,#1853,#1854,#1855),(#1856,
#1857,#1858,#1859),(#1860,#1861,#1862,#1863),(#1864,#1865,#1866,#1867),
(#1868,#1869,#1870,#1871),(#1872,#1873,#1874,#1875)),.UNSPECIFIED.,.F.,
 .F.,.F.,(4,1,1,4),(4,4),(0.,0.285714285714286,0.571428571428571,1.),(-0.0118333786702445,
2.26237676730107),.UNSPECIFIED.);
#22=B_SPLINE_SURFACE_WITH_KNOTS('',3,3,((#1943,#1944,#1945,#1946,#1947,
#1948,#1949,#1950,#1951,#1952),(#1953,#1954,#1955,#1956,#1957,#1958,#1959,
#1960,#1961,#1962),(#1963,#1964,#1965,#1966,#1967,#1968,#1969,#1970,#1971,
#1972),(#1973,#1974,#1975,#1976,#1977,#1978,#1979,#1980,#1981,#1982),(#1983,
#1984,#1985,#1986,#1987,#1988,#1989,#1990,#1991,#1992)),.UNSPECIFIED.,.F.,
 .F.,.F.,(4,1,4),(4,1,1,1,1,1,1,4),(0.,0.571428571428571,1.),(0.16989997894578,
0.531828953402275,0.893757927858771,1.25568690231527,1.61761587677176,1.97954485122826,
2.34147382568475,2.70340280014125),.UNSPECIFIED.);
#23=B_SPLINE_SURFACE_WITH_KNOTS('',3,3,((#2053,#2054,#2055,#2056),(#2057,
#2058,#2059,#2060),(#2061,#2062,#2063,#2064),(#2065,#2066,#2067,#2068),
(#2069,#2070,#2071,#2072),(#2073,#2074,#2075,#2076)),.UNSPECIFIED.,.F.,
 .F.,.F.,(4,1,1,4),(4,4),(0.,0.285714285714286,0.571428571428571,1.),(-0.0120874362693492,
2.27588448410624),.UNSPECIFIED.);
#24=B_SPLINE_SURFACE_WITH_KNOTS('',3,3,((#2117,#2118,#2119,#2120),(#2121,
#2122,#2123,#2124),(#2125,#2126,#2127,#2128),(#2129,#2130,#2131,#2132),
(#2133,#2134,#2135,#2136),(#2137,#2138,#2139,#2140)),.UNSPECIFIED.,.F.,
 .F.,.F.,(4,1,1,4),(4,4),(0.,0.285714285714286,0.571428571428571,1.),(0.00278533456316019,
2.27699548052033),.UNSPECIFIED.);
#25=B_SPLINE_SURFACE_WITH_KNOTS('',3,3,((#2204,#2205,#2206,#2207),(#2208,
#2209,#2210,#2211),(#2212,#2213,#2214,#2215),(#2216,#2217,#2218,#2219),
(#2220,#2221,#2222,#2223),(#2224,#2225,#2226,#2227)),.UNSPECIFIED.,.F.,
 .F.,.F.,(4,1,1,4),(4,4),(0.,0.285714285714286,0.571428571428571,1.),(-0.000536139731764888,
2.28739132725377),.UNSPECIFIED.);
#26=B_SPLINE_SURFACE_WITH_KNOTS('',3,3,((#2286,#2287,#2288,#2289,#2290,
#2291,#2292,#2293,#2294,#2295),(#2296,#2297,#2298,#2299,#2300,#2301,#2302,
#2303,#2304,#2305),(#2306,#2307,#2308,#2309,#2310,#2311,#2312,#2313,#2314,
#2315),(#2316,#2317,#2318,#2319,#2320,#2321,#2322,#2323,#2324,#2325),(#2326,
#2327,#2328,#2329,#2330,#2331,#2332,#2333,#2334,#2335)),.UNSPECIFIED.,.F.,
 .F.,.F.,(4,1,4),(4,1,1,1,1,1,1,4),(0.,0.571428571428571,1.),(0.189576892682519,
0.551505867136608,0.913434841590696,1.27536381604479,1.63729279049887,1.99922176495296,
2.36115073940705,2.72307971386114),.UNSPECIFIED.);
#27=B_SPLINE_SURFACE_WITH_KNOTS('',3,3,((#2346,#2347,#2348,#2349),(#2350,
#2351,#2352,#2353),(#2354,#2355,#2356,#2357),(#2358,#2359,#2360,#2361),
(#2362,#2363,#2364,#2365),(#2366,#2367,#2368,#2369),(#2370,#2371,#2372,
#2373),(#2374,#2375,#2376,#2377),(#2378,#2379,#2380,#2381),(#2382,#2383,
#2384,#2385)),.UNSPECIFIED.,.F.,.F.,.F.,(4,1,1,1,1,1,1,4),(4,4),(0.0899913688140305,
0.207141723663437,0.324292078512844,0.441442433362251,0.558592788211658,
0.675743143061065,0.792893497910472,0.910043852759879),(0.0355267695128336,
1.),.UNSPECIFIED.);
#28=B_SPLINE_SURFACE_WITH_KNOTS('',3,3,((#2432,#2433,#2434,#2435),(#2436,
#2437,#2438,#2439),(#2440,#2441,#2442,#2443),(#2444,#2445,#2446,#2447),
(#2448,#2449,#2450,#2451),(#2452,#2453,#2454,#2455),(#2456,#2457,#2458,
#2459),(#2460,#2461,#2462,#2463),(#2464,#2465,#2466,#2467),(#2468,#2469,
#2470,#2471)),.UNSPECIFIED.,.F.,.F.,.F.,(4,1,1,1,1,1,1,4),(4,4),(0.0899561472401202,
0.207106502089527,0.324256856938934,0.441407211788341,0.558557566637748,
0.675707921487156,0.792858276336563,0.91000863118597),(0.0355267695128336,
1.),.UNSPECIFIED.);
#29=B_SPLINE_CURVE_WITH_KNOTS('',3,(#1478,#1479,#1480,#1481,#1482,#1483,
#1484,#1485,#1486,#1487,#1488,#1489,#1490,#1491,#1492,#1493,#1494,#1495,
#1496,#1497,#1498,#1499,#1500,#1501,#1502,#1503,#1504,#1505,#1506,#1507,
#1508,#1509,#1510,#1511,#1512,#1513,#1514,#1515,#1516,#1517,#1518,#1519,
#1520,#1521,#1522,#1523),.UNSPECIFIED.,.F.,.F.,(4,3,3,3,3,3,3,3,3,3,3,3,
3,3,3,4),(0.,0.0132478829797925,0.0266222718766971,0.0387059705039956,0.0522973437986533,
0.0656755370559498,0.0774243583057304,0.0910686817196439,0.104713005133557,
0.116458477686018,0.129763431061593,0.143267159038998,0.150052396514094,
0.163580921692833,0.176864649417951,0.183740451299407),.UNSPECIFIED.);
#30=B_SPLINE_CURVE_WITH_KNOTS('',3,(#1525,#1526,#1527,#1528,#1529,#1530,
#1531,#1532,#1533,#1534),.UNSPECIFIED.,.F.,.F.,(4,1,1,1,1,1,1,4),(0.0899561472401202,
0.207106502089527,0.324256856938934,0.441407211788341,0.558557566637748,
0.675707921487156,0.792858276336563,0.91000863118597),.UNSPECIFIED.);
#31=B_SPLINE_CURVE_WITH_KNOTS('',3,(#1536,#1537,#1538,#1539,#1540,#1541,
#1542,#1543,#1544,#1545,#1546,#1547,#1548,#1549,#1550,#1551,#1552,#1553,
#1554,#1555,#1556,#1557,#1558,#1559,#1560,#1561,#1562,#1563,#1564,#1565,
#1566,#1567,#1568,#1569,#1570,#1571,#1572,#1573,#1574,#1575,#1576,#1577,
#1578,#1579,#1580,#1581,#1582,#1583,#1584),.UNSPECIFIED.,.F.,.F.,(4,3,3,
3,3,3,3,3,3,3,3,3,3,3,3,3,4),(-1.38777878078145E-17,0.0132179091420706,
0.0267584964649733,0.0396507829893067,0.053153410596324,0.0664265648257228,
0.0789017350369377,0.0791409405301715,0.092393800991252,0.105776763870254,
0.118316136268403,0.13133256254581,0.144714453838281,0.150981899512052,
0.164335674319132,0.177589233968999,0.183618213188962),.UNSPECIFIED.);
#32=B_SPLINE_CURVE_WITH_KNOTS('',3,(#1588,#1589,#1590,#1591,#1592,#1593,
#1594,#1595,#1596,#1597,#1598,#1599,#1600,#1601,#1602,#1603,#1604,#1605,
#1606,#1607,#1608,#1609,#1610,#1611,#1612,#1613,#1614,#1615,#1616,#1617,
#1618,#1619,#1620,#1621,#1622,#1623,#1624,#1625,#1626,#1627,#1628,#1629,
#1630,#1631,#1632,#1633),.UNSPECIFIED.,.F.,.F.,(4,3,3,3,3,3,3,3,3,3,3,3,
3,3,3,4),(0.,0.0132216985133215,0.0265949711456409,0.0388423864013399,0.0523083087918979,
0.065694161306025,0.0776719691542769,0.0912149698176356,0.104757970480994,
0.1167070245625,0.130027851884322,0.143524319872921,0.150128458738138,0.163653137977778,
0.176914182452549,0.183568684163594),.UNSPECIFIED.);
#33=B_SPLINE_CURVE_WITH_KNOTS('',3,(#1635,#1636,#1637,#1638,#1639,#1640,
#1641,#1642,#1643,#1644),.UNSPECIFIED.,.F.,.F.,(4,1,1,1,1,1,1,4),(0.0899913688140305,
0.207141723663437,0.324292078512844,0.441442433362251,0.558592788211658,
0.675743143061065,0.792893497910472,0.910043852759879),.UNSPECIFIED.);
#34=B_SPLINE_CURVE_WITH_KNOTS('',3,(#1646,#1647,#1648,#1649,#1650,#1651,
#1652,#1653,#1654,#1655,#1656,#1657,#1658,#1659,#1660,#1661,#1662,#1663,
#1664,#1665,#1666,#1667,#1668,#1669,#1670,#1671,#1672,#1673,#1674,#1675,
#1676,#1677,#1678,#1679,#1680,#1681,#1682,#1683,#1684,#1685,#1686,#1687,
#1688,#1689,#1690,#1691,#1692,#1693,#1694),.UNSPECIFIED.,.F.,.F.,(4,3,3,
3,3,3,3,3,3,3,3,3,3,3,3,3,4),(0.,0.0132389879095453,0.0267840615082461,
0.039829551477879,0.0533392251222631,0.0666014056908293,0.0791263649032136,
0.0794479947717961,0.0926982887008138,0.10605898472444,0.118653096410134,
0.13152917843609,0.144889070734268,0.151227054055172,0.164584693573375,
0.177865432098366,0.183809303801722),.UNSPECIFIED.);
#35=B_SPLINE_CURVE_WITH_KNOTS('',3,(#1724,#1725,#1726,#1727,#1728,#1729,
#1730,#1731,#1732,#1733,#1734,#1735,#1736,#1737,#1738,#1739,#1740,#1741,
#1742,#1743,#1744,#1745,#1746,#1747,#1748),.UNSPECIFIED.,.F.,.F.,(4,3,3,
3,3,3,3,3,4),(0.138943422000896,0.152454653515249,0.155532122516456,0.16900978737084,
0.182511196298093,0.18566982123945,0.199208091957127,0.212405314558398,
0.215865044482046),.UNSPECIFIED.);
#36=B_SPLINE_CURVE_WITH_KNOTS('',3,(#1750,#1751,#1752,#1753,#1754,#1755,
#1756,#1757,#1758,#1759),.UNSPECIFIED.,.F.,.F.,(4,1,1,1,1,1,1,4),(-2.72065143720447,
-2.36115073940705,-1.99922176495296,-1.63729279049887,-1.27536381604479,
-0.913434841590696,-0.551505867136608,-0.189576892682519),.UNSPECIFIED.);
#37=B_SPLINE_CURVE_WITH_KNOTS('',3,(#1761,#1762,#1763,#1764,#1765,#1766,
#1767,#1768,#1769,#1770,#1771,#1772,#1773,#1774,#1775,#1776),
 .UNSPECIFIED.,.F.,.F.,(4,3,3,3,3,4),(0.,0.0131457754251951,0.0266969436155169,
0.0396435711197376,0.0531487000650922,0.057103514321716),.UNSPECIFIED.);
#38=B_SPLINE_CURVE_WITH_KNOTS('',3,(#1792,#1793,#1794,#1795,#1796,#1797,
#1798,#1799,#1800,#1801,#1802,#1803,#1804,#1805,#1806,#1807),
 .UNSPECIFIED.,.F.,.F.,(4,3,3,3,3,4),(0.158705253467434,0.172236331540951,
0.185734364889685,0.199252638829069,0.212421153783386,0.215730979829671),
 .UNSPECIFIED.);
#39=B_SPLINE_CURVE_WITH_KNOTS('',3,(#1809,#1810,#1811,#1812,#1813,#1814,
#1815,#1816,#1817,#1818),.UNSPECIFIED.,.F.,.F.,(4,1,1,1,1,1,1,4),(-2.70340280014125,
-2.34147382568475,-1.97954485122826,-1.61761587677176,-1.25568690231527,
-0.893757927858771,-0.531828953402275,-0.172328229349424),.UNSPECIFIED.);
#40=B_SPLINE_CURVE_WITH_KNOTS('',3,(#1820,#1821,#1822,#1823,#1824,#1825,
#1826,#1827,#1828,#1829,#1830,#1831,#1832,#1833,#1834,#1835,#1836,#1837,
#1838),.UNSPECIFIED.,.F.,.F.,(4,3,3,3,3,3,4),(0.,0.0131793982469258,0.0267505154042625,
0.0398373065832051,0.0533676729788429,0.0667719458237929,0.0770312079594061),
 .UNSPECIFIED.);
#41=B_SPLINE_CURVE_WITH_KNOTS('',3,(#1848,#1849,#1850,#1851),
 .UNSPECIFIED.,.F.,.F.,(4,4),(-2.26132535575563,0.0120874362693492),
 .UNSPECIFIED.);
#42=B_SPLINE_CURVE_WITH_KNOTS('',3,(#1876,#1877,#1878,#1879),
 .UNSPECIFIED.,.F.,.F.,(4,4),(-2.25485179396249,0.0118333786702445),
 .UNSPECIFIED.);
#43=B_SPLINE_CURVE_WITH_KNOTS('',3,(#1881,#1882,#1883,#1884),
 .UNSPECIFIED.,.F.,.F.,(4,4),(-4.55138090072528E-9,2.15410130635728),
 .UNSPECIFIED.);
#44=B_SPLINE_CURVE_WITH_KNOTS('',3,(#1885,#1886,#1887,#1888,#1889,#1890,
#1891,#1892,#1893,#1894,#1895,#1896,#1897,#1898,#1899,#1900,#1901,#1902,
#1903,#1904,#1905,#1906,#1907,#1908,#1909,#1910,#1911,#1912,#1913,#1914,
#1915,#1916,#1917,#1918,#1919,#1920,#1921,#1922,#1923,#1924,#1925,#1926,
#1927,#1928,#1929,#1930,#1931,#1932,#1933,#1934,#1935,#1936,#1937,#1938,
#1939,#1940,#1941,#1942),.UNSPECIFIED.,.F.,.F.,(4,3,3,3,3,3,3,3,3,3,3,3,
3,3,3,3,3,3,3,4),(-0.000618870192096912,0.,0.017950571259338,0.0363044921518246,
0.0534798085069154,0.0546584130443112,0.0693515262293204,0.0836743503923533,
0.0973960013661907,0.104750037387835,0.116738410801793,0.122901296696138,
0.134486048914982,0.141660981466763,0.153337427050451,0.164493155446055,
0.170286960213973,0.184171823338979,0.197342516359601,0.198056686463986),
 .UNSPECIFIED.);
#45=B_SPLINE_CURVE_WITH_KNOTS('',3,(#1994,#1995,#1996,#1997,#1998,#1999,
#2000,#2001,#2002,#2003),.UNSPECIFIED.,.F.,.F.,(4,1,1,1,1,1,1,4),(0.279778800256436,
0.531828953402275,0.893757927858771,1.25568690231527,1.61761587677176,1.97954485122826,
2.34147382568475,2.61220803871212),.UNSPECIFIED.);
#46=B_SPLINE_CURVE_WITH_KNOTS('',3,(#2004,#2005,#2006,#2007,#2008,#2009,
#2010,#2011,#2012,#2013,#2014,#2015,#2016,#2017,#2018,#2019,#2020,#2021,
#2022,#2023,#2024,#2025,#2026,#2027,#2028,#2029,#2030,#2031,#2032,#2033,
#2034,#2035,#2036,#2037,#2038,#2039,#2040,#2041,#2042,#2043,#2044,#2045,
#2046,#2047,#2048,#2049,#2050,#2051,#2052),.UNSPECIFIED.,.F.,.F.,(4,3,3,
3,3,3,3,3,3,3,3,3,3,3,3,3,4),(-0.167242415524019,-0.166678891213355,-0.150426448091415,
-0.1344965673781,-0.119060361252486,-0.113439387687933,-0.0999286099980428,
-0.0867559120131211,-0.0740665830985724,-0.0662623726782537,-0.0652222812530609,
-0.0530510982275941,-0.0414590154736218,-0.0298923440464318,-0.0176121554244014,
-0.00592121938576298,0.),.UNSPECIFIED.);
#47=B_SPLINE_CURVE_WITH_KNOTS('',3,(#2077,#2078,#2079,#2080),
 .UNSPECIFIED.,.F.,.F.,(4,4),(0.0889428986155397,2.27530389098442),
 .UNSPECIFIED.);
#48=B_SPLINE_CURVE_WITH_KNOTS('',3,(#2109,#2110,#2111,#2112),
 .UNSPECIFIED.,.F.,.F.,(4,4),(-2.27699548052033,-0.0103103078875951),
 .UNSPECIFIED.);
#49=B_SPLINE_CURVE_WITH_KNOTS('',3,(#2142,#2143,#2144,#2145),
 .UNSPECIFIED.,.F.,.F.,(4,4),(0.111060795492794,2.26516210640146),
 .UNSPECIFIED.);
#50=B_SPLINE_CURVE_WITH_KNOTS('',3,(#2146,#2147,#2148,#2149,#2150,#2151,
#2152,#2153,#2154,#2155,#2156,#2157,#2158,#2159,#2160,#2161,#2162,#2163,
#2164,#2165,#2166,#2167,#2168,#2169,#2170,#2171,#2172,#2173,#2174,#2175,
#2176,#2177,#2178,#2179,#2180,#2181,#2182,#2183,#2184,#2185,#2186,#2187,
#2188,#2189,#2190,#2191,#2192,#2193,#2194,#2195,#2196,#2197,#2198,#2199,
#2200,#2201,#2202,#2203),.UNSPECIFIED.,.F.,.F.,(4,3,3,3,3,3,3,3,3,3,3,3,
3,3,3,3,3,3,3,4),(0.,0.013043901126014,0.0267818880262498,0.0275115683226049,
0.0385115411055322,0.0500167985390772,0.0558714339611333,0.0673492837704162,
0.0744567178271176,0.0863357220536035,0.092439255584334,0.106107818008675,
0.12016493947634,0.134768918499217,0.142065182319626,0.159228443362046,
0.176777929285845,0.194598463390787,0.196215477964516,0.196828596482598),
 .UNSPECIFIED.);
#51=B_SPLINE_CURVE_WITH_KNOTS('',3,(#2228,#2229,#2230,#2231),
 .UNSPECIFIED.,.F.,.F.,(4,4),(-2.28739132725377,-0.0139785352287911),
 .UNSPECIFIED.);
#52=B_SPLINE_CURVE_WITH_KNOTS('',3,(#2233,#2234,#2235,#2236),
 .UNSPECIFIED.,.F.,.F.,(4,4),(1.90819582357449E-17,2.18636099238081),
 .UNSPECIFIED.);
#53=B_SPLINE_CURVE_WITH_KNOTS('',3,(#2237,#2238,#2239,#2240,#2241,#2242,
#2243,#2244,#2245,#2246,#2247,#2248,#2249,#2250,#2251,#2252,#2253,#2254,
#2255,#2256,#2257,#2258,#2259,#2260,#2261,#2262,#2263,#2264,#2265,#2266,
#2267,#2268,#2269,#2270,#2271,#2272,#2273,#2274,#2275,#2276,#2277,#2278,
#2279,#2280,#2281,#2282,#2283,#2284,#2285),.UNSPECIFIED.,.F.,.F.,(4,3,3,
3,3,3,3,3,3,3,3,3,3,3,3,3,4),(-0.000568542867728734,0.,0.0163759453387693,
0.0324278093818986,0.0479871702098483,0.0537136288724196,0.0673447740886882,
0.0806358536572084,0.0934403574697322,0.10131078346102,0.102360136795846,
0.114639410307693,0.126334432502346,0.138004707288113,0.150392540687373,
0.162186063986517,0.168163259449094),.UNSPECIFIED.);
#54=B_SPLINE_CURVE_WITH_KNOTS('',3,(#2336,#2337,#2338,#2339,#2340,#2341,
#2342,#2343,#2344,#2345),.UNSPECIFIED.,.F.,.F.,(4,1,1,1,1,1,1,4),(0.28077058474286,
0.551505867136608,0.913434841590696,1.27536381604479,1.63729279049887,1.99922176495296,
2.36115073940705,2.61316220594632),.UNSPECIFIED.);
#55=TOROIDAL_SURFACE('',#1042,3.025,0.5);
#56=TOROIDAL_SURFACE('',#1048,3.025,0.5);
#57=FACE_BOUND('',#148,.T.);
#58=FACE_BOUND('',#149,.T.);
#59=FACE_BOUND('',#150,.T.);
#60=FACE_BOUND('',#151,.T.);
#61=FACE_BOUND('',#163,.T.);
#62=FACE_BOUND('',#169,.T.);
#63=FACE_BOUND('',#177,.T.);
#64=FACE_BOUND('',#179,.T.);
#65=FACE_BOUND('',#180,.T.);
#66=FACE_BOUND('',#202,.T.);
#67=FACE_BOUND('',#206,.T.);
#68=FACE_BOUND('',#208,.T.);
#69=PLANE('',#1022);
#70=PLANE('',#1034);
#71=PLANE('',#1039);
#72=PLANE('',#1056);
#73=PLANE('',#1062);
#74=PLANE('',#1067);
#75=PLANE('',#1075);
#76=PLANE('',#1077);
#77=PLANE('',#1082);
#78=PLANE('',#1083);
#79=PLANE('',#1084);
#80=PLANE('',#1085);
#81=PLANE('',#1088);
#82=PLANE('',#1089);
#83=PLANE('',#1090);
#84=PLANE('',#1091);
#85=PLANE('',#1092);
#86=PLANE('',#1097);
#87=PLANE('',#1105);
#88=PLANE('',#1106);
#89=PLANE('',#1107);
#90=PLANE('',#1108);
#91=PLANE('',#1109);
#92=PLANE('',#1110);
#93=FACE_OUTER_BOUND('',#146,.T.);
#94=FACE_OUTER_BOUND('',#147,.T.);
#95=FACE_OUTER_BOUND('',#152,.T.);
#96=FACE_OUTER_BOUND('',#153,.T.);
#97=FACE_OUTER_BOUND('',#154,.T.);
#98=FACE_OUTER_BOUND('',#155,.T.);
#99=FACE_OUTER_BOUND('',#156,.T.);
#100=FACE_OUTER_BOUND('',#157,.T.);
#101=FACE_OUTER_BOUND('',#158,.T.);
#102=FACE_OUTER_BOUND('',#159,.T.);
#103=FACE_OUTER_BOUND('',#160,.T.);
#104=FACE_OUTER_BOUND('',#161,.T.);
#105=FACE_OUTER_BOUND('',#162,.T.);
#106=FACE_OUTER_BOUND('',#164,.T.);
#107=FACE_OUTER_BOUND('',#165,.T.);
#108=FACE_OUTER_BOUND('',#166,.T.);
#109=FACE_OUTER_BOUND('',#167,.T.);
#110=FACE_OUTER_BOUND('',#168,.T.);
#111=FACE_OUTER_BOUND('',#170,.T.);
#112=FACE_OUTER_BOUND('',#171,.T.);
#113=FACE_OUTER_BOUND('',#172,.T.);
#114=FACE_OUTER_BOUND('',#173,.T.);
#115=FACE_OUTER_BOUND('',#174,.T.);
#116=FACE_OUTER_BOUND('',#175,.T.);
#117=FACE_OUTER_BOUND('',#176,.T.);
#118=FACE_OUTER_BOUND('',#178,.T.);
#119=FACE_OUTER_BOUND('',#181,.T.);
#120=FACE_OUTER_BOUND('',#182,.T.);
#121=FACE_OUTER_BOUND('',#183,.T.);
#122=FACE_OUTER_BOUND('',#184,.T.);
#123=FACE_OUTER_BOUND('',#185,.T.);
#124=FACE_OUTER_BOUND('',#186,.T.);
#125=FACE_OUTER_BOUND('',#187,.T.);
#126=FACE_OUTER_BOUND('',#188,.T.);
#127=FACE_OUTER_BOUND('',#189,.T.);
#128=FACE_OUTER_BOUND('',#190,.T.);
#129=FACE_OUTER_BOUND('',#191,.T.);
#130=FACE_OUTER_BOUND('',#192,.T.);
#131=FACE_OUTER_BOUND('',#193,.T.);
#132=FACE_OUTER_BOUND('',#194,.T.);
#133=FACE_OUTER_BOUND('',#195,.T.);
#134=FACE_OUTER_BOUND('',#196,.T.);
#135=FACE_OUTER_BOUND('',#197,.T.);
#136=FACE_OUTER_BOUND('',#198,.T.);
#137=FACE_OUTER_BOUND('',#199,.T.);
#138=FACE_OUTER_BOUND('',#200,.T.);
#139=FACE_OUTER_BOUND('',#201,.T.);
#140=FACE_OUTER_BOUND('',#203,.T.);
#141=FACE_OUTER_BOUND('',#204,.T.);
#142=FACE_OUTER_BOUND('',#205,.T.);
#143=FACE_OUTER_BOUND('',#207,.T.);
#144=FACE_OUTER_BOUND('',#209,.T.);
#145=FACE_OUTER_BOUND('',#210,.T.);
#146=EDGE_LOOP('',(#642,#643,#644,#645));
#147=EDGE_LOOP('',(#646,#647,#648,#649,#650,#651,#652,#653,#654,#655,#656,
#657,#658,#659,#660,#661,#662,#663,#664,#665));
#148=EDGE_LOOP('',(#666));
#149=EDGE_LOOP('',(#667));
#150=EDGE_LOOP('',(#668));
#151=EDGE_LOOP('',(#669));
#152=EDGE_LOOP('',(#670,#671,#672,#673));
#153=EDGE_LOOP('',(#674,#675,#676,#677));
#154=EDGE_LOOP('',(#678,#679,#680,#681));
#155=EDGE_LOOP('',(#682,#683,#684,#685));
#156=EDGE_LOOP('',(#686,#687,#688,#689));
#157=EDGE_LOOP('',(#690,#691,#692,#693,#694));
#158=EDGE_LOOP('',(#695,#696,#697,#698,#699));
#159=EDGE_LOOP('',(#700,#701,#702,#703,#704));
#160=EDGE_LOOP('',(#705,#706,#707,#708,#709));
#161=EDGE_LOOP('',(#710,#711,#712,#713));
#162=EDGE_LOOP('',(#714,#715,#716,#717,#718,#719,#720,#721,#722,#723,#724,
#725,#726,#727,#728,#729,#730,#731,#732,#733));
#163=EDGE_LOOP('',(#734));
#164=EDGE_LOOP('',(#735,#736,#737,#738));
#165=EDGE_LOOP('',(#739,#740,#741,#742));
#166=EDGE_LOOP('',(#743,#744,#745,#746,#747,#748,#749,#750,#751,#752,#753,
#754,#755,#756,#757,#758,#759,#760));
#167=EDGE_LOOP('',(#761,#762,#763,#764));
#168=EDGE_LOOP('',(#765,#766,#767,#768,#769,#770));
#169=EDGE_LOOP('',(#771));
#170=EDGE_LOOP('',(#772,#773,#774,#775,#776));
#171=EDGE_LOOP('',(#777,#778,#779,#780));
#172=EDGE_LOOP('',(#781,#782,#783,#784,#785));
#173=EDGE_LOOP('',(#786,#787,#788,#789,#790));
#174=EDGE_LOOP('',(#791,#792,#793,#794,#795));
#175=EDGE_LOOP('',(#796,#797,#798,#799));
#176=EDGE_LOOP('',(#800,#801,#802,#803));
#177=EDGE_LOOP('',(#804,#805));
#178=EDGE_LOOP('',(#806,#807,#808,#809,#810,#811,#812,#813));
#179=EDGE_LOOP('',(#814));
#180=EDGE_LOOP('',(#815));
#181=EDGE_LOOP('',(#816,#817,#818,#819,#820));
#182=EDGE_LOOP('',(#821,#822,#823,#824,#825));
#183=EDGE_LOOP('',(#826,#827,#828,#829));
#184=EDGE_LOOP('',(#830,#831,#832,#833));
#185=EDGE_LOOP('',(#834,#835,#836,#837));
#186=EDGE_LOOP('',(#838));
#187=EDGE_LOOP('',(#839,#840,#841,#842));
#188=EDGE_LOOP('',(#843,#844,#845,#846));
#189=EDGE_LOOP('',(#847,#848,#849,#850,#851,#852));
#190=EDGE_LOOP('',(#853,#854,#855,#856));
#191=EDGE_LOOP('',(#857));
#192=EDGE_LOOP('',(#858,#859,#860,#861));
#193=EDGE_LOOP('',(#862,#863,#864,#865));
#194=EDGE_LOOP('',(#866,#867,#868,#869,#870,#871));
#195=EDGE_LOOP('',(#872,#873));
#196=EDGE_LOOP('',(#874,#875,#876,#877,#878,#879));
#197=EDGE_LOOP('',(#880,#881,#882));
#198=EDGE_LOOP('',(#883,#884,#885,#886,#887,#888));
#199=EDGE_LOOP('',(#889,#890,#891,#892));
#200=EDGE_LOOP('',(#893,#894,#895,#896));
#201=EDGE_LOOP('',(#897,#898,#899,#900,#901,#902));
#202=EDGE_LOOP('',(#903));
#203=EDGE_LOOP('',(#904,#905,#906,#907));
#204=EDGE_LOOP('',(#908,#909,#910,#911));
#205=EDGE_LOOP('',(#912,#913,#914,#915));
#206=EDGE_LOOP('',(#916,#917,#918));
#207=EDGE_LOOP('',(#919,#920,#921,#922,#923,#924));
#208=EDGE_LOOP('',(#925));
#209=EDGE_LOOP('',(#926,#927,#928,#929));
#210=EDGE_LOOP('',(#930,#931,#932,#933));
#211=LINE('',#1376,#284);
#212=LINE('',#1379,#285);
#213=LINE('',#1382,#286);
#214=LINE('',#1386,#287);
#215=LINE('',#1388,#288);
#216=LINE('',#1390,#289);
#217=LINE('',#1394,#290);
#218=LINE('',#1398,#291);
#219=LINE('',#1400,#292);
#220=LINE('',#1404,#293);
#221=LINE('',#1408,#294);
#222=LINE('',#1412,#295);
#223=LINE('',#1416,#296);
#224=LINE('',#1417,#297);
#225=LINE('',#1428,#298);
#226=LINE('',#1429,#299);
#227=LINE('',#1433,#300);
#228=LINE('',#1438,#301);
#229=LINE('',#1439,#302);
#230=LINE('',#1442,#303);
#231=LINE('',#1443,#304);
#232=LINE('',#1447,#305);
#233=LINE('',#1456,#306);
#234=LINE('',#1466,#307);
#235=LINE('',#1472,#308);
#236=LINE('',#1473,#309);
#237=LINE('',#1476,#310);
#238=LINE('',#1586,#311);
#239=LINE('',#1696,#312);
#240=LINE('',#1697,#313);
#241=LINE('',#1699,#314);
#242=LINE('',#1701,#315);
#243=LINE('',#1702,#316);
#244=LINE('',#1704,#317);
#245=LINE('',#1706,#318);
#246=LINE('',#1707,#319);
#247=LINE('',#1713,#320);
#248=LINE('',#1716,#321);
#249=LINE('',#1719,#322);
#250=LINE('',#1722,#323);
#251=LINE('',#1778,#324);
#252=LINE('',#1782,#325);
#253=LINE('',#1784,#326);
#254=LINE('',#1786,#327);
#255=LINE('',#1790,#328);
#256=LINE('',#1840,#329);
#257=LINE('',#1841,#330);
#258=LINE('',#1845,#331);
#259=LINE('',#1847,#332);
#260=LINE('',#2083,#333);
#261=LINE('',#2085,#334);
#262=LINE('',#2091,#335);
#263=LINE('',#2093,#336);
#264=LINE('',#2098,#337);
#265=LINE('',#2099,#338);
#266=LINE('',#2102,#339);
#267=LINE('',#2103,#340);
#268=LINE('',#2107,#341);
#269=LINE('',#2388,#342);
#270=LINE('',#2392,#343);
#271=LINE('',#2394,#344);
#272=LINE('',#2398,#345);
#273=LINE('',#2402,#346);
#274=LINE('',#2404,#347);
#275=LINE('',#2409,#348);
#276=LINE('',#2413,#349);
#277=LINE('',#2421,#350);
#278=LINE('',#2426,#351);
#279=LINE('',#2429,#352);
#280=LINE('',#2431,#353);
#281=LINE('',#2474,#354);
#282=LINE('',#2475,#355);
#283=LINE('',#2477,#356);
#284=VECTOR('',#1117,10.);
#285=VECTOR('',#1120,10.);
#286=VECTOR('',#1123,10.);
#287=VECTOR('',#1126,10.);
#288=VECTOR('',#1127,10.);
#289=VECTOR('',#1128,10.);
#290=VECTOR('',#1131,10.);
#291=VECTOR('',#1134,10.);
#292=VECTOR('',#1135,10.);
#293=VECTOR('',#1138,10.);
#294=VECTOR('',#1141,10.);
#295=VECTOR('',#1144,10.);
#296=VECTOR('',#1147,10.);
#297=VECTOR('',#1148,10.);
#298=VECTOR('',#1159,10.);
#299=VECTOR('',#1160,10.);
#300=VECTOR('',#1165,10.);
#301=VECTOR('',#1170,10.);
#302=VECTOR('',#1171,10.);
#303=VECTOR('',#1174,10.);
#304=VECTOR('',#1175,10.);
#305=VECTOR('',#1180,10.);
#306=VECTOR('',#1191,2.525);
#307=VECTOR('',#1204,2.525);
#308=VECTOR('',#1211,10.);
#309=VECTOR('',#1212,10.);
#310=VECTOR('',#1215,10.);
#311=VECTOR('',#1216,10.);
#312=VECTOR('',#1217,10.);
#313=VECTOR('',#1218,10.);
#314=VECTOR('',#1219,10.);
#315=VECTOR('',#1220,10.);
#316=VECTOR('',#1221,10.);
#317=VECTOR('',#1222,10.);
#318=VECTOR('',#1223,10.);
#319=VECTOR('',#1224,10.);
#320=VECTOR('',#1231,10.);
#321=VECTOR('',#1234,10.);
#322=VECTOR('',#1237,10.);
#323=VECTOR('',#1240,10.);
#324=VECTOR('',#1241,10.);
#325=VECTOR('',#1244,10.);
#326=VECTOR('',#1245,10.);
#327=VECTOR('',#1246,10.);
#328=VECTOR('',#1249,10.);
#329=VECTOR('',#1250,10.);
#330=VECTOR('',#1251,10.);
#331=VECTOR('',#1256,10.);
#332=VECTOR('',#1259,10.);
#333=VECTOR('',#1262,10.);
#334=VECTOR('',#1263,10.);
#335=VECTOR('',#1270,10.);
#336=VECTOR('',#1271,10.);
#337=VECTOR('',#1278,10.);
#338=VECTOR('',#1279,10.);
#339=VECTOR('',#1282,10.);
#340=VECTOR('',#1283,10.);
#341=VECTOR('',#1286,10.);
#342=VECTOR('',#1295,3.2);
#343=VECTOR('',#1302,10.);
#344=VECTOR('',#1305,10.);
#345=VECTOR('',#1310,3.2);
#346=VECTOR('',#1317,10.);
#347=VECTOR('',#1320,10.);
#348=VECTOR('',#1325,10.);
#349=VECTOR('',#1330,2.4);
#350=VECTOR('',#1343,2.4);
#351=VECTOR('',#1348,2.5);
#352=VECTOR('',#1353,1.5);
#353=VECTOR('',#1356,10.);
#354=VECTOR('',#1359,10.);
#355=VECTOR('',#1360,10.);
#356=VECTOR('',#1363,10.);
#357=CIRCLE('',#1020,0.5);
#358=CIRCLE('',#1021,0.5);
#359=CIRCLE('',#1023,0.5);
#360=CIRCLE('',#1024,0.5);
#361=CIRCLE('',#1025,0.5);
#362=CIRCLE('',#1026,2.);
#363=CIRCLE('',#1027,2.);
#364=CIRCLE('',#1028,2.);
#365=CIRCLE('',#1029,2.);
#366=CIRCLE('',#1030,3.025);
#367=CIRCLE('',#1031,3.2);
#368=CIRCLE('',#1032,3.2);
#369=CIRCLE('',#1033,3.025);
#370=CIRCLE('',#1036,0.5);
#371=CIRCLE('',#1038,0.5);
#372=CIRCLE('',#1041,0.5);
#373=CIRCLE('',#1043,0.5);
#374=CIRCLE('',#1044,2.525);
#375=CIRCLE('',#1045,2.525);
#376=CIRCLE('',#1047,2.525);
#377=CIRCLE('',#1049,0.5);
#378=CIRCLE('',#1050,2.525);
#379=CIRCLE('',#1051,2.525);
#380=CIRCLE('',#1053,2.525);
#381=CIRCLE('',#1055,2.);
#382=CIRCLE('',#1057,1.5);
#383=CIRCLE('',#1059,2.);
#384=CIRCLE('',#1061,2.);
#385=CIRCLE('',#1063,1.);
#386=CIRCLE('',#1064,1.);
#387=CIRCLE('',#1066,2.);
#388=CIRCLE('',#1069,1.);
#389=CIRCLE('',#1073,1.);
#390=CIRCLE('',#1078,2.4);
#391=CIRCLE('',#1079,2.4);
#392=CIRCLE('',#1081,3.2);
#393=CIRCLE('',#1087,3.2);
#394=CIRCLE('',#1093,2.4);
#395=CIRCLE('',#1098,2.4);
#396=CIRCLE('',#1099,2.4);
#397=CIRCLE('',#1102,3.5);
#398=CIRCLE('',#1103,1.5);
#399=VERTEX_POINT('',#1372);
#400=VERTEX_POINT('',#1373);
#401=VERTEX_POINT('',#1375);
#402=VERTEX_POINT('',#1377);
#403=VERTEX_POINT('',#1381);
#404=VERTEX_POINT('',#1383);
#405=VERTEX_POINT('',#1385);
#406=VERTEX_POINT('',#1387);
#407=VERTEX_POINT('',#1389);
#408=VERTEX_POINT('',#1391);
#409=VERTEX_POINT('',#1393);
#410=VERTEX_POINT('',#1395);
#411=VERTEX_POINT('',#1397);
#412=VERTEX_POINT('',#1399);
#413=VERTEX_POINT('',#1401);
#414=VERTEX_POINT('',#1403);
#415=VERTEX_POINT('',#1405);
#416=VERTEX_POINT('',#1407);
#417=VERTEX_POINT('',#1409);
#418=VERTEX_POINT('',#1411);
#419=VERTEX_POINT('',#1413);
#420=VERTEX_POINT('',#1415);
#421=VERTEX_POINT('',#1418);
#422=VERTEX_POINT('',#1420);
#423=VERTEX_POINT('',#1422);
#424=VERTEX_POINT('',#1424);
#425=VERTEX_POINT('',#1427);
#426=VERTEX_POINT('',#1431);
#427=VERTEX_POINT('',#1435);
#428=VERTEX_POINT('',#1436);
#429=VERTEX_POINT('',#1441);
#430=VERTEX_POINT('',#1445);
#431=VERTEX_POINT('',#1449);
#432=VERTEX_POINT('',#1451);
#433=VERTEX_POINT('',#1455);
#434=VERTEX_POINT('',#1459);
#435=VERTEX_POINT('',#1461);
#436=VERTEX_POINT('',#1465);
#437=VERTEX_POINT('',#1469);
#438=VERTEX_POINT('',#1470);
#439=VERTEX_POINT('',#1475);
#440=VERTEX_POINT('',#1477);
#441=VERTEX_POINT('',#1524);
#442=VERTEX_POINT('',#1535);
#443=VERTEX_POINT('',#1585);
#444=VERTEX_POINT('',#1587);
#445=VERTEX_POINT('',#1634);
#446=VERTEX_POINT('',#1645);
#447=VERTEX_POINT('',#1695);
#448=VERTEX_POINT('',#1698);
#449=VERTEX_POINT('',#1700);
#450=VERTEX_POINT('',#1703);
#451=VERTEX_POINT('',#1705);
#452=VERTEX_POINT('',#1708);
#453=VERTEX_POINT('',#1711);
#454=VERTEX_POINT('',#1715);
#455=VERTEX_POINT('',#1717);
#456=VERTEX_POINT('',#1721);
#457=VERTEX_POINT('',#1723);
#458=VERTEX_POINT('',#1749);
#459=VERTEX_POINT('',#1760);
#460=VERTEX_POINT('',#1777);
#461=VERTEX_POINT('',#1779);
#462=VERTEX_POINT('',#1781);
#463=VERTEX_POINT('',#1783);
#464=VERTEX_POINT('',#1785);
#465=VERTEX_POINT('',#1787);
#466=VERTEX_POINT('',#1789);
#467=VERTEX_POINT('',#1791);
#468=VERTEX_POINT('',#1808);
#469=VERTEX_POINT('',#1819);
#470=VERTEX_POINT('',#1839);
#471=VERTEX_POINT('',#1843);
#472=VERTEX_POINT('',#1880);
#473=VERTEX_POINT('',#1993);
#474=VERTEX_POINT('',#2082);
#475=VERTEX_POINT('',#2084);
#476=VERTEX_POINT('',#2086);
#477=VERTEX_POINT('',#2090);
#478=VERTEX_POINT('',#2092);
#479=VERTEX_POINT('',#2094);
#480=VERTEX_POINT('',#2101);
#481=VERTEX_POINT('',#2104);
#482=VERTEX_POINT('',#2105);
#483=VERTEX_POINT('',#2113);
#484=VERTEX_POINT('',#2115);
#485=VERTEX_POINT('',#2141);
#486=VERTEX_POINT('',#2232);
#487=VERTEX_POINT('',#2387);
#488=VERTEX_POINT('',#2397);
#489=VERTEX_POINT('',#2407);
#490=VERTEX_POINT('',#2408);
#491=VERTEX_POINT('',#2412);
#492=VERTEX_POINT('',#2417);
#493=VERTEX_POINT('',#2423);
#494=VERTEX_POINT('',#2425);
#495=VERTEX_POINT('',#2473);
#496=EDGE_CURVE('',#399,#400,#357,.T.);
#497=EDGE_CURVE('',#400,#401,#211,.T.);
#498=EDGE_CURVE('',#401,#402,#358,.T.);
#499=EDGE_CURVE('',#402,#399,#212,.T.);
#500=EDGE_CURVE('',#401,#403,#213,.T.);
#501=EDGE_CURVE('',#404,#403,#359,.T.);
#502=EDGE_CURVE('',#404,#405,#214,.T.);
#503=EDGE_CURVE('',#406,#405,#215,.T.);
#504=EDGE_CURVE('',#407,#406,#216,.T.);
#505=EDGE_CURVE('',#408,#407,#360,.T.);
#506=EDGE_CURVE('',#409,#408,#217,.T.);
#507=EDGE_CURVE('',#410,#409,#361,.T.);
#508=EDGE_CURVE('',#411,#410,#218,.T.);
#509=EDGE_CURVE('',#412,#411,#219,.T.);
#510=EDGE_CURVE('',#413,#412,#362,.T.);
#511=EDGE_CURVE('',#414,#413,#220,.T.);
#512=EDGE_CURVE('',#415,#414,#363,.T.);
#513=EDGE_CURVE('',#415,#416,#221,.T.);
#514=EDGE_CURVE('',#417,#416,#364,.T.);
#515=EDGE_CURVE('',#417,#418,#222,.T.);
#516=EDGE_CURVE('',#419,#418,#365,.T.);
#517=EDGE_CURVE('',#420,#419,#223,.T.);
#518=EDGE_CURVE('',#420,#402,#224,.T.);
#519=EDGE_CURVE('',#421,#421,#366,.T.);
#520=EDGE_CURVE('',#422,#422,#367,.T.);
#521=EDGE_CURVE('',#423,#423,#368,.T.);
#522=EDGE_CURVE('',#424,#424,#369,.T.);
#523=EDGE_CURVE('',#400,#425,#225,.T.);
#524=EDGE_CURVE('',#403,#425,#226,.T.);
#525=EDGE_CURVE('',#425,#426,#370,.T.);
#526=EDGE_CURVE('',#426,#404,#227,.T.);
#527=EDGE_CURVE('',#427,#428,#371,.T.);
#528=EDGE_CURVE('',#428,#408,#228,.T.);
#529=EDGE_CURVE('',#407,#427,#229,.T.);
#530=EDGE_CURVE('',#429,#428,#230,.T.);
#531=EDGE_CURVE('',#409,#429,#231,.T.);
#532=EDGE_CURVE('',#429,#430,#372,.T.);
#533=EDGE_CURVE('',#430,#410,#232,.T.);
#534=EDGE_CURVE('',#424,#431,#373,.T.);
#535=EDGE_CURVE('',#431,#432,#374,.T.);
#536=EDGE_CURVE('',#432,#431,#375,.T.);
#537=EDGE_CURVE('',#432,#433,#233,.T.);
#538=EDGE_CURVE('',#433,#433,#376,.T.);
#539=EDGE_CURVE('',#421,#434,#377,.T.);
#540=EDGE_CURVE('',#434,#435,#378,.T.);
#541=EDGE_CURVE('',#435,#434,#379,.T.);
#542=EDGE_CURVE('',#435,#436,#234,.T.);
#543=EDGE_CURVE('',#436,#436,#380,.T.);
#544=EDGE_CURVE('',#437,#438,#381,.T.);
#545=EDGE_CURVE('',#438,#419,#235,.T.);
#546=EDGE_CURVE('',#418,#437,#236,.T.);
#547=EDGE_CURVE('',#438,#439,#237,.T.);
#548=EDGE_CURVE('',#440,#439,#29,.T.);
#549=EDGE_CURVE('',#440,#441,#30,.T.);
#550=EDGE_CURVE('',#442,#441,#31,.T.);
#551=EDGE_CURVE('',#442,#443,#238,.T.);
#552=EDGE_CURVE('',#444,#443,#32,.T.);
#553=EDGE_CURVE('',#444,#445,#33,.T.);
#554=EDGE_CURVE('',#446,#445,#34,.T.);
#555=EDGE_CURVE('',#446,#447,#239,.T.);
#556=EDGE_CURVE('',#412,#447,#240,.T.);
#557=EDGE_CURVE('',#411,#448,#241,.T.);
#558=EDGE_CURVE('',#448,#449,#242,.T.);
#559=EDGE_CURVE('',#449,#406,#243,.T.);
#560=EDGE_CURVE('',#405,#450,#244,.T.);
#561=EDGE_CURVE('',#450,#451,#245,.T.);
#562=EDGE_CURVE('',#451,#420,#246,.T.);
#563=EDGE_CURVE('',#452,#452,#382,.T.);
#564=EDGE_CURVE('',#447,#453,#383,.T.);
#565=EDGE_CURVE('',#453,#413,#247,.T.);
#566=EDGE_CURVE('',#414,#454,#248,.T.);
#567=EDGE_CURVE('',#454,#455,#384,.T.);
#568=EDGE_CURVE('',#455,#415,#249,.T.);
#569=EDGE_CURVE('',#456,#455,#250,.T.);
#570=EDGE_CURVE('',#457,#456,#35,.T.);
#571=EDGE_CURVE('',#458,#457,#36,.T.);
#572=EDGE_CURVE('',#459,#458,#37,.T.);
#573=EDGE_CURVE('',#460,#459,#251,.T.);
#574=EDGE_CURVE('',#461,#460,#385,.T.);
#575=EDGE_CURVE('',#461,#462,#252,.T.);
#576=EDGE_CURVE('',#462,#463,#253,.T.);
#577=EDGE_CURVE('',#463,#464,#254,.T.);
#578=EDGE_CURVE('',#465,#464,#386,.T.);
#579=EDGE_CURVE('',#466,#465,#255,.T.);
#580=EDGE_CURVE('',#467,#466,#38,.T.);
#581=EDGE_CURVE('',#468,#467,#39,.T.);
#582=EDGE_CURVE('',#469,#468,#40,.T.);
#583=EDGE_CURVE('',#470,#469,#256,.T.);
#584=EDGE_CURVE('',#416,#470,#257,.T.);
#585=EDGE_CURVE('',#470,#471,#387,.T.);
#586=EDGE_CURVE('',#471,#417,#258,.T.);
#587=EDGE_CURVE('',#471,#437,#259,.T.);
#588=EDGE_CURVE('',#439,#469,#41,.T.);
#589=EDGE_CURVE('',#466,#442,#42,.T.);
#590=EDGE_CURVE('',#441,#472,#43,.T.);
#591=EDGE_CURVE('',#472,#467,#44,.T.);
#592=EDGE_CURVE('',#472,#473,#45,.T.);
#593=EDGE_CURVE('',#473,#468,#46,.T.);
#594=EDGE_CURVE('',#473,#440,#47,.T.);
#595=EDGE_CURVE('',#474,#465,#260,.T.);
#596=EDGE_CURVE('',#464,#475,#261,.T.);
#597=EDGE_CURVE('',#475,#476,#388,.T.);
#598=EDGE_CURVE('',#476,#474,#16,.T.);
#599=EDGE_CURVE('',#477,#461,#262,.T.);
#600=EDGE_CURVE('',#460,#478,#263,.T.);
#601=EDGE_CURVE('',#478,#479,#17,.T.);
#602=EDGE_CURVE('',#479,#477,#389,.T.);
#603=EDGE_CURVE('',#476,#479,#264,.T.);
#604=EDGE_CURVE('',#478,#474,#265,.T.);
#605=EDGE_CURVE('',#463,#480,#266,.T.);
#606=EDGE_CURVE('',#480,#475,#267,.T.);
#607=EDGE_CURVE('',#481,#482,#18,.T.);
#608=EDGE_CURVE('',#482,#481,#268,.T.);
#609=EDGE_CURVE('',#443,#459,#48,.T.);
#610=EDGE_CURVE('',#483,#483,#390,.T.);
#611=EDGE_CURVE('',#484,#484,#391,.T.);
#612=EDGE_CURVE('',#485,#444,#49,.T.);
#613=EDGE_CURVE('',#458,#485,#50,.T.);
#614=EDGE_CURVE('',#456,#446,#51,.T.);
#615=EDGE_CURVE('',#445,#486,#52,.T.);
#616=EDGE_CURVE('',#486,#457,#53,.T.);
#617=EDGE_CURVE('',#486,#485,#54,.T.);
#618=EDGE_CURVE('',#423,#487,#269,.T.);
#619=EDGE_CURVE('',#487,#487,#392,.T.);
#620=EDGE_CURVE('',#451,#399,#270,.T.);
#621=EDGE_CURVE('',#426,#450,#271,.T.);
#622=EDGE_CURVE('',#422,#488,#272,.T.);
#623=EDGE_CURVE('',#488,#488,#393,.T.);
#624=EDGE_CURVE('',#448,#430,#273,.T.);
#625=EDGE_CURVE('',#427,#449,#274,.T.);
#626=EDGE_CURVE('',#489,#490,#275,.T.);
#627=EDGE_CURVE('',#490,#489,#394,.T.);
#628=EDGE_CURVE('',#484,#491,#276,.T.);
#629=EDGE_CURVE('',#490,#491,#19,.T.);
#630=EDGE_CURVE('',#491,#489,#20,.T.);
#631=EDGE_CURVE('',#492,#482,#395,.T.);
#632=EDGE_CURVE('',#481,#492,#396,.T.);
#633=EDGE_CURVE('',#483,#492,#277,.T.);
#634=EDGE_CURVE('',#493,#493,#397,.T.);
#635=EDGE_CURVE('',#493,#494,#278,.T.);
#636=EDGE_CURVE('',#494,#494,#398,.T.);
#637=EDGE_CURVE('',#494,#452,#279,.T.);
#638=EDGE_CURVE('',#454,#453,#280,.T.);
#639=EDGE_CURVE('',#462,#495,#281,.T.);
#640=EDGE_CURVE('',#495,#480,#282,.T.);
#641=EDGE_CURVE('',#477,#495,#283,.T.);
#642=ORIENTED_EDGE('',*,*,#496,.T.);
#643=ORIENTED_EDGE('',*,*,#497,.T.);
#644=ORIENTED_EDGE('',*,*,#498,.T.);
#645=ORIENTED_EDGE('',*,*,#499,.T.);
#646=ORIENTED_EDGE('',*,*,#498,.F.);
#647=ORIENTED_EDGE('',*,*,#500,.T.);
#648=ORIENTED_EDGE('',*,*,#501,.F.);
#649=ORIENTED_EDGE('',*,*,#502,.T.);
#650=ORIENTED_EDGE('',*,*,#503,.F.);
#651=ORIENTED_EDGE('',*,*,#504,.F.);
#652=ORIENTED_EDGE('',*,*,#505,.F.);
#653=ORIENTED_EDGE('',*,*,#506,.F.);
#654=ORIENTED_EDGE('',*,*,#507,.F.);
#655=ORIENTED_EDGE('',*,*,#508,.F.);
#656=ORIENTED_EDGE('',*,*,#509,.F.);
#657=ORIENTED_EDGE('',*,*,#510,.F.);
#658=ORIENTED_EDGE('',*,*,#511,.F.);
#659=ORIENTED_EDGE('',*,*,#512,.F.);
#660=ORIENTED_EDGE('',*,*,#513,.T.);
#661=ORIENTED_EDGE('',*,*,#514,.F.);
#662=ORIENTED_EDGE('',*,*,#515,.T.);
#663=ORIENTED_EDGE('',*,*,#516,.F.);
#664=ORIENTED_EDGE('',*,*,#517,.F.);
#665=ORIENTED_EDGE('',*,*,#518,.T.);
#666=ORIENTED_EDGE('',*,*,#519,.F.);
#667=ORIENTED_EDGE('',*,*,#520,.T.);
#668=ORIENTED_EDGE('',*,*,#521,.T.);
#669=ORIENTED_EDGE('',*,*,#522,.F.);
#670=ORIENTED_EDGE('',*,*,#497,.F.);
#671=ORIENTED_EDGE('',*,*,#523,.T.);
#672=ORIENTED_EDGE('',*,*,#524,.F.);
#673=ORIENTED_EDGE('',*,*,#500,.F.);
#674=ORIENTED_EDGE('',*,*,#525,.T.);
#675=ORIENTED_EDGE('',*,*,#526,.T.);
#676=ORIENTED_EDGE('',*,*,#501,.T.);
#677=ORIENTED_EDGE('',*,*,#524,.T.);
#678=ORIENTED_EDGE('',*,*,#527,.T.);
#679=ORIENTED_EDGE('',*,*,#528,.T.);
#680=ORIENTED_EDGE('',*,*,#505,.T.);
#681=ORIENTED_EDGE('',*,*,#529,.T.);
#682=ORIENTED_EDGE('',*,*,#528,.F.);
#683=ORIENTED_EDGE('',*,*,#530,.F.);
#684=ORIENTED_EDGE('',*,*,#531,.F.);
#685=ORIENTED_EDGE('',*,*,#506,.T.);
#686=ORIENTED_EDGE('',*,*,#532,.T.);
#687=ORIENTED_EDGE('',*,*,#533,.T.);
#688=ORIENTED_EDGE('',*,*,#507,.T.);
#689=ORIENTED_EDGE('',*,*,#531,.T.);
#690=ORIENTED_EDGE('',*,*,#522,.T.);
#691=ORIENTED_EDGE('',*,*,#534,.T.);
#692=ORIENTED_EDGE('',*,*,#535,.T.);
#693=ORIENTED_EDGE('',*,*,#536,.T.);
#694=ORIENTED_EDGE('',*,*,#534,.F.);
#695=ORIENTED_EDGE('',*,*,#536,.F.);
#696=ORIENTED_EDGE('',*,*,#537,.T.);
#697=ORIENTED_EDGE('',*,*,#538,.F.);
#698=ORIENTED_EDGE('',*,*,#537,.F.);
#699=ORIENTED_EDGE('',*,*,#535,.F.);
#700=ORIENTED_EDGE('',*,*,#519,.T.);
#701=ORIENTED_EDGE('',*,*,#539,.T.);
#702=ORIENTED_EDGE('',*,*,#540,.T.);
#703=ORIENTED_EDGE('',*,*,#541,.T.);
#704=ORIENTED_EDGE('',*,*,#539,.F.);
#705=ORIENTED_EDGE('',*,*,#541,.F.);
#706=ORIENTED_EDGE('',*,*,#542,.T.);
#707=ORIENTED_EDGE('',*,*,#543,.F.);
#708=ORIENTED_EDGE('',*,*,#542,.F.);
#709=ORIENTED_EDGE('',*,*,#540,.F.);
#710=ORIENTED_EDGE('',*,*,#544,.T.);
#711=ORIENTED_EDGE('',*,*,#545,.T.);
#712=ORIENTED_EDGE('',*,*,#516,.T.);
#713=ORIENTED_EDGE('',*,*,#546,.T.);
#714=ORIENTED_EDGE('',*,*,#545,.F.);
#715=ORIENTED_EDGE('',*,*,#547,.T.);
#716=ORIENTED_EDGE('',*,*,#548,.F.);
#717=ORIENTED_EDGE('',*,*,#549,.T.);
#718=ORIENTED_EDGE('',*,*,#550,.F.);
#719=ORIENTED_EDGE('',*,*,#551,.T.);
#720=ORIENTED_EDGE('',*,*,#552,.F.);
#721=ORIENTED_EDGE('',*,*,#553,.T.);
#722=ORIENTED_EDGE('',*,*,#554,.F.);
#723=ORIENTED_EDGE('',*,*,#555,.T.);
#724=ORIENTED_EDGE('',*,*,#556,.F.);
#725=ORIENTED_EDGE('',*,*,#509,.T.);
#726=ORIENTED_EDGE('',*,*,#557,.T.);
#727=ORIENTED_EDGE('',*,*,#558,.T.);
#728=ORIENTED_EDGE('',*,*,#559,.T.);
#729=ORIENTED_EDGE('',*,*,#503,.T.);
#730=ORIENTED_EDGE('',*,*,#560,.T.);
#731=ORIENTED_EDGE('',*,*,#561,.T.);
#732=ORIENTED_EDGE('',*,*,#562,.T.);
#733=ORIENTED_EDGE('',*,*,#517,.T.);
#734=ORIENTED_EDGE('',*,*,#563,.T.);
#735=ORIENTED_EDGE('',*,*,#510,.T.);
#736=ORIENTED_EDGE('',*,*,#556,.T.);
#737=ORIENTED_EDGE('',*,*,#564,.T.);
#738=ORIENTED_EDGE('',*,*,#565,.T.);
#739=ORIENTED_EDGE('',*,*,#512,.T.);
#740=ORIENTED_EDGE('',*,*,#566,.T.);
#741=ORIENTED_EDGE('',*,*,#567,.T.);
#742=ORIENTED_EDGE('',*,*,#568,.T.);
#743=ORIENTED_EDGE('',*,*,#568,.F.);
#744=ORIENTED_EDGE('',*,*,#569,.F.);
#745=ORIENTED_EDGE('',*,*,#570,.F.);
#746=ORIENTED_EDGE('',*,*,#571,.F.);
#747=ORIENTED_EDGE('',*,*,#572,.F.);
#748=ORIENTED_EDGE('',*,*,#573,.F.);
#749=ORIENTED_EDGE('',*,*,#574,.F.);
#750=ORIENTED_EDGE('',*,*,#575,.T.);
#751=ORIENTED_EDGE('',*,*,#576,.T.);
#752=ORIENTED_EDGE('',*,*,#577,.T.);
#753=ORIENTED_EDGE('',*,*,#578,.F.);
#754=ORIENTED_EDGE('',*,*,#579,.F.);
#755=ORIENTED_EDGE('',*,*,#580,.F.);
#756=ORIENTED_EDGE('',*,*,#581,.F.);
#757=ORIENTED_EDGE('',*,*,#582,.F.);
#758=ORIENTED_EDGE('',*,*,#583,.F.);
#759=ORIENTED_EDGE('',*,*,#584,.F.);
#760=ORIENTED_EDGE('',*,*,#513,.F.);
#761=ORIENTED_EDGE('',*,*,#585,.T.);
#762=ORIENTED_EDGE('',*,*,#586,.T.);
#763=ORIENTED_EDGE('',*,*,#514,.T.);
#764=ORIENTED_EDGE('',*,*,#584,.T.);
#765=ORIENTED_EDGE('',*,*,#544,.F.);
#766=ORIENTED_EDGE('',*,*,#587,.F.);
#767=ORIENTED_EDGE('',*,*,#585,.F.);
#768=ORIENTED_EDGE('',*,*,#583,.T.);
#769=ORIENTED_EDGE('',*,*,#588,.F.);
#770=ORIENTED_EDGE('',*,*,#547,.F.);
#771=ORIENTED_EDGE('',*,*,#543,.T.);
#772=ORIENTED_EDGE('',*,*,#589,.T.);
#773=ORIENTED_EDGE('',*,*,#550,.T.);
#774=ORIENTED_EDGE('',*,*,#590,.T.);
#775=ORIENTED_EDGE('',*,*,#591,.T.);
#776=ORIENTED_EDGE('',*,*,#580,.T.);
#777=ORIENTED_EDGE('',*,*,#581,.T.);
#778=ORIENTED_EDGE('',*,*,#591,.F.);
#779=ORIENTED_EDGE('',*,*,#592,.T.);
#780=ORIENTED_EDGE('',*,*,#593,.T.);
#781=ORIENTED_EDGE('',*,*,#594,.T.);
#782=ORIENTED_EDGE('',*,*,#548,.T.);
#783=ORIENTED_EDGE('',*,*,#588,.T.);
#784=ORIENTED_EDGE('',*,*,#582,.T.);
#785=ORIENTED_EDGE('',*,*,#593,.F.);
#786=ORIENTED_EDGE('',*,*,#595,.T.);
#787=ORIENTED_EDGE('',*,*,#578,.T.);
#788=ORIENTED_EDGE('',*,*,#596,.T.);
#789=ORIENTED_EDGE('',*,*,#597,.T.);
#790=ORIENTED_EDGE('',*,*,#598,.T.);
#791=ORIENTED_EDGE('',*,*,#599,.T.);
#792=ORIENTED_EDGE('',*,*,#574,.T.);
#793=ORIENTED_EDGE('',*,*,#600,.T.);
#794=ORIENTED_EDGE('',*,*,#601,.T.);
#795=ORIENTED_EDGE('',*,*,#602,.T.);
#796=ORIENTED_EDGE('',*,*,#603,.T.);
#797=ORIENTED_EDGE('',*,*,#601,.F.);
#798=ORIENTED_EDGE('',*,*,#604,.T.);
#799=ORIENTED_EDGE('',*,*,#598,.F.);
#800=ORIENTED_EDGE('',*,*,#596,.F.);
#801=ORIENTED_EDGE('',*,*,#577,.F.);
#802=ORIENTED_EDGE('',*,*,#605,.T.);
#803=ORIENTED_EDGE('',*,*,#606,.T.);
#804=ORIENTED_EDGE('',*,*,#607,.T.);
#805=ORIENTED_EDGE('',*,*,#608,.T.);
#806=ORIENTED_EDGE('',*,*,#589,.F.);
#807=ORIENTED_EDGE('',*,*,#579,.T.);
#808=ORIENTED_EDGE('',*,*,#595,.F.);
#809=ORIENTED_EDGE('',*,*,#604,.F.);
#810=ORIENTED_EDGE('',*,*,#600,.F.);
#811=ORIENTED_EDGE('',*,*,#573,.T.);
#812=ORIENTED_EDGE('',*,*,#609,.F.);
#813=ORIENTED_EDGE('',*,*,#551,.F.);
#814=ORIENTED_EDGE('',*,*,#610,.T.);
#815=ORIENTED_EDGE('',*,*,#611,.T.);
#816=ORIENTED_EDGE('',*,*,#612,.T.);
#817=ORIENTED_EDGE('',*,*,#552,.T.);
#818=ORIENTED_EDGE('',*,*,#609,.T.);
#819=ORIENTED_EDGE('',*,*,#572,.T.);
#820=ORIENTED_EDGE('',*,*,#613,.T.);
#821=ORIENTED_EDGE('',*,*,#614,.T.);
#822=ORIENTED_EDGE('',*,*,#554,.T.);
#823=ORIENTED_EDGE('',*,*,#615,.T.);
#824=ORIENTED_EDGE('',*,*,#616,.T.);
#825=ORIENTED_EDGE('',*,*,#570,.T.);
#826=ORIENTED_EDGE('',*,*,#571,.T.);
#827=ORIENTED_EDGE('',*,*,#616,.F.);
#828=ORIENTED_EDGE('',*,*,#617,.T.);
#829=ORIENTED_EDGE('',*,*,#613,.F.);
#830=ORIENTED_EDGE('',*,*,#612,.F.);
#831=ORIENTED_EDGE('',*,*,#617,.F.);
#832=ORIENTED_EDGE('',*,*,#615,.F.);
#833=ORIENTED_EDGE('',*,*,#553,.F.);
#834=ORIENTED_EDGE('',*,*,#521,.F.);
#835=ORIENTED_EDGE('',*,*,#618,.T.);
#836=ORIENTED_EDGE('',*,*,#619,.F.);
#837=ORIENTED_EDGE('',*,*,#618,.F.);
#838=ORIENTED_EDGE('',*,*,#619,.T.);
#839=ORIENTED_EDGE('',*,*,#499,.F.);
#840=ORIENTED_EDGE('',*,*,#518,.F.);
#841=ORIENTED_EDGE('',*,*,#562,.F.);
#842=ORIENTED_EDGE('',*,*,#620,.T.);
#843=ORIENTED_EDGE('',*,*,#526,.F.);
#844=ORIENTED_EDGE('',*,*,#621,.T.);
#845=ORIENTED_EDGE('',*,*,#560,.F.);
#846=ORIENTED_EDGE('',*,*,#502,.F.);
#847=ORIENTED_EDGE('',*,*,#496,.F.);
#848=ORIENTED_EDGE('',*,*,#620,.F.);
#849=ORIENTED_EDGE('',*,*,#561,.F.);
#850=ORIENTED_EDGE('',*,*,#621,.F.);
#851=ORIENTED_EDGE('',*,*,#525,.F.);
#852=ORIENTED_EDGE('',*,*,#523,.F.);
#853=ORIENTED_EDGE('',*,*,#520,.F.);
#854=ORIENTED_EDGE('',*,*,#622,.T.);
#855=ORIENTED_EDGE('',*,*,#623,.T.);
#856=ORIENTED_EDGE('',*,*,#622,.F.);
#857=ORIENTED_EDGE('',*,*,#623,.F.);
#858=ORIENTED_EDGE('',*,*,#533,.F.);
#859=ORIENTED_EDGE('',*,*,#624,.F.);
#860=ORIENTED_EDGE('',*,*,#557,.F.);
#861=ORIENTED_EDGE('',*,*,#508,.T.);
#862=ORIENTED_EDGE('',*,*,#529,.F.);
#863=ORIENTED_EDGE('',*,*,#504,.T.);
#864=ORIENTED_EDGE('',*,*,#559,.F.);
#865=ORIENTED_EDGE('',*,*,#625,.F.);
#866=ORIENTED_EDGE('',*,*,#527,.F.);
#867=ORIENTED_EDGE('',*,*,#625,.T.);
#868=ORIENTED_EDGE('',*,*,#558,.F.);
#869=ORIENTED_EDGE('',*,*,#624,.T.);
#870=ORIENTED_EDGE('',*,*,#532,.F.);
#871=ORIENTED_EDGE('',*,*,#530,.T.);
#872=ORIENTED_EDGE('',*,*,#626,.F.);
#873=ORIENTED_EDGE('',*,*,#627,.F.);
#874=ORIENTED_EDGE('',*,*,#611,.F.);
#875=ORIENTED_EDGE('',*,*,#628,.T.);
#876=ORIENTED_EDGE('',*,*,#629,.F.);
#877=ORIENTED_EDGE('',*,*,#627,.T.);
#878=ORIENTED_EDGE('',*,*,#630,.F.);
#879=ORIENTED_EDGE('',*,*,#628,.F.);
#880=ORIENTED_EDGE('',*,*,#608,.F.);
#881=ORIENTED_EDGE('',*,*,#631,.F.);
#882=ORIENTED_EDGE('',*,*,#632,.F.);
#883=ORIENTED_EDGE('',*,*,#610,.F.);
#884=ORIENTED_EDGE('',*,*,#633,.T.);
#885=ORIENTED_EDGE('',*,*,#631,.T.);
#886=ORIENTED_EDGE('',*,*,#607,.F.);
#887=ORIENTED_EDGE('',*,*,#632,.T.);
#888=ORIENTED_EDGE('',*,*,#633,.F.);
#889=ORIENTED_EDGE('',*,*,#634,.F.);
#890=ORIENTED_EDGE('',*,*,#635,.T.);
#891=ORIENTED_EDGE('',*,*,#636,.T.);
#892=ORIENTED_EDGE('',*,*,#635,.F.);
#893=ORIENTED_EDGE('',*,*,#636,.F.);
#894=ORIENTED_EDGE('',*,*,#637,.T.);
#895=ORIENTED_EDGE('',*,*,#563,.F.);
#896=ORIENTED_EDGE('',*,*,#637,.F.);
#897=ORIENTED_EDGE('',*,*,#564,.F.);
#898=ORIENTED_EDGE('',*,*,#555,.F.);
#899=ORIENTED_EDGE('',*,*,#614,.F.);
#900=ORIENTED_EDGE('',*,*,#569,.T.);
#901=ORIENTED_EDGE('',*,*,#567,.F.);
#902=ORIENTED_EDGE('',*,*,#638,.T.);
#903=ORIENTED_EDGE('',*,*,#538,.T.);
#904=ORIENTED_EDGE('',*,*,#590,.F.);
#905=ORIENTED_EDGE('',*,*,#549,.F.);
#906=ORIENTED_EDGE('',*,*,#594,.F.);
#907=ORIENTED_EDGE('',*,*,#592,.F.);
#908=ORIENTED_EDGE('',*,*,#576,.F.);
#909=ORIENTED_EDGE('',*,*,#639,.T.);
#910=ORIENTED_EDGE('',*,*,#640,.T.);
#911=ORIENTED_EDGE('',*,*,#605,.F.);
#912=ORIENTED_EDGE('',*,*,#599,.F.);
#913=ORIENTED_EDGE('',*,*,#641,.T.);
#914=ORIENTED_EDGE('',*,*,#639,.F.);
#915=ORIENTED_EDGE('',*,*,#575,.F.);
#916=ORIENTED_EDGE('',*,*,#629,.T.);
#917=ORIENTED_EDGE('',*,*,#630,.T.);
#918=ORIENTED_EDGE('',*,*,#626,.T.);
#919=ORIENTED_EDGE('',*,*,#603,.F.);
#920=ORIENTED_EDGE('',*,*,#597,.F.);
#921=ORIENTED_EDGE('',*,*,#606,.F.);
#922=ORIENTED_EDGE('',*,*,#640,.F.);
#923=ORIENTED_EDGE('',*,*,#641,.F.);
#924=ORIENTED_EDGE('',*,*,#602,.F.);
#925=ORIENTED_EDGE('',*,*,#634,.T.);
#926=ORIENTED_EDGE('',*,*,#565,.F.);
#927=ORIENTED_EDGE('',*,*,#638,.F.);
#928=ORIENTED_EDGE('',*,*,#566,.F.);
#929=ORIENTED_EDGE('',*,*,#511,.T.);
#930=ORIENTED_EDGE('',*,*,#546,.F.);
#931=ORIENTED_EDGE('',*,*,#515,.F.);
#932=ORIENTED_EDGE('',*,*,#586,.F.);
#933=ORIENTED_EDGE('',*,*,#587,.T.);
#934=CYLINDRICAL_SURFACE('',#1019,0.5);
#935=CYLINDRICAL_SURFACE('',#1035,0.5);
#936=CYLINDRICAL_SURFACE('',#1037,0.5);
#937=CYLINDRICAL_SURFACE('',#1040,0.5);
#938=CYLINDRICAL_SURFACE('',#1046,2.525);
#939=CYLINDRICAL_SURFACE('',#1052,2.525);
#940=CYLINDRICAL_SURFACE('',#1054,2.);
#941=CYLINDRICAL_SURFACE('',#1058,2.);
#942=CYLINDRICAL_SURFACE('',#1060,2.);
#943=CYLINDRICAL_SURFACE('',#1065,2.);
#944=CYLINDRICAL_SURFACE('',#1068,1.);
#945=CYLINDRICAL_SURFACE('',#1071,1.);
#946=CYLINDRICAL_SURFACE('',#1074,1.);
#947=CYLINDRICAL_SURFACE('',#1080,3.2);
#948=CYLINDRICAL_SURFACE('',#1086,3.2);
#949=CYLINDRICAL_SURFACE('',#1094,2.4);
#950=CYLINDRICAL_SURFACE('',#1100,2.4);
#951=CYLINDRICAL_SURFACE('',#1104,1.5);
#952=ADVANCED_FACE('',(#93),#934,.T.);
#953=ADVANCED_FACE('',(#94,#57,#58,#59,#60),#69,.T.);
#954=ADVANCED_FACE('',(#95),#70,.F.);
#955=ADVANCED_FACE('',(#96),#935,.T.);
#956=ADVANCED_FACE('',(#97),#936,.T.);
#957=ADVANCED_FACE('',(#98),#71,.T.);
#958=ADVANCED_FACE('',(#99),#937,.T.);
#959=ADVANCED_FACE('',(#100),#55,.T.);
#960=ADVANCED_FACE('',(#101),#938,.F.);
#961=ADVANCED_FACE('',(#102),#56,.T.);
#962=ADVANCED_FACE('',(#103),#939,.F.);
#963=ADVANCED_FACE('',(#104),#940,.T.);
#964=ADVANCED_FACE('',(#105,#61),#72,.T.);
#965=ADVANCED_FACE('',(#106),#941,.T.);
#966=ADVANCED_FACE('',(#107),#942,.T.);
#967=ADVANCED_FACE('',(#108),#73,.F.);
#968=ADVANCED_FACE('',(#109),#943,.T.);
#969=ADVANCED_FACE('',(#110,#62),#74,.T.);
#970=ADVANCED_FACE('',(#111),#21,.F.);
#971=ADVANCED_FACE('',(#112),#22,.F.);
#972=ADVANCED_FACE('',(#113),#23,.F.);
#973=ADVANCED_FACE('',(#114),#944,.T.);
#974=ADVANCED_FACE('',(#115),#945,.T.);
#975=ADVANCED_FACE('',(#116),#946,.T.);
#976=ADVANCED_FACE('',(#117,#63),#75,.F.);
#977=ADVANCED_FACE('',(#118,#64,#65),#76,.T.);
#978=ADVANCED_FACE('',(#119),#24,.F.);
#979=ADVANCED_FACE('',(#120),#25,.F.);
#980=ADVANCED_FACE('',(#121),#26,.F.);
#981=ADVANCED_FACE('',(#122),#27,.T.);
#982=ADVANCED_FACE('',(#123),#947,.F.);
#983=ADVANCED_FACE('',(#124),#77,.F.);
#984=ADVANCED_FACE('',(#125),#78,.F.);
#985=ADVANCED_FACE('',(#126),#79,.F.);
#986=ADVANCED_FACE('',(#127),#80,.F.);
#987=ADVANCED_FACE('',(#128),#948,.F.);
#988=ADVANCED_FACE('',(#129),#81,.T.);
#989=ADVANCED_FACE('',(#130),#82,.T.);
#990=ADVANCED_FACE('',(#131),#83,.T.);
#991=ADVANCED_FACE('',(#132),#84,.T.);
#992=ADVANCED_FACE('',(#133),#85,.T.);
#993=ADVANCED_FACE('',(#134),#949,.F.);
#994=ADVANCED_FACE('',(#135),#86,.T.);
#995=ADVANCED_FACE('',(#136),#950,.F.);
#996=ADVANCED_FACE('',(#137),#15,.F.);
#997=ADVANCED_FACE('',(#138),#951,.F.);
#998=ADVANCED_FACE('',(#139,#66),#87,.T.);
#999=ADVANCED_FACE('',(#140),#28,.T.);
#1000=ADVANCED_FACE('',(#141),#88,.F.);
#1001=ADVANCED_FACE('',(#142,#67),#89,.F.);
#1002=ADVANCED_FACE('',(#143,#68),#90,.F.);
#1003=ADVANCED_FACE('',(#144),#91,.T.);
#1004=ADVANCED_FACE('',(#145),#92,.T.);
#1005=CLOSED_SHELL('',(#952,#953,#954,#955,#956,#957,#958,#959,#960,#961,
#962,#963,#964,#965,#966,#967,#968,#969,#970,#971,#972,#973,#974,#975,#976,
#977,#978,#979,#980,#981,#982,#983,#984,#985,#986,#987,#988,#989,#990,#991,
#992,#993,#994,#995,#996,#997,#998,#999,#1000,#1001,#1002,#1003,#1004));
#1006=DERIVED_UNIT_ELEMENT(#1008,1.);
#1007=DERIVED_UNIT_ELEMENT(#2486,-3.);
#1008=(
MASS_UNIT()
NAMED_UNIT(*)
SI_UNIT(.KILO.,.GRAM.)
);
#1009=DERIVED_UNIT((#1006,#1007));
#1010=MEASURE_REPRESENTATION_ITEM('density measure',
POSITIVE_RATIO_MEASURE(7850.),#1009);
#1011=PROPERTY_DEFINITION_REPRESENTATION(#1016,#1013);
#1012=PROPERTY_DEFINITION_REPRESENTATION(#1017,#1014);
#1013=REPRESENTATION('material name',(#1015),#2483);
#1014=REPRESENTATION('density',(#1010),#2483);
#1015=DESCRIPTIVE_REPRESENTATION_ITEM('Steel','Steel');
#1016=PROPERTY_DEFINITION('material property','material name',#2493);
#1017=PROPERTY_DEFINITION('material property','density of part',#2493);
#1018=AXIS2_PLACEMENT_3D('',#1370,#1111,#1112);
#1019=AXIS2_PLACEMENT_3D('',#1371,#1113,#1114);
#1020=AXIS2_PLACEMENT_3D('',#1374,#1115,#1116);
#1021=AXIS2_PLACEMENT_3D('',#1378,#1118,#1119);
#1022=AXIS2_PLACEMENT_3D('',#1380,#1121,#1122);
#1023=AXIS2_PLACEMENT_3D('',#1384,#1124,#1125);
#1024=AXIS2_PLACEMENT_3D('',#1392,#1129,#1130);
#1025=AXIS2_PLACEMENT_3D('',#1396,#1132,#1133);
#1026=AXIS2_PLACEMENT_3D('',#1402,#1136,#1137);
#1027=AXIS2_PLACEMENT_3D('',#1406,#1139,#1140);
#1028=AXIS2_PLACEMENT_3D('',#1410,#1142,#1143);
#1029=AXIS2_PLACEMENT_3D('',#1414,#1145,#1146);
#1030=AXIS2_PLACEMENT_3D('',#1419,#1149,#1150);
#1031=AXIS2_PLACEMENT_3D('',#1421,#1151,#1152);
#1032=AXIS2_PLACEMENT_3D('',#1423,#1153,#1154);
#1033=AXIS2_PLACEMENT_3D('',#1425,#1155,#1156);
#1034=AXIS2_PLACEMENT_3D('',#1426,#1157,#1158);
#1035=AXIS2_PLACEMENT_3D('',#1430,#1161,#1162);
#1036=AXIS2_PLACEMENT_3D('',#1432,#1163,#1164);
#1037=AXIS2_PLACEMENT_3D('',#1434,#1166,#1167);
#1038=AXIS2_PLACEMENT_3D('',#1437,#1168,#1169);
#1039=AXIS2_PLACEMENT_3D('',#1440,#1172,#1173);
#1040=AXIS2_PLACEMENT_3D('',#1444,#1176,#1177);
#1041=AXIS2_PLACEMENT_3D('',#1446,#1178,#1179);
#1042=AXIS2_PLACEMENT_3D('',#1448,#1181,#1182);
#1043=AXIS2_PLACEMENT_3D('',#1450,#1183,#1184);
#1044=AXIS2_PLACEMENT_3D('',#1452,#1185,#1186);
#1045=AXIS2_PLACEMENT_3D('',#1453,#1187,#1188);
#1046=AXIS2_PLACEMENT_3D('',#1454,#1189,#1190);
#1047=AXIS2_PLACEMENT_3D('',#1457,#1192,#1193);
#1048=AXIS2_PLACEMENT_3D('',#1458,#1194,#1195);
#1049=AXIS2_PLACEMENT_3D('',#1460,#1196,#1197);
#1050=AXIS2_PLACEMENT_3D('',#1462,#1198,#1199);
#1051=AXIS2_PLACEMENT_3D('',#1463,#1200,#1201);
#1052=AXIS2_PLACEMENT_3D('',#1464,#1202,#1203);
#1053=AXIS2_PLACEMENT_3D('',#1467,#1205,#1206);
#1054=AXIS2_PLACEMENT_3D('',#1468,#1207,#1208);
#1055=AXIS2_PLACEMENT_3D('',#1471,#1209,#1210);
#1056=AXIS2_PLACEMENT_3D('',#1474,#1213,#1214);
#1057=AXIS2_PLACEMENT_3D('',#1709,#1225,#1226);
#1058=AXIS2_PLACEMENT_3D('',#1710,#1227,#1228);
#1059=AXIS2_PLACEMENT_3D('',#1712,#1229,#1230);
#1060=AXIS2_PLACEMENT_3D('',#1714,#1232,#1233);
#1061=AXIS2_PLACEMENT_3D('',#1718,#1235,#1236);
#1062=AXIS2_PLACEMENT_3D('',#1720,#1238,#1239);
#1063=AXIS2_PLACEMENT_3D('',#1780,#1242,#1243);
#1064=AXIS2_PLACEMENT_3D('',#1788,#1247,#1248);
#1065=AXIS2_PLACEMENT_3D('',#1842,#1252,#1253);
#1066=AXIS2_PLACEMENT_3D('',#1844,#1254,#1255);
#1067=AXIS2_PLACEMENT_3D('',#1846,#1257,#1258);
#1068=AXIS2_PLACEMENT_3D('',#2081,#1260,#1261);
#1069=AXIS2_PLACEMENT_3D('',#2087,#1264,#1265);
#1070=AXIS2_PLACEMENT_3D('',#2088,#1266,#1267);
#1071=AXIS2_PLACEMENT_3D('',#2089,#1268,#1269);
#1072=AXIS2_PLACEMENT_3D('',#2095,#1272,#1273);
#1073=AXIS2_PLACEMENT_3D('',#2096,#1274,#1275);
#1074=AXIS2_PLACEMENT_3D('',#2097,#1276,#1277);
#1075=AXIS2_PLACEMENT_3D('',#2100,#1280,#1281);
#1076=AXIS2_PLACEMENT_3D('',#2106,#1284,#1285);
#1077=AXIS2_PLACEMENT_3D('',#2108,#1287,#1288);
#1078=AXIS2_PLACEMENT_3D('',#2114,#1289,#1290);
#1079=AXIS2_PLACEMENT_3D('',#2116,#1291,#1292);
#1080=AXIS2_PLACEMENT_3D('',#2386,#1293,#1294);
#1081=AXIS2_PLACEMENT_3D('',#2389,#1296,#1297);
#1082=AXIS2_PLACEMENT_3D('',#2390,#1298,#1299);
#1083=AXIS2_PLACEMENT_3D('',#2391,#1300,#1301);
#1084=AXIS2_PLACEMENT_3D('',#2393,#1303,#1304);
#1085=AXIS2_PLACEMENT_3D('',#2395,#1306,#1307);
#1086=AXIS2_PLACEMENT_3D('',#2396,#1308,#1309);
#1087=AXIS2_PLACEMENT_3D('',#2399,#1311,#1312);
#1088=AXIS2_PLACEMENT_3D('',#2400,#1313,#1314);
#1089=AXIS2_PLACEMENT_3D('',#2401,#1315,#1316);
#1090=AXIS2_PLACEMENT_3D('',#2403,#1318,#1319);
#1091=AXIS2_PLACEMENT_3D('',#2405,#1321,#1322);
#1092=AXIS2_PLACEMENT_3D('',#2406,#1323,#1324);
#1093=AXIS2_PLACEMENT_3D('',#2410,#1326,#1327);
#1094=AXIS2_PLACEMENT_3D('',#2411,#1328,#1329);
#1095=AXIS2_PLACEMENT_3D('',#2414,#1331,#1332);
#1096=AXIS2_PLACEMENT_3D('',#2415,#1333,#1334);
#1097=AXIS2_PLACEMENT_3D('',#2416,#1335,#1336);
#1098=AXIS2_PLACEMENT_3D('',#2418,#1337,#1338);
#1099=AXIS2_PLACEMENT_3D('',#2419,#1339,#1340);
#1100=AXIS2_PLACEMENT_3D('',#2420,#1341,#1342);
#1101=AXIS2_PLACEMENT_3D('',#2422,#1344,#1345);
#1102=AXIS2_PLACEMENT_3D('',#2424,#1346,#1347);
#1103=AXIS2_PLACEMENT_3D('',#2427,#1349,#1350);
#1104=AXIS2_PLACEMENT_3D('',#2428,#1351,#1352);
#1105=AXIS2_PLACEMENT_3D('',#2430,#1354,#1355);
#1106=AXIS2_PLACEMENT_3D('',#2472,#1357,#1358);
#1107=AXIS2_PLACEMENT_3D('',#2476,#1361,#1362);
#1108=AXIS2_PLACEMENT_3D('',#2478,#1364,#1365);
#1109=AXIS2_PLACEMENT_3D('',#2479,#1366,#1367);
#1110=AXIS2_PLACEMENT_3D('',#2480,#1368,#1369);
#1111=DIRECTION('axis',(0.,0.,1.));
#1112=DIRECTION('refdir',(1.,0.,0.));
#1113=DIRECTION('center_axis',(0.,-1.,0.));
#1114=DIRECTION('ref_axis',(-0.707106781186548,0.,0.707106781186547));
#1115=DIRECTION('center_axis',(0.,1.,0.));
#1116=DIRECTION('ref_axis',(-0.707106781186548,0.,0.707106781186547));
#1117=DIRECTION('',(0.,1.,0.));
#1118=DIRECTION('center_axis',(0.,-1.,0.));
#1119=DIRECTION('ref_axis',(-0.707106781186548,0.,0.707106781186547));
#1120=DIRECTION('',(0.,-1.,0.));
#1121=DIRECTION('center_axis',(0.,1.,0.));
#1122=DIRECTION('ref_axis',(-1.,0.,0.));
#1123=DIRECTION('',(1.,0.,0.));
#1124=DIRECTION('center_axis',(0.,-1.,0.));
#1125=DIRECTION('ref_axis',(0.707106781186551,0.,0.707106781186544));
#1126=DIRECTION('',(0.,0.,-1.));
#1127=DIRECTION('',(-1.,0.,0.));
#1128=DIRECTION('',(0.,0.,-1.));
#1129=DIRECTION('center_axis',(0.,-1.,0.));
#1130=DIRECTION('ref_axis',(-0.707106781186554,0.,0.707106781186541));
#1131=DIRECTION('',(-1.,0.,0.));
#1132=DIRECTION('center_axis',(0.,-1.,0.));
#1133=DIRECTION('ref_axis',(0.707106781186554,0.,0.707106781186541));
#1134=DIRECTION('',(0.,0.,1.));
#1135=DIRECTION('',(-1.,0.,0.));
#1136=DIRECTION('center_axis',(0.,-1.,0.));
#1137=DIRECTION('ref_axis',(0.707106781186546,0.,0.707106781186549));
#1138=DIRECTION('',(0.,0.,1.));
#1139=DIRECTION('center_axis',(0.,-1.,0.));
#1140=DIRECTION('ref_axis',(0.707106781186546,0.,-0.707106781186549));
#1141=DIRECTION('',(-1.,0.,0.));
#1142=DIRECTION('center_axis',(0.,-1.,0.));
#1143=DIRECTION('ref_axis',(-0.707106781186548,0.,-0.707106781186547));
#1144=DIRECTION('',(0.,0.,1.));
#1145=DIRECTION('center_axis',(0.,-1.,0.));
#1146=DIRECTION('ref_axis',(-0.707106781186547,0.,0.707106781186548));
#1147=DIRECTION('',(-1.,0.,0.));
#1148=DIRECTION('',(0.,0.,1.));
#1149=DIRECTION('center_axis',(0.,1.,0.));
#1150=DIRECTION('ref_axis',(-1.,0.,0.));
#1151=DIRECTION('center_axis',(0.,-1.,0.));
#1152=DIRECTION('ref_axis',(-1.,0.,0.));
#1153=DIRECTION('center_axis',(0.,-1.,0.));
#1154=DIRECTION('ref_axis',(1.,0.,0.));
#1155=DIRECTION('center_axis',(0.,1.,0.));
#1156=DIRECTION('ref_axis',(-1.,0.,0.));
#1157=DIRECTION('center_axis',(0.,0.,-1.));
#1158=DIRECTION('ref_axis',(1.,0.,0.));
#1159=DIRECTION('',(1.,0.,0.));
#1160=DIRECTION('',(0.,-1.,0.));
#1161=DIRECTION('center_axis',(0.,-1.,0.));
#1162=DIRECTION('ref_axis',(0.707106781186551,0.,0.707106781186544));
#1163=DIRECTION('center_axis',(0.,1.,0.));
#1164=DIRECTION('ref_axis',(0.707106781186551,0.,0.707106781186544));
#1165=DIRECTION('',(0.,1.,0.));
#1166=DIRECTION('center_axis',(0.,-1.,0.));
#1167=DIRECTION('ref_axis',(-0.707106781186554,0.,0.707106781186541));
#1168=DIRECTION('center_axis',(0.,1.,0.));
#1169=DIRECTION('ref_axis',(-0.707106781186554,0.,0.707106781186541));
#1170=DIRECTION('',(0.,1.,0.));
#1171=DIRECTION('',(0.,-1.,0.));
#1172=DIRECTION('center_axis',(0.,0.,1.));
#1173=DIRECTION('ref_axis',(-1.,0.,0.));
#1174=DIRECTION('',(-1.,0.,0.));
#1175=DIRECTION('',(0.,-1.,0.));
#1176=DIRECTION('center_axis',(0.,-1.,0.));
#1177=DIRECTION('ref_axis',(0.707106781186554,0.,0.707106781186541));
#1178=DIRECTION('center_axis',(0.,1.,0.));
#1179=DIRECTION('ref_axis',(0.707106781186554,0.,0.707106781186541));
#1180=DIRECTION('',(0.,1.,0.));
#1181=DIRECTION('center_axis',(0.,-1.,0.));
#1182=DIRECTION('ref_axis',(0.,0.,-1.));
#1183=DIRECTION('center_axis',(-1.,0.,0.));
#1184=DIRECTION('ref_axis',(0.,0.,1.));
#1185=DIRECTION('center_axis',(0.,-1.,0.));
#1186=DIRECTION('ref_axis',(-1.,0.,0.));
#1187=DIRECTION('center_axis',(0.,-1.,0.));
#1188=DIRECTION('ref_axis',(-1.,0.,0.));
#1189=DIRECTION('center_axis',(0.,-1.,0.));
#1190=DIRECTION('ref_axis',(-1.,0.,0.));
#1191=DIRECTION('',(0.,-1.,0.));
#1192=DIRECTION('center_axis',(0.,1.,0.));
#1193=DIRECTION('ref_axis',(-1.,0.,0.));
#1194=DIRECTION('center_axis',(0.,-1.,0.));
#1195=DIRECTION('ref_axis',(0.,0.,-1.));
#1196=DIRECTION('center_axis',(-1.,0.,-1.57478443209242E-16));
#1197=DIRECTION('ref_axis',(-1.57478443209242E-16,0.,1.));
#1198=DIRECTION('center_axis',(0.,-1.,0.));
#1199=DIRECTION('ref_axis',(-1.,0.,0.));
#1200=DIRECTION('center_axis',(0.,-1.,0.));
#1201=DIRECTION('ref_axis',(-1.,0.,0.));
#1202=DIRECTION('center_axis',(0.,-1.,0.));
#1203=DIRECTION('ref_axis',(-1.,0.,0.));
#1204=DIRECTION('',(0.,-1.,0.));
#1205=DIRECTION('center_axis',(0.,1.,0.));
#1206=DIRECTION('ref_axis',(-1.,0.,0.));
#1207=DIRECTION('center_axis',(6.12323399573677E-17,-1.,0.));
#1208=DIRECTION('ref_axis',(-0.707106781186547,0.,0.707106781186548));
#1209=DIRECTION('center_axis',(0.,1.,0.));
#1210=DIRECTION('ref_axis',(-0.707106781186547,0.,0.707106781186548));
#1211=DIRECTION('',(-6.12323399573677E-17,1.,0.));
#1212=DIRECTION('',(6.12323399573677E-17,-1.,0.));
#1213=DIRECTION('center_axis',(0.,0.,1.));
#1214=DIRECTION('ref_axis',(1.,0.,0.));
#1215=DIRECTION('',(1.,0.,0.));
#1216=DIRECTION('',(1.,0.,0.));
#1217=DIRECTION('',(1.,0.,0.));
#1218=DIRECTION('',(0.,-1.,0.));
#1219=DIRECTION('',(0.,-1.,0.));
#1220=DIRECTION('',(-1.,0.,0.));
#1221=DIRECTION('',(0.,1.,0.));
#1222=DIRECTION('',(0.,-1.,0.));
#1223=DIRECTION('',(-1.,0.,0.));
#1224=DIRECTION('',(0.,1.,0.));
#1225=DIRECTION('center_axis',(0.,0.,-1.));
#1226=DIRECTION('ref_axis',(0.,-1.,0.));
#1227=DIRECTION('center_axis',(0.,1.,0.));
#1228=DIRECTION('ref_axis',(0.707106781186546,0.,0.707106781186549));
#1229=DIRECTION('center_axis',(0.,1.,0.));
#1230=DIRECTION('ref_axis',(0.707106781186546,0.,0.707106781186549));
#1231=DIRECTION('',(0.,1.,0.));
#1232=DIRECTION('center_axis',(0.,1.,0.));
#1233=DIRECTION('ref_axis',(0.707106781186546,0.,-0.707106781186549));
#1234=DIRECTION('',(0.,-1.,0.));
#1235=DIRECTION('center_axis',(0.,1.,0.));
#1236=DIRECTION('ref_axis',(0.707106781186546,0.,-0.707106781186549));
#1237=DIRECTION('',(0.,1.,0.));
#1238=DIRECTION('center_axis',(0.,0.,1.));
#1239=DIRECTION('ref_axis',(1.,0.,0.));
#1240=DIRECTION('',(1.,0.,0.));
#1241=DIRECTION('',(1.,0.,0.));
#1242=DIRECTION('center_axis',(0.,0.,1.));
#1243=DIRECTION('ref_axis',(-0.88701083317822,-0.461748613235038,0.));
#1244=DIRECTION('',(0.573576436351035,0.819152044288999,0.));
#1245=DIRECTION('',(-1.,0.,0.));
#1246=DIRECTION('',(0.573576436351046,-0.819152044288992,0.));
#1247=DIRECTION('center_axis',(0.,0.,1.));
#1248=DIRECTION('ref_axis',(0.887010833178218,-0.461748613235041,0.));
#1249=DIRECTION('',(1.,0.,0.));
#1250=DIRECTION('',(1.,0.,0.));
#1251=DIRECTION('',(6.12323399573677E-17,-1.,0.));
#1252=DIRECTION('center_axis',(6.12323399573677E-17,-1.,0.));
#1253=DIRECTION('ref_axis',(-0.707106781186548,0.,-0.707106781186547));
#1254=DIRECTION('center_axis',(0.,1.,0.));
#1255=DIRECTION('ref_axis',(-0.707106781186548,0.,-0.707106781186547));
#1256=DIRECTION('',(-6.12323399573677E-17,1.,0.));
#1257=DIRECTION('center_axis',(0.,-1.,0.));
#1258=DIRECTION('ref_axis',(1.,0.,0.));
#1259=DIRECTION('',(0.,0.,1.));
#1260=DIRECTION('center_axis',(0.,0.,1.));
#1261=DIRECTION('ref_axis',(0.887010833178218,-0.461748613235041,0.));
#1262=DIRECTION('',(0.,0.,-1.));
#1263=DIRECTION('',(0.,0.,1.));
#1264=DIRECTION('center_axis',(0.,0.,-1.));
#1265=DIRECTION('ref_axis',(0.887010833178218,-0.461748613235041,0.));
#1266=DIRECTION('center_axis',(-0.707106781186548,0.,-0.707106781186548));
#1267=DIRECTION('ref_axis',(0.707106781186548,0.,-0.707106781186548));
#1268=DIRECTION('center_axis',(0.,0.,-1.));
#1269=DIRECTION('ref_axis',(-0.88701083317822,-0.461748613235038,0.));
#1270=DIRECTION('',(0.,0.,-1.));
#1271=DIRECTION('',(0.,0.,1.));
#1272=DIRECTION('center_axis',(0.707106781186549,0.,-0.707106781186546));
#1273=DIRECTION('ref_axis',(0.707106781186546,0.,0.707106781186549));
#1274=DIRECTION('center_axis',(0.,0.,-1.));
#1275=DIRECTION('ref_axis',(-0.88701083317822,-0.461748613235038,0.));
#1276=DIRECTION('center_axis',(1.,0.,0.));
#1277=DIRECTION('ref_axis',(0.,-0.707106781186546,-0.707106781186549));
#1278=DIRECTION('',(1.,0.,0.));
#1279=DIRECTION('',(-1.,0.,0.));
#1280=DIRECTION('center_axis',(-0.819152044288992,-0.573576436351046,0.));
#1281=DIRECTION('ref_axis',(0.573576436351046,-0.819152044288992,0.));
#1282=DIRECTION('',(0.,0.,1.));
#1283=DIRECTION('',(0.573576436351046,-0.819152044288992,0.));
#1284=DIRECTION('center_axis',(-0.819152044288992,-0.573576436351046,0.));
#1285=DIRECTION('ref_axis',(0.573576436351046,-0.819152044288992,0.));
#1286=DIRECTION('',(0.,0.,-1.));
#1287=DIRECTION('center_axis',(0.,-1.,0.));
#1288=DIRECTION('ref_axis',(1.,0.,0.));
#1289=DIRECTION('center_axis',(0.,1.,0.));
#1290=DIRECTION('ref_axis',(1.,0.,0.));
#1291=DIRECTION('center_axis',(0.,1.,0.));
#1292=DIRECTION('ref_axis',(1.,0.,0.));
#1293=DIRECTION('center_axis',(0.,1.,0.));
#1294=DIRECTION('ref_axis',(1.,0.,0.));
#1295=DIRECTION('',(0.,-1.,0.));
#1296=DIRECTION('center_axis',(0.,1.,0.));
#1297=DIRECTION('ref_axis',(1.,0.,0.));
#1298=DIRECTION('center_axis',(0.,-1.,0.));
#1299=DIRECTION('ref_axis',(1.,0.,0.));
#1300=DIRECTION('center_axis',(1.,0.,0.));
#1301=DIRECTION('ref_axis',(0.,0.,1.));
#1302=DIRECTION('',(0.,0.,1.));
#1303=DIRECTION('center_axis',(-1.,0.,0.));
#1304=DIRECTION('ref_axis',(0.,0.,-1.));
#1305=DIRECTION('',(0.,0.,-1.));
#1306=DIRECTION('center_axis',(0.,1.,0.));
#1307=DIRECTION('ref_axis',(0.,0.,-1.));
#1308=DIRECTION('center_axis',(0.,-1.,0.));
#1309=DIRECTION('ref_axis',(-1.,0.,0.));
#1310=DIRECTION('',(0.,-1.,0.));
#1311=DIRECTION('center_axis',(0.,-1.,0.));
#1312=DIRECTION('ref_axis',(-1.,0.,0.));
#1313=DIRECTION('center_axis',(0.,1.,0.));
#1314=DIRECTION('ref_axis',(-1.,0.,0.));
#1315=DIRECTION('center_axis',(1.,0.,0.));
#1316=DIRECTION('ref_axis',(0.,0.,1.));
#1317=DIRECTION('',(0.,0.,1.));
#1318=DIRECTION('center_axis',(-1.,0.,0.));
#1319=DIRECTION('ref_axis',(0.,0.,-1.));
#1320=DIRECTION('',(0.,0.,-1.));
#1321=DIRECTION('center_axis',(0.,-1.,0.));
#1322=DIRECTION('ref_axis',(0.,0.,-1.));
#1323=DIRECTION('center_axis',(0.,-1.,0.));
#1324=DIRECTION('ref_axis',(1.,0.,0.));
#1325=DIRECTION('',(0.,0.,1.));
#1326=DIRECTION('center_axis',(0.,1.,0.));
#1327=DIRECTION('ref_axis',(1.,0.,0.));
#1328=DIRECTION('center_axis',(0.,1.,0.));
#1329=DIRECTION('ref_axis',(1.,0.,0.));
#1330=DIRECTION('',(0.,1.,0.));
#1331=DIRECTION('center_axis',(0.819152044288999,-0.573576436351035,0.));
#1332=DIRECTION('ref_axis',(0.573576436351035,0.819152044288999,0.));
#1333=DIRECTION('center_axis',(0.819152044288999,-0.573576436351035,0.));
#1334=DIRECTION('ref_axis',(0.573576436351035,0.819152044288999,0.));
#1335=DIRECTION('center_axis',(0.,-1.,0.));
#1336=DIRECTION('ref_axis',(1.,0.,0.));
#1337=DIRECTION('center_axis',(0.,1.,0.));
#1338=DIRECTION('ref_axis',(1.,0.,0.));
#1339=DIRECTION('center_axis',(0.,1.,0.));
#1340=DIRECTION('ref_axis',(1.,0.,0.));
#1341=DIRECTION('center_axis',(0.,1.,0.));
#1342=DIRECTION('ref_axis',(1.,0.,0.));
#1343=DIRECTION('',(0.,1.,0.));
#1344=DIRECTION('center_axis',(0.,0.,-1.));
#1345=DIRECTION('ref_axis',(0.,-1.,0.));
#1346=DIRECTION('center_axis',(0.,0.,1.));
#1347=DIRECTION('ref_axis',(0.,-1.,0.));
#1348=DIRECTION('',(8.65956056235493E-17,-0.707106781186547,0.707106781186548));
#1349=DIRECTION('center_axis',(0.,0.,1.));
#1350=DIRECTION('ref_axis',(1.,0.,0.));
#1351=DIRECTION('center_axis',(0.,0.,1.));
#1352=DIRECTION('ref_axis',(0.,-1.,0.));
#1353=DIRECTION('',(0.,0.,1.));
#1354=DIRECTION('center_axis',(0.,-1.,0.));
#1355=DIRECTION('ref_axis',(1.,0.,0.));
#1356=DIRECTION('',(0.,0.,1.));
#1357=DIRECTION('center_axis',(0.,1.,0.));
#1358=DIRECTION('ref_axis',(-1.,0.,0.));
#1359=DIRECTION('',(0.,0.,1.));
#1360=DIRECTION('',(-1.,0.,0.));
#1361=DIRECTION('center_axis',(0.819152044288999,-0.573576436351035,0.));
#1362=DIRECTION('ref_axis',(0.573576436351035,0.819152044288999,0.));
#1363=DIRECTION('',(0.573576436351035,0.819152044288999,0.));
#1364=DIRECTION('center_axis',(0.,0.,1.));
#1365=DIRECTION('ref_axis',(1.,0.,0.));
#1366=DIRECTION('center_axis',(1.,0.,0.));
#1367=DIRECTION('ref_axis',(0.,1.,0.));
#1368=DIRECTION('center_axis',(-1.,-6.12323399573677E-17,0.));
#1369=DIRECTION('ref_axis',(6.12323399573677E-17,-1.,0.));
#1370=CARTESIAN_POINT('',(0.,0.,0.));
#1371=CARTESIAN_POINT('Origin',(2.94999999999999,14.,30.772));
#1372=CARTESIAN_POINT('',(2.44999999999999,9.,30.772));
#1373=CARTESIAN_POINT('',(2.94999999999999,9.,31.272));
#1374=CARTESIAN_POINT('Origin',(2.94999999999999,9.,30.772));
#1375=CARTESIAN_POINT('',(2.94999999999999,14.,31.272));
#1376=CARTESIAN_POINT('',(2.94999999999999,14.,31.272));
#1377=CARTESIAN_POINT('',(2.44999999999999,14.,30.772));
#1378=CARTESIAN_POINT('Origin',(2.94999999999999,14.,30.772));
#1379=CARTESIAN_POINT('',(2.44999999999999,14.,30.772));
#1380=CARTESIAN_POINT('Origin',(84.,14.,0.));
#1381=CARTESIAN_POINT('',(10.95,14.,31.272));
#1382=CARTESIAN_POINT('',(2.44999999999999,14.,31.272));
#1383=CARTESIAN_POINT('',(11.45,14.,30.772));
#1384=CARTESIAN_POINT('Origin',(10.95,14.,30.772));
#1385=CARTESIAN_POINT('',(11.45,14.,22.5));
#1386=CARTESIAN_POINT('',(11.45,14.,31.272));
#1387=CARTESIAN_POINT('',(72.55,14.,22.5));
#1388=CARTESIAN_POINT('',(84.,14.,22.5));
#1389=CARTESIAN_POINT('',(72.55,14.,30.772));
#1390=CARTESIAN_POINT('',(72.55,14.,31.272));
#1391=CARTESIAN_POINT('',(73.05,14.,31.272));
#1392=CARTESIAN_POINT('Origin',(73.05,14.,30.772));
#1393=CARTESIAN_POINT('',(81.05,14.,31.272));
#1394=CARTESIAN_POINT('',(81.55,14.,31.272));
#1395=CARTESIAN_POINT('',(81.55,14.,30.772));
#1396=CARTESIAN_POINT('Origin',(81.05,14.,30.772));
#1397=CARTESIAN_POINT('',(81.55,14.,22.5));
#1398=CARTESIAN_POINT('',(81.55,14.,22.5));
#1399=CARTESIAN_POINT('',(82.,14.,22.5));
#1400=CARTESIAN_POINT('',(84.,14.,22.5));
#1401=CARTESIAN_POINT('',(84.,14.,20.5));
#1402=CARTESIAN_POINT('Origin',(82.,14.,20.5));
#1403=CARTESIAN_POINT('',(84.,14.,2.));
#1404=CARTESIAN_POINT('',(84.,14.,0.));
#1405=CARTESIAN_POINT('',(82.,14.,0.));
#1406=CARTESIAN_POINT('Origin',(82.,14.,2.));
#1407=CARTESIAN_POINT('',(2.00000000000001,14.,0.));
#1408=CARTESIAN_POINT('',(84.,14.,0.));
#1409=CARTESIAN_POINT('',(-8.57252759403147E-16,14.,2.));
#1410=CARTESIAN_POINT('Origin',(2.,14.,2.));
#1411=CARTESIAN_POINT('',(-8.57252759403147E-16,14.,20.5));
#1412=CARTESIAN_POINT('',(-8.57252759403147E-16,14.,0.));
#1413=CARTESIAN_POINT('',(1.99999999999999,14.,22.5));
#1414=CARTESIAN_POINT('Origin',(2.,14.,20.5));
#1415=CARTESIAN_POINT('',(2.44999999999999,14.,22.5));
#1416=CARTESIAN_POINT('',(84.,14.,22.5));
#1417=CARTESIAN_POINT('',(2.44999999999999,14.,22.5));
#1418=CARTESIAN_POINT('',(4.95,14.,20.525));
#1419=CARTESIAN_POINT('Origin',(4.95,14.,17.5));
#1420=CARTESIAN_POINT('',(80.25,14.,26.886));
#1421=CARTESIAN_POINT('Origin',(77.05,14.,26.886));
#1422=CARTESIAN_POINT('',(3.75,14.,26.886));
#1423=CARTESIAN_POINT('Origin',(6.95,14.,26.886));
#1424=CARTESIAN_POINT('',(79.05,14.,20.525));
#1425=CARTESIAN_POINT('Origin',(79.05,14.,17.5));
#1426=CARTESIAN_POINT('Origin',(2.44999999999999,14.,31.272));
#1427=CARTESIAN_POINT('',(10.95,9.,31.272));
#1428=CARTESIAN_POINT('',(2.44999999999999,9.,31.272));
#1429=CARTESIAN_POINT('',(10.95,14.,31.272));
#1430=CARTESIAN_POINT('Origin',(10.95,14.,30.772));
#1431=CARTESIAN_POINT('',(11.45,9.,30.772));
#1432=CARTESIAN_POINT('Origin',(10.95,9.,30.772));
#1433=CARTESIAN_POINT('',(11.45,14.,30.772));
#1434=CARTESIAN_POINT('Origin',(73.05,14.,30.772));
#1435=CARTESIAN_POINT('',(72.55,9.,30.772));
#1436=CARTESIAN_POINT('',(73.05,9.,31.272));
#1437=CARTESIAN_POINT('Origin',(73.05,9.,30.772));
#1438=CARTESIAN_POINT('',(73.05,14.,31.272));
#1439=CARTESIAN_POINT('',(72.55,14.,30.772));
#1440=CARTESIAN_POINT('Origin',(81.55,14.,31.272));
#1441=CARTESIAN_POINT('',(81.05,9.,31.272));
#1442=CARTESIAN_POINT('',(81.55,9.,31.272));
#1443=CARTESIAN_POINT('',(81.05,14.,31.272));
#1444=CARTESIAN_POINT('Origin',(81.05,14.,30.772));
#1445=CARTESIAN_POINT('',(81.55,9.,30.772));
#1446=CARTESIAN_POINT('Origin',(81.05,9.,30.772));
#1447=CARTESIAN_POINT('',(81.55,14.,30.772));
#1448=CARTESIAN_POINT('Origin',(79.05,13.5,17.5));
#1449=CARTESIAN_POINT('',(79.05,13.5,20.025));
#1450=CARTESIAN_POINT('Origin',(79.05,13.5,20.525));
#1451=CARTESIAN_POINT('',(81.575,13.5,17.5));
#1452=CARTESIAN_POINT('Origin',(79.05,13.5,17.5));
#1453=CARTESIAN_POINT('Origin',(79.05,13.5,17.5));
#1454=CARTESIAN_POINT('Origin',(79.05,14.,17.5));
#1455=CARTESIAN_POINT('',(81.575,0.,17.5));
#1456=CARTESIAN_POINT('',(81.575,14.,17.5));
#1457=CARTESIAN_POINT('Origin',(79.05,0.,17.5));
#1458=CARTESIAN_POINT('Origin',(4.95,13.5,17.5));
#1459=CARTESIAN_POINT('',(4.95,13.5,20.025));
#1460=CARTESIAN_POINT('Origin',(4.95,13.5,20.525));
#1461=CARTESIAN_POINT('',(7.475,13.5,17.5));
#1462=CARTESIAN_POINT('Origin',(4.95,13.5,17.5));
#1463=CARTESIAN_POINT('Origin',(4.95,13.5,17.5));
#1464=CARTESIAN_POINT('Origin',(4.95,14.,17.5));
#1465=CARTESIAN_POINT('',(7.475,0.,17.5));
#1466=CARTESIAN_POINT('',(7.475,14.,17.5));
#1467=CARTESIAN_POINT('Origin',(4.95,0.,17.5));
#1468=CARTESIAN_POINT('Origin',(2.,10.5,20.5));
#1469=CARTESIAN_POINT('',(0.,0.,20.5));
#1470=CARTESIAN_POINT('',(2.,0.,22.5));
#1471=CARTESIAN_POINT('Origin',(2.,0.,20.5));
#1472=CARTESIAN_POINT('',(2.,10.5,22.5));
#1473=CARTESIAN_POINT('',(-5.55111512312578E-16,10.5,20.5));
#1474=CARTESIAN_POINT('Origin',(42.,7.,22.5));
#1475=CARTESIAN_POINT('',(20.6358966103857,0.,22.5000000045939));
#1476=CARTESIAN_POINT('',(0.,0.,22.5));
#1477=CARTESIAN_POINT('',(21.6140006413942,1.2507104466297,22.5));
#1478=CARTESIAN_POINT('Ctrl Pts',(21.614000643755,1.25071044708909,22.4999999995443));
#1479=CARTESIAN_POINT('Ctrl Pts',(21.625179434666,1.20798919197505,22.4999999976385));
#1480=CARTESIAN_POINT('Ctrl Pts',(21.6333986108752,1.16467979250754,22.5000097207042));
#1481=CARTESIAN_POINT('Ctrl Pts',(21.6387160656964,1.12107055990564,22.5000180605782));
#1482=CARTESIAN_POINT('Ctrl Pts',(21.6440842976492,1.07704489654471,22.5000264800909));
#1483=CARTESIAN_POINT('Ctrl Pts',(21.6464951820383,1.03271253801987,22.5000334817349));
#1484=CARTESIAN_POINT('Ctrl Pts',(21.6459571788161,0.988359704418774,22.5000350238842));
#1485=CARTESIAN_POINT('Ctrl Pts',(21.6454710953885,0.94828712400903,22.500036417209));
#1486=CARTESIAN_POINT('Ctrl Pts',(21.6425771921436,0.908197102585954,22.5000334451834));
#1487=CARTESIAN_POINT('Ctrl Pts',(21.6372457237363,0.868304988003716,22.50002832873));
#1488=CARTESIAN_POINT('Ctrl Pts',(21.6312490517266,0.823435562050342,22.5000225739003));
#1489=CARTESIAN_POINT('Ctrl Pts',(21.6222114700794,0.779130939181723,22.5000141548541));
#1490=CARTESIAN_POINT('Ctrl Pts',(21.6101668204811,0.735686437552873,22.5000136209637));
#1491=CARTESIAN_POINT('Ctrl Pts',(21.5983110906332,0.692923360845522,22.5000130954474));
#1492=CARTESIAN_POINT('Ctrl Pts',(21.5835416551704,0.650992494159571,22.5000202429026));
#1493=CARTESIAN_POINT('Ctrl Pts',(21.5660256352544,0.610159319470219,22.5000256593402));
#1494=CARTESIAN_POINT('Ctrl Pts',(21.550642946199,0.574299344863812,22.5000304160929));
#1495=CARTESIAN_POINT('Ctrl Pts',(21.53314092947,0.539285620683097,22.5000339869089));
#1496=CARTESIAN_POINT('Ctrl Pts',(21.5136035020347,0.505312905276332,22.5000342333515));
#1497=CARTESIAN_POINT('Ctrl Pts',(21.4909139936205,0.465859184226026,22.5000345195539));
#1498=CARTESIAN_POINT('Ctrl Pts',(21.4656353866534,0.42807839808594,22.5000305078511));
#1499=CARTESIAN_POINT('Ctrl Pts',(21.4379619360668,0.392237554020476,22.5000250230033));
#1500=CARTESIAN_POINT('Ctrl Pts',(21.4102884854802,0.356396709955011,22.5000195381555));
#1501=CARTESIAN_POINT('Ctrl Pts',(21.3802195401231,0.322494657449235,22.5000126742523));
#1502=CARTESIAN_POINT('Ctrl Pts',(21.3479009038447,0.290825993672744,22.5000142543068));
#1503=CARTESIAN_POINT('Ctrl Pts',(21.3200799819985,0.263564589066887,22.5000156144685));
#1504=CARTESIAN_POINT('Ctrl Pts',(21.2905907749958,0.237958443608763,22.5000234041461));
#1505=CARTESIAN_POINT('Ctrl Pts',(21.2596104826311,0.214084853571193,22.5000317321434));
#1506=CARTESIAN_POINT('Ctrl Pts',(21.224516846029,0.187041496997948,22.5000411658732));
#1507=CARTESIAN_POINT('Ctrl Pts',(21.1877169711316,0.162379380161331,22.5000513399282));
#1508=CARTESIAN_POINT('Ctrl Pts',(21.1495018757619,0.140167691520018,22.5000574922087));
#1509=CARTESIAN_POINT('Ctrl Pts',(21.1107158508932,0.117624162590278,22.5000637364037));
#1510=CARTESIAN_POINT('Ctrl Pts',(21.0704710215196,0.097604272095312,22.5000659795766));
#1511=CARTESIAN_POINT('Ctrl Pts',(21.0290406592775,0.0802231396349615,22.5000637129314));
#1512=CARTESIAN_POINT('Ctrl Pts',(21.0082230860146,0.0714896171938312,22.500062574007));
#1513=CARTESIAN_POINT('Ctrl Pts',(20.9871058015079,0.0634230418909014,22.5000603528161));
#1514=CARTESIAN_POINT('Ctrl Pts',(20.9657217942879,0.056042697105534,22.5000572268402));
#1515=CARTESIAN_POINT('Ctrl Pts',(20.923085986601,0.0413276365607749,22.5000509942149));
#1516=CARTESIAN_POINT('Ctrl Pts',(20.8796145462895,0.0294147051022817,22.5000412126765));
#1517=CARTESIAN_POINT('Ctrl Pts',(20.8355847535206,0.0204066375790808,22.5000309715511));
#1518=CARTESIAN_POINT('Ctrl Pts',(20.7923516759154,0.0115615702323649,22.500020915738));
#1519=CARTESIAN_POINT('Ctrl Pts',(20.7485792285199,0.0055169072643422,22.5000105671737));
#1520=CARTESIAN_POINT('Ctrl Pts',(20.7045170677791,0.00241750192617063,
22.5000046984857));
#1521=CARTESIAN_POINT('Ctrl Pts',(20.6817100143681,0.000813216028674001,
22.500001660789));
#1522=CARTESIAN_POINT('Ctrl Pts',(20.6588252240866,-1.16391652546406E-6,
22.4999998400724));
#1523=CARTESIAN_POINT('Ctrl Pts',(20.6358972989148,-1.99840144432528E-15,
22.4999999003896));
#1524=CARTESIAN_POINT('',(28.3861383406675,1.25124175619362,22.5));
#1525=CARTESIAN_POINT('Ctrl Pts',(21.6140006413942,1.2507104466297,22.5));
#1526=CARTESIAN_POINT('Ctrl Pts',(21.4598651755521,1.83976065571419,22.5));
#1527=CARTESIAN_POINT('Ctrl Pts',(21.4664412621856,3.09924026338209,22.5));
#1528=CARTESIAN_POINT('Ctrl Pts',(22.415845411244,4.73403259881655,22.5));
#1529=CARTESIAN_POINT('Ctrl Pts',(24.0550551983412,5.67497702001275,22.5));
#1530=CARTESIAN_POINT('Ctrl Pts',(25.9449140129572,5.67670615619221,22.5));
#1531=CARTESIAN_POINT('Ctrl Pts',(27.5835802162283,4.73373028687989,22.5));
#1532=CARTESIAN_POINT('Ctrl Pts',(28.5333213567807,3.0999120617984,22.5));
#1533=CARTESIAN_POINT('Ctrl Pts',(28.5401813764833,1.84031614349075,22.5));
#1534=CARTESIAN_POINT('Ctrl Pts',(28.3861383406675,1.25124175619362,22.5));
#1535=CARTESIAN_POINT('',(29.3612705826333,0.,22.4999999995177));
#1536=CARTESIAN_POINT('Ctrl Pts',(29.3612705827512,-4.32986979603811E-15,
22.5));
#1537=CARTESIAN_POINT('Ctrl Pts',(29.317210885611,-4.08567919469854E-15,
22.5));
#1538=CARTESIAN_POINT('Ctrl Pts',(29.2733338145799,0.00302451649349084,
22.4999941696279));
#1539=CARTESIAN_POINT('Ctrl Pts',(29.2298847601279,0.00889494780611538,
22.4999864597258));
#1540=CARTESIAN_POINT('Ctrl Pts',(29.1853750188684,0.0149086892350599,22.4999785616081));
#1541=CARTESIAN_POINT('Ctrl Pts',(29.1413133942206,0.0239092619241722,22.4999688197878));
#1542=CARTESIAN_POINT('Ctrl Pts',(29.0979670961171,0.0357594837864938,22.499961071372));
#1543=CARTESIAN_POINT('Ctrl Pts',(29.0566961466677,0.0470423367368649,22.4999536939374));
#1544=CARTESIAN_POINT('Ctrl Pts',(29.0160728875427,0.060909234209181,22.4999482188671));
#1545=CARTESIAN_POINT('Ctrl Pts',(28.9763442042785,0.0772825018473083,22.4999459764288));
#1546=CARTESIAN_POINT('Ctrl Pts',(28.9347347027815,0.0944309056785744,22.4999436278299));
#1547=CARTESIAN_POINT('Ctrl Pts',(28.8943692293296,0.114219844495078,22.499945135761));
#1548=CARTESIAN_POINT('Ctrl Pts',(28.8555084602433,0.136505318735648,22.4999499175967));
#1549=CARTESIAN_POINT('Ctrl Pts',(28.8173081190529,0.158412057577847,22.4999546181664));
#1550=CARTESIAN_POINT('Ctrl Pts',(28.7805608291279,0.182731788891725,22.4999625977369));
#1551=CARTESIAN_POINT('Ctrl Pts',(28.7455364754342,0.209371376510931,22.4999705825873));
#1552=CARTESIAN_POINT('Ctrl Pts',(28.7126177911248,0.234409388136689,22.4999780873873));
#1553=CARTESIAN_POINT('Ctrl Pts',(28.6812206095914,0.261497360688718,22.4999856573733));
#1554=CARTESIAN_POINT('Ctrl Pts',(28.6515986161136,0.290587567603465,22.4999869562407));
#1555=CARTESIAN_POINT('Ctrl Pts',(28.6510306283876,0.291145358573488,22.4999869811459));
#1556=CARTESIAN_POINT('Ctrl Pts',(28.6504632944219,0.291703886480349,22.4999870036121));
#1557=CARTESIAN_POINT('Ctrl Pts',(28.6498966152264,0.2922631499224,22.49998702369));
#1558=CARTESIAN_POINT('Ctrl Pts',(28.618500512223,0.323248393021503,22.4999881360779));
#1559=CARTESIAN_POINT('Ctrl Pts',(28.5893128403888,0.356289192345336,22.4999826518162));
#1560=CARTESIAN_POINT('Ctrl Pts',(28.5624395848836,0.391087721856939,22.4999780267139));
#1561=CARTESIAN_POINT('Ctrl Pts',(28.535302516481,0.426227866134868,22.4999733562072));
#1562=CARTESIAN_POINT('Ctrl Pts',(28.5105249059573,0.46316142081601,22.499969637946));
#1563=CARTESIAN_POINT('Ctrl Pts',(28.4882552711121,0.501616329919244,22.4999697325154));
#1564=CARTESIAN_POINT('Ctrl Pts',(28.467389395071,0.537647246999569,22.4999698211236));
#1565=CARTESIAN_POINT('Ctrl Pts',(28.4487252327924,0.575014780812263,22.4999732629412));
#1566=CARTESIAN_POINT('Ctrl Pts',(28.4324232775321,0.613510459382391,22.4999777227513));
#1567=CARTESIAN_POINT('Ctrl Pts',(28.415501122891,0.653470685954883,22.4999823522327));
#1568=CARTESIAN_POINT('Ctrl Pts',(28.401225935617,0.694406175352091,22.4999882572855));
#1569=CARTESIAN_POINT('Ctrl Pts',(28.3897268490466,0.736061274643454,22.4999878930555));
#1570=CARTESIAN_POINT('Ctrl Pts',(28.3779049001362,0.778885933164481,22.499987518599));
#1571=CARTESIAN_POINT('Ctrl Pts',(28.3690165868969,0.822472172318298,22.4999805844534));
#1572=CARTESIAN_POINT('Ctrl Pts',(28.3630636746275,0.866533107874845,22.4999758253089));
#1573=CARTESIAN_POINT('Ctrl Pts',(28.3602756117571,0.887169168495929,22.4999735963505));
#1574=CARTESIAN_POINT('Ctrl Pts',(28.3581321755567,0.90790946837087,22.4999717546825));
#1575=CARTESIAN_POINT('Ctrl Pts',(28.3566374501856,0.928724601992853,22.4999707200417));
#1576=CARTESIAN_POINT('Ctrl Pts',(28.3534527036328,0.973074504877608,22.4999685155773));
#1577=CARTESIAN_POINT('Ctrl Pts',(28.353227735055,1.0175103905596,22.4999704321258));
#1578=CARTESIAN_POINT('Ctrl Pts',(28.3559388173028,1.06174465652568,22.4999758717783));
#1579=CARTESIAN_POINT('Ctrl Pts',(28.3586295538778,1.10564696063213,22.4999812706082));
#1580=CARTESIAN_POINT('Ctrl Pts',(28.3642124831565,1.1493517666179,22.4999901344142));
#1581=CARTESIAN_POINT('Ctrl Pts',(28.3727145277158,1.19257753311076,22.4999957447621));
#1582=CARTESIAN_POINT('Ctrl Pts',(28.3765820660474,1.21224072208317,22.4999982968819));
#1583=CARTESIAN_POINT('Ctrl Pts',(28.3810543401322,1.23180467773177,22.5000000919853));
#1584=CARTESIAN_POINT('Ctrl Pts',(28.3861373308435,1.25124192891835,22.500000075841));
#1585=CARTESIAN_POINT('',(54.6387294173668,0.,22.4999999995177));
#1586=CARTESIAN_POINT('',(0.,0.,22.5));
#1587=CARTESIAN_POINT('',(55.6138616593325,1.25124175619362,22.5));
#1588=CARTESIAN_POINT('Ctrl Pts',(55.6138626691566,1.25124192891835,22.5000000758411));
#1589=CARTESIAN_POINT('Ctrl Pts',(55.6250129605444,1.20860344562751,22.500000111256));
#1590=CARTESIAN_POINT('Ctrl Pts',(55.6332212378381,1.165379899222,22.4999917841248));
#1591=CARTESIAN_POINT('Ctrl Pts',(55.6385463775236,1.12185787114433,22.4999845474323));
#1592=CARTESIAN_POINT('Ctrl Pts',(55.6439325648388,1.07783690466958,22.499977227778));
#1593=CARTESIAN_POINT('Ctrl Pts',(55.6463691832914,1.03350947080253,22.4999710301235));
#1594=CARTESIAN_POINT('Ctrl Pts',(55.6458656324636,0.989161549853166,22.4999694303629));
#1595=CARTESIAN_POINT('Ctrl Pts',(55.6454044741323,0.948547152874437,22.4999679652816));
#1596=CARTESIAN_POINT('Ctrl Pts',(55.6424767700726,0.907914798998357,22.4999702846953));
#1597=CARTESIAN_POINT('Ctrl Pts',(55.637051911436,0.867488547150171,22.4999744287513));
#1598=CARTESIAN_POINT('Ctrl Pts',(55.6310873283909,0.823040248585662,22.4999789851034));
#1599=CARTESIAN_POINT('Ctrl Pts',(55.6221453216369,0.779144541967318,22.4999856973245));
#1600=CARTESIAN_POINT('Ctrl Pts',(55.6102569930418,0.736089032523198,22.4999858548668));
#1601=CARTESIAN_POINT('Ctrl Pts',(55.5984393537744,0.693289535940349,22.4999860114724));
#1602=CARTESIAN_POINT('Ctrl Pts',(55.58371021314,0.651319136528343,22.4999796771334));
#1603=CARTESIAN_POINT('Ctrl Pts',(55.566235591192,0.610444331691546,22.4999748519996));
#1604=CARTESIAN_POINT('Ctrl Pts',(55.5505991075469,0.573869107390124,22.4999705344169));
#1605=CARTESIAN_POINT('Ctrl Pts',(55.5327633549632,0.538170693702778,22.4999673030628));
#1606=CARTESIAN_POINT('Ctrl Pts',(55.5128160474139,0.503556174245974,22.4999670680219));
#1607=CARTESIAN_POINT('Ctrl Pts',(55.4902621374835,0.464418423339929,22.4999668022671));
#1608=CARTESIAN_POINT('Ctrl Pts',(55.4651611230323,0.426928821024475,22.4999702092692));
#1609=CARTESIAN_POINT('Ctrl Pts',(55.4377003704691,0.391350632544889,22.4999748372489));
#1610=CARTESIAN_POINT('Ctrl Pts',(55.4102396179059,0.355772444065304,22.4999794652286));
#1611=CARTESIAN_POINT('Ctrl Pts',(55.3804184964098,0.32210455412793,22.4999852370181));
#1612=CARTESIAN_POINT('Ctrl Pts',(55.3483778465156,0.290637336684925,22.4999840107955));
#1613=CARTESIAN_POINT('Ctrl Pts',(55.3201082282893,0.262873660645369,22.4999829288935));
#1614=CARTESIAN_POINT('Ctrl Pts',(55.2901096618234,0.236823273650877,22.4999762609919));
#1615=CARTESIAN_POINT('Ctrl Pts',(55.2585676720171,0.212570292111155,22.4999692702212));
#1616=CARTESIAN_POINT('Ctrl Pts',(55.2234046041517,0.185533023978778,22.4999614768973));
#1617=CARTESIAN_POINT('Ctrl Pts',(55.1865317489243,0.160888389118247,22.4999532172239));
#1618=CARTESIAN_POINT('Ctrl Pts',(55.1482402099167,0.138709698846974,22.4999484173587));
#1619=CARTESIAN_POINT('Ctrl Pts',(55.1094437809889,0.11623857328971,22.4999435542053));
#1620=CARTESIAN_POINT('Ctrl Pts',(55.0691900120884,0.0962982921195441,22.4999421206665));
#1621=CARTESIAN_POINT('Ctrl Pts',(55.0277511902063,0.0790080274904438,22.4999444767694));
#1622=CARTESIAN_POINT('Ctrl Pts',(55.0074742011191,0.0705474947997142,22.4999456296659));
#1623=CARTESIAN_POINT('Ctrl Pts',(54.9869131010211,0.0627221747490894,22.4999476453888));
#1624=CARTESIAN_POINT('Ctrl Pts',(54.9660983024842,0.0555503361722184,22.4999503844105));
#1625=CARTESIAN_POINT('Ctrl Pts',(54.9234714771867,0.0408630592553859,22.4999559936793));
#1626=CARTESIAN_POINT('Ctrl Pts',(54.8800086205778,0.0289915431404633,22.4999645699745));
#1627=CARTESIAN_POINT('Ctrl Pts',(54.8359878057563,0.020040706504414,22.4999734487439));
#1628=CARTESIAN_POINT('Ctrl Pts',(54.7928250827949,0.0112643473306478,22.4999821544407));
#1629=CARTESIAN_POINT('Ctrl Pts',(54.7491248919745,0.00529562336803386,
22.499991022544));
#1630=CARTESIAN_POINT('Ctrl Pts',(54.7051366960255,0.00228094235861831,
22.499995998619));
#1631=CARTESIAN_POINT('Ctrl Pts',(54.6830630557654,0.000768150513784516,
22.4999984956545));
#1632=CARTESIAN_POINT('Ctrl Pts',(54.6609167884318,-4.24952164664373E-15,
22.5));
#1633=CARTESIAN_POINT('Ctrl Pts',(54.6387294172488,-4.27435864480685E-15,
22.5));
#1634=CARTESIAN_POINT('',(62.3859993586058,1.2507104466297,22.5));
#1635=CARTESIAN_POINT('Ctrl Pts',(55.6138616593325,1.25124175619362,22.5));
#1636=CARTESIAN_POINT('Ctrl Pts',(55.4598186235167,1.84031614349074,22.5));
#1637=CARTESIAN_POINT('Ctrl Pts',(55.4666896089316,3.09993824770992,22.5));
#1638=CARTESIAN_POINT('Ctrl Pts',(56.4164025843996,4.73377329146187,22.5));
#1639=CARTESIAN_POINT('Ctrl Pts',(58.055060746076,5.67676300379198,22.5));
#1640=CARTESIAN_POINT('Ctrl Pts',(59.9449128870255,5.67502152075673,22.5));
#1641=CARTESIAN_POINT('Ctrl Pts',(61.5841381431069,4.73407280832137,22.5));
#1642=CARTESIAN_POINT('Ctrl Pts',(62.5335317308262,3.09927081082179,22.5));
#1643=CARTESIAN_POINT('Ctrl Pts',(62.5401348244479,1.83976065571419,22.5));
#1644=CARTESIAN_POINT('Ctrl Pts',(62.3859993586059,1.2507104466297,22.5));
#1645=CARTESIAN_POINT('',(63.3641033896143,0.,22.5000000045939));
#1646=CARTESIAN_POINT('Ctrl Pts',(63.3641027053033,-4.55191440096314E-15,
22.4999999009986));
#1647=CARTESIAN_POINT('Ctrl Pts',(63.3199719722965,-2.23353813505511E-6,
22.4999997852565));
#1648=CARTESIAN_POINT('Ctrl Pts',(63.2760222793406,0.00301549208182207,
22.5000067193744));
#1649=CARTESIAN_POINT('Ctrl Pts',(63.2324985924236,0.00887469023168802,
22.5000159751055));
#1650=CARTESIAN_POINT('Ctrl Pts',(63.187968636916,0.0148693531705434,22.5000254448293));
#1651=CARTESIAN_POINT('Ctrl Pts',(63.1438835756613,0.0238386636150766,22.5000371948606));
#1652=CARTESIAN_POINT('Ctrl Pts',(63.100509243979,0.0356461202619764,22.5000466572459));
#1653=CARTESIAN_POINT('Ctrl Pts',(63.0587346899481,0.0470180818930141,22.5000557706296));
#1654=CARTESIAN_POINT('Ctrl Pts',(63.0176185703818,0.0610233594078154,22.5000626414834));
#1655=CARTESIAN_POINT('Ctrl Pts',(62.9774152242461,0.0775824105360258,22.500065615709));
#1656=CARTESIAN_POINT('Ctrl Pts',(62.9357813655739,0.0947306646164425,22.5000686957632));
#1657=CARTESIAN_POINT('Ctrl Pts',(62.895385593171,0.114510538064995,22.5000672756979));
#1658=CARTESIAN_POINT('Ctrl Pts',(62.8564888775695,0.136780789390534,22.5000619513341));
#1659=CARTESIAN_POINT('Ctrl Pts',(62.8183047378626,0.158643056545258,22.500056724511));
#1660=CARTESIAN_POINT('Ctrl Pts',(62.7815643080806,0.182905880598797,22.5000476014237));
#1661=CARTESIAN_POINT('Ctrl Pts',(62.7465370094524,0.209478935803013,22.5000383956312));
#1662=CARTESIAN_POINT('Ctrl Pts',(62.7134568169176,0.234574841477084,22.5000297015726));
#1663=CARTESIAN_POINT('Ctrl Pts',(62.6819040685766,0.261731908564106,22.5000208584824));
#1664=CARTESIAN_POINT('Ctrl Pts',(62.6521358990087,0.290903974130472,22.5000194360442));
#1665=CARTESIAN_POINT('Ctrl Pts',(62.6513714787576,0.29165308695833,22.5000193995173));
#1666=CARTESIAN_POINT('Ctrl Pts',(62.6506082372836,0.292403529949036,22.5000193681717));
#1667=CARTESIAN_POINT('Ctrl Pts',(62.6498461770602,0.293155299742176,22.5000193418641));
#1668=CARTESIAN_POINT('Ctrl Pts',(62.6184513255934,0.324126212891413,22.5000182580604));
#1669=CARTESIAN_POINT('Ctrl Pts',(62.5892599649931,0.357146823376164,22.5000248452089));
#1670=CARTESIAN_POINT('Ctrl Pts',(62.5623799749715,0.391922609481367,22.5000302976212));
#1671=CARTESIAN_POINT('Ctrl Pts',(62.5352760195633,0.426988149130774,22.5000357954633));
#1672=CARTESIAN_POINT('Ctrl Pts',(62.5105215096419,0.463839228760393,22.5000400525341));
#1673=CARTESIAN_POINT('Ctrl Pts',(62.4882666388901,0.502207850325367,22.5000397611223));
#1674=CARTESIAN_POINT('Ctrl Pts',(62.4672886653397,0.53837503086453,22.5000394864305));
#1675=CARTESIAN_POINT('Ctrl Pts',(62.4485316370523,0.57589161040203,22.5000351581088));
#1676=CARTESIAN_POINT('Ctrl Pts',(62.4321605352546,0.614548346997718,22.5000296667468));
#1677=CARTESIAN_POINT('Ctrl Pts',(62.415422899853,0.654070571643966,22.5000240524383));
#1678=CARTESIAN_POINT('Ctrl Pts',(62.4012800579387,0.694546445340032,22.5000170062416));
#1679=CARTESIAN_POINT('Ctrl Pts',(62.389858359991,0.73572963203424,22.5000171665196));
#1680=CARTESIAN_POINT('Ctrl Pts',(62.3780074992915,0.778460249750189,22.5000173328199));
#1681=CARTESIAN_POINT('Ctrl Pts',(62.3690854817743,0.821953283098609,22.5000251658062));
#1682=CARTESIAN_POINT('Ctrl Pts',(62.3630957962828,0.865924172253476,22.5000304458516));
#1683=CARTESIAN_POINT('Ctrl Pts',(62.360254266883,0.886784127996299,22.500032950725));
#1684=CARTESIAN_POINT('Ctrl Pts',(62.3580734311836,0.907751742332782,22.5000349888885));
#1685=CARTESIAN_POINT('Ctrl Pts',(62.3565577217394,0.928796689627793,22.5000360560637));
#1686=CARTESIAN_POINT('Ctrl Pts',(62.3533632828549,0.973150043906775,22.5000383051925));
#1687=CARTESIAN_POINT('Ctrl Pts',(62.3531384517558,1.01758832181296,22.5000357019418));
#1688=CARTESIAN_POINT('Ctrl Pts',(62.3558593887133,1.06182419705981,22.5000290250332));
#1689=CARTESIAN_POINT('Ctrl Pts',(62.3585646610203,1.10580540285421,22.5000223865642));
#1690=CARTESIAN_POINT('Ctrl Pts',(62.3641819310626,1.14958764139759,22.500011728451));
#1691=CARTESIAN_POINT('Ctrl Pts',(62.3727379216371,1.19288820809961,22.5000050658188));
#1692=CARTESIAN_POINT('Ctrl Pts',(62.376567204939,1.21226762835362,22.5000020839191));
#1693=CARTESIAN_POINT('Ctrl Pts',(62.3809857996555,1.23155046202107,22.4999999988218));
#1694=CARTESIAN_POINT('Ctrl Pts',(62.3859993565927,1.25071044702146,22.4999999996114));
#1695=CARTESIAN_POINT('',(82.,0.,22.5));
#1696=CARTESIAN_POINT('',(0.,0.,22.5));
#1697=CARTESIAN_POINT('',(82.,3.5,22.5));
#1698=CARTESIAN_POINT('',(81.55,9.,22.5));
#1699=CARTESIAN_POINT('',(81.55,10.5,22.5));
#1700=CARTESIAN_POINT('',(72.55,9.,22.5));
#1701=CARTESIAN_POINT('',(59.525,9.,22.5));
#1702=CARTESIAN_POINT('',(72.55,10.5,22.5));
#1703=CARTESIAN_POINT('',(11.45,9.,22.5));
#1704=CARTESIAN_POINT('',(11.45,10.5,22.5));
#1705=CARTESIAN_POINT('',(2.44999999999999,9.,22.5));
#1706=CARTESIAN_POINT('',(24.475,9.,22.5));
#1707=CARTESIAN_POINT('',(2.44999999999999,10.5,22.5));
#1708=CARTESIAN_POINT('',(42.,6.5,22.5));
#1709=CARTESIAN_POINT('Origin',(42.,5.,22.5));
#1710=CARTESIAN_POINT('Origin',(82.,3.5,20.5));
#1711=CARTESIAN_POINT('',(84.,0.,20.5));
#1712=CARTESIAN_POINT('Origin',(82.,0.,20.5));
#1713=CARTESIAN_POINT('',(84.,3.5,20.5));
#1714=CARTESIAN_POINT('Origin',(82.,3.5,2.));
#1715=CARTESIAN_POINT('',(84.,0.,2.));
#1716=CARTESIAN_POINT('',(84.,3.5,2.));
#1717=CARTESIAN_POINT('',(82.,0.,0.));
#1718=CARTESIAN_POINT('Origin',(82.,0.,2.));
#1719=CARTESIAN_POINT('',(82.,3.5,0.));
#1720=CARTESIAN_POINT('Origin',(42.,7.,0.));
#1721=CARTESIAN_POINT('',(66.6184107335216,0.,8.10605749190785E-11));
#1722=CARTESIAN_POINT('',(0.,0.,0.));
#1723=CARTESIAN_POINT('',(65.9214066899084,0.276097559536044,0.));
#1724=CARTESIAN_POINT('Ctrl Pts',(65.9219983714767,0.277528180425318,8.51008739201613E-5));
#1725=CARTESIAN_POINT('Ctrl Pts',(65.9547376093294,0.247036671799939,0.000103013356278122));
#1726=CARTESIAN_POINT('Ctrl Pts',(65.9895487272252,0.218693053670644,0.00012059588412255));
#1727=CARTESIAN_POINT('Ctrl Pts',(66.0261707314044,0.192633934176777,0.00013205490936774));
#1728=CARTESIAN_POINT('Ctrl Pts',(66.0345121681198,0.186698418057766,0.000134664944947299));
#1729=CARTESIAN_POINT('Ctrl Pts',(66.0429476701554,0.180881599184248,0.000136974140904959));
#1730=CARTESIAN_POINT('Ctrl Pts',(66.0514743388598,0.175185419519984,0.000138940720737467));
#1731=CARTESIAN_POINT('Ctrl Pts',(66.0888159714831,0.150239610581638,0.000147553146547349));
#1732=CARTESIAN_POINT('Ctrl Pts',(66.1276937625508,0.12774441266422,0.000149527731121631));
#1733=CARTESIAN_POINT('Ctrl Pts',(66.16782879573,0.107807864480325,0.000144222705870604));
#1734=CARTESIAN_POINT('Ctrl Pts',(66.2080345361989,0.087836193383228,0.00013890833457132));
#1735=CARTESIAN_POINT('Ctrl Pts',(66.2495029734783,0.0704316394343693,0.000126435519944718));
#1736=CARTESIAN_POINT('Ctrl Pts',(66.2919796437549,0.055747064930519,0.000109892244470236));
#1737=CARTESIAN_POINT('Ctrl Pts',(66.301916967399,0.052311641003209,0.00010602198153642));
#1738=CARTESIAN_POINT('Ctrl Pts',(66.3119095472104,0.0490252970966796,0.000101939593877851));
#1739=CARTESIAN_POINT('Ctrl Pts',(66.3219542365271,0.0458903910527185,9.7700699029063E-5));
#1740=CARTESIAN_POINT('Ctrl Pts',(66.3650070603885,0.032453782564686,7.95322532427833E-5));
#1741=CARTESIAN_POINT('Ctrl Pts',(66.4088141570535,0.0218583377973549,5.85246171964264E-5));
#1742=CARTESIAN_POINT('Ctrl Pts',(66.4531146107835,0.0142409043908735,4.03229965680735E-5));
#1743=CARTESIAN_POINT('Ctrl Pts',(66.4962990736595,0.00681536486576767,
2.25799004115891E-5));
#1744=CARTESIAN_POINT('Ctrl Pts',(66.5399533344177,0.00221939148787622,
7.64484669102707E-6));
#1745=CARTESIAN_POINT('Ctrl Pts',(66.5838457793068,0.000627760342294392,
2.20058701283499E-6));
#1746=CARTESIAN_POINT('Ctrl Pts',(66.5953524432158,0.0002105048281494,7.73342153076683E-7));
#1747=CARTESIAN_POINT('Ctrl Pts',(66.6068754883097,3.84810420334287E-15,
7.95490321322479E-11));
#1748=CARTESIAN_POINT('Ctrl Pts',(66.618410733533,3.71924713249427E-15,
8.27071744424757E-11));
#1749=CARTESIAN_POINT('',(57.9237784126772,0.155672114839249,0.));
#1750=CARTESIAN_POINT('Ctrl Pts',(57.9237798885487,0.155673529311974,5.57433114432051E-15));
#1751=CARTESIAN_POINT('Ctrl Pts',(57.0946389439869,1.02080545180011,6.68492727394678E-15));
#1752=CARTESIAN_POINT('Ctrl Pts',(56.029626487329,3.32431521274359,-1.4780522586938E-15));
#1753=CARTESIAN_POINT('Ctrl Pts',(56.8948820365975,7.04358666598325,2.22907856233444E-15));
#1754=CARTESIAN_POINT('Ctrl Pts',(59.8744841808709,9.43914687999625,1.50422135898672E-15));
#1755=CARTESIAN_POINT('Ctrl Pts',(63.696504865059,9.51469530445639,3.58408044462468E-16));
#1756=CARTESIAN_POINT('Ctrl Pts',(66.7544625268825,7.21016028313984,1.10649743286444E-15));
#1757=CARTESIAN_POINT('Ctrl Pts',(67.7330681834129,3.51231559872543,2.17927316938354E-15));
#1758=CARTESIAN_POINT('Ctrl Pts',(66.7312755314651,1.17031230866259,5.63488351025592E-15));
#1759=CARTESIAN_POINT('Ctrl Pts',(65.9214066899084,0.276097559536042,4.9960036108132E-15));
#1760=CARTESIAN_POINT('',(57.3839276748844,0.,-3.99548172325126E-10));
#1761=CARTESIAN_POINT('Ctrl Pts',(57.3839278003044,6.49480469405717E-15,
1.47580425241545E-8));
#1762=CARTESIAN_POINT('Ctrl Pts',(57.4277466816641,7.87074210904062E-7,
-3.26505039367856E-8));
#1763=CARTESIAN_POINT('Ctrl Pts',(57.4713550604829,0.00305075951288981,
-9.55569095457824E-6));
#1764=CARTESIAN_POINT('Ctrl Pts',(57.5145247771519,0.00894946678263825,
-2.30209464205378E-5));
#1765=CARTESIAN_POINT('Ctrl Pts',(57.5590257725202,0.0150300798870302,-3.69014468583551E-5));
#1766=CARTESIAN_POINT('Ctrl Pts',(57.6030616444812,0.0241381164828766,-5.4846905790169E-5));
#1767=CARTESIAN_POINT('Ctrl Pts',(57.6463786932284,0.0361098342243338,-7.1263265010349E-5));
#1768=CARTESIAN_POINT('Ctrl Pts',(57.6877632946765,0.0475474732534923,-8.69472624941188E-5));
#1769=CARTESIAN_POINT('Ctrl Pts',(57.7284925449235,0.0615997721862909,-0.000101141436361054));
#1770=CARTESIAN_POINT('Ctrl Pts',(57.7683289263489,0.0781652160620424,-0.000110969497826741));
#1771=CARTESIAN_POINT('Ctrl Pts',(57.8098842663522,0.0954454666252937,-0.000121221644762969));
#1772=CARTESIAN_POINT('Ctrl Pts',(57.8502057282838,0.115350827813423,-0.000126274364690313));
#1773=CARTESIAN_POINT('Ctrl Pts',(57.8890462789789,0.137711688004179,-0.00012511064478448));
#1774=CARTESIAN_POINT('Ctrl Pts',(57.900420266169,0.14425979643251,-0.000124769863434452));
#1775=CARTESIAN_POINT('Ctrl Pts',(57.9116671515944,0.151018798665961,-0.000123909224813297));
#1776=CARTESIAN_POINT('Ctrl Pts',(57.9227804053174,0.15798520897983,-0.000122543306353425));
#1777=CARTESIAN_POINT('',(48.9189067448742,0.,0.));
#1778=CARTESIAN_POINT('',(0.,0.,0.));
#1779=CARTESIAN_POINT('',(48.0997547005852,1.57357643635103,0.));
#1780=CARTESIAN_POINT('Origin',(48.9189067448742,1.,0.));
#1781=CARTESIAN_POINT('',(54.,10.,0.));
#1782=CARTESIAN_POINT('',(47.8202532733392,1.17440703014803,0.));
#1783=CARTESIAN_POINT('',(30.,10.,0.));
#1784=CARTESIAN_POINT('',(48.,10.,0.));
#1785=CARTESIAN_POINT('',(35.9002452994149,1.57357643635105,0.));
#1786=CARTESIAN_POINT('',(32.6787090356124,6.17440703014802,0.));
#1787=CARTESIAN_POINT('',(35.0810932551259,0.,0.));
#1788=CARTESIAN_POINT('Origin',(35.0810932551259,1.,0.));
#1789=CARTESIAN_POINT('',(26.6160723251156,0.,-3.99548172325126E-10));
#1790=CARTESIAN_POINT('',(0.,0.,0.));
#1791=CARTESIAN_POINT('',(26.0762215873228,0.155672114839245,0.));
#1792=CARTESIAN_POINT('Ctrl Pts',(26.0771903885251,0.157929588942789,-0.000118957138543686));
#1793=CARTESIAN_POINT('Ctrl Pts',(26.1153647541052,0.134007875224164,-0.000124161093206728));
#1794=CARTESIAN_POINT('Ctrl Pts',(26.1550244224521,0.112585785722121,-0.000123142613609237));
#1795=CARTESIAN_POINT('Ctrl Pts',(26.1958943926212,0.0937845684545708,-0.000116269247847689));
#1796=CARTESIAN_POINT('Ctrl Pts',(26.2366645527894,0.0750292663052995,-0.000109412667775995));
#1797=CARTESIAN_POINT('Ctrl Pts',(26.2786401597476,0.058881507983042,-9.68585666102023E-5));
#1798=CARTESIAN_POINT('Ctrl Pts',(26.3215702776957,0.045508297854605,-8.16826650952632E-5));
#1799=CARTESIAN_POINT('Ctrl Pts',(26.3645647415471,0.0321150432603089,-6.64840171463352E-5));
#1800=CARTESIAN_POINT('Ctrl Pts',(26.4083119613511,0.0215685468101778,-4.88358424090785E-5));
#1801=CARTESIAN_POINT('Ctrl Pts',(26.4525509658648,0.0140065136222355,-3.35629356419676E-5));
#1802=CARTESIAN_POINT('Ctrl Pts',(26.4956453723782,0.00664013330127276,
-1.86851855637828E-5));
#1803=CARTESIAN_POINT('Ctrl Pts',(26.5392074344179,0.00210548533069794,
-6.18288968426451E-6));
#1804=CARTESIAN_POINT('Ctrl Pts',(26.5830057554972,0.000577883761909592,
-1.72739306622538E-6));
#1805=CARTESIAN_POINT('Ctrl Pts',(26.5940141967979,0.000193930409670369,
-6.07531122286996E-7));
#1806=CARTESIAN_POINT('Ctrl Pts',(26.605037572786,1.98203835569444E-7,2.82308030852101E-9));
#1807=CARTESIAN_POINT('Ctrl Pts',(26.6160721996956,3.27515792264421E-15,
1.47580422049653E-8));
#1808=CARTESIAN_POINT('',(18.0785933100916,0.276097559536038,0.));
#1809=CARTESIAN_POINT('Ctrl Pts',(18.0785933100916,0.276097559536039,1.52655665885959E-15));
#1810=CARTESIAN_POINT('Ctrl Pts',(17.2687244685295,1.17031230866855,1.86196202754734E-15));
#1811=CARTESIAN_POINT('Ctrl Pts',(16.2660829120529,3.5114611251724,3.27876525155394E-16));
#1812=CARTESIAN_POINT('Ctrl Pts',(17.2445141694426,7.21275002914279,-6.3910172214373E-17));
#1813=CARTESIAN_POINT('Ctrl Pts',(20.3047462590684,9.50861748230358,-3.73637477376805E-16));
#1814=CARTESIAN_POINT('Ctrl Pts',(24.1276139298337,9.44450325774789,-1.5492165351342E-16));
#1815=CARTESIAN_POINT('Ctrl Pts',(27.1004902559325,7.03953991441122,-1.65158353736468E-15));
#1816=CARTESIAN_POINT('Ctrl Pts',(27.9740884407472,3.32614140617975,-1.4161135972757E-15));
#1817=CARTESIAN_POINT('Ctrl Pts',(26.9053859231488,1.0208175603527,1.40794977283916E-15));
#1818=CARTESIAN_POINT('Ctrl Pts',(26.0762201805133,0.155673463144394,1.25236812956257E-15));
#1819=CARTESIAN_POINT('',(17.3815892664784,0.,8.1061546364225E-11));
#1820=CARTESIAN_POINT('Ctrl Pts',(17.381589266467,-4.44089209850063E-16,
8.2703899284553E-11));
#1821=CARTESIAN_POINT('Ctrl Pts',(17.4255205939554,4.25191273748482E-16,
7.35852236128548E-11));
#1822=CARTESIAN_POINT('Ctrl Pts',(17.4692445440004,0.00304645601311799,
1.09689154894467E-5));
#1823=CARTESIAN_POINT('Ctrl Pts',(17.5125320340219,0.00894009428453013,
2.64345997914861E-5));
#1824=CARTESIAN_POINT('Ctrl Pts',(17.5571061175668,0.0150089036463653,4.23599561430417E-5));
#1825=CARTESIAN_POINT('Ctrl Pts',(17.6012184163146,0.0240969387856672,6.29087491380448E-5));
#1826=CARTESIAN_POINT('Ctrl Pts',(17.6446148752857,0.0360422905988509,8.15847107158291E-5));
#1827=CARTESIAN_POINT('Ctrl Pts',(17.6864626015913,0.0475613367411669,9.95941646466198E-5));
#1828=CARTESIAN_POINT('Ctrl Pts',(17.727645484309,0.0617381294527837,0.000115744997483267));
#1829=CARTESIAN_POINT('Ctrl Pts',(17.7679187906713,0.0784700643270325,0.000126649468297081));
#1830=CARTESIAN_POINT('Ctrl Pts',(17.8095571938137,0.0957691418693249,0.000137923555100771));
#1831=CARTESIAN_POINT('Ctrl Pts',(17.8499635566649,0.115691146504637,0.000143202103652736));
#1832=CARTESIAN_POINT('Ctrl Pts',(17.8888890368446,0.138069771547517,0.000141165685128813));
#1833=CARTESIAN_POINT('Ctrl Pts',(17.9274517587763,0.160239843458232,0.000139148244601115));
#1834=CARTESIAN_POINT('Ctrl Pts',(17.9645620310489,0.184821577733342,0.000129813471844008));
#1835=CARTESIAN_POINT('Ctrl Pts',(17.999954725523,0.211697551711446,0.000115215170440695));
#1836=CARTESIAN_POINT('Ctrl Pts',(18.0270433214128,0.232267683741784,0.000104042031654005));
#1837=CARTESIAN_POINT('Ctrl Pts',(18.0531254274006,0.254182719663094,8.98346856663255E-5));
#1838=CARTESIAN_POINT('Ctrl Pts',(18.0780675450953,0.277404539846484,7.56189941714929E-5));
#1839=CARTESIAN_POINT('',(2.,0.,0.));
#1840=CARTESIAN_POINT('',(0.,0.,0.));
#1841=CARTESIAN_POINT('',(2.,10.5,0.));
#1842=CARTESIAN_POINT('Origin',(2.,10.5,2.));
#1843=CARTESIAN_POINT('',(0.,0.,2.));
#1844=CARTESIAN_POINT('Origin',(2.,0.,2.));
#1845=CARTESIAN_POINT('',(-5.55111512312578E-16,10.5,2.));
#1846=CARTESIAN_POINT('Origin',(0.,0.,0.));
#1847=CARTESIAN_POINT('',(0.,0.,0.));
#1848=CARTESIAN_POINT('Ctrl Pts',(20.6358972995918,-1.94196518281833E-15,
22.4999999050774));
#1849=CARTESIAN_POINT('Ctrl Pts',(19.5527745372616,-1.88324528896121E-15,
14.9997615613753));
#1850=CARTESIAN_POINT('Ctrl Pts',(18.4605595554188,-1.81998007822714E-16,
7.50083683996678));
#1851=CARTESIAN_POINT('Ctrl Pts',(17.3815892664551,-4.16333634234434E-16,
-1.45716771982052E-15));
#1852=CARTESIAN_POINT('Ctrl Pts',(28.3999126733679,1.24894295669634,22.6175515817737));
#1853=CARTESIAN_POINT('Ctrl Pts',(27.51732183325,1.39655281706094,15.0869670790672));
#1854=CARTESIAN_POINT('Ctrl Pts',(26.6568490617949,1.4800753155872,7.5560888351173));
#1855=CARTESIAN_POINT('Ctrl Pts',(25.7733508074175,1.54287870117406,0.0276612733968518));
#1856=CARTESIAN_POINT('Ctrl Pts',(28.3570254407868,1.08084648322323,22.6227956869905));
#1857=CARTESIAN_POINT('Ctrl Pts',(27.4453350095779,1.22101145634712,15.0957091241033));
#1858=CARTESIAN_POINT('Ctrl Pts',(26.5633882586771,1.30618613649401,7.56746889550617));
#1859=CARTESIAN_POINT('Ctrl Pts',(25.6632927191226,1.37134468471285,0.0411750940488175));
#1860=CARTESIAN_POINT('Ctrl Pts',(28.3603657862436,0.72250067876936,22.622387240887));
#1861=CARTESIAN_POINT('Ctrl Pts',(27.4025149229923,0.8302546217194,15.1009498552384));
#1862=CARTESIAN_POINT('Ctrl Pts',(26.482067320574,0.903119176079952,7.57735731121876));
#1863=CARTESIAN_POINT('Ctrl Pts',(25.5515174533792,0.959804823399679,0.0548997636118015));
#1864=CARTESIAN_POINT('Ctrl Pts',(28.6750449570792,0.178912190486341,22.5839093400741));
#1865=CARTESIAN_POINT('Ctrl Pts',(27.6983500743299,0.210389999996907,15.0652156434335));
#1866=CARTESIAN_POINT('Ctrl Pts',(26.7534047651019,0.233654497093809,7.54425791105214));
#1867=CARTESIAN_POINT('Ctrl Pts',(25.8024054447235,0.252471949217816,0.0240937104512887));
#1868=CARTESIAN_POINT('Ctrl Pts',(29.1028545595571,-2.87499768984702E-15,
22.5315982341079));
#1869=CARTESIAN_POINT('Ctrl Pts',(28.1608445446795,-0.000715142745303909,
15.0092602875909));
#1870=CARTESIAN_POINT('Ctrl Pts',(27.2375124469185,0.000564446583375937,
7.48524820161092));
#1871=CARTESIAN_POINT('Ctrl Pts',(26.3028059485383,3.37318778959708E-15,
-0.037349503468473));
#1872=CARTESIAN_POINT('Ctrl Pts',(29.3612705827512,-4.30211422042248E-15,
22.5));
#1873=CARTESIAN_POINT('Ctrl Pts',(28.4411811297471,-1.83024243784894E-15,
14.9753435075949));
#1874=CARTESIAN_POINT('Ctrl Pts',(27.5307827766892,3.55145397091388E-15,
7.44950305788573));
#1875=CARTESIAN_POINT('Ctrl Pts',(26.6069017476282,3.33066907387547E-15,
-0.0746888408455156));
#1876=CARTESIAN_POINT('Ctrl Pts',(26.6160721996956,3.33267698709406E-15,
1.47580358558774E-8));
#1877=CARTESIAN_POINT('Ctrl Pts',(27.5368075884201,3.51587159835578E-15,
7.49930648884409));
#1878=CARTESIAN_POINT('Ctrl Pts',(28.4442255487577,-1.83842143981672E-15,
15.0002413120409));
#1879=CARTESIAN_POINT('Ctrl Pts',(29.3612705826914,-4.30211422026171E-15,
22.4999999995106));
#1880=CARTESIAN_POINT('',(25.899439508723,1.53374349666287,1.10296006925321));
#1881=CARTESIAN_POINT('Ctrl Pts',(28.3861373361411,1.25124192803611,22.5000001210539));
#1882=CARTESIAN_POINT('Ctrl Pts',(27.5503760038114,1.39042541039434,15.367128779936));
#1883=CARTESIAN_POINT('Ctrl Pts',(26.734247432132,1.47231457280285,8.23400671672506));
#1884=CARTESIAN_POINT('Ctrl Pts',(25.8993895257673,1.53376289356316,1.10296608809043));
#1885=CARTESIAN_POINT('Ctrl Pts',(25.8982704419181,1.53492966768188,1.10291805885664));
#1886=CARTESIAN_POINT('Ctrl Pts',(25.8973748324901,1.53380290679617,1.10143673585826));
#1887=CARTESIAN_POINT('Ctrl Pts',(25.8964817144991,1.53267464608542,1.09995516824377));
#1888=CARTESIAN_POINT('Ctrl Pts',(25.8955910865224,1.5315448956949,1.09847336866294));
#1889=CARTESIAN_POINT('Ctrl Pts',(25.8697580747445,1.49877604505502,1.05549319397157));
#1890=CARTESIAN_POINT('Ctrl Pts',(25.8458560634782,1.46454915072263,1.01206511893826));
#1891=CARTESIAN_POINT('Ctrl Pts',(25.8239611515664,1.42908629095559,0.968496002640996));
#1892=CARTESIAN_POINT('Ctrl Pts',(25.8015742606217,1.39282658014294,0.923947887579784));
#1893=CARTESIAN_POINT('Ctrl Pts',(25.7812850091399,1.35527382290168,0.879251935119974));
#1894=CARTESIAN_POINT('Ctrl Pts',(25.763220320941,1.31664594472805,0.834764230946075));
#1895=CARTESIAN_POINT('Ctrl Pts',(25.7463156640837,1.28049857155126,0.793133322892462));
#1896=CARTESIAN_POINT('Ctrl Pts',(25.7313590965461,1.24340886090545,0.751684837488901));
#1897=CARTESIAN_POINT('Ctrl Pts',(25.7184973785291,1.2055516404667,0.710736481723001));
#1898=CARTESIAN_POINT('Ctrl Pts',(25.7176147817315,1.20295380233319,0.707926523704947));
#1899=CARTESIAN_POINT('Ctrl Pts',(25.7167420671075,1.20035235129299,0.705118931352594));
#1900=CARTESIAN_POINT('Ctrl Pts',(25.7158792899751,1.19774734464595,0.702313812072021));
#1901=CARTESIAN_POINT('Ctrl Pts',(25.7051234497791,1.1652719414905,0.667343698026837));
#1902=CARTESIAN_POINT('Ctrl Pts',(25.6957906549895,1.13189231205221,0.632383086178785));
#1903=CARTESIAN_POINT('Ctrl Pts',(25.6881299012924,1.0977342973749,0.597703639815536));
#1904=CARTESIAN_POINT('Ctrl Pts',(25.680662210356,1.06443711713671,0.563898168770847));
#1905=CARTESIAN_POINT('Ctrl Pts',(25.6747831379148,1.03039966260087,0.530359798931765));
#1906=CARTESIAN_POINT('Ctrl Pts',(25.6707462524067,0.995742312972642,0.497382770984368));
#1907=CARTESIAN_POINT('Ctrl Pts',(25.6668788074577,0.962539639403261,0.465789890802499));
#1908=CARTESIAN_POINT('Ctrl Pts',(25.6647020593605,0.928767502492694,0.43471226743405));
#1909=CARTESIAN_POINT('Ctrl Pts',(25.6644623200778,0.894543440640909,0.404448186906281));
#1910=CARTESIAN_POINT('Ctrl Pts',(25.6643338332562,0.876201261252665,0.388228335607957));
#1911=CARTESIAN_POINT('Ctrl Pts',(25.6647621382122,0.857729519102273,0.372242843737431));
#1912=CARTESIAN_POINT('Ctrl Pts',(25.6657882288905,0.839148569871749,0.356542578161127));
#1913=CARTESIAN_POINT('Ctrl Pts',(25.6674609373423,0.808858351397738,0.330948381195937));
#1914=CARTESIAN_POINT('Ctrl Pts',(25.6707341082761,0.778109984984301,0.30596474085974));
#1915=CARTESIAN_POINT('Ctrl Pts',(25.6758604472644,0.747006198878669,0.281871556039167));
#1916=CARTESIAN_POINT('Ctrl Pts',(25.6784957540862,0.731016616469772,0.269485926750403));
#1917=CARTESIAN_POINT('Ctrl Pts',(25.6816211265935,0.714933345935785,0.257336303635487));
#1918=CARTESIAN_POINT('Ctrl Pts',(25.6852730812855,0.698772241111479,0.245465316569873));
#1919=CARTESIAN_POINT('Ctrl Pts',(25.6921378830922,0.668393227418541,0.223150698693463));
#1920=CARTESIAN_POINT('Ctrl Pts',(25.7008633539548,0.637736100838719,0.201819727301478));
#1921=CARTESIAN_POINT('Ctrl Pts',(25.7116215827989,0.607004204966091,0.181679938342058));
#1922=CARTESIAN_POINT('Ctrl Pts',(25.7182846140726,0.587970627388505,0.169206505621081));
#1923=CARTESIAN_POINT('Ctrl Pts',(25.7257275045888,0.568909168434156,0.157190428094402));
#1924=CARTESIAN_POINT('Ctrl Pts',(25.7339920150731,0.549877161311905,0.145685590179549));
#1925=CARTESIAN_POINT('Ctrl Pts',(25.7474416337628,0.518904578098397,0.126962680536504));
#1926=CARTESIAN_POINT('Ctrl Pts',(25.7629790401695,0.488212734152015,0.109715153033079));
#1927=CARTESIAN_POINT('Ctrl Pts',(25.780712080012,0.458020697562948,0.0941154914660716));
#1928=CARTESIAN_POINT('Ctrl Pts',(25.7976543056827,0.429175090611437,0.0792115049525729));
#1929=CARTESIAN_POINT('Ctrl Pts',(25.8166011798002,0.400785543285075,0.0658116560940053));
#1930=CARTESIAN_POINT('Ctrl Pts',(25.8376475267756,0.373080875862462,0.054094626935893));
#1931=CARTESIAN_POINT('Ctrl Pts',(25.8485780927708,0.358692265050644,0.0480093067313563));
#1932=CARTESIAN_POINT('Ctrl Pts',(25.86007492515,0.344489034377961,0.0423783714644124));
#1933=CARTESIAN_POINT('Ctrl Pts',(25.8721507084468,0.330507780128985,0.0372301316724151));
#1934=CARTESIAN_POINT('Ctrl Pts',(25.9010903439574,0.297001680193079,0.0248923661262882));
#1935=CARTESIAN_POINT('Ctrl Pts',(25.9327049049928,0.265509863720635,0.0155979983153157));
#1936=CARTESIAN_POINT('Ctrl Pts',(25.9667880152396,0.236287207052974,0.00937497553205074));
#1937=CARTESIAN_POINT('Ctrl Pts',(25.9991180553852,0.208567622297141,0.0034720348980085));
#1938=CARTESIAN_POINT('Ctrl Pts',(26.033670243577,0.182889516358013,0.000332687893803349));
#1939=CARTESIAN_POINT('Ctrl Pts',(26.0702515134337,0.159464168432015,2.50226717110336E-5));
#1940=CARTESIAN_POINT('Ctrl Pts',(26.0722351030042,0.158193948015567,8.33977556932726E-6));
#1941=CARTESIAN_POINT('Ctrl Pts',(26.0742246522425,0.156930350220821,-6.03279270020901E-9));
#1942=CARTESIAN_POINT('Ctrl Pts',(26.0762201280338,0.155673408387843,1.2490009027033E-15));
#1943=CARTESIAN_POINT('Ctrl Pts',(25.3440706117507,0.83012362972235,1.0977328304056));
#1944=CARTESIAN_POINT('Ctrl Pts',(26.0298372665014,1.53773848679515,1.10699563243178));
#1945=CARTESIAN_POINT('Ctrl Pts',(26.9099910298444,3.42828628743984,1.1018340239981));
#1946=CARTESIAN_POINT('Ctrl Pts',(26.1884127077851,6.46682353592877,1.02793587364348));
#1947=CARTESIAN_POINT('Ctrl Pts',(23.762266850813,8.43309942471238,0.920612525157496));
#1948=CARTESIAN_POINT('Ctrl Pts',(20.6343307808506,8.50039418428268,0.828833049305113));
#1949=CARTESIAN_POINT('Ctrl Pts',(18.1178244973713,6.62468851872743,0.789818544230085));
#1950=CARTESIAN_POINT('Ctrl Pts',(17.3219017329286,3.58599697061566,0.816646674350922));
#1951=CARTESIAN_POINT('Ctrl Pts',(18.1516914780598,1.67340424972628,0.871323726779629));
#1952=CARTESIAN_POINT('Ctrl Pts',(18.8162399605539,0.944166430991835,0.902217577993138));
#1953=CARTESIAN_POINT('Ctrl Pts',(25.3217435112255,0.851721429866612,0.781409611829048));
#1954=CARTESIAN_POINT('Ctrl Pts',(25.9997521895054,1.55594853811617,0.789195885633982));
#1955=CARTESIAN_POINT('Ctrl Pts',(26.8728215649575,3.42827251624649,0.784742202335202));
#1956=CARTESIAN_POINT('Ctrl Pts',(26.1845498955821,6.45501959203375,0.72300987515546));
#1957=CARTESIAN_POINT('Ctrl Pts',(23.7778585021625,8.45351574965028,0.63690028810946));
#1958=CARTESIAN_POINT('Ctrl Pts',(20.6228760479552,8.54870260969843,0.566186422846842));
#1959=CARTESIAN_POINT('Ctrl Pts',(18.0694144055656,6.65753917758976,0.536875987788142));
#1960=CARTESIAN_POINT('Ctrl Pts',(17.2698876979914,3.57917333763182,0.556948731327896));
#1961=CARTESIAN_POINT('Ctrl Pts',(18.1214794165491,1.65350569828268,0.598904375644152));
#1962=CARTESIAN_POINT('Ctrl Pts',(18.7959071793877,0.925751518975671,0.6230177294914));
#1963=CARTESIAN_POINT('Ctrl Pts',(25.4874774909137,0.691401044047479,0.207452748772555));
#1964=CARTESIAN_POINT('Ctrl Pts',(26.2004133667769,1.43476895427516,0.209889365715138));
#1965=CARTESIAN_POINT('Ctrl Pts',(27.1203312542098,3.39984862461574,0.208518381382545));
#1966=CARTESIAN_POINT('Ctrl Pts',(26.4122468498131,6.59363702461846,0.189348860685062));
#1967=CARTESIAN_POINT('Ctrl Pts',(23.8781286461067,8.72163460470104,0.163739941342099));
#1968=CARTESIAN_POINT('Ctrl Pts',(20.5329291852084,8.82930210033992,0.143571241488289));
#1969=CARTESIAN_POINT('Ctrl Pts',(17.8225431822029,6.82414860520895,0.135368236832268));
#1970=CARTESIAN_POINT('Ctrl Pts',(16.975221854677,3.55656848975913,0.140997279766777));
#1971=CARTESIAN_POINT('Ctrl Pts',(17.8821401492537,1.51685049012901,0.152866348788271));
#1972=CARTESIAN_POINT('Ctrl Pts',(18.5989585443085,0.747379865976694,0.159879001369619));
#1973=CARTESIAN_POINT('Ctrl Pts',(25.8880400269921,0.303922625622901,1.25313619950982E-15));
#1974=CARTESIAN_POINT('Ctrl Pts',(26.6891689105401,1.13399641595752,-3.07374423171868E-5));
#1975=CARTESIAN_POINT('Ctrl Pts',(27.7197617122688,3.34238078098102,-0.000149771187975233));
#1976=CARTESIAN_POINT('Ctrl Pts',(26.894288825598,6.9059922356585,-5.8001873282586E-6));
#1977=CARTESIAN_POINT('Ctrl Pts',(24.052825360905,9.22792824191784,5.89779379671236E-5));
#1978=CARTESIAN_POINT('Ctrl Pts',(20.373120665959,9.30500713242448,4.76819216164542E-5));
#1979=CARTESIAN_POINT('Ctrl Pts',(17.4177588641765,7.0962873856987,0.000108125614986186));
#1980=CARTESIAN_POINT('Ctrl Pts',(16.4786318515919,3.52497884658504,2.33912470034543E-5));
#1981=CARTESIAN_POINT('Ctrl Pts',(17.4525632886817,1.27420899408496,6.15626217934326E-5));
#1982=CARTESIAN_POINT('Ctrl Pts',(18.2345475763257,0.417341596333916,1.5338566597791E-15));
#1983=CARTESIAN_POINT('Ctrl Pts',(26.0593777987969,0.13818149195296,1.2490009027033E-15));
#1984=CARTESIAN_POINT('Ctrl Pts',(26.8981729623828,1.00530054168566,1.4269909436548E-15));
#1985=CARTESIAN_POINT('Ctrl Pts',(27.9760465320034,3.3178181595473,-1.4155858127189E-15));
#1986=CARTESIAN_POINT('Ctrl Pts',(27.1004902559325,7.03953991441122,-1.65158353736468E-15));
#1987=CARTESIAN_POINT('Ctrl Pts',(24.1276139298337,9.44450325774789,-1.5492165351342E-16));
#1988=CARTESIAN_POINT('Ctrl Pts',(20.3047462590684,9.50861748230358,-3.73637477376805E-16));
#1989=CARTESIAN_POINT('Ctrl Pts',(17.2445141694426,7.21275002914279,-6.3910172214373E-17));
#1990=CARTESIAN_POINT('Ctrl Pts',(16.2660829120529,3.5114611251724,3.27876525155394E-16));
#1991=CARTESIAN_POINT('Ctrl Pts',(17.2687244685295,1.17031230866855,1.86196202754734E-15));
#1992=CARTESIAN_POINT('Ctrl Pts',(18.0785933100916,0.276097559536039,1.52655665885959E-15));
#1993=CARTESIAN_POINT('',(18.3618498085867,1.5347996567193,0.87959764528986));
#1994=CARTESIAN_POINT('Ctrl Pts',(25.8980691146745,1.53461188569076,1.10291724053908));
#1995=CARTESIAN_POINT('Ctrl Pts',(26.2656801138639,2.11480808217929,1.10441236531172));
#1996=CARTESIAN_POINT('Ctrl Pts',(26.8369691746307,3.7357783783709,1.09435572279255));
#1997=CARTESIAN_POINT('Ctrl Pts',(26.1884127077851,6.46682353592877,1.02793587364348));
#1998=CARTESIAN_POINT('Ctrl Pts',(23.762266850813,8.43309942471238,0.920612525157496));
#1999=CARTESIAN_POINT('Ctrl Pts',(20.6343307808506,8.50039418428268,0.828833049305113));
#2000=CARTESIAN_POINT('Ctrl Pts',(18.1178244973713,6.62468851872743,0.789818544230085));
#2001=CARTESIAN_POINT('Ctrl Pts',(17.3887509323959,3.84121532407198,0.814393391618094));
#2002=CARTESIAN_POINT('Ctrl Pts',(17.9642028797942,2.15711443153719,0.858130781450242));
#2003=CARTESIAN_POINT('Ctrl Pts',(18.3629008498133,1.53546875451922,0.879632158697942));
#2004=CARTESIAN_POINT('Ctrl Pts',(18.3628671097742,1.53552136243671,0.87963033911887));
#2005=CARTESIAN_POINT('Ctrl Pts',(18.3633769077271,1.53439558259246,0.878192178611455));
#2006=CARTESIAN_POINT('Ctrl Pts',(18.3638843472027,1.53326826296073,0.876754450707166));
#2007=CARTESIAN_POINT('Ctrl Pts',(18.3643894305497,1.53213941263399,0.875317165413673));
#2008=CARTESIAN_POINT('Ctrl Pts',(18.3789563945896,1.4995825639207,0.833864832230426));
#2009=CARTESIAN_POINT('Ctrl Pts',(18.3916320155273,1.46561008218642,0.792602780075278));
#2010=CARTESIAN_POINT('Ctrl Pts',(18.4023975604305,1.43040701198525,0.751781446168481));
#2011=CARTESIAN_POINT('Ctrl Pts',(18.4129494414514,1.39590261748656,0.711770293702681));
#2012=CARTESIAN_POINT('Ctrl Pts',(18.4216663115379,1.36021537071494,0.672182212144242));
#2013=CARTESIAN_POINT('Ctrl Pts',(18.4284902142472,1.32351811806082,0.633281632236227));
#2014=CARTESIAN_POINT('Ctrl Pts',(18.4351026409626,1.28795813073842,0.595586599820567));
#2015=CARTESIAN_POINT('Ctrl Pts',(18.4399375147381,1.25144923708442,0.55853693413566));
#2016=CARTESIAN_POINT('Ctrl Pts',(18.4429046856733,1.21415573509849,0.522403959597662));
#2017=CARTESIAN_POINT('Ctrl Pts',(18.4439851577305,1.20057559843236,0.509246419912458));
#2018=CARTESIAN_POINT('Ctrl Pts',(18.4448176129514,1.18689153076252,0.496210747700008));
#2019=CARTESIAN_POINT('Ctrl Pts',(18.4453964485599,1.17311191868269,0.483311170056552));
#2020=CARTESIAN_POINT('Ctrl Pts',(18.446787759004,1.13999073899284,0.452305273331958));
#2021=CARTESIAN_POINT('Ctrl Pts',(18.4467277228428,1.10610832293819,0.421891821433851));
#2022=CARTESIAN_POINT('Ctrl Pts',(18.445060700229,1.07157000610379,0.392315226851284));
#2023=CARTESIAN_POINT('Ctrl Pts',(18.4434353914623,1.03789594033128,0.363478726332875));
#2024=CARTESIAN_POINT('Ctrl Pts',(18.4402824409301,1.00359796294059,0.335437542575177));
#2025=CARTESIAN_POINT('Ctrl Pts',(18.4354368635549,0.968785147610157,0.308460495113915));
#2026=CARTESIAN_POINT('Ctrl Pts',(18.4307690935077,0.93524978039268,0.282473364097081));
#2027=CARTESIAN_POINT('Ctrl Pts',(18.4245305142359,0.901236310257916,0.257473656378682));
#2028=CARTESIAN_POINT('Ctrl Pts',(18.4165556332183,0.86685857771252,0.23374295049169));
#2029=CARTESIAN_POINT('Ctrl Pts',(18.4116509097331,0.845715532216228,0.219148055567622));
#2030=CARTESIAN_POINT('Ctrl Pts',(18.4060890792671,0.824435042366358,0.205033975392709));
#2031=CARTESIAN_POINT('Ctrl Pts',(18.3998283816076,0.80304775767119,0.191474566242211));
#2032=CARTESIAN_POINT('Ctrl Pts',(18.3989939989346,0.800197407639406,0.189667461560437));
#2033=CARTESIAN_POINT('Ctrl Pts',(18.3981471995944,0.797345166036859,0.18787021855498));
#2034=CARTESIAN_POINT('Ctrl Pts',(18.3972879308544,0.794491152602917,0.186082948308118));
#2035=CARTESIAN_POINT('Ctrl Pts',(18.3872327406574,0.761093396386225,0.165168254884413));
#2036=CARTESIAN_POINT('Ctrl Pts',(18.3754671695904,0.727446848058457,0.145613150089527));
#2037=CARTESIAN_POINT('Ctrl Pts',(18.3618934887939,0.693740921044078,0.127600091768453));
#2038=CARTESIAN_POINT('Ctrl Pts',(18.3489656385808,0.661638709251478,0.110444087929459));
#2039=CARTESIAN_POINT('Ctrl Pts',(18.3343972807712,0.629482406110598,0.0946869661129273));
#2040=CARTESIAN_POINT('Ctrl Pts',(18.3181019310334,0.597470618754609,0.0805158970353491));
#2041=CARTESIAN_POINT('Ctrl Pts',(18.3018423027846,0.565529005327383,0.0663758927521508));
#2042=CARTESIAN_POINT('Ctrl Pts',(18.2838628359387,0.533730784889928,0.0538148567854086));
#2043=CARTESIAN_POINT('Ctrl Pts',(18.2640811512889,0.502314610218979,0.0430496012276025));
#2044=CARTESIAN_POINT('Ctrl Pts',(18.2430791871292,0.468960455294598,0.0316202656882999));
#2045=CARTESIAN_POINT('Ctrl Pts',(18.2202664666327,0.436385839772368,0.0223340437641529));
#2046=CARTESIAN_POINT('Ctrl Pts',(18.1956455331257,0.404826375090904,0.0153426500058858));
#2047=CARTESIAN_POINT('Ctrl Pts',(18.1722060105173,0.374781259794975,0.00868673129286186));
#2048=CARTESIAN_POINT('Ctrl Pts',(18.1471269949193,0.345656073900382,0.00411077898830921));
#2049=CARTESIAN_POINT('Ctrl Pts',(18.1204205248495,0.317682014714119,0.00178196805972031));
#2050=CARTESIAN_POINT('Ctrl Pts',(18.1068942453643,0.303513727332789,0.000602473075694774));
#2051=CARTESIAN_POINT('Ctrl Pts',(18.0929507061583,0.289641194798412,1.52753955838386E-15));
#2052=CARTESIAN_POINT('Ctrl Pts',(18.0785933100916,0.276097559536039,1.52655665885959E-15));
#2053=CARTESIAN_POINT('Ctrl Pts',(18.2126132511431,1.5432396528193,-0.119540020403712));
#2054=CARTESIAN_POINT('Ctrl Pts',(19.3385155951891,1.48058967280646,7.42285369746859));
#2055=CARTESIAN_POINT('Ctrl Pts',(20.4871028029251,1.39747740629412,14.9616095838453));
#2056=CARTESIAN_POINT('Ctrl Pts',(21.6148591822619,1.25059864404974,22.5057431704801));
#2057=CARTESIAN_POINT('Ctrl Pts',(18.3224631880862,1.37171894559307,-0.135341566382504));
#2058=CARTESIAN_POINT('Ctrl Pts',(19.4318232195119,1.30671003250418,7.40933589396077));
#2059=CARTESIAN_POINT('Ctrl Pts',(20.5590959372807,1.22194233176321,14.9511549823654));
#2060=CARTESIAN_POINT('Ctrl Pts',(21.6579471341064,1.08241864487746,22.4995214510472));
#2061=CARTESIAN_POINT('Ctrl Pts',(18.4341195542652,0.960113580077967,-0.151402961164339));
#2062=CARTESIAN_POINT('Ctrl Pts',(19.5131405761717,0.903547172814876,7.39754176812732));
#2063=CARTESIAN_POINT('Ctrl Pts',(20.6022028111849,0.831021716502667,14.9449345331022));
#2064=CARTESIAN_POINT('Ctrl Pts',(21.6551409485381,0.723700883664795,22.4999266524675));
#2065=CARTESIAN_POINT('Ctrl Pts',(18.1840525444762,0.252526214435669,-0.115431658285881));
#2066=CARTESIAN_POINT('Ctrl Pts',(19.2427661687529,0.233744844950077,7.43665153971295));
#2067=CARTESIAN_POINT('Ctrl Pts',(20.30758459633,0.210606136265764,14.987903653061));
#2068=CARTESIAN_POINT('Ctrl Pts',(21.3415897787245,0.179235486980819,22.5452021256085));
#2069=CARTESIAN_POINT('Ctrl Pts',(17.6849082612294,-4.80124491065137E-16,
-0.0436314227895166));
#2070=CARTESIAN_POINT('Ctrl Pts',(18.7599466730736,0.000563551619848169,
7.50653616725733));
#2071=CARTESIAN_POINT('Ctrl Pts',(19.8463408422828,-0.000713877980954698,
15.0550868093818));
#2072=CARTESIAN_POINT('Ctrl Pts',(20.914615530786,-2.13274830867915E-15,
22.6068554152643));
#2073=CARTESIAN_POINT('Ctrl Pts',(17.3815892664551,-4.16333634234434E-16,
-1.45716771982052E-15));
#2074=CARTESIAN_POINT('Ctrl Pts',(18.4674693726674,-1.80497302594865E-16,
7.54887283530963));
#2075=CARTESIAN_POINT('Ctrl Pts',(19.5667643552274,-1.90511453544852E-15,
15.0958089829017));
#2076=CARTESIAN_POINT('Ctrl Pts',(20.6567054051673,-1.94289029309402E-15,
22.6440965551146));
#2077=CARTESIAN_POINT('Ctrl Pts',(18.361892140097,1.53481689390507,0.879591462673736));
#2078=CARTESIAN_POINT('Ctrl Pts',(19.4396254744765,1.47314171263034,8.0867303629013));
#2079=CARTESIAN_POINT('Ctrl Pts',(20.5363188580515,1.39103526630333,15.2909109009278));
#2080=CARTESIAN_POINT('Ctrl Pts',(21.614000643755,1.25071044708909,22.4999999995443));
#2081=CARTESIAN_POINT('Origin',(35.0810932551259,1.,0.));
#2082=CARTESIAN_POINT('',(35.0810932551259,0.,20.5));
#2083=CARTESIAN_POINT('',(35.0810932551259,0.,0.));
#2084=CARTESIAN_POINT('',(35.9002452994149,1.57357643635104,19.5));
#2085=CARTESIAN_POINT('',(35.9002452994149,1.57357643635104,0.));
#2086=CARTESIAN_POINT('',(36.0810932551259,1.,19.5));
#2087=CARTESIAN_POINT('Origin',(35.0810932551259,1.,19.5));
#2088=CARTESIAN_POINT('Origin',(35.0810932551259,1.,20.5));
#2089=CARTESIAN_POINT('Origin',(48.9189067448742,1.,0.));
#2090=CARTESIAN_POINT('',(48.0997547005852,1.57357643635103,19.5));
#2091=CARTESIAN_POINT('',(48.0997547005852,1.57357643635103,0.));
#2092=CARTESIAN_POINT('',(48.9189067448742,0.,20.5));
#2093=CARTESIAN_POINT('',(48.9189067448742,0.,0.));
#2094=CARTESIAN_POINT('',(47.9189067448742,1.,19.5));
#2095=CARTESIAN_POINT('Origin',(48.9189067448742,1.,20.5));
#2096=CARTESIAN_POINT('Origin',(48.9189067448742,1.,19.5));
#2097=CARTESIAN_POINT('Origin',(21.,1.,20.5));
#2098=CARTESIAN_POINT('',(21.,1.,19.5));
#2099=CARTESIAN_POINT('',(21.,0.,20.5));
#2100=CARTESIAN_POINT('Origin',(30.,10.,0.));
#2101=CARTESIAN_POINT('',(30.,10.,19.5));
#2102=CARTESIAN_POINT('',(30.,10.,0.));
#2103=CARTESIAN_POINT('',(37.0020753820971,0.,19.5));
#2104=CARTESIAN_POINT('',(30.7002075382097,9.,9.2371849350724));
#2105=CARTESIAN_POINT('',(30.7002075382097,9.,13.7628150649276));
#2106=CARTESIAN_POINT('Origin',(31.5000000000001,7.85777798988668,11.5));
#2107=CARTESIAN_POINT('',(30.7002075382097,9.,5.75));
#2108=CARTESIAN_POINT('Origin',(0.,0.,0.));
#2109=CARTESIAN_POINT('Ctrl Pts',(54.6387294173086,-4.30211422017321E-15,
22.4999999995106));
#2110=CARTESIAN_POINT('Ctrl Pts',(55.5557744512412,-4.82274565179115E-16,
15.0002413120502));
#2111=CARTESIAN_POINT('Ctrl Pts',(56.4631924115799,6.68774068550619E-15,
7.49930648884416));
#2112=CARTESIAN_POINT('Ctrl Pts',(57.3839278003044,6.52442961315764E-15,
1.47580399081915E-8));
#2113=CARTESIAN_POINT('',(29.1000000000001,0.,11.5));
#2114=CARTESIAN_POINT('Origin',(31.5000000000001,0.,11.5));
#2115=CARTESIAN_POINT('',(50.1000000000001,0.,11.5));
#2116=CARTESIAN_POINT('Origin',(52.5000000000001,0.,11.5));
#2117=CARTESIAN_POINT('Ctrl Pts',(58.226649192566,1.54287870117289,0.027661273537295));
#2118=CARTESIAN_POINT('Ctrl Pts',(57.3431509381943,1.48007531558612,7.55608883521096));
#2119=CARTESIAN_POINT('Ctrl Pts',(56.4826781667437,1.39655281705987,15.0869670791217));
#2120=CARTESIAN_POINT('Ctrl Pts',(55.6000873266321,1.24894295669635,22.6175515817737));
#2121=CARTESIAN_POINT('Ctrl Pts',(58.3367072808606,1.37134468471164,0.041175094189221));
#2122=CARTESIAN_POINT('Ctrl Pts',(57.4366117413119,1.30618613649292,7.5674688955998));
#2123=CARTESIAN_POINT('Ctrl Pts',(56.5546649904155,1.22101145634611,15.0957091241578));
#2124=CARTESIAN_POINT('Ctrl Pts',(55.6429745592132,1.08084648322323,22.6227956869905));
#2125=CARTESIAN_POINT('Ctrl Pts',(58.4484449281619,0.959852981975377,0.0548951446561667));
#2126=CARTESIAN_POINT('Ctrl Pts',(57.5178950609729,0.903167334655797,7.57735269221637));
#2127=CARTESIAN_POINT('Ctrl Pts',(56.5974659753025,0.830283214061077,15.100947519602));
#2128=CARTESIAN_POINT('Ctrl Pts',(55.6396151120581,0.722529271111818,22.6223849051962));
#2129=CARTESIAN_POINT('Ctrl Pts',(58.1975268176147,0.252604482706714,0.0240853932167543));
#2130=CARTESIAN_POINT('Ctrl Pts',(57.2465274972423,0.233787030582767,7.54424959377085));
#2131=CARTESIAN_POINT('Ctrl Pts',(56.3016179574049,0.210462770228115,15.0652117345179));
#2132=CARTESIAN_POINT('Ctrl Pts',(55.3249230746627,0.178984960717777,22.583905431104));
#2133=CARTESIAN_POINT('Ctrl Pts',(57.6971940514443,6.58633834325516E-15,
-0.0373495033281367));
#2134=CARTESIAN_POINT('Ctrl Pts',(56.7624875530699,0.000564446583376599,
7.4852482017045));
#2135=CARTESIAN_POINT('Ctrl Pts',(55.8391554553137,-0.000715142745299011,
15.0092602876453));
#2136=CARTESIAN_POINT('Ctrl Pts',(54.8971454404429,-4.03114272727524E-15,
22.5315982341079));
#2137=CARTESIAN_POINT('Ctrl Pts',(57.3930982523545,6.52256026967279E-15,
-0.0746888407051498));
#2138=CARTESIAN_POINT('Ctrl Pts',(56.4692172232994,6.73538384334351E-15,
7.44950305797934));
#2139=CARTESIAN_POINT('Ctrl Pts',(55.5588188702462,-4.6959340775312E-16,
14.9753435076493));
#2140=CARTESIAN_POINT('Ctrl Pts',(54.6387294172488,-4.30211422042248E-15,
22.5));
#2141=CARTESIAN_POINT('',(58.100560491277,1.53374349666288,1.10296006925317));
#2142=CARTESIAN_POINT('Ctrl Pts',(58.1006104742327,1.53376289356315,1.10296608809038));
#2143=CARTESIAN_POINT('Ctrl Pts',(57.2657525678679,1.4723145728028,8.23400671672564));
#2144=CARTESIAN_POINT('Ctrl Pts',(56.4496239961878,1.3904254103942,15.3671287799432));
#2145=CARTESIAN_POINT('Ctrl Pts',(55.6138626638589,1.25124192803611,22.5000001210539));
#2146=CARTESIAN_POINT('Ctrl Pts',(57.9237801227906,0.155673284902282,5.55111512312578E-15));
#2147=CARTESIAN_POINT('Ctrl Pts',(57.9605681403574,0.178846109213734,-1.10964296352515E-7));
#2148=CARTESIAN_POINT('Ctrl Pts',(57.9953383408991,0.204280050923303,0.00283675460427268));
#2149=CARTESIAN_POINT('Ctrl Pts',(58.0278968158295,0.231764800468326,0.00843940790458347));
#2150=CARTESIAN_POINT('Ctrl Pts',(58.0621877766215,0.260712055247248,0.0143401868895399));
#2151=CARTESIAN_POINT('Ctrl Pts',(58.0940264656884,0.291934455839443,0.0233088547657354));
#2152=CARTESIAN_POINT('Ctrl Pts',(58.1232073059762,0.32517911063305,0.0353141117018581));
#2153=CARTESIAN_POINT('Ctrl Pts',(58.1247572189543,0.326944869309207,0.035951759670413));
#2154=CARTESIAN_POINT('Ctrl Pts',(58.1262996359898,0.328716330767131,0.0365979858390798));
#2155=CARTESIAN_POINT('Ctrl Pts',(58.1278345267818,0.330493456340211,0.0372527893896333));
#2156=CARTESIAN_POINT('Ctrl Pts',(58.1509730944812,0.357283727412851,0.0471239908873724));
#2157=CARTESIAN_POINT('Ctrl Pts',(58.1719847648813,0.384886333310622,0.0587664430812448));
#2158=CARTESIAN_POINT('Ctrl Pts',(58.1909609102421,0.413054311064569,0.0719878620472263));
#2159=CARTESIAN_POINT('Ctrl Pts',(58.210808726394,0.442516187183437,0.0858166079761677));
#2160=CARTESIAN_POINT('Ctrl Pts',(58.228430270536,0.472596739758106,0.101372749295782));
#2161=CARTESIAN_POINT('Ctrl Pts',(58.2439334944725,0.503059665481295,0.118470237752638));
#2162=CARTESIAN_POINT('Ctrl Pts',(58.2518225594968,0.518561215536007,0.127170569937805));
#2163=CARTESIAN_POINT('Ctrl Pts',(58.259163095135,0.534162485901711,0.136270553213041));
#2164=CARTESIAN_POINT('Ctrl Pts',(58.2659689725696,0.549836384699999,0.145748760710012));
#2165=CARTESIAN_POINT('Ctrl Pts',(58.2793117058713,0.58056462708635,0.164330522727439));
#2166=CARTESIAN_POINT('Ctrl Pts',(58.2905132043506,0.611367466393412,0.184243268873964));
#2167=CARTESIAN_POINT('Ctrl Pts',(58.2997488850142,0.642013027501111,0.205264462386629));
#2168=CARTESIAN_POINT('Ctrl Pts',(58.3054678996707,0.660989691974227,0.218281425421256));
#2169=CARTESIAN_POINT('Ctrl Pts',(58.3104330602214,0.679907068737443,0.23172391543837));
#2170=CARTESIAN_POINT('Ctrl Pts',(58.3146850598895,0.698718841127529,0.245543612934677));
#2171=CARTESIAN_POINT('Ctrl Pts',(58.3217916361343,0.730159881866953,0.268641153292804));
#2172=CARTESIAN_POINT('Ctrl Pts',(58.3269076756245,0.761305617117183,0.292789310485584));
#2173=CARTESIAN_POINT('Ctrl Pts',(58.3302967089702,0.792043844751572,0.317685643853766));
#2174=CARTESIAN_POINT('Ctrl Pts',(58.3320380231636,0.807837407870559,0.330477591950403));
#2175=CARTESIAN_POINT('Ctrl Pts',(58.3333230556033,0.823523723376407,0.343467805036772));
#2176=CARTESIAN_POINT('Ctrl Pts',(58.33418540961,0.839089316133147,0.356619749239465));
#2177=CARTESIAN_POINT('Ctrl Pts',(58.3361166088921,0.873947693693645,0.386072879861399));
#2178=CARTESIAN_POINT('Ctrl Pts',(58.3359470605542,0.908420504415454,0.416526288392504));
#2179=CARTESIAN_POINT('Ctrl Pts',(58.3339409134665,0.942377983786084,0.447654665892453));
#2180=CARTESIAN_POINT('Ctrl Pts',(58.3318777372218,0.977300779426875,0.479667936200153));
#2181=CARTESIAN_POINT('Ctrl Pts',(58.3278719155733,1.01167911587424,0.51239516132664));
#2182=CARTESIAN_POINT('Ctrl Pts',(58.3221827759229,1.04539008189362,0.545528203797431));
#2183=CARTESIAN_POINT('Ctrl Pts',(58.3162723143604,1.08041248969742,0.579950205365857));
#2184=CARTESIAN_POINT('Ctrl Pts',(58.3085448587914,1.11471524739586,0.614810195384193));
#2185=CARTESIAN_POINT('Ctrl Pts',(58.2992636962349,1.1481702758253,0.64981104511595));
#2186=CARTESIAN_POINT('Ctrl Pts',(58.2946267537642,1.16488467353554,0.667297747416833));
#2187=CARTESIAN_POINT('Ctrl Pts',(58.2896015881589,1.18138755618332,0.684820351481342));
#2188=CARTESIAN_POINT('Ctrl Pts',(58.2842188157602,1.19766302912935,0.702346076965654));
#2189=CARTESIAN_POINT('Ctrl Pts',(58.2715567286859,1.2359484033479,0.743572464723679));
#2190=CARTESIAN_POINT('Ctrl Pts',(58.2567531826826,1.27346392143334,0.785330977965485));
#2191=CARTESIAN_POINT('Ctrl Pts',(58.2399613678905,1.31003013679796,0.827294244521776));
#2192=CARTESIAN_POINT('Ctrl Pts',(58.2227916868723,1.34741920174559,0.87020181050974));
#2193=CARTESIAN_POINT('Ctrl Pts',(58.2035429749824,1.38381660150731,0.913323585380296));
#2194=CARTESIAN_POINT('Ctrl Pts',(58.1823321629156,1.41902785430337,0.956337859486525));
#2195=CARTESIAN_POINT('Ctrl Pts',(58.1607937542425,1.45478293761775,1.00001648016167));
#2196=CARTESIAN_POINT('Ctrl Pts',(58.1372318143549,1.48931589298821,1.04358444501533));
#2197=CARTESIAN_POINT('Ctrl Pts',(58.1117259001364,1.52240674613008,1.0867311912186));
#2198=CARTESIAN_POINT('Ctrl Pts',(58.1094115230945,1.52540937172325,1.09064627687253));
#2199=CARTESIAN_POINT('Ctrl Pts',(58.1070811137008,1.52840010694101,1.09455791082257));
#2200=CARTESIAN_POINT('Ctrl Pts',(58.1047347158515,1.53137877665659,1.09846587065691));
#2201=CARTESIAN_POINT('Ctrl Pts',(58.1038450392861,1.53250818983044,1.09994763995032));
#2202=CARTESIAN_POINT('Ctrl Pts',(58.1029528732376,1.53363611426586,1.1014291791318));
#2203=CARTESIAN_POINT('Ctrl Pts',(58.1020582162684,1.53476253986749,1.10291047554878));
#2204=CARTESIAN_POINT('Ctrl Pts',(62.3852065518789,1.25060720517113,22.5053034417798));
#2205=CARTESIAN_POINT('Ctrl Pts',(63.5129423044074,1.39748054346744,14.9613167320453));
#2206=CARTESIAN_POINT('Ctrl Pts',(64.6615062801564,1.48059089004343,7.4227071550364));
#2207=CARTESIAN_POINT('Ctrl Pts',(65.7873867488569,1.5432396528193,-0.119540020403712));
#2208=CARTESIAN_POINT('Ctrl Pts',(62.342116919619,1.08242677565354,22.4990814762777));
#2209=CARTESIAN_POINT('Ctrl Pts',(63.4409483033923,1.22194558431583,14.9508620034906));
#2210=CARTESIAN_POINT('Ctrl Pts',(64.5681983344301,1.30671129557325,7.40918930715735));
#2211=CARTESIAN_POINT('Ctrl Pts',(65.6775368119138,1.37171894559307,-0.135341566382504));
#2212=CARTESIAN_POINT('Ctrl Pts',(62.3449501090532,0.72375139936939,22.499490577168));
#2213=CARTESIAN_POINT('Ctrl Pts',(63.3978695450659,0.831068789972824,14.9446456065149));
#2214=CARTESIAN_POINT('Ctrl Pts',(64.4869386106334,0.903622516877109,7.39740347350111));
#2215=CARTESIAN_POINT('Ctrl Pts',(65.5659386680595,0.96018782510199,-0.151394586077679));
#2216=CARTESIAN_POINT('Ctrl Pts',(62.6585204985514,0.179351564976694,22.5447688504698));
#2217=CARTESIAN_POINT('Ctrl Pts',(63.6925070437842,0.210721308293375,14.9876174888718));
#2218=CARTESIAN_POINT('Ctrl Pts',(64.7573600412284,0.2339527702003,7.43652000499101));
#2219=CARTESIAN_POINT('Ctrl Pts',(65.8160530955806,0.252733774779515,-0.11541646231708));
#2220=CARTESIAN_POINT('Ctrl Pts',(63.0854467517101,-4.42281029506947E-15,
22.606415243808));
#2221=CARTESIAN_POINT('Ctrl Pts',(64.1537015935163,-0.000713863415804634,
15.0547935197898));
#2222=CARTESIAN_POINT('Ctrl Pts',(65.240074214028,0.000563540670510305,
7.50638947378528));
#2223=CARTESIAN_POINT('Ctrl Pts',(66.3150917387706,1.04652310227678E-15,
-0.0436314227895127));
#2224=CARTESIAN_POINT('Ctrl Pts',(63.3433581247921,-4.44089209850063E-15,
22.6436565842826));
#2225=CARTESIAN_POINT('Ctrl Pts',(64.4332785856688,-4.3588112545366E-15,
15.0955157538837));
#2226=CARTESIAN_POINT('Ctrl Pts',(65.5325517250792,3.42678559686367E-15,
7.54872616699358));
#2227=CARTESIAN_POINT('Ctrl Pts',(66.6184107335449,3.7470027081099E-15,
3.05311331771918E-15));
#2228=CARTESIAN_POINT('Ctrl Pts',(66.6184107335449,3.7470027081099E-15,
3.05311331771918E-15));
#2229=CARTESIAN_POINT('Ctrl Pts',(65.5394404445812,3.42881706305026E-15,
7.50083683996674));
#2230=CARTESIAN_POINT('Ctrl Pts',(64.4472256840318,-4.26032762896569E-15,
14.9997615933242));
#2231=CARTESIAN_POINT('Ctrl Pts',(63.3641027046263,-4.43840367913154E-15,
22.4999999056863));
#2232=CARTESIAN_POINT('',(65.6381501914133,1.53479965671921,0.879597645288851));
#2233=CARTESIAN_POINT('Ctrl Pts',(62.3859993565927,1.25071044702146,22.4999999996114));
#2234=CARTESIAN_POINT('Ctrl Pts',(63.4636815959243,1.39103517800141,15.2909109885054));
#2235=CARTESIAN_POINT('Ctrl Pts',(64.560374565637,1.47314170483099,8.08673037056229));
#2236=CARTESIAN_POINT('Ctrl Pts',(65.6381078625774,1.53481689338929,0.879591463068474));
#2237=CARTESIAN_POINT('Ctrl Pts',(65.6370701586077,1.5355714055734,0.879630426066518));
#2238=CARTESIAN_POINT('Ctrl Pts',(65.6365603638926,1.53444541209207,0.878192282612064));
#2239=CARTESIAN_POINT('Ctrl Pts',(65.6360529315473,1.53331787967582,0.876754573168215));
#2240=CARTESIAN_POINT('Ctrl Pts',(65.635547859149,1.53218881740301,0.875317307738174));
#2241=CARTESIAN_POINT('Ctrl Pts',(65.6210000766402,1.49966802941485,0.833919233018353));
#2242=CARTESIAN_POINT('Ctrl Pts',(65.6083418874159,1.46573591718028,0.792712121462353));
#2243=CARTESIAN_POINT('Ctrl Pts',(65.5975903485774,1.43057643596745,0.751945107928674));
#2244=CARTESIAN_POINT('Ctrl Pts',(65.5870515835706,1.39611276375922,0.711984876922175));
#2245=CARTESIAN_POINT('Ctrl Pts',(65.5783447514639,1.36046920097518,0.672447171938857));
#2246=CARTESIAN_POINT('Ctrl Pts',(65.5715264008244,1.32381781765684,0.633595020614621));
#2247=CARTESIAN_POINT('Ctrl Pts',(65.5649172507862,1.28829097190477,0.595934930809995));
#2248=CARTESIAN_POINT('Ctrl Pts',(65.5600825725074,1.25181667496083,0.558918787374054));
#2249=CARTESIAN_POINT('Ctrl Pts',(65.5571114518312,1.21455879314452,0.522816676121593));
#2250=CARTESIAN_POINT('Ctrl Pts',(65.5560179622,1.20084642266637,0.509529674810626));
#2251=CARTESIAN_POINT('Ctrl Pts',(65.555177265396,1.1870280234864,0.496366800331414));
#2252=CARTESIAN_POINT('Ctrl Pts',(65.5545951010056,1.17311223645891,0.483342676517239));
#2253=CARTESIAN_POINT('Ctrl Pts',(65.5532093287835,1.13998738130013,0.452340318255919));
#2254=CARTESIAN_POINT('Ctrl Pts',(65.5532745567058,1.10610144958703,0.421930343739088));
#2255=CARTESIAN_POINT('Ctrl Pts',(65.5549461463966,1.07155993261501,0.392356843854797));
#2256=CARTESIAN_POINT('Ctrl Pts',(65.5565760337783,1.03788014685904,0.363521134613536));
#2257=CARTESIAN_POINT('Ctrl Pts',(65.5597332075082,1.00357665436665,0.335480500471995));
#2258=CARTESIAN_POINT('Ctrl Pts',(65.5645825048866,0.968758746882479,0.30850347614639));
#2259=CARTESIAN_POINT('Ctrl Pts',(65.5692542733799,0.935215495047532,0.282514059030424));
#2260=CARTESIAN_POINT('Ctrl Pts',(65.5754966655704,0.901194448558357,0.257511751235582));
#2261=CARTESIAN_POINT('Ctrl Pts',(65.5834751188252,0.866809706082985,0.2337779203381));
#2262=CARTESIAN_POINT('Ctrl Pts',(65.588379160933,0.845674754284446,0.219189665900184));
#2263=CARTESIAN_POINT('Ctrl Pts',(65.5939394492197,0.824402734355965,0.205081464270757));
#2264=CARTESIAN_POINT('Ctrl Pts',(65.6001976581323,0.803024306806424,0.191526987477408));
#2265=CARTESIAN_POINT('Ctrl Pts',(65.6010320567277,0.800173949752398,0.189719787277486));
#2266=CARTESIAN_POINT('Ctrl Pts',(65.601878865505,0.797321706428033,0.187922440128169));
#2267=CARTESIAN_POINT('Ctrl Pts',(65.6027381373722,0.794467696461811,0.186135057329928));
#2268=CARTESIAN_POINT('Ctrl Pts',(65.6127931245035,0.761070776837423,0.16521954534597));
#2269=CARTESIAN_POINT('Ctrl Pts',(65.6245575458816,0.72742579215696,0.145662400776594));
#2270=CARTESIAN_POINT('Ctrl Pts',(65.6381294093637,0.69372193610498,0.12764644879156));
#2271=CARTESIAN_POINT('Ctrl Pts',(65.6510555197312,0.66162171908538,0.11048770091291));
#2272=CARTESIAN_POINT('Ctrl Pts',(65.6656215291619,0.629467870514036,0.0947270584294074));
#2273=CARTESIAN_POINT('Ctrl Pts',(65.6819141791263,0.597458760833064,0.0805520625727266));
#2274=CARTESIAN_POINT('Ctrl Pts',(65.6981723528097,0.565517384458807,0.0664070619065274));
#2275=CARTESIAN_POINT('Ctrl Pts',(65.7161502767423,0.533719644487727,0.0538408647118609));
#2276=CARTESIAN_POINT('Ctrl Pts',(65.7359306313043,0.502303970535846,0.0430707638732918));
#2277=CARTESIAN_POINT('Ctrl Pts',(65.7569272009131,0.46895667219151,0.0316384525241081));
#2278=CARTESIAN_POINT('Ctrl Pts',(65.7797340854914,0.43638865108144,0.0223488624385192));
#2279=CARTESIAN_POINT('Ctrl Pts',(65.8043491053693,0.40483508617482,0.0153542245536018));
#2280=CARTESIAN_POINT('Ctrl Pts',(65.8277832121322,0.37479531320536,0.00869515656276394));
#2281=CARTESIAN_POINT('Ctrl Pts',(65.8528567701986,0.345674857351286,0.00411620408702033));
#2282=CARTESIAN_POINT('Ctrl Pts',(65.879558077253,0.317704519606483,0.00178502107551359));
#2283=CARTESIAN_POINT('Ctrl Pts',(65.8930908381864,0.30352858832502,0.000603530509430802));
#2284=CARTESIAN_POINT('Ctrl Pts',(65.9070414966527,0.289648550051645,5.02397127916786E-15));
#2285=CARTESIAN_POINT('Ctrl Pts',(65.9214066899084,0.276097559536042,5.02375918642883E-15));
#2286=CARTESIAN_POINT('Ctrl Pts',(65.1837600394461,0.944166430991838,0.902217577993138));
#2287=CARTESIAN_POINT('Ctrl Pts',(65.8483085219358,1.67340424972142,0.871323726779835));
#2288=CARTESIAN_POINT('Ctrl Pts',(66.6773475519337,3.58669361649644,0.816646124409046));
#2289=CARTESIAN_POINT('Ctrl Pts',(65.8813361126393,6.62240378459101,0.789867764354572));
#2290=CARTESIAN_POINT('Ctrl Pts',(63.3665562664602,8.50555865357299,0.828709937642741));
#2291=CARTESIAN_POINT('Ctrl Pts',(60.2395059799337,8.42894172713853,0.92067187789993));
#2292=CARTESIAN_POINT('Ctrl Pts',(57.8079645945332,6.47023151156668,1.02801393211213));
#2293=CARTESIAN_POINT('Ctrl Pts',(57.0930756658846,3.42666194275821,1.10176349361902));
#2294=CARTESIAN_POINT('Ctrl Pts',(57.9701627334294,1.5377384869106,1.10699563243194));
#2295=CARTESIAN_POINT('Ctrl Pts',(58.6559293881536,0.830123629821172,1.09773283040689));
#2296=CARTESIAN_POINT('Ctrl Pts',(65.2040928206123,0.925751518975674,0.623017729491401));
#2297=CARTESIAN_POINT('Ctrl Pts',(65.8785205834464,1.65350569827783,0.598904375644314));
#2298=CARTESIAN_POINT('Ctrl Pts',(66.7289262512228,3.57970583998022,0.556989053631739));
#2299=CARTESIAN_POINT('Ctrl Pts',(65.9298018845083,6.65488703484978,0.536926099887533));
#2300=CARTESIAN_POINT('Ctrl Pts',(63.3775785245173,8.55325910746222,0.566149222752312));
#2301=CARTESIAN_POINT('Ctrl Pts',(60.2243068503192,8.44916061435246,0.636975454999218));
#2302=CARTESIAN_POINT('Ctrl Pts',(57.8123522269468,6.45690731460282,0.723024295037035));
#2303=CARTESIAN_POINT('Ctrl Pts',(57.130105397872,3.42651779979117,0.78469281372179));
#2304=CARTESIAN_POINT('Ctrl Pts',(58.000247810426,1.55594853823068,0.789195885634123));
#2305=CARTESIAN_POINT('Ctrl Pts',(58.6782564886797,0.851721429965044,0.781409611830136));
#2306=CARTESIAN_POINT('Ctrl Pts',(65.4011019720009,0.747325057807365,0.159985935971981));
#2307=CARTESIAN_POINT('Ctrl Pts',(66.117920367051,1.51679568195455,0.152973283390681));
#2308=CARTESIAN_POINT('Ctrl Pts',(67.0240949466166,3.55739947806828,0.141069443064018));
#2309=CARTESIAN_POINT('Ctrl Pts',(66.1766140689993,6.8217414804996,0.135468530200826));
#2310=CARTESIAN_POINT('Ctrl Pts',(63.4681987646155,8.83530033236463,0.143620844577717));
#2311=CARTESIAN_POINT('Ctrl Pts',(60.1242584543351,8.71713471862586,0.163881595375747));
#2312=CARTESIAN_POINT('Ctrl Pts',(57.5834993692767,6.59683101754613,0.189501722169672));
#2313=CARTESIAN_POINT('Ctrl Pts',(56.8826065278815,3.39871445460448,0.208644749963234));
#2314=CARTESIAN_POINT('Ctrl Pts',(57.7994822110642,1.43466794318905,0.210049332564496));
#2315=CARTESIAN_POINT('Ctrl Pts',(58.5124180868999,0.691300032944667,0.207612715622207));
#2316=CARTESIAN_POINT('Ctrl Pts',(65.7654524236743,0.417341596333919,5.00695361219247E-15));
#2317=CARTESIAN_POINT('Ctrl Pts',(66.5474367113131,1.27420899407926,6.15626217967774E-5));
#2318=CARTESIAN_POINT('Ctrl Pts',(67.5205784287634,3.52583848932539,8.50891978053892E-5));
#2319=CARTESIAN_POINT('Ctrl Pts',(66.5812588252852,7.09376572252602,0.000124554643711596));
#2320=CARTESIAN_POINT('Ctrl Pts',(63.6281173861854,9.31110041372806,0.000146120316777944));
#2321=CARTESIAN_POINT('Ctrl Pts',(59.9493673999994,9.22282152606466,6.51465865335329E-5));
#2322=CARTESIAN_POINT('Ctrl Pts',(57.10118215705,6.90984143008844,-2.12510385547567E-5));
#2323=CARTESIAN_POINT('Ctrl Pts',(56.2837659895913,3.34077848297331,-0.000128524762885178));
#2324=CARTESIAN_POINT('Ctrl Pts',(57.310831089379,1.1339964160926,-3.07374423081943E-5));
#2325=CARTESIAN_POINT('Ctrl Pts',(58.1119599728961,0.303922625738813,5.54697982631927E-15));
#2326=CARTESIAN_POINT('Ctrl Pts',(65.9214066899084,0.276097559536042,4.9960036108132E-15));
#2327=CARTESIAN_POINT('Ctrl Pts',(66.7312755314651,1.17031230866259,5.63488351025592E-15));
#2328=CARTESIAN_POINT('Ctrl Pts',(67.7330681834129,3.51231559872543,2.17927316938354E-15));
#2329=CARTESIAN_POINT('Ctrl Pts',(66.7544625268825,7.21016028313984,1.10649743286444E-15));
#2330=CARTESIAN_POINT('Ctrl Pts',(63.696504865059,9.51469530445639,3.58408044462468E-16));
#2331=CARTESIAN_POINT('Ctrl Pts',(59.8744841808709,9.43914687999625,1.50422135898672E-15));
#2332=CARTESIAN_POINT('Ctrl Pts',(56.8948820365975,7.04358666598325,2.22907856233444E-15));
#2333=CARTESIAN_POINT('Ctrl Pts',(56.0276870743204,3.31597871210534,-1.48636154690902E-15));
#2334=CARTESIAN_POINT('Ctrl Pts',(57.1018270375326,1.00530054182699,6.73999964386231E-15));
#2335=CARTESIAN_POINT('Ctrl Pts',(57.9406222010859,0.138181492074058,5.55111512312578E-15));
#2336=CARTESIAN_POINT('Ctrl Pts',(65.6370317052683,1.53551142337798,0.879632500399673));
#2337=CARTESIAN_POINT('Ctrl Pts',(66.0356169972237,2.15724166597696,0.858131326091055));
#2338=CARTESIAN_POINT('Ctrl Pts',(66.6104916886795,3.84165857536369,0.814397048215416));
#2339=CARTESIAN_POINT('Ctrl Pts',(65.8813361126393,6.62240378459101,0.789867764354572));
#2340=CARTESIAN_POINT('Ctrl Pts',(63.3665562664602,8.50555865357299,0.828709937642741));
#2341=CARTESIAN_POINT('Ctrl Pts',(60.2395059799337,8.42894172713853,0.92067187789993));
#2342=CARTESIAN_POINT('Ctrl Pts',(57.8079645945332,6.47023151156668,1.02801393211213));
#2343=CARTESIAN_POINT('Ctrl Pts',(57.1654460433337,3.73477173388818,1.09429760152156));
#2344=CARTESIAN_POINT('Ctrl Pts',(57.7350057059141,2.11463385652687,1.10439358828754));
#2345=CARTESIAN_POINT('Ctrl Pts',(58.102090244071,1.5347119414409,1.10291034615012));
#2346=CARTESIAN_POINT('Ctrl Pts',(58.228549695034,1.39780208676156,0.799352314038756));
#2347=CARTESIAN_POINT('Ctrl Pts',(57.3569870164669,1.34894864323892,8.03290154269251));
#2348=CARTESIAN_POINT('Ctrl Pts',(56.4854243378997,1.30009519971627,15.2664507713463));
#2349=CARTESIAN_POINT('Ctrl Pts',(55.6138616593325,1.25124175619362,22.5));
#2350=CARTESIAN_POINT('Ctrl Pts',(57.7016496057402,2.15668358739775,0.799352314038756));
#2351=CARTESIAN_POINT('Ctrl Pts',(56.9546974695523,2.05172134739843,8.03290154269251));
#2352=CARTESIAN_POINT('Ctrl Pts',(56.2067707597045,1.94527838349006,15.2664507713463));
#2353=CARTESIAN_POINT('Ctrl Pts',(55.4598186235167,1.84031614349074,22.5));
#2354=CARTESIAN_POINT('Ctrl Pts',(57.1373419458533,4.01185747239482,0.799352314038756));
#2355=CARTESIAN_POINT('Ctrl Pts',(56.5807440185757,3.70780904509914,8.0329015426925));
#2356=CARTESIAN_POINT('Ctrl Pts',(56.0232875362093,3.40398667500559,15.2664507713463));
#2357=CARTESIAN_POINT('Ctrl Pts',(55.4666896089316,3.09993824770992,22.5));
#2358=CARTESIAN_POINT('Ctrl Pts',(58.0682597885028,6.77070749161594,0.799352314038756));
#2359=CARTESIAN_POINT('Ctrl Pts',(57.5174234490267,6.09177805970039,8.03290154269251));
#2360=CARTESIAN_POINT('Ctrl Pts',(56.9672389238757,5.41270272337741,15.2664507713462));
#2361=CARTESIAN_POINT('Ctrl Pts',(56.4164025843996,4.73377329146187,22.5));
#2362=CARTESIAN_POINT('Ctrl Pts',(60.4363507645389,8.47088352359805,0.799352314038756));
#2363=CARTESIAN_POINT('Ctrl Pts',(59.6424114168603,7.5400337446436,8.0329015426925));
#2364=CARTESIAN_POINT('Ctrl Pts',(58.8490000937546,6.60761278274643,15.2664507713463));
#2365=CARTESIAN_POINT('Ctrl Pts',(58.055060746076,5.67676300379198,22.5));
#2366=CARTESIAN_POINT('Ctrl Pts',(63.3495572877394,8.46657546466201,0.799352314038756));
#2367=CARTESIAN_POINT('Ctrl Pts',(62.2144764308933,7.53574921902543,8.03290154269251));
#2368=CARTESIAN_POINT('Ctrl Pts',(61.0799937438716,6.60584776639332,15.2664507713462));
#2369=CARTESIAN_POINT('Ctrl Pts',(59.9449128870255,5.67502152075673,22.5));
#2370=CARTESIAN_POINT('Ctrl Pts',(65.7195130342303,6.77173120751218,0.799352314038756));
#2371=CARTESIAN_POINT('Ctrl Pts',(64.3412708180756,6.09298161532972,8.0329015426925));
#2372=CARTESIAN_POINT('Ctrl Pts',(62.9623803592617,5.41282240050382,15.2664507713463));
#2373=CARTESIAN_POINT('Ctrl Pts',(61.5841381431069,4.73407280832137,22.5));
#2374=CARTESIAN_POINT('Ctrl Pts',(66.6497286288332,4.01062986580007,0.799352314038756));
#2375=CARTESIAN_POINT('Ctrl Pts',(65.2774943970406,3.70663848562698,8.03290154269251));
#2376=CARTESIAN_POINT('Ctrl Pts',(63.9057659626188,3.40326219099488,15.2664507713462));
#2377=CARTESIAN_POINT('Ctrl Pts',(62.5335317308262,3.09927081082179,22.5));
#2378=CARTESIAN_POINT('Ctrl Pts',(66.0848563195943,2.15590036639701,0.799352314038756));
#2379=CARTESIAN_POINT('Ctrl Pts',(64.9029192838342,2.05104389429729,8.0329015426925));
#2380=CARTESIAN_POINT('Ctrl Pts',(63.722071860208,1.9446171278139,15.2664507713463));
#2381=CARTESIAN_POINT('Ctrl Pts',(62.5401348244479,1.83976065571419,22.5));
#2382=CARTESIAN_POINT('Ctrl Pts',(65.5578143820674,1.3971176519272,0.799352314038756));
#2383=CARTESIAN_POINT('Ctrl Pts',(64.5005427075802,1.34831525016137,8.03290154269251));
#2384=CARTESIAN_POINT('Ctrl Pts',(63.443271033093,1.29951284839553,15.2664507713463));
#2385=CARTESIAN_POINT('Ctrl Pts',(62.3859993586059,1.2507104466297,22.5));
#2386=CARTESIAN_POINT('Origin',(6.95,14.,26.886));
#2387=CARTESIAN_POINT('',(3.75,10.8,26.886));
#2388=CARTESIAN_POINT('',(3.75,14.,26.886));
#2389=CARTESIAN_POINT('Origin',(6.95,10.8,26.886));
#2390=CARTESIAN_POINT('Origin',(6.95,10.8,26.886));
#2391=CARTESIAN_POINT('Origin',(2.44999999999999,14.,22.5));
#2392=CARTESIAN_POINT('',(2.44999999999999,9.,22.5));
#2393=CARTESIAN_POINT('Origin',(11.45,14.,31.272));
#2394=CARTESIAN_POINT('',(11.45,9.,31.272));
#2395=CARTESIAN_POINT('Origin',(6.95,9.,26.886));
#2396=CARTESIAN_POINT('Origin',(77.05,14.,26.886));
#2397=CARTESIAN_POINT('',(80.25,10.8,26.886));
#2398=CARTESIAN_POINT('',(80.25,14.,26.886));
#2399=CARTESIAN_POINT('Origin',(77.05,10.8,26.886));
#2400=CARTESIAN_POINT('Origin',(77.05,10.8,26.886));
#2401=CARTESIAN_POINT('Origin',(81.55,14.,22.5));
#2402=CARTESIAN_POINT('',(81.55,9.,22.5));
#2403=CARTESIAN_POINT('Origin',(72.55,14.,31.272));
#2404=CARTESIAN_POINT('',(72.55,9.,31.272));
#2405=CARTESIAN_POINT('Origin',(77.05,9.,26.886));
#2406=CARTESIAN_POINT('Origin',(52.5000000000001,9.,11.5));
#2407=CARTESIAN_POINT('',(53.2997924617903,9.,9.23718493507236));
#2408=CARTESIAN_POINT('',(53.2997924617903,9.,13.7628150649277));
#2409=CARTESIAN_POINT('',(53.2997924617903,9.,5.75000000000001));
#2410=CARTESIAN_POINT('Origin',(52.5000000000001,9.,11.5));
#2411=CARTESIAN_POINT('Origin',(52.5000000000001,0.,11.5));
#2412=CARTESIAN_POINT('',(50.1000000000001,4.43022277370573,11.5));
#2413=CARTESIAN_POINT('',(50.1000000000001,0.,11.5));
#2414=CARTESIAN_POINT('Origin',(52.5000000000001,7.8577779898869,11.5));
#2415=CARTESIAN_POINT('Origin',(52.5000000000001,7.8577779898869,11.5));
#2416=CARTESIAN_POINT('Origin',(31.5000000000001,9.,11.5));
#2417=CARTESIAN_POINT('',(29.1000000000001,9.,11.5));
#2418=CARTESIAN_POINT('Origin',(31.5000000000001,9.,11.5));
#2419=CARTESIAN_POINT('Origin',(31.5000000000001,9.,11.5));
#2420=CARTESIAN_POINT('Origin',(31.5000000000001,0.,11.5));
#2421=CARTESIAN_POINT('',(29.1000000000001,0.,11.5));
#2422=CARTESIAN_POINT('Origin',(42.,5.,20.5));
#2423=CARTESIAN_POINT('',(42.,8.5,19.5));
#2424=CARTESIAN_POINT('Origin',(42.,5.,19.5));
#2425=CARTESIAN_POINT('',(42.,6.5,21.5));
#2426=CARTESIAN_POINT('',(42.,7.5,20.5));
#2427=CARTESIAN_POINT('Origin',(42.,5.,21.5));
#2428=CARTESIAN_POINT('Origin',(42.,5.,22.));
#2429=CARTESIAN_POINT('',(42.,6.5,22.));
#2430=CARTESIAN_POINT('Origin',(0.,0.,0.));
#2431=CARTESIAN_POINT('',(84.,0.,0.));
#2432=CARTESIAN_POINT('Ctrl Pts',(18.4421856179326,1.39711765192719,0.799352314038755));
#2433=CARTESIAN_POINT('Ctrl Pts',(19.4994572924198,1.34831525016136,8.0329015426925));
#2434=CARTESIAN_POINT('Ctrl Pts',(20.556728966907,1.29951284839553,15.2664507713463));
#2435=CARTESIAN_POINT('Ctrl Pts',(21.6140006413942,1.2507104466297,22.5));
#2436=CARTESIAN_POINT('Ctrl Pts',(17.9151436804057,2.15590036639699,0.799352314038755));
#2437=CARTESIAN_POINT('Ctrl Pts',(19.0970807161658,2.05104389429728,8.0329015426925));
#2438=CARTESIAN_POINT('Ctrl Pts',(20.277928139792,1.9446171278139,15.2664507713463));
#2439=CARTESIAN_POINT('Ctrl Pts',(21.4598651755521,1.83976065571419,22.5));
#2440=CARTESIAN_POINT('Ctrl Pts',(17.3502030315498,4.01054357112879,0.799352314038755));
#2441=CARTESIAN_POINT('Ctrl Pts',(18.7224372633424,3.70655219095571,8.0329015426925));
#2442=CARTESIAN_POINT('Ctrl Pts',(20.094207030393,3.40323164355518,15.2664507713463));
#2443=CARTESIAN_POINT('Ctrl Pts',(21.4664412621856,3.09924026338209,22.5));
#2444=CARTESIAN_POINT('Ctrl Pts',(18.2804413424018,6.7716326842167,0.799352314038756));
#2445=CARTESIAN_POINT('Ctrl Pts',(19.6586835585566,6.09288309203424,8.03290154269251));
#2446=CARTESIAN_POINT('Ctrl Pts',(21.0376031950892,5.41278219099901,15.2664507713463));
#2447=CARTESIAN_POINT('Ctrl Pts',(22.415845411244,4.73403259881655,22.5));
#2448=CARTESIAN_POINT('Ctrl Pts',(20.6503491662145,8.46646984383806,0.799352314038755));
#2449=CARTESIAN_POINT('Ctrl Pts',(21.7854300230606,7.53564359820148,8.0329015426925));
#2450=CARTESIAN_POINT('Ctrl Pts',(22.9199743414951,6.60580326564933,15.2664507713463));
#2451=CARTESIAN_POINT('Ctrl Pts',(24.0550551983412,5.67497702001275,22.5));
#2452=CARTESIAN_POINT('Ctrl Pts',(23.5635690965419,8.47074427937675,0.799352314038756));
#2453=CARTESIAN_POINT('Ctrl Pts',(24.3575084442205,7.5398945004223,8.03290154269251));
#2454=CARTESIAN_POINT('Ctrl Pts',(25.1509746652786,6.60755593514665,15.2664507713463));
#2455=CARTESIAN_POINT('Ctrl Pts',(25.9449140129572,5.67670615619221,22.5));
#2456=CARTESIAN_POINT('Ctrl Pts',(25.9316824487425,6.77060229392507,0.799352314038756));
#2457=CARTESIAN_POINT('Ctrl Pts',(26.4825187882186,6.09167286200953,8.03290154269251));
#2458=CARTESIAN_POINT('Ctrl Pts',(27.0327438767522,5.41265971879543,15.2664507713463));
#2459=CARTESIAN_POINT('Ctrl Pts',(27.5835802162283,4.73373028687989,22.5));
#2460=CARTESIAN_POINT('Ctrl Pts',(26.8626782598596,4.01177959589539,0.799352314038755));
#2461=CARTESIAN_POINT('Ctrl Pts',(27.4192761871372,3.70773116859971,8.0329015426925));
#2462=CARTESIAN_POINT('Ctrl Pts',(27.976723429503,3.40396048909407,15.2664507713463));
#2463=CARTESIAN_POINT('Ctrl Pts',(28.5333213567807,3.0999120617984,22.5));
#2464=CARTESIAN_POINT('Ctrl Pts',(26.2983503942598,2.15668358739774,0.799352314038755));
#2465=CARTESIAN_POINT('Ctrl Pts',(27.0453025304476,2.05172134739842,8.03290154269251));
#2466=CARTESIAN_POINT('Ctrl Pts',(27.7932292402955,1.94527838349006,15.2664507713462));
#2467=CARTESIAN_POINT('Ctrl Pts',(28.5401813764833,1.84031614349075,22.5));
#2468=CARTESIAN_POINT('Ctrl Pts',(25.7714503049659,1.39780208676156,0.799352314038755));
#2469=CARTESIAN_POINT('Ctrl Pts',(26.6430129835331,1.34894864323891,8.0329015426925));
#2470=CARTESIAN_POINT('Ctrl Pts',(27.5145756621003,1.30009519971627,15.2664507713463));
#2471=CARTESIAN_POINT('Ctrl Pts',(28.3861383406675,1.25124175619362,22.5));
#2472=CARTESIAN_POINT('Origin',(54.,10.,0.));
#2473=CARTESIAN_POINT('',(54.,10.,19.5));
#2474=CARTESIAN_POINT('',(54.,10.,0.));
#2475=CARTESIAN_POINT('',(30.,10.,19.5));
#2476=CARTESIAN_POINT('Origin',(46.9979246179031,1.11022302462516E-15,0.));
#2477=CARTESIAN_POINT('',(54.,10.,19.5));
#2478=CARTESIAN_POINT('Origin',(42.,5.,19.5));
#2479=CARTESIAN_POINT('Origin',(84.,0.,0.));
#2480=CARTESIAN_POINT('Origin',(-8.57252759403147E-16,14.,0.));
#2481=UNCERTAINTY_MEASURE_WITH_UNIT(LENGTH_MEASURE(0.01),#2485,
'DISTANCE_ACCURACY_VALUE',
'Maximum model space distance between geometric entities at asserted c
onnectivities');
#2482=UNCERTAINTY_MEASURE_WITH_UNIT(LENGTH_MEASURE(0.01),#2485,
'DISTANCE_ACCURACY_VALUE',
'Maximum model space distance between geometric entities at asserted c
onnectivities');
#2483=(
GEOMETRIC_REPRESENTATION_CONTEXT(3)
GLOBAL_UNCERTAINTY_ASSIGNED_CONTEXT((#2481))
GLOBAL_UNIT_ASSIGNED_CONTEXT((#2485,#2487,#2488))
REPRESENTATION_CONTEXT('','3D')
);
#2484=(
GEOMETRIC_REPRESENTATION_CONTEXT(3)
GLOBAL_UNCERTAINTY_ASSIGNED_CONTEXT((#2482))
GLOBAL_UNIT_ASSIGNED_CONTEXT((#2485,#2487,#2488))
REPRESENTATION_CONTEXT('','3D')
);
#2485=(
LENGTH_UNIT()
NAMED_UNIT(*)
SI_UNIT(.MILLI.,.METRE.)
);
#2486=(
LENGTH_UNIT()
NAMED_UNIT(*)
SI_UNIT($,.METRE.)
);
#2487=(
NAMED_UNIT(*)
PLANE_ANGLE_UNIT()
SI_UNIT($,.RADIAN.)
);
#2488=(
NAMED_UNIT(*)
SI_UNIT($,.STERADIAN.)
SOLID_ANGLE_UNIT()
);
#2489=SHAPE_DEFINITION_REPRESENTATION(#2490,#2491);
#2490=PRODUCT_DEFINITION_SHAPE('',$,#2493);
#2491=SHAPE_REPRESENTATION('',(#1018),#2483);
#2492=PRODUCT_DEFINITION_CONTEXT('part definition',#2497,'design');
#2493=PRODUCT_DEFINITION('Original_Parking adapter_69mm_with magnet',
'Original_Parking adapter_69mm_with magnet v3',#2494,#2492);
#2494=PRODUCT_DEFINITION_FORMATION('',$,#2499);
#2495=PRODUCT_RELATED_PRODUCT_CATEGORY(
'Original_Parking adapter_69mm_with magnet v3',
'Original_Parking adapter_69mm_with magnet v3',(#2499));
#2496=APPLICATION_PROTOCOL_DEFINITION('international standard',
'automotive_design',2009,#2497);
#2497=APPLICATION_CONTEXT(
'Core Data for Automotive Mechanical Design Process');
#2498=PRODUCT_CONTEXT('part definition',#2497,'mechanical');
#2499=PRODUCT('Original_Parking adapter_69mm_with magnet',
'Original_Parking adapter_69mm_with magnet v3',$,(#2498));
#2500=PRESENTATION_STYLE_ASSIGNMENT((#2501));
#2501=SURFACE_STYLE_USAGE(.BOTH.,#2502);
#2502=SURFACE_SIDE_STYLE('',(#2503));
#2503=SURFACE_STYLE_FILL_AREA(#2504);
#2504=FILL_AREA_STYLE('Steel - Satin',(#2505));
#2505=FILL_AREA_STYLE_COLOUR('Steel - Satin',#2506);
#2506=COLOUR_RGB('Steel - Satin',0.627450980392157,0.627450980392157,0.627450980392157);
ENDSEC;
END-ISO-10303-21;
