ISO-10303-21;
HEADER;
/* Generated by software containing ST-Developer
 * from STEP Tools, Inc. (www.steptools.com) 
 */

FILE_DESCRIPTION(
/* description */ (''),
/* implementation_level */ '2;1');

FILE_NAME(
/* name */ 'ASM_CNC machine (z-axis extended).step',
/* time_stamp */ '2026-10-02T15:45:21-04:00',
/* author */ (''),
/* organization */ (''),
/* preprocessor_version */ 'ST-DEVELOPER v20.2',
/* originating_system */ 'Autodesk Translation Framework v15.15.0.0',
/* authorisation */ '');

FILE_SCHEMA (('AUTOMOTIVE_DESIGN { 1 0 10303 214 3 1 1 }'));
ENDSEC;

DATA;
#10=MECHANICAL_DESIGN_GEOMETRIC_PRESENTATION_REPRESENTATION('',(#59,#60,
#61,#62,#63,#64,#65,#66,#67,#68),#5744);
#11=ITEM_DEFINED_TRANSFORMATION($,$,#3511,#3590);
#12=ITEM_DEFINED_TRANSFORMATION($,$,#3722,#3801);
#13=ITEM_DEFINED_TRANSFORMATION($,$,#3510,#3802);
#14=ITEM_DEFINED_TRANSFORMATION($,$,#3591,#3803);
#15=ITEM_DEFINED_TRANSFORMATION($,$,#3628,#3804);
#16=ITEM_DEFINED_TRANSFORMATION($,$,#3649,#3805);
#17=ITEM_DEFINED_TRANSFORMATION($,$,#3684,#3806);
#18=ITEM_DEFINED_TRANSFORMATION($,$,#3721,#3807);
#19=(
REPRESENTATION_RELATIONSHIP($,$,#5777,#5776)
REPRESENTATION_RELATIONSHIP_WITH_TRANSFORMATION(#11)
SHAPE_REPRESENTATION_RELATIONSHIP()
);
#20=(
REPRESENTATION_RELATIONSHIP($,$,#5783,#5782)
REPRESENTATION_RELATIONSHIP_WITH_TRANSFORMATION(#12)
SHAPE_REPRESENTATION_RELATIONSHIP()
);
#21=(
REPRESENTATION_RELATIONSHIP($,$,#5776,#5775)
REPRESENTATION_RELATIONSHIP_WITH_TRANSFORMATION(#13)
SHAPE_REPRESENTATION_RELATIONSHIP()
);
#22=(
REPRESENTATION_RELATIONSHIP($,$,#5778,#5775)
REPRESENTATION_RELATIONSHIP_WITH_TRANSFORMATION(#14)
SHAPE_REPRESENTATION_RELATIONSHIP()
);
#23=(
REPRESENTATION_RELATIONSHIP($,$,#5779,#5775)
REPRESENTATION_RELATIONSHIP_WITH_TRANSFORMATION(#15)
SHAPE_REPRESENTATION_RELATIONSHIP()
);
#24=(
REPRESENTATION_RELATIONSHIP($,$,#5780,#5775)
REPRESENTATION_RELATIONSHIP_WITH_TRANSFORMATION(#16)
SHAPE_REPRESENTATION_RELATIONSHIP()
);
#25=(
REPRESENTATION_RELATIONSHIP($,$,#5781,#5775)
REPRESENTATION_RELATIONSHIP_WITH_TRANSFORMATION(#17)
SHAPE_REPRESENTATION_RELATIONSHIP()
);
#26=(
REPRESENTATION_RELATIONSHIP($,$,#5782,#5775)
REPRESENTATION_RELATIONSHIP_WITH_TRANSFORMATION(#18)
SHAPE_REPRESENTATION_RELATIONSHIP()
);
#27=CONTEXT_DEPENDENT_SHAPE_REPRESENTATION(#19,#5761);
#28=CONTEXT_DEPENDENT_SHAPE_REPRESENTATION(#20,#5768);
#29=CONTEXT_DEPENDENT_SHAPE_REPRESENTATION(#21,#5769);
#30=CONTEXT_DEPENDENT_SHAPE_REPRESENTATION(#22,#5770);
#31=CONTEXT_DEPENDENT_SHAPE_REPRESENTATION(#23,#5771);
#32=CONTEXT_DEPENDENT_SHAPE_REPRESENTATION(#24,#5772);
#33=CONTEXT_DEPENDENT_SHAPE_REPRESENTATION(#25,#5773);
#34=CONTEXT_DEPENDENT_SHAPE_REPRESENTATION(#26,#5774);
#35=NEXT_ASSEMBLY_USAGE_OCCURRENCE('Block_extention_z-axis_40mm v2:2',
'Block_extention_z-axis_40mm v2:2','Block_extention_z-axis_40mm v2:2',#5786,
#5787,'Block_extention_z-axis_40mm v2:2');
#36=NEXT_ASSEMBLY_USAGE_OCCURRENCE(
'Block_extention_z-axis_40mm v2(Mirror):1',
'Block_extention_z-axis_40mm v2(Mirror):1',
'Block_extention_z-axis_40mm v2(Mirror):1',#5792,#5793,
'Block_extention_z-axis_40mm v2(Mirror):1');
#37=NEXT_ASSEMBLY_USAGE_OCCURRENCE('Y axis Block:1','Y axis Block:1',
'Y axis Block:1',#5785,#5786,'Y axis Block:1');
#38=NEXT_ASSEMBLY_USAGE_OCCURRENCE('Y axis module:1','Y axis module:1',
'Y axis module:1',#5785,#5788,'Y axis module:1');
#39=NEXT_ASSEMBLY_USAGE_OCCURRENCE('Alminum Profile:1',
'Alminum Profile:1','Alminum Profile:1',#5785,#5789,'Alminum Profile:1');
#40=NEXT_ASSEMBLY_USAGE_OCCURRENCE('X axis module:1','X axis module:1',
'X axis module:1',#5785,#5790,'X axis module:1');
#41=NEXT_ASSEMBLY_USAGE_OCCURRENCE('Z axis module:1','Z axis module:1',
'Z axis module:1',#5785,#5791,'Z axis module:1');
#42=NEXT_ASSEMBLY_USAGE_OCCURRENCE('Y axis Block(Mirror):1',
'Y axis Block(Mirror):1','Y axis Block(Mirror):1',#5785,#5792,
'Y axis Block(Mirror):1');
#43=SHAPE_REPRESENTATION_RELATIONSHIP('SRR','None',#5777,#51);
#44=SHAPE_REPRESENTATION_RELATIONSHIP('SRR','None',#5776,#52);
#45=SHAPE_REPRESENTATION_RELATIONSHIP('SRR','None',#5778,#53);
#46=SHAPE_REPRESENTATION_RELATIONSHIP('SRR','None',#5779,#54);
#47=SHAPE_REPRESENTATION_RELATIONSHIP('SRR','None',#5780,#55);
#48=SHAPE_REPRESENTATION_RELATIONSHIP('SRR','None',#5781,#56);
#49=SHAPE_REPRESENTATION_RELATIONSHIP('SRR','None',#5783,#57);
#50=SHAPE_REPRESENTATION_RELATIONSHIP('SRR','None',#5782,#58);
#51=ADVANCED_BREP_SHAPE_REPRESENTATION('',(#69),#5737);
#52=ADVANCED_BREP_SHAPE_REPRESENTATION('',(#70),#5736);
#53=ADVANCED_BREP_SHAPE_REPRESENTATION('',(#71,#72),#5738);
#54=ADVANCED_BREP_SHAPE_REPRESENTATION('',(#73,#74),#5739);
#55=ADVANCED_BREP_SHAPE_REPRESENTATION('',(#75),#5740);
#56=ADVANCED_BREP_SHAPE_REPRESENTATION('',(#76),#5741);
#57=ADVANCED_BREP_SHAPE_REPRESENTATION('',(#77),#5743);
#58=ADVANCED_BREP_SHAPE_REPRESENTATION('',(#78),#5742);
#59=STYLED_ITEM('',(#5824),#69);
#60=STYLED_ITEM('',(#5824),#70);
#61=STYLED_ITEM('',(#5824),#71);
#62=STYLED_ITEM('',(#5824),#72);
#63=STYLED_ITEM('',(#5824),#73);
#64=STYLED_ITEM('',(#5824),#74);
#65=STYLED_ITEM('',(#5824),#75);
#66=STYLED_ITEM('',(#5824),#76);
#67=STYLED_ITEM('',(#5824),#77);
#68=STYLED_ITEM('',(#5824),#78);
#69=MANIFOLD_SOLID_BREP('Body2',#3432);
#70=MANIFOLD_SOLID_BREP('Body1',#3433);
#71=MANIFOLD_SOLID_BREP('Body1',#3434);
#72=MANIFOLD_SOLID_BREP('Body2',#3435);
#73=MANIFOLD_SOLID_BREP('Body1',#3436);
#74=MANIFOLD_SOLID_BREP('Body2',#3437);
#75=MANIFOLD_SOLID_BREP('Body1',#3438);
#76=MANIFOLD_SOLID_BREP('Body2',#3439);
#77=MANIFOLD_SOLID_BREP('Body1',#3440);
#78=MANIFOLD_SOLID_BREP('Body1',#3441);
#79=FACE_BOUND('',#493,.T.);
#80=FACE_BOUND('',#503,.T.);
#81=FACE_BOUND('',#520,.T.);
#82=FACE_BOUND('',#521,.T.);
#83=FACE_BOUND('',#522,.T.);
#84=FACE_BOUND('',#523,.T.);
#85=FACE_BOUND('',#524,.T.);
#86=FACE_BOUND('',#526,.T.);
#87=FACE_BOUND('',#527,.T.);
#88=FACE_BOUND('',#528,.T.);
#89=FACE_BOUND('',#542,.T.);
#90=FACE_BOUND('',#543,.T.);
#91=FACE_BOUND('',#544,.T.);
#92=FACE_BOUND('',#545,.T.);
#93=FACE_BOUND('',#548,.T.);
#94=FACE_BOUND('',#549,.T.);
#95=FACE_BOUND('',#551,.T.);
#96=FACE_BOUND('',#552,.T.);
#97=FACE_BOUND('',#558,.T.);
#98=FACE_BOUND('',#559,.T.);
#99=FACE_BOUND('',#568,.T.);
#100=FACE_BOUND('',#569,.T.);
#101=FACE_BOUND('',#576,.T.);
#102=FACE_BOUND('',#577,.T.);
#103=FACE_BOUND('',#586,.T.);
#104=FACE_BOUND('',#587,.T.);
#105=FACE_BOUND('',#590,.T.);
#106=FACE_BOUND('',#600,.T.);
#107=FACE_BOUND('',#602,.T.);
#108=FACE_BOUND('',#612,.T.);
#109=FACE_BOUND('',#626,.T.);
#110=FACE_BOUND('',#627,.T.);
#111=FACE_BOUND('',#644,.T.);
#112=FACE_BOUND('',#645,.T.);
#113=FACE_BOUND('',#652,.T.);
#114=FACE_BOUND('',#653,.T.);
#115=FACE_BOUND('',#668,.T.);
#116=FACE_BOUND('',#669,.T.);
#117=FACE_BOUND('',#672,.T.);
#118=FACE_BOUND('',#673,.T.);
#119=FACE_BOUND('',#676,.T.);
#120=FACE_BOUND('',#680,.T.);
#121=FACE_BOUND('',#681,.T.);
#122=FACE_BOUND('',#686,.T.);
#123=FACE_BOUND('',#696,.T.);
#124=FACE_BOUND('',#713,.T.);
#125=FACE_BOUND('',#714,.T.);
#126=FACE_BOUND('',#715,.T.);
#127=FACE_BOUND('',#716,.T.);
#128=FACE_BOUND('',#717,.T.);
#129=FACE_BOUND('',#719,.T.);
#130=FACE_BOUND('',#720,.T.);
#131=FACE_BOUND('',#721,.T.);
#132=FACE_BOUND('',#735,.T.);
#133=FACE_BOUND('',#736,.T.);
#134=FACE_BOUND('',#737,.T.);
#135=FACE_BOUND('',#738,.T.);
#136=FACE_BOUND('',#741,.T.);
#137=FACE_BOUND('',#742,.T.);
#138=FACE_BOUND('',#744,.T.);
#139=FACE_BOUND('',#745,.T.);
#140=PLANE('',#3515);
#141=PLANE('',#3519);
#142=PLANE('',#3526);
#143=PLANE('',#3527);
#144=PLANE('',#3534);
#145=PLANE('',#3538);
#146=PLANE('',#3548);
#147=PLANE('',#3549);
#148=PLANE('',#3550);
#149=PLANE('',#3551);
#150=PLANE('',#3552);
#151=PLANE('',#3553);
#152=PLANE('',#3554);
#153=PLANE('',#3555);
#154=PLANE('',#3556);
#155=PLANE('',#3557);
#156=PLANE('',#3558);
#157=PLANE('',#3559);
#158=PLANE('',#3560);
#159=PLANE('',#3561);
#160=PLANE('',#3565);
#161=PLANE('',#3569);
#162=PLANE('',#3573);
#163=PLANE('',#3577);
#164=PLANE('',#3584);
#165=PLANE('',#3585);
#166=PLANE('',#3586);
#167=PLANE('',#3587);
#168=PLANE('',#3588);
#169=PLANE('',#3589);
#170=PLANE('',#3592);
#171=PLANE('',#3593);
#172=PLANE('',#3594);
#173=PLANE('',#3595);
#174=PLANE('',#3596);
#175=PLANE('',#3599);
#176=PLANE('',#3604);
#177=PLANE('',#3605);
#178=PLANE('',#3606);
#179=PLANE('',#3607);
#180=PLANE('',#3608);
#181=PLANE('',#3609);
#182=PLANE('',#3610);
#183=PLANE('',#3611);
#184=PLANE('',#3612);
#185=PLANE('',#3613);
#186=PLANE('',#3614);
#187=PLANE('',#3617);
#188=PLANE('',#3622);
#189=PLANE('',#3623);
#190=PLANE('',#3624);
#191=PLANE('',#3625);
#192=PLANE('',#3626);
#193=PLANE('',#3627);
#194=PLANE('',#3629);
#195=PLANE('',#3630);
#196=PLANE('',#3631);
#197=PLANE('',#3632);
#198=PLANE('',#3633);
#199=PLANE('',#3634);
#200=PLANE('',#3635);
#201=PLANE('',#3636);
#202=PLANE('',#3637);
#203=PLANE('',#3638);
#204=PLANE('',#3639);
#205=PLANE('',#3640);
#206=PLANE('',#3641);
#207=PLANE('',#3642);
#208=PLANE('',#3643);
#209=PLANE('',#3644);
#210=PLANE('',#3645);
#211=PLANE('',#3646);
#212=PLANE('',#3647);
#213=PLANE('',#3648);
#214=PLANE('',#3650);
#215=PLANE('',#3651);
#216=PLANE('',#3652);
#217=PLANE('',#3653);
#218=PLANE('',#3654);
#219=PLANE('',#3655);
#220=PLANE('',#3656);
#221=PLANE('',#3657);
#222=PLANE('',#3658);
#223=PLANE('',#3659);
#224=PLANE('',#3660);
#225=PLANE('',#3661);
#226=PLANE('',#3662);
#227=PLANE('',#3665);
#228=PLANE('',#3670);
#229=PLANE('',#3671);
#230=PLANE('',#3672);
#231=PLANE('',#3673);
#232=PLANE('',#3674);
#233=PLANE('',#3675);
#234=PLANE('',#3676);
#235=PLANE('',#3677);
#236=PLANE('',#3678);
#237=PLANE('',#3679);
#238=PLANE('',#3680);
#239=PLANE('',#3681);
#240=PLANE('',#3682);
#241=PLANE('',#3683);
#242=PLANE('',#3688);
#243=PLANE('',#3695);
#244=PLANE('',#3702);
#245=PLANE('',#3703);
#246=PLANE('',#3704);
#247=PLANE('',#3705);
#248=PLANE('',#3706);
#249=PLANE('',#3707);
#250=PLANE('',#3708);
#251=PLANE('',#3709);
#252=PLANE('',#3710);
#253=PLANE('',#3711);
#254=PLANE('',#3712);
#255=PLANE('',#3713);
#256=PLANE('',#3714);
#257=PLANE('',#3715);
#258=PLANE('',#3716);
#259=PLANE('',#3717);
#260=PLANE('',#3718);
#261=PLANE('',#3719);
#262=PLANE('',#3720);
#263=PLANE('',#3726);
#264=PLANE('',#3730);
#265=PLANE('',#3737);
#266=PLANE('',#3738);
#267=PLANE('',#3745);
#268=PLANE('',#3749);
#269=PLANE('',#3759);
#270=PLANE('',#3760);
#271=PLANE('',#3761);
#272=PLANE('',#3762);
#273=PLANE('',#3763);
#274=PLANE('',#3764);
#275=PLANE('',#3765);
#276=PLANE('',#3766);
#277=PLANE('',#3767);
#278=PLANE('',#3768);
#279=PLANE('',#3769);
#280=PLANE('',#3770);
#281=PLANE('',#3771);
#282=PLANE('',#3772);
#283=PLANE('',#3776);
#284=PLANE('',#3780);
#285=PLANE('',#3784);
#286=PLANE('',#3788);
#287=PLANE('',#3795);
#288=PLANE('',#3796);
#289=PLANE('',#3797);
#290=PLANE('',#3798);
#291=PLANE('',#3799);
#292=PLANE('',#3800);
#293=FACE_OUTER_BOUND('',#489,.T.);
#294=FACE_OUTER_BOUND('',#490,.T.);
#295=FACE_OUTER_BOUND('',#491,.T.);
#296=FACE_OUTER_BOUND('',#492,.T.);
#297=FACE_OUTER_BOUND('',#494,.T.);
#298=FACE_OUTER_BOUND('',#495,.T.);
#299=FACE_OUTER_BOUND('',#496,.T.);
#300=FACE_OUTER_BOUND('',#497,.T.);
#301=FACE_OUTER_BOUND('',#498,.T.);
#302=FACE_OUTER_BOUND('',#499,.T.);
#303=FACE_OUTER_BOUND('',#500,.T.);
#304=FACE_OUTER_BOUND('',#501,.T.);
#305=FACE_OUTER_BOUND('',#502,.T.);
#306=FACE_OUTER_BOUND('',#504,.T.);
#307=FACE_OUTER_BOUND('',#505,.T.);
#308=FACE_OUTER_BOUND('',#506,.T.);
#309=FACE_OUTER_BOUND('',#507,.T.);
#310=FACE_OUTER_BOUND('',#508,.T.);
#311=FACE_OUTER_BOUND('',#509,.T.);
#312=FACE_OUTER_BOUND('',#510,.T.);
#313=FACE_OUTER_BOUND('',#511,.T.);
#314=FACE_OUTER_BOUND('',#512,.T.);
#315=FACE_OUTER_BOUND('',#513,.T.);
#316=FACE_OUTER_BOUND('',#514,.T.);
#317=FACE_OUTER_BOUND('',#515,.T.);
#318=FACE_OUTER_BOUND('',#516,.T.);
#319=FACE_OUTER_BOUND('',#517,.T.);
#320=FACE_OUTER_BOUND('',#518,.T.);
#321=FACE_OUTER_BOUND('',#519,.T.);
#322=FACE_OUTER_BOUND('',#525,.T.);
#323=FACE_OUTER_BOUND('',#529,.T.);
#324=FACE_OUTER_BOUND('',#530,.T.);
#325=FACE_OUTER_BOUND('',#531,.T.);
#326=FACE_OUTER_BOUND('',#532,.T.);
#327=FACE_OUTER_BOUND('',#533,.T.);
#328=FACE_OUTER_BOUND('',#534,.T.);
#329=FACE_OUTER_BOUND('',#535,.T.);
#330=FACE_OUTER_BOUND('',#536,.T.);
#331=FACE_OUTER_BOUND('',#537,.T.);
#332=FACE_OUTER_BOUND('',#538,.T.);
#333=FACE_OUTER_BOUND('',#539,.T.);
#334=FACE_OUTER_BOUND('',#540,.T.);
#335=FACE_OUTER_BOUND('',#541,.T.);
#336=FACE_OUTER_BOUND('',#546,.T.);
#337=FACE_OUTER_BOUND('',#547,.T.);
#338=FACE_OUTER_BOUND('',#550,.T.);
#339=FACE_OUTER_BOUND('',#553,.T.);
#340=FACE_OUTER_BOUND('',#554,.T.);
#341=FACE_OUTER_BOUND('',#555,.T.);
#342=FACE_OUTER_BOUND('',#556,.T.);
#343=FACE_OUTER_BOUND('',#557,.T.);
#344=FACE_OUTER_BOUND('',#560,.T.);
#345=FACE_OUTER_BOUND('',#561,.T.);
#346=FACE_OUTER_BOUND('',#562,.T.);
#347=FACE_OUTER_BOUND('',#563,.T.);
#348=FACE_OUTER_BOUND('',#564,.T.);
#349=FACE_OUTER_BOUND('',#565,.T.);
#350=FACE_OUTER_BOUND('',#566,.T.);
#351=FACE_OUTER_BOUND('',#567,.T.);
#352=FACE_OUTER_BOUND('',#570,.T.);
#353=FACE_OUTER_BOUND('',#571,.T.);
#354=FACE_OUTER_BOUND('',#572,.T.);
#355=FACE_OUTER_BOUND('',#573,.T.);
#356=FACE_OUTER_BOUND('',#574,.T.);
#357=FACE_OUTER_BOUND('',#575,.T.);
#358=FACE_OUTER_BOUND('',#578,.T.);
#359=FACE_OUTER_BOUND('',#579,.T.);
#360=FACE_OUTER_BOUND('',#580,.T.);
#361=FACE_OUTER_BOUND('',#581,.T.);
#362=FACE_OUTER_BOUND('',#582,.T.);
#363=FACE_OUTER_BOUND('',#583,.T.);
#364=FACE_OUTER_BOUND('',#584,.T.);
#365=FACE_OUTER_BOUND('',#585,.T.);
#366=FACE_OUTER_BOUND('',#588,.T.);
#367=FACE_OUTER_BOUND('',#589,.T.);
#368=FACE_OUTER_BOUND('',#591,.T.);
#369=FACE_OUTER_BOUND('',#592,.T.);
#370=FACE_OUTER_BOUND('',#593,.T.);
#371=FACE_OUTER_BOUND('',#594,.T.);
#372=FACE_OUTER_BOUND('',#595,.T.);
#373=FACE_OUTER_BOUND('',#596,.T.);
#374=FACE_OUTER_BOUND('',#597,.T.);
#375=FACE_OUTER_BOUND('',#598,.T.);
#376=FACE_OUTER_BOUND('',#599,.T.);
#377=FACE_OUTER_BOUND('',#601,.T.);
#378=FACE_OUTER_BOUND('',#603,.T.);
#379=FACE_OUTER_BOUND('',#604,.T.);
#380=FACE_OUTER_BOUND('',#605,.T.);
#381=FACE_OUTER_BOUND('',#606,.T.);
#382=FACE_OUTER_BOUND('',#607,.T.);
#383=FACE_OUTER_BOUND('',#608,.T.);
#384=FACE_OUTER_BOUND('',#609,.T.);
#385=FACE_OUTER_BOUND('',#610,.T.);
#386=FACE_OUTER_BOUND('',#611,.T.);
#387=FACE_OUTER_BOUND('',#613,.T.);
#388=FACE_OUTER_BOUND('',#614,.T.);
#389=FACE_OUTER_BOUND('',#615,.T.);
#390=FACE_OUTER_BOUND('',#616,.T.);
#391=FACE_OUTER_BOUND('',#617,.T.);
#392=FACE_OUTER_BOUND('',#618,.T.);
#393=FACE_OUTER_BOUND('',#619,.T.);
#394=FACE_OUTER_BOUND('',#620,.T.);
#395=FACE_OUTER_BOUND('',#621,.T.);
#396=FACE_OUTER_BOUND('',#622,.T.);
#397=FACE_OUTER_BOUND('',#623,.T.);
#398=FACE_OUTER_BOUND('',#624,.T.);
#399=FACE_OUTER_BOUND('',#625,.T.);
#400=FACE_OUTER_BOUND('',#628,.T.);
#401=FACE_OUTER_BOUND('',#629,.T.);
#402=FACE_OUTER_BOUND('',#630,.T.);
#403=FACE_OUTER_BOUND('',#631,.T.);
#404=FACE_OUTER_BOUND('',#632,.T.);
#405=FACE_OUTER_BOUND('',#633,.T.);
#406=FACE_OUTER_BOUND('',#634,.T.);
#407=FACE_OUTER_BOUND('',#635,.T.);
#408=FACE_OUTER_BOUND('',#636,.T.);
#409=FACE_OUTER_BOUND('',#637,.T.);
#410=FACE_OUTER_BOUND('',#638,.T.);
#411=FACE_OUTER_BOUND('',#639,.T.);
#412=FACE_OUTER_BOUND('',#640,.T.);
#413=FACE_OUTER_BOUND('',#641,.T.);
#414=FACE_OUTER_BOUND('',#642,.T.);
#415=FACE_OUTER_BOUND('',#643,.T.);
#416=FACE_OUTER_BOUND('',#646,.T.);
#417=FACE_OUTER_BOUND('',#647,.T.);
#418=FACE_OUTER_BOUND('',#648,.T.);
#419=FACE_OUTER_BOUND('',#649,.T.);
#420=FACE_OUTER_BOUND('',#650,.T.);
#421=FACE_OUTER_BOUND('',#651,.T.);
#422=FACE_OUTER_BOUND('',#654,.T.);
#423=FACE_OUTER_BOUND('',#655,.T.);
#424=FACE_OUTER_BOUND('',#656,.T.);
#425=FACE_OUTER_BOUND('',#657,.T.);
#426=FACE_OUTER_BOUND('',#658,.T.);
#427=FACE_OUTER_BOUND('',#659,.T.);
#428=FACE_OUTER_BOUND('',#660,.T.);
#429=FACE_OUTER_BOUND('',#661,.T.);
#430=FACE_OUTER_BOUND('',#662,.T.);
#431=FACE_OUTER_BOUND('',#663,.T.);
#432=FACE_OUTER_BOUND('',#664,.T.);
#433=FACE_OUTER_BOUND('',#665,.T.);
#434=FACE_OUTER_BOUND('',#666,.T.);
#435=FACE_OUTER_BOUND('',#667,.T.);
#436=FACE_OUTER_BOUND('',#670,.T.);
#437=FACE_OUTER_BOUND('',#671,.T.);
#438=FACE_OUTER_BOUND('',#674,.T.);
#439=FACE_OUTER_BOUND('',#675,.T.);
#440=FACE_OUTER_BOUND('',#677,.T.);
#441=FACE_OUTER_BOUND('',#678,.T.);
#442=FACE_OUTER_BOUND('',#679,.T.);
#443=FACE_OUTER_BOUND('',#682,.T.);
#444=FACE_OUTER_BOUND('',#683,.T.);
#445=FACE_OUTER_BOUND('',#684,.T.);
#446=FACE_OUTER_BOUND('',#685,.T.);
#447=FACE_OUTER_BOUND('',#687,.T.);
#448=FACE_OUTER_BOUND('',#688,.T.);
#449=FACE_OUTER_BOUND('',#689,.T.);
#450=FACE_OUTER_BOUND('',#690,.T.);
#451=FACE_OUTER_BOUND('',#691,.T.);
#452=FACE_OUTER_BOUND('',#692,.T.);
#453=FACE_OUTER_BOUND('',#693,.T.);
#454=FACE_OUTER_BOUND('',#694,.T.);
#455=FACE_OUTER_BOUND('',#695,.T.);
#456=FACE_OUTER_BOUND('',#697,.T.);
#457=FACE_OUTER_BOUND('',#698,.T.);
#458=FACE_OUTER_BOUND('',#699,.T.);
#459=FACE_OUTER_BOUND('',#700,.T.);
#460=FACE_OUTER_BOUND('',#701,.T.);
#461=FACE_OUTER_BOUND('',#702,.T.);
#462=FACE_OUTER_BOUND('',#703,.T.);
#463=FACE_OUTER_BOUND('',#704,.T.);
#464=FACE_OUTER_BOUND('',#705,.T.);
#465=FACE_OUTER_BOUND('',#706,.T.);
#466=FACE_OUTER_BOUND('',#707,.T.);
#467=FACE_OUTER_BOUND('',#708,.T.);
#468=FACE_OUTER_BOUND('',#709,.T.);
#469=FACE_OUTER_BOUND('',#710,.T.);
#470=FACE_OUTER_BOUND('',#711,.T.);
#471=FACE_OUTER_BOUND('',#712,.T.);
#472=FACE_OUTER_BOUND('',#718,.T.);
#473=FACE_OUTER_BOUND('',#722,.T.);
#474=FACE_OUTER_BOUND('',#723,.T.);
#475=FACE_OUTER_BOUND('',#724,.T.);
#476=FACE_OUTER_BOUND('',#725,.T.);
#477=FACE_OUTER_BOUND('',#726,.T.);
#478=FACE_OUTER_BOUND('',#727,.T.);
#479=FACE_OUTER_BOUND('',#728,.T.);
#480=FACE_OUTER_BOUND('',#729,.T.);
#481=FACE_OUTER_BOUND('',#730,.T.);
#482=FACE_OUTER_BOUND('',#731,.T.);
#483=FACE_OUTER_BOUND('',#732,.T.);
#484=FACE_OUTER_BOUND('',#733,.T.);
#485=FACE_OUTER_BOUND('',#734,.T.);
#486=FACE_OUTER_BOUND('',#739,.T.);
#487=FACE_OUTER_BOUND('',#740,.T.);
#488=FACE_OUTER_BOUND('',#743,.T.);
#489=EDGE_LOOP('',(#2299,#2300,#2301,#2302));
#490=EDGE_LOOP('',(#2303));
#491=EDGE_LOOP('',(#2304,#2305,#2306,#2307));
#492=EDGE_LOOP('',(#2308));
#493=EDGE_LOOP('',(#2309));
#494=EDGE_LOOP('',(#2310,#2311,#2312,#2313));
#495=EDGE_LOOP('',(#2314,#2315,#2316,#2317));
#496=EDGE_LOOP('',(#2318,#2319,#2320,#2321));
#497=EDGE_LOOP('',(#2322,#2323,#2324,#2325));
#498=EDGE_LOOP('',(#2326,#2327,#2328,#2329));
#499=EDGE_LOOP('',(#2330,#2331,#2332,#2333));
#500=EDGE_LOOP('',(#2334));
#501=EDGE_LOOP('',(#2335,#2336,#2337,#2338));
#502=EDGE_LOOP('',(#2339));
#503=EDGE_LOOP('',(#2340));
#504=EDGE_LOOP('',(#2341,#2342,#2343,#2344));
#505=EDGE_LOOP('',(#2345,#2346,#2347,#2348));
#506=EDGE_LOOP('',(#2349,#2350,#2351,#2352));
#507=EDGE_LOOP('',(#2353,#2354,#2355,#2356));
#508=EDGE_LOOP('',(#2357,#2358,#2359,#2360));
#509=EDGE_LOOP('',(#2361,#2362,#2363,#2364));
#510=EDGE_LOOP('',(#2365,#2366,#2367,#2368));
#511=EDGE_LOOP('',(#2369,#2370,#2371,#2372));
#512=EDGE_LOOP('',(#2373,#2374,#2375,#2376));
#513=EDGE_LOOP('',(#2377,#2378,#2379,#2380));
#514=EDGE_LOOP('',(#2381,#2382,#2383,#2384));
#515=EDGE_LOOP('',(#2385,#2386,#2387,#2388));
#516=EDGE_LOOP('',(#2389,#2390,#2391,#2392));
#517=EDGE_LOOP('',(#2393,#2394,#2395,#2396));
#518=EDGE_LOOP('',(#2397,#2398,#2399,#2400));
#519=EDGE_LOOP('',(#2401,#2402,#2403,#2404,#2405,#2406,#2407,#2408));
#520=EDGE_LOOP('',(#2409));
#521=EDGE_LOOP('',(#2410));
#522=EDGE_LOOP('',(#2411));
#523=EDGE_LOOP('',(#2412));
#524=EDGE_LOOP('',(#2413,#2414,#2415,#2416));
#525=EDGE_LOOP('',(#2417,#2418,#2419,#2420,#2421,#2422,#2423,#2424));
#526=EDGE_LOOP('',(#2425));
#527=EDGE_LOOP('',(#2426));
#528=EDGE_LOOP('',(#2427,#2428,#2429,#2430));
#529=EDGE_LOOP('',(#2431,#2432,#2433,#2434));
#530=EDGE_LOOP('',(#2435));
#531=EDGE_LOOP('',(#2436,#2437,#2438,#2439));
#532=EDGE_LOOP('',(#2440));
#533=EDGE_LOOP('',(#2441,#2442,#2443,#2444));
#534=EDGE_LOOP('',(#2445));
#535=EDGE_LOOP('',(#2446,#2447,#2448,#2449));
#536=EDGE_LOOP('',(#2450));
#537=EDGE_LOOP('',(#2451,#2452,#2453,#2454));
#538=EDGE_LOOP('',(#2455,#2456,#2457,#2458));
#539=EDGE_LOOP('',(#2459,#2460,#2461,#2462));
#540=EDGE_LOOP('',(#2463,#2464,#2465,#2466));
#541=EDGE_LOOP('',(#2467,#2468,#2469,#2470));
#542=EDGE_LOOP('',(#2471));
#543=EDGE_LOOP('',(#2472));
#544=EDGE_LOOP('',(#2473));
#545=EDGE_LOOP('',(#2474));
#546=EDGE_LOOP('',(#2475,#2476,#2477,#2478));
#547=EDGE_LOOP('',(#2479,#2480,#2481,#2482));
#548=EDGE_LOOP('',(#2483));
#549=EDGE_LOOP('',(#2484));
#550=EDGE_LOOP('',(#2485,#2486,#2487,#2488));
#551=EDGE_LOOP('',(#2489));
#552=EDGE_LOOP('',(#2490));
#553=EDGE_LOOP('',(#2491,#2492,#2493,#2494));
#554=EDGE_LOOP('',(#2495,#2496,#2497,#2498));
#555=EDGE_LOOP('',(#2499,#2500,#2501,#2502));
#556=EDGE_LOOP('',(#2503,#2504,#2505,#2506));
#557=EDGE_LOOP('',(#2507,#2508,#2509,#2510));
#558=EDGE_LOOP('',(#2511));
#559=EDGE_LOOP('',(#2512));
#560=EDGE_LOOP('',(#2513,#2514,#2515,#2516));
#561=EDGE_LOOP('',(#2517,#2518,#2519,#2520));
#562=EDGE_LOOP('',(#2521,#2522,#2523,#2524));
#563=EDGE_LOOP('',(#2525,#2526,#2527,#2528));
#564=EDGE_LOOP('',(#2529,#2530,#2531,#2532));
#565=EDGE_LOOP('',(#2533,#2534,#2535,#2536));
#566=EDGE_LOOP('',(#2537,#2538,#2539,#2540));
#567=EDGE_LOOP('',(#2541,#2542,#2543,#2544));
#568=EDGE_LOOP('',(#2545));
#569=EDGE_LOOP('',(#2546));
#570=EDGE_LOOP('',(#2547,#2548,#2549,#2550));
#571=EDGE_LOOP('',(#2551,#2552,#2553,#2554));
#572=EDGE_LOOP('',(#2555,#2556,#2557,#2558));
#573=EDGE_LOOP('',(#2559,#2560,#2561,#2562));
#574=EDGE_LOOP('',(#2563,#2564,#2565,#2566));
#575=EDGE_LOOP('',(#2567,#2568,#2569,#2570));
#576=EDGE_LOOP('',(#2571));
#577=EDGE_LOOP('',(#2572));
#578=EDGE_LOOP('',(#2573,#2574,#2575,#2576));
#579=EDGE_LOOP('',(#2577,#2578,#2579,#2580));
#580=EDGE_LOOP('',(#2581,#2582,#2583,#2584));
#581=EDGE_LOOP('',(#2585,#2586,#2587,#2588));
#582=EDGE_LOOP('',(#2589,#2590,#2591,#2592));
#583=EDGE_LOOP('',(#2593,#2594,#2595,#2596));
#584=EDGE_LOOP('',(#2597,#2598,#2599,#2600));
#585=EDGE_LOOP('',(#2601,#2602,#2603,#2604));
#586=EDGE_LOOP('',(#2605));
#587=EDGE_LOOP('',(#2606));
#588=EDGE_LOOP('',(#2607,#2608,#2609,#2610));
#589=EDGE_LOOP('',(#2611,#2612,#2613,#2614));
#590=EDGE_LOOP('',(#2615,#2616,#2617,#2618));
#591=EDGE_LOOP('',(#2619,#2620,#2621,#2622));
#592=EDGE_LOOP('',(#2623,#2624,#2625,#2626));
#593=EDGE_LOOP('',(#2627,#2628,#2629,#2630));
#594=EDGE_LOOP('',(#2631,#2632,#2633,#2634));
#595=EDGE_LOOP('',(#2635,#2636,#2637,#2638));
#596=EDGE_LOOP('',(#2639,#2640,#2641,#2642));
#597=EDGE_LOOP('',(#2643,#2644,#2645,#2646));
#598=EDGE_LOOP('',(#2647,#2648,#2649,#2650));
#599=EDGE_LOOP('',(#2651,#2652,#2653,#2654));
#600=EDGE_LOOP('',(#2655,#2656,#2657,#2658));
#601=EDGE_LOOP('',(#2659,#2660,#2661,#2662));
#602=EDGE_LOOP('',(#2663,#2664,#2665,#2666));
#603=EDGE_LOOP('',(#2667,#2668,#2669,#2670));
#604=EDGE_LOOP('',(#2671,#2672,#2673,#2674));
#605=EDGE_LOOP('',(#2675,#2676,#2677,#2678));
#606=EDGE_LOOP('',(#2679,#2680,#2681,#2682));
#607=EDGE_LOOP('',(#2683,#2684,#2685,#2686));
#608=EDGE_LOOP('',(#2687,#2688,#2689,#2690));
#609=EDGE_LOOP('',(#2691,#2692,#2693,#2694));
#610=EDGE_LOOP('',(#2695,#2696,#2697,#2698));
#611=EDGE_LOOP('',(#2699,#2700,#2701,#2702));
#612=EDGE_LOOP('',(#2703,#2704,#2705,#2706));
#613=EDGE_LOOP('',(#2707,#2708,#2709,#2710));
#614=EDGE_LOOP('',(#2711,#2712,#2713,#2714));
#615=EDGE_LOOP('',(#2715,#2716,#2717,#2718));
#616=EDGE_LOOP('',(#2719,#2720,#2721,#2722));
#617=EDGE_LOOP('',(#2723,#2724,#2725,#2726));
#618=EDGE_LOOP('',(#2727,#2728,#2729,#2730));
#619=EDGE_LOOP('',(#2731,#2732,#2733,#2734));
#620=EDGE_LOOP('',(#2735,#2736,#2737,#2738));
#621=EDGE_LOOP('',(#2739,#2740,#2741,#2742));
#622=EDGE_LOOP('',(#2743,#2744,#2745,#2746));
#623=EDGE_LOOP('',(#2747,#2748,#2749,#2750));
#624=EDGE_LOOP('',(#2751,#2752,#2753,#2754));
#625=EDGE_LOOP('',(#2755,#2756,#2757,#2758,#2759,#2760,#2761,#2762,#2763,
#2764,#2765,#2766));
#626=EDGE_LOOP('',(#2767));
#627=EDGE_LOOP('',(#2768));
#628=EDGE_LOOP('',(#2769,#2770,#2771,#2772,#2773,#2774,#2775,#2776,#2777,
#2778,#2779,#2780));
#629=EDGE_LOOP('',(#2781,#2782,#2783,#2784));
#630=EDGE_LOOP('',(#2785,#2786,#2787,#2788));
#631=EDGE_LOOP('',(#2789,#2790,#2791,#2792));
#632=EDGE_LOOP('',(#2793,#2794,#2795,#2796));
#633=EDGE_LOOP('',(#2797,#2798,#2799,#2800));
#634=EDGE_LOOP('',(#2801,#2802,#2803,#2804));
#635=EDGE_LOOP('',(#2805,#2806,#2807,#2808));
#636=EDGE_LOOP('',(#2809,#2810,#2811,#2812));
#637=EDGE_LOOP('',(#2813,#2814,#2815,#2816));
#638=EDGE_LOOP('',(#2817,#2818,#2819,#2820));
#639=EDGE_LOOP('',(#2821,#2822,#2823,#2824));
#640=EDGE_LOOP('',(#2825,#2826,#2827,#2828));
#641=EDGE_LOOP('',(#2829,#2830,#2831,#2832));
#642=EDGE_LOOP('',(#2833,#2834,#2835,#2836));
#643=EDGE_LOOP('',(#2837,#2838,#2839,#2840,#2841,#2842,#2843,#2844,#2845,
#2846,#2847,#2848));
#644=EDGE_LOOP('',(#2849));
#645=EDGE_LOOP('',(#2850));
#646=EDGE_LOOP('',(#2851,#2852,#2853,#2854,#2855,#2856,#2857,#2858,#2859,
#2860,#2861,#2862));
#647=EDGE_LOOP('',(#2863,#2864,#2865,#2866));
#648=EDGE_LOOP('',(#2867));
#649=EDGE_LOOP('',(#2868,#2869,#2870,#2871));
#650=EDGE_LOOP('',(#2872,#2873,#2874,#2875));
#651=EDGE_LOOP('',(#2876,#2877,#2878,#2879,#2880,#2881,#2882,#2883,#2884,
#2885,#2886,#2887,#2888,#2889,#2890,#2891,#2892,#2893));
#652=EDGE_LOOP('',(#2894));
#653=EDGE_LOOP('',(#2895));
#654=EDGE_LOOP('',(#2896,#2897,#2898,#2899));
#655=EDGE_LOOP('',(#2900,#2901,#2902,#2903));
#656=EDGE_LOOP('',(#2904,#2905,#2906,#2907));
#657=EDGE_LOOP('',(#2908,#2909,#2910,#2911));
#658=EDGE_LOOP('',(#2912,#2913,#2914,#2915));
#659=EDGE_LOOP('',(#2916,#2917,#2918,#2919));
#660=EDGE_LOOP('',(#2920,#2921,#2922,#2923));
#661=EDGE_LOOP('',(#2924,#2925,#2926,#2927));
#662=EDGE_LOOP('',(#2928,#2929,#2930,#2931));
#663=EDGE_LOOP('',(#2932,#2933,#2934,#2935));
#664=EDGE_LOOP('',(#2936,#2937,#2938,#2939));
#665=EDGE_LOOP('',(#2940,#2941,#2942,#2943));
#666=EDGE_LOOP('',(#2944,#2945,#2946,#2947));
#667=EDGE_LOOP('',(#2948,#2949,#2950,#2951));
#668=EDGE_LOOP('',(#2952));
#669=EDGE_LOOP('',(#2953));
#670=EDGE_LOOP('',(#2954,#2955,#2956,#2957));
#671=EDGE_LOOP('',(#2958,#2959,#2960,#2961));
#672=EDGE_LOOP('',(#2962));
#673=EDGE_LOOP('',(#2963));
#674=EDGE_LOOP('',(#2964,#2965,#2966,#2967));
#675=EDGE_LOOP('',(#2968,#2969,#2970,#2971));
#676=EDGE_LOOP('',(#2972));
#677=EDGE_LOOP('',(#2973,#2974,#2975,#2976));
#678=EDGE_LOOP('',(#2977,#2978,#2979,#2980));
#679=EDGE_LOOP('',(#2981,#2982,#2983,#2984,#2985,#2986,#2987,#2988,#2989,
#2990,#2991,#2992,#2993,#2994,#2995,#2996,#2997,#2998));
#680=EDGE_LOOP('',(#2999));
#681=EDGE_LOOP('',(#3000));
#682=EDGE_LOOP('',(#3001,#3002,#3003,#3004));
#683=EDGE_LOOP('',(#3005));
#684=EDGE_LOOP('',(#3006,#3007,#3008,#3009));
#685=EDGE_LOOP('',(#3010));
#686=EDGE_LOOP('',(#3011));
#687=EDGE_LOOP('',(#3012,#3013,#3014,#3015));
#688=EDGE_LOOP('',(#3016,#3017,#3018,#3019));
#689=EDGE_LOOP('',(#3020,#3021,#3022,#3023));
#690=EDGE_LOOP('',(#3024,#3025,#3026,#3027));
#691=EDGE_LOOP('',(#3028,#3029,#3030,#3031));
#692=EDGE_LOOP('',(#3032,#3033,#3034,#3035));
#693=EDGE_LOOP('',(#3036));
#694=EDGE_LOOP('',(#3037,#3038,#3039,#3040));
#695=EDGE_LOOP('',(#3041));
#696=EDGE_LOOP('',(#3042));
#697=EDGE_LOOP('',(#3043,#3044,#3045,#3046));
#698=EDGE_LOOP('',(#3047,#3048,#3049,#3050));
#699=EDGE_LOOP('',(#3051,#3052,#3053,#3054));
#700=EDGE_LOOP('',(#3055,#3056,#3057,#3058));
#701=EDGE_LOOP('',(#3059,#3060,#3061,#3062));
#702=EDGE_LOOP('',(#3063,#3064,#3065,#3066));
#703=EDGE_LOOP('',(#3067,#3068,#3069,#3070));
#704=EDGE_LOOP('',(#3071,#3072,#3073,#3074));
#705=EDGE_LOOP('',(#3075,#3076,#3077,#3078));
#706=EDGE_LOOP('',(#3079,#3080,#3081,#3082));
#707=EDGE_LOOP('',(#3083,#3084,#3085,#3086));
#708=EDGE_LOOP('',(#3087,#3088,#3089,#3090));
#709=EDGE_LOOP('',(#3091,#3092,#3093,#3094));
#710=EDGE_LOOP('',(#3095,#3096,#3097,#3098));
#711=EDGE_LOOP('',(#3099,#3100,#3101,#3102));
#712=EDGE_LOOP('',(#3103,#3104,#3105,#3106,#3107,#3108,#3109,#3110));
#713=EDGE_LOOP('',(#3111));
#714=EDGE_LOOP('',(#3112));
#715=EDGE_LOOP('',(#3113));
#716=EDGE_LOOP('',(#3114));
#717=EDGE_LOOP('',(#3115,#3116,#3117,#3118));
#718=EDGE_LOOP('',(#3119,#3120,#3121,#3122,#3123,#3124,#3125,#3126));
#719=EDGE_LOOP('',(#3127));
#720=EDGE_LOOP('',(#3128));
#721=EDGE_LOOP('',(#3129,#3130,#3131,#3132));
#722=EDGE_LOOP('',(#3133,#3134,#3135,#3136));
#723=EDGE_LOOP('',(#3137));
#724=EDGE_LOOP('',(#3138,#3139,#3140,#3141));
#725=EDGE_LOOP('',(#3142));
#726=EDGE_LOOP('',(#3143,#3144,#3145,#3146));
#727=EDGE_LOOP('',(#3147));
#728=EDGE_LOOP('',(#3148,#3149,#3150,#3151));
#729=EDGE_LOOP('',(#3152));
#730=EDGE_LOOP('',(#3153,#3154,#3155,#3156));
#731=EDGE_LOOP('',(#3157,#3158,#3159,#3160));
#732=EDGE_LOOP('',(#3161,#3162,#3163,#3164));
#733=EDGE_LOOP('',(#3165,#3166,#3167,#3168));
#734=EDGE_LOOP('',(#3169,#3170,#3171,#3172));
#735=EDGE_LOOP('',(#3173));
#736=EDGE_LOOP('',(#3174));
#737=EDGE_LOOP('',(#3175));
#738=EDGE_LOOP('',(#3176));
#739=EDGE_LOOP('',(#3177,#3178,#3179,#3180));
#740=EDGE_LOOP('',(#3181,#3182,#3183,#3184));
#741=EDGE_LOOP('',(#3185));
#742=EDGE_LOOP('',(#3186));
#743=EDGE_LOOP('',(#3187,#3188,#3189,#3190));
#744=EDGE_LOOP('',(#3191));
#745=EDGE_LOOP('',(#3192));
#746=LINE('',#4774,#1107);
#747=LINE('',#4781,#1108);
#748=LINE('',#4788,#1109);
#749=LINE('',#4795,#1110);
#750=LINE('',#4798,#1111);
#751=LINE('',#4801,#1112);
#752=LINE('',#4803,#1113);
#753=LINE('',#4804,#1114);
#754=LINE('',#4807,#1115);
#755=LINE('',#4809,#1116);
#756=LINE('',#4810,#1117);
#757=LINE('',#4815,#1118);
#758=LINE('',#4821,#1119);
#759=LINE('',#4828,#1120);
#760=LINE('',#4835,#1121);
#761=LINE('',#4842,#1122);
#762=LINE('',#4845,#1123);
#763=LINE('',#4851,#1124);
#764=LINE('',#4855,#1125);
#765=LINE('',#4857,#1126);
#766=LINE('',#4859,#1127);
#767=LINE('',#4860,#1128);
#768=LINE('',#4863,#1129);
#769=LINE('',#4865,#1130);
#770=LINE('',#4866,#1131);
#771=LINE('',#4869,#1132);
#772=LINE('',#4871,#1133);
#773=LINE('',#4872,#1134);
#774=LINE('',#4874,#1135);
#775=LINE('',#4875,#1136);
#776=LINE('',#4880,#1137);
#777=LINE('',#4882,#1138);
#778=LINE('',#4884,#1139);
#779=LINE('',#4885,#1140);
#780=LINE('',#4888,#1141);
#781=LINE('',#4890,#1142);
#782=LINE('',#4891,#1143);
#783=LINE('',#4894,#1144);
#784=LINE('',#4896,#1145);
#785=LINE('',#4897,#1146);
#786=LINE('',#4899,#1147);
#787=LINE('',#4900,#1148);
#788=LINE('',#4903,#1149);
#789=LINE('',#4904,#1150);
#790=LINE('',#4906,#1151);
#791=LINE('',#4907,#1152);
#792=LINE('',#4914,#1153);
#793=LINE('',#4921,#1154);
#794=LINE('',#4928,#1155);
#795=LINE('',#4935,#1156);
#796=LINE('',#4942,#1157);
#797=LINE('',#4948,#1158);
#798=LINE('',#4953,#1159);
#799=LINE('',#4955,#1160);
#800=LINE('',#4957,#1161);
#801=LINE('',#4958,#1162);
#802=LINE('',#4961,#1163);
#803=LINE('',#4963,#1164);
#804=LINE('',#4964,#1165);
#805=LINE('',#4967,#1166);
#806=LINE('',#4969,#1167);
#807=LINE('',#4970,#1168);
#808=LINE('',#4972,#1169);
#809=LINE('',#4973,#1170);
#810=LINE('',#4981,#1171);
#811=LINE('',#4983,#1172);
#812=LINE('',#4985,#1173);
#813=LINE('',#4986,#1174);
#814=LINE('',#4989,#1175);
#815=LINE('',#4991,#1176);
#816=LINE('',#4992,#1177);
#817=LINE('',#4995,#1178);
#818=LINE('',#4997,#1179);
#819=LINE('',#4998,#1180);
#820=LINE('',#5000,#1181);
#821=LINE('',#5001,#1182);
#822=LINE('',#5010,#1183);
#823=LINE('',#5014,#1184);
#824=LINE('',#5019,#1185);
#825=LINE('',#5021,#1186);
#826=LINE('',#5023,#1187);
#827=LINE('',#5024,#1188);
#828=LINE('',#5027,#1189);
#829=LINE('',#5029,#1190);
#830=LINE('',#5030,#1191);
#831=LINE('',#5033,#1192);
#832=LINE('',#5035,#1193);
#833=LINE('',#5036,#1194);
#834=LINE('',#5038,#1195);
#835=LINE('',#5039,#1196);
#836=LINE('',#5045,#1197);
#837=LINE('',#5047,#1198);
#838=LINE('',#5049,#1199);
#839=LINE('',#5050,#1200);
#840=LINE('',#5053,#1201);
#841=LINE('',#5055,#1202);
#842=LINE('',#5056,#1203);
#843=LINE('',#5059,#1204);
#844=LINE('',#5061,#1205);
#845=LINE('',#5062,#1206);
#846=LINE('',#5064,#1207);
#847=LINE('',#5065,#1208);
#848=LINE('',#5074,#1209);
#849=LINE('',#5078,#1210);
#850=LINE('',#5083,#1211);
#851=LINE('',#5085,#1212);
#852=LINE('',#5087,#1213);
#853=LINE('',#5088,#1214);
#854=LINE('',#5091,#1215);
#855=LINE('',#5093,#1216);
#856=LINE('',#5094,#1217);
#857=LINE('',#5097,#1218);
#858=LINE('',#5099,#1219);
#859=LINE('',#5100,#1220);
#860=LINE('',#5102,#1221);
#861=LINE('',#5103,#1222);
#862=LINE('',#5110,#1223);
#863=LINE('',#5112,#1224);
#864=LINE('',#5114,#1225);
#865=LINE('',#5115,#1226);
#866=LINE('',#5118,#1227);
#867=LINE('',#5120,#1228);
#868=LINE('',#5122,#1229);
#869=LINE('',#5123,#1230);
#870=LINE('',#5127,#1231);
#871=LINE('',#5128,#1232);
#872=LINE('',#5129,#1233);
#873=LINE('',#5132,#1234);
#874=LINE('',#5133,#1235);
#875=LINE('',#5137,#1236);
#876=LINE('',#5138,#1237);
#877=LINE('',#5139,#1238);
#878=LINE('',#5142,#1239);
#879=LINE('',#5143,#1240);
#880=LINE('',#5146,#1241);
#881=LINE('',#5147,#1242);
#882=LINE('',#5149,#1243);
#883=LINE('',#5152,#1244);
#884=LINE('',#5153,#1245);
#885=LINE('',#5155,#1246);
#886=LINE('',#5160,#1247);
#887=LINE('',#5162,#1248);
#888=LINE('',#5164,#1249);
#889=LINE('',#5165,#1250);
#890=LINE('',#5168,#1251);
#891=LINE('',#5170,#1252);
#892=LINE('',#5172,#1253);
#893=LINE('',#5173,#1254);
#894=LINE('',#5177,#1255);
#895=LINE('',#5178,#1256);
#896=LINE('',#5179,#1257);
#897=LINE('',#5182,#1258);
#898=LINE('',#5183,#1259);
#899=LINE('',#5187,#1260);
#900=LINE('',#5188,#1261);
#901=LINE('',#5189,#1262);
#902=LINE('',#5192,#1263);
#903=LINE('',#5193,#1264);
#904=LINE('',#5196,#1265);
#905=LINE('',#5197,#1266);
#906=LINE('',#5199,#1267);
#907=LINE('',#5202,#1268);
#908=LINE('',#5203,#1269);
#909=LINE('',#5205,#1270);
#910=LINE('',#5211,#1271);
#911=LINE('',#5213,#1272);
#912=LINE('',#5215,#1273);
#913=LINE('',#5216,#1274);
#914=LINE('',#5219,#1275);
#915=LINE('',#5221,#1276);
#916=LINE('',#5222,#1277);
#917=LINE('',#5225,#1278);
#918=LINE('',#5227,#1279);
#919=LINE('',#5228,#1280);
#920=LINE('',#5231,#1281);
#921=LINE('',#5233,#1282);
#922=LINE('',#5234,#1283);
#923=LINE('',#5237,#1284);
#924=LINE('',#5239,#1285);
#925=LINE('',#5240,#1286);
#926=LINE('',#5243,#1287);
#927=LINE('',#5245,#1288);
#928=LINE('',#5246,#1289);
#929=LINE('',#5249,#1290);
#930=LINE('',#5251,#1291);
#931=LINE('',#5252,#1292);
#932=LINE('',#5255,#1293);
#933=LINE('',#5257,#1294);
#934=LINE('',#5258,#1295);
#935=LINE('',#5261,#1296);
#936=LINE('',#5263,#1297);
#937=LINE('',#5264,#1298);
#938=LINE('',#5267,#1299);
#939=LINE('',#5269,#1300);
#940=LINE('',#5270,#1301);
#941=LINE('',#5273,#1302);
#942=LINE('',#5275,#1303);
#943=LINE('',#5276,#1304);
#944=LINE('',#5278,#1305);
#945=LINE('',#5279,#1306);
#946=LINE('',#5288,#1307);
#947=LINE('',#5292,#1308);
#948=LINE('',#5297,#1309);
#949=LINE('',#5299,#1310);
#950=LINE('',#5301,#1311);
#951=LINE('',#5302,#1312);
#952=LINE('',#5305,#1313);
#953=LINE('',#5307,#1314);
#954=LINE('',#5308,#1315);
#955=LINE('',#5311,#1316);
#956=LINE('',#5313,#1317);
#957=LINE('',#5314,#1318);
#958=LINE('',#5317,#1319);
#959=LINE('',#5319,#1320);
#960=LINE('',#5320,#1321);
#961=LINE('',#5323,#1322);
#962=LINE('',#5325,#1323);
#963=LINE('',#5326,#1324);
#964=LINE('',#5329,#1325);
#965=LINE('',#5331,#1326);
#966=LINE('',#5332,#1327);
#967=LINE('',#5335,#1328);
#968=LINE('',#5337,#1329);
#969=LINE('',#5338,#1330);
#970=LINE('',#5341,#1331);
#971=LINE('',#5343,#1332);
#972=LINE('',#5344,#1333);
#973=LINE('',#5347,#1334);
#974=LINE('',#5349,#1335);
#975=LINE('',#5350,#1336);
#976=LINE('',#5353,#1337);
#977=LINE('',#5355,#1338);
#978=LINE('',#5356,#1339);
#979=LINE('',#5359,#1340);
#980=LINE('',#5361,#1341);
#981=LINE('',#5362,#1342);
#982=LINE('',#5364,#1343);
#983=LINE('',#5365,#1344);
#984=LINE('',#5373,#1345);
#985=LINE('',#5380,#1346);
#986=LINE('',#5386,#1347);
#987=LINE('',#5391,#1348);
#988=LINE('',#5393,#1349);
#989=LINE('',#5395,#1350);
#990=LINE('',#5397,#1351);
#991=LINE('',#5399,#1352);
#992=LINE('',#5401,#1353);
#993=LINE('',#5403,#1354);
#994=LINE('',#5405,#1355);
#995=LINE('',#5407,#1356);
#996=LINE('',#5409,#1357);
#997=LINE('',#5411,#1358);
#998=LINE('',#5413,#1359);
#999=LINE('',#5415,#1360);
#1000=LINE('',#5417,#1361);
#1001=LINE('',#5419,#1362);
#1002=LINE('',#5421,#1363);
#1003=LINE('',#5423,#1364);
#1004=LINE('',#5424,#1365);
#1005=LINE('',#5432,#1366);
#1006=LINE('',#5436,#1367);
#1007=LINE('',#5439,#1368);
#1008=LINE('',#5441,#1369);
#1009=LINE('',#5442,#1370);
#1010=LINE('',#5445,#1371);
#1011=LINE('',#5446,#1372);
#1012=LINE('',#5449,#1373);
#1013=LINE('',#5450,#1374);
#1014=LINE('',#5453,#1375);
#1015=LINE('',#5454,#1376);
#1016=LINE('',#5457,#1377);
#1017=LINE('',#5458,#1378);
#1018=LINE('',#5461,#1379);
#1019=LINE('',#5462,#1380);
#1020=LINE('',#5465,#1381);
#1021=LINE('',#5466,#1382);
#1022=LINE('',#5469,#1383);
#1023=LINE('',#5470,#1384);
#1024=LINE('',#5473,#1385);
#1025=LINE('',#5474,#1386);
#1026=LINE('',#5477,#1387);
#1027=LINE('',#5478,#1388);
#1028=LINE('',#5481,#1389);
#1029=LINE('',#5482,#1390);
#1030=LINE('',#5485,#1391);
#1031=LINE('',#5486,#1392);
#1032=LINE('',#5489,#1393);
#1033=LINE('',#5490,#1394);
#1034=LINE('',#5493,#1395);
#1035=LINE('',#5494,#1396);
#1036=LINE('',#5497,#1397);
#1037=LINE('',#5498,#1398);
#1038=LINE('',#5501,#1399);
#1039=LINE('',#5502,#1400);
#1040=LINE('',#5505,#1401);
#1041=LINE('',#5506,#1402);
#1042=LINE('',#5508,#1403);
#1043=LINE('',#5516,#1404);
#1044=LINE('',#5523,#1405);
#1045=LINE('',#5530,#1406);
#1046=LINE('',#5537,#1407);
#1047=LINE('',#5540,#1408);
#1048=LINE('',#5543,#1409);
#1049=LINE('',#5545,#1410);
#1050=LINE('',#5546,#1411);
#1051=LINE('',#5549,#1412);
#1052=LINE('',#5551,#1413);
#1053=LINE('',#5552,#1414);
#1054=LINE('',#5558,#1415);
#1055=LINE('',#5563,#1416);
#1056=LINE('',#5570,#1417);
#1057=LINE('',#5577,#1418);
#1058=LINE('',#5584,#1419);
#1059=LINE('',#5587,#1420);
#1060=LINE('',#5592,#1421);
#1061=LINE('',#5597,#1422);
#1062=LINE('',#5599,#1423);
#1063=LINE('',#5601,#1424);
#1064=LINE('',#5602,#1425);
#1065=LINE('',#5605,#1426);
#1066=LINE('',#5607,#1427);
#1067=LINE('',#5608,#1428);
#1068=LINE('',#5611,#1429);
#1069=LINE('',#5613,#1430);
#1070=LINE('',#5614,#1431);
#1071=LINE('',#5616,#1432);
#1072=LINE('',#5617,#1433);
#1073=LINE('',#5622,#1434);
#1074=LINE('',#5624,#1435);
#1075=LINE('',#5626,#1436);
#1076=LINE('',#5627,#1437);
#1077=LINE('',#5630,#1438);
#1078=LINE('',#5632,#1439);
#1079=LINE('',#5633,#1440);
#1080=LINE('',#5636,#1441);
#1081=LINE('',#5638,#1442);
#1082=LINE('',#5639,#1443);
#1083=LINE('',#5641,#1444);
#1084=LINE('',#5642,#1445);
#1085=LINE('',#5645,#1446);
#1086=LINE('',#5646,#1447);
#1087=LINE('',#5648,#1448);
#1088=LINE('',#5649,#1449);
#1089=LINE('',#5656,#1450);
#1090=LINE('',#5663,#1451);
#1091=LINE('',#5670,#1452);
#1092=LINE('',#5677,#1453);
#1093=LINE('',#5684,#1454);
#1094=LINE('',#5690,#1455);
#1095=LINE('',#5695,#1456);
#1096=LINE('',#5697,#1457);
#1097=LINE('',#5699,#1458);
#1098=LINE('',#5700,#1459);
#1099=LINE('',#5703,#1460);
#1100=LINE('',#5705,#1461);
#1101=LINE('',#5706,#1462);
#1102=LINE('',#5709,#1463);
#1103=LINE('',#5711,#1464);
#1104=LINE('',#5712,#1465);
#1105=LINE('',#5714,#1466);
#1106=LINE('',#5715,#1467);
#1107=VECTOR('',#3818,3.4);
#1108=VECTOR('',#3827,4.75);
#1109=VECTOR('',#3836,3.);
#1110=VECTOR('',#3843,10.);
#1111=VECTOR('',#3846,10.);
#1112=VECTOR('',#3849,10.);
#1113=VECTOR('',#3850,10.);
#1114=VECTOR('',#3851,10.);
#1115=VECTOR('',#3854,10.);
#1116=VECTOR('',#3855,10.);
#1117=VECTOR('',#3856,10.);
#1118=VECTOR('',#3861,10.);
#1119=VECTOR('',#3868,3.4);
#1120=VECTOR('',#3877,4.75);
#1121=VECTOR('',#3886,3.);
#1122=VECTOR('',#3893,10.);
#1123=VECTOR('',#3896,10.);
#1124=VECTOR('',#3903,10.);
#1125=VECTOR('',#3906,10.);
#1126=VECTOR('',#3907,10.);
#1127=VECTOR('',#3908,10.);
#1128=VECTOR('',#3909,10.);
#1129=VECTOR('',#3912,10.);
#1130=VECTOR('',#3913,10.);
#1131=VECTOR('',#3914,10.);
#1132=VECTOR('',#3917,10.);
#1133=VECTOR('',#3918,10.);
#1134=VECTOR('',#3919,10.);
#1135=VECTOR('',#3922,10.);
#1136=VECTOR('',#3923,10.);
#1137=VECTOR('',#3928,10.);
#1138=VECTOR('',#3929,10.);
#1139=VECTOR('',#3930,10.);
#1140=VECTOR('',#3931,10.);
#1141=VECTOR('',#3934,10.);
#1142=VECTOR('',#3935,10.);
#1143=VECTOR('',#3936,10.);
#1144=VECTOR('',#3939,10.);
#1145=VECTOR('',#3940,10.);
#1146=VECTOR('',#3941,10.);
#1147=VECTOR('',#3944,10.);
#1148=VECTOR('',#3945,10.);
#1149=VECTOR('',#3950,10.);
#1150=VECTOR('',#3951,10.);
#1151=VECTOR('',#3954,10.);
#1152=VECTOR('',#3955,10.);
#1153=VECTOR('',#3964,3.00000000000001);
#1154=VECTOR('',#3973,3.00000000000001);
#1155=VECTOR('',#3982,3.00000000000001);
#1156=VECTOR('',#3991,3.00000000000001);
#1157=VECTOR('',#4000,8.00000000000001);
#1158=VECTOR('',#4007,8.00000000000001);
#1159=VECTOR('',#4012,10.);
#1160=VECTOR('',#4013,10.);
#1161=VECTOR('',#4014,10.);
#1162=VECTOR('',#4015,10.);
#1163=VECTOR('',#4018,10.);
#1164=VECTOR('',#4019,10.);
#1165=VECTOR('',#4020,10.);
#1166=VECTOR('',#4023,10.);
#1167=VECTOR('',#4024,10.);
#1168=VECTOR('',#4025,10.);
#1169=VECTOR('',#4028,10.);
#1170=VECTOR('',#4029,10.);
#1171=VECTOR('',#4040,10.);
#1172=VECTOR('',#4041,10.);
#1173=VECTOR('',#4042,10.);
#1174=VECTOR('',#4043,10.);
#1175=VECTOR('',#4046,10.);
#1176=VECTOR('',#4047,10.);
#1177=VECTOR('',#4048,10.);
#1178=VECTOR('',#4051,10.);
#1179=VECTOR('',#4052,10.);
#1180=VECTOR('',#4053,10.);
#1181=VECTOR('',#4056,10.);
#1182=VECTOR('',#4057,10.);
#1183=VECTOR('',#4068,8.00000000000001);
#1184=VECTOR('',#4073,8.00000000000001);
#1185=VECTOR('',#4078,10.);
#1186=VECTOR('',#4079,10.);
#1187=VECTOR('',#4080,10.);
#1188=VECTOR('',#4081,10.);
#1189=VECTOR('',#4084,10.);
#1190=VECTOR('',#4085,10.);
#1191=VECTOR('',#4086,10.);
#1192=VECTOR('',#4089,10.);
#1193=VECTOR('',#4090,10.);
#1194=VECTOR('',#4091,10.);
#1195=VECTOR('',#4094,10.);
#1196=VECTOR('',#4095,10.);
#1197=VECTOR('',#4102,10.);
#1198=VECTOR('',#4103,10.);
#1199=VECTOR('',#4104,10.);
#1200=VECTOR('',#4105,10.);
#1201=VECTOR('',#4108,10.);
#1202=VECTOR('',#4109,10.);
#1203=VECTOR('',#4110,10.);
#1204=VECTOR('',#4113,10.);
#1205=VECTOR('',#4114,10.);
#1206=VECTOR('',#4115,10.);
#1207=VECTOR('',#4118,10.);
#1208=VECTOR('',#4119,10.);
#1209=VECTOR('',#4130,8.00000000000001);
#1210=VECTOR('',#4135,8.00000000000001);
#1211=VECTOR('',#4140,10.);
#1212=VECTOR('',#4141,10.);
#1213=VECTOR('',#4142,10.);
#1214=VECTOR('',#4143,10.);
#1215=VECTOR('',#4146,10.);
#1216=VECTOR('',#4147,10.);
#1217=VECTOR('',#4148,10.);
#1218=VECTOR('',#4151,10.);
#1219=VECTOR('',#4152,10.);
#1220=VECTOR('',#4153,10.);
#1221=VECTOR('',#4156,10.);
#1222=VECTOR('',#4157,10.);
#1223=VECTOR('',#4166,10.);
#1224=VECTOR('',#4167,10.);
#1225=VECTOR('',#4168,10.);
#1226=VECTOR('',#4169,10.);
#1227=VECTOR('',#4170,10.);
#1228=VECTOR('',#4171,10.);
#1229=VECTOR('',#4172,10.);
#1230=VECTOR('',#4173,10.);
#1231=VECTOR('',#4176,10.);
#1232=VECTOR('',#4177,10.);
#1233=VECTOR('',#4178,10.);
#1234=VECTOR('',#4181,10.);
#1235=VECTOR('',#4182,10.);
#1236=VECTOR('',#4185,10.);
#1237=VECTOR('',#4186,10.);
#1238=VECTOR('',#4187,10.);
#1239=VECTOR('',#4190,10.);
#1240=VECTOR('',#4191,10.);
#1241=VECTOR('',#4194,10.);
#1242=VECTOR('',#4195,10.);
#1243=VECTOR('',#4198,10.);
#1244=VECTOR('',#4201,10.);
#1245=VECTOR('',#4202,10.);
#1246=VECTOR('',#4205,10.);
#1247=VECTOR('',#4210,10.);
#1248=VECTOR('',#4211,10.);
#1249=VECTOR('',#4212,10.);
#1250=VECTOR('',#4213,10.);
#1251=VECTOR('',#4214,10.);
#1252=VECTOR('',#4215,10.);
#1253=VECTOR('',#4216,10.);
#1254=VECTOR('',#4217,10.);
#1255=VECTOR('',#4220,10.);
#1256=VECTOR('',#4221,10.);
#1257=VECTOR('',#4222,10.);
#1258=VECTOR('',#4225,10.);
#1259=VECTOR('',#4226,10.);
#1260=VECTOR('',#4229,10.);
#1261=VECTOR('',#4230,10.);
#1262=VECTOR('',#4231,10.);
#1263=VECTOR('',#4234,10.);
#1264=VECTOR('',#4235,10.);
#1265=VECTOR('',#4238,10.);
#1266=VECTOR('',#4239,10.);
#1267=VECTOR('',#4242,10.);
#1268=VECTOR('',#4245,10.);
#1269=VECTOR('',#4246,10.);
#1270=VECTOR('',#4249,10.);
#1271=VECTOR('',#4256,10.);
#1272=VECTOR('',#4257,10.);
#1273=VECTOR('',#4258,10.);
#1274=VECTOR('',#4259,10.);
#1275=VECTOR('',#4262,10.);
#1276=VECTOR('',#4263,10.);
#1277=VECTOR('',#4264,10.);
#1278=VECTOR('',#4267,10.);
#1279=VECTOR('',#4268,10.);
#1280=VECTOR('',#4269,10.);
#1281=VECTOR('',#4272,10.);
#1282=VECTOR('',#4273,10.);
#1283=VECTOR('',#4274,10.);
#1284=VECTOR('',#4277,10.);
#1285=VECTOR('',#4278,10.);
#1286=VECTOR('',#4279,10.);
#1287=VECTOR('',#4282,10.);
#1288=VECTOR('',#4283,10.);
#1289=VECTOR('',#4284,10.);
#1290=VECTOR('',#4287,10.);
#1291=VECTOR('',#4288,10.);
#1292=VECTOR('',#4289,10.);
#1293=VECTOR('',#4292,10.);
#1294=VECTOR('',#4293,10.);
#1295=VECTOR('',#4294,10.);
#1296=VECTOR('',#4297,10.);
#1297=VECTOR('',#4298,10.);
#1298=VECTOR('',#4299,10.);
#1299=VECTOR('',#4302,10.);
#1300=VECTOR('',#4303,10.);
#1301=VECTOR('',#4304,10.);
#1302=VECTOR('',#4307,10.);
#1303=VECTOR('',#4308,10.);
#1304=VECTOR('',#4309,10.);
#1305=VECTOR('',#4312,10.);
#1306=VECTOR('',#4313,10.);
#1307=VECTOR('',#4324,8.00000000000004);
#1308=VECTOR('',#4329,7.99999999999997);
#1309=VECTOR('',#4334,10.);
#1310=VECTOR('',#4335,10.);
#1311=VECTOR('',#4336,10.);
#1312=VECTOR('',#4337,10.);
#1313=VECTOR('',#4340,10.);
#1314=VECTOR('',#4341,10.);
#1315=VECTOR('',#4342,10.);
#1316=VECTOR('',#4345,10.);
#1317=VECTOR('',#4346,10.);
#1318=VECTOR('',#4347,10.);
#1319=VECTOR('',#4350,10.);
#1320=VECTOR('',#4351,10.);
#1321=VECTOR('',#4352,10.);
#1322=VECTOR('',#4355,10.);
#1323=VECTOR('',#4356,10.);
#1324=VECTOR('',#4357,10.);
#1325=VECTOR('',#4360,10.);
#1326=VECTOR('',#4361,10.);
#1327=VECTOR('',#4362,10.);
#1328=VECTOR('',#4365,10.);
#1329=VECTOR('',#4366,10.);
#1330=VECTOR('',#4367,10.);
#1331=VECTOR('',#4370,10.);
#1332=VECTOR('',#4371,10.);
#1333=VECTOR('',#4372,10.);
#1334=VECTOR('',#4375,10.);
#1335=VECTOR('',#4376,10.);
#1336=VECTOR('',#4377,10.);
#1337=VECTOR('',#4380,10.);
#1338=VECTOR('',#4381,10.);
#1339=VECTOR('',#4382,10.);
#1340=VECTOR('',#4385,10.);
#1341=VECTOR('',#4386,10.);
#1342=VECTOR('',#4387,10.);
#1343=VECTOR('',#4390,10.);
#1344=VECTOR('',#4391,10.);
#1345=VECTOR('',#4402,22.5);
#1346=VECTOR('',#4411,10.);
#1347=VECTOR('',#4418,10.);
#1348=VECTOR('',#4423,10.);
#1349=VECTOR('',#4424,10.);
#1350=VECTOR('',#4425,10.);
#1351=VECTOR('',#4426,10.);
#1352=VECTOR('',#4427,10.);
#1353=VECTOR('',#4428,10.);
#1354=VECTOR('',#4429,10.);
#1355=VECTOR('',#4430,10.);
#1356=VECTOR('',#4431,10.);
#1357=VECTOR('',#4432,10.);
#1358=VECTOR('',#4433,10.);
#1359=VECTOR('',#4434,10.);
#1360=VECTOR('',#4435,10.);
#1361=VECTOR('',#4436,10.);
#1362=VECTOR('',#4437,10.);
#1363=VECTOR('',#4438,10.);
#1364=VECTOR('',#4439,10.);
#1365=VECTOR('',#4440,10.);
#1366=VECTOR('',#4449,7.99999999999997);
#1367=VECTOR('',#4454,8.00000000000004);
#1368=VECTOR('',#4457,10.);
#1369=VECTOR('',#4458,10.);
#1370=VECTOR('',#4459,10.);
#1371=VECTOR('',#4462,10.);
#1372=VECTOR('',#4463,10.);
#1373=VECTOR('',#4466,10.);
#1374=VECTOR('',#4467,10.);
#1375=VECTOR('',#4470,10.);
#1376=VECTOR('',#4471,10.);
#1377=VECTOR('',#4474,10.);
#1378=VECTOR('',#4475,10.);
#1379=VECTOR('',#4478,10.);
#1380=VECTOR('',#4479,10.);
#1381=VECTOR('',#4482,10.);
#1382=VECTOR('',#4483,10.);
#1383=VECTOR('',#4486,10.);
#1384=VECTOR('',#4487,10.);
#1385=VECTOR('',#4490,10.);
#1386=VECTOR('',#4491,10.);
#1387=VECTOR('',#4494,10.);
#1388=VECTOR('',#4495,10.);
#1389=VECTOR('',#4498,10.);
#1390=VECTOR('',#4499,10.);
#1391=VECTOR('',#4502,10.);
#1392=VECTOR('',#4503,10.);
#1393=VECTOR('',#4506,10.);
#1394=VECTOR('',#4507,10.);
#1395=VECTOR('',#4510,10.);
#1396=VECTOR('',#4511,10.);
#1397=VECTOR('',#4514,10.);
#1398=VECTOR('',#4515,10.);
#1399=VECTOR('',#4518,10.);
#1400=VECTOR('',#4519,10.);
#1401=VECTOR('',#4522,10.);
#1402=VECTOR('',#4523,10.);
#1403=VECTOR('',#4526,10.);
#1404=VECTOR('',#4537,3.4);
#1405=VECTOR('',#4546,4.75);
#1406=VECTOR('',#4555,3.);
#1407=VECTOR('',#4562,10.);
#1408=VECTOR('',#4565,10.);
#1409=VECTOR('',#4568,10.);
#1410=VECTOR('',#4569,10.);
#1411=VECTOR('',#4570,10.);
#1412=VECTOR('',#4573,10.);
#1413=VECTOR('',#4574,10.);
#1414=VECTOR('',#4575,10.);
#1415=VECTOR('',#4582,10.);
#1416=VECTOR('',#4587,3.4);
#1417=VECTOR('',#4596,4.75);
#1418=VECTOR('',#4605,3.);
#1419=VECTOR('',#4612,10.);
#1420=VECTOR('',#4615,10.);
#1421=VECTOR('',#4620,10.);
#1422=VECTOR('',#4625,10.);
#1423=VECTOR('',#4626,10.);
#1424=VECTOR('',#4627,10.);
#1425=VECTOR('',#4628,10.);
#1426=VECTOR('',#4631,10.);
#1427=VECTOR('',#4632,10.);
#1428=VECTOR('',#4633,10.);
#1429=VECTOR('',#4636,10.);
#1430=VECTOR('',#4637,10.);
#1431=VECTOR('',#4638,10.);
#1432=VECTOR('',#4641,10.);
#1433=VECTOR('',#4642,10.);
#1434=VECTOR('',#4647,10.);
#1435=VECTOR('',#4648,10.);
#1436=VECTOR('',#4649,10.);
#1437=VECTOR('',#4650,10.);
#1438=VECTOR('',#4653,10.);
#1439=VECTOR('',#4654,10.);
#1440=VECTOR('',#4655,10.);
#1441=VECTOR('',#4658,10.);
#1442=VECTOR('',#4659,10.);
#1443=VECTOR('',#4660,10.);
#1444=VECTOR('',#4663,10.);
#1445=VECTOR('',#4664,10.);
#1446=VECTOR('',#4669,10.);
#1447=VECTOR('',#4670,10.);
#1448=VECTOR('',#4673,10.);
#1449=VECTOR('',#4674,10.);
#1450=VECTOR('',#4683,3.00000000000001);
#1451=VECTOR('',#4692,3.00000000000001);
#1452=VECTOR('',#4701,3.00000000000001);
#1453=VECTOR('',#4710,3.00000000000001);
#1454=VECTOR('',#4719,8.00000000000001);
#1455=VECTOR('',#4726,8.00000000000001);
#1456=VECTOR('',#4731,10.);
#1457=VECTOR('',#4732,10.);
#1458=VECTOR('',#4733,10.);
#1459=VECTOR('',#4734,10.);
#1460=VECTOR('',#4737,10.);
#1461=VECTOR('',#4738,10.);
#1462=VECTOR('',#4739,10.);
#1463=VECTOR('',#4742,10.);
#1464=VECTOR('',#4743,10.);
#1465=VECTOR('',#4744,10.);
#1466=VECTOR('',#4747,10.);
#1467=VECTOR('',#4748,10.);
#1468=CIRCLE('',#3513,3.4);
#1469=CIRCLE('',#3514,3.4);
#1470=CIRCLE('',#3517,4.75);
#1471=CIRCLE('',#3518,4.75);
#1472=CIRCLE('',#3520,3.);
#1473=CIRCLE('',#3522,3.);
#1474=CIRCLE('',#3524,7.5);
#1475=CIRCLE('',#3525,7.5);
#1476=CIRCLE('',#3529,7.5);
#1477=CIRCLE('',#3530,7.5);
#1478=CIRCLE('',#3532,3.4);
#1479=CIRCLE('',#3533,3.4);
#1480=CIRCLE('',#3536,4.75);
#1481=CIRCLE('',#3537,4.75);
#1482=CIRCLE('',#3539,3.);
#1483=CIRCLE('',#3541,3.);
#1484=CIRCLE('',#3543,7.5);
#1485=CIRCLE('',#3544,7.5);
#1486=CIRCLE('',#3546,7.5);
#1487=CIRCLE('',#3547,7.5);
#1488=CIRCLE('',#3563,3.00000000000001);
#1489=CIRCLE('',#3564,3.00000000000001);
#1490=CIRCLE('',#3567,3.00000000000001);
#1491=CIRCLE('',#3568,3.00000000000001);
#1492=CIRCLE('',#3571,3.00000000000001);
#1493=CIRCLE('',#3572,3.00000000000001);
#1494=CIRCLE('',#3575,3.00000000000001);
#1495=CIRCLE('',#3576,3.00000000000001);
#1496=CIRCLE('',#3579,8.00000000000001);
#1497=CIRCLE('',#3580,8.00000000000001);
#1498=CIRCLE('',#3582,8.00000000000001);
#1499=CIRCLE('',#3583,8.00000000000001);
#1500=CIRCLE('',#3597,8.00000000000001);
#1501=CIRCLE('',#3598,8.00000000000001);
#1502=CIRCLE('',#3601,8.00000000000001);
#1503=CIRCLE('',#3603,8.00000000000001);
#1504=CIRCLE('',#3615,8.00000000000001);
#1505=CIRCLE('',#3616,8.00000000000001);
#1506=CIRCLE('',#3619,8.00000000000001);
#1507=CIRCLE('',#3621,8.00000000000001);
#1508=CIRCLE('',#3663,8.00000000000004);
#1509=CIRCLE('',#3664,7.99999999999997);
#1510=CIRCLE('',#3667,8.00000000000004);
#1511=CIRCLE('',#3669,7.99999999999997);
#1512=CIRCLE('',#3686,22.5);
#1513=CIRCLE('',#3687,22.5);
#1514=CIRCLE('',#3690,10.);
#1515=CIRCLE('',#3691,10.);
#1516=CIRCLE('',#3693,10.);
#1517=CIRCLE('',#3694,10.);
#1518=CIRCLE('',#3696,8.00000000000004);
#1519=CIRCLE('',#3697,7.99999999999997);
#1520=CIRCLE('',#3699,7.99999999999997);
#1521=CIRCLE('',#3701,8.00000000000004);
#1522=CIRCLE('',#3724,3.4);
#1523=CIRCLE('',#3725,3.4);
#1524=CIRCLE('',#3728,4.75);
#1525=CIRCLE('',#3729,4.75);
#1526=CIRCLE('',#3731,3.);
#1527=CIRCLE('',#3733,3.);
#1528=CIRCLE('',#3735,7.5);
#1529=CIRCLE('',#3736,7.5);
#1530=CIRCLE('',#3740,7.5);
#1531=CIRCLE('',#3741,7.5);
#1532=CIRCLE('',#3743,3.4);
#1533=CIRCLE('',#3744,3.4);
#1534=CIRCLE('',#3747,4.75);
#1535=CIRCLE('',#3748,4.75);
#1536=CIRCLE('',#3750,3.);
#1537=CIRCLE('',#3752,3.);
#1538=CIRCLE('',#3754,7.5);
#1539=CIRCLE('',#3755,7.5);
#1540=CIRCLE('',#3757,7.5);
#1541=CIRCLE('',#3758,7.5);
#1542=CIRCLE('',#3774,3.00000000000001);
#1543=CIRCLE('',#3775,3.00000000000001);
#1544=CIRCLE('',#3778,3.00000000000001);
#1545=CIRCLE('',#3779,3.00000000000001);
#1546=CIRCLE('',#3782,3.00000000000001);
#1547=CIRCLE('',#3783,3.00000000000001);
#1548=CIRCLE('',#3786,3.00000000000001);
#1549=CIRCLE('',#3787,3.00000000000001);
#1550=CIRCLE('',#3790,8.00000000000001);
#1551=CIRCLE('',#3791,8.00000000000001);
#1552=CIRCLE('',#3793,8.00000000000001);
#1553=CIRCLE('',#3794,8.00000000000001);
#1554=VERTEX_POINT('',#4771);
#1555=VERTEX_POINT('',#4773);
#1556=VERTEX_POINT('',#4778);
#1557=VERTEX_POINT('',#4780);
#1558=VERTEX_POINT('',#4784);
#1559=VERTEX_POINT('',#4787);
#1560=VERTEX_POINT('',#4791);
#1561=VERTEX_POINT('',#4792);
#1562=VERTEX_POINT('',#4794);
#1563=VERTEX_POINT('',#4796);
#1564=VERTEX_POINT('',#4800);
#1565=VERTEX_POINT('',#4802);
#1566=VERTEX_POINT('',#4806);
#1567=VERTEX_POINT('',#4808);
#1568=VERTEX_POINT('',#4812);
#1569=VERTEX_POINT('',#4814);
#1570=VERTEX_POINT('',#4818);
#1571=VERTEX_POINT('',#4820);
#1572=VERTEX_POINT('',#4825);
#1573=VERTEX_POINT('',#4827);
#1574=VERTEX_POINT('',#4831);
#1575=VERTEX_POINT('',#4834);
#1576=VERTEX_POINT('',#4838);
#1577=VERTEX_POINT('',#4839);
#1578=VERTEX_POINT('',#4841);
#1579=VERTEX_POINT('',#4843);
#1580=VERTEX_POINT('',#4847);
#1581=VERTEX_POINT('',#4849);
#1582=VERTEX_POINT('',#4853);
#1583=VERTEX_POINT('',#4854);
#1584=VERTEX_POINT('',#4856);
#1585=VERTEX_POINT('',#4858);
#1586=VERTEX_POINT('',#4862);
#1587=VERTEX_POINT('',#4864);
#1588=VERTEX_POINT('',#4868);
#1589=VERTEX_POINT('',#4870);
#1590=VERTEX_POINT('',#4878);
#1591=VERTEX_POINT('',#4879);
#1592=VERTEX_POINT('',#4881);
#1593=VERTEX_POINT('',#4883);
#1594=VERTEX_POINT('',#4887);
#1595=VERTEX_POINT('',#4889);
#1596=VERTEX_POINT('',#4893);
#1597=VERTEX_POINT('',#4895);
#1598=VERTEX_POINT('',#4911);
#1599=VERTEX_POINT('',#4913);
#1600=VERTEX_POINT('',#4918);
#1601=VERTEX_POINT('',#4920);
#1602=VERTEX_POINT('',#4925);
#1603=VERTEX_POINT('',#4927);
#1604=VERTEX_POINT('',#4932);
#1605=VERTEX_POINT('',#4934);
#1606=VERTEX_POINT('',#4939);
#1607=VERTEX_POINT('',#4941);
#1608=VERTEX_POINT('',#4945);
#1609=VERTEX_POINT('',#4947);
#1610=VERTEX_POINT('',#4951);
#1611=VERTEX_POINT('',#4952);
#1612=VERTEX_POINT('',#4954);
#1613=VERTEX_POINT('',#4956);
#1614=VERTEX_POINT('',#4960);
#1615=VERTEX_POINT('',#4962);
#1616=VERTEX_POINT('',#4966);
#1617=VERTEX_POINT('',#4968);
#1618=VERTEX_POINT('',#4979);
#1619=VERTEX_POINT('',#4980);
#1620=VERTEX_POINT('',#4982);
#1621=VERTEX_POINT('',#4984);
#1622=VERTEX_POINT('',#4988);
#1623=VERTEX_POINT('',#4990);
#1624=VERTEX_POINT('',#4994);
#1625=VERTEX_POINT('',#4996);
#1626=VERTEX_POINT('',#5003);
#1627=VERTEX_POINT('',#5005);
#1628=VERTEX_POINT('',#5009);
#1629=VERTEX_POINT('',#5013);
#1630=VERTEX_POINT('',#5017);
#1631=VERTEX_POINT('',#5018);
#1632=VERTEX_POINT('',#5020);
#1633=VERTEX_POINT('',#5022);
#1634=VERTEX_POINT('',#5026);
#1635=VERTEX_POINT('',#5028);
#1636=VERTEX_POINT('',#5032);
#1637=VERTEX_POINT('',#5034);
#1638=VERTEX_POINT('',#5043);
#1639=VERTEX_POINT('',#5044);
#1640=VERTEX_POINT('',#5046);
#1641=VERTEX_POINT('',#5048);
#1642=VERTEX_POINT('',#5052);
#1643=VERTEX_POINT('',#5054);
#1644=VERTEX_POINT('',#5058);
#1645=VERTEX_POINT('',#5060);
#1646=VERTEX_POINT('',#5067);
#1647=VERTEX_POINT('',#5069);
#1648=VERTEX_POINT('',#5073);
#1649=VERTEX_POINT('',#5077);
#1650=VERTEX_POINT('',#5081);
#1651=VERTEX_POINT('',#5082);
#1652=VERTEX_POINT('',#5084);
#1653=VERTEX_POINT('',#5086);
#1654=VERTEX_POINT('',#5090);
#1655=VERTEX_POINT('',#5092);
#1656=VERTEX_POINT('',#5096);
#1657=VERTEX_POINT('',#5098);
#1658=VERTEX_POINT('',#5108);
#1659=VERTEX_POINT('',#5109);
#1660=VERTEX_POINT('',#5111);
#1661=VERTEX_POINT('',#5113);
#1662=VERTEX_POINT('',#5116);
#1663=VERTEX_POINT('',#5117);
#1664=VERTEX_POINT('',#5119);
#1665=VERTEX_POINT('',#5121);
#1666=VERTEX_POINT('',#5125);
#1667=VERTEX_POINT('',#5126);
#1668=VERTEX_POINT('',#5131);
#1669=VERTEX_POINT('',#5135);
#1670=VERTEX_POINT('',#5136);
#1671=VERTEX_POINT('',#5141);
#1672=VERTEX_POINT('',#5145);
#1673=VERTEX_POINT('',#5151);
#1674=VERTEX_POINT('',#5158);
#1675=VERTEX_POINT('',#5159);
#1676=VERTEX_POINT('',#5161);
#1677=VERTEX_POINT('',#5163);
#1678=VERTEX_POINT('',#5166);
#1679=VERTEX_POINT('',#5167);
#1680=VERTEX_POINT('',#5169);
#1681=VERTEX_POINT('',#5171);
#1682=VERTEX_POINT('',#5175);
#1683=VERTEX_POINT('',#5176);
#1684=VERTEX_POINT('',#5181);
#1685=VERTEX_POINT('',#5185);
#1686=VERTEX_POINT('',#5186);
#1687=VERTEX_POINT('',#5191);
#1688=VERTEX_POINT('',#5195);
#1689=VERTEX_POINT('',#5201);
#1690=VERTEX_POINT('',#5209);
#1691=VERTEX_POINT('',#5210);
#1692=VERTEX_POINT('',#5212);
#1693=VERTEX_POINT('',#5214);
#1694=VERTEX_POINT('',#5218);
#1695=VERTEX_POINT('',#5220);
#1696=VERTEX_POINT('',#5224);
#1697=VERTEX_POINT('',#5226);
#1698=VERTEX_POINT('',#5230);
#1699=VERTEX_POINT('',#5232);
#1700=VERTEX_POINT('',#5236);
#1701=VERTEX_POINT('',#5238);
#1702=VERTEX_POINT('',#5242);
#1703=VERTEX_POINT('',#5244);
#1704=VERTEX_POINT('',#5248);
#1705=VERTEX_POINT('',#5250);
#1706=VERTEX_POINT('',#5254);
#1707=VERTEX_POINT('',#5256);
#1708=VERTEX_POINT('',#5260);
#1709=VERTEX_POINT('',#5262);
#1710=VERTEX_POINT('',#5266);
#1711=VERTEX_POINT('',#5268);
#1712=VERTEX_POINT('',#5272);
#1713=VERTEX_POINT('',#5274);
#1714=VERTEX_POINT('',#5281);
#1715=VERTEX_POINT('',#5283);
#1716=VERTEX_POINT('',#5287);
#1717=VERTEX_POINT('',#5291);
#1718=VERTEX_POINT('',#5295);
#1719=VERTEX_POINT('',#5296);
#1720=VERTEX_POINT('',#5298);
#1721=VERTEX_POINT('',#5300);
#1722=VERTEX_POINT('',#5304);
#1723=VERTEX_POINT('',#5306);
#1724=VERTEX_POINT('',#5310);
#1725=VERTEX_POINT('',#5312);
#1726=VERTEX_POINT('',#5316);
#1727=VERTEX_POINT('',#5318);
#1728=VERTEX_POINT('',#5322);
#1729=VERTEX_POINT('',#5324);
#1730=VERTEX_POINT('',#5328);
#1731=VERTEX_POINT('',#5330);
#1732=VERTEX_POINT('',#5334);
#1733=VERTEX_POINT('',#5336);
#1734=VERTEX_POINT('',#5340);
#1735=VERTEX_POINT('',#5342);
#1736=VERTEX_POINT('',#5346);
#1737=VERTEX_POINT('',#5348);
#1738=VERTEX_POINT('',#5352);
#1739=VERTEX_POINT('',#5354);
#1740=VERTEX_POINT('',#5358);
#1741=VERTEX_POINT('',#5360);
#1742=VERTEX_POINT('',#5370);
#1743=VERTEX_POINT('',#5372);
#1744=VERTEX_POINT('',#5377);
#1745=VERTEX_POINT('',#5379);
#1746=VERTEX_POINT('',#5383);
#1747=VERTEX_POINT('',#5385);
#1748=VERTEX_POINT('',#5389);
#1749=VERTEX_POINT('',#5390);
#1750=VERTEX_POINT('',#5392);
#1751=VERTEX_POINT('',#5394);
#1752=VERTEX_POINT('',#5396);
#1753=VERTEX_POINT('',#5398);
#1754=VERTEX_POINT('',#5400);
#1755=VERTEX_POINT('',#5402);
#1756=VERTEX_POINT('',#5404);
#1757=VERTEX_POINT('',#5406);
#1758=VERTEX_POINT('',#5408);
#1759=VERTEX_POINT('',#5410);
#1760=VERTEX_POINT('',#5412);
#1761=VERTEX_POINT('',#5414);
#1762=VERTEX_POINT('',#5416);
#1763=VERTEX_POINT('',#5418);
#1764=VERTEX_POINT('',#5420);
#1765=VERTEX_POINT('',#5422);
#1766=VERTEX_POINT('',#5425);
#1767=VERTEX_POINT('',#5427);
#1768=VERTEX_POINT('',#5430);
#1769=VERTEX_POINT('',#5434);
#1770=VERTEX_POINT('',#5438);
#1771=VERTEX_POINT('',#5440);
#1772=VERTEX_POINT('',#5444);
#1773=VERTEX_POINT('',#5448);
#1774=VERTEX_POINT('',#5452);
#1775=VERTEX_POINT('',#5456);
#1776=VERTEX_POINT('',#5460);
#1777=VERTEX_POINT('',#5464);
#1778=VERTEX_POINT('',#5468);
#1779=VERTEX_POINT('',#5472);
#1780=VERTEX_POINT('',#5476);
#1781=VERTEX_POINT('',#5480);
#1782=VERTEX_POINT('',#5484);
#1783=VERTEX_POINT('',#5488);
#1784=VERTEX_POINT('',#5492);
#1785=VERTEX_POINT('',#5496);
#1786=VERTEX_POINT('',#5500);
#1787=VERTEX_POINT('',#5504);
#1788=VERTEX_POINT('',#5513);
#1789=VERTEX_POINT('',#5515);
#1790=VERTEX_POINT('',#5520);
#1791=VERTEX_POINT('',#5522);
#1792=VERTEX_POINT('',#5526);
#1793=VERTEX_POINT('',#5529);
#1794=VERTEX_POINT('',#5533);
#1795=VERTEX_POINT('',#5534);
#1796=VERTEX_POINT('',#5536);
#1797=VERTEX_POINT('',#5538);
#1798=VERTEX_POINT('',#5542);
#1799=VERTEX_POINT('',#5544);
#1800=VERTEX_POINT('',#5548);
#1801=VERTEX_POINT('',#5550);
#1802=VERTEX_POINT('',#5554);
#1803=VERTEX_POINT('',#5556);
#1804=VERTEX_POINT('',#5560);
#1805=VERTEX_POINT('',#5562);
#1806=VERTEX_POINT('',#5567);
#1807=VERTEX_POINT('',#5569);
#1808=VERTEX_POINT('',#5573);
#1809=VERTEX_POINT('',#5576);
#1810=VERTEX_POINT('',#5580);
#1811=VERTEX_POINT('',#5581);
#1812=VERTEX_POINT('',#5583);
#1813=VERTEX_POINT('',#5585);
#1814=VERTEX_POINT('',#5589);
#1815=VERTEX_POINT('',#5591);
#1816=VERTEX_POINT('',#5595);
#1817=VERTEX_POINT('',#5596);
#1818=VERTEX_POINT('',#5598);
#1819=VERTEX_POINT('',#5600);
#1820=VERTEX_POINT('',#5604);
#1821=VERTEX_POINT('',#5606);
#1822=VERTEX_POINT('',#5610);
#1823=VERTEX_POINT('',#5612);
#1824=VERTEX_POINT('',#5620);
#1825=VERTEX_POINT('',#5621);
#1826=VERTEX_POINT('',#5623);
#1827=VERTEX_POINT('',#5625);
#1828=VERTEX_POINT('',#5629);
#1829=VERTEX_POINT('',#5631);
#1830=VERTEX_POINT('',#5635);
#1831=VERTEX_POINT('',#5637);
#1832=VERTEX_POINT('',#5653);
#1833=VERTEX_POINT('',#5655);
#1834=VERTEX_POINT('',#5660);
#1835=VERTEX_POINT('',#5662);
#1836=VERTEX_POINT('',#5667);
#1837=VERTEX_POINT('',#5669);
#1838=VERTEX_POINT('',#5674);
#1839=VERTEX_POINT('',#5676);
#1840=VERTEX_POINT('',#5681);
#1841=VERTEX_POINT('',#5683);
#1842=VERTEX_POINT('',#5687);
#1843=VERTEX_POINT('',#5689);
#1844=VERTEX_POINT('',#5693);
#1845=VERTEX_POINT('',#5694);
#1846=VERTEX_POINT('',#5696);
#1847=VERTEX_POINT('',#5698);
#1848=VERTEX_POINT('',#5702);
#1849=VERTEX_POINT('',#5704);
#1850=VERTEX_POINT('',#5708);
#1851=VERTEX_POINT('',#5710);
#1852=EDGE_CURVE('',#1554,#1554,#1468,.T.);
#1853=EDGE_CURVE('',#1554,#1555,#746,.T.);
#1854=EDGE_CURVE('',#1555,#1555,#1469,.T.);
#1855=EDGE_CURVE('',#1556,#1556,#1470,.T.);
#1856=EDGE_CURVE('',#1556,#1557,#747,.T.);
#1857=EDGE_CURVE('',#1557,#1557,#1471,.T.);
#1858=EDGE_CURVE('',#1558,#1558,#1472,.T.);
#1859=EDGE_CURVE('',#1558,#1559,#748,.T.);
#1860=EDGE_CURVE('',#1559,#1559,#1473,.T.);
#1861=EDGE_CURVE('',#1560,#1561,#1474,.T.);
#1862=EDGE_CURVE('',#1562,#1561,#749,.T.);
#1863=EDGE_CURVE('',#1562,#1563,#1475,.T.);
#1864=EDGE_CURVE('',#1560,#1563,#750,.T.);
#1865=EDGE_CURVE('',#1564,#1563,#751,.T.);
#1866=EDGE_CURVE('',#1564,#1565,#752,.T.);
#1867=EDGE_CURVE('',#1560,#1565,#753,.T.);
#1868=EDGE_CURVE('',#1566,#1561,#754,.T.);
#1869=EDGE_CURVE('',#1566,#1567,#755,.T.);
#1870=EDGE_CURVE('',#1562,#1567,#756,.T.);
#1871=EDGE_CURVE('',#1566,#1568,#1476,.T.);
#1872=EDGE_CURVE('',#1569,#1568,#757,.T.);
#1873=EDGE_CURVE('',#1569,#1567,#1477,.T.);
#1874=EDGE_CURVE('',#1570,#1570,#1478,.T.);
#1875=EDGE_CURVE('',#1570,#1571,#758,.T.);
#1876=EDGE_CURVE('',#1571,#1571,#1479,.T.);
#1877=EDGE_CURVE('',#1572,#1572,#1480,.T.);
#1878=EDGE_CURVE('',#1572,#1573,#759,.T.);
#1879=EDGE_CURVE('',#1573,#1573,#1481,.T.);
#1880=EDGE_CURVE('',#1574,#1574,#1482,.T.);
#1881=EDGE_CURVE('',#1574,#1575,#760,.T.);
#1882=EDGE_CURVE('',#1575,#1575,#1483,.T.);
#1883=EDGE_CURVE('',#1576,#1577,#1484,.T.);
#1884=EDGE_CURVE('',#1578,#1577,#761,.T.);
#1885=EDGE_CURVE('',#1578,#1579,#1485,.T.);
#1886=EDGE_CURVE('',#1576,#1579,#762,.T.);
#1887=EDGE_CURVE('',#1580,#1565,#1486,.T.);
#1888=EDGE_CURVE('',#1564,#1581,#1487,.T.);
#1889=EDGE_CURVE('',#1580,#1581,#763,.T.);
#1890=EDGE_CURVE('',#1582,#1583,#764,.T.);
#1891=EDGE_CURVE('',#1582,#1584,#765,.T.);
#1892=EDGE_CURVE('',#1584,#1585,#766,.T.);
#1893=EDGE_CURVE('',#1583,#1585,#767,.T.);
#1894=EDGE_CURVE('',#1586,#1582,#768,.T.);
#1895=EDGE_CURVE('',#1586,#1587,#769,.T.);
#1896=EDGE_CURVE('',#1587,#1584,#770,.T.);
#1897=EDGE_CURVE('',#1588,#1586,#771,.T.);
#1898=EDGE_CURVE('',#1588,#1589,#772,.T.);
#1899=EDGE_CURVE('',#1589,#1587,#773,.T.);
#1900=EDGE_CURVE('',#1583,#1588,#774,.T.);
#1901=EDGE_CURVE('',#1585,#1589,#775,.T.);
#1902=EDGE_CURVE('',#1590,#1591,#776,.T.);
#1903=EDGE_CURVE('',#1590,#1592,#777,.T.);
#1904=EDGE_CURVE('',#1593,#1592,#778,.T.);
#1905=EDGE_CURVE('',#1591,#1593,#779,.T.);
#1906=EDGE_CURVE('',#1591,#1594,#780,.T.);
#1907=EDGE_CURVE('',#1595,#1593,#781,.T.);
#1908=EDGE_CURVE('',#1594,#1595,#782,.T.);
#1909=EDGE_CURVE('',#1594,#1596,#783,.T.);
#1910=EDGE_CURVE('',#1597,#1595,#784,.T.);
#1911=EDGE_CURVE('',#1596,#1597,#785,.T.);
#1912=EDGE_CURVE('',#1596,#1590,#786,.T.);
#1913=EDGE_CURVE('',#1592,#1597,#787,.T.);
#1914=EDGE_CURVE('',#1576,#1568,#788,.T.);
#1915=EDGE_CURVE('',#1569,#1579,#789,.T.);
#1916=EDGE_CURVE('',#1580,#1577,#790,.T.);
#1917=EDGE_CURVE('',#1578,#1581,#791,.T.);
#1918=EDGE_CURVE('',#1598,#1598,#1488,.T.);
#1919=EDGE_CURVE('',#1598,#1599,#792,.T.);
#1920=EDGE_CURVE('',#1599,#1599,#1489,.T.);
#1921=EDGE_CURVE('',#1600,#1600,#1490,.T.);
#1922=EDGE_CURVE('',#1600,#1601,#793,.T.);
#1923=EDGE_CURVE('',#1601,#1601,#1491,.T.);
#1924=EDGE_CURVE('',#1602,#1602,#1492,.T.);
#1925=EDGE_CURVE('',#1602,#1603,#794,.T.);
#1926=EDGE_CURVE('',#1603,#1603,#1493,.T.);
#1927=EDGE_CURVE('',#1604,#1604,#1494,.T.);
#1928=EDGE_CURVE('',#1604,#1605,#795,.T.);
#1929=EDGE_CURVE('',#1605,#1605,#1495,.T.);
#1930=EDGE_CURVE('',#1606,#1606,#1496,.T.);
#1931=EDGE_CURVE('',#1606,#1607,#796,.T.);
#1932=EDGE_CURVE('',#1607,#1607,#1497,.T.);
#1933=EDGE_CURVE('',#1608,#1608,#1498,.T.);
#1934=EDGE_CURVE('',#1608,#1609,#797,.T.);
#1935=EDGE_CURVE('',#1609,#1609,#1499,.T.);
#1936=EDGE_CURVE('',#1610,#1611,#798,.T.);
#1937=EDGE_CURVE('',#1611,#1612,#799,.T.);
#1938=EDGE_CURVE('',#1613,#1612,#800,.T.);
#1939=EDGE_CURVE('',#1610,#1613,#801,.T.);
#1940=EDGE_CURVE('',#1614,#1610,#802,.T.);
#1941=EDGE_CURVE('',#1615,#1613,#803,.T.);
#1942=EDGE_CURVE('',#1614,#1615,#804,.T.);
#1943=EDGE_CURVE('',#1616,#1614,#805,.T.);
#1944=EDGE_CURVE('',#1617,#1615,#806,.T.);
#1945=EDGE_CURVE('',#1616,#1617,#807,.T.);
#1946=EDGE_CURVE('',#1611,#1616,#808,.T.);
#1947=EDGE_CURVE('',#1612,#1617,#809,.T.);
#1948=EDGE_CURVE('',#1618,#1619,#810,.T.);
#1949=EDGE_CURVE('',#1619,#1620,#811,.T.);
#1950=EDGE_CURVE('',#1620,#1621,#812,.T.);
#1951=EDGE_CURVE('',#1618,#1621,#813,.T.);
#1952=EDGE_CURVE('',#1619,#1622,#814,.T.);
#1953=EDGE_CURVE('',#1622,#1623,#815,.T.);
#1954=EDGE_CURVE('',#1623,#1620,#816,.T.);
#1955=EDGE_CURVE('',#1622,#1624,#817,.T.);
#1956=EDGE_CURVE('',#1624,#1625,#818,.T.);
#1957=EDGE_CURVE('',#1625,#1623,#819,.T.);
#1958=EDGE_CURVE('',#1624,#1618,#820,.T.);
#1959=EDGE_CURVE('',#1621,#1625,#821,.T.);
#1960=EDGE_CURVE('',#1626,#1626,#1500,.T.);
#1961=EDGE_CURVE('',#1627,#1627,#1501,.T.);
#1962=EDGE_CURVE('',#1626,#1628,#822,.T.);
#1963=EDGE_CURVE('',#1628,#1628,#1502,.T.);
#1964=EDGE_CURVE('',#1627,#1629,#823,.T.);
#1965=EDGE_CURVE('',#1629,#1629,#1503,.T.);
#1966=EDGE_CURVE('',#1630,#1631,#824,.T.);
#1967=EDGE_CURVE('',#1630,#1632,#825,.T.);
#1968=EDGE_CURVE('',#1633,#1632,#826,.T.);
#1969=EDGE_CURVE('',#1631,#1633,#827,.T.);
#1970=EDGE_CURVE('',#1631,#1634,#828,.T.);
#1971=EDGE_CURVE('',#1635,#1633,#829,.T.);
#1972=EDGE_CURVE('',#1634,#1635,#830,.T.);
#1973=EDGE_CURVE('',#1634,#1636,#831,.T.);
#1974=EDGE_CURVE('',#1637,#1635,#832,.T.);
#1975=EDGE_CURVE('',#1636,#1637,#833,.T.);
#1976=EDGE_CURVE('',#1636,#1630,#834,.T.);
#1977=EDGE_CURVE('',#1632,#1637,#835,.T.);
#1978=EDGE_CURVE('',#1638,#1639,#836,.T.);
#1979=EDGE_CURVE('',#1638,#1640,#837,.T.);
#1980=EDGE_CURVE('',#1641,#1640,#838,.T.);
#1981=EDGE_CURVE('',#1639,#1641,#839,.T.);
#1982=EDGE_CURVE('',#1639,#1642,#840,.T.);
#1983=EDGE_CURVE('',#1643,#1641,#841,.T.);
#1984=EDGE_CURVE('',#1642,#1643,#842,.T.);
#1985=EDGE_CURVE('',#1642,#1644,#843,.T.);
#1986=EDGE_CURVE('',#1645,#1643,#844,.T.);
#1987=EDGE_CURVE('',#1644,#1645,#845,.T.);
#1988=EDGE_CURVE('',#1644,#1638,#846,.T.);
#1989=EDGE_CURVE('',#1640,#1645,#847,.T.);
#1990=EDGE_CURVE('',#1646,#1646,#1504,.T.);
#1991=EDGE_CURVE('',#1647,#1647,#1505,.T.);
#1992=EDGE_CURVE('',#1646,#1648,#848,.T.);
#1993=EDGE_CURVE('',#1648,#1648,#1506,.T.);
#1994=EDGE_CURVE('',#1647,#1649,#849,.T.);
#1995=EDGE_CURVE('',#1649,#1649,#1507,.T.);
#1996=EDGE_CURVE('',#1650,#1651,#850,.T.);
#1997=EDGE_CURVE('',#1651,#1652,#851,.T.);
#1998=EDGE_CURVE('',#1652,#1653,#852,.T.);
#1999=EDGE_CURVE('',#1650,#1653,#853,.T.);
#2000=EDGE_CURVE('',#1651,#1654,#854,.T.);
#2001=EDGE_CURVE('',#1654,#1655,#855,.T.);
#2002=EDGE_CURVE('',#1655,#1652,#856,.T.);
#2003=EDGE_CURVE('',#1654,#1656,#857,.T.);
#2004=EDGE_CURVE('',#1656,#1657,#858,.T.);
#2005=EDGE_CURVE('',#1657,#1655,#859,.T.);
#2006=EDGE_CURVE('',#1656,#1650,#860,.T.);
#2007=EDGE_CURVE('',#1653,#1657,#861,.T.);
#2008=EDGE_CURVE('',#1658,#1659,#862,.T.);
#2009=EDGE_CURVE('',#1660,#1658,#863,.T.);
#2010=EDGE_CURVE('',#1661,#1660,#864,.T.);
#2011=EDGE_CURVE('',#1659,#1661,#865,.T.);
#2012=EDGE_CURVE('',#1662,#1663,#866,.T.);
#2013=EDGE_CURVE('',#1664,#1662,#867,.T.);
#2014=EDGE_CURVE('',#1665,#1664,#868,.T.);
#2015=EDGE_CURVE('',#1663,#1665,#869,.T.);
#2016=EDGE_CURVE('',#1666,#1667,#870,.T.);
#2017=EDGE_CURVE('',#1662,#1667,#871,.T.);
#2018=EDGE_CURVE('',#1666,#1663,#872,.T.);
#2019=EDGE_CURVE('',#1667,#1668,#873,.T.);
#2020=EDGE_CURVE('',#1668,#1664,#874,.T.);
#2021=EDGE_CURVE('',#1669,#1670,#875,.T.);
#2022=EDGE_CURVE('',#1658,#1670,#876,.T.);
#2023=EDGE_CURVE('',#1669,#1659,#877,.T.);
#2024=EDGE_CURVE('',#1670,#1671,#878,.T.);
#2025=EDGE_CURVE('',#1671,#1660,#879,.T.);
#2026=EDGE_CURVE('',#1668,#1672,#880,.T.);
#2027=EDGE_CURVE('',#1672,#1665,#881,.T.);
#2028=EDGE_CURVE('',#1672,#1666,#882,.T.);
#2029=EDGE_CURVE('',#1671,#1673,#883,.T.);
#2030=EDGE_CURVE('',#1673,#1661,#884,.T.);
#2031=EDGE_CURVE('',#1673,#1669,#885,.T.);
#2032=EDGE_CURVE('',#1674,#1675,#886,.T.);
#2033=EDGE_CURVE('',#1676,#1674,#887,.T.);
#2034=EDGE_CURVE('',#1677,#1676,#888,.T.);
#2035=EDGE_CURVE('',#1675,#1677,#889,.T.);
#2036=EDGE_CURVE('',#1678,#1679,#890,.T.);
#2037=EDGE_CURVE('',#1680,#1678,#891,.T.);
#2038=EDGE_CURVE('',#1681,#1680,#892,.T.);
#2039=EDGE_CURVE('',#1679,#1681,#893,.T.);
#2040=EDGE_CURVE('',#1682,#1683,#894,.T.);
#2041=EDGE_CURVE('',#1678,#1683,#895,.T.);
#2042=EDGE_CURVE('',#1682,#1679,#896,.T.);
#2043=EDGE_CURVE('',#1683,#1684,#897,.T.);
#2044=EDGE_CURVE('',#1684,#1680,#898,.T.);
#2045=EDGE_CURVE('',#1685,#1686,#899,.T.);
#2046=EDGE_CURVE('',#1674,#1686,#900,.T.);
#2047=EDGE_CURVE('',#1685,#1675,#901,.T.);
#2048=EDGE_CURVE('',#1686,#1687,#902,.T.);
#2049=EDGE_CURVE('',#1687,#1676,#903,.T.);
#2050=EDGE_CURVE('',#1684,#1688,#904,.T.);
#2051=EDGE_CURVE('',#1688,#1681,#905,.T.);
#2052=EDGE_CURVE('',#1688,#1682,#906,.T.);
#2053=EDGE_CURVE('',#1687,#1689,#907,.T.);
#2054=EDGE_CURVE('',#1689,#1677,#908,.T.);
#2055=EDGE_CURVE('',#1689,#1685,#909,.T.);
#2056=EDGE_CURVE('',#1690,#1691,#910,.T.);
#2057=EDGE_CURVE('',#1692,#1690,#911,.T.);
#2058=EDGE_CURVE('',#1693,#1692,#912,.T.);
#2059=EDGE_CURVE('',#1693,#1691,#913,.T.);
#2060=EDGE_CURVE('',#1691,#1694,#914,.T.);
#2061=EDGE_CURVE('',#1695,#1693,#915,.T.);
#2062=EDGE_CURVE('',#1695,#1694,#916,.T.);
#2063=EDGE_CURVE('',#1694,#1696,#917,.T.);
#2064=EDGE_CURVE('',#1697,#1695,#918,.T.);
#2065=EDGE_CURVE('',#1697,#1696,#919,.T.);
#2066=EDGE_CURVE('',#1696,#1698,#920,.T.);
#2067=EDGE_CURVE('',#1699,#1697,#921,.T.);
#2068=EDGE_CURVE('',#1699,#1698,#922,.T.);
#2069=EDGE_CURVE('',#1698,#1700,#923,.T.);
#2070=EDGE_CURVE('',#1701,#1699,#924,.T.);
#2071=EDGE_CURVE('',#1701,#1700,#925,.T.);
#2072=EDGE_CURVE('',#1700,#1702,#926,.T.);
#2073=EDGE_CURVE('',#1703,#1701,#927,.T.);
#2074=EDGE_CURVE('',#1703,#1702,#928,.T.);
#2075=EDGE_CURVE('',#1702,#1704,#929,.T.);
#2076=EDGE_CURVE('',#1705,#1703,#930,.T.);
#2077=EDGE_CURVE('',#1705,#1704,#931,.T.);
#2078=EDGE_CURVE('',#1704,#1706,#932,.T.);
#2079=EDGE_CURVE('',#1707,#1705,#933,.T.);
#2080=EDGE_CURVE('',#1707,#1706,#934,.T.);
#2081=EDGE_CURVE('',#1706,#1708,#935,.T.);
#2082=EDGE_CURVE('',#1709,#1707,#936,.T.);
#2083=EDGE_CURVE('',#1709,#1708,#937,.T.);
#2084=EDGE_CURVE('',#1708,#1710,#938,.T.);
#2085=EDGE_CURVE('',#1711,#1709,#939,.T.);
#2086=EDGE_CURVE('',#1711,#1710,#940,.T.);
#2087=EDGE_CURVE('',#1710,#1712,#941,.T.);
#2088=EDGE_CURVE('',#1713,#1711,#942,.T.);
#2089=EDGE_CURVE('',#1713,#1712,#943,.T.);
#2090=EDGE_CURVE('',#1712,#1690,#944,.T.);
#2091=EDGE_CURVE('',#1692,#1713,#945,.T.);
#2092=EDGE_CURVE('',#1714,#1714,#1508,.T.);
#2093=EDGE_CURVE('',#1715,#1715,#1509,.T.);
#2094=EDGE_CURVE('',#1714,#1716,#946,.T.);
#2095=EDGE_CURVE('',#1716,#1716,#1510,.T.);
#2096=EDGE_CURVE('',#1715,#1717,#947,.T.);
#2097=EDGE_CURVE('',#1717,#1717,#1511,.T.);
#2098=EDGE_CURVE('',#1718,#1719,#948,.T.);
#2099=EDGE_CURVE('',#1720,#1719,#949,.T.);
#2100=EDGE_CURVE('',#1720,#1721,#950,.T.);
#2101=EDGE_CURVE('',#1721,#1718,#951,.T.);
#2102=EDGE_CURVE('',#1719,#1722,#952,.T.);
#2103=EDGE_CURVE('',#1723,#1722,#953,.T.);
#2104=EDGE_CURVE('',#1723,#1720,#954,.T.);
#2105=EDGE_CURVE('',#1722,#1724,#955,.T.);
#2106=EDGE_CURVE('',#1725,#1724,#956,.T.);
#2107=EDGE_CURVE('',#1725,#1723,#957,.T.);
#2108=EDGE_CURVE('',#1724,#1726,#958,.T.);
#2109=EDGE_CURVE('',#1727,#1726,#959,.T.);
#2110=EDGE_CURVE('',#1727,#1725,#960,.T.);
#2111=EDGE_CURVE('',#1726,#1728,#961,.T.);
#2112=EDGE_CURVE('',#1729,#1728,#962,.T.);
#2113=EDGE_CURVE('',#1729,#1727,#963,.T.);
#2114=EDGE_CURVE('',#1728,#1730,#964,.T.);
#2115=EDGE_CURVE('',#1731,#1730,#965,.T.);
#2116=EDGE_CURVE('',#1731,#1729,#966,.T.);
#2117=EDGE_CURVE('',#1730,#1732,#967,.T.);
#2118=EDGE_CURVE('',#1733,#1732,#968,.T.);
#2119=EDGE_CURVE('',#1733,#1731,#969,.T.);
#2120=EDGE_CURVE('',#1732,#1734,#970,.T.);
#2121=EDGE_CURVE('',#1735,#1734,#971,.T.);
#2122=EDGE_CURVE('',#1735,#1733,#972,.T.);
#2123=EDGE_CURVE('',#1734,#1736,#973,.T.);
#2124=EDGE_CURVE('',#1737,#1736,#974,.T.);
#2125=EDGE_CURVE('',#1737,#1735,#975,.T.);
#2126=EDGE_CURVE('',#1736,#1738,#976,.T.);
#2127=EDGE_CURVE('',#1739,#1738,#977,.T.);
#2128=EDGE_CURVE('',#1739,#1737,#978,.T.);
#2129=EDGE_CURVE('',#1738,#1740,#979,.T.);
#2130=EDGE_CURVE('',#1741,#1740,#980,.T.);
#2131=EDGE_CURVE('',#1741,#1739,#981,.T.);
#2132=EDGE_CURVE('',#1740,#1718,#982,.T.);
#2133=EDGE_CURVE('',#1721,#1741,#983,.T.);
#2134=EDGE_CURVE('',#1742,#1742,#1512,.T.);
#2135=EDGE_CURVE('',#1742,#1743,#984,.T.);
#2136=EDGE_CURVE('',#1743,#1743,#1513,.T.);
#2137=EDGE_CURVE('',#1744,#1744,#1514,.T.);
#2138=EDGE_CURVE('',#1744,#1745,#985,.T.);
#2139=EDGE_CURVE('',#1745,#1745,#1515,.T.);
#2140=EDGE_CURVE('',#1746,#1746,#1516,.T.);
#2141=EDGE_CURVE('',#1746,#1747,#986,.T.);
#2142=EDGE_CURVE('',#1747,#1747,#1517,.T.);
#2143=EDGE_CURVE('',#1748,#1749,#987,.T.);
#2144=EDGE_CURVE('',#1749,#1750,#988,.T.);
#2145=EDGE_CURVE('',#1750,#1751,#989,.T.);
#2146=EDGE_CURVE('',#1751,#1752,#990,.T.);
#2147=EDGE_CURVE('',#1752,#1753,#991,.T.);
#2148=EDGE_CURVE('',#1753,#1754,#992,.T.);
#2149=EDGE_CURVE('',#1754,#1755,#993,.T.);
#2150=EDGE_CURVE('',#1755,#1756,#994,.T.);
#2151=EDGE_CURVE('',#1756,#1757,#995,.T.);
#2152=EDGE_CURVE('',#1757,#1758,#996,.T.);
#2153=EDGE_CURVE('',#1758,#1759,#997,.T.);
#2154=EDGE_CURVE('',#1759,#1760,#998,.T.);
#2155=EDGE_CURVE('',#1760,#1761,#999,.T.);
#2156=EDGE_CURVE('',#1761,#1762,#1000,.T.);
#2157=EDGE_CURVE('',#1762,#1763,#1001,.T.);
#2158=EDGE_CURVE('',#1763,#1764,#1002,.T.);
#2159=EDGE_CURVE('',#1764,#1765,#1003,.T.);
#2160=EDGE_CURVE('',#1765,#1748,#1004,.T.);
#2161=EDGE_CURVE('',#1766,#1766,#1518,.T.);
#2162=EDGE_CURVE('',#1767,#1767,#1519,.T.);
#2163=EDGE_CURVE('',#1768,#1768,#1520,.T.);
#2164=EDGE_CURVE('',#1768,#1767,#1005,.T.);
#2165=EDGE_CURVE('',#1769,#1769,#1521,.T.);
#2166=EDGE_CURVE('',#1769,#1766,#1006,.T.);
#2167=EDGE_CURVE('',#1749,#1770,#1007,.T.);
#2168=EDGE_CURVE('',#1771,#1770,#1008,.T.);
#2169=EDGE_CURVE('',#1750,#1771,#1009,.T.);
#2170=EDGE_CURVE('',#1772,#1771,#1010,.T.);
#2171=EDGE_CURVE('',#1751,#1772,#1011,.T.);
#2172=EDGE_CURVE('',#1773,#1772,#1012,.T.);
#2173=EDGE_CURVE('',#1752,#1773,#1013,.T.);
#2174=EDGE_CURVE('',#1774,#1773,#1014,.T.);
#2175=EDGE_CURVE('',#1753,#1774,#1015,.T.);
#2176=EDGE_CURVE('',#1775,#1774,#1016,.T.);
#2177=EDGE_CURVE('',#1754,#1775,#1017,.T.);
#2178=EDGE_CURVE('',#1776,#1775,#1018,.T.);
#2179=EDGE_CURVE('',#1755,#1776,#1019,.T.);
#2180=EDGE_CURVE('',#1777,#1776,#1020,.T.);
#2181=EDGE_CURVE('',#1756,#1777,#1021,.T.);
#2182=EDGE_CURVE('',#1778,#1777,#1022,.T.);
#2183=EDGE_CURVE('',#1757,#1778,#1023,.T.);
#2184=EDGE_CURVE('',#1779,#1778,#1024,.T.);
#2185=EDGE_CURVE('',#1758,#1779,#1025,.T.);
#2186=EDGE_CURVE('',#1780,#1779,#1026,.T.);
#2187=EDGE_CURVE('',#1759,#1780,#1027,.T.);
#2188=EDGE_CURVE('',#1781,#1780,#1028,.T.);
#2189=EDGE_CURVE('',#1760,#1781,#1029,.T.);
#2190=EDGE_CURVE('',#1782,#1781,#1030,.T.);
#2191=EDGE_CURVE('',#1761,#1782,#1031,.T.);
#2192=EDGE_CURVE('',#1783,#1782,#1032,.T.);
#2193=EDGE_CURVE('',#1762,#1783,#1033,.T.);
#2194=EDGE_CURVE('',#1784,#1783,#1034,.T.);
#2195=EDGE_CURVE('',#1763,#1784,#1035,.T.);
#2196=EDGE_CURVE('',#1785,#1784,#1036,.T.);
#2197=EDGE_CURVE('',#1764,#1785,#1037,.T.);
#2198=EDGE_CURVE('',#1786,#1785,#1038,.T.);
#2199=EDGE_CURVE('',#1765,#1786,#1039,.T.);
#2200=EDGE_CURVE('',#1787,#1786,#1040,.T.);
#2201=EDGE_CURVE('',#1748,#1787,#1041,.T.);
#2202=EDGE_CURVE('',#1770,#1787,#1042,.T.);
#2203=EDGE_CURVE('',#1788,#1788,#1522,.T.);
#2204=EDGE_CURVE('',#1788,#1789,#1043,.T.);
#2205=EDGE_CURVE('',#1789,#1789,#1523,.T.);
#2206=EDGE_CURVE('',#1790,#1790,#1524,.T.);
#2207=EDGE_CURVE('',#1790,#1791,#1044,.T.);
#2208=EDGE_CURVE('',#1791,#1791,#1525,.T.);
#2209=EDGE_CURVE('',#1792,#1792,#1526,.T.);
#2210=EDGE_CURVE('',#1792,#1793,#1045,.T.);
#2211=EDGE_CURVE('',#1793,#1793,#1527,.T.);
#2212=EDGE_CURVE('',#1794,#1795,#1528,.T.);
#2213=EDGE_CURVE('',#1794,#1796,#1046,.T.);
#2214=EDGE_CURVE('',#1797,#1796,#1529,.T.);
#2215=EDGE_CURVE('',#1797,#1795,#1047,.T.);
#2216=EDGE_CURVE('',#1794,#1798,#1048,.T.);
#2217=EDGE_CURVE('',#1799,#1798,#1049,.T.);
#2218=EDGE_CURVE('',#1799,#1796,#1050,.T.);
#2219=EDGE_CURVE('',#1797,#1800,#1051,.T.);
#2220=EDGE_CURVE('',#1801,#1800,#1052,.T.);
#2221=EDGE_CURVE('',#1801,#1795,#1053,.T.);
#2222=EDGE_CURVE('',#1801,#1802,#1530,.T.);
#2223=EDGE_CURVE('',#1803,#1800,#1531,.T.);
#2224=EDGE_CURVE('',#1803,#1802,#1054,.T.);
#2225=EDGE_CURVE('',#1804,#1804,#1532,.T.);
#2226=EDGE_CURVE('',#1804,#1805,#1055,.T.);
#2227=EDGE_CURVE('',#1805,#1805,#1533,.T.);
#2228=EDGE_CURVE('',#1806,#1806,#1534,.T.);
#2229=EDGE_CURVE('',#1806,#1807,#1056,.T.);
#2230=EDGE_CURVE('',#1807,#1807,#1535,.T.);
#2231=EDGE_CURVE('',#1808,#1808,#1536,.T.);
#2232=EDGE_CURVE('',#1808,#1809,#1057,.T.);
#2233=EDGE_CURVE('',#1809,#1809,#1537,.T.);
#2234=EDGE_CURVE('',#1810,#1811,#1538,.T.);
#2235=EDGE_CURVE('',#1810,#1812,#1058,.T.);
#2236=EDGE_CURVE('',#1813,#1812,#1539,.T.);
#2237=EDGE_CURVE('',#1813,#1811,#1059,.T.);
#2238=EDGE_CURVE('',#1814,#1798,#1540,.T.);
#2239=EDGE_CURVE('',#1814,#1815,#1060,.T.);
#2240=EDGE_CURVE('',#1799,#1815,#1541,.T.);
#2241=EDGE_CURVE('',#1816,#1817,#1061,.T.);
#2242=EDGE_CURVE('',#1817,#1818,#1062,.T.);
#2243=EDGE_CURVE('',#1819,#1818,#1063,.T.);
#2244=EDGE_CURVE('',#1816,#1819,#1064,.T.);
#2245=EDGE_CURVE('',#1820,#1816,#1065,.T.);
#2246=EDGE_CURVE('',#1821,#1819,#1066,.T.);
#2247=EDGE_CURVE('',#1820,#1821,#1067,.T.);
#2248=EDGE_CURVE('',#1822,#1820,#1068,.T.);
#2249=EDGE_CURVE('',#1823,#1821,#1069,.T.);
#2250=EDGE_CURVE('',#1822,#1823,#1070,.T.);
#2251=EDGE_CURVE('',#1817,#1822,#1071,.T.);
#2252=EDGE_CURVE('',#1818,#1823,#1072,.T.);
#2253=EDGE_CURVE('',#1824,#1825,#1073,.T.);
#2254=EDGE_CURVE('',#1825,#1826,#1074,.T.);
#2255=EDGE_CURVE('',#1826,#1827,#1075,.T.);
#2256=EDGE_CURVE('',#1824,#1827,#1076,.T.);
#2257=EDGE_CURVE('',#1825,#1828,#1077,.T.);
#2258=EDGE_CURVE('',#1828,#1829,#1078,.T.);
#2259=EDGE_CURVE('',#1829,#1826,#1079,.T.);
#2260=EDGE_CURVE('',#1828,#1830,#1080,.T.);
#2261=EDGE_CURVE('',#1830,#1831,#1081,.T.);
#2262=EDGE_CURVE('',#1831,#1829,#1082,.T.);
#2263=EDGE_CURVE('',#1830,#1824,#1083,.T.);
#2264=EDGE_CURVE('',#1827,#1831,#1084,.T.);
#2265=EDGE_CURVE('',#1803,#1812,#1085,.T.);
#2266=EDGE_CURVE('',#1810,#1802,#1086,.T.);
#2267=EDGE_CURVE('',#1813,#1815,#1087,.T.);
#2268=EDGE_CURVE('',#1814,#1811,#1088,.T.);
#2269=EDGE_CURVE('',#1832,#1832,#1542,.T.);
#2270=EDGE_CURVE('',#1832,#1833,#1089,.T.);
#2271=EDGE_CURVE('',#1833,#1833,#1543,.T.);
#2272=EDGE_CURVE('',#1834,#1834,#1544,.T.);
#2273=EDGE_CURVE('',#1834,#1835,#1090,.T.);
#2274=EDGE_CURVE('',#1835,#1835,#1545,.T.);
#2275=EDGE_CURVE('',#1836,#1836,#1546,.T.);
#2276=EDGE_CURVE('',#1836,#1837,#1091,.T.);
#2277=EDGE_CURVE('',#1837,#1837,#1547,.T.);
#2278=EDGE_CURVE('',#1838,#1838,#1548,.T.);
#2279=EDGE_CURVE('',#1838,#1839,#1092,.T.);
#2280=EDGE_CURVE('',#1839,#1839,#1549,.T.);
#2281=EDGE_CURVE('',#1840,#1840,#1550,.T.);
#2282=EDGE_CURVE('',#1840,#1841,#1093,.T.);
#2283=EDGE_CURVE('',#1841,#1841,#1551,.T.);
#2284=EDGE_CURVE('',#1842,#1842,#1552,.T.);
#2285=EDGE_CURVE('',#1842,#1843,#1094,.T.);
#2286=EDGE_CURVE('',#1843,#1843,#1553,.T.);
#2287=EDGE_CURVE('',#1844,#1845,#1095,.T.);
#2288=EDGE_CURVE('',#1844,#1846,#1096,.T.);
#2289=EDGE_CURVE('',#1846,#1847,#1097,.T.);
#2290=EDGE_CURVE('',#1845,#1847,#1098,.T.);
#2291=EDGE_CURVE('',#1848,#1844,#1099,.T.);
#2292=EDGE_CURVE('',#1848,#1849,#1100,.T.);
#2293=EDGE_CURVE('',#1849,#1846,#1101,.T.);
#2294=EDGE_CURVE('',#1850,#1848,#1102,.T.);
#2295=EDGE_CURVE('',#1850,#1851,#1103,.T.);
#2296=EDGE_CURVE('',#1851,#1849,#1104,.T.);
#2297=EDGE_CURVE('',#1845,#1850,#1105,.T.);
#2298=EDGE_CURVE('',#1847,#1851,#1106,.T.);
#2299=ORIENTED_EDGE('',*,*,#1852,.F.);
#2300=ORIENTED_EDGE('',*,*,#1853,.T.);
#2301=ORIENTED_EDGE('',*,*,#1854,.T.);
#2302=ORIENTED_EDGE('',*,*,#1853,.F.);
#2303=ORIENTED_EDGE('',*,*,#1854,.F.);
#2304=ORIENTED_EDGE('',*,*,#1855,.F.);
#2305=ORIENTED_EDGE('',*,*,#1856,.T.);
#2306=ORIENTED_EDGE('',*,*,#1857,.F.);
#2307=ORIENTED_EDGE('',*,*,#1856,.F.);
#2308=ORIENTED_EDGE('',*,*,#1855,.T.);
#2309=ORIENTED_EDGE('',*,*,#1858,.F.);
#2310=ORIENTED_EDGE('',*,*,#1858,.T.);
#2311=ORIENTED_EDGE('',*,*,#1859,.T.);
#2312=ORIENTED_EDGE('',*,*,#1860,.F.);
#2313=ORIENTED_EDGE('',*,*,#1859,.F.);
#2314=ORIENTED_EDGE('',*,*,#1861,.T.);
#2315=ORIENTED_EDGE('',*,*,#1862,.F.);
#2316=ORIENTED_EDGE('',*,*,#1863,.T.);
#2317=ORIENTED_EDGE('',*,*,#1864,.F.);
#2318=ORIENTED_EDGE('',*,*,#1864,.T.);
#2319=ORIENTED_EDGE('',*,*,#1865,.F.);
#2320=ORIENTED_EDGE('',*,*,#1866,.T.);
#2321=ORIENTED_EDGE('',*,*,#1867,.F.);
#2322=ORIENTED_EDGE('',*,*,#1862,.T.);
#2323=ORIENTED_EDGE('',*,*,#1868,.F.);
#2324=ORIENTED_EDGE('',*,*,#1869,.T.);
#2325=ORIENTED_EDGE('',*,*,#1870,.F.);
#2326=ORIENTED_EDGE('',*,*,#1871,.T.);
#2327=ORIENTED_EDGE('',*,*,#1872,.F.);
#2328=ORIENTED_EDGE('',*,*,#1873,.T.);
#2329=ORIENTED_EDGE('',*,*,#1869,.F.);
#2330=ORIENTED_EDGE('',*,*,#1874,.F.);
#2331=ORIENTED_EDGE('',*,*,#1875,.T.);
#2332=ORIENTED_EDGE('',*,*,#1876,.T.);
#2333=ORIENTED_EDGE('',*,*,#1875,.F.);
#2334=ORIENTED_EDGE('',*,*,#1876,.F.);
#2335=ORIENTED_EDGE('',*,*,#1877,.F.);
#2336=ORIENTED_EDGE('',*,*,#1878,.T.);
#2337=ORIENTED_EDGE('',*,*,#1879,.F.);
#2338=ORIENTED_EDGE('',*,*,#1878,.F.);
#2339=ORIENTED_EDGE('',*,*,#1877,.T.);
#2340=ORIENTED_EDGE('',*,*,#1880,.F.);
#2341=ORIENTED_EDGE('',*,*,#1880,.T.);
#2342=ORIENTED_EDGE('',*,*,#1881,.T.);
#2343=ORIENTED_EDGE('',*,*,#1882,.F.);
#2344=ORIENTED_EDGE('',*,*,#1881,.F.);
#2345=ORIENTED_EDGE('',*,*,#1883,.T.);
#2346=ORIENTED_EDGE('',*,*,#1884,.F.);
#2347=ORIENTED_EDGE('',*,*,#1885,.T.);
#2348=ORIENTED_EDGE('',*,*,#1886,.F.);
#2349=ORIENTED_EDGE('',*,*,#1887,.T.);
#2350=ORIENTED_EDGE('',*,*,#1866,.F.);
#2351=ORIENTED_EDGE('',*,*,#1888,.T.);
#2352=ORIENTED_EDGE('',*,*,#1889,.F.);
#2353=ORIENTED_EDGE('',*,*,#1890,.F.);
#2354=ORIENTED_EDGE('',*,*,#1891,.T.);
#2355=ORIENTED_EDGE('',*,*,#1892,.T.);
#2356=ORIENTED_EDGE('',*,*,#1893,.F.);
#2357=ORIENTED_EDGE('',*,*,#1894,.F.);
#2358=ORIENTED_EDGE('',*,*,#1895,.T.);
#2359=ORIENTED_EDGE('',*,*,#1896,.T.);
#2360=ORIENTED_EDGE('',*,*,#1891,.F.);
#2361=ORIENTED_EDGE('',*,*,#1897,.F.);
#2362=ORIENTED_EDGE('',*,*,#1898,.T.);
#2363=ORIENTED_EDGE('',*,*,#1899,.T.);
#2364=ORIENTED_EDGE('',*,*,#1895,.F.);
#2365=ORIENTED_EDGE('',*,*,#1900,.F.);
#2366=ORIENTED_EDGE('',*,*,#1893,.T.);
#2367=ORIENTED_EDGE('',*,*,#1901,.T.);
#2368=ORIENTED_EDGE('',*,*,#1898,.F.);
#2369=ORIENTED_EDGE('',*,*,#1901,.F.);
#2370=ORIENTED_EDGE('',*,*,#1892,.F.);
#2371=ORIENTED_EDGE('',*,*,#1896,.F.);
#2372=ORIENTED_EDGE('',*,*,#1899,.F.);
#2373=ORIENTED_EDGE('',*,*,#1902,.F.);
#2374=ORIENTED_EDGE('',*,*,#1903,.T.);
#2375=ORIENTED_EDGE('',*,*,#1904,.F.);
#2376=ORIENTED_EDGE('',*,*,#1905,.F.);
#2377=ORIENTED_EDGE('',*,*,#1906,.F.);
#2378=ORIENTED_EDGE('',*,*,#1905,.T.);
#2379=ORIENTED_EDGE('',*,*,#1907,.F.);
#2380=ORIENTED_EDGE('',*,*,#1908,.F.);
#2381=ORIENTED_EDGE('',*,*,#1909,.F.);
#2382=ORIENTED_EDGE('',*,*,#1908,.T.);
#2383=ORIENTED_EDGE('',*,*,#1910,.F.);
#2384=ORIENTED_EDGE('',*,*,#1911,.F.);
#2385=ORIENTED_EDGE('',*,*,#1912,.F.);
#2386=ORIENTED_EDGE('',*,*,#1911,.T.);
#2387=ORIENTED_EDGE('',*,*,#1913,.F.);
#2388=ORIENTED_EDGE('',*,*,#1903,.F.);
#2389=ORIENTED_EDGE('',*,*,#1913,.T.);
#2390=ORIENTED_EDGE('',*,*,#1910,.T.);
#2391=ORIENTED_EDGE('',*,*,#1907,.T.);
#2392=ORIENTED_EDGE('',*,*,#1904,.T.);
#2393=ORIENTED_EDGE('',*,*,#1872,.T.);
#2394=ORIENTED_EDGE('',*,*,#1914,.F.);
#2395=ORIENTED_EDGE('',*,*,#1886,.T.);
#2396=ORIENTED_EDGE('',*,*,#1915,.F.);
#2397=ORIENTED_EDGE('',*,*,#1884,.T.);
#2398=ORIENTED_EDGE('',*,*,#1916,.F.);
#2399=ORIENTED_EDGE('',*,*,#1889,.T.);
#2400=ORIENTED_EDGE('',*,*,#1917,.F.);
#2401=ORIENTED_EDGE('',*,*,#1867,.T.);
#2402=ORIENTED_EDGE('',*,*,#1887,.F.);
#2403=ORIENTED_EDGE('',*,*,#1916,.T.);
#2404=ORIENTED_EDGE('',*,*,#1883,.F.);
#2405=ORIENTED_EDGE('',*,*,#1914,.T.);
#2406=ORIENTED_EDGE('',*,*,#1871,.F.);
#2407=ORIENTED_EDGE('',*,*,#1868,.T.);
#2408=ORIENTED_EDGE('',*,*,#1861,.F.);
#2409=ORIENTED_EDGE('',*,*,#1852,.T.);
#2410=ORIENTED_EDGE('',*,*,#1857,.T.);
#2411=ORIENTED_EDGE('',*,*,#1874,.T.);
#2412=ORIENTED_EDGE('',*,*,#1879,.T.);
#2413=ORIENTED_EDGE('',*,*,#1902,.T.);
#2414=ORIENTED_EDGE('',*,*,#1906,.T.);
#2415=ORIENTED_EDGE('',*,*,#1909,.T.);
#2416=ORIENTED_EDGE('',*,*,#1912,.T.);
#2417=ORIENTED_EDGE('',*,*,#1865,.T.);
#2418=ORIENTED_EDGE('',*,*,#1863,.F.);
#2419=ORIENTED_EDGE('',*,*,#1870,.T.);
#2420=ORIENTED_EDGE('',*,*,#1873,.F.);
#2421=ORIENTED_EDGE('',*,*,#1915,.T.);
#2422=ORIENTED_EDGE('',*,*,#1885,.F.);
#2423=ORIENTED_EDGE('',*,*,#1917,.T.);
#2424=ORIENTED_EDGE('',*,*,#1888,.F.);
#2425=ORIENTED_EDGE('',*,*,#1860,.T.);
#2426=ORIENTED_EDGE('',*,*,#1882,.T.);
#2427=ORIENTED_EDGE('',*,*,#1890,.T.);
#2428=ORIENTED_EDGE('',*,*,#1900,.T.);
#2429=ORIENTED_EDGE('',*,*,#1897,.T.);
#2430=ORIENTED_EDGE('',*,*,#1894,.T.);
#2431=ORIENTED_EDGE('',*,*,#1918,.F.);
#2432=ORIENTED_EDGE('',*,*,#1919,.T.);
#2433=ORIENTED_EDGE('',*,*,#1920,.T.);
#2434=ORIENTED_EDGE('',*,*,#1919,.F.);
#2435=ORIENTED_EDGE('',*,*,#1920,.F.);
#2436=ORIENTED_EDGE('',*,*,#1921,.F.);
#2437=ORIENTED_EDGE('',*,*,#1922,.T.);
#2438=ORIENTED_EDGE('',*,*,#1923,.T.);
#2439=ORIENTED_EDGE('',*,*,#1922,.F.);
#2440=ORIENTED_EDGE('',*,*,#1923,.F.);
#2441=ORIENTED_EDGE('',*,*,#1924,.F.);
#2442=ORIENTED_EDGE('',*,*,#1925,.T.);
#2443=ORIENTED_EDGE('',*,*,#1926,.T.);
#2444=ORIENTED_EDGE('',*,*,#1925,.F.);
#2445=ORIENTED_EDGE('',*,*,#1926,.F.);
#2446=ORIENTED_EDGE('',*,*,#1927,.F.);
#2447=ORIENTED_EDGE('',*,*,#1928,.T.);
#2448=ORIENTED_EDGE('',*,*,#1929,.T.);
#2449=ORIENTED_EDGE('',*,*,#1928,.F.);
#2450=ORIENTED_EDGE('',*,*,#1929,.F.);
#2451=ORIENTED_EDGE('',*,*,#1930,.F.);
#2452=ORIENTED_EDGE('',*,*,#1931,.T.);
#2453=ORIENTED_EDGE('',*,*,#1932,.T.);
#2454=ORIENTED_EDGE('',*,*,#1931,.F.);
#2455=ORIENTED_EDGE('',*,*,#1933,.F.);
#2456=ORIENTED_EDGE('',*,*,#1934,.T.);
#2457=ORIENTED_EDGE('',*,*,#1935,.T.);
#2458=ORIENTED_EDGE('',*,*,#1934,.F.);
#2459=ORIENTED_EDGE('',*,*,#1936,.T.);
#2460=ORIENTED_EDGE('',*,*,#1937,.T.);
#2461=ORIENTED_EDGE('',*,*,#1938,.F.);
#2462=ORIENTED_EDGE('',*,*,#1939,.F.);
#2463=ORIENTED_EDGE('',*,*,#1940,.T.);
#2464=ORIENTED_EDGE('',*,*,#1939,.T.);
#2465=ORIENTED_EDGE('',*,*,#1941,.F.);
#2466=ORIENTED_EDGE('',*,*,#1942,.F.);
#2467=ORIENTED_EDGE('',*,*,#1943,.T.);
#2468=ORIENTED_EDGE('',*,*,#1942,.T.);
#2469=ORIENTED_EDGE('',*,*,#1944,.F.);
#2470=ORIENTED_EDGE('',*,*,#1945,.F.);
#2471=ORIENTED_EDGE('',*,*,#1918,.T.);
#2472=ORIENTED_EDGE('',*,*,#1921,.T.);
#2473=ORIENTED_EDGE('',*,*,#1924,.T.);
#2474=ORIENTED_EDGE('',*,*,#1927,.T.);
#2475=ORIENTED_EDGE('',*,*,#1946,.T.);
#2476=ORIENTED_EDGE('',*,*,#1945,.T.);
#2477=ORIENTED_EDGE('',*,*,#1947,.F.);
#2478=ORIENTED_EDGE('',*,*,#1937,.F.);
#2479=ORIENTED_EDGE('',*,*,#1947,.T.);
#2480=ORIENTED_EDGE('',*,*,#1944,.T.);
#2481=ORIENTED_EDGE('',*,*,#1941,.T.);
#2482=ORIENTED_EDGE('',*,*,#1938,.T.);
#2483=ORIENTED_EDGE('',*,*,#1933,.T.);
#2484=ORIENTED_EDGE('',*,*,#1930,.T.);
#2485=ORIENTED_EDGE('',*,*,#1946,.F.);
#2486=ORIENTED_EDGE('',*,*,#1936,.F.);
#2487=ORIENTED_EDGE('',*,*,#1940,.F.);
#2488=ORIENTED_EDGE('',*,*,#1943,.F.);
#2489=ORIENTED_EDGE('',*,*,#1935,.F.);
#2490=ORIENTED_EDGE('',*,*,#1932,.F.);
#2491=ORIENTED_EDGE('',*,*,#1948,.T.);
#2492=ORIENTED_EDGE('',*,*,#1949,.T.);
#2493=ORIENTED_EDGE('',*,*,#1950,.T.);
#2494=ORIENTED_EDGE('',*,*,#1951,.F.);
#2495=ORIENTED_EDGE('',*,*,#1952,.T.);
#2496=ORIENTED_EDGE('',*,*,#1953,.T.);
#2497=ORIENTED_EDGE('',*,*,#1954,.T.);
#2498=ORIENTED_EDGE('',*,*,#1949,.F.);
#2499=ORIENTED_EDGE('',*,*,#1955,.T.);
#2500=ORIENTED_EDGE('',*,*,#1956,.T.);
#2501=ORIENTED_EDGE('',*,*,#1957,.T.);
#2502=ORIENTED_EDGE('',*,*,#1953,.F.);
#2503=ORIENTED_EDGE('',*,*,#1958,.T.);
#2504=ORIENTED_EDGE('',*,*,#1951,.T.);
#2505=ORIENTED_EDGE('',*,*,#1959,.T.);
#2506=ORIENTED_EDGE('',*,*,#1956,.F.);
#2507=ORIENTED_EDGE('',*,*,#1959,.F.);
#2508=ORIENTED_EDGE('',*,*,#1950,.F.);
#2509=ORIENTED_EDGE('',*,*,#1954,.F.);
#2510=ORIENTED_EDGE('',*,*,#1957,.F.);
#2511=ORIENTED_EDGE('',*,*,#1960,.F.);
#2512=ORIENTED_EDGE('',*,*,#1961,.F.);
#2513=ORIENTED_EDGE('',*,*,#1958,.F.);
#2514=ORIENTED_EDGE('',*,*,#1955,.F.);
#2515=ORIENTED_EDGE('',*,*,#1952,.F.);
#2516=ORIENTED_EDGE('',*,*,#1948,.F.);
#2517=ORIENTED_EDGE('',*,*,#1960,.T.);
#2518=ORIENTED_EDGE('',*,*,#1962,.T.);
#2519=ORIENTED_EDGE('',*,*,#1963,.F.);
#2520=ORIENTED_EDGE('',*,*,#1962,.F.);
#2521=ORIENTED_EDGE('',*,*,#1961,.T.);
#2522=ORIENTED_EDGE('',*,*,#1964,.T.);
#2523=ORIENTED_EDGE('',*,*,#1965,.F.);
#2524=ORIENTED_EDGE('',*,*,#1964,.F.);
#2525=ORIENTED_EDGE('',*,*,#1966,.F.);
#2526=ORIENTED_EDGE('',*,*,#1967,.T.);
#2527=ORIENTED_EDGE('',*,*,#1968,.F.);
#2528=ORIENTED_EDGE('',*,*,#1969,.F.);
#2529=ORIENTED_EDGE('',*,*,#1970,.F.);
#2530=ORIENTED_EDGE('',*,*,#1969,.T.);
#2531=ORIENTED_EDGE('',*,*,#1971,.F.);
#2532=ORIENTED_EDGE('',*,*,#1972,.F.);
#2533=ORIENTED_EDGE('',*,*,#1973,.F.);
#2534=ORIENTED_EDGE('',*,*,#1972,.T.);
#2535=ORIENTED_EDGE('',*,*,#1974,.F.);
#2536=ORIENTED_EDGE('',*,*,#1975,.F.);
#2537=ORIENTED_EDGE('',*,*,#1976,.F.);
#2538=ORIENTED_EDGE('',*,*,#1975,.T.);
#2539=ORIENTED_EDGE('',*,*,#1977,.F.);
#2540=ORIENTED_EDGE('',*,*,#1967,.F.);
#2541=ORIENTED_EDGE('',*,*,#1977,.T.);
#2542=ORIENTED_EDGE('',*,*,#1974,.T.);
#2543=ORIENTED_EDGE('',*,*,#1971,.T.);
#2544=ORIENTED_EDGE('',*,*,#1968,.T.);
#2545=ORIENTED_EDGE('',*,*,#1963,.T.);
#2546=ORIENTED_EDGE('',*,*,#1965,.T.);
#2547=ORIENTED_EDGE('',*,*,#1976,.T.);
#2548=ORIENTED_EDGE('',*,*,#1966,.T.);
#2549=ORIENTED_EDGE('',*,*,#1970,.T.);
#2550=ORIENTED_EDGE('',*,*,#1973,.T.);
#2551=ORIENTED_EDGE('',*,*,#1978,.F.);
#2552=ORIENTED_EDGE('',*,*,#1979,.T.);
#2553=ORIENTED_EDGE('',*,*,#1980,.F.);
#2554=ORIENTED_EDGE('',*,*,#1981,.F.);
#2555=ORIENTED_EDGE('',*,*,#1982,.F.);
#2556=ORIENTED_EDGE('',*,*,#1981,.T.);
#2557=ORIENTED_EDGE('',*,*,#1983,.F.);
#2558=ORIENTED_EDGE('',*,*,#1984,.F.);
#2559=ORIENTED_EDGE('',*,*,#1985,.F.);
#2560=ORIENTED_EDGE('',*,*,#1984,.T.);
#2561=ORIENTED_EDGE('',*,*,#1986,.F.);
#2562=ORIENTED_EDGE('',*,*,#1987,.F.);
#2563=ORIENTED_EDGE('',*,*,#1988,.F.);
#2564=ORIENTED_EDGE('',*,*,#1987,.T.);
#2565=ORIENTED_EDGE('',*,*,#1989,.F.);
#2566=ORIENTED_EDGE('',*,*,#1979,.F.);
#2567=ORIENTED_EDGE('',*,*,#1989,.T.);
#2568=ORIENTED_EDGE('',*,*,#1986,.T.);
#2569=ORIENTED_EDGE('',*,*,#1983,.T.);
#2570=ORIENTED_EDGE('',*,*,#1980,.T.);
#2571=ORIENTED_EDGE('',*,*,#1990,.T.);
#2572=ORIENTED_EDGE('',*,*,#1991,.T.);
#2573=ORIENTED_EDGE('',*,*,#1988,.T.);
#2574=ORIENTED_EDGE('',*,*,#1978,.T.);
#2575=ORIENTED_EDGE('',*,*,#1982,.T.);
#2576=ORIENTED_EDGE('',*,*,#1985,.T.);
#2577=ORIENTED_EDGE('',*,*,#1990,.F.);
#2578=ORIENTED_EDGE('',*,*,#1992,.T.);
#2579=ORIENTED_EDGE('',*,*,#1993,.T.);
#2580=ORIENTED_EDGE('',*,*,#1992,.F.);
#2581=ORIENTED_EDGE('',*,*,#1991,.F.);
#2582=ORIENTED_EDGE('',*,*,#1994,.T.);
#2583=ORIENTED_EDGE('',*,*,#1995,.T.);
#2584=ORIENTED_EDGE('',*,*,#1994,.F.);
#2585=ORIENTED_EDGE('',*,*,#1996,.T.);
#2586=ORIENTED_EDGE('',*,*,#1997,.T.);
#2587=ORIENTED_EDGE('',*,*,#1998,.T.);
#2588=ORIENTED_EDGE('',*,*,#1999,.F.);
#2589=ORIENTED_EDGE('',*,*,#2000,.T.);
#2590=ORIENTED_EDGE('',*,*,#2001,.T.);
#2591=ORIENTED_EDGE('',*,*,#2002,.T.);
#2592=ORIENTED_EDGE('',*,*,#1997,.F.);
#2593=ORIENTED_EDGE('',*,*,#2003,.T.);
#2594=ORIENTED_EDGE('',*,*,#2004,.T.);
#2595=ORIENTED_EDGE('',*,*,#2005,.T.);
#2596=ORIENTED_EDGE('',*,*,#2001,.F.);
#2597=ORIENTED_EDGE('',*,*,#2006,.T.);
#2598=ORIENTED_EDGE('',*,*,#1999,.T.);
#2599=ORIENTED_EDGE('',*,*,#2007,.T.);
#2600=ORIENTED_EDGE('',*,*,#2004,.F.);
#2601=ORIENTED_EDGE('',*,*,#2007,.F.);
#2602=ORIENTED_EDGE('',*,*,#1998,.F.);
#2603=ORIENTED_EDGE('',*,*,#2002,.F.);
#2604=ORIENTED_EDGE('',*,*,#2005,.F.);
#2605=ORIENTED_EDGE('',*,*,#1993,.F.);
#2606=ORIENTED_EDGE('',*,*,#1995,.F.);
#2607=ORIENTED_EDGE('',*,*,#2006,.F.);
#2608=ORIENTED_EDGE('',*,*,#2003,.F.);
#2609=ORIENTED_EDGE('',*,*,#2000,.F.);
#2610=ORIENTED_EDGE('',*,*,#1996,.F.);
#2611=ORIENTED_EDGE('',*,*,#2008,.F.);
#2612=ORIENTED_EDGE('',*,*,#2009,.F.);
#2613=ORIENTED_EDGE('',*,*,#2010,.F.);
#2614=ORIENTED_EDGE('',*,*,#2011,.F.);
#2615=ORIENTED_EDGE('',*,*,#2012,.F.);
#2616=ORIENTED_EDGE('',*,*,#2013,.F.);
#2617=ORIENTED_EDGE('',*,*,#2014,.F.);
#2618=ORIENTED_EDGE('',*,*,#2015,.F.);
#2619=ORIENTED_EDGE('',*,*,#2016,.T.);
#2620=ORIENTED_EDGE('',*,*,#2017,.F.);
#2621=ORIENTED_EDGE('',*,*,#2012,.T.);
#2622=ORIENTED_EDGE('',*,*,#2018,.F.);
#2623=ORIENTED_EDGE('',*,*,#2019,.T.);
#2624=ORIENTED_EDGE('',*,*,#2020,.T.);
#2625=ORIENTED_EDGE('',*,*,#2013,.T.);
#2626=ORIENTED_EDGE('',*,*,#2017,.T.);
#2627=ORIENTED_EDGE('',*,*,#2021,.T.);
#2628=ORIENTED_EDGE('',*,*,#2022,.F.);
#2629=ORIENTED_EDGE('',*,*,#2008,.T.);
#2630=ORIENTED_EDGE('',*,*,#2023,.F.);
#2631=ORIENTED_EDGE('',*,*,#2024,.T.);
#2632=ORIENTED_EDGE('',*,*,#2025,.T.);
#2633=ORIENTED_EDGE('',*,*,#2009,.T.);
#2634=ORIENTED_EDGE('',*,*,#2022,.T.);
#2635=ORIENTED_EDGE('',*,*,#2026,.T.);
#2636=ORIENTED_EDGE('',*,*,#2027,.T.);
#2637=ORIENTED_EDGE('',*,*,#2014,.T.);
#2638=ORIENTED_EDGE('',*,*,#2020,.F.);
#2639=ORIENTED_EDGE('',*,*,#2028,.T.);
#2640=ORIENTED_EDGE('',*,*,#2018,.T.);
#2641=ORIENTED_EDGE('',*,*,#2015,.T.);
#2642=ORIENTED_EDGE('',*,*,#2027,.F.);
#2643=ORIENTED_EDGE('',*,*,#2029,.T.);
#2644=ORIENTED_EDGE('',*,*,#2030,.T.);
#2645=ORIENTED_EDGE('',*,*,#2010,.T.);
#2646=ORIENTED_EDGE('',*,*,#2025,.F.);
#2647=ORIENTED_EDGE('',*,*,#2031,.T.);
#2648=ORIENTED_EDGE('',*,*,#2023,.T.);
#2649=ORIENTED_EDGE('',*,*,#2011,.T.);
#2650=ORIENTED_EDGE('',*,*,#2030,.F.);
#2651=ORIENTED_EDGE('',*,*,#2029,.F.);
#2652=ORIENTED_EDGE('',*,*,#2024,.F.);
#2653=ORIENTED_EDGE('',*,*,#2021,.F.);
#2654=ORIENTED_EDGE('',*,*,#2031,.F.);
#2655=ORIENTED_EDGE('',*,*,#2026,.F.);
#2656=ORIENTED_EDGE('',*,*,#2019,.F.);
#2657=ORIENTED_EDGE('',*,*,#2016,.F.);
#2658=ORIENTED_EDGE('',*,*,#2028,.F.);
#2659=ORIENTED_EDGE('',*,*,#2032,.F.);
#2660=ORIENTED_EDGE('',*,*,#2033,.F.);
#2661=ORIENTED_EDGE('',*,*,#2034,.F.);
#2662=ORIENTED_EDGE('',*,*,#2035,.F.);
#2663=ORIENTED_EDGE('',*,*,#2036,.F.);
#2664=ORIENTED_EDGE('',*,*,#2037,.F.);
#2665=ORIENTED_EDGE('',*,*,#2038,.F.);
#2666=ORIENTED_EDGE('',*,*,#2039,.F.);
#2667=ORIENTED_EDGE('',*,*,#2040,.T.);
#2668=ORIENTED_EDGE('',*,*,#2041,.F.);
#2669=ORIENTED_EDGE('',*,*,#2036,.T.);
#2670=ORIENTED_EDGE('',*,*,#2042,.F.);
#2671=ORIENTED_EDGE('',*,*,#2043,.T.);
#2672=ORIENTED_EDGE('',*,*,#2044,.T.);
#2673=ORIENTED_EDGE('',*,*,#2037,.T.);
#2674=ORIENTED_EDGE('',*,*,#2041,.T.);
#2675=ORIENTED_EDGE('',*,*,#2045,.T.);
#2676=ORIENTED_EDGE('',*,*,#2046,.F.);
#2677=ORIENTED_EDGE('',*,*,#2032,.T.);
#2678=ORIENTED_EDGE('',*,*,#2047,.F.);
#2679=ORIENTED_EDGE('',*,*,#2048,.T.);
#2680=ORIENTED_EDGE('',*,*,#2049,.T.);
#2681=ORIENTED_EDGE('',*,*,#2033,.T.);
#2682=ORIENTED_EDGE('',*,*,#2046,.T.);
#2683=ORIENTED_EDGE('',*,*,#2050,.T.);
#2684=ORIENTED_EDGE('',*,*,#2051,.T.);
#2685=ORIENTED_EDGE('',*,*,#2038,.T.);
#2686=ORIENTED_EDGE('',*,*,#2044,.F.);
#2687=ORIENTED_EDGE('',*,*,#2052,.T.);
#2688=ORIENTED_EDGE('',*,*,#2042,.T.);
#2689=ORIENTED_EDGE('',*,*,#2039,.T.);
#2690=ORIENTED_EDGE('',*,*,#2051,.F.);
#2691=ORIENTED_EDGE('',*,*,#2053,.T.);
#2692=ORIENTED_EDGE('',*,*,#2054,.T.);
#2693=ORIENTED_EDGE('',*,*,#2034,.T.);
#2694=ORIENTED_EDGE('',*,*,#2049,.F.);
#2695=ORIENTED_EDGE('',*,*,#2055,.T.);
#2696=ORIENTED_EDGE('',*,*,#2047,.T.);
#2697=ORIENTED_EDGE('',*,*,#2035,.T.);
#2698=ORIENTED_EDGE('',*,*,#2054,.F.);
#2699=ORIENTED_EDGE('',*,*,#2053,.F.);
#2700=ORIENTED_EDGE('',*,*,#2048,.F.);
#2701=ORIENTED_EDGE('',*,*,#2045,.F.);
#2702=ORIENTED_EDGE('',*,*,#2055,.F.);
#2703=ORIENTED_EDGE('',*,*,#2050,.F.);
#2704=ORIENTED_EDGE('',*,*,#2043,.F.);
#2705=ORIENTED_EDGE('',*,*,#2040,.F.);
#2706=ORIENTED_EDGE('',*,*,#2052,.F.);
#2707=ORIENTED_EDGE('',*,*,#2056,.F.);
#2708=ORIENTED_EDGE('',*,*,#2057,.F.);
#2709=ORIENTED_EDGE('',*,*,#2058,.F.);
#2710=ORIENTED_EDGE('',*,*,#2059,.T.);
#2711=ORIENTED_EDGE('',*,*,#2060,.F.);
#2712=ORIENTED_EDGE('',*,*,#2059,.F.);
#2713=ORIENTED_EDGE('',*,*,#2061,.F.);
#2714=ORIENTED_EDGE('',*,*,#2062,.T.);
#2715=ORIENTED_EDGE('',*,*,#2063,.F.);
#2716=ORIENTED_EDGE('',*,*,#2062,.F.);
#2717=ORIENTED_EDGE('',*,*,#2064,.F.);
#2718=ORIENTED_EDGE('',*,*,#2065,.T.);
#2719=ORIENTED_EDGE('',*,*,#2066,.F.);
#2720=ORIENTED_EDGE('',*,*,#2065,.F.);
#2721=ORIENTED_EDGE('',*,*,#2067,.F.);
#2722=ORIENTED_EDGE('',*,*,#2068,.T.);
#2723=ORIENTED_EDGE('',*,*,#2069,.F.);
#2724=ORIENTED_EDGE('',*,*,#2068,.F.);
#2725=ORIENTED_EDGE('',*,*,#2070,.F.);
#2726=ORIENTED_EDGE('',*,*,#2071,.T.);
#2727=ORIENTED_EDGE('',*,*,#2072,.F.);
#2728=ORIENTED_EDGE('',*,*,#2071,.F.);
#2729=ORIENTED_EDGE('',*,*,#2073,.F.);
#2730=ORIENTED_EDGE('',*,*,#2074,.T.);
#2731=ORIENTED_EDGE('',*,*,#2075,.F.);
#2732=ORIENTED_EDGE('',*,*,#2074,.F.);
#2733=ORIENTED_EDGE('',*,*,#2076,.F.);
#2734=ORIENTED_EDGE('',*,*,#2077,.T.);
#2735=ORIENTED_EDGE('',*,*,#2078,.F.);
#2736=ORIENTED_EDGE('',*,*,#2077,.F.);
#2737=ORIENTED_EDGE('',*,*,#2079,.F.);
#2738=ORIENTED_EDGE('',*,*,#2080,.T.);
#2739=ORIENTED_EDGE('',*,*,#2081,.F.);
#2740=ORIENTED_EDGE('',*,*,#2080,.F.);
#2741=ORIENTED_EDGE('',*,*,#2082,.F.);
#2742=ORIENTED_EDGE('',*,*,#2083,.T.);
#2743=ORIENTED_EDGE('',*,*,#2084,.F.);
#2744=ORIENTED_EDGE('',*,*,#2083,.F.);
#2745=ORIENTED_EDGE('',*,*,#2085,.F.);
#2746=ORIENTED_EDGE('',*,*,#2086,.T.);
#2747=ORIENTED_EDGE('',*,*,#2087,.F.);
#2748=ORIENTED_EDGE('',*,*,#2086,.F.);
#2749=ORIENTED_EDGE('',*,*,#2088,.F.);
#2750=ORIENTED_EDGE('',*,*,#2089,.T.);
#2751=ORIENTED_EDGE('',*,*,#2090,.F.);
#2752=ORIENTED_EDGE('',*,*,#2089,.F.);
#2753=ORIENTED_EDGE('',*,*,#2091,.F.);
#2754=ORIENTED_EDGE('',*,*,#2057,.T.);
#2755=ORIENTED_EDGE('',*,*,#2073,.T.);
#2756=ORIENTED_EDGE('',*,*,#2070,.T.);
#2757=ORIENTED_EDGE('',*,*,#2067,.T.);
#2758=ORIENTED_EDGE('',*,*,#2064,.T.);
#2759=ORIENTED_EDGE('',*,*,#2061,.T.);
#2760=ORIENTED_EDGE('',*,*,#2058,.T.);
#2761=ORIENTED_EDGE('',*,*,#2091,.T.);
#2762=ORIENTED_EDGE('',*,*,#2088,.T.);
#2763=ORIENTED_EDGE('',*,*,#2085,.T.);
#2764=ORIENTED_EDGE('',*,*,#2082,.T.);
#2765=ORIENTED_EDGE('',*,*,#2079,.T.);
#2766=ORIENTED_EDGE('',*,*,#2076,.T.);
#2767=ORIENTED_EDGE('',*,*,#2092,.F.);
#2768=ORIENTED_EDGE('',*,*,#2093,.F.);
#2769=ORIENTED_EDGE('',*,*,#2075,.T.);
#2770=ORIENTED_EDGE('',*,*,#2078,.T.);
#2771=ORIENTED_EDGE('',*,*,#2081,.T.);
#2772=ORIENTED_EDGE('',*,*,#2084,.T.);
#2773=ORIENTED_EDGE('',*,*,#2087,.T.);
#2774=ORIENTED_EDGE('',*,*,#2090,.T.);
#2775=ORIENTED_EDGE('',*,*,#2056,.T.);
#2776=ORIENTED_EDGE('',*,*,#2060,.T.);
#2777=ORIENTED_EDGE('',*,*,#2063,.T.);
#2778=ORIENTED_EDGE('',*,*,#2066,.T.);
#2779=ORIENTED_EDGE('',*,*,#2069,.T.);
#2780=ORIENTED_EDGE('',*,*,#2072,.T.);
#2781=ORIENTED_EDGE('',*,*,#2092,.T.);
#2782=ORIENTED_EDGE('',*,*,#2094,.T.);
#2783=ORIENTED_EDGE('',*,*,#2095,.F.);
#2784=ORIENTED_EDGE('',*,*,#2094,.F.);
#2785=ORIENTED_EDGE('',*,*,#2093,.T.);
#2786=ORIENTED_EDGE('',*,*,#2096,.T.);
#2787=ORIENTED_EDGE('',*,*,#2097,.F.);
#2788=ORIENTED_EDGE('',*,*,#2096,.F.);
#2789=ORIENTED_EDGE('',*,*,#2098,.T.);
#2790=ORIENTED_EDGE('',*,*,#2099,.F.);
#2791=ORIENTED_EDGE('',*,*,#2100,.T.);
#2792=ORIENTED_EDGE('',*,*,#2101,.T.);
#2793=ORIENTED_EDGE('',*,*,#2102,.T.);
#2794=ORIENTED_EDGE('',*,*,#2103,.F.);
#2795=ORIENTED_EDGE('',*,*,#2104,.T.);
#2796=ORIENTED_EDGE('',*,*,#2099,.T.);
#2797=ORIENTED_EDGE('',*,*,#2105,.T.);
#2798=ORIENTED_EDGE('',*,*,#2106,.F.);
#2799=ORIENTED_EDGE('',*,*,#2107,.T.);
#2800=ORIENTED_EDGE('',*,*,#2103,.T.);
#2801=ORIENTED_EDGE('',*,*,#2108,.T.);
#2802=ORIENTED_EDGE('',*,*,#2109,.F.);
#2803=ORIENTED_EDGE('',*,*,#2110,.T.);
#2804=ORIENTED_EDGE('',*,*,#2106,.T.);
#2805=ORIENTED_EDGE('',*,*,#2111,.T.);
#2806=ORIENTED_EDGE('',*,*,#2112,.F.);
#2807=ORIENTED_EDGE('',*,*,#2113,.T.);
#2808=ORIENTED_EDGE('',*,*,#2109,.T.);
#2809=ORIENTED_EDGE('',*,*,#2114,.T.);
#2810=ORIENTED_EDGE('',*,*,#2115,.F.);
#2811=ORIENTED_EDGE('',*,*,#2116,.T.);
#2812=ORIENTED_EDGE('',*,*,#2112,.T.);
#2813=ORIENTED_EDGE('',*,*,#2117,.T.);
#2814=ORIENTED_EDGE('',*,*,#2118,.F.);
#2815=ORIENTED_EDGE('',*,*,#2119,.T.);
#2816=ORIENTED_EDGE('',*,*,#2115,.T.);
#2817=ORIENTED_EDGE('',*,*,#2120,.T.);
#2818=ORIENTED_EDGE('',*,*,#2121,.F.);
#2819=ORIENTED_EDGE('',*,*,#2122,.T.);
#2820=ORIENTED_EDGE('',*,*,#2118,.T.);
#2821=ORIENTED_EDGE('',*,*,#2123,.T.);
#2822=ORIENTED_EDGE('',*,*,#2124,.F.);
#2823=ORIENTED_EDGE('',*,*,#2125,.T.);
#2824=ORIENTED_EDGE('',*,*,#2121,.T.);
#2825=ORIENTED_EDGE('',*,*,#2126,.T.);
#2826=ORIENTED_EDGE('',*,*,#2127,.F.);
#2827=ORIENTED_EDGE('',*,*,#2128,.T.);
#2828=ORIENTED_EDGE('',*,*,#2124,.T.);
#2829=ORIENTED_EDGE('',*,*,#2129,.T.);
#2830=ORIENTED_EDGE('',*,*,#2130,.F.);
#2831=ORIENTED_EDGE('',*,*,#2131,.T.);
#2832=ORIENTED_EDGE('',*,*,#2127,.T.);
#2833=ORIENTED_EDGE('',*,*,#2132,.T.);
#2834=ORIENTED_EDGE('',*,*,#2101,.F.);
#2835=ORIENTED_EDGE('',*,*,#2133,.T.);
#2836=ORIENTED_EDGE('',*,*,#2130,.T.);
#2837=ORIENTED_EDGE('',*,*,#2116,.F.);
#2838=ORIENTED_EDGE('',*,*,#2119,.F.);
#2839=ORIENTED_EDGE('',*,*,#2122,.F.);
#2840=ORIENTED_EDGE('',*,*,#2125,.F.);
#2841=ORIENTED_EDGE('',*,*,#2128,.F.);
#2842=ORIENTED_EDGE('',*,*,#2131,.F.);
#2843=ORIENTED_EDGE('',*,*,#2133,.F.);
#2844=ORIENTED_EDGE('',*,*,#2100,.F.);
#2845=ORIENTED_EDGE('',*,*,#2104,.F.);
#2846=ORIENTED_EDGE('',*,*,#2107,.F.);
#2847=ORIENTED_EDGE('',*,*,#2110,.F.);
#2848=ORIENTED_EDGE('',*,*,#2113,.F.);
#2849=ORIENTED_EDGE('',*,*,#2095,.T.);
#2850=ORIENTED_EDGE('',*,*,#2097,.T.);
#2851=ORIENTED_EDGE('',*,*,#2117,.F.);
#2852=ORIENTED_EDGE('',*,*,#2114,.F.);
#2853=ORIENTED_EDGE('',*,*,#2111,.F.);
#2854=ORIENTED_EDGE('',*,*,#2108,.F.);
#2855=ORIENTED_EDGE('',*,*,#2105,.F.);
#2856=ORIENTED_EDGE('',*,*,#2102,.F.);
#2857=ORIENTED_EDGE('',*,*,#2098,.F.);
#2858=ORIENTED_EDGE('',*,*,#2132,.F.);
#2859=ORIENTED_EDGE('',*,*,#2129,.F.);
#2860=ORIENTED_EDGE('',*,*,#2126,.F.);
#2861=ORIENTED_EDGE('',*,*,#2123,.F.);
#2862=ORIENTED_EDGE('',*,*,#2120,.F.);
#2863=ORIENTED_EDGE('',*,*,#2134,.F.);
#2864=ORIENTED_EDGE('',*,*,#2135,.T.);
#2865=ORIENTED_EDGE('',*,*,#2136,.F.);
#2866=ORIENTED_EDGE('',*,*,#2135,.F.);
#2867=ORIENTED_EDGE('',*,*,#2134,.T.);
#2868=ORIENTED_EDGE('',*,*,#2137,.F.);
#2869=ORIENTED_EDGE('',*,*,#2138,.T.);
#2870=ORIENTED_EDGE('',*,*,#2139,.F.);
#2871=ORIENTED_EDGE('',*,*,#2138,.F.);
#2872=ORIENTED_EDGE('',*,*,#2140,.F.);
#2873=ORIENTED_EDGE('',*,*,#2141,.T.);
#2874=ORIENTED_EDGE('',*,*,#2142,.F.);
#2875=ORIENTED_EDGE('',*,*,#2141,.F.);
#2876=ORIENTED_EDGE('',*,*,#2143,.T.);
#2877=ORIENTED_EDGE('',*,*,#2144,.T.);
#2878=ORIENTED_EDGE('',*,*,#2145,.T.);
#2879=ORIENTED_EDGE('',*,*,#2146,.T.);
#2880=ORIENTED_EDGE('',*,*,#2147,.T.);
#2881=ORIENTED_EDGE('',*,*,#2148,.T.);
#2882=ORIENTED_EDGE('',*,*,#2149,.T.);
#2883=ORIENTED_EDGE('',*,*,#2150,.T.);
#2884=ORIENTED_EDGE('',*,*,#2151,.T.);
#2885=ORIENTED_EDGE('',*,*,#2152,.T.);
#2886=ORIENTED_EDGE('',*,*,#2153,.T.);
#2887=ORIENTED_EDGE('',*,*,#2154,.T.);
#2888=ORIENTED_EDGE('',*,*,#2155,.T.);
#2889=ORIENTED_EDGE('',*,*,#2156,.T.);
#2890=ORIENTED_EDGE('',*,*,#2157,.T.);
#2891=ORIENTED_EDGE('',*,*,#2158,.T.);
#2892=ORIENTED_EDGE('',*,*,#2159,.T.);
#2893=ORIENTED_EDGE('',*,*,#2160,.T.);
#2894=ORIENTED_EDGE('',*,*,#2161,.T.);
#2895=ORIENTED_EDGE('',*,*,#2162,.T.);
#2896=ORIENTED_EDGE('',*,*,#2163,.F.);
#2897=ORIENTED_EDGE('',*,*,#2164,.T.);
#2898=ORIENTED_EDGE('',*,*,#2162,.F.);
#2899=ORIENTED_EDGE('',*,*,#2164,.F.);
#2900=ORIENTED_EDGE('',*,*,#2165,.F.);
#2901=ORIENTED_EDGE('',*,*,#2166,.T.);
#2902=ORIENTED_EDGE('',*,*,#2161,.F.);
#2903=ORIENTED_EDGE('',*,*,#2166,.F.);
#2904=ORIENTED_EDGE('',*,*,#2167,.T.);
#2905=ORIENTED_EDGE('',*,*,#2168,.F.);
#2906=ORIENTED_EDGE('',*,*,#2169,.F.);
#2907=ORIENTED_EDGE('',*,*,#2144,.F.);
#2908=ORIENTED_EDGE('',*,*,#2169,.T.);
#2909=ORIENTED_EDGE('',*,*,#2170,.F.);
#2910=ORIENTED_EDGE('',*,*,#2171,.F.);
#2911=ORIENTED_EDGE('',*,*,#2145,.F.);
#2912=ORIENTED_EDGE('',*,*,#2171,.T.);
#2913=ORIENTED_EDGE('',*,*,#2172,.F.);
#2914=ORIENTED_EDGE('',*,*,#2173,.F.);
#2915=ORIENTED_EDGE('',*,*,#2146,.F.);
#2916=ORIENTED_EDGE('',*,*,#2173,.T.);
#2917=ORIENTED_EDGE('',*,*,#2174,.F.);
#2918=ORIENTED_EDGE('',*,*,#2175,.F.);
#2919=ORIENTED_EDGE('',*,*,#2147,.F.);
#2920=ORIENTED_EDGE('',*,*,#2175,.T.);
#2921=ORIENTED_EDGE('',*,*,#2176,.F.);
#2922=ORIENTED_EDGE('',*,*,#2177,.F.);
#2923=ORIENTED_EDGE('',*,*,#2148,.F.);
#2924=ORIENTED_EDGE('',*,*,#2177,.T.);
#2925=ORIENTED_EDGE('',*,*,#2178,.F.);
#2926=ORIENTED_EDGE('',*,*,#2179,.F.);
#2927=ORIENTED_EDGE('',*,*,#2149,.F.);
#2928=ORIENTED_EDGE('',*,*,#2179,.T.);
#2929=ORIENTED_EDGE('',*,*,#2180,.F.);
#2930=ORIENTED_EDGE('',*,*,#2181,.F.);
#2931=ORIENTED_EDGE('',*,*,#2150,.F.);
#2932=ORIENTED_EDGE('',*,*,#2181,.T.);
#2933=ORIENTED_EDGE('',*,*,#2182,.F.);
#2934=ORIENTED_EDGE('',*,*,#2183,.F.);
#2935=ORIENTED_EDGE('',*,*,#2151,.F.);
#2936=ORIENTED_EDGE('',*,*,#2183,.T.);
#2937=ORIENTED_EDGE('',*,*,#2184,.F.);
#2938=ORIENTED_EDGE('',*,*,#2185,.F.);
#2939=ORIENTED_EDGE('',*,*,#2152,.F.);
#2940=ORIENTED_EDGE('',*,*,#2185,.T.);
#2941=ORIENTED_EDGE('',*,*,#2186,.F.);
#2942=ORIENTED_EDGE('',*,*,#2187,.F.);
#2943=ORIENTED_EDGE('',*,*,#2153,.F.);
#2944=ORIENTED_EDGE('',*,*,#2187,.T.);
#2945=ORIENTED_EDGE('',*,*,#2188,.F.);
#2946=ORIENTED_EDGE('',*,*,#2189,.F.);
#2947=ORIENTED_EDGE('',*,*,#2154,.F.);
#2948=ORIENTED_EDGE('',*,*,#2189,.T.);
#2949=ORIENTED_EDGE('',*,*,#2190,.F.);
#2950=ORIENTED_EDGE('',*,*,#2191,.F.);
#2951=ORIENTED_EDGE('',*,*,#2155,.F.);
#2952=ORIENTED_EDGE('',*,*,#2139,.T.);
#2953=ORIENTED_EDGE('',*,*,#2142,.T.);
#2954=ORIENTED_EDGE('',*,*,#2191,.T.);
#2955=ORIENTED_EDGE('',*,*,#2192,.F.);
#2956=ORIENTED_EDGE('',*,*,#2193,.F.);
#2957=ORIENTED_EDGE('',*,*,#2156,.F.);
#2958=ORIENTED_EDGE('',*,*,#2193,.T.);
#2959=ORIENTED_EDGE('',*,*,#2194,.F.);
#2960=ORIENTED_EDGE('',*,*,#2195,.F.);
#2961=ORIENTED_EDGE('',*,*,#2157,.F.);
#2962=ORIENTED_EDGE('',*,*,#2137,.T.);
#2963=ORIENTED_EDGE('',*,*,#2140,.T.);
#2964=ORIENTED_EDGE('',*,*,#2195,.T.);
#2965=ORIENTED_EDGE('',*,*,#2196,.F.);
#2966=ORIENTED_EDGE('',*,*,#2197,.F.);
#2967=ORIENTED_EDGE('',*,*,#2158,.F.);
#2968=ORIENTED_EDGE('',*,*,#2197,.T.);
#2969=ORIENTED_EDGE('',*,*,#2198,.F.);
#2970=ORIENTED_EDGE('',*,*,#2199,.F.);
#2971=ORIENTED_EDGE('',*,*,#2159,.F.);
#2972=ORIENTED_EDGE('',*,*,#2136,.T.);
#2973=ORIENTED_EDGE('',*,*,#2199,.T.);
#2974=ORIENTED_EDGE('',*,*,#2200,.F.);
#2975=ORIENTED_EDGE('',*,*,#2201,.F.);
#2976=ORIENTED_EDGE('',*,*,#2160,.F.);
#2977=ORIENTED_EDGE('',*,*,#2201,.T.);
#2978=ORIENTED_EDGE('',*,*,#2202,.F.);
#2979=ORIENTED_EDGE('',*,*,#2167,.F.);
#2980=ORIENTED_EDGE('',*,*,#2143,.F.);
#2981=ORIENTED_EDGE('',*,*,#2202,.T.);
#2982=ORIENTED_EDGE('',*,*,#2200,.T.);
#2983=ORIENTED_EDGE('',*,*,#2198,.T.);
#2984=ORIENTED_EDGE('',*,*,#2196,.T.);
#2985=ORIENTED_EDGE('',*,*,#2194,.T.);
#2986=ORIENTED_EDGE('',*,*,#2192,.T.);
#2987=ORIENTED_EDGE('',*,*,#2190,.T.);
#2988=ORIENTED_EDGE('',*,*,#2188,.T.);
#2989=ORIENTED_EDGE('',*,*,#2186,.T.);
#2990=ORIENTED_EDGE('',*,*,#2184,.T.);
#2991=ORIENTED_EDGE('',*,*,#2182,.T.);
#2992=ORIENTED_EDGE('',*,*,#2180,.T.);
#2993=ORIENTED_EDGE('',*,*,#2178,.T.);
#2994=ORIENTED_EDGE('',*,*,#2176,.T.);
#2995=ORIENTED_EDGE('',*,*,#2174,.T.);
#2996=ORIENTED_EDGE('',*,*,#2172,.T.);
#2997=ORIENTED_EDGE('',*,*,#2170,.T.);
#2998=ORIENTED_EDGE('',*,*,#2168,.T.);
#2999=ORIENTED_EDGE('',*,*,#2165,.T.);
#3000=ORIENTED_EDGE('',*,*,#2163,.T.);
#3001=ORIENTED_EDGE('',*,*,#2203,.T.);
#3002=ORIENTED_EDGE('',*,*,#2204,.T.);
#3003=ORIENTED_EDGE('',*,*,#2205,.F.);
#3004=ORIENTED_EDGE('',*,*,#2204,.F.);
#3005=ORIENTED_EDGE('',*,*,#2205,.T.);
#3006=ORIENTED_EDGE('',*,*,#2206,.T.);
#3007=ORIENTED_EDGE('',*,*,#2207,.T.);
#3008=ORIENTED_EDGE('',*,*,#2208,.T.);
#3009=ORIENTED_EDGE('',*,*,#2207,.F.);
#3010=ORIENTED_EDGE('',*,*,#2206,.F.);
#3011=ORIENTED_EDGE('',*,*,#2209,.T.);
#3012=ORIENTED_EDGE('',*,*,#2209,.F.);
#3013=ORIENTED_EDGE('',*,*,#2210,.T.);
#3014=ORIENTED_EDGE('',*,*,#2211,.T.);
#3015=ORIENTED_EDGE('',*,*,#2210,.F.);
#3016=ORIENTED_EDGE('',*,*,#2212,.F.);
#3017=ORIENTED_EDGE('',*,*,#2213,.T.);
#3018=ORIENTED_EDGE('',*,*,#2214,.F.);
#3019=ORIENTED_EDGE('',*,*,#2215,.T.);
#3020=ORIENTED_EDGE('',*,*,#2213,.F.);
#3021=ORIENTED_EDGE('',*,*,#2216,.T.);
#3022=ORIENTED_EDGE('',*,*,#2217,.F.);
#3023=ORIENTED_EDGE('',*,*,#2218,.T.);
#3024=ORIENTED_EDGE('',*,*,#2215,.F.);
#3025=ORIENTED_EDGE('',*,*,#2219,.T.);
#3026=ORIENTED_EDGE('',*,*,#2220,.F.);
#3027=ORIENTED_EDGE('',*,*,#2221,.T.);
#3028=ORIENTED_EDGE('',*,*,#2222,.F.);
#3029=ORIENTED_EDGE('',*,*,#2220,.T.);
#3030=ORIENTED_EDGE('',*,*,#2223,.F.);
#3031=ORIENTED_EDGE('',*,*,#2224,.T.);
#3032=ORIENTED_EDGE('',*,*,#2225,.T.);
#3033=ORIENTED_EDGE('',*,*,#2226,.T.);
#3034=ORIENTED_EDGE('',*,*,#2227,.F.);
#3035=ORIENTED_EDGE('',*,*,#2226,.F.);
#3036=ORIENTED_EDGE('',*,*,#2227,.T.);
#3037=ORIENTED_EDGE('',*,*,#2228,.T.);
#3038=ORIENTED_EDGE('',*,*,#2229,.T.);
#3039=ORIENTED_EDGE('',*,*,#2230,.T.);
#3040=ORIENTED_EDGE('',*,*,#2229,.F.);
#3041=ORIENTED_EDGE('',*,*,#2228,.F.);
#3042=ORIENTED_EDGE('',*,*,#2231,.T.);
#3043=ORIENTED_EDGE('',*,*,#2231,.F.);
#3044=ORIENTED_EDGE('',*,*,#2232,.T.);
#3045=ORIENTED_EDGE('',*,*,#2233,.T.);
#3046=ORIENTED_EDGE('',*,*,#2232,.F.);
#3047=ORIENTED_EDGE('',*,*,#2234,.F.);
#3048=ORIENTED_EDGE('',*,*,#2235,.T.);
#3049=ORIENTED_EDGE('',*,*,#2236,.F.);
#3050=ORIENTED_EDGE('',*,*,#2237,.T.);
#3051=ORIENTED_EDGE('',*,*,#2238,.F.);
#3052=ORIENTED_EDGE('',*,*,#2239,.T.);
#3053=ORIENTED_EDGE('',*,*,#2240,.F.);
#3054=ORIENTED_EDGE('',*,*,#2217,.T.);
#3055=ORIENTED_EDGE('',*,*,#2241,.T.);
#3056=ORIENTED_EDGE('',*,*,#2242,.T.);
#3057=ORIENTED_EDGE('',*,*,#2243,.F.);
#3058=ORIENTED_EDGE('',*,*,#2244,.F.);
#3059=ORIENTED_EDGE('',*,*,#2245,.T.);
#3060=ORIENTED_EDGE('',*,*,#2244,.T.);
#3061=ORIENTED_EDGE('',*,*,#2246,.F.);
#3062=ORIENTED_EDGE('',*,*,#2247,.F.);
#3063=ORIENTED_EDGE('',*,*,#2248,.T.);
#3064=ORIENTED_EDGE('',*,*,#2247,.T.);
#3065=ORIENTED_EDGE('',*,*,#2249,.F.);
#3066=ORIENTED_EDGE('',*,*,#2250,.F.);
#3067=ORIENTED_EDGE('',*,*,#2251,.T.);
#3068=ORIENTED_EDGE('',*,*,#2250,.T.);
#3069=ORIENTED_EDGE('',*,*,#2252,.F.);
#3070=ORIENTED_EDGE('',*,*,#2242,.F.);
#3071=ORIENTED_EDGE('',*,*,#2252,.T.);
#3072=ORIENTED_EDGE('',*,*,#2249,.T.);
#3073=ORIENTED_EDGE('',*,*,#2246,.T.);
#3074=ORIENTED_EDGE('',*,*,#2243,.T.);
#3075=ORIENTED_EDGE('',*,*,#2253,.T.);
#3076=ORIENTED_EDGE('',*,*,#2254,.T.);
#3077=ORIENTED_EDGE('',*,*,#2255,.T.);
#3078=ORIENTED_EDGE('',*,*,#2256,.F.);
#3079=ORIENTED_EDGE('',*,*,#2257,.T.);
#3080=ORIENTED_EDGE('',*,*,#2258,.T.);
#3081=ORIENTED_EDGE('',*,*,#2259,.T.);
#3082=ORIENTED_EDGE('',*,*,#2254,.F.);
#3083=ORIENTED_EDGE('',*,*,#2260,.T.);
#3084=ORIENTED_EDGE('',*,*,#2261,.T.);
#3085=ORIENTED_EDGE('',*,*,#2262,.T.);
#3086=ORIENTED_EDGE('',*,*,#2258,.F.);
#3087=ORIENTED_EDGE('',*,*,#2263,.T.);
#3088=ORIENTED_EDGE('',*,*,#2256,.T.);
#3089=ORIENTED_EDGE('',*,*,#2264,.T.);
#3090=ORIENTED_EDGE('',*,*,#2261,.F.);
#3091=ORIENTED_EDGE('',*,*,#2264,.F.);
#3092=ORIENTED_EDGE('',*,*,#2255,.F.);
#3093=ORIENTED_EDGE('',*,*,#2259,.F.);
#3094=ORIENTED_EDGE('',*,*,#2262,.F.);
#3095=ORIENTED_EDGE('',*,*,#2224,.F.);
#3096=ORIENTED_EDGE('',*,*,#2265,.T.);
#3097=ORIENTED_EDGE('',*,*,#2235,.F.);
#3098=ORIENTED_EDGE('',*,*,#2266,.T.);
#3099=ORIENTED_EDGE('',*,*,#2237,.F.);
#3100=ORIENTED_EDGE('',*,*,#2267,.T.);
#3101=ORIENTED_EDGE('',*,*,#2239,.F.);
#3102=ORIENTED_EDGE('',*,*,#2268,.T.);
#3103=ORIENTED_EDGE('',*,*,#2216,.F.);
#3104=ORIENTED_EDGE('',*,*,#2212,.T.);
#3105=ORIENTED_EDGE('',*,*,#2221,.F.);
#3106=ORIENTED_EDGE('',*,*,#2222,.T.);
#3107=ORIENTED_EDGE('',*,*,#2266,.F.);
#3108=ORIENTED_EDGE('',*,*,#2234,.T.);
#3109=ORIENTED_EDGE('',*,*,#2268,.F.);
#3110=ORIENTED_EDGE('',*,*,#2238,.T.);
#3111=ORIENTED_EDGE('',*,*,#2203,.F.);
#3112=ORIENTED_EDGE('',*,*,#2208,.F.);
#3113=ORIENTED_EDGE('',*,*,#2225,.F.);
#3114=ORIENTED_EDGE('',*,*,#2230,.F.);
#3115=ORIENTED_EDGE('',*,*,#2253,.F.);
#3116=ORIENTED_EDGE('',*,*,#2263,.F.);
#3117=ORIENTED_EDGE('',*,*,#2260,.F.);
#3118=ORIENTED_EDGE('',*,*,#2257,.F.);
#3119=ORIENTED_EDGE('',*,*,#2218,.F.);
#3120=ORIENTED_EDGE('',*,*,#2240,.T.);
#3121=ORIENTED_EDGE('',*,*,#2267,.F.);
#3122=ORIENTED_EDGE('',*,*,#2236,.T.);
#3123=ORIENTED_EDGE('',*,*,#2265,.F.);
#3124=ORIENTED_EDGE('',*,*,#2223,.T.);
#3125=ORIENTED_EDGE('',*,*,#2219,.F.);
#3126=ORIENTED_EDGE('',*,*,#2214,.T.);
#3127=ORIENTED_EDGE('',*,*,#2211,.F.);
#3128=ORIENTED_EDGE('',*,*,#2233,.F.);
#3129=ORIENTED_EDGE('',*,*,#2241,.F.);
#3130=ORIENTED_EDGE('',*,*,#2245,.F.);
#3131=ORIENTED_EDGE('',*,*,#2248,.F.);
#3132=ORIENTED_EDGE('',*,*,#2251,.F.);
#3133=ORIENTED_EDGE('',*,*,#2269,.T.);
#3134=ORIENTED_EDGE('',*,*,#2270,.T.);
#3135=ORIENTED_EDGE('',*,*,#2271,.F.);
#3136=ORIENTED_EDGE('',*,*,#2270,.F.);
#3137=ORIENTED_EDGE('',*,*,#2271,.T.);
#3138=ORIENTED_EDGE('',*,*,#2272,.T.);
#3139=ORIENTED_EDGE('',*,*,#2273,.T.);
#3140=ORIENTED_EDGE('',*,*,#2274,.F.);
#3141=ORIENTED_EDGE('',*,*,#2273,.F.);
#3142=ORIENTED_EDGE('',*,*,#2274,.T.);
#3143=ORIENTED_EDGE('',*,*,#2275,.T.);
#3144=ORIENTED_EDGE('',*,*,#2276,.T.);
#3145=ORIENTED_EDGE('',*,*,#2277,.F.);
#3146=ORIENTED_EDGE('',*,*,#2276,.F.);
#3147=ORIENTED_EDGE('',*,*,#2277,.T.);
#3148=ORIENTED_EDGE('',*,*,#2278,.T.);
#3149=ORIENTED_EDGE('',*,*,#2279,.T.);
#3150=ORIENTED_EDGE('',*,*,#2280,.F.);
#3151=ORIENTED_EDGE('',*,*,#2279,.F.);
#3152=ORIENTED_EDGE('',*,*,#2280,.T.);
#3153=ORIENTED_EDGE('',*,*,#2281,.T.);
#3154=ORIENTED_EDGE('',*,*,#2282,.T.);
#3155=ORIENTED_EDGE('',*,*,#2283,.F.);
#3156=ORIENTED_EDGE('',*,*,#2282,.F.);
#3157=ORIENTED_EDGE('',*,*,#2284,.T.);
#3158=ORIENTED_EDGE('',*,*,#2285,.T.);
#3159=ORIENTED_EDGE('',*,*,#2286,.F.);
#3160=ORIENTED_EDGE('',*,*,#2285,.F.);
#3161=ORIENTED_EDGE('',*,*,#2287,.F.);
#3162=ORIENTED_EDGE('',*,*,#2288,.T.);
#3163=ORIENTED_EDGE('',*,*,#2289,.T.);
#3164=ORIENTED_EDGE('',*,*,#2290,.F.);
#3165=ORIENTED_EDGE('',*,*,#2291,.F.);
#3166=ORIENTED_EDGE('',*,*,#2292,.T.);
#3167=ORIENTED_EDGE('',*,*,#2293,.T.);
#3168=ORIENTED_EDGE('',*,*,#2288,.F.);
#3169=ORIENTED_EDGE('',*,*,#2294,.F.);
#3170=ORIENTED_EDGE('',*,*,#2295,.T.);
#3171=ORIENTED_EDGE('',*,*,#2296,.T.);
#3172=ORIENTED_EDGE('',*,*,#2292,.F.);
#3173=ORIENTED_EDGE('',*,*,#2269,.F.);
#3174=ORIENTED_EDGE('',*,*,#2272,.F.);
#3175=ORIENTED_EDGE('',*,*,#2275,.F.);
#3176=ORIENTED_EDGE('',*,*,#2278,.F.);
#3177=ORIENTED_EDGE('',*,*,#2297,.F.);
#3178=ORIENTED_EDGE('',*,*,#2290,.T.);
#3179=ORIENTED_EDGE('',*,*,#2298,.T.);
#3180=ORIENTED_EDGE('',*,*,#2295,.F.);
#3181=ORIENTED_EDGE('',*,*,#2298,.F.);
#3182=ORIENTED_EDGE('',*,*,#2289,.F.);
#3183=ORIENTED_EDGE('',*,*,#2293,.F.);
#3184=ORIENTED_EDGE('',*,*,#2296,.F.);
#3185=ORIENTED_EDGE('',*,*,#2284,.F.);
#3186=ORIENTED_EDGE('',*,*,#2281,.F.);
#3187=ORIENTED_EDGE('',*,*,#2297,.T.);
#3188=ORIENTED_EDGE('',*,*,#2294,.T.);
#3189=ORIENTED_EDGE('',*,*,#2291,.T.);
#3190=ORIENTED_EDGE('',*,*,#2287,.T.);
#3191=ORIENTED_EDGE('',*,*,#2286,.T.);
#3192=ORIENTED_EDGE('',*,*,#2283,.T.);
#3193=CYLINDRICAL_SURFACE('',#3512,3.4);
#3194=CYLINDRICAL_SURFACE('',#3516,4.75);
#3195=CYLINDRICAL_SURFACE('',#3521,3.);
#3196=CYLINDRICAL_SURFACE('',#3523,7.5);
#3197=CYLINDRICAL_SURFACE('',#3528,7.5);
#3198=CYLINDRICAL_SURFACE('',#3531,3.4);
#3199=CYLINDRICAL_SURFACE('',#3535,4.75);
#3200=CYLINDRICAL_SURFACE('',#3540,3.);
#3201=CYLINDRICAL_SURFACE('',#3542,7.5);
#3202=CYLINDRICAL_SURFACE('',#3545,7.5);
#3203=CYLINDRICAL_SURFACE('',#3562,3.00000000000001);
#3204=CYLINDRICAL_SURFACE('',#3566,3.00000000000001);
#3205=CYLINDRICAL_SURFACE('',#3570,3.00000000000001);
#3206=CYLINDRICAL_SURFACE('',#3574,3.00000000000001);
#3207=CYLINDRICAL_SURFACE('',#3578,8.00000000000001);
#3208=CYLINDRICAL_SURFACE('',#3581,8.00000000000001);
#3209=CYLINDRICAL_SURFACE('',#3600,8.00000000000001);
#3210=CYLINDRICAL_SURFACE('',#3602,8.00000000000001);
#3211=CYLINDRICAL_SURFACE('',#3618,8.00000000000001);
#3212=CYLINDRICAL_SURFACE('',#3620,8.00000000000001);
#3213=CYLINDRICAL_SURFACE('',#3666,8.00000000000004);
#3214=CYLINDRICAL_SURFACE('',#3668,7.99999999999997);
#3215=CYLINDRICAL_SURFACE('',#3685,22.5);
#3216=CYLINDRICAL_SURFACE('',#3689,10.);
#3217=CYLINDRICAL_SURFACE('',#3692,10.);
#3218=CYLINDRICAL_SURFACE('',#3698,7.99999999999997);
#3219=CYLINDRICAL_SURFACE('',#3700,8.00000000000004);
#3220=CYLINDRICAL_SURFACE('',#3723,3.4);
#3221=CYLINDRICAL_SURFACE('',#3727,4.75);
#3222=CYLINDRICAL_SURFACE('',#3732,3.);
#3223=CYLINDRICAL_SURFACE('',#3734,7.5);
#3224=CYLINDRICAL_SURFACE('',#3739,7.5);
#3225=CYLINDRICAL_SURFACE('',#3742,3.4);
#3226=CYLINDRICAL_SURFACE('',#3746,4.75);
#3227=CYLINDRICAL_SURFACE('',#3751,3.);
#3228=CYLINDRICAL_SURFACE('',#3753,7.5);
#3229=CYLINDRICAL_SURFACE('',#3756,7.5);
#3230=CYLINDRICAL_SURFACE('',#3773,3.00000000000001);
#3231=CYLINDRICAL_SURFACE('',#3777,3.00000000000001);
#3232=CYLINDRICAL_SURFACE('',#3781,3.00000000000001);
#3233=CYLINDRICAL_SURFACE('',#3785,3.00000000000001);
#3234=CYLINDRICAL_SURFACE('',#3789,8.00000000000001);
#3235=CYLINDRICAL_SURFACE('',#3792,8.00000000000001);
#3236=ADVANCED_FACE('',(#293),#3193,.F.);
#3237=ADVANCED_FACE('',(#294),#140,.T.);
#3238=ADVANCED_FACE('',(#295),#3194,.F.);
#3239=ADVANCED_FACE('',(#296,#79),#141,.T.);
#3240=ADVANCED_FACE('',(#297),#3195,.F.);
#3241=ADVANCED_FACE('',(#298),#3196,.T.);
#3242=ADVANCED_FACE('',(#299),#142,.T.);
#3243=ADVANCED_FACE('',(#300),#143,.T.);
#3244=ADVANCED_FACE('',(#301),#3197,.T.);
#3245=ADVANCED_FACE('',(#302),#3198,.F.);
#3246=ADVANCED_FACE('',(#303),#144,.T.);
#3247=ADVANCED_FACE('',(#304),#3199,.F.);
#3248=ADVANCED_FACE('',(#305,#80),#145,.T.);
#3249=ADVANCED_FACE('',(#306),#3200,.F.);
#3250=ADVANCED_FACE('',(#307),#3201,.T.);
#3251=ADVANCED_FACE('',(#308),#3202,.T.);
#3252=ADVANCED_FACE('',(#309),#146,.F.);
#3253=ADVANCED_FACE('',(#310),#147,.F.);
#3254=ADVANCED_FACE('',(#311),#148,.F.);
#3255=ADVANCED_FACE('',(#312),#149,.F.);
#3256=ADVANCED_FACE('',(#313),#150,.F.);
#3257=ADVANCED_FACE('',(#314),#151,.T.);
#3258=ADVANCED_FACE('',(#315),#152,.T.);
#3259=ADVANCED_FACE('',(#316),#153,.T.);
#3260=ADVANCED_FACE('',(#317),#154,.T.);
#3261=ADVANCED_FACE('',(#318),#155,.T.);
#3262=ADVANCED_FACE('',(#319),#156,.T.);
#3263=ADVANCED_FACE('',(#320),#157,.T.);
#3264=ADVANCED_FACE('',(#321,#81,#82,#83,#84,#85),#158,.T.);
#3265=ADVANCED_FACE('',(#322,#86,#87,#88),#159,.F.);
#3266=ADVANCED_FACE('',(#323),#3203,.F.);
#3267=ADVANCED_FACE('',(#324),#160,.T.);
#3268=ADVANCED_FACE('',(#325),#3204,.F.);
#3269=ADVANCED_FACE('',(#326),#161,.T.);
#3270=ADVANCED_FACE('',(#327),#3205,.F.);
#3271=ADVANCED_FACE('',(#328),#162,.T.);
#3272=ADVANCED_FACE('',(#329),#3206,.F.);
#3273=ADVANCED_FACE('',(#330),#163,.T.);
#3274=ADVANCED_FACE('',(#331),#3207,.F.);
#3275=ADVANCED_FACE('',(#332),#3208,.F.);
#3276=ADVANCED_FACE('',(#333),#164,.T.);
#3277=ADVANCED_FACE('',(#334),#165,.T.);
#3278=ADVANCED_FACE('',(#335,#89,#90,#91,#92),#166,.T.);
#3279=ADVANCED_FACE('',(#336),#167,.T.);
#3280=ADVANCED_FACE('',(#337,#93,#94),#168,.T.);
#3281=ADVANCED_FACE('',(#338,#95,#96),#169,.F.);
#3282=ADVANCED_FACE('',(#339),#170,.F.);
#3283=ADVANCED_FACE('',(#340),#171,.F.);
#3284=ADVANCED_FACE('',(#341),#172,.F.);
#3285=ADVANCED_FACE('',(#342),#173,.F.);
#3286=ADVANCED_FACE('',(#343,#97,#98),#174,.F.);
#3287=ADVANCED_FACE('',(#344),#175,.T.);
#3288=ADVANCED_FACE('',(#345),#3209,.T.);
#3289=ADVANCED_FACE('',(#346),#3210,.T.);
#3290=ADVANCED_FACE('',(#347),#176,.T.);
#3291=ADVANCED_FACE('',(#348),#177,.T.);
#3292=ADVANCED_FACE('',(#349),#178,.T.);
#3293=ADVANCED_FACE('',(#350),#179,.T.);
#3294=ADVANCED_FACE('',(#351,#99,#100),#180,.T.);
#3295=ADVANCED_FACE('',(#352),#181,.F.);
#3296=ADVANCED_FACE('',(#353),#182,.T.);
#3297=ADVANCED_FACE('',(#354),#183,.T.);
#3298=ADVANCED_FACE('',(#355),#184,.T.);
#3299=ADVANCED_FACE('',(#356),#185,.T.);
#3300=ADVANCED_FACE('',(#357,#101,#102),#186,.T.);
#3301=ADVANCED_FACE('',(#358),#187,.F.);
#3302=ADVANCED_FACE('',(#359),#3211,.T.);
#3303=ADVANCED_FACE('',(#360),#3212,.T.);
#3304=ADVANCED_FACE('',(#361),#188,.F.);
#3305=ADVANCED_FACE('',(#362),#189,.F.);
#3306=ADVANCED_FACE('',(#363),#190,.F.);
#3307=ADVANCED_FACE('',(#364),#191,.F.);
#3308=ADVANCED_FACE('',(#365,#103,#104),#192,.F.);
#3309=ADVANCED_FACE('',(#366),#193,.T.);
#3310=ADVANCED_FACE('',(#367,#105),#194,.T.);
#3311=ADVANCED_FACE('',(#368),#195,.T.);
#3312=ADVANCED_FACE('',(#369),#196,.T.);
#3313=ADVANCED_FACE('',(#370),#197,.T.);
#3314=ADVANCED_FACE('',(#371),#198,.T.);
#3315=ADVANCED_FACE('',(#372),#199,.T.);
#3316=ADVANCED_FACE('',(#373),#200,.T.);
#3317=ADVANCED_FACE('',(#374),#201,.T.);
#3318=ADVANCED_FACE('',(#375),#202,.T.);
#3319=ADVANCED_FACE('',(#376,#106),#203,.T.);
#3320=ADVANCED_FACE('',(#377,#107),#204,.T.);
#3321=ADVANCED_FACE('',(#378),#205,.T.);
#3322=ADVANCED_FACE('',(#379),#206,.T.);
#3323=ADVANCED_FACE('',(#380),#207,.T.);
#3324=ADVANCED_FACE('',(#381),#208,.T.);
#3325=ADVANCED_FACE('',(#382),#209,.T.);
#3326=ADVANCED_FACE('',(#383),#210,.T.);
#3327=ADVANCED_FACE('',(#384),#211,.T.);
#3328=ADVANCED_FACE('',(#385),#212,.T.);
#3329=ADVANCED_FACE('',(#386,#108),#213,.T.);
#3330=ADVANCED_FACE('',(#387),#214,.F.);
#3331=ADVANCED_FACE('',(#388),#215,.F.);
#3332=ADVANCED_FACE('',(#389),#216,.F.);
#3333=ADVANCED_FACE('',(#390),#217,.F.);
#3334=ADVANCED_FACE('',(#391),#218,.F.);
#3335=ADVANCED_FACE('',(#392),#219,.F.);
#3336=ADVANCED_FACE('',(#393),#220,.F.);
#3337=ADVANCED_FACE('',(#394),#221,.F.);
#3338=ADVANCED_FACE('',(#395),#222,.F.);
#3339=ADVANCED_FACE('',(#396),#223,.F.);
#3340=ADVANCED_FACE('',(#397),#224,.F.);
#3341=ADVANCED_FACE('',(#398),#225,.F.);
#3342=ADVANCED_FACE('',(#399,#109,#110),#226,.F.);
#3343=ADVANCED_FACE('',(#400),#227,.F.);
#3344=ADVANCED_FACE('',(#401),#3213,.T.);
#3345=ADVANCED_FACE('',(#402),#3214,.T.);
#3346=ADVANCED_FACE('',(#403),#228,.T.);
#3347=ADVANCED_FACE('',(#404),#229,.T.);
#3348=ADVANCED_FACE('',(#405),#230,.T.);
#3349=ADVANCED_FACE('',(#406),#231,.T.);
#3350=ADVANCED_FACE('',(#407),#232,.T.);
#3351=ADVANCED_FACE('',(#408),#233,.T.);
#3352=ADVANCED_FACE('',(#409),#234,.T.);
#3353=ADVANCED_FACE('',(#410),#235,.T.);
#3354=ADVANCED_FACE('',(#411),#236,.T.);
#3355=ADVANCED_FACE('',(#412),#237,.T.);
#3356=ADVANCED_FACE('',(#413),#238,.T.);
#3357=ADVANCED_FACE('',(#414),#239,.T.);
#3358=ADVANCED_FACE('',(#415,#111,#112),#240,.T.);
#3359=ADVANCED_FACE('',(#416),#241,.T.);
#3360=ADVANCED_FACE('',(#417),#3215,.T.);
#3361=ADVANCED_FACE('',(#418),#242,.T.);
#3362=ADVANCED_FACE('',(#419),#3216,.T.);
#3363=ADVANCED_FACE('',(#420),#3217,.T.);
#3364=ADVANCED_FACE('',(#421,#113,#114),#243,.F.);
#3365=ADVANCED_FACE('',(#422),#3218,.F.);
#3366=ADVANCED_FACE('',(#423),#3219,.F.);
#3367=ADVANCED_FACE('',(#424),#244,.T.);
#3368=ADVANCED_FACE('',(#425),#245,.T.);
#3369=ADVANCED_FACE('',(#426),#246,.T.);
#3370=ADVANCED_FACE('',(#427),#247,.T.);
#3371=ADVANCED_FACE('',(#428),#248,.T.);
#3372=ADVANCED_FACE('',(#429),#249,.T.);
#3373=ADVANCED_FACE('',(#430),#250,.T.);
#3374=ADVANCED_FACE('',(#431),#251,.T.);
#3375=ADVANCED_FACE('',(#432),#252,.T.);
#3376=ADVANCED_FACE('',(#433),#253,.T.);
#3377=ADVANCED_FACE('',(#434),#254,.T.);
#3378=ADVANCED_FACE('',(#435,#115,#116),#255,.T.);
#3379=ADVANCED_FACE('',(#436),#256,.T.);
#3380=ADVANCED_FACE('',(#437,#117,#118),#257,.T.);
#3381=ADVANCED_FACE('',(#438),#258,.T.);
#3382=ADVANCED_FACE('',(#439,#119),#259,.T.);
#3383=ADVANCED_FACE('',(#440),#260,.T.);
#3384=ADVANCED_FACE('',(#441),#261,.T.);
#3385=ADVANCED_FACE('',(#442,#120,#121),#262,.T.);
#3386=ADVANCED_FACE('',(#443),#3220,.F.);
#3387=ADVANCED_FACE('',(#444),#263,.F.);
#3388=ADVANCED_FACE('',(#445),#3221,.F.);
#3389=ADVANCED_FACE('',(#446,#122),#264,.F.);
#3390=ADVANCED_FACE('',(#447),#3222,.F.);
#3391=ADVANCED_FACE('',(#448),#3223,.T.);
#3392=ADVANCED_FACE('',(#449),#265,.F.);
#3393=ADVANCED_FACE('',(#450),#266,.F.);
#3394=ADVANCED_FACE('',(#451),#3224,.T.);
#3395=ADVANCED_FACE('',(#452),#3225,.F.);
#3396=ADVANCED_FACE('',(#453),#267,.F.);
#3397=ADVANCED_FACE('',(#454),#3226,.F.);
#3398=ADVANCED_FACE('',(#455,#123),#268,.F.);
#3399=ADVANCED_FACE('',(#456),#3227,.F.);
#3400=ADVANCED_FACE('',(#457),#3228,.T.);
#3401=ADVANCED_FACE('',(#458),#3229,.T.);
#3402=ADVANCED_FACE('',(#459),#269,.T.);
#3403=ADVANCED_FACE('',(#460),#270,.T.);
#3404=ADVANCED_FACE('',(#461),#271,.T.);
#3405=ADVANCED_FACE('',(#462),#272,.T.);
#3406=ADVANCED_FACE('',(#463),#273,.T.);
#3407=ADVANCED_FACE('',(#464),#274,.F.);
#3408=ADVANCED_FACE('',(#465),#275,.F.);
#3409=ADVANCED_FACE('',(#466),#276,.F.);
#3410=ADVANCED_FACE('',(#467),#277,.F.);
#3411=ADVANCED_FACE('',(#468),#278,.F.);
#3412=ADVANCED_FACE('',(#469),#279,.F.);
#3413=ADVANCED_FACE('',(#470),#280,.F.);
#3414=ADVANCED_FACE('',(#471,#124,#125,#126,#127,#128),#281,.F.);
#3415=ADVANCED_FACE('',(#472,#129,#130,#131),#282,.T.);
#3416=ADVANCED_FACE('',(#473),#3230,.F.);
#3417=ADVANCED_FACE('',(#474),#283,.F.);
#3418=ADVANCED_FACE('',(#475),#3231,.F.);
#3419=ADVANCED_FACE('',(#476),#284,.F.);
#3420=ADVANCED_FACE('',(#477),#3232,.F.);
#3421=ADVANCED_FACE('',(#478),#285,.F.);
#3422=ADVANCED_FACE('',(#479),#3233,.F.);
#3423=ADVANCED_FACE('',(#480),#286,.F.);
#3424=ADVANCED_FACE('',(#481),#3234,.F.);
#3425=ADVANCED_FACE('',(#482),#3235,.F.);
#3426=ADVANCED_FACE('',(#483),#287,.F.);
#3427=ADVANCED_FACE('',(#484),#288,.F.);
#3428=ADVANCED_FACE('',(#485,#132,#133,#134,#135),#289,.F.);
#3429=ADVANCED_FACE('',(#486),#290,.F.);
#3430=ADVANCED_FACE('',(#487,#136,#137),#291,.F.);
#3431=ADVANCED_FACE('',(#488,#138,#139),#292,.T.);
#3432=CLOSED_SHELL('',(#3236,#3237,#3238,#3239,#3240,#3241,#3242,#3243,
#3244,#3245,#3246,#3247,#3248,#3249,#3250,#3251,#3252,#3253,#3254,#3255,
#3256,#3257,#3258,#3259,#3260,#3261,#3262,#3263,#3264,#3265));
#3433=CLOSED_SHELL('',(#3266,#3267,#3268,#3269,#3270,#3271,#3272,#3273,
#3274,#3275,#3276,#3277,#3278,#3279,#3280,#3281));
#3434=CLOSED_SHELL('',(#3282,#3283,#3284,#3285,#3286,#3287,#3288,#3289,
#3290,#3291,#3292,#3293,#3294,#3295));
#3435=CLOSED_SHELL('',(#3296,#3297,#3298,#3299,#3300,#3301,#3302,#3303,
#3304,#3305,#3306,#3307,#3308,#3309));
#3436=CLOSED_SHELL('',(#3310,#3311,#3312,#3313,#3314,#3315,#3316,#3317,
#3318,#3319));
#3437=CLOSED_SHELL('',(#3320,#3321,#3322,#3323,#3324,#3325,#3326,#3327,
#3328,#3329));
#3438=CLOSED_SHELL('',(#3330,#3331,#3332,#3333,#3334,#3335,#3336,#3337,
#3338,#3339,#3340,#3341,#3342,#3343,#3344,#3345,#3346,#3347,#3348,#3349,
#3350,#3351,#3352,#3353,#3354,#3355,#3356,#3357,#3358,#3359));
#3439=CLOSED_SHELL('',(#3360,#3361,#3362,#3363,#3364,#3365,#3366,#3367,
#3368,#3369,#3370,#3371,#3372,#3373,#3374,#3375,#3376,#3377,#3378,#3379,
#3380,#3381,#3382,#3383,#3384,#3385));
#3440=CLOSED_SHELL('',(#3386,#3387,#3388,#3389,#3390,#3391,#3392,#3393,
#3394,#3395,#3396,#3397,#3398,#3399,#3400,#3401,#3402,#3403,#3404,#3405,
#3406,#3407,#3408,#3409,#3410,#3411,#3412,#3413,#3414,#3415));
#3441=CLOSED_SHELL('',(#3416,#3417,#3418,#3419,#3420,#3421,#3422,#3423,
#3424,#3425,#3426,#3427,#3428,#3429,#3430,#3431));
#3442=DERIVED_UNIT_ELEMENT(#3454,1.);
#3443=DERIVED_UNIT_ELEMENT(#5746,-3.);
#3444=DERIVED_UNIT_ELEMENT(#3454,1.);
#3445=DERIVED_UNIT_ELEMENT(#5746,-3.);
#3446=DERIVED_UNIT_ELEMENT(#3454,1.);
#3447=DERIVED_UNIT_ELEMENT(#5746,-3.);
#3448=DERIVED_UNIT_ELEMENT(#3454,1.);
#3449=DERIVED_UNIT_ELEMENT(#5746,-3.);
#3450=DERIVED_UNIT_ELEMENT(#3454,1.);
#3451=DERIVED_UNIT_ELEMENT(#5746,-3.);
#3452=DERIVED_UNIT_ELEMENT(#3454,1.);
#3453=DERIVED_UNIT_ELEMENT(#5746,-3.);
#3454=(
MASS_UNIT()
NAMED_UNIT(*)
SI_UNIT(.KILO.,.GRAM.)
);
#3455=DERIVED_UNIT((#3442,#3443));
#3456=DERIVED_UNIT((#3444,#3445));
#3457=DERIVED_UNIT((#3446,#3447));
#3458=DERIVED_UNIT((#3448,#3449));
#3459=DERIVED_UNIT((#3450,#3451));
#3460=DERIVED_UNIT((#3452,#3453));
#3461=MEASURE_REPRESENTATION_ITEM('density measure',
POSITIVE_RATIO_MEASURE(7850.),#3455);
#3462=MEASURE_REPRESENTATION_ITEM('density measure',
POSITIVE_RATIO_MEASURE(7850.),#3456);
#3463=MEASURE_REPRESENTATION_ITEM('density measure',
POSITIVE_RATIO_MEASURE(7850.),#3457);
#3464=MEASURE_REPRESENTATION_ITEM('density measure',
POSITIVE_RATIO_MEASURE(7850.),#3458);
#3465=MEASURE_REPRESENTATION_ITEM('density measure',
POSITIVE_RATIO_MEASURE(7850.),#3459);
#3466=MEASURE_REPRESENTATION_ITEM('density measure',
POSITIVE_RATIO_MEASURE(7850.),#3460);
#3467=PROPERTY_DEFINITION_REPRESENTATION(#3497,#3479);
#3468=PROPERTY_DEFINITION_REPRESENTATION(#3498,#3480);
#3469=PROPERTY_DEFINITION_REPRESENTATION(#3499,#3481);
#3470=PROPERTY_DEFINITION_REPRESENTATION(#3500,#3482);
#3471=PROPERTY_DEFINITION_REPRESENTATION(#3501,#3483);
#3472=PROPERTY_DEFINITION_REPRESENTATION(#3502,#3484);
#3473=PROPERTY_DEFINITION_REPRESENTATION(#3503,#3485);
#3474=PROPERTY_DEFINITION_REPRESENTATION(#3504,#3486);
#3475=PROPERTY_DEFINITION_REPRESENTATION(#3505,#3487);
#3476=PROPERTY_DEFINITION_REPRESENTATION(#3506,#3488);
#3477=PROPERTY_DEFINITION_REPRESENTATION(#3507,#3489);
#3478=PROPERTY_DEFINITION_REPRESENTATION(#3508,#3490);
#3479=REPRESENTATION('material name',(#3491),#5737);
#3480=REPRESENTATION('density',(#3461),#5737);
#3481=REPRESENTATION('material name',(#3492),#5738);
#3482=REPRESENTATION('density',(#3462),#5738);
#3483=REPRESENTATION('material name',(#3493),#5739);
#3484=REPRESENTATION('density',(#3463),#5739);
#3485=REPRESENTATION('material name',(#3494),#5740);
#3486=REPRESENTATION('density',(#3464),#5740);
#3487=REPRESENTATION('material name',(#3495),#5741);
#3488=REPRESENTATION('density',(#3465),#5741);
#3489=REPRESENTATION('material name',(#3496),#5743);
#3490=REPRESENTATION('density',(#3466),#5743);
#3491=DESCRIPTIVE_REPRESENTATION_ITEM('Steel','Steel');
#3492=DESCRIPTIVE_REPRESENTATION_ITEM('Steel','Steel');
#3493=DESCRIPTIVE_REPRESENTATION_ITEM('Steel','Steel');
#3494=DESCRIPTIVE_REPRESENTATION_ITEM('Steel','Steel');
#3495=DESCRIPTIVE_REPRESENTATION_ITEM('Steel','Steel');
#3496=DESCRIPTIVE_REPRESENTATION_ITEM('Steel','Steel');
#3497=PROPERTY_DEFINITION('material property','material name',#5787);
#3498=PROPERTY_DEFINITION('material property','density of part',#5787);
#3499=PROPERTY_DEFINITION('material property','material name',#5788);
#3500=PROPERTY_DEFINITION('material property','density of part',#5788);
#3501=PROPERTY_DEFINITION('material property','material name',#5789);
#3502=PROPERTY_DEFINITION('material property','density of part',#5789);
#3503=PROPERTY_DEFINITION('material property','material name',#5790);
#3504=PROPERTY_DEFINITION('material property','density of part',#5790);
#3505=PROPERTY_DEFINITION('material property','material name',#5791);
#3506=PROPERTY_DEFINITION('material property','density of part',#5791);
#3507=PROPERTY_DEFINITION('material property','material name',#5793);
#3508=PROPERTY_DEFINITION('material property','density of part',#5793);
#3509=AXIS2_PLACEMENT_3D('',#4767,#3808,#3809);
#3510=AXIS2_PLACEMENT_3D('',#4768,#3810,#3811);
#3511=AXIS2_PLACEMENT_3D('',#4769,#3812,#3813);
#3512=AXIS2_PLACEMENT_3D('',#4770,#3814,#3815);
#3513=AXIS2_PLACEMENT_3D('',#4772,#3816,#3817);
#3514=AXIS2_PLACEMENT_3D('',#4775,#3819,#3820);
#3515=AXIS2_PLACEMENT_3D('',#4776,#3821,#3822);
#3516=AXIS2_PLACEMENT_3D('',#4777,#3823,#3824);
#3517=AXIS2_PLACEMENT_3D('',#4779,#3825,#3826);
#3518=AXIS2_PLACEMENT_3D('',#4782,#3828,#3829);
#3519=AXIS2_PLACEMENT_3D('',#4783,#3830,#3831);
#3520=AXIS2_PLACEMENT_3D('',#4785,#3832,#3833);
#3521=AXIS2_PLACEMENT_3D('',#4786,#3834,#3835);
#3522=AXIS2_PLACEMENT_3D('',#4789,#3837,#3838);
#3523=AXIS2_PLACEMENT_3D('',#4790,#3839,#3840);
#3524=AXIS2_PLACEMENT_3D('',#4793,#3841,#3842);
#3525=AXIS2_PLACEMENT_3D('',#4797,#3844,#3845);
#3526=AXIS2_PLACEMENT_3D('',#4799,#3847,#3848);
#3527=AXIS2_PLACEMENT_3D('',#4805,#3852,#3853);
#3528=AXIS2_PLACEMENT_3D('',#4811,#3857,#3858);
#3529=AXIS2_PLACEMENT_3D('',#4813,#3859,#3860);
#3530=AXIS2_PLACEMENT_3D('',#4816,#3862,#3863);
#3531=AXIS2_PLACEMENT_3D('',#4817,#3864,#3865);
#3532=AXIS2_PLACEMENT_3D('',#4819,#3866,#3867);
#3533=AXIS2_PLACEMENT_3D('',#4822,#3869,#3870);
#3534=AXIS2_PLACEMENT_3D('',#4823,#3871,#3872);
#3535=AXIS2_PLACEMENT_3D('',#4824,#3873,#3874);
#3536=AXIS2_PLACEMENT_3D('',#4826,#3875,#3876);
#3537=AXIS2_PLACEMENT_3D('',#4829,#3878,#3879);
#3538=AXIS2_PLACEMENT_3D('',#4830,#3880,#3881);
#3539=AXIS2_PLACEMENT_3D('',#4832,#3882,#3883);
#3540=AXIS2_PLACEMENT_3D('',#4833,#3884,#3885);
#3541=AXIS2_PLACEMENT_3D('',#4836,#3887,#3888);
#3542=AXIS2_PLACEMENT_3D('',#4837,#3889,#3890);
#3543=AXIS2_PLACEMENT_3D('',#4840,#3891,#3892);
#3544=AXIS2_PLACEMENT_3D('',#4844,#3894,#3895);
#3545=AXIS2_PLACEMENT_3D('',#4846,#3897,#3898);
#3546=AXIS2_PLACEMENT_3D('',#4848,#3899,#3900);
#3547=AXIS2_PLACEMENT_3D('',#4850,#3901,#3902);
#3548=AXIS2_PLACEMENT_3D('',#4852,#3904,#3905);
#3549=AXIS2_PLACEMENT_3D('',#4861,#3910,#3911);
#3550=AXIS2_PLACEMENT_3D('',#4867,#3915,#3916);
#3551=AXIS2_PLACEMENT_3D('',#4873,#3920,#3921);
#3552=AXIS2_PLACEMENT_3D('',#4876,#3924,#3925);
#3553=AXIS2_PLACEMENT_3D('',#4877,#3926,#3927);
#3554=AXIS2_PLACEMENT_3D('',#4886,#3932,#3933);
#3555=AXIS2_PLACEMENT_3D('',#4892,#3937,#3938);
#3556=AXIS2_PLACEMENT_3D('',#4898,#3942,#3943);
#3557=AXIS2_PLACEMENT_3D('',#4901,#3946,#3947);
#3558=AXIS2_PLACEMENT_3D('',#4902,#3948,#3949);
#3559=AXIS2_PLACEMENT_3D('',#4905,#3952,#3953);
#3560=AXIS2_PLACEMENT_3D('',#4908,#3956,#3957);
#3561=AXIS2_PLACEMENT_3D('',#4909,#3958,#3959);
#3562=AXIS2_PLACEMENT_3D('',#4910,#3960,#3961);
#3563=AXIS2_PLACEMENT_3D('',#4912,#3962,#3963);
#3564=AXIS2_PLACEMENT_3D('',#4915,#3965,#3966);
#3565=AXIS2_PLACEMENT_3D('',#4916,#3967,#3968);
#3566=AXIS2_PLACEMENT_3D('',#4917,#3969,#3970);
#3567=AXIS2_PLACEMENT_3D('',#4919,#3971,#3972);
#3568=AXIS2_PLACEMENT_3D('',#4922,#3974,#3975);
#3569=AXIS2_PLACEMENT_3D('',#4923,#3976,#3977);
#3570=AXIS2_PLACEMENT_3D('',#4924,#3978,#3979);
#3571=AXIS2_PLACEMENT_3D('',#4926,#3980,#3981);
#3572=AXIS2_PLACEMENT_3D('',#4929,#3983,#3984);
#3573=AXIS2_PLACEMENT_3D('',#4930,#3985,#3986);
#3574=AXIS2_PLACEMENT_3D('',#4931,#3987,#3988);
#3575=AXIS2_PLACEMENT_3D('',#4933,#3989,#3990);
#3576=AXIS2_PLACEMENT_3D('',#4936,#3992,#3993);
#3577=AXIS2_PLACEMENT_3D('',#4937,#3994,#3995);
#3578=AXIS2_PLACEMENT_3D('',#4938,#3996,#3997);
#3579=AXIS2_PLACEMENT_3D('',#4940,#3998,#3999);
#3580=AXIS2_PLACEMENT_3D('',#4943,#4001,#4002);
#3581=AXIS2_PLACEMENT_3D('',#4944,#4003,#4004);
#3582=AXIS2_PLACEMENT_3D('',#4946,#4005,#4006);
#3583=AXIS2_PLACEMENT_3D('',#4949,#4008,#4009);
#3584=AXIS2_PLACEMENT_3D('',#4950,#4010,#4011);
#3585=AXIS2_PLACEMENT_3D('',#4959,#4016,#4017);
#3586=AXIS2_PLACEMENT_3D('',#4965,#4021,#4022);
#3587=AXIS2_PLACEMENT_3D('',#4971,#4026,#4027);
#3588=AXIS2_PLACEMENT_3D('',#4974,#4030,#4031);
#3589=AXIS2_PLACEMENT_3D('',#4975,#4032,#4033);
#3590=AXIS2_PLACEMENT_3D('',#4976,#4034,#4035);
#3591=AXIS2_PLACEMENT_3D('',#4977,#4036,#4037);
#3592=AXIS2_PLACEMENT_3D('',#4978,#4038,#4039);
#3593=AXIS2_PLACEMENT_3D('',#4987,#4044,#4045);
#3594=AXIS2_PLACEMENT_3D('',#4993,#4049,#4050);
#3595=AXIS2_PLACEMENT_3D('',#4999,#4054,#4055);
#3596=AXIS2_PLACEMENT_3D('',#5002,#4058,#4059);
#3597=AXIS2_PLACEMENT_3D('',#5004,#4060,#4061);
#3598=AXIS2_PLACEMENT_3D('',#5006,#4062,#4063);
#3599=AXIS2_PLACEMENT_3D('',#5007,#4064,#4065);
#3600=AXIS2_PLACEMENT_3D('',#5008,#4066,#4067);
#3601=AXIS2_PLACEMENT_3D('',#5011,#4069,#4070);
#3602=AXIS2_PLACEMENT_3D('',#5012,#4071,#4072);
#3603=AXIS2_PLACEMENT_3D('',#5015,#4074,#4075);
#3604=AXIS2_PLACEMENT_3D('',#5016,#4076,#4077);
#3605=AXIS2_PLACEMENT_3D('',#5025,#4082,#4083);
#3606=AXIS2_PLACEMENT_3D('',#5031,#4087,#4088);
#3607=AXIS2_PLACEMENT_3D('',#5037,#4092,#4093);
#3608=AXIS2_PLACEMENT_3D('',#5040,#4096,#4097);
#3609=AXIS2_PLACEMENT_3D('',#5041,#4098,#4099);
#3610=AXIS2_PLACEMENT_3D('',#5042,#4100,#4101);
#3611=AXIS2_PLACEMENT_3D('',#5051,#4106,#4107);
#3612=AXIS2_PLACEMENT_3D('',#5057,#4111,#4112);
#3613=AXIS2_PLACEMENT_3D('',#5063,#4116,#4117);
#3614=AXIS2_PLACEMENT_3D('',#5066,#4120,#4121);
#3615=AXIS2_PLACEMENT_3D('',#5068,#4122,#4123);
#3616=AXIS2_PLACEMENT_3D('',#5070,#4124,#4125);
#3617=AXIS2_PLACEMENT_3D('',#5071,#4126,#4127);
#3618=AXIS2_PLACEMENT_3D('',#5072,#4128,#4129);
#3619=AXIS2_PLACEMENT_3D('',#5075,#4131,#4132);
#3620=AXIS2_PLACEMENT_3D('',#5076,#4133,#4134);
#3621=AXIS2_PLACEMENT_3D('',#5079,#4136,#4137);
#3622=AXIS2_PLACEMENT_3D('',#5080,#4138,#4139);
#3623=AXIS2_PLACEMENT_3D('',#5089,#4144,#4145);
#3624=AXIS2_PLACEMENT_3D('',#5095,#4149,#4150);
#3625=AXIS2_PLACEMENT_3D('',#5101,#4154,#4155);
#3626=AXIS2_PLACEMENT_3D('',#5104,#4158,#4159);
#3627=AXIS2_PLACEMENT_3D('',#5105,#4160,#4161);
#3628=AXIS2_PLACEMENT_3D('',#5106,#4162,#4163);
#3629=AXIS2_PLACEMENT_3D('',#5107,#4164,#4165);
#3630=AXIS2_PLACEMENT_3D('',#5124,#4174,#4175);
#3631=AXIS2_PLACEMENT_3D('',#5130,#4179,#4180);
#3632=AXIS2_PLACEMENT_3D('',#5134,#4183,#4184);
#3633=AXIS2_PLACEMENT_3D('',#5140,#4188,#4189);
#3634=AXIS2_PLACEMENT_3D('',#5144,#4192,#4193);
#3635=AXIS2_PLACEMENT_3D('',#5148,#4196,#4197);
#3636=AXIS2_PLACEMENT_3D('',#5150,#4199,#4200);
#3637=AXIS2_PLACEMENT_3D('',#5154,#4203,#4204);
#3638=AXIS2_PLACEMENT_3D('',#5156,#4206,#4207);
#3639=AXIS2_PLACEMENT_3D('',#5157,#4208,#4209);
#3640=AXIS2_PLACEMENT_3D('',#5174,#4218,#4219);
#3641=AXIS2_PLACEMENT_3D('',#5180,#4223,#4224);
#3642=AXIS2_PLACEMENT_3D('',#5184,#4227,#4228);
#3643=AXIS2_PLACEMENT_3D('',#5190,#4232,#4233);
#3644=AXIS2_PLACEMENT_3D('',#5194,#4236,#4237);
#3645=AXIS2_PLACEMENT_3D('',#5198,#4240,#4241);
#3646=AXIS2_PLACEMENT_3D('',#5200,#4243,#4244);
#3647=AXIS2_PLACEMENT_3D('',#5204,#4247,#4248);
#3648=AXIS2_PLACEMENT_3D('',#5206,#4250,#4251);
#3649=AXIS2_PLACEMENT_3D('',#5207,#4252,#4253);
#3650=AXIS2_PLACEMENT_3D('',#5208,#4254,#4255);
#3651=AXIS2_PLACEMENT_3D('',#5217,#4260,#4261);
#3652=AXIS2_PLACEMENT_3D('',#5223,#4265,#4266);
#3653=AXIS2_PLACEMENT_3D('',#5229,#4270,#4271);
#3654=AXIS2_PLACEMENT_3D('',#5235,#4275,#4276);
#3655=AXIS2_PLACEMENT_3D('',#5241,#4280,#4281);
#3656=AXIS2_PLACEMENT_3D('',#5247,#4285,#4286);
#3657=AXIS2_PLACEMENT_3D('',#5253,#4290,#4291);
#3658=AXIS2_PLACEMENT_3D('',#5259,#4295,#4296);
#3659=AXIS2_PLACEMENT_3D('',#5265,#4300,#4301);
#3660=AXIS2_PLACEMENT_3D('',#5271,#4305,#4306);
#3661=AXIS2_PLACEMENT_3D('',#5277,#4310,#4311);
#3662=AXIS2_PLACEMENT_3D('',#5280,#4314,#4315);
#3663=AXIS2_PLACEMENT_3D('',#5282,#4316,#4317);
#3664=AXIS2_PLACEMENT_3D('',#5284,#4318,#4319);
#3665=AXIS2_PLACEMENT_3D('',#5285,#4320,#4321);
#3666=AXIS2_PLACEMENT_3D('',#5286,#4322,#4323);
#3667=AXIS2_PLACEMENT_3D('',#5289,#4325,#4326);
#3668=AXIS2_PLACEMENT_3D('',#5290,#4327,#4328);
#3669=AXIS2_PLACEMENT_3D('',#5293,#4330,#4331);
#3670=AXIS2_PLACEMENT_3D('',#5294,#4332,#4333);
#3671=AXIS2_PLACEMENT_3D('',#5303,#4338,#4339);
#3672=AXIS2_PLACEMENT_3D('',#5309,#4343,#4344);
#3673=AXIS2_PLACEMENT_3D('',#5315,#4348,#4349);
#3674=AXIS2_PLACEMENT_3D('',#5321,#4353,#4354);
#3675=AXIS2_PLACEMENT_3D('',#5327,#4358,#4359);
#3676=AXIS2_PLACEMENT_3D('',#5333,#4363,#4364);
#3677=AXIS2_PLACEMENT_3D('',#5339,#4368,#4369);
#3678=AXIS2_PLACEMENT_3D('',#5345,#4373,#4374);
#3679=AXIS2_PLACEMENT_3D('',#5351,#4378,#4379);
#3680=AXIS2_PLACEMENT_3D('',#5357,#4383,#4384);
#3681=AXIS2_PLACEMENT_3D('',#5363,#4388,#4389);
#3682=AXIS2_PLACEMENT_3D('',#5366,#4392,#4393);
#3683=AXIS2_PLACEMENT_3D('',#5367,#4394,#4395);
#3684=AXIS2_PLACEMENT_3D('',#5368,#4396,#4397);
#3685=AXIS2_PLACEMENT_3D('',#5369,#4398,#4399);
#3686=AXIS2_PLACEMENT_3D('',#5371,#4400,#4401);
#3687=AXIS2_PLACEMENT_3D('',#5374,#4403,#4404);
#3688=AXIS2_PLACEMENT_3D('',#5375,#4405,#4406);
#3689=AXIS2_PLACEMENT_3D('',#5376,#4407,#4408);
#3690=AXIS2_PLACEMENT_3D('',#5378,#4409,#4410);
#3691=AXIS2_PLACEMENT_3D('',#5381,#4412,#4413);
#3692=AXIS2_PLACEMENT_3D('',#5382,#4414,#4415);
#3693=AXIS2_PLACEMENT_3D('',#5384,#4416,#4417);
#3694=AXIS2_PLACEMENT_3D('',#5387,#4419,#4420);
#3695=AXIS2_PLACEMENT_3D('',#5388,#4421,#4422);
#3696=AXIS2_PLACEMENT_3D('',#5426,#4441,#4442);
#3697=AXIS2_PLACEMENT_3D('',#5428,#4443,#4444);
#3698=AXIS2_PLACEMENT_3D('',#5429,#4445,#4446);
#3699=AXIS2_PLACEMENT_3D('',#5431,#4447,#4448);
#3700=AXIS2_PLACEMENT_3D('',#5433,#4450,#4451);
#3701=AXIS2_PLACEMENT_3D('',#5435,#4452,#4453);
#3702=AXIS2_PLACEMENT_3D('',#5437,#4455,#4456);
#3703=AXIS2_PLACEMENT_3D('',#5443,#4460,#4461);
#3704=AXIS2_PLACEMENT_3D('',#5447,#4464,#4465);
#3705=AXIS2_PLACEMENT_3D('',#5451,#4468,#4469);
#3706=AXIS2_PLACEMENT_3D('',#5455,#4472,#4473);
#3707=AXIS2_PLACEMENT_3D('',#5459,#4476,#4477);
#3708=AXIS2_PLACEMENT_3D('',#5463,#4480,#4481);
#3709=AXIS2_PLACEMENT_3D('',#5467,#4484,#4485);
#3710=AXIS2_PLACEMENT_3D('',#5471,#4488,#4489);
#3711=AXIS2_PLACEMENT_3D('',#5475,#4492,#4493);
#3712=AXIS2_PLACEMENT_3D('',#5479,#4496,#4497);
#3713=AXIS2_PLACEMENT_3D('',#5483,#4500,#4501);
#3714=AXIS2_PLACEMENT_3D('',#5487,#4504,#4505);
#3715=AXIS2_PLACEMENT_3D('',#5491,#4508,#4509);
#3716=AXIS2_PLACEMENT_3D('',#5495,#4512,#4513);
#3717=AXIS2_PLACEMENT_3D('',#5499,#4516,#4517);
#3718=AXIS2_PLACEMENT_3D('',#5503,#4520,#4521);
#3719=AXIS2_PLACEMENT_3D('',#5507,#4524,#4525);
#3720=AXIS2_PLACEMENT_3D('',#5509,#4527,#4528);
#3721=AXIS2_PLACEMENT_3D('',#5510,#4529,#4530);
#3722=AXIS2_PLACEMENT_3D('',#5511,#4531,#4532);
#3723=AXIS2_PLACEMENT_3D('',#5512,#4533,#4534);
#3724=AXIS2_PLACEMENT_3D('',#5514,#4535,#4536);
#3725=AXIS2_PLACEMENT_3D('',#5517,#4538,#4539);
#3726=AXIS2_PLACEMENT_3D('',#5518,#4540,#4541);
#3727=AXIS2_PLACEMENT_3D('',#5519,#4542,#4543);
#3728=AXIS2_PLACEMENT_3D('',#5521,#4544,#4545);
#3729=AXIS2_PLACEMENT_3D('',#5524,#4547,#4548);
#3730=AXIS2_PLACEMENT_3D('',#5525,#4549,#4550);
#3731=AXIS2_PLACEMENT_3D('',#5527,#4551,#4552);
#3732=AXIS2_PLACEMENT_3D('',#5528,#4553,#4554);
#3733=AXIS2_PLACEMENT_3D('',#5531,#4556,#4557);
#3734=AXIS2_PLACEMENT_3D('',#5532,#4558,#4559);
#3735=AXIS2_PLACEMENT_3D('',#5535,#4560,#4561);
#3736=AXIS2_PLACEMENT_3D('',#5539,#4563,#4564);
#3737=AXIS2_PLACEMENT_3D('',#5541,#4566,#4567);
#3738=AXIS2_PLACEMENT_3D('',#5547,#4571,#4572);
#3739=AXIS2_PLACEMENT_3D('',#5553,#4576,#4577);
#3740=AXIS2_PLACEMENT_3D('',#5555,#4578,#4579);
#3741=AXIS2_PLACEMENT_3D('',#5557,#4580,#4581);
#3742=AXIS2_PLACEMENT_3D('',#5559,#4583,#4584);
#3743=AXIS2_PLACEMENT_3D('',#5561,#4585,#4586);
#3744=AXIS2_PLACEMENT_3D('',#5564,#4588,#4589);
#3745=AXIS2_PLACEMENT_3D('',#5565,#4590,#4591);
#3746=AXIS2_PLACEMENT_3D('',#5566,#4592,#4593);
#3747=AXIS2_PLACEMENT_3D('',#5568,#4594,#4595);
#3748=AXIS2_PLACEMENT_3D('',#5571,#4597,#4598);
#3749=AXIS2_PLACEMENT_3D('',#5572,#4599,#4600);
#3750=AXIS2_PLACEMENT_3D('',#5574,#4601,#4602);
#3751=AXIS2_PLACEMENT_3D('',#5575,#4603,#4604);
#3752=AXIS2_PLACEMENT_3D('',#5578,#4606,#4607);
#3753=AXIS2_PLACEMENT_3D('',#5579,#4608,#4609);
#3754=AXIS2_PLACEMENT_3D('',#5582,#4610,#4611);
#3755=AXIS2_PLACEMENT_3D('',#5586,#4613,#4614);
#3756=AXIS2_PLACEMENT_3D('',#5588,#4616,#4617);
#3757=AXIS2_PLACEMENT_3D('',#5590,#4618,#4619);
#3758=AXIS2_PLACEMENT_3D('',#5593,#4621,#4622);
#3759=AXIS2_PLACEMENT_3D('',#5594,#4623,#4624);
#3760=AXIS2_PLACEMENT_3D('',#5603,#4629,#4630);
#3761=AXIS2_PLACEMENT_3D('',#5609,#4634,#4635);
#3762=AXIS2_PLACEMENT_3D('',#5615,#4639,#4640);
#3763=AXIS2_PLACEMENT_3D('',#5618,#4643,#4644);
#3764=AXIS2_PLACEMENT_3D('',#5619,#4645,#4646);
#3765=AXIS2_PLACEMENT_3D('',#5628,#4651,#4652);
#3766=AXIS2_PLACEMENT_3D('',#5634,#4656,#4657);
#3767=AXIS2_PLACEMENT_3D('',#5640,#4661,#4662);
#3768=AXIS2_PLACEMENT_3D('',#5643,#4665,#4666);
#3769=AXIS2_PLACEMENT_3D('',#5644,#4667,#4668);
#3770=AXIS2_PLACEMENT_3D('',#5647,#4671,#4672);
#3771=AXIS2_PLACEMENT_3D('',#5650,#4675,#4676);
#3772=AXIS2_PLACEMENT_3D('',#5651,#4677,#4678);
#3773=AXIS2_PLACEMENT_3D('',#5652,#4679,#4680);
#3774=AXIS2_PLACEMENT_3D('',#5654,#4681,#4682);
#3775=AXIS2_PLACEMENT_3D('',#5657,#4684,#4685);
#3776=AXIS2_PLACEMENT_3D('',#5658,#4686,#4687);
#3777=AXIS2_PLACEMENT_3D('',#5659,#4688,#4689);
#3778=AXIS2_PLACEMENT_3D('',#5661,#4690,#4691);
#3779=AXIS2_PLACEMENT_3D('',#5664,#4693,#4694);
#3780=AXIS2_PLACEMENT_3D('',#5665,#4695,#4696);
#3781=AXIS2_PLACEMENT_3D('',#5666,#4697,#4698);
#3782=AXIS2_PLACEMENT_3D('',#5668,#4699,#4700);
#3783=AXIS2_PLACEMENT_3D('',#5671,#4702,#4703);
#3784=AXIS2_PLACEMENT_3D('',#5672,#4704,#4705);
#3785=AXIS2_PLACEMENT_3D('',#5673,#4706,#4707);
#3786=AXIS2_PLACEMENT_3D('',#5675,#4708,#4709);
#3787=AXIS2_PLACEMENT_3D('',#5678,#4711,#4712);
#3788=AXIS2_PLACEMENT_3D('',#5679,#4713,#4714);
#3789=AXIS2_PLACEMENT_3D('',#5680,#4715,#4716);
#3790=AXIS2_PLACEMENT_3D('',#5682,#4717,#4718);
#3791=AXIS2_PLACEMENT_3D('',#5685,#4720,#4721);
#3792=AXIS2_PLACEMENT_3D('',#5686,#4722,#4723);
#3793=AXIS2_PLACEMENT_3D('',#5688,#4724,#4725);
#3794=AXIS2_PLACEMENT_3D('',#5691,#4727,#4728);
#3795=AXIS2_PLACEMENT_3D('',#5692,#4729,#4730);
#3796=AXIS2_PLACEMENT_3D('',#5701,#4735,#4736);
#3797=AXIS2_PLACEMENT_3D('',#5707,#4740,#4741);
#3798=AXIS2_PLACEMENT_3D('',#5713,#4745,#4746);
#3799=AXIS2_PLACEMENT_3D('',#5716,#4749,#4750);
#3800=AXIS2_PLACEMENT_3D('',#5717,#4751,#4752);
#3801=AXIS2_PLACEMENT_3D('',#5718,#4753,#4754);
#3802=AXIS2_PLACEMENT_3D('',#5719,#4755,#4756);
#3803=AXIS2_PLACEMENT_3D('',#5720,#4757,#4758);
#3804=AXIS2_PLACEMENT_3D('',#5721,#4759,#4760);
#3805=AXIS2_PLACEMENT_3D('',#5722,#4761,#4762);
#3806=AXIS2_PLACEMENT_3D('',#5723,#4763,#4764);
#3807=AXIS2_PLACEMENT_3D('',#5724,#4765,#4766);
#3808=DIRECTION('axis',(0.,0.,1.));
#3809=DIRECTION('refdir',(1.,0.,0.));
#3810=DIRECTION('axis',(0.,0.,1.));
#3811=DIRECTION('refdir',(1.,0.,0.));
#3812=DIRECTION('axis',(0.,0.,1.));
#3813=DIRECTION('refdir',(1.,0.,0.));
#3814=DIRECTION('center_axis',(0.,0.,-1.));
#3815=DIRECTION('ref_axis',(1.,-1.22464679914735E-16,0.));
#3816=DIRECTION('center_axis',(0.,0.,-1.));
#3817=DIRECTION('ref_axis',(1.,-1.22464679914735E-16,0.));
#3818=DIRECTION('',(0.,0.,-1.));
#3819=DIRECTION('center_axis',(0.,0.,-1.));
#3820=DIRECTION('ref_axis',(1.,-1.22464679914735E-16,0.));
#3821=DIRECTION('center_axis',(0.,0.,1.));
#3822=DIRECTION('ref_axis',(1.,-1.22464679914735E-16,0.));
#3823=DIRECTION('center_axis',(0.,0.,1.));
#3824=DIRECTION('ref_axis',(1.,-1.22464679914735E-16,0.));
#3825=DIRECTION('center_axis',(0.,0.,1.));
#3826=DIRECTION('ref_axis',(1.,-1.22464679914735E-16,0.));
#3827=DIRECTION('',(0.,0.,1.));
#3828=DIRECTION('center_axis',(0.,0.,-1.));
#3829=DIRECTION('ref_axis',(1.,-1.22464679914735E-16,0.));
#3830=DIRECTION('center_axis',(0.,0.,1.));
#3831=DIRECTION('ref_axis',(1.,-1.22464679914735E-16,0.));
#3832=DIRECTION('center_axis',(0.,0.,1.));
#3833=DIRECTION('ref_axis',(1.,-1.22464679914735E-16,0.));
#3834=DIRECTION('center_axis',(0.,0.,-1.));
#3835=DIRECTION('ref_axis',(1.,-1.22464679914735E-16,0.));
#3836=DIRECTION('',(0.,0.,-1.));
#3837=DIRECTION('center_axis',(0.,0.,1.));
#3838=DIRECTION('ref_axis',(1.,-1.22464679914735E-16,0.));
#3839=DIRECTION('center_axis',(0.,0.,1.));
#3840=DIRECTION('ref_axis',(1.,-1.22464679914735E-16,0.));
#3841=DIRECTION('center_axis',(0.,0.,-1.));
#3842=DIRECTION('ref_axis',(1.,-1.22464679914735E-16,0.));
#3843=DIRECTION('',(0.,0.,1.));
#3844=DIRECTION('center_axis',(0.,0.,1.));
#3845=DIRECTION('ref_axis',(1.,-1.22464679914735E-16,0.));
#3846=DIRECTION('',(0.,0.,-1.));
#3847=DIRECTION('center_axis',(-3.52451753849256E-17,1.,0.));
#3848=DIRECTION('ref_axis',(-1.,-3.52451753849256E-17,0.));
#3849=DIRECTION('',(1.,3.52451753849256E-17,0.));
#3850=DIRECTION('',(0.,0.,1.));
#3851=DIRECTION('',(-1.,-3.52451753849256E-17,0.));
#3852=DIRECTION('center_axis',(1.,0.,0.));
#3853=DIRECTION('ref_axis',(0.,1.,0.));
#3854=DIRECTION('',(0.,1.,0.));
#3855=DIRECTION('',(0.,0.,-1.));
#3856=DIRECTION('',(0.,-1.,0.));
#3857=DIRECTION('center_axis',(0.,0.,1.));
#3858=DIRECTION('ref_axis',(1.,-1.22464679914735E-16,0.));
#3859=DIRECTION('center_axis',(0.,0.,-1.));
#3860=DIRECTION('ref_axis',(1.,-1.22464679914735E-16,0.));
#3861=DIRECTION('',(0.,0.,1.));
#3862=DIRECTION('center_axis',(0.,0.,1.));
#3863=DIRECTION('ref_axis',(1.,-1.22464679914735E-16,0.));
#3864=DIRECTION('center_axis',(0.,0.,-1.));
#3865=DIRECTION('ref_axis',(-1.,0.,0.));
#3866=DIRECTION('center_axis',(0.,0.,-1.));
#3867=DIRECTION('ref_axis',(-1.,0.,0.));
#3868=DIRECTION('',(0.,0.,-1.));
#3869=DIRECTION('center_axis',(0.,0.,-1.));
#3870=DIRECTION('ref_axis',(-1.,0.,0.));
#3871=DIRECTION('center_axis',(0.,0.,1.));
#3872=DIRECTION('ref_axis',(-1.,0.,0.));
#3873=DIRECTION('center_axis',(0.,0.,1.));
#3874=DIRECTION('ref_axis',(-1.,0.,0.));
#3875=DIRECTION('center_axis',(0.,0.,1.));
#3876=DIRECTION('ref_axis',(-1.,0.,0.));
#3877=DIRECTION('',(0.,0.,1.));
#3878=DIRECTION('center_axis',(0.,0.,-1.));
#3879=DIRECTION('ref_axis',(-1.,0.,0.));
#3880=DIRECTION('center_axis',(0.,0.,1.));
#3881=DIRECTION('ref_axis',(-1.,0.,0.));
#3882=DIRECTION('center_axis',(0.,0.,1.));
#3883=DIRECTION('ref_axis',(-1.,0.,0.));
#3884=DIRECTION('center_axis',(0.,0.,-1.));
#3885=DIRECTION('ref_axis',(-1.,0.,0.));
#3886=DIRECTION('',(0.,0.,-1.));
#3887=DIRECTION('center_axis',(0.,0.,1.));
#3888=DIRECTION('ref_axis',(-1.,0.,0.));
#3889=DIRECTION('center_axis',(0.,0.,1.));
#3890=DIRECTION('ref_axis',(-1.,0.,0.));
#3891=DIRECTION('center_axis',(0.,0.,-1.));
#3892=DIRECTION('ref_axis',(-1.,0.,0.));
#3893=DIRECTION('',(0.,0.,1.));
#3894=DIRECTION('center_axis',(0.,0.,1.));
#3895=DIRECTION('ref_axis',(-1.,0.,0.));
#3896=DIRECTION('',(0.,0.,-1.));
#3897=DIRECTION('center_axis',(0.,0.,1.));
#3898=DIRECTION('ref_axis',(-1.,0.,0.));
#3899=DIRECTION('center_axis',(0.,0.,-1.));
#3900=DIRECTION('ref_axis',(-1.,0.,0.));
#3901=DIRECTION('center_axis',(0.,0.,1.));
#3902=DIRECTION('ref_axis',(-1.,0.,0.));
#3903=DIRECTION('',(0.,0.,-1.));
#3904=DIRECTION('center_axis',(-1.,0.,0.));
#3905=DIRECTION('ref_axis',(0.,-1.,0.));
#3906=DIRECTION('',(0.,-1.,0.));
#3907=DIRECTION('',(0.,0.,1.));
#3908=DIRECTION('',(0.,-1.,0.));
#3909=DIRECTION('',(0.,0.,1.));
#3910=DIRECTION('center_axis',(-6.03382078600629E-17,1.,0.));
#3911=DIRECTION('ref_axis',(-1.,-6.03382078600629E-17,0.));
#3912=DIRECTION('',(-1.,-6.03382078600629E-17,0.));
#3913=DIRECTION('',(0.,0.,1.));
#3914=DIRECTION('',(-1.,-6.03382078600629E-17,0.));
#3915=DIRECTION('center_axis',(1.,-8.67361737988403E-17,0.));
#3916=DIRECTION('ref_axis',(8.67361737988403E-17,1.,0.));
#3917=DIRECTION('',(8.67361737988403E-17,1.,0.));
#3918=DIRECTION('',(0.,0.,1.));
#3919=DIRECTION('',(8.67361737988403E-17,1.,0.));
#3920=DIRECTION('center_axis',(0.,-1.,0.));
#3921=DIRECTION('ref_axis',(1.,0.,0.));
#3922=DIRECTION('',(1.,0.,0.));
#3923=DIRECTION('',(1.,0.,0.));
#3924=DIRECTION('center_axis',(0.,0.,1.));
#3925=DIRECTION('ref_axis',(1.,0.,0.));
#3926=DIRECTION('center_axis',(1.,0.,0.));
#3927=DIRECTION('ref_axis',(0.,1.,0.));
#3928=DIRECTION('',(0.,-1.,0.));
#3929=DIRECTION('',(0.,0.,1.));
#3930=DIRECTION('',(0.,1.,0.));
#3931=DIRECTION('',(0.,0.,1.));
#3932=DIRECTION('center_axis',(0.,-1.,0.));
#3933=DIRECTION('ref_axis',(1.,0.,0.));
#3934=DIRECTION('',(-1.,0.,0.));
#3935=DIRECTION('',(1.,0.,0.));
#3936=DIRECTION('',(0.,0.,1.));
#3937=DIRECTION('center_axis',(-1.,0.,0.));
#3938=DIRECTION('ref_axis',(0.,-1.,0.));
#3939=DIRECTION('',(0.,1.,0.));
#3940=DIRECTION('',(0.,-1.,0.));
#3941=DIRECTION('',(0.,0.,1.));
#3942=DIRECTION('center_axis',(0.,1.,0.));
#3943=DIRECTION('ref_axis',(-1.,0.,0.));
#3944=DIRECTION('',(1.,0.,0.));
#3945=DIRECTION('',(-1.,0.,0.));
#3946=DIRECTION('center_axis',(0.,0.,1.));
#3947=DIRECTION('ref_axis',(1.,0.,0.));
#3948=DIRECTION('center_axis',(0.,-1.,0.));
#3949=DIRECTION('ref_axis',(1.,0.,0.));
#3950=DIRECTION('',(1.,0.,0.));
#3951=DIRECTION('',(-1.,0.,0.));
#3952=DIRECTION('center_axis',(-1.,0.,0.));
#3953=DIRECTION('ref_axis',(0.,-1.,0.));
#3954=DIRECTION('',(0.,-1.,0.));
#3955=DIRECTION('',(0.,1.,0.));
#3956=DIRECTION('center_axis',(0.,0.,1.));
#3957=DIRECTION('ref_axis',(1.,0.,0.));
#3958=DIRECTION('center_axis',(0.,0.,1.));
#3959=DIRECTION('ref_axis',(1.,0.,0.));
#3960=DIRECTION('center_axis',(0.,0.,-1.));
#3961=DIRECTION('ref_axis',(-1.,0.,0.));
#3962=DIRECTION('center_axis',(0.,0.,-1.));
#3963=DIRECTION('ref_axis',(-1.,0.,0.));
#3964=DIRECTION('',(0.,0.,-1.));
#3965=DIRECTION('center_axis',(0.,0.,-1.));
#3966=DIRECTION('ref_axis',(-1.,0.,0.));
#3967=DIRECTION('center_axis',(0.,0.,1.));
#3968=DIRECTION('ref_axis',(-1.,0.,0.));
#3969=DIRECTION('center_axis',(0.,0.,-1.));
#3970=DIRECTION('ref_axis',(-1.,0.,0.));
#3971=DIRECTION('center_axis',(0.,0.,-1.));
#3972=DIRECTION('ref_axis',(-1.,0.,0.));
#3973=DIRECTION('',(0.,0.,-1.));
#3974=DIRECTION('center_axis',(0.,0.,-1.));
#3975=DIRECTION('ref_axis',(-1.,0.,0.));
#3976=DIRECTION('center_axis',(0.,0.,1.));
#3977=DIRECTION('ref_axis',(-1.,0.,0.));
#3978=DIRECTION('center_axis',(0.,0.,-1.));
#3979=DIRECTION('ref_axis',(-1.,0.,0.));
#3980=DIRECTION('center_axis',(0.,0.,-1.));
#3981=DIRECTION('ref_axis',(-1.,0.,0.));
#3982=DIRECTION('',(0.,0.,-1.));
#3983=DIRECTION('center_axis',(0.,0.,-1.));
#3984=DIRECTION('ref_axis',(-1.,0.,0.));
#3985=DIRECTION('center_axis',(0.,0.,1.));
#3986=DIRECTION('ref_axis',(-1.,0.,0.));
#3987=DIRECTION('center_axis',(0.,0.,-1.));
#3988=DIRECTION('ref_axis',(-1.,0.,0.));
#3989=DIRECTION('center_axis',(0.,0.,-1.));
#3990=DIRECTION('ref_axis',(-1.,0.,0.));
#3991=DIRECTION('',(0.,0.,-1.));
#3992=DIRECTION('center_axis',(0.,0.,-1.));
#3993=DIRECTION('ref_axis',(-1.,0.,0.));
#3994=DIRECTION('center_axis',(0.,0.,1.));
#3995=DIRECTION('ref_axis',(-1.,0.,0.));
#3996=DIRECTION('center_axis',(0.,1.,0.));
#3997=DIRECTION('ref_axis',(1.,0.,0.));
#3998=DIRECTION('center_axis',(0.,-1.,0.));
#3999=DIRECTION('ref_axis',(1.,0.,0.));
#4000=DIRECTION('',(0.,-1.,0.));
#4001=DIRECTION('center_axis',(0.,-1.,0.));
#4002=DIRECTION('ref_axis',(1.,0.,0.));
#4003=DIRECTION('center_axis',(0.,1.,0.));
#4004=DIRECTION('ref_axis',(1.,0.,0.));
#4005=DIRECTION('center_axis',(0.,-1.,0.));
#4006=DIRECTION('ref_axis',(1.,0.,0.));
#4007=DIRECTION('',(0.,-1.,0.));
#4008=DIRECTION('center_axis',(0.,-1.,0.));
#4009=DIRECTION('ref_axis',(1.,0.,0.));
#4010=DIRECTION('center_axis',(5.55111512312578E-17,0.,-1.));
#4011=DIRECTION('ref_axis',(-1.,0.,-5.55111512312578E-17));
#4012=DIRECTION('',(-1.,0.,-5.55111512312578E-17));
#4013=DIRECTION('',(0.,1.,0.));
#4014=DIRECTION('',(-1.,0.,-5.55111512312578E-17));
#4015=DIRECTION('',(0.,1.,0.));
#4016=DIRECTION('center_axis',(1.,0.,0.));
#4017=DIRECTION('ref_axis',(0.,0.,-1.));
#4018=DIRECTION('',(0.,0.,-1.));
#4019=DIRECTION('',(0.,0.,-1.));
#4020=DIRECTION('',(0.,1.,0.));
#4021=DIRECTION('center_axis',(0.,0.,1.));
#4022=DIRECTION('ref_axis',(1.,0.,0.));
#4023=DIRECTION('',(1.,0.,0.));
#4024=DIRECTION('',(1.,0.,0.));
#4025=DIRECTION('',(0.,1.,0.));
#4026=DIRECTION('center_axis',(-1.,0.,0.));
#4027=DIRECTION('ref_axis',(0.,0.,1.));
#4028=DIRECTION('',(0.,0.,1.));
#4029=DIRECTION('',(0.,0.,1.));
#4030=DIRECTION('center_axis',(0.,1.,0.));
#4031=DIRECTION('ref_axis',(1.,0.,0.));
#4032=DIRECTION('center_axis',(0.,1.,0.));
#4033=DIRECTION('ref_axis',(1.,0.,0.));
#4034=DIRECTION('',(2.37742946625944E-16,-1.58906481811805E-30,1.));
#4035=DIRECTION('',(1.29292651533918E-38,1.,-4.16830066845477E-31));
#4036=DIRECTION('axis',(0.,0.,1.));
#4037=DIRECTION('refdir',(1.,0.,0.));
#4038=DIRECTION('center_axis',(0.,0.,-1.));
#4039=DIRECTION('ref_axis',(1.,0.,0.));
#4040=DIRECTION('',(-1.,0.,0.));
#4041=DIRECTION('',(0.,-1.,0.));
#4042=DIRECTION('',(1.,0.,0.));
#4043=DIRECTION('',(0.,-1.,0.));
#4044=DIRECTION('center_axis',(1.,0.,0.));
#4045=DIRECTION('ref_axis',(0.,0.,1.));
#4046=DIRECTION('',(0.,0.,-1.));
#4047=DIRECTION('',(0.,-1.,0.));
#4048=DIRECTION('',(0.,0.,1.));
#4049=DIRECTION('center_axis',(0.,0.,1.));
#4050=DIRECTION('ref_axis',(-1.,0.,0.));
#4051=DIRECTION('',(1.,0.,0.));
#4052=DIRECTION('',(0.,-1.,0.));
#4053=DIRECTION('',(-1.,0.,0.));
#4054=DIRECTION('center_axis',(-1.,0.,0.));
#4055=DIRECTION('ref_axis',(0.,0.,-1.));
#4056=DIRECTION('',(0.,0.,1.));
#4057=DIRECTION('',(0.,0.,-1.));
#4058=DIRECTION('center_axis',(0.,1.,0.));
#4059=DIRECTION('ref_axis',(0.,0.,1.));
#4060=DIRECTION('center_axis',(0.,-1.,0.));
#4061=DIRECTION('ref_axis',(1.,0.,0.));
#4062=DIRECTION('center_axis',(0.,-1.,0.));
#4063=DIRECTION('ref_axis',(1.,0.,0.));
#4064=DIRECTION('center_axis',(0.,1.,0.));
#4065=DIRECTION('ref_axis',(1.,0.,0.));
#4066=DIRECTION('center_axis',(0.,1.,0.));
#4067=DIRECTION('ref_axis',(1.,0.,0.));
#4068=DIRECTION('',(0.,-1.,0.));
#4069=DIRECTION('center_axis',(0.,-1.,0.));
#4070=DIRECTION('ref_axis',(1.,0.,0.));
#4071=DIRECTION('center_axis',(0.,1.,0.));
#4072=DIRECTION('ref_axis',(1.,0.,0.));
#4073=DIRECTION('',(0.,-1.,0.));
#4074=DIRECTION('center_axis',(0.,-1.,0.));
#4075=DIRECTION('ref_axis',(1.,0.,0.));
#4076=DIRECTION('center_axis',(0.,0.,1.));
#4077=DIRECTION('ref_axis',(1.,0.,0.));
#4078=DIRECTION('',(-1.,0.,0.));
#4079=DIRECTION('',(0.,1.,0.));
#4080=DIRECTION('',(1.,0.,0.));
#4081=DIRECTION('',(0.,1.,0.));
#4082=DIRECTION('center_axis',(-1.,0.,0.));
#4083=DIRECTION('ref_axis',(0.,0.,1.));
#4084=DIRECTION('',(0.,0.,-1.));
#4085=DIRECTION('',(0.,0.,1.));
#4086=DIRECTION('',(0.,1.,0.));
#4087=DIRECTION('center_axis',(0.,0.,-1.));
#4088=DIRECTION('ref_axis',(-1.,0.,0.));
#4089=DIRECTION('',(1.,0.,0.));
#4090=DIRECTION('',(-1.,0.,0.));
#4091=DIRECTION('',(0.,1.,0.));
#4092=DIRECTION('center_axis',(1.,0.,0.));
#4093=DIRECTION('ref_axis',(0.,0.,-1.));
#4094=DIRECTION('',(0.,0.,1.));
#4095=DIRECTION('',(0.,0.,-1.));
#4096=DIRECTION('center_axis',(0.,1.,0.));
#4097=DIRECTION('ref_axis',(0.,0.,1.));
#4098=DIRECTION('center_axis',(0.,1.,0.));
#4099=DIRECTION('ref_axis',(1.,0.,0.));
#4100=DIRECTION('center_axis',(0.,0.,1.));
#4101=DIRECTION('ref_axis',(-1.,0.,0.));
#4102=DIRECTION('',(1.,0.,0.));
#4103=DIRECTION('',(0.,-1.,0.));
#4104=DIRECTION('',(-1.,0.,0.));
#4105=DIRECTION('',(0.,-1.,0.));
#4106=DIRECTION('center_axis',(1.,0.,0.));
#4107=DIRECTION('ref_axis',(0.,0.,1.));
#4108=DIRECTION('',(0.,0.,-1.));
#4109=DIRECTION('',(0.,0.,1.));
#4110=DIRECTION('',(0.,-1.,0.));
#4111=DIRECTION('center_axis',(0.,0.,-1.));
#4112=DIRECTION('ref_axis',(1.,0.,0.));
#4113=DIRECTION('',(-1.,0.,0.));
#4114=DIRECTION('',(1.,0.,0.));
#4115=DIRECTION('',(0.,-1.,0.));
#4116=DIRECTION('center_axis',(-1.,0.,0.));
#4117=DIRECTION('ref_axis',(0.,0.,-1.));
#4118=DIRECTION('',(0.,0.,1.));
#4119=DIRECTION('',(0.,0.,-1.));
#4120=DIRECTION('center_axis',(0.,-1.,0.));
#4121=DIRECTION('ref_axis',(0.,0.,1.));
#4122=DIRECTION('center_axis',(0.,1.,0.));
#4123=DIRECTION('ref_axis',(-1.,0.,0.));
#4124=DIRECTION('center_axis',(0.,1.,0.));
#4125=DIRECTION('ref_axis',(-1.,0.,0.));
#4126=DIRECTION('center_axis',(0.,-1.,0.));
#4127=DIRECTION('ref_axis',(-1.,0.,0.));
#4128=DIRECTION('center_axis',(0.,-1.,0.));
#4129=DIRECTION('ref_axis',(-1.,0.,0.));
#4130=DIRECTION('',(0.,-1.,0.));
#4131=DIRECTION('center_axis',(0.,1.,0.));
#4132=DIRECTION('ref_axis',(-1.,0.,0.));
#4133=DIRECTION('center_axis',(0.,-1.,0.));
#4134=DIRECTION('ref_axis',(-1.,0.,0.));
#4135=DIRECTION('',(0.,-1.,0.));
#4136=DIRECTION('center_axis',(0.,1.,0.));
#4137=DIRECTION('ref_axis',(-1.,0.,0.));
#4138=DIRECTION('center_axis',(0.,0.,-1.));
#4139=DIRECTION('ref_axis',(-1.,0.,0.));
#4140=DIRECTION('',(1.,0.,0.));
#4141=DIRECTION('',(0.,1.,0.));
#4142=DIRECTION('',(-1.,0.,0.));
#4143=DIRECTION('',(0.,1.,0.));
#4144=DIRECTION('center_axis',(-1.,0.,0.));
#4145=DIRECTION('ref_axis',(0.,0.,1.));
#4146=DIRECTION('',(0.,0.,-1.));
#4147=DIRECTION('',(0.,1.,0.));
#4148=DIRECTION('',(0.,0.,1.));
#4149=DIRECTION('center_axis',(0.,0.,1.));
#4150=DIRECTION('ref_axis',(1.,0.,0.));
#4151=DIRECTION('',(-1.,0.,0.));
#4152=DIRECTION('',(0.,1.,0.));
#4153=DIRECTION('',(1.,0.,0.));
#4154=DIRECTION('center_axis',(1.,0.,0.));
#4155=DIRECTION('ref_axis',(0.,0.,-1.));
#4156=DIRECTION('',(0.,0.,1.));
#4157=DIRECTION('',(0.,0.,-1.));
#4158=DIRECTION('center_axis',(0.,-1.,0.));
#4159=DIRECTION('ref_axis',(0.,0.,1.));
#4160=DIRECTION('center_axis',(0.,-1.,0.));
#4161=DIRECTION('ref_axis',(-1.,0.,0.));
#4162=DIRECTION('axis',(0.,0.,1.));
#4163=DIRECTION('refdir',(1.,0.,0.));
#4164=DIRECTION('center_axis',(1.,0.,0.));
#4165=DIRECTION('ref_axis',(0.,0.,-1.));
#4166=DIRECTION('',(0.,1.,0.));
#4167=DIRECTION('',(0.,0.,1.));
#4168=DIRECTION('',(0.,-1.,0.));
#4169=DIRECTION('',(0.,0.,-1.));
#4170=DIRECTION('',(0.,-1.,0.));
#4171=DIRECTION('',(0.,0.,1.));
#4172=DIRECTION('',(0.,1.,-5.04646829375071E-17));
#4173=DIRECTION('',(0.,0.,-1.));
#4174=DIRECTION('center_axis',(0.,0.,-1.));
#4175=DIRECTION('ref_axis',(0.,-1.,0.));
#4176=DIRECTION('',(0.,1.,0.));
#4177=DIRECTION('',(-1.,0.,0.));
#4178=DIRECTION('',(1.,0.,0.));
#4179=DIRECTION('center_axis',(0.,-1.,0.));
#4180=DIRECTION('ref_axis',(0.,0.,1.));
#4181=DIRECTION('',(0.,0.,-1.));
#4182=DIRECTION('',(1.,0.,0.));
#4183=DIRECTION('center_axis',(0.,0.,1.));
#4184=DIRECTION('ref_axis',(0.,1.,0.));
#4185=DIRECTION('',(0.,-1.,0.));
#4186=DIRECTION('',(-1.,0.,0.));
#4187=DIRECTION('',(1.,0.,0.));
#4188=DIRECTION('center_axis',(0.,-1.,0.));
#4189=DIRECTION('ref_axis',(0.,0.,1.));
#4190=DIRECTION('',(0.,0.,-1.));
#4191=DIRECTION('',(1.,0.,0.));
#4192=DIRECTION('center_axis',(0.,5.04646829375071E-17,1.));
#4193=DIRECTION('ref_axis',(0.,1.,-5.04646829375071E-17));
#4194=DIRECTION('',(0.,-1.,5.04646829375071E-17));
#4195=DIRECTION('',(1.,0.,0.));
#4196=DIRECTION('center_axis',(0.,1.,0.));
#4197=DIRECTION('ref_axis',(0.,0.,-1.));
#4198=DIRECTION('',(0.,0.,1.));
#4199=DIRECTION('center_axis',(0.,0.,-1.));
#4200=DIRECTION('ref_axis',(0.,-1.,0.));
#4201=DIRECTION('',(0.,1.,0.));
#4202=DIRECTION('',(1.,0.,0.));
#4203=DIRECTION('center_axis',(0.,1.,0.));
#4204=DIRECTION('ref_axis',(0.,0.,-1.));
#4205=DIRECTION('',(0.,0.,1.));
#4206=DIRECTION('center_axis',(-1.,0.,0.));
#4207=DIRECTION('ref_axis',(0.,0.,1.));
#4208=DIRECTION('center_axis',(1.,0.,0.));
#4209=DIRECTION('ref_axis',(0.,0.,-1.));
#4210=DIRECTION('',(0.,1.,0.));
#4211=DIRECTION('',(0.,0.,1.));
#4212=DIRECTION('',(0.,-1.,0.));
#4213=DIRECTION('',(0.,0.,-1.));
#4214=DIRECTION('',(0.,-1.,0.));
#4215=DIRECTION('',(0.,0.,1.));
#4216=DIRECTION('',(0.,1.,-5.04646829375071E-17));
#4217=DIRECTION('',(0.,0.,-1.));
#4218=DIRECTION('center_axis',(0.,0.,-1.));
#4219=DIRECTION('ref_axis',(0.,-1.,0.));
#4220=DIRECTION('',(0.,1.,0.));
#4221=DIRECTION('',(-1.,0.,0.));
#4222=DIRECTION('',(1.,0.,0.));
#4223=DIRECTION('center_axis',(0.,-1.,0.));
#4224=DIRECTION('ref_axis',(0.,0.,1.));
#4225=DIRECTION('',(0.,0.,-1.));
#4226=DIRECTION('',(1.,0.,0.));
#4227=DIRECTION('center_axis',(0.,0.,1.));
#4228=DIRECTION('ref_axis',(0.,1.,0.));
#4229=DIRECTION('',(0.,-1.,0.));
#4230=DIRECTION('',(-1.,0.,0.));
#4231=DIRECTION('',(1.,0.,0.));
#4232=DIRECTION('center_axis',(0.,-1.,0.));
#4233=DIRECTION('ref_axis',(0.,0.,1.));
#4234=DIRECTION('',(0.,0.,-1.));
#4235=DIRECTION('',(1.,0.,0.));
#4236=DIRECTION('center_axis',(0.,5.04646829375071E-17,1.));
#4237=DIRECTION('ref_axis',(0.,1.,-5.04646829375071E-17));
#4238=DIRECTION('',(0.,-1.,5.04646829375071E-17));
#4239=DIRECTION('',(1.,0.,0.));
#4240=DIRECTION('center_axis',(0.,1.,0.));
#4241=DIRECTION('ref_axis',(0.,0.,-1.));
#4242=DIRECTION('',(0.,0.,1.));
#4243=DIRECTION('center_axis',(0.,0.,-1.));
#4244=DIRECTION('ref_axis',(0.,-1.,0.));
#4245=DIRECTION('',(0.,1.,0.));
#4246=DIRECTION('',(1.,0.,0.));
#4247=DIRECTION('center_axis',(0.,1.,0.));
#4248=DIRECTION('ref_axis',(0.,0.,-1.));
#4249=DIRECTION('',(0.,0.,1.));
#4250=DIRECTION('center_axis',(-1.,0.,0.));
#4251=DIRECTION('ref_axis',(0.,0.,1.));
#4252=DIRECTION('axis',(0.,0.,1.));
#4253=DIRECTION('refdir',(1.,0.,0.));
#4254=DIRECTION('center_axis',(0.,-1.,-1.06963422587542E-14));
#4255=DIRECTION('ref_axis',(0.,-1.06963422587542E-14,1.));
#4256=DIRECTION('',(0.,1.06963422587542E-14,-1.));
#4257=DIRECTION('',(-1.,0.,0.));
#4258=DIRECTION('',(0.,-1.06963422587542E-14,1.));
#4259=DIRECTION('',(-1.,0.,0.));
#4260=DIRECTION('center_axis',(0.,7.89491928622422E-15,-1.));
#4261=DIRECTION('ref_axis',(0.,-1.,-7.89491928622422E-15));
#4262=DIRECTION('',(0.,1.,7.89491928622422E-15));
#4263=DIRECTION('',(0.,-1.,-7.89491928622422E-15));
#4264=DIRECTION('',(-1.,0.,0.));
#4265=DIRECTION('center_axis',(0.,-1.,0.));
#4266=DIRECTION('ref_axis',(0.,0.,1.));
#4267=DIRECTION('',(0.,0.,-1.));
#4268=DIRECTION('',(0.,0.,1.));
#4269=DIRECTION('',(-1.,0.,0.));
#4270=DIRECTION('center_axis',(0.,0.,1.));
#4271=DIRECTION('ref_axis',(0.,1.,0.));
#4272=DIRECTION('',(0.,-1.,0.));
#4273=DIRECTION('',(0.,1.,0.));
#4274=DIRECTION('',(-1.,0.,0.));
#4275=DIRECTION('center_axis',(0.,1.,2.45014736469001E-14));
#4276=DIRECTION('ref_axis',(0.,2.45014736469001E-14,-1.));
#4277=DIRECTION('',(0.,-2.45014736469001E-14,1.));
#4278=DIRECTION('',(0.,2.45014736469001E-14,-1.));
#4279=DIRECTION('',(-1.,0.,0.));
#4280=DIRECTION('center_axis',(0.,0.,1.));
#4281=DIRECTION('ref_axis',(0.,1.,0.));
#4282=DIRECTION('',(0.,-1.,0.));
#4283=DIRECTION('',(0.,1.,0.));
#4284=DIRECTION('',(-1.,0.,0.));
#4285=DIRECTION('center_axis',(0.,-1.,-2.45014736469001E-14));
#4286=DIRECTION('ref_axis',(0.,-2.45014736469001E-14,1.));
#4287=DIRECTION('',(0.,2.45014736469001E-14,-1.));
#4288=DIRECTION('',(0.,-2.45014736469001E-14,1.));
#4289=DIRECTION('',(-1.,0.,0.));
#4290=DIRECTION('center_axis',(0.,0.,1.));
#4291=DIRECTION('ref_axis',(0.,1.,0.));
#4292=DIRECTION('',(0.,-1.,0.));
#4293=DIRECTION('',(0.,1.,0.));
#4294=DIRECTION('',(-1.,0.,0.));
#4295=DIRECTION('center_axis',(0.,1.,2.36847578586701E-15));
#4296=DIRECTION('ref_axis',(0.,2.36847578586701E-15,-1.));
#4297=DIRECTION('',(0.,-2.36847578586701E-15,1.));
#4298=DIRECTION('',(0.,2.36847578586701E-15,-1.));
#4299=DIRECTION('',(-1.,0.,0.));
#4300=DIRECTION('center_axis',(0.,0.,-1.));
#4301=DIRECTION('ref_axis',(0.,-1.,0.));
#4302=DIRECTION('',(0.,1.,0.));
#4303=DIRECTION('',(0.,-1.,0.));
#4304=DIRECTION('',(-1.,0.,0.));
#4305=DIRECTION('center_axis',(0.,1.,0.));
#4306=DIRECTION('ref_axis',(0.,0.,-1.));
#4307=DIRECTION('',(0.,0.,1.));
#4308=DIRECTION('',(0.,0.,-1.));
#4309=DIRECTION('',(-1.,0.,0.));
#4310=DIRECTION('center_axis',(0.,0.,-1.));
#4311=DIRECTION('ref_axis',(0.,-1.,0.));
#4312=DIRECTION('',(0.,1.,0.));
#4313=DIRECTION('',(0.,-1.,0.));
#4314=DIRECTION('center_axis',(-1.,0.,0.));
#4315=DIRECTION('ref_axis',(0.,0.,1.));
#4316=DIRECTION('center_axis',(1.,0.,0.));
#4317=DIRECTION('ref_axis',(0.,-1.,0.));
#4318=DIRECTION('center_axis',(1.,0.,0.));
#4319=DIRECTION('ref_axis',(0.,-1.,0.));
#4320=DIRECTION('center_axis',(1.,0.,0.));
#4321=DIRECTION('ref_axis',(0.,0.,-1.));
#4322=DIRECTION('center_axis',(-1.,0.,0.));
#4323=DIRECTION('ref_axis',(0.,-1.,0.));
#4324=DIRECTION('',(1.,0.,0.));
#4325=DIRECTION('center_axis',(1.,0.,0.));
#4326=DIRECTION('ref_axis',(0.,-1.,0.));
#4327=DIRECTION('center_axis',(-1.,0.,0.));
#4328=DIRECTION('ref_axis',(0.,-1.,0.));
#4329=DIRECTION('',(1.,0.,0.));
#4330=DIRECTION('center_axis',(1.,0.,0.));
#4331=DIRECTION('ref_axis',(0.,-1.,0.));
#4332=DIRECTION('center_axis',(0.,1.,1.06963422587542E-14));
#4333=DIRECTION('ref_axis',(0.,-1.06963422587542E-14,1.));
#4334=DIRECTION('',(0.,1.06963422587542E-14,-1.));
#4335=DIRECTION('',(1.,0.,0.));
#4336=DIRECTION('',(0.,-1.06963422587542E-14,1.));
#4337=DIRECTION('',(1.,0.,0.));
#4338=DIRECTION('center_axis',(0.,-7.89491928622422E-15,1.));
#4339=DIRECTION('ref_axis',(0.,-1.,-7.89491928622422E-15));
#4340=DIRECTION('',(0.,1.,7.89491928622422E-15));
#4341=DIRECTION('',(1.,0.,0.));
#4342=DIRECTION('',(0.,-1.,-7.89491928622422E-15));
#4343=DIRECTION('center_axis',(0.,1.,0.));
#4344=DIRECTION('ref_axis',(0.,0.,1.));
#4345=DIRECTION('',(0.,0.,-1.));
#4346=DIRECTION('',(1.,0.,0.));
#4347=DIRECTION('',(0.,0.,1.));
#4348=DIRECTION('center_axis',(0.,0.,-1.));
#4349=DIRECTION('ref_axis',(0.,1.,0.));
#4350=DIRECTION('',(0.,-1.,0.));
#4351=DIRECTION('',(1.,0.,0.));
#4352=DIRECTION('',(0.,1.,0.));
#4353=DIRECTION('center_axis',(0.,-1.,-2.45014736469001E-14));
#4354=DIRECTION('ref_axis',(0.,2.45014736469001E-14,-1.));
#4355=DIRECTION('',(0.,-2.45014736469001E-14,1.));
#4356=DIRECTION('',(1.,0.,0.));
#4357=DIRECTION('',(0.,2.45014736469001E-14,-1.));
#4358=DIRECTION('center_axis',(0.,0.,-1.));
#4359=DIRECTION('ref_axis',(0.,1.,0.));
#4360=DIRECTION('',(0.,-1.,0.));
#4361=DIRECTION('',(1.,0.,0.));
#4362=DIRECTION('',(0.,1.,0.));
#4363=DIRECTION('center_axis',(0.,1.,2.45014736469001E-14));
#4364=DIRECTION('ref_axis',(0.,-2.45014736469001E-14,1.));
#4365=DIRECTION('',(0.,2.45014736469001E-14,-1.));
#4366=DIRECTION('',(1.,0.,0.));
#4367=DIRECTION('',(0.,-2.45014736469001E-14,1.));
#4368=DIRECTION('center_axis',(0.,0.,-1.));
#4369=DIRECTION('ref_axis',(0.,1.,0.));
#4370=DIRECTION('',(0.,-1.,0.));
#4371=DIRECTION('',(1.,0.,0.));
#4372=DIRECTION('',(0.,1.,0.));
#4373=DIRECTION('center_axis',(0.,-1.,-2.36847578586701E-15));
#4374=DIRECTION('ref_axis',(0.,2.36847578586701E-15,-1.));
#4375=DIRECTION('',(0.,-2.36847578586701E-15,1.));
#4376=DIRECTION('',(1.,0.,0.));
#4377=DIRECTION('',(0.,2.36847578586701E-15,-1.));
#4378=DIRECTION('center_axis',(0.,0.,1.));
#4379=DIRECTION('ref_axis',(0.,-1.,0.));
#4380=DIRECTION('',(0.,1.,0.));
#4381=DIRECTION('',(1.,0.,0.));
#4382=DIRECTION('',(0.,-1.,0.));
#4383=DIRECTION('center_axis',(0.,-1.,0.));
#4384=DIRECTION('ref_axis',(0.,0.,-1.));
#4385=DIRECTION('',(0.,0.,1.));
#4386=DIRECTION('',(1.,0.,0.));
#4387=DIRECTION('',(0.,0.,-1.));
#4388=DIRECTION('center_axis',(0.,0.,1.));
#4389=DIRECTION('ref_axis',(0.,-1.,0.));
#4390=DIRECTION('',(0.,1.,0.));
#4391=DIRECTION('',(0.,-1.,0.));
#4392=DIRECTION('center_axis',(-1.,0.,0.));
#4393=DIRECTION('ref_axis',(0.,0.,1.));
#4394=DIRECTION('center_axis',(1.,0.,0.));
#4395=DIRECTION('ref_axis',(0.,0.,-1.));
#4396=DIRECTION('axis',(0.,0.,1.));
#4397=DIRECTION('refdir',(1.,0.,0.));
#4398=DIRECTION('center_axis',(0.,0.,1.));
#4399=DIRECTION('ref_axis',(-1.,5.34378169842863E-24,0.));
#4400=DIRECTION('center_axis',(8.52810259629399E-25,1.02195740570529E-23,
1.));
#4401=DIRECTION('ref_axis',(-1.,5.34378169842863E-24,8.52810259629399E-25));
#4402=DIRECTION('',(0.,0.,-1.));
#4403=DIRECTION('center_axis',(0.,4.44089209850066E-15,-1.));
#4404=DIRECTION('ref_axis',(-1.,5.34378169842863E-24,0.));
#4405=DIRECTION('center_axis',(8.52810259629399E-25,1.02195740570529E-23,
1.));
#4406=DIRECTION('ref_axis',(-1.,5.34378169842863E-24,8.52810259629399E-25));
#4407=DIRECTION('center_axis',(0.,0.,1.));
#4408=DIRECTION('ref_axis',(-1.,0.,0.));
#4409=DIRECTION('center_axis',(0.,-8.07434927000116E-16,1.));
#4410=DIRECTION('ref_axis',(-1.,0.,0.));
#4411=DIRECTION('',(0.,0.,-1.));
#4412=DIRECTION('center_axis',(0.,8.07434927000113E-16,-1.));
#4413=DIRECTION('ref_axis',(-1.,0.,0.));
#4414=DIRECTION('center_axis',(0.,0.,1.));
#4415=DIRECTION('ref_axis',(-1.,0.,0.));
#4416=DIRECTION('center_axis',(0.,-8.07434927000116E-16,1.));
#4417=DIRECTION('ref_axis',(-1.,0.,0.));
#4418=DIRECTION('',(0.,0.,-1.));
#4419=DIRECTION('center_axis',(0.,8.07434927000113E-16,-1.));
#4420=DIRECTION('ref_axis',(-1.,0.,0.));
#4421=DIRECTION('center_axis',(1.,0.,0.));
#4422=DIRECTION('ref_axis',(0.,1.,0.));
#4423=DIRECTION('',(0.,1.,0.));
#4424=DIRECTION('',(0.,0.707106781186545,-0.70710678118655));
#4425=DIRECTION('',(0.,0.,-1.));
#4426=DIRECTION('',(0.,-0.707106781186545,-0.70710678118655));
#4427=DIRECTION('',(0.,1.45008721583694E-15,-1.));
#4428=DIRECTION('',(0.,0.707106781186075,-0.70710678118702));
#4429=DIRECTION('',(0.,0.,-1.));
#4430=DIRECTION('',(0.,-0.70710678118631,-0.707106781186785));
#4431=DIRECTION('',(0.,-1.,0.));
#4432=DIRECTION('',(0.,0.,-1.));
#4433=DIRECTION('',(0.,-1.,8.07434927000113E-16));
#4434=DIRECTION('',(0.,0.,1.));
#4435=DIRECTION('',(0.,1.,8.07434927000113E-16));
#4436=DIRECTION('',(0.,4.70558103152384E-16,1.));
#4437=DIRECTION('',(0.,-1.,-8.07434927000116E-16));
#4438=DIRECTION('',(0.,-1.06581410364015E-14,1.));
#4439=DIRECTION('',(0.,1.,4.44089209850066E-15));
#4440=DIRECTION('',(0.,0.,-1.));
#4441=DIRECTION('center_axis',(1.,0.,0.));
#4442=DIRECTION('ref_axis',(0.,1.,0.));
#4443=DIRECTION('center_axis',(1.,0.,0.));
#4444=DIRECTION('ref_axis',(0.,1.,0.));
#4445=DIRECTION('center_axis',(1.,0.,0.));
#4446=DIRECTION('ref_axis',(0.,1.,0.));
#4447=DIRECTION('center_axis',(-1.,0.,0.));
#4448=DIRECTION('ref_axis',(0.,1.,0.));
#4449=DIRECTION('',(-1.,0.,0.));
#4450=DIRECTION('center_axis',(1.,0.,0.));
#4451=DIRECTION('ref_axis',(0.,1.,0.));
#4452=DIRECTION('center_axis',(-1.,0.,0.));
#4453=DIRECTION('ref_axis',(0.,1.,0.));
#4454=DIRECTION('',(-1.,0.,0.));
#4455=DIRECTION('center_axis',(0.,0.70710678118655,0.707106781186545));
#4456=DIRECTION('ref_axis',(0.,-0.707106781186545,0.70710678118655));
#4457=DIRECTION('',(1.,0.,0.));
#4458=DIRECTION('',(0.,-0.707106781186545,0.70710678118655));
#4459=DIRECTION('',(1.,0.,0.));
#4460=DIRECTION('center_axis',(0.,1.,0.));
#4461=DIRECTION('ref_axis',(0.,0.,1.));
#4462=DIRECTION('',(0.,0.,1.));
#4463=DIRECTION('',(1.,0.,0.));
#4464=DIRECTION('center_axis',(0.,0.70710678118655,-0.707106781186545));
#4465=DIRECTION('ref_axis',(0.,0.707106781186545,0.70710678118655));
#4466=DIRECTION('',(0.,0.707106781186545,0.70710678118655));
#4467=DIRECTION('',(1.,0.,0.));
#4468=DIRECTION('center_axis',(0.,1.,1.45008721583694E-15));
#4469=DIRECTION('ref_axis',(0.,-1.45008721583694E-15,1.));
#4470=DIRECTION('',(0.,-1.45008721583694E-15,1.));
#4471=DIRECTION('',(1.,0.,0.));
#4472=DIRECTION('center_axis',(0.,0.70710678118702,0.707106781186075));
#4473=DIRECTION('ref_axis',(0.,-0.707106781186075,0.70710678118702));
#4474=DIRECTION('',(0.,-0.707106781186075,0.70710678118702));
#4475=DIRECTION('',(1.,0.,0.));
#4476=DIRECTION('center_axis',(0.,1.,0.));
#4477=DIRECTION('ref_axis',(0.,0.,1.));
#4478=DIRECTION('',(0.,0.,1.));
#4479=DIRECTION('',(1.,0.,0.));
#4480=DIRECTION('center_axis',(0.,0.707106781186785,-0.70710678118631));
#4481=DIRECTION('ref_axis',(0.,0.70710678118631,0.707106781186785));
#4482=DIRECTION('',(0.,0.70710678118631,0.707106781186785));
#4483=DIRECTION('',(1.,0.,0.));
#4484=DIRECTION('center_axis',(0.,0.,-1.));
#4485=DIRECTION('ref_axis',(0.,1.,0.));
#4486=DIRECTION('',(0.,1.,0.));
#4487=DIRECTION('',(1.,0.,0.));
#4488=DIRECTION('center_axis',(0.,1.,0.));
#4489=DIRECTION('ref_axis',(0.,0.,1.));
#4490=DIRECTION('',(0.,0.,1.));
#4491=DIRECTION('',(1.,0.,0.));
#4492=DIRECTION('center_axis',(0.,-8.07434927000113E-16,-1.));
#4493=DIRECTION('ref_axis',(0.,1.,-8.07434927000113E-16));
#4494=DIRECTION('',(0.,1.,-8.07434927000113E-16));
#4495=DIRECTION('',(1.,0.,0.));
#4496=DIRECTION('center_axis',(0.,-1.,0.));
#4497=DIRECTION('ref_axis',(0.,0.,-1.));
#4498=DIRECTION('',(0.,0.,-1.));
#4499=DIRECTION('',(1.,0.,0.));
#4500=DIRECTION('center_axis',(0.,-8.07434927000113E-16,1.));
#4501=DIRECTION('ref_axis',(0.,-1.,-8.07434927000113E-16));
#4502=DIRECTION('',(0.,-1.,-8.07434927000113E-16));
#4503=DIRECTION('',(1.,0.,0.));
#4504=DIRECTION('center_axis',(0.,-1.,4.70558103152384E-16));
#4505=DIRECTION('ref_axis',(0.,-4.70558103152384E-16,-1.));
#4506=DIRECTION('',(0.,-4.70558103152384E-16,-1.));
#4507=DIRECTION('',(1.,0.,0.));
#4508=DIRECTION('center_axis',(0.,8.07434927000116E-16,-1.));
#4509=DIRECTION('ref_axis',(0.,1.,8.07434927000116E-16));
#4510=DIRECTION('',(0.,1.,8.07434927000116E-16));
#4511=DIRECTION('',(1.,0.,0.));
#4512=DIRECTION('center_axis',(0.,-1.,-1.06581410364015E-14));
#4513=DIRECTION('ref_axis',(0.,1.06581410364015E-14,-1.));
#4514=DIRECTION('',(0.,1.06581410364015E-14,-1.));
#4515=DIRECTION('',(1.,0.,0.));
#4516=DIRECTION('center_axis',(0.,-4.44089209850066E-15,1.));
#4517=DIRECTION('ref_axis',(0.,-1.,-4.44089209850066E-15));
#4518=DIRECTION('',(0.,-1.,-4.44089209850066E-15));
#4519=DIRECTION('',(1.,0.,0.));
#4520=DIRECTION('center_axis',(0.,1.,0.));
#4521=DIRECTION('ref_axis',(0.,0.,1.));
#4522=DIRECTION('',(0.,0.,1.));
#4523=DIRECTION('',(1.,0.,0.));
#4524=DIRECTION('center_axis',(0.,0.,1.));
#4525=DIRECTION('ref_axis',(0.,-1.,0.));
#4526=DIRECTION('',(0.,-1.,0.));
#4527=DIRECTION('center_axis',(1.,0.,0.));
#4528=DIRECTION('ref_axis',(0.,1.,0.));
#4529=DIRECTION('axis',(0.,0.,1.));
#4530=DIRECTION('refdir',(1.,0.,0.));
#4531=DIRECTION('axis',(0.,0.,1.));
#4532=DIRECTION('refdir',(1.,0.,0.));
#4533=DIRECTION('center_axis',(0.,0.,-1.));
#4534=DIRECTION('ref_axis',(1.,-1.22464679914735E-16,0.));
#4535=DIRECTION('center_axis',(0.,0.,-1.));
#4536=DIRECTION('ref_axis',(1.,-1.22464679914735E-16,0.));
#4537=DIRECTION('',(0.,0.,1.));
#4538=DIRECTION('center_axis',(0.,0.,-1.));
#4539=DIRECTION('ref_axis',(1.,-1.22464679914735E-16,0.));
#4540=DIRECTION('center_axis',(0.,0.,1.));
#4541=DIRECTION('ref_axis',(1.,-1.22464679914735E-16,0.));
#4542=DIRECTION('center_axis',(0.,0.,1.));
#4543=DIRECTION('ref_axis',(1.,-1.22464679914735E-16,0.));
#4544=DIRECTION('center_axis',(0.,0.,1.));
#4545=DIRECTION('ref_axis',(1.,-1.22464679914735E-16,0.));
#4546=DIRECTION('',(0.,0.,-1.));
#4547=DIRECTION('center_axis',(0.,0.,-1.));
#4548=DIRECTION('ref_axis',(1.,-1.22464679914735E-16,0.));
#4549=DIRECTION('center_axis',(0.,0.,1.));
#4550=DIRECTION('ref_axis',(1.,-1.22464679914735E-16,0.));
#4551=DIRECTION('center_axis',(0.,0.,1.));
#4552=DIRECTION('ref_axis',(1.,-1.22464679914735E-16,0.));
#4553=DIRECTION('center_axis',(0.,0.,-1.));
#4554=DIRECTION('ref_axis',(1.,-1.22464679914735E-16,0.));
#4555=DIRECTION('',(0.,0.,1.));
#4556=DIRECTION('center_axis',(0.,0.,1.));
#4557=DIRECTION('ref_axis',(1.,-1.22464679914735E-16,0.));
#4558=DIRECTION('center_axis',(0.,0.,1.));
#4559=DIRECTION('ref_axis',(1.,-1.22464679914735E-16,0.));
#4560=DIRECTION('center_axis',(0.,0.,-1.));
#4561=DIRECTION('ref_axis',(1.,-1.22464679914735E-16,0.));
#4562=DIRECTION('',(0.,0.,1.));
#4563=DIRECTION('center_axis',(0.,0.,1.));
#4564=DIRECTION('ref_axis',(1.,-1.22464679914735E-16,0.));
#4565=DIRECTION('',(0.,0.,-1.));
#4566=DIRECTION('center_axis',(3.52451753849256E-17,-1.,0.));
#4567=DIRECTION('ref_axis',(-1.,-3.52451753849256E-17,0.));
#4568=DIRECTION('',(-1.,-3.52451753849256E-17,0.));
#4569=DIRECTION('',(0.,0.,-1.));
#4570=DIRECTION('',(1.,3.52451753849256E-17,0.));
#4571=DIRECTION('center_axis',(-1.,0.,0.));
#4572=DIRECTION('ref_axis',(0.,1.,0.));
#4573=DIRECTION('',(0.,-1.,0.));
#4574=DIRECTION('',(0.,0.,1.));
#4575=DIRECTION('',(0.,1.,0.));
#4576=DIRECTION('center_axis',(0.,0.,1.));
#4577=DIRECTION('ref_axis',(1.,-1.22464679914735E-16,0.));
#4578=DIRECTION('center_axis',(0.,0.,-1.));
#4579=DIRECTION('ref_axis',(1.,-1.22464679914735E-16,0.));
#4580=DIRECTION('center_axis',(0.,0.,1.));
#4581=DIRECTION('ref_axis',(1.,-1.22464679914735E-16,0.));
#4582=DIRECTION('',(0.,0.,-1.));
#4583=DIRECTION('center_axis',(0.,0.,-1.));
#4584=DIRECTION('ref_axis',(-1.,0.,0.));
#4585=DIRECTION('center_axis',(0.,0.,-1.));
#4586=DIRECTION('ref_axis',(-1.,0.,0.));
#4587=DIRECTION('',(0.,0.,1.));
#4588=DIRECTION('center_axis',(0.,0.,-1.));
#4589=DIRECTION('ref_axis',(-1.,0.,0.));
#4590=DIRECTION('center_axis',(0.,0.,1.));
#4591=DIRECTION('ref_axis',(-1.,0.,0.));
#4592=DIRECTION('center_axis',(0.,0.,1.));
#4593=DIRECTION('ref_axis',(-1.,0.,0.));
#4594=DIRECTION('center_axis',(0.,0.,1.));
#4595=DIRECTION('ref_axis',(-1.,0.,0.));
#4596=DIRECTION('',(0.,0.,-1.));
#4597=DIRECTION('center_axis',(0.,0.,-1.));
#4598=DIRECTION('ref_axis',(-1.,0.,0.));
#4599=DIRECTION('center_axis',(0.,0.,1.));
#4600=DIRECTION('ref_axis',(-1.,0.,0.));
#4601=DIRECTION('center_axis',(0.,0.,1.));
#4602=DIRECTION('ref_axis',(-1.,0.,0.));
#4603=DIRECTION('center_axis',(0.,0.,-1.));
#4604=DIRECTION('ref_axis',(-1.,0.,0.));
#4605=DIRECTION('',(0.,0.,1.));
#4606=DIRECTION('center_axis',(0.,0.,1.));
#4607=DIRECTION('ref_axis',(-1.,0.,0.));
#4608=DIRECTION('center_axis',(0.,0.,1.));
#4609=DIRECTION('ref_axis',(-1.,0.,0.));
#4610=DIRECTION('center_axis',(0.,0.,-1.));
#4611=DIRECTION('ref_axis',(-1.,0.,0.));
#4612=DIRECTION('',(0.,0.,1.));
#4613=DIRECTION('center_axis',(0.,0.,1.));
#4614=DIRECTION('ref_axis',(-1.,0.,0.));
#4615=DIRECTION('',(0.,0.,-1.));
#4616=DIRECTION('center_axis',(0.,0.,1.));
#4617=DIRECTION('ref_axis',(-1.,0.,0.));
#4618=DIRECTION('center_axis',(0.,0.,-1.));
#4619=DIRECTION('ref_axis',(-1.,0.,0.));
#4620=DIRECTION('',(0.,0.,1.));
#4621=DIRECTION('center_axis',(0.,0.,1.));
#4622=DIRECTION('ref_axis',(-1.,0.,0.));
#4623=DIRECTION('center_axis',(1.,0.,0.));
#4624=DIRECTION('ref_axis',(0.,-1.,0.));
#4625=DIRECTION('',(0.,-1.,0.));
#4626=DIRECTION('',(0.,0.,-1.));
#4627=DIRECTION('',(0.,-1.,0.));
#4628=DIRECTION('',(0.,0.,-1.));
#4629=DIRECTION('center_axis',(6.03382078600629E-17,-1.,0.));
#4630=DIRECTION('ref_axis',(-1.,-6.03382078600629E-17,0.));
#4631=DIRECTION('',(-1.,-6.03382078600629E-17,0.));
#4632=DIRECTION('',(-1.,-6.03382078600629E-17,0.));
#4633=DIRECTION('',(0.,0.,-1.));
#4634=DIRECTION('center_axis',(-1.,8.67361737988403E-17,0.));
#4635=DIRECTION('ref_axis',(8.67361737988403E-17,1.,0.));
#4636=DIRECTION('',(8.67361737988403E-17,1.,0.));
#4637=DIRECTION('',(8.67361737988403E-17,1.,0.));
#4638=DIRECTION('',(0.,0.,-1.));
#4639=DIRECTION('center_axis',(0.,1.,0.));
#4640=DIRECTION('ref_axis',(1.,0.,0.));
#4641=DIRECTION('',(1.,0.,0.));
#4642=DIRECTION('',(1.,0.,0.));
#4643=DIRECTION('center_axis',(0.,0.,1.));
#4644=DIRECTION('ref_axis',(1.,0.,0.));
#4645=DIRECTION('center_axis',(-1.,0.,0.));
#4646=DIRECTION('ref_axis',(0.,1.,0.));
#4647=DIRECTION('',(0.,-1.,0.));
#4648=DIRECTION('',(0.,0.,-1.));
#4649=DIRECTION('',(0.,1.,0.));
#4650=DIRECTION('',(0.,0.,-1.));
#4651=DIRECTION('center_axis',(0.,1.,0.));
#4652=DIRECTION('ref_axis',(1.,0.,0.));
#4653=DIRECTION('',(-1.,0.,0.));
#4654=DIRECTION('',(0.,0.,-1.));
#4655=DIRECTION('',(1.,0.,0.));
#4656=DIRECTION('center_axis',(1.,0.,0.));
#4657=DIRECTION('ref_axis',(0.,-1.,0.));
#4658=DIRECTION('',(0.,1.,0.));
#4659=DIRECTION('',(0.,0.,-1.));
#4660=DIRECTION('',(0.,-1.,0.));
#4661=DIRECTION('center_axis',(0.,-1.,0.));
#4662=DIRECTION('ref_axis',(-1.,0.,0.));
#4663=DIRECTION('',(1.,0.,0.));
#4664=DIRECTION('',(-1.,0.,0.));
#4665=DIRECTION('center_axis',(0.,0.,1.));
#4666=DIRECTION('ref_axis',(1.,0.,0.));
#4667=DIRECTION('center_axis',(0.,1.,0.));
#4668=DIRECTION('ref_axis',(1.,0.,0.));
#4669=DIRECTION('',(-1.,0.,0.));
#4670=DIRECTION('',(1.,0.,0.));
#4671=DIRECTION('center_axis',(1.,0.,0.));
#4672=DIRECTION('ref_axis',(0.,-1.,0.));
#4673=DIRECTION('',(0.,1.,0.));
#4674=DIRECTION('',(0.,-1.,0.));
#4675=DIRECTION('center_axis',(0.,0.,1.));
#4676=DIRECTION('ref_axis',(1.,0.,0.));
#4677=DIRECTION('center_axis',(0.,0.,1.));
#4678=DIRECTION('ref_axis',(1.,0.,0.));
#4679=DIRECTION('center_axis',(0.,0.,-1.));
#4680=DIRECTION('ref_axis',(-1.,0.,0.));
#4681=DIRECTION('center_axis',(0.,0.,-1.));
#4682=DIRECTION('ref_axis',(-1.,0.,0.));
#4683=DIRECTION('',(0.,0.,1.));
#4684=DIRECTION('center_axis',(0.,0.,-1.));
#4685=DIRECTION('ref_axis',(-1.,0.,0.));
#4686=DIRECTION('center_axis',(0.,0.,1.));
#4687=DIRECTION('ref_axis',(-1.,0.,0.));
#4688=DIRECTION('center_axis',(0.,0.,-1.));
#4689=DIRECTION('ref_axis',(-1.,0.,0.));
#4690=DIRECTION('center_axis',(0.,0.,-1.));
#4691=DIRECTION('ref_axis',(-1.,0.,0.));
#4692=DIRECTION('',(0.,0.,1.));
#4693=DIRECTION('center_axis',(0.,0.,-1.));
#4694=DIRECTION('ref_axis',(-1.,0.,0.));
#4695=DIRECTION('center_axis',(0.,0.,1.));
#4696=DIRECTION('ref_axis',(-1.,0.,0.));
#4697=DIRECTION('center_axis',(0.,0.,-1.));
#4698=DIRECTION('ref_axis',(-1.,0.,0.));
#4699=DIRECTION('center_axis',(0.,0.,-1.));
#4700=DIRECTION('ref_axis',(-1.,0.,0.));
#4701=DIRECTION('',(0.,0.,1.));
#4702=DIRECTION('center_axis',(0.,0.,-1.));
#4703=DIRECTION('ref_axis',(-1.,0.,0.));
#4704=DIRECTION('center_axis',(0.,0.,1.));
#4705=DIRECTION('ref_axis',(-1.,0.,0.));
#4706=DIRECTION('center_axis',(0.,0.,-1.));
#4707=DIRECTION('ref_axis',(-1.,0.,0.));
#4708=DIRECTION('center_axis',(0.,0.,-1.));
#4709=DIRECTION('ref_axis',(-1.,0.,0.));
#4710=DIRECTION('',(0.,0.,1.));
#4711=DIRECTION('center_axis',(0.,0.,-1.));
#4712=DIRECTION('ref_axis',(-1.,0.,0.));
#4713=DIRECTION('center_axis',(0.,0.,1.));
#4714=DIRECTION('ref_axis',(-1.,0.,0.));
#4715=DIRECTION('center_axis',(0.,-1.,0.));
#4716=DIRECTION('ref_axis',(1.,0.,0.));
#4717=DIRECTION('center_axis',(0.,1.,0.));
#4718=DIRECTION('ref_axis',(1.,0.,0.));
#4719=DIRECTION('',(0.,-1.,0.));
#4720=DIRECTION('center_axis',(0.,1.,0.));
#4721=DIRECTION('ref_axis',(1.,0.,0.));
#4722=DIRECTION('center_axis',(0.,-1.,0.));
#4723=DIRECTION('ref_axis',(1.,0.,0.));
#4724=DIRECTION('center_axis',(0.,1.,0.));
#4725=DIRECTION('ref_axis',(1.,0.,0.));
#4726=DIRECTION('',(0.,-1.,0.));
#4727=DIRECTION('center_axis',(0.,1.,0.));
#4728=DIRECTION('ref_axis',(1.,0.,0.));
#4729=DIRECTION('center_axis',(-5.55111512312578E-17,0.,-1.));
#4730=DIRECTION('ref_axis',(-1.,0.,5.55111512312578E-17));
#4731=DIRECTION('',(-1.,0.,5.55111512312578E-17));
#4732=DIRECTION('',(0.,1.,0.));
#4733=DIRECTION('',(-1.,0.,5.55111512312578E-17));
#4734=DIRECTION('',(0.,1.,0.));
#4735=DIRECTION('center_axis',(-1.,0.,0.));
#4736=DIRECTION('ref_axis',(0.,0.,1.));
#4737=DIRECTION('',(0.,0.,1.));
#4738=DIRECTION('',(0.,1.,0.));
#4739=DIRECTION('',(0.,0.,1.));
#4740=DIRECTION('center_axis',(0.,0.,1.));
#4741=DIRECTION('ref_axis',(1.,0.,0.));
#4742=DIRECTION('',(1.,0.,0.));
#4743=DIRECTION('',(0.,1.,0.));
#4744=DIRECTION('',(1.,0.,0.));
#4745=DIRECTION('center_axis',(1.,0.,0.));
#4746=DIRECTION('ref_axis',(0.,0.,-1.));
#4747=DIRECTION('',(0.,0.,-1.));
#4748=DIRECTION('',(0.,0.,-1.));
#4749=DIRECTION('center_axis',(0.,-1.,0.));
#4750=DIRECTION('ref_axis',(1.,0.,0.));
#4751=DIRECTION('center_axis',(0.,-1.,0.));
#4752=DIRECTION('ref_axis',(1.,0.,0.));
#4753=DIRECTION('',(3.94430452610506E-31,-6.50900868001579E-31,1.));
#4754=DIRECTION('',(6.60412625858635E-16,1.,2.0810229430559E-31));
#4755=DIRECTION('',(7.38689935898541E-16,-1.77834368990597E-33,1.));
#4756=DIRECTION('',(1.,-2.40673082485329E-45,-7.38689935898541E-16));
#4757=DIRECTION('',(0.,0.,1.));
#4758=DIRECTION('',(1.,0.,0.));
#4759=DIRECTION('',(0.,0.,1.));
#4760=DIRECTION('',(1.,0.,0.));
#4761=DIRECTION('',(9.76432882524486E-16,1.66510136016435E-30,1.));
#4762=DIRECTION('',(1.,-2.39240445448071E-29,-9.76432882524486E-16));
#4763=DIRECTION('',(2.97603716399283E-17,-1.16661132802071E-16,0.999999999999997));
#4764=DIRECTION('',(0.999999999999998,-1.65438514915061E-24,-9.76432882524483E-16));
#4765=DIRECTION('',(-9.76432881498799E-16,1.26796790515141E-31,-1.));
#4766=DIRECTION('',(-1.,6.60412625858635E-16,9.76432881498799E-16));
#4767=CARTESIAN_POINT('',(0.,0.,0.));
#4768=CARTESIAN_POINT('',(0.,0.,0.));
#4769=CARTESIAN_POINT('',(0.,0.,0.));
#4770=CARTESIAN_POINT('Origin',(26.0000003695488,15.5,40.));
#4771=CARTESIAN_POINT('',(22.6000003695488,15.5,40.));
#4772=CARTESIAN_POINT('Origin',(26.0000003695488,15.5,40.));
#4773=CARTESIAN_POINT('',(22.6000003695488,15.5,25.));
#4774=CARTESIAN_POINT('',(22.6000003695488,15.5,40.));
#4775=CARTESIAN_POINT('Origin',(26.0000003695488,15.5,25.));
#4776=CARTESIAN_POINT('Origin',(26.0000003695488,15.5,25.));
#4777=CARTESIAN_POINT('Origin',(26.,-15.5,10.));
#4778=CARTESIAN_POINT('',(21.25,-15.5,10.));
#4779=CARTESIAN_POINT('Origin',(26.,-15.5,10.));
#4780=CARTESIAN_POINT('',(21.25,-15.5,40.));
#4781=CARTESIAN_POINT('',(21.25,-15.5,10.));
#4782=CARTESIAN_POINT('Origin',(26.,-15.5,40.));
#4783=CARTESIAN_POINT('Origin',(26.,-15.5,10.));
#4784=CARTESIAN_POINT('',(23.,-15.5,10.));
#4785=CARTESIAN_POINT('Origin',(26.,-15.5,10.));
#4786=CARTESIAN_POINT('Origin',(26.,-15.5,40.));
#4787=CARTESIAN_POINT('',(23.,-15.5,0.));
#4788=CARTESIAN_POINT('',(23.,-15.5,40.));
#4789=CARTESIAN_POINT('Origin',(26.,-15.5,0.));
#4790=CARTESIAN_POINT('Origin',(26.0000003695488,15.5,0.));
#4791=CARTESIAN_POINT('',(20.0000003695488,20.,40.));
#4792=CARTESIAN_POINT('',(31.5,10.4009800877976,40.));
#4793=CARTESIAN_POINT('Origin',(26.0000003695488,15.5,40.));
#4794=CARTESIAN_POINT('',(31.5,10.4009800877976,0.));
#4795=CARTESIAN_POINT('',(31.5,10.4009800877976,0.));
#4796=CARTESIAN_POINT('',(20.0000003695488,20.,0.));
#4797=CARTESIAN_POINT('Origin',(26.0000003695488,15.5,0.));
#4798=CARTESIAN_POINT('',(20.0000003695488,20.,0.));
#4799=CARTESIAN_POINT('Origin',(31.5,20.,0.));
#4800=CARTESIAN_POINT('',(-20.,20.,0.));
#4801=CARTESIAN_POINT('',(-31.5,20.,0.));
#4802=CARTESIAN_POINT('',(-20.,20.,40.));
#4803=CARTESIAN_POINT('',(-20.,20.,0.));
#4804=CARTESIAN_POINT('',(-31.5,20.,40.));
#4805=CARTESIAN_POINT('Origin',(31.5,-20.,0.));
#4806=CARTESIAN_POINT('',(31.5,-10.4009804864072,40.));
#4807=CARTESIAN_POINT('',(31.5,20.,40.));
#4808=CARTESIAN_POINT('',(31.5,-10.4009804864072,0.));
#4809=CARTESIAN_POINT('',(31.5,-10.4009804864072,0.));
#4810=CARTESIAN_POINT('',(31.5,20.,0.));
#4811=CARTESIAN_POINT('Origin',(26.,-15.5,0.));
#4812=CARTESIAN_POINT('',(20.,-20.,40.));
#4813=CARTESIAN_POINT('Origin',(26.,-15.5,40.));
#4814=CARTESIAN_POINT('',(20.,-20.,0.));
#4815=CARTESIAN_POINT('',(20.,-20.,0.));
#4816=CARTESIAN_POINT('Origin',(26.,-15.5,0.));
#4817=CARTESIAN_POINT('Origin',(-26.0000003695488,-15.5,40.));
#4818=CARTESIAN_POINT('',(-22.6000003695488,-15.5,40.));
#4819=CARTESIAN_POINT('Origin',(-26.0000003695488,-15.5,40.));
#4820=CARTESIAN_POINT('',(-22.6000003695488,-15.5,25.));
#4821=CARTESIAN_POINT('',(-22.6000003695488,-15.5,40.));
#4822=CARTESIAN_POINT('Origin',(-26.0000003695488,-15.5,25.));
#4823=CARTESIAN_POINT('Origin',(-26.0000003695488,-15.5,25.));
#4824=CARTESIAN_POINT('Origin',(-26.,15.5,10.));
#4825=CARTESIAN_POINT('',(-21.25,15.5,10.));
#4826=CARTESIAN_POINT('Origin',(-26.,15.5,10.));
#4827=CARTESIAN_POINT('',(-21.25,15.5,40.));
#4828=CARTESIAN_POINT('',(-21.25,15.5,10.));
#4829=CARTESIAN_POINT('Origin',(-26.,15.5,40.));
#4830=CARTESIAN_POINT('Origin',(-26.,15.5,10.));
#4831=CARTESIAN_POINT('',(-23.,15.5,10.));
#4832=CARTESIAN_POINT('Origin',(-26.,15.5,10.));
#4833=CARTESIAN_POINT('Origin',(-26.,15.5,40.));
#4834=CARTESIAN_POINT('',(-23.,15.5,0.));
#4835=CARTESIAN_POINT('',(-23.,15.5,40.));
#4836=CARTESIAN_POINT('Origin',(-26.,15.5,0.));
#4837=CARTESIAN_POINT('Origin',(-26.0000003695488,-15.5,0.));
#4838=CARTESIAN_POINT('',(-20.0000003695488,-20.,40.));
#4839=CARTESIAN_POINT('',(-31.5,-10.4009800877976,40.));
#4840=CARTESIAN_POINT('Origin',(-26.0000003695488,-15.5,40.));
#4841=CARTESIAN_POINT('',(-31.5,-10.4009800877976,0.));
#4842=CARTESIAN_POINT('',(-31.5,-10.4009800877976,0.));
#4843=CARTESIAN_POINT('',(-20.0000003695488,-20.,0.));
#4844=CARTESIAN_POINT('Origin',(-26.0000003695488,-15.5,0.));
#4845=CARTESIAN_POINT('',(-20.0000003695488,-20.,0.));
#4846=CARTESIAN_POINT('Origin',(-26.,15.5,0.));
#4847=CARTESIAN_POINT('',(-31.5,10.4009804864072,40.));
#4848=CARTESIAN_POINT('Origin',(-26.,15.5,40.));
#4849=CARTESIAN_POINT('',(-31.5,10.4009804864072,0.));
#4850=CARTESIAN_POINT('Origin',(-26.,15.5,0.));
#4851=CARTESIAN_POINT('',(-31.5,10.4009804864072,0.));
#4852=CARTESIAN_POINT('Origin',(-9.2,6.4,0.));
#4853=CARTESIAN_POINT('',(-9.2,6.4,0.));
#4854=CARTESIAN_POINT('',(-9.2,-6.4,0.));
#4855=CARTESIAN_POINT('',(-9.2,3.2,0.));
#4856=CARTESIAN_POINT('',(-9.2,6.4,4.));
#4857=CARTESIAN_POINT('',(-9.2,6.4,0.));
#4858=CARTESIAN_POINT('',(-9.2,-6.4,4.));
#4859=CARTESIAN_POINT('',(-9.2,6.4,4.));
#4860=CARTESIAN_POINT('',(-9.2,-6.4,0.));
#4861=CARTESIAN_POINT('Origin',(9.2,6.4,0.));
#4862=CARTESIAN_POINT('',(9.2,6.4,0.));
#4863=CARTESIAN_POINT('',(4.6,6.4,0.));
#4864=CARTESIAN_POINT('',(9.2,6.4,4.));
#4865=CARTESIAN_POINT('',(9.2,6.4,0.));
#4866=CARTESIAN_POINT('',(9.2,6.4,4.));
#4867=CARTESIAN_POINT('Origin',(9.2,-6.4,0.));
#4868=CARTESIAN_POINT('',(9.2,-6.4,0.));
#4869=CARTESIAN_POINT('',(9.2,-3.2,0.));
#4870=CARTESIAN_POINT('',(9.2,-6.4,4.));
#4871=CARTESIAN_POINT('',(9.2,-6.4,0.));
#4872=CARTESIAN_POINT('',(9.2,-6.4,4.));
#4873=CARTESIAN_POINT('Origin',(-9.2,-6.4,0.));
#4874=CARTESIAN_POINT('',(-4.6,-6.4,0.));
#4875=CARTESIAN_POINT('',(-9.2,-6.4,4.));
#4876=CARTESIAN_POINT('Origin',(0.,1.11022302462516E-15,4.));
#4877=CARTESIAN_POINT('Origin',(8.85,-6.2,40.));
#4878=CARTESIAN_POINT('',(8.85,6.2,40.));
#4879=CARTESIAN_POINT('',(8.85,-6.2,40.));
#4880=CARTESIAN_POINT('',(8.85,-3.1,40.));
#4881=CARTESIAN_POINT('',(8.85,6.2,42.9));
#4882=CARTESIAN_POINT('',(8.85,6.2,40.));
#4883=CARTESIAN_POINT('',(8.85,-6.2,42.9));
#4884=CARTESIAN_POINT('',(8.85,6.2,42.9));
#4885=CARTESIAN_POINT('',(8.85,-6.2,40.));
#4886=CARTESIAN_POINT('Origin',(-8.85,-6.2,40.));
#4887=CARTESIAN_POINT('',(-8.85,-6.2,40.));
#4888=CARTESIAN_POINT('',(-4.425,-6.2,40.));
#4889=CARTESIAN_POINT('',(-8.85,-6.2,42.9));
#4890=CARTESIAN_POINT('',(8.85,-6.2,42.9));
#4891=CARTESIAN_POINT('',(-8.85,-6.2,40.));
#4892=CARTESIAN_POINT('Origin',(-8.85,6.2,40.));
#4893=CARTESIAN_POINT('',(-8.85,6.2,40.));
#4894=CARTESIAN_POINT('',(-8.85,3.1,40.));
#4895=CARTESIAN_POINT('',(-8.85,6.2,42.9));
#4896=CARTESIAN_POINT('',(-8.85,-6.2,42.9));
#4897=CARTESIAN_POINT('',(-8.85,6.2,40.));
#4898=CARTESIAN_POINT('Origin',(8.85,6.2,40.));
#4899=CARTESIAN_POINT('',(4.425,6.2,40.));
#4900=CARTESIAN_POINT('',(-8.85,6.2,42.9));
#4901=CARTESIAN_POINT('Origin',(2.22044604925031E-15,1.11022302462516E-15,
42.9));
#4902=CARTESIAN_POINT('Origin',(-31.5,-20.,0.));
#4903=CARTESIAN_POINT('',(31.5,-20.,40.));
#4904=CARTESIAN_POINT('',(31.5,-20.,0.));
#4905=CARTESIAN_POINT('Origin',(-31.5,20.,0.));
#4906=CARTESIAN_POINT('',(-31.5,-20.,40.));
#4907=CARTESIAN_POINT('',(-31.5,-20.,0.));
#4908=CARTESIAN_POINT('Origin',(0.,0.,40.));
#4909=CARTESIAN_POINT('Origin',(0.,0.,0.));
#4910=CARTESIAN_POINT('Origin',(274.8,309.,127.7));
#4911=CARTESIAN_POINT('',(277.8,309.,127.7));
#4912=CARTESIAN_POINT('Origin',(274.8,309.,127.7));
#4913=CARTESIAN_POINT('',(277.8,309.,77.7));
#4914=CARTESIAN_POINT('',(277.8,309.,127.7));
#4915=CARTESIAN_POINT('Origin',(274.8,309.,77.7));
#4916=CARTESIAN_POINT('Origin',(274.8,309.,77.7));
#4917=CARTESIAN_POINT('Origin',(305.8,309.,127.7));
#4918=CARTESIAN_POINT('',(308.8,309.,127.7));
#4919=CARTESIAN_POINT('Origin',(305.8,309.,127.7));
#4920=CARTESIAN_POINT('',(308.8,309.,77.7));
#4921=CARTESIAN_POINT('',(308.8,309.,127.7));
#4922=CARTESIAN_POINT('Origin',(305.8,309.,77.7));
#4923=CARTESIAN_POINT('Origin',(305.8,309.,77.7));
#4924=CARTESIAN_POINT('Origin',(274.8,361.,127.7));
#4925=CARTESIAN_POINT('',(277.8,361.,127.7));
#4926=CARTESIAN_POINT('Origin',(274.8,361.,127.7));
#4927=CARTESIAN_POINT('',(277.8,361.,77.7));
#4928=CARTESIAN_POINT('',(277.8,361.,127.7));
#4929=CARTESIAN_POINT('Origin',(274.8,361.,77.7));
#4930=CARTESIAN_POINT('Origin',(274.8,361.,77.7));
#4931=CARTESIAN_POINT('Origin',(305.8,361.,127.7));
#4932=CARTESIAN_POINT('',(308.8,361.,127.7));
#4933=CARTESIAN_POINT('Origin',(305.8,361.,127.7));
#4934=CARTESIAN_POINT('',(308.8,361.,77.7));
#4935=CARTESIAN_POINT('',(308.8,361.,127.7));
#4936=CARTESIAN_POINT('Origin',(305.8,361.,77.7));
#4937=CARTESIAN_POINT('Origin',(305.8,361.,77.7));
#4938=CARTESIAN_POINT('Origin',(290.3,300.,33.7));
#4939=CARTESIAN_POINT('',(282.3,370.,33.7));
#4940=CARTESIAN_POINT('Origin',(290.3,370.,33.7));
#4941=CARTESIAN_POINT('',(282.3,300.,33.7));
#4942=CARTESIAN_POINT('',(282.3,300.,33.7));
#4943=CARTESIAN_POINT('Origin',(290.3,300.,33.7));
#4944=CARTESIAN_POINT('Origin',(290.3,300.,108.7));
#4945=CARTESIAN_POINT('',(282.3,370.,108.7));
#4946=CARTESIAN_POINT('Origin',(290.3,370.,108.7));
#4947=CARTESIAN_POINT('',(282.3,300.,108.7));
#4948=CARTESIAN_POINT('',(282.3,300.,108.7));
#4949=CARTESIAN_POINT('Origin',(290.3,300.,108.7));
#4950=CARTESIAN_POINT('Origin',(310.3,300.,14.7));
#4951=CARTESIAN_POINT('',(310.3,300.,14.7));
#4952=CARTESIAN_POINT('',(270.3,300.,14.7));
#4953=CARTESIAN_POINT('',(310.3,300.,14.7));
#4954=CARTESIAN_POINT('',(270.3,370.,14.7));
#4955=CARTESIAN_POINT('',(270.3,300.,14.7));
#4956=CARTESIAN_POINT('',(310.3,370.,14.7));
#4957=CARTESIAN_POINT('',(310.3,370.,14.7));
#4958=CARTESIAN_POINT('',(310.3,300.,14.7));
#4959=CARTESIAN_POINT('Origin',(310.3,300.,127.7));
#4960=CARTESIAN_POINT('',(310.3,300.,127.7));
#4961=CARTESIAN_POINT('',(310.3,300.,127.7));
#4962=CARTESIAN_POINT('',(310.3,370.,127.7));
#4963=CARTESIAN_POINT('',(310.3,370.,127.7));
#4964=CARTESIAN_POINT('',(310.3,300.,127.7));
#4965=CARTESIAN_POINT('Origin',(270.3,300.,127.7));
#4966=CARTESIAN_POINT('',(270.3,300.,127.7));
#4967=CARTESIAN_POINT('',(270.3,300.,127.7));
#4968=CARTESIAN_POINT('',(270.3,370.,127.7));
#4969=CARTESIAN_POINT('',(270.3,370.,127.7));
#4970=CARTESIAN_POINT('',(270.3,300.,127.7));
#4971=CARTESIAN_POINT('Origin',(270.3,300.,14.7));
#4972=CARTESIAN_POINT('',(270.3,300.,14.7));
#4973=CARTESIAN_POINT('',(270.3,370.,14.7));
#4974=CARTESIAN_POINT('Origin',(290.3,370.,71.2));
#4975=CARTESIAN_POINT('Origin',(290.3,300.,71.2));
#4976=CARTESIAN_POINT('',(290.3,335.,127.7));
#4977=CARTESIAN_POINT('',(0.,0.,0.));
#4978=CARTESIAN_POINT('Origin',(268.1,601.5,123.));
#4979=CARTESIAN_POINT('',(312.5,601.5,123.));
#4980=CARTESIAN_POINT('',(268.1,601.5,123.));
#4981=CARTESIAN_POINT('',(312.5,601.5,123.));
#4982=CARTESIAN_POINT('',(268.1,559.65,123.));
#4983=CARTESIAN_POINT('',(268.1,601.5,123.));
#4984=CARTESIAN_POINT('',(312.5,559.65,123.));
#4985=CARTESIAN_POINT('',(312.5,559.65,123.));
#4986=CARTESIAN_POINT('',(312.5,601.5,123.));
#4987=CARTESIAN_POINT('Origin',(268.1,601.5,15.));
#4988=CARTESIAN_POINT('',(268.1,601.5,15.));
#4989=CARTESIAN_POINT('',(268.1,601.5,123.));
#4990=CARTESIAN_POINT('',(268.1,559.65,15.));
#4991=CARTESIAN_POINT('',(268.1,601.5,15.));
#4992=CARTESIAN_POINT('',(268.1,559.65,123.));
#4993=CARTESIAN_POINT('Origin',(312.5,601.5,15.));
#4994=CARTESIAN_POINT('',(312.5,601.5,15.));
#4995=CARTESIAN_POINT('',(268.1,601.5,15.));
#4996=CARTESIAN_POINT('',(312.5,559.65,15.));
#4997=CARTESIAN_POINT('',(312.5,601.5,15.));
#4998=CARTESIAN_POINT('',(268.1,559.65,15.));
#4999=CARTESIAN_POINT('Origin',(312.5,601.5,123.));
#5000=CARTESIAN_POINT('',(312.5,601.5,15.));
#5001=CARTESIAN_POINT('',(312.5,559.65,15.));
#5002=CARTESIAN_POINT('Origin',(290.3,559.65,69.));
#5003=CARTESIAN_POINT('',(282.3,559.65,108.7));
#5004=CARTESIAN_POINT('Origin',(290.3,559.65,108.7));
#5005=CARTESIAN_POINT('',(282.3,559.65,33.7));
#5006=CARTESIAN_POINT('Origin',(290.3,559.65,33.7));
#5007=CARTESIAN_POINT('Origin',(290.3,601.5,69.));
#5008=CARTESIAN_POINT('Origin',(290.3,0.,108.7));
#5009=CARTESIAN_POINT('',(282.3,41.85,108.7));
#5010=CARTESIAN_POINT('',(282.3,0.,108.7));
#5011=CARTESIAN_POINT('Origin',(290.3,41.85,108.7));
#5012=CARTESIAN_POINT('Origin',(290.3,0.,33.7));
#5013=CARTESIAN_POINT('',(282.3,41.85,33.7));
#5014=CARTESIAN_POINT('',(282.3,0.,33.7));
#5015=CARTESIAN_POINT('Origin',(290.3,41.85,33.7));
#5016=CARTESIAN_POINT('Origin',(268.1,0.,123.));
#5017=CARTESIAN_POINT('',(312.5,0.,123.));
#5018=CARTESIAN_POINT('',(268.1,0.,123.));
#5019=CARTESIAN_POINT('',(312.5,0.,123.));
#5020=CARTESIAN_POINT('',(312.5,41.85,123.));
#5021=CARTESIAN_POINT('',(312.5,0.,123.));
#5022=CARTESIAN_POINT('',(268.1,41.85,123.));
#5023=CARTESIAN_POINT('',(312.5,41.85,123.));
#5024=CARTESIAN_POINT('',(268.1,0.,123.));
#5025=CARTESIAN_POINT('Origin',(268.1,0.,15.));
#5026=CARTESIAN_POINT('',(268.1,0.,15.));
#5027=CARTESIAN_POINT('',(268.1,0.,123.));
#5028=CARTESIAN_POINT('',(268.1,41.85,15.));
#5029=CARTESIAN_POINT('',(268.1,41.85,123.));
#5030=CARTESIAN_POINT('',(268.1,0.,15.));
#5031=CARTESIAN_POINT('Origin',(312.5,0.,15.));
#5032=CARTESIAN_POINT('',(312.5,0.,15.));
#5033=CARTESIAN_POINT('',(268.1,0.,15.));
#5034=CARTESIAN_POINT('',(312.5,41.85,15.));
#5035=CARTESIAN_POINT('',(268.1,41.85,15.));
#5036=CARTESIAN_POINT('',(312.5,0.,15.));
#5037=CARTESIAN_POINT('Origin',(312.5,0.,123.));
#5038=CARTESIAN_POINT('',(312.5,0.,15.));
#5039=CARTESIAN_POINT('',(312.5,41.85,15.));
#5040=CARTESIAN_POINT('Origin',(290.3,41.85,69.));
#5041=CARTESIAN_POINT('Origin',(290.3,0.,69.));
#5042=CARTESIAN_POINT('Origin',(-268.1,601.5,123.));
#5043=CARTESIAN_POINT('',(-312.5,601.5,123.));
#5044=CARTESIAN_POINT('',(-268.1,601.5,123.));
#5045=CARTESIAN_POINT('',(-312.5,601.5,123.));
#5046=CARTESIAN_POINT('',(-312.5,559.65,123.));
#5047=CARTESIAN_POINT('',(-312.5,601.5,123.));
#5048=CARTESIAN_POINT('',(-268.1,559.65,123.));
#5049=CARTESIAN_POINT('',(-312.5,559.65,123.));
#5050=CARTESIAN_POINT('',(-268.1,601.5,123.));
#5051=CARTESIAN_POINT('Origin',(-268.1,601.5,15.));
#5052=CARTESIAN_POINT('',(-268.1,601.5,15.));
#5053=CARTESIAN_POINT('',(-268.1,601.5,123.));
#5054=CARTESIAN_POINT('',(-268.1,559.65,15.));
#5055=CARTESIAN_POINT('',(-268.1,559.65,123.));
#5056=CARTESIAN_POINT('',(-268.1,601.5,15.));
#5057=CARTESIAN_POINT('Origin',(-312.5,601.5,15.));
#5058=CARTESIAN_POINT('',(-312.5,601.5,15.));
#5059=CARTESIAN_POINT('',(-268.1,601.5,15.));
#5060=CARTESIAN_POINT('',(-312.5,559.65,15.));
#5061=CARTESIAN_POINT('',(-268.1,559.65,15.));
#5062=CARTESIAN_POINT('',(-312.5,601.5,15.));
#5063=CARTESIAN_POINT('Origin',(-312.5,601.5,123.));
#5064=CARTESIAN_POINT('',(-312.5,601.5,15.));
#5065=CARTESIAN_POINT('',(-312.5,559.65,15.));
#5066=CARTESIAN_POINT('Origin',(-290.3,559.65,69.));
#5067=CARTESIAN_POINT('',(-282.3,559.65,108.7));
#5068=CARTESIAN_POINT('Origin',(-290.3,559.65,108.7));
#5069=CARTESIAN_POINT('',(-282.3,559.65,33.7));
#5070=CARTESIAN_POINT('Origin',(-290.3,559.65,33.7));
#5071=CARTESIAN_POINT('Origin',(-290.3,601.5,69.));
#5072=CARTESIAN_POINT('Origin',(-290.3,0.,108.7));
#5073=CARTESIAN_POINT('',(-282.3,41.85,108.7));
#5074=CARTESIAN_POINT('',(-282.3,0.,108.7));
#5075=CARTESIAN_POINT('Origin',(-290.3,41.85,108.7));
#5076=CARTESIAN_POINT('Origin',(-290.3,0.,33.7));
#5077=CARTESIAN_POINT('',(-282.3,41.85,33.7));
#5078=CARTESIAN_POINT('',(-282.3,0.,33.7));
#5079=CARTESIAN_POINT('Origin',(-290.3,41.85,33.7));
#5080=CARTESIAN_POINT('Origin',(-268.1,0.,123.));
#5081=CARTESIAN_POINT('',(-312.5,0.,123.));
#5082=CARTESIAN_POINT('',(-268.1,0.,123.));
#5083=CARTESIAN_POINT('',(-312.5,0.,123.));
#5084=CARTESIAN_POINT('',(-268.1,41.85,123.));
#5085=CARTESIAN_POINT('',(-268.1,0.,123.));
#5086=CARTESIAN_POINT('',(-312.5,41.85,123.));
#5087=CARTESIAN_POINT('',(-312.5,41.85,123.));
#5088=CARTESIAN_POINT('',(-312.5,0.,123.));
#5089=CARTESIAN_POINT('Origin',(-268.1,0.,15.));
#5090=CARTESIAN_POINT('',(-268.1,0.,15.));
#5091=CARTESIAN_POINT('',(-268.1,0.,123.));
#5092=CARTESIAN_POINT('',(-268.1,41.85,15.));
#5093=CARTESIAN_POINT('',(-268.1,0.,15.));
#5094=CARTESIAN_POINT('',(-268.1,41.85,123.));
#5095=CARTESIAN_POINT('Origin',(-312.5,0.,15.));
#5096=CARTESIAN_POINT('',(-312.5,0.,15.));
#5097=CARTESIAN_POINT('',(-268.1,0.,15.));
#5098=CARTESIAN_POINT('',(-312.5,41.85,15.));
#5099=CARTESIAN_POINT('',(-312.5,0.,15.));
#5100=CARTESIAN_POINT('',(-268.1,41.85,15.));
#5101=CARTESIAN_POINT('Origin',(-312.5,0.,123.));
#5102=CARTESIAN_POINT('',(-312.5,0.,15.));
#5103=CARTESIAN_POINT('',(-312.5,41.85,15.));
#5104=CARTESIAN_POINT('Origin',(-290.3,41.85,69.));
#5105=CARTESIAN_POINT('Origin',(-290.3,0.,69.));
#5106=CARTESIAN_POINT('',(0.,0.,0.));
#5107=CARTESIAN_POINT('Origin',(312.5,20.925,7.5));
#5108=CARTESIAN_POINT('',(312.5,1.00000000000001,15.));
#5109=CARTESIAN_POINT('',(312.5,40.85,15.));
#5110=CARTESIAN_POINT('',(312.5,30.8875,15.));
#5111=CARTESIAN_POINT('',(312.5,1.00000000000001,0.));
#5112=CARTESIAN_POINT('',(312.5,1.00000000000001,11.25));
#5113=CARTESIAN_POINT('',(312.5,40.85,0.));
#5114=CARTESIAN_POINT('',(312.5,10.9625,0.));
#5115=CARTESIAN_POINT('',(312.5,40.85,3.75));
#5116=CARTESIAN_POINT('',(312.5,31.925,11.5));
#5117=CARTESIAN_POINT('',(312.5,9.925,11.5));
#5118=CARTESIAN_POINT('',(312.5,15.425,11.5));
#5119=CARTESIAN_POINT('',(312.5,31.925,3.5));
#5120=CARTESIAN_POINT('',(312.5,31.925,9.5));
#5121=CARTESIAN_POINT('',(312.5,9.925,3.5));
#5122=CARTESIAN_POINT('',(312.5,26.425,3.5));
#5123=CARTESIAN_POINT('',(312.5,9.925,5.5));
#5124=CARTESIAN_POINT('Origin',(0.,31.925,11.5));
#5125=CARTESIAN_POINT('',(-312.5,9.925,11.5));
#5126=CARTESIAN_POINT('',(-312.5,31.925,11.5));
#5127=CARTESIAN_POINT('',(-312.5,26.425,11.5));
#5128=CARTESIAN_POINT('',(0.,31.925,11.5));
#5129=CARTESIAN_POINT('',(0.,9.925,11.5));
#5130=CARTESIAN_POINT('Origin',(0.,31.925,3.5));
#5131=CARTESIAN_POINT('',(-312.5,31.925,3.5));
#5132=CARTESIAN_POINT('',(-312.5,31.925,5.5));
#5133=CARTESIAN_POINT('',(0.,31.925,3.5));
#5134=CARTESIAN_POINT('Origin',(0.,1.00000000000001,15.));
#5135=CARTESIAN_POINT('',(-312.5,40.85,15.));
#5136=CARTESIAN_POINT('',(-312.5,1.00000000000001,15.));
#5137=CARTESIAN_POINT('',(-312.5,10.9625,15.));
#5138=CARTESIAN_POINT('',(0.,1.00000000000001,15.));
#5139=CARTESIAN_POINT('',(0.,40.85,15.));
#5140=CARTESIAN_POINT('Origin',(0.,1.00000000000001,0.));
#5141=CARTESIAN_POINT('',(-312.5,1.00000000000001,0.));
#5142=CARTESIAN_POINT('',(-312.5,1.00000000000001,3.75));
#5143=CARTESIAN_POINT('',(0.,1.00000000000001,0.));
#5144=CARTESIAN_POINT('Origin',(0.,9.925,3.5));
#5145=CARTESIAN_POINT('',(-312.5,9.925,3.5));
#5146=CARTESIAN_POINT('',(-312.5,15.425,3.5));
#5147=CARTESIAN_POINT('',(0.,9.925,3.5));
#5148=CARTESIAN_POINT('Origin',(0.,9.925,11.5));
#5149=CARTESIAN_POINT('',(-312.5,9.925,9.5));
#5150=CARTESIAN_POINT('Origin',(0.,40.85,0.));
#5151=CARTESIAN_POINT('',(-312.5,40.85,0.));
#5152=CARTESIAN_POINT('',(-312.5,30.8875,0.));
#5153=CARTESIAN_POINT('',(0.,40.85,0.));
#5154=CARTESIAN_POINT('Origin',(0.,40.85,15.));
#5155=CARTESIAN_POINT('',(-312.5,40.85,11.25));
#5156=CARTESIAN_POINT('Origin',(-312.5,20.925,7.5));
#5157=CARTESIAN_POINT('Origin',(312.5,580.575,7.5));
#5158=CARTESIAN_POINT('',(312.5,560.65,15.));
#5159=CARTESIAN_POINT('',(312.5,600.5,15.));
#5160=CARTESIAN_POINT('',(312.5,590.5375,15.));
#5161=CARTESIAN_POINT('',(312.5,560.65,0.));
#5162=CARTESIAN_POINT('',(312.5,560.65,11.25));
#5163=CARTESIAN_POINT('',(312.5,600.5,0.));
#5164=CARTESIAN_POINT('',(312.5,570.6125,0.));
#5165=CARTESIAN_POINT('',(312.5,600.5,3.75));
#5166=CARTESIAN_POINT('',(312.5,591.575,11.5));
#5167=CARTESIAN_POINT('',(312.5,569.575,11.5));
#5168=CARTESIAN_POINT('',(312.5,575.075,11.5));
#5169=CARTESIAN_POINT('',(312.5,591.575,3.5));
#5170=CARTESIAN_POINT('',(312.5,591.575,9.5));
#5171=CARTESIAN_POINT('',(312.5,569.575,3.5));
#5172=CARTESIAN_POINT('',(312.5,586.075,3.5));
#5173=CARTESIAN_POINT('',(312.5,569.575,5.5));
#5174=CARTESIAN_POINT('Origin',(0.,591.575,11.5));
#5175=CARTESIAN_POINT('',(-312.5,569.575,11.5));
#5176=CARTESIAN_POINT('',(-312.5,591.575,11.5));
#5177=CARTESIAN_POINT('',(-312.5,586.075,11.5));
#5178=CARTESIAN_POINT('',(0.,591.575,11.5));
#5179=CARTESIAN_POINT('',(0.,569.575,11.5));
#5180=CARTESIAN_POINT('Origin',(0.,591.575,3.5));
#5181=CARTESIAN_POINT('',(-312.5,591.575,3.5));
#5182=CARTESIAN_POINT('',(-312.5,591.575,5.5));
#5183=CARTESIAN_POINT('',(0.,591.575,3.5));
#5184=CARTESIAN_POINT('Origin',(0.,560.65,15.));
#5185=CARTESIAN_POINT('',(-312.5,600.5,15.));
#5186=CARTESIAN_POINT('',(-312.5,560.65,15.));
#5187=CARTESIAN_POINT('',(-312.5,570.6125,15.));
#5188=CARTESIAN_POINT('',(0.,560.65,15.));
#5189=CARTESIAN_POINT('',(0.,600.5,15.));
#5190=CARTESIAN_POINT('Origin',(0.,560.65,0.));
#5191=CARTESIAN_POINT('',(-312.5,560.65,0.));
#5192=CARTESIAN_POINT('',(-312.5,560.65,3.75));
#5193=CARTESIAN_POINT('',(0.,560.65,0.));
#5194=CARTESIAN_POINT('Origin',(0.,569.575,3.5));
#5195=CARTESIAN_POINT('',(-312.5,569.575,3.5));
#5196=CARTESIAN_POINT('',(-312.5,575.075,3.5));
#5197=CARTESIAN_POINT('',(0.,569.575,3.5));
#5198=CARTESIAN_POINT('Origin',(0.,569.575,11.5));
#5199=CARTESIAN_POINT('',(-312.5,569.575,9.5));
#5200=CARTESIAN_POINT('Origin',(0.,600.5,0.));
#5201=CARTESIAN_POINT('',(-312.5,600.5,0.));
#5202=CARTESIAN_POINT('',(-312.5,590.5375,0.));
#5203=CARTESIAN_POINT('',(0.,600.5,0.));
#5204=CARTESIAN_POINT('Origin',(0.,600.5,15.));
#5205=CARTESIAN_POINT('',(-312.5,600.5,11.25));
#5206=CARTESIAN_POINT('Origin',(-312.5,580.575,7.5));
#5207=CARTESIAN_POINT('',(0.,0.,0.));
#5208=CARTESIAN_POINT('Origin',(-270.3,357.500000000001,182.7));
#5209=CARTESIAN_POINT('',(-310.3,357.5,275.7));
#5210=CARTESIAN_POINT('',(-310.3,357.500000000001,182.7));
#5211=CARTESIAN_POINT('',(-310.3,357.500000000001,202.2));
#5212=CARTESIAN_POINT('',(-270.3,357.5,275.7));
#5213=CARTESIAN_POINT('',(-270.3,357.5,275.7));
#5214=CARTESIAN_POINT('',(-270.3,357.500000000001,182.7));
#5215=CARTESIAN_POINT('',(-270.3,357.500000000001,202.2));
#5216=CARTESIAN_POINT('',(-270.3,357.500000000001,182.7));
#5217=CARTESIAN_POINT('Origin',(-270.3,366.5,182.7));
#5218=CARTESIAN_POINT('',(-310.3,366.5,182.7));
#5219=CARTESIAN_POINT('',(-310.3,350.75,182.7));
#5220=CARTESIAN_POINT('',(-270.3,366.5,182.7));
#5221=CARTESIAN_POINT('',(-270.3,350.75,182.7));
#5222=CARTESIAN_POINT('',(-270.3,366.5,182.7));
#5223=CARTESIAN_POINT('Origin',(-270.3,366.5,167.7));
#5224=CARTESIAN_POINT('',(-310.3,366.5,167.7));
#5225=CARTESIAN_POINT('',(-310.3,366.5,194.7));
#5226=CARTESIAN_POINT('',(-270.3,366.5,167.7));
#5227=CARTESIAN_POINT('',(-270.3,366.5,194.7));
#5228=CARTESIAN_POINT('',(-270.3,366.5,167.7));
#5229=CARTESIAN_POINT('Origin',(-270.3,343.85,167.7));
#5230=CARTESIAN_POINT('',(-310.3,343.85,167.7));
#5231=CARTESIAN_POINT('',(-310.3,339.425,167.7));
#5232=CARTESIAN_POINT('',(-270.3,343.85,167.7));
#5233=CARTESIAN_POINT('',(-270.3,339.425,167.7));
#5234=CARTESIAN_POINT('',(-270.3,343.85,167.7));
#5235=CARTESIAN_POINT('Origin',(-270.3,343.85,170.6));
#5236=CARTESIAN_POINT('',(-310.3,343.85,170.6));
#5237=CARTESIAN_POINT('',(-310.3,343.849999999999,196.15));
#5238=CARTESIAN_POINT('',(-270.3,343.85,170.6));
#5239=CARTESIAN_POINT('',(-270.3,343.849999999999,196.15));
#5240=CARTESIAN_POINT('',(-270.3,343.85,170.6));
#5241=CARTESIAN_POINT('Origin',(-270.3,326.15,170.6));
#5242=CARTESIAN_POINT('',(-310.3,326.15,170.6));
#5243=CARTESIAN_POINT('',(-310.3,330.575,170.6));
#5244=CARTESIAN_POINT('',(-270.3,326.15,170.6));
#5245=CARTESIAN_POINT('',(-270.3,330.575,170.6));
#5246=CARTESIAN_POINT('',(-270.3,326.15,170.6));
#5247=CARTESIAN_POINT('Origin',(-270.3,326.15,167.7));
#5248=CARTESIAN_POINT('',(-310.3,326.15,167.7));
#5249=CARTESIAN_POINT('',(-310.3,326.149999999999,194.7));
#5250=CARTESIAN_POINT('',(-270.3,326.15,167.7));
#5251=CARTESIAN_POINT('',(-270.3,326.149999999999,194.7));
#5252=CARTESIAN_POINT('',(-270.3,326.15,167.7));
#5253=CARTESIAN_POINT('Origin',(-270.3,303.5,167.7));
#5254=CARTESIAN_POINT('',(-310.3,303.5,167.7));
#5255=CARTESIAN_POINT('',(-310.3,319.25,167.7));
#5256=CARTESIAN_POINT('',(-270.3,303.5,167.7));
#5257=CARTESIAN_POINT('',(-270.3,319.25,167.7));
#5258=CARTESIAN_POINT('',(-270.3,303.5,167.7));
#5259=CARTESIAN_POINT('Origin',(-270.3,303.5,182.7));
#5260=CARTESIAN_POINT('',(-310.3,303.5,182.7));
#5261=CARTESIAN_POINT('',(-310.3,303.5,202.2));
#5262=CARTESIAN_POINT('',(-270.3,303.5,182.7));
#5263=CARTESIAN_POINT('',(-270.3,303.5,202.2));
#5264=CARTESIAN_POINT('',(-270.3,303.5,182.7));
#5265=CARTESIAN_POINT('Origin',(-270.3,312.5,182.7));
#5266=CARTESIAN_POINT('',(-310.3,312.5,182.7));
#5267=CARTESIAN_POINT('',(-310.3,323.75,182.7));
#5268=CARTESIAN_POINT('',(-270.3,312.5,182.7));
#5269=CARTESIAN_POINT('',(-270.3,323.75,182.7));
#5270=CARTESIAN_POINT('',(-270.3,312.5,182.7));
#5271=CARTESIAN_POINT('Origin',(-270.3,312.5,275.7));
#5272=CARTESIAN_POINT('',(-310.3,312.5,275.7));
#5273=CARTESIAN_POINT('',(-310.3,312.5,248.7));
#5274=CARTESIAN_POINT('',(-270.3,312.5,275.7));
#5275=CARTESIAN_POINT('',(-270.3,312.5,248.7));
#5276=CARTESIAN_POINT('',(-270.3,312.5,275.7));
#5277=CARTESIAN_POINT('Origin',(-270.3,357.5,275.7));
#5278=CARTESIAN_POINT('',(-310.3,346.25,275.7));
#5279=CARTESIAN_POINT('',(-270.3,346.25,275.7));
#5280=CARTESIAN_POINT('Origin',(-270.3,335.,221.7));
#5281=CARTESIAN_POINT('',(-270.3,343.,187.3));
#5282=CARTESIAN_POINT('Origin',(-270.3,335.,187.3));
#5283=CARTESIAN_POINT('',(-270.3,343.,262.3));
#5284=CARTESIAN_POINT('Origin',(-270.3,335.,262.3));
#5285=CARTESIAN_POINT('Origin',(-310.3,335.,221.7));
#5286=CARTESIAN_POINT('Origin',(270.3,335.,187.3));
#5287=CARTESIAN_POINT('',(270.3,343.,187.3));
#5288=CARTESIAN_POINT('',(270.3,343.,187.3));
#5289=CARTESIAN_POINT('Origin',(270.3,335.,187.3));
#5290=CARTESIAN_POINT('Origin',(270.3,335.,262.3));
#5291=CARTESIAN_POINT('',(270.3,343.,262.3));
#5292=CARTESIAN_POINT('',(270.3,343.,262.3));
#5293=CARTESIAN_POINT('Origin',(270.3,335.,262.3));
#5294=CARTESIAN_POINT('Origin',(270.3,357.500000000001,182.7));
#5295=CARTESIAN_POINT('',(310.3,357.5,275.7));
#5296=CARTESIAN_POINT('',(310.3,357.500000000001,182.7));
#5297=CARTESIAN_POINT('',(310.3,357.500000000001,202.2));
#5298=CARTESIAN_POINT('',(270.3,357.500000000001,182.7));
#5299=CARTESIAN_POINT('',(270.3,357.500000000001,182.7));
#5300=CARTESIAN_POINT('',(270.3,357.5,275.7));
#5301=CARTESIAN_POINT('',(270.3,357.500000000001,202.2));
#5302=CARTESIAN_POINT('',(270.3,357.5,275.7));
#5303=CARTESIAN_POINT('Origin',(270.3,366.5,182.7));
#5304=CARTESIAN_POINT('',(310.3,366.5,182.7));
#5305=CARTESIAN_POINT('',(310.3,350.75,182.7));
#5306=CARTESIAN_POINT('',(270.3,366.5,182.7));
#5307=CARTESIAN_POINT('',(270.3,366.5,182.7));
#5308=CARTESIAN_POINT('',(270.3,350.75,182.7));
#5309=CARTESIAN_POINT('Origin',(270.3,366.5,167.7));
#5310=CARTESIAN_POINT('',(310.3,366.5,167.7));
#5311=CARTESIAN_POINT('',(310.3,366.5,194.7));
#5312=CARTESIAN_POINT('',(270.3,366.5,167.7));
#5313=CARTESIAN_POINT('',(270.3,366.5,167.7));
#5314=CARTESIAN_POINT('',(270.3,366.5,194.7));
#5315=CARTESIAN_POINT('Origin',(270.3,343.85,167.7));
#5316=CARTESIAN_POINT('',(310.3,343.85,167.7));
#5317=CARTESIAN_POINT('',(310.3,339.425,167.7));
#5318=CARTESIAN_POINT('',(270.3,343.85,167.7));
#5319=CARTESIAN_POINT('',(270.3,343.85,167.7));
#5320=CARTESIAN_POINT('',(270.3,339.425,167.7));
#5321=CARTESIAN_POINT('Origin',(270.3,343.85,170.6));
#5322=CARTESIAN_POINT('',(310.3,343.85,170.6));
#5323=CARTESIAN_POINT('',(310.3,343.849999999999,196.15));
#5324=CARTESIAN_POINT('',(270.3,343.85,170.6));
#5325=CARTESIAN_POINT('',(270.3,343.85,170.6));
#5326=CARTESIAN_POINT('',(270.3,343.849999999999,196.15));
#5327=CARTESIAN_POINT('Origin',(270.3,326.15,170.6));
#5328=CARTESIAN_POINT('',(310.3,326.15,170.6));
#5329=CARTESIAN_POINT('',(310.3,330.575,170.6));
#5330=CARTESIAN_POINT('',(270.3,326.15,170.6));
#5331=CARTESIAN_POINT('',(270.3,326.15,170.6));
#5332=CARTESIAN_POINT('',(270.3,330.575,170.6));
#5333=CARTESIAN_POINT('Origin',(270.3,326.15,167.7));
#5334=CARTESIAN_POINT('',(310.3,326.15,167.7));
#5335=CARTESIAN_POINT('',(310.3,326.149999999999,194.7));
#5336=CARTESIAN_POINT('',(270.3,326.15,167.7));
#5337=CARTESIAN_POINT('',(270.3,326.15,167.7));
#5338=CARTESIAN_POINT('',(270.3,326.149999999999,194.7));
#5339=CARTESIAN_POINT('Origin',(270.3,303.5,167.7));
#5340=CARTESIAN_POINT('',(310.3,303.5,167.7));
#5341=CARTESIAN_POINT('',(310.3,319.25,167.7));
#5342=CARTESIAN_POINT('',(270.3,303.5,167.7));
#5343=CARTESIAN_POINT('',(270.3,303.5,167.7));
#5344=CARTESIAN_POINT('',(270.3,319.25,167.7));
#5345=CARTESIAN_POINT('Origin',(270.3,303.5,182.7));
#5346=CARTESIAN_POINT('',(310.3,303.5,182.7));
#5347=CARTESIAN_POINT('',(310.3,303.5,202.2));
#5348=CARTESIAN_POINT('',(270.3,303.5,182.7));
#5349=CARTESIAN_POINT('',(270.3,303.5,182.7));
#5350=CARTESIAN_POINT('',(270.3,303.5,202.2));
#5351=CARTESIAN_POINT('Origin',(270.3,312.5,182.7));
#5352=CARTESIAN_POINT('',(310.3,312.5,182.7));
#5353=CARTESIAN_POINT('',(310.3,323.75,182.7));
#5354=CARTESIAN_POINT('',(270.3,312.5,182.7));
#5355=CARTESIAN_POINT('',(270.3,312.5,182.7));
#5356=CARTESIAN_POINT('',(270.3,323.75,182.7));
#5357=CARTESIAN_POINT('Origin',(270.3,312.5,275.7));
#5358=CARTESIAN_POINT('',(310.3,312.5,275.7));
#5359=CARTESIAN_POINT('',(310.3,312.5,248.7));
#5360=CARTESIAN_POINT('',(270.3,312.5,275.7));
#5361=CARTESIAN_POINT('',(270.3,312.5,275.7));
#5362=CARTESIAN_POINT('',(270.3,312.5,248.7));
#5363=CARTESIAN_POINT('Origin',(270.3,357.5,275.7));
#5364=CARTESIAN_POINT('',(310.3,346.25,275.7));
#5365=CARTESIAN_POINT('',(270.3,346.25,275.7));
#5366=CARTESIAN_POINT('Origin',(270.3,335.,221.7));
#5367=CARTESIAN_POINT('Origin',(310.3,335.,221.7));
#5368=CARTESIAN_POINT('',(0.,0.,0.));
#5369=CARTESIAN_POINT('Origin',(-2.9739106288673E-7,286.,314.3));
#5370=CARTESIAN_POINT('',(22.4999997026089,286.,394.3));
#5371=CARTESIAN_POINT('Origin',(-2.9739106288673E-7,286.,394.3));
#5372=CARTESIAN_POINT('',(22.4999997026089,286.,314.3));
#5373=CARTESIAN_POINT('',(22.4999997026089,286.,314.3));
#5374=CARTESIAN_POINT('Origin',(-2.9739106288673E-7,286.,314.3));
#5375=CARTESIAN_POINT('Origin',(-2.9739106288673E-7,286.,394.3));
#5376=CARTESIAN_POINT('Origin',(-25.,282.,173.3));
#5377=CARTESIAN_POINT('',(-15.,282.,304.3));
#5378=CARTESIAN_POINT('Origin',(-25.,282.,304.3));
#5379=CARTESIAN_POINT('',(-15.,282.,173.3));
#5380=CARTESIAN_POINT('',(-15.,282.,173.3));
#5381=CARTESIAN_POINT('Origin',(-25.,282.,173.3));
#5382=CARTESIAN_POINT('Origin',(25.,282.,173.3));
#5383=CARTESIAN_POINT('',(35.,282.,304.3));
#5384=CARTESIAN_POINT('Origin',(25.,282.,304.3));
#5385=CARTESIAN_POINT('',(35.,282.,173.3));
#5386=CARTESIAN_POINT('',(35.,282.,173.3));
#5387=CARTESIAN_POINT('Origin',(25.,282.,173.3));
#5388=CARTESIAN_POINT('Origin',(-40.,306.5,238.8));
#5389=CARTESIAN_POINT('',(-40.,312.,280.3));
#5390=CARTESIAN_POINT('',(-40.,343.,280.3));
#5391=CARTESIAN_POINT('',(-40.,327.,280.3));
#5392=CARTESIAN_POINT('',(-40.,353.,270.3));
#5393=CARTESIAN_POINT('',(-40.,343.,280.3));
#5394=CARTESIAN_POINT('',(-40.,353.,254.3));
#5395=CARTESIAN_POINT('',(-40.,353.,270.3));
#5396=CARTESIAN_POINT('',(-40.,348.,249.3));
#5397=CARTESIAN_POINT('',(-40.,353.,254.3));
#5398=CARTESIAN_POINT('',(-40.,348.,200.3));
#5399=CARTESIAN_POINT('',(-40.,348.,249.3));
#5400=CARTESIAN_POINT('',(-40.,353.,195.299999999993));
#5401=CARTESIAN_POINT('',(-40.,348.,200.3));
#5402=CARTESIAN_POINT('',(-40.,353.,179.300000000007));
#5403=CARTESIAN_POINT('',(-40.,353.,195.299999999993));
#5404=CARTESIAN_POINT('',(-40.,343.,169.3));
#5405=CARTESIAN_POINT('',(-40.,353.,179.300000000007));
#5406=CARTESIAN_POINT('',(-40.,312.,169.3));
#5407=CARTESIAN_POINT('',(-40.,327.,169.3));
#5408=CARTESIAN_POINT('',(-40.,312.,163.3));
#5409=CARTESIAN_POINT('',(-40.,312.,314.3));
#5410=CARTESIAN_POINT('',(-40.,260.,163.3));
#5411=CARTESIAN_POINT('',(-40.,260.,163.3));
#5412=CARTESIAN_POINT('',(-40.,260.,173.3));
#5413=CARTESIAN_POINT('',(-40.,260.,163.3));
#5414=CARTESIAN_POINT('',(-40.,304.,173.3));
#5415=CARTESIAN_POINT('',(-40.,260.,173.3));
#5416=CARTESIAN_POINT('',(-40.,304.,304.3));
#5417=CARTESIAN_POINT('',(-40.,304.,163.3));
#5418=CARTESIAN_POINT('',(-40.,260.,304.3));
#5419=CARTESIAN_POINT('',(-40.,260.,304.3));
#5420=CARTESIAN_POINT('',(-40.,260.,314.3));
#5421=CARTESIAN_POINT('',(-40.,260.,314.3));
#5422=CARTESIAN_POINT('',(-40.,312.,314.3));
#5423=CARTESIAN_POINT('',(-40.,304.,314.3));
#5424=CARTESIAN_POINT('',(-40.,312.,314.3));
#5425=CARTESIAN_POINT('',(-40.,327.,187.3));
#5426=CARTESIAN_POINT('Origin',(-40.,335.,187.3));
#5427=CARTESIAN_POINT('',(-40.,327.,262.3));
#5428=CARTESIAN_POINT('Origin',(-40.,335.,262.3));
#5429=CARTESIAN_POINT('Origin',(0.,335.,262.3));
#5430=CARTESIAN_POINT('',(40.,327.,262.3));
#5431=CARTESIAN_POINT('Origin',(40.,335.,262.3));
#5432=CARTESIAN_POINT('',(0.,327.,262.3));
#5433=CARTESIAN_POINT('Origin',(0.,335.,187.3));
#5434=CARTESIAN_POINT('',(40.,327.,187.3));
#5435=CARTESIAN_POINT('Origin',(40.,335.,187.3));
#5436=CARTESIAN_POINT('',(0.,327.,187.3));
#5437=CARTESIAN_POINT('Origin',(0.,353.,270.3));
#5438=CARTESIAN_POINT('',(40.,343.,280.3));
#5439=CARTESIAN_POINT('',(0.,343.,280.3));
#5440=CARTESIAN_POINT('',(40.,353.,270.3));
#5441=CARTESIAN_POINT('',(40.,343.,280.3));
#5442=CARTESIAN_POINT('',(0.,353.,270.3));
#5443=CARTESIAN_POINT('Origin',(0.,353.,254.3));
#5444=CARTESIAN_POINT('',(40.,353.,254.3));
#5445=CARTESIAN_POINT('',(40.,353.,270.3));
#5446=CARTESIAN_POINT('',(0.,353.,254.3));
#5447=CARTESIAN_POINT('Origin',(0.,348.,249.3));
#5448=CARTESIAN_POINT('',(40.,348.,249.3));
#5449=CARTESIAN_POINT('',(40.,353.,254.3));
#5450=CARTESIAN_POINT('',(0.,348.,249.3));
#5451=CARTESIAN_POINT('Origin',(0.,348.,200.3));
#5452=CARTESIAN_POINT('',(40.,348.,200.3));
#5453=CARTESIAN_POINT('',(40.,348.,249.3));
#5454=CARTESIAN_POINT('',(0.,348.,200.3));
#5455=CARTESIAN_POINT('Origin',(0.,353.,195.299999999993));
#5456=CARTESIAN_POINT('',(40.,353.,195.299999999993));
#5457=CARTESIAN_POINT('',(40.,348.,200.3));
#5458=CARTESIAN_POINT('',(0.,353.,195.299999999993));
#5459=CARTESIAN_POINT('Origin',(0.,353.,179.300000000007));
#5460=CARTESIAN_POINT('',(40.,353.,179.300000000007));
#5461=CARTESIAN_POINT('',(40.,353.,195.299999999993));
#5462=CARTESIAN_POINT('',(0.,353.,179.300000000007));
#5463=CARTESIAN_POINT('Origin',(0.,343.,169.3));
#5464=CARTESIAN_POINT('',(40.,343.,169.3));
#5465=CARTESIAN_POINT('',(40.,353.,179.300000000007));
#5466=CARTESIAN_POINT('',(0.,343.,169.3));
#5467=CARTESIAN_POINT('Origin',(0.,312.,169.3));
#5468=CARTESIAN_POINT('',(40.,312.,169.3));
#5469=CARTESIAN_POINT('',(40.,327.,169.3));
#5470=CARTESIAN_POINT('',(0.,312.,169.3));
#5471=CARTESIAN_POINT('Origin',(0.,312.,163.3));
#5472=CARTESIAN_POINT('',(40.,312.,163.3));
#5473=CARTESIAN_POINT('',(40.,312.,314.3));
#5474=CARTESIAN_POINT('',(0.,312.,163.3));
#5475=CARTESIAN_POINT('Origin',(0.,260.,163.3));
#5476=CARTESIAN_POINT('',(40.,260.,163.3));
#5477=CARTESIAN_POINT('',(40.,260.,163.3));
#5478=CARTESIAN_POINT('',(0.,260.,163.3));
#5479=CARTESIAN_POINT('Origin',(0.,260.,173.3));
#5480=CARTESIAN_POINT('',(40.,260.,173.3));
#5481=CARTESIAN_POINT('',(40.,260.,163.3));
#5482=CARTESIAN_POINT('',(0.,260.,173.3));
#5483=CARTESIAN_POINT('Origin',(0.,304.,173.3));
#5484=CARTESIAN_POINT('',(40.,304.,173.3));
#5485=CARTESIAN_POINT('',(40.,260.,173.3));
#5486=CARTESIAN_POINT('',(0.,304.,173.3));
#5487=CARTESIAN_POINT('Origin',(0.,304.,304.3));
#5488=CARTESIAN_POINT('',(40.,304.,304.3));
#5489=CARTESIAN_POINT('',(40.,304.,163.3));
#5490=CARTESIAN_POINT('',(0.,304.,304.3));
#5491=CARTESIAN_POINT('Origin',(0.,260.,304.3));
#5492=CARTESIAN_POINT('',(40.,260.,304.3));
#5493=CARTESIAN_POINT('',(40.,260.,304.3));
#5494=CARTESIAN_POINT('',(0.,260.,304.3));
#5495=CARTESIAN_POINT('Origin',(0.,260.,314.3));
#5496=CARTESIAN_POINT('',(40.,260.,314.3));
#5497=CARTESIAN_POINT('',(40.,260.,314.3));
#5498=CARTESIAN_POINT('',(0.,260.,314.3));
#5499=CARTESIAN_POINT('Origin',(0.,312.,314.3));
#5500=CARTESIAN_POINT('',(40.,312.,314.3));
#5501=CARTESIAN_POINT('',(40.,304.,314.3));
#5502=CARTESIAN_POINT('',(0.,312.,314.3));
#5503=CARTESIAN_POINT('Origin',(0.,312.,280.3));
#5504=CARTESIAN_POINT('',(40.,312.,280.3));
#5505=CARTESIAN_POINT('',(40.,312.,314.3));
#5506=CARTESIAN_POINT('',(0.,312.,280.3));
#5507=CARTESIAN_POINT('Origin',(0.,343.,280.3));
#5508=CARTESIAN_POINT('',(40.,327.,280.3));
#5509=CARTESIAN_POINT('Origin',(40.,306.5,238.8));
#5510=CARTESIAN_POINT('',(0.,0.,0.));
#5511=CARTESIAN_POINT('',(0.,0.,0.));
#5512=CARTESIAN_POINT('Origin',(26.0000003695488,15.5,-40.));
#5513=CARTESIAN_POINT('',(22.6000003695488,15.5,-40.));
#5514=CARTESIAN_POINT('Origin',(26.0000003695488,15.5,-40.));
#5515=CARTESIAN_POINT('',(22.6000003695488,15.5,-25.));
#5516=CARTESIAN_POINT('',(22.6000003695488,15.5,-40.));
#5517=CARTESIAN_POINT('Origin',(26.0000003695488,15.5,-25.));
#5518=CARTESIAN_POINT('Origin',(26.0000003695488,15.5,-25.));
#5519=CARTESIAN_POINT('Origin',(26.,-15.5,-10.));
#5520=CARTESIAN_POINT('',(21.25,-15.5,-10.));
#5521=CARTESIAN_POINT('Origin',(26.,-15.5,-10.));
#5522=CARTESIAN_POINT('',(21.25,-15.5,-40.));
#5523=CARTESIAN_POINT('',(21.25,-15.5,-10.));
#5524=CARTESIAN_POINT('Origin',(26.,-15.5,-40.));
#5525=CARTESIAN_POINT('Origin',(26.,-15.5,-10.));
#5526=CARTESIAN_POINT('',(23.,-15.5,-10.));
#5527=CARTESIAN_POINT('Origin',(26.,-15.5,-10.));
#5528=CARTESIAN_POINT('Origin',(26.,-15.5,-40.));
#5529=CARTESIAN_POINT('',(23.,-15.5,0.));
#5530=CARTESIAN_POINT('',(23.,-15.5,-40.));
#5531=CARTESIAN_POINT('Origin',(26.,-15.5,0.));
#5532=CARTESIAN_POINT('Origin',(26.0000003695488,15.5,0.));
#5533=CARTESIAN_POINT('',(20.0000003695488,20.,-40.));
#5534=CARTESIAN_POINT('',(31.5,10.4009800877976,-40.));
#5535=CARTESIAN_POINT('Origin',(26.0000003695488,15.5,-40.));
#5536=CARTESIAN_POINT('',(20.0000003695488,20.,0.));
#5537=CARTESIAN_POINT('',(20.0000003695488,20.,0.));
#5538=CARTESIAN_POINT('',(31.5,10.4009800877976,0.));
#5539=CARTESIAN_POINT('Origin',(26.0000003695488,15.5,0.));
#5540=CARTESIAN_POINT('',(31.5,10.4009800877976,0.));
#5541=CARTESIAN_POINT('Origin',(31.5,20.,0.));
#5542=CARTESIAN_POINT('',(-20.,20.,-40.));
#5543=CARTESIAN_POINT('',(-31.5,20.,-40.));
#5544=CARTESIAN_POINT('',(-20.,20.,0.));
#5545=CARTESIAN_POINT('',(-20.,20.,0.));
#5546=CARTESIAN_POINT('',(-31.5,20.,0.));
#5547=CARTESIAN_POINT('Origin',(31.5,-20.,0.));
#5548=CARTESIAN_POINT('',(31.5,-10.4009804864072,0.));
#5549=CARTESIAN_POINT('',(31.5,20.,0.));
#5550=CARTESIAN_POINT('',(31.5,-10.4009804864072,-40.));
#5551=CARTESIAN_POINT('',(31.5,-10.4009804864072,0.));
#5552=CARTESIAN_POINT('',(31.5,20.,-40.));
#5553=CARTESIAN_POINT('Origin',(26.,-15.5,0.));
#5554=CARTESIAN_POINT('',(20.,-20.,-40.));
#5555=CARTESIAN_POINT('Origin',(26.,-15.5,-40.));
#5556=CARTESIAN_POINT('',(20.,-20.,0.));
#5557=CARTESIAN_POINT('Origin',(26.,-15.5,0.));
#5558=CARTESIAN_POINT('',(20.,-20.,0.));
#5559=CARTESIAN_POINT('Origin',(-26.0000003695488,-15.5,-40.));
#5560=CARTESIAN_POINT('',(-22.6000003695488,-15.5,-40.));
#5561=CARTESIAN_POINT('Origin',(-26.0000003695488,-15.5,-40.));
#5562=CARTESIAN_POINT('',(-22.6000003695488,-15.5,-25.));
#5563=CARTESIAN_POINT('',(-22.6000003695488,-15.5,-40.));
#5564=CARTESIAN_POINT('Origin',(-26.0000003695488,-15.5,-25.));
#5565=CARTESIAN_POINT('Origin',(-26.0000003695488,-15.5,-25.));
#5566=CARTESIAN_POINT('Origin',(-26.,15.5,-10.));
#5567=CARTESIAN_POINT('',(-21.25,15.5,-10.));
#5568=CARTESIAN_POINT('Origin',(-26.,15.5,-10.));
#5569=CARTESIAN_POINT('',(-21.25,15.5,-40.));
#5570=CARTESIAN_POINT('',(-21.25,15.5,-10.));
#5571=CARTESIAN_POINT('Origin',(-26.,15.5,-40.));
#5572=CARTESIAN_POINT('Origin',(-26.,15.5,-10.));
#5573=CARTESIAN_POINT('',(-23.,15.5,-10.));
#5574=CARTESIAN_POINT('Origin',(-26.,15.5,-10.));
#5575=CARTESIAN_POINT('Origin',(-26.,15.5,-40.));
#5576=CARTESIAN_POINT('',(-23.,15.5,0.));
#5577=CARTESIAN_POINT('',(-23.,15.5,-40.));
#5578=CARTESIAN_POINT('Origin',(-26.,15.5,0.));
#5579=CARTESIAN_POINT('Origin',(-26.0000003695488,-15.5,0.));
#5580=CARTESIAN_POINT('',(-20.0000003695488,-20.,-40.));
#5581=CARTESIAN_POINT('',(-31.5,-10.4009800877976,-40.));
#5582=CARTESIAN_POINT('Origin',(-26.0000003695488,-15.5,-40.));
#5583=CARTESIAN_POINT('',(-20.0000003695488,-20.,0.));
#5584=CARTESIAN_POINT('',(-20.0000003695488,-20.,0.));
#5585=CARTESIAN_POINT('',(-31.5,-10.4009800877976,0.));
#5586=CARTESIAN_POINT('Origin',(-26.0000003695488,-15.5,0.));
#5587=CARTESIAN_POINT('',(-31.5,-10.4009800877976,0.));
#5588=CARTESIAN_POINT('Origin',(-26.,15.5,0.));
#5589=CARTESIAN_POINT('',(-31.5,10.4009804864072,-40.));
#5590=CARTESIAN_POINT('Origin',(-26.,15.5,-40.));
#5591=CARTESIAN_POINT('',(-31.5,10.4009804864072,0.));
#5592=CARTESIAN_POINT('',(-31.5,10.4009804864072,0.));
#5593=CARTESIAN_POINT('Origin',(-26.,15.5,0.));
#5594=CARTESIAN_POINT('Origin',(-9.2,6.4,0.));
#5595=CARTESIAN_POINT('',(-9.2,6.4,0.));
#5596=CARTESIAN_POINT('',(-9.2,-6.4,0.));
#5597=CARTESIAN_POINT('',(-9.2,3.2,0.));
#5598=CARTESIAN_POINT('',(-9.2,-6.4,-4.));
#5599=CARTESIAN_POINT('',(-9.2,-6.4,0.));
#5600=CARTESIAN_POINT('',(-9.2,6.4,-4.));
#5601=CARTESIAN_POINT('',(-9.2,6.4,-4.));
#5602=CARTESIAN_POINT('',(-9.2,6.4,0.));
#5603=CARTESIAN_POINT('Origin',(9.2,6.4,0.));
#5604=CARTESIAN_POINT('',(9.2,6.4,0.));
#5605=CARTESIAN_POINT('',(4.6,6.4,0.));
#5606=CARTESIAN_POINT('',(9.2,6.4,-4.));
#5607=CARTESIAN_POINT('',(9.2,6.4,-4.));
#5608=CARTESIAN_POINT('',(9.2,6.4,0.));
#5609=CARTESIAN_POINT('Origin',(9.2,-6.4,0.));
#5610=CARTESIAN_POINT('',(9.2,-6.4,0.));
#5611=CARTESIAN_POINT('',(9.2,-3.2,0.));
#5612=CARTESIAN_POINT('',(9.2,-6.4,-4.));
#5613=CARTESIAN_POINT('',(9.2,-6.4,-4.));
#5614=CARTESIAN_POINT('',(9.2,-6.4,0.));
#5615=CARTESIAN_POINT('Origin',(-9.2,-6.4,0.));
#5616=CARTESIAN_POINT('',(-4.6,-6.4,0.));
#5617=CARTESIAN_POINT('',(-9.2,-6.4,-4.));
#5618=CARTESIAN_POINT('Origin',(0.,1.11022302462516E-15,-4.));
#5619=CARTESIAN_POINT('Origin',(8.85,-6.2,-40.));
#5620=CARTESIAN_POINT('',(8.85,6.2,-40.));
#5621=CARTESIAN_POINT('',(8.85,-6.2,-40.));
#5622=CARTESIAN_POINT('',(8.85,-3.1,-40.));
#5623=CARTESIAN_POINT('',(8.85,-6.2,-42.9));
#5624=CARTESIAN_POINT('',(8.85,-6.2,-40.));
#5625=CARTESIAN_POINT('',(8.85,6.2,-42.9));
#5626=CARTESIAN_POINT('',(8.85,6.2,-42.9));
#5627=CARTESIAN_POINT('',(8.85,6.2,-40.));
#5628=CARTESIAN_POINT('Origin',(-8.85,-6.2,-40.));
#5629=CARTESIAN_POINT('',(-8.85,-6.2,-40.));
#5630=CARTESIAN_POINT('',(-4.425,-6.2,-40.));
#5631=CARTESIAN_POINT('',(-8.85,-6.2,-42.9));
#5632=CARTESIAN_POINT('',(-8.85,-6.2,-40.));
#5633=CARTESIAN_POINT('',(8.85,-6.2,-42.9));
#5634=CARTESIAN_POINT('Origin',(-8.85,6.2,-40.));
#5635=CARTESIAN_POINT('',(-8.85,6.2,-40.));
#5636=CARTESIAN_POINT('',(-8.85,3.1,-40.));
#5637=CARTESIAN_POINT('',(-8.85,6.2,-42.9));
#5638=CARTESIAN_POINT('',(-8.85,6.2,-40.));
#5639=CARTESIAN_POINT('',(-8.85,-6.2,-42.9));
#5640=CARTESIAN_POINT('Origin',(8.85,6.2,-40.));
#5641=CARTESIAN_POINT('',(4.425,6.2,-40.));
#5642=CARTESIAN_POINT('',(-8.85,6.2,-42.9));
#5643=CARTESIAN_POINT('Origin',(2.22044604925031E-15,1.11022302462516E-15,
-42.9));
#5644=CARTESIAN_POINT('Origin',(-31.5,-20.,0.));
#5645=CARTESIAN_POINT('',(31.5,-20.,0.));
#5646=CARTESIAN_POINT('',(31.5,-20.,-40.));
#5647=CARTESIAN_POINT('Origin',(-31.5,20.,0.));
#5648=CARTESIAN_POINT('',(-31.5,-20.,0.));
#5649=CARTESIAN_POINT('',(-31.5,-20.,-40.));
#5650=CARTESIAN_POINT('Origin',(0.,0.,-40.));
#5651=CARTESIAN_POINT('Origin',(0.,0.,0.));
#5652=CARTESIAN_POINT('Origin',(274.8,309.,-127.7));
#5653=CARTESIAN_POINT('',(277.8,309.,-127.7));
#5654=CARTESIAN_POINT('Origin',(274.8,309.,-127.7));
#5655=CARTESIAN_POINT('',(277.8,309.,-77.7));
#5656=CARTESIAN_POINT('',(277.8,309.,-127.7));
#5657=CARTESIAN_POINT('Origin',(274.8,309.,-77.7));
#5658=CARTESIAN_POINT('Origin',(274.8,309.,-77.7));
#5659=CARTESIAN_POINT('Origin',(305.8,309.,-127.7));
#5660=CARTESIAN_POINT('',(308.8,309.,-127.7));
#5661=CARTESIAN_POINT('Origin',(305.8,309.,-127.7));
#5662=CARTESIAN_POINT('',(308.8,309.,-77.7));
#5663=CARTESIAN_POINT('',(308.8,309.,-127.7));
#5664=CARTESIAN_POINT('Origin',(305.8,309.,-77.7));
#5665=CARTESIAN_POINT('Origin',(305.8,309.,-77.7));
#5666=CARTESIAN_POINT('Origin',(274.8,361.,-127.7));
#5667=CARTESIAN_POINT('',(277.8,361.,-127.7));
#5668=CARTESIAN_POINT('Origin',(274.8,361.,-127.7));
#5669=CARTESIAN_POINT('',(277.8,361.,-77.7));
#5670=CARTESIAN_POINT('',(277.8,361.,-127.7));
#5671=CARTESIAN_POINT('Origin',(274.8,361.,-77.7));
#5672=CARTESIAN_POINT('Origin',(274.8,361.,-77.7));
#5673=CARTESIAN_POINT('Origin',(305.8,361.,-127.7));
#5674=CARTESIAN_POINT('',(308.8,361.,-127.7));
#5675=CARTESIAN_POINT('Origin',(305.8,361.,-127.7));
#5676=CARTESIAN_POINT('',(308.8,361.,-77.7));
#5677=CARTESIAN_POINT('',(308.8,361.,-127.7));
#5678=CARTESIAN_POINT('Origin',(305.8,361.,-77.7));
#5679=CARTESIAN_POINT('Origin',(305.8,361.,-77.7));
#5680=CARTESIAN_POINT('Origin',(290.3,300.,-33.7));
#5681=CARTESIAN_POINT('',(282.3,370.,-33.7));
#5682=CARTESIAN_POINT('Origin',(290.3,370.,-33.7));
#5683=CARTESIAN_POINT('',(282.3,300.,-33.7));
#5684=CARTESIAN_POINT('',(282.3,300.,-33.7));
#5685=CARTESIAN_POINT('Origin',(290.3,300.,-33.7));
#5686=CARTESIAN_POINT('Origin',(290.3,300.,-108.7));
#5687=CARTESIAN_POINT('',(282.3,370.,-108.7));
#5688=CARTESIAN_POINT('Origin',(290.3,370.,-108.7));
#5689=CARTESIAN_POINT('',(282.3,300.,-108.7));
#5690=CARTESIAN_POINT('',(282.3,300.,-108.7));
#5691=CARTESIAN_POINT('Origin',(290.3,300.,-108.7));
#5692=CARTESIAN_POINT('Origin',(310.3,300.,-14.7));
#5693=CARTESIAN_POINT('',(310.3,300.,-14.7));
#5694=CARTESIAN_POINT('',(270.3,300.,-14.7));
#5695=CARTESIAN_POINT('',(310.3,300.,-14.7));
#5696=CARTESIAN_POINT('',(310.3,370.,-14.7));
#5697=CARTESIAN_POINT('',(310.3,300.,-14.7));
#5698=CARTESIAN_POINT('',(270.3,370.,-14.7));
#5699=CARTESIAN_POINT('',(310.3,370.,-14.7));
#5700=CARTESIAN_POINT('',(270.3,300.,-14.7));
#5701=CARTESIAN_POINT('Origin',(310.3,300.,-127.7));
#5702=CARTESIAN_POINT('',(310.3,300.,-127.7));
#5703=CARTESIAN_POINT('',(310.3,300.,-127.7));
#5704=CARTESIAN_POINT('',(310.3,370.,-127.7));
#5705=CARTESIAN_POINT('',(310.3,300.,-127.7));
#5706=CARTESIAN_POINT('',(310.3,370.,-127.7));
#5707=CARTESIAN_POINT('Origin',(270.3,300.,-127.7));
#5708=CARTESIAN_POINT('',(270.3,300.,-127.7));
#5709=CARTESIAN_POINT('',(270.3,300.,-127.7));
#5710=CARTESIAN_POINT('',(270.3,370.,-127.7));
#5711=CARTESIAN_POINT('',(270.3,300.,-127.7));
#5712=CARTESIAN_POINT('',(270.3,370.,-127.7));
#5713=CARTESIAN_POINT('Origin',(270.3,300.,-14.7));
#5714=CARTESIAN_POINT('',(270.3,300.,-14.7));
#5715=CARTESIAN_POINT('',(270.3,370.,-14.7));
#5716=CARTESIAN_POINT('Origin',(290.3,370.,-71.2));
#5717=CARTESIAN_POINT('Origin',(290.3,300.,-71.2));
#5718=CARTESIAN_POINT('',(290.3,335.,-127.7));
#5719=CARTESIAN_POINT('',(-5.91410971624308E-14,-46.7929071187974,2.08721928629529E-13));
#5720=CARTESIAN_POINT('',(0.,0.,0.));
#5721=CARTESIAN_POINT('',(0.,0.,0.));
#5722=CARTESIAN_POINT('',(-1.37667655053518E-13,-46.7929071187974,2.52939281626796E-13));
#5723=CARTESIAN_POINT('',(-43.2594922178633,-46.7929071187969,1.39031894694707E-12));
#5724=CARTESIAN_POINT('',(-6.25794213379579E-13,-46.7929071187975,2.17603712826531E-13));
#5725=UNCERTAINTY_MEASURE_WITH_UNIT(LENGTH_MEASURE(0.01),#5745,
'DISTANCE_ACCURACY_VALUE',
'Maximum model space distance between geometric entities at asserted c
onnectivities');
#5726=UNCERTAINTY_MEASURE_WITH_UNIT(LENGTH_MEASURE(0.01),#5745,
'DISTANCE_ACCURACY_VALUE',
'Maximum model space distance between geometric entities at asserted c
onnectivities');
#5727=UNCERTAINTY_MEASURE_WITH_UNIT(LENGTH_MEASURE(0.01),#5745,
'DISTANCE_ACCURACY_VALUE',
'Maximum model space distance between geometric entities at asserted c
onnectivities');
#5728=UNCERTAINTY_MEASURE_WITH_UNIT(LENGTH_MEASURE(0.01),#5745,
'DISTANCE_ACCURACY_VALUE',
'Maximum model space distance between geometric entities at asserted c
onnectivities');
#5729=UNCERTAINTY_MEASURE_WITH_UNIT(LENGTH_MEASURE(0.01),#5745,
'DISTANCE_ACCURACY_VALUE',
'Maximum model space distance between geometric entities at asserted c
onnectivities');
#5730=UNCERTAINTY_MEASURE_WITH_UNIT(LENGTH_MEASURE(0.01),#5745,
'DISTANCE_ACCURACY_VALUE',
'Maximum model space distance between geometric entities at asserted c
onnectivities');
#5731=UNCERTAINTY_MEASURE_WITH_UNIT(LENGTH_MEASURE(0.01),#5745,
'DISTANCE_ACCURACY_VALUE',
'Maximum model space distance between geometric entities at asserted c
onnectivities');
#5732=UNCERTAINTY_MEASURE_WITH_UNIT(LENGTH_MEASURE(0.01),#5745,
'DISTANCE_ACCURACY_VALUE',
'Maximum model space distance between geometric entities at asserted c
onnectivities');
#5733=UNCERTAINTY_MEASURE_WITH_UNIT(LENGTH_MEASURE(0.01),#5745,
'DISTANCE_ACCURACY_VALUE',
'Maximum model space distance between geometric entities at asserted c
onnectivities');
#5734=UNCERTAINTY_MEASURE_WITH_UNIT(LENGTH_MEASURE(0.01),#5745,
'DISTANCE_ACCURACY_VALUE',
'Maximum model space distance between geometric entities at asserted c
onnectivities');
#5735=(
GEOMETRIC_REPRESENTATION_CONTEXT(3)
GLOBAL_UNCERTAINTY_ASSIGNED_CONTEXT((#5725))
GLOBAL_UNIT_ASSIGNED_CONTEXT((#5745,#5747,#5748))
REPRESENTATION_CONTEXT('','3D')
);
#5736=(
GEOMETRIC_REPRESENTATION_CONTEXT(3)
GLOBAL_UNCERTAINTY_ASSIGNED_CONTEXT((#5726))
GLOBAL_UNIT_ASSIGNED_CONTEXT((#5745,#5747,#5748))
REPRESENTATION_CONTEXT('','3D')
);
#5737=(
GEOMETRIC_REPRESENTATION_CONTEXT(3)
GLOBAL_UNCERTAINTY_ASSIGNED_CONTEXT((#5727))
GLOBAL_UNIT_ASSIGNED_CONTEXT((#5745,#5747,#5748))
REPRESENTATION_CONTEXT('','3D')
);
#5738=(
GEOMETRIC_REPRESENTATION_CONTEXT(3)
GLOBAL_UNCERTAINTY_ASSIGNED_CONTEXT((#5728))
GLOBAL_UNIT_ASSIGNED_CONTEXT((#5745,#5747,#5748))
REPRESENTATION_CONTEXT('','3D')
);
#5739=(
GEOMETRIC_REPRESENTATION_CONTEXT(3)
GLOBAL_UNCERTAINTY_ASSIGNED_CONTEXT((#5729))
GLOBAL_UNIT_ASSIGNED_CONTEXT((#5745,#5747,#5748))
REPRESENTATION_CONTEXT('','3D')
);
#5740=(
GEOMETRIC_REPRESENTATION_CONTEXT(3)
GLOBAL_UNCERTAINTY_ASSIGNED_CONTEXT((#5730))
GLOBAL_UNIT_ASSIGNED_CONTEXT((#5745,#5747,#5748))
REPRESENTATION_CONTEXT('','3D')
);
#5741=(
GEOMETRIC_REPRESENTATION_CONTEXT(3)
GLOBAL_UNCERTAINTY_ASSIGNED_CONTEXT((#5731))
GLOBAL_UNIT_ASSIGNED_CONTEXT((#5745,#5747,#5748))
REPRESENTATION_CONTEXT('','3D')
);
#5742=(
GEOMETRIC_REPRESENTATION_CONTEXT(3)
GLOBAL_UNCERTAINTY_ASSIGNED_CONTEXT((#5732))
GLOBAL_UNIT_ASSIGNED_CONTEXT((#5745,#5747,#5748))
REPRESENTATION_CONTEXT('','3D')
);
#5743=(
GEOMETRIC_REPRESENTATION_CONTEXT(3)
GLOBAL_UNCERTAINTY_ASSIGNED_CONTEXT((#5733))
GLOBAL_UNIT_ASSIGNED_CONTEXT((#5745,#5747,#5748))
REPRESENTATION_CONTEXT('','3D')
);
#5744=(
GEOMETRIC_REPRESENTATION_CONTEXT(3)
GLOBAL_UNCERTAINTY_ASSIGNED_CONTEXT((#5734))
GLOBAL_UNIT_ASSIGNED_CONTEXT((#5745,#5747,#5748))
REPRESENTATION_CONTEXT('','3D')
);
#5745=(
LENGTH_UNIT()
NAMED_UNIT(*)
SI_UNIT(.MILLI.,.METRE.)
);
#5746=(
LENGTH_UNIT()
NAMED_UNIT(*)
SI_UNIT($,.METRE.)
);
#5747=(
NAMED_UNIT(*)
PLANE_ANGLE_UNIT()
SI_UNIT($,.RADIAN.)
);
#5748=(
NAMED_UNIT(*)
SI_UNIT($,.STERADIAN.)
SOLID_ANGLE_UNIT()
);
#5749=SHAPE_DEFINITION_REPRESENTATION(#5758,#5775);
#5750=SHAPE_DEFINITION_REPRESENTATION(#5759,#5776);
#5751=SHAPE_DEFINITION_REPRESENTATION(#5760,#5777);
#5752=SHAPE_DEFINITION_REPRESENTATION(#5762,#5778);
#5753=SHAPE_DEFINITION_REPRESENTATION(#5763,#5779);
#5754=SHAPE_DEFINITION_REPRESENTATION(#5764,#5780);
#5755=SHAPE_DEFINITION_REPRESENTATION(#5765,#5781);
#5756=SHAPE_DEFINITION_REPRESENTATION(#5766,#5782);
#5757=SHAPE_DEFINITION_REPRESENTATION(#5767,#5783);
#5758=PRODUCT_DEFINITION_SHAPE('',$,#5785);
#5759=PRODUCT_DEFINITION_SHAPE('',$,#5786);
#5760=PRODUCT_DEFINITION_SHAPE('',$,#5787);
#5761=PRODUCT_DEFINITION_SHAPE($,$,#35);
#5762=PRODUCT_DEFINITION_SHAPE('',$,#5788);
#5763=PRODUCT_DEFINITION_SHAPE('',$,#5789);
#5764=PRODUCT_DEFINITION_SHAPE('',$,#5790);
#5765=PRODUCT_DEFINITION_SHAPE('',$,#5791);
#5766=PRODUCT_DEFINITION_SHAPE('',$,#5792);
#5767=PRODUCT_DEFINITION_SHAPE('',$,#5793);
#5768=PRODUCT_DEFINITION_SHAPE($,$,#36);
#5769=PRODUCT_DEFINITION_SHAPE($,$,#37);
#5770=PRODUCT_DEFINITION_SHAPE($,$,#38);
#5771=PRODUCT_DEFINITION_SHAPE($,$,#39);
#5772=PRODUCT_DEFINITION_SHAPE($,$,#40);
#5773=PRODUCT_DEFINITION_SHAPE($,$,#41);
#5774=PRODUCT_DEFINITION_SHAPE($,$,#42);
#5775=SHAPE_REPRESENTATION('',(#3509,#3802,#3803,#3804,#3805,#3806,#3807),
#5735);
#5776=SHAPE_REPRESENTATION('',(#3510,#3590),#5736);
#5777=SHAPE_REPRESENTATION('',(#3511),#5737);
#5778=SHAPE_REPRESENTATION('',(#3591),#5738);
#5779=SHAPE_REPRESENTATION('',(#3628),#5739);
#5780=SHAPE_REPRESENTATION('',(#3649),#5740);
#5781=SHAPE_REPRESENTATION('',(#3684),#5741);
#5782=SHAPE_REPRESENTATION('',(#3721,#3801),#5742);
#5783=SHAPE_REPRESENTATION('',(#3722),#5743);
#5784=PRODUCT_DEFINITION_CONTEXT('part definition',#5813,'design');
#5785=PRODUCT_DEFINITION('CNC machine (extended)',
'CNC machine (extended)',#5794,#5784);
#5786=PRODUCT_DEFINITION('Y axis Block','Y axis Block',#5795,#5784);
#5787=PRODUCT_DEFINITION('Block_extention_z-axis_40mm',
'Block_extention_z-axis_40mm v2',#5796,#5784);
#5788=PRODUCT_DEFINITION('Y axis module','Y axis module',#5797,#5784);
#5789=PRODUCT_DEFINITION('Alminum Profile','Alminum Profile',#5798,#5784);
#5790=PRODUCT_DEFINITION('X axis module','X axis module',#5799,#5784);
#5791=PRODUCT_DEFINITION('Z axis module','Z axis module',#5800,#5784);
#5792=PRODUCT_DEFINITION('Y axis Block(Mirror)','Y axis Block(Mirror)',
#5801,#5784);
#5793=PRODUCT_DEFINITION('Block_extention_z-axis_40mm v2(Mirror)',
'Block_extention_z-axis_40mm v2(Mirror)',#5802,#5784);
#5794=PRODUCT_DEFINITION_FORMATION('',$,#5815);
#5795=PRODUCT_DEFINITION_FORMATION('',$,#5816);
#5796=PRODUCT_DEFINITION_FORMATION('',$,#5817);
#5797=PRODUCT_DEFINITION_FORMATION('',$,#5818);
#5798=PRODUCT_DEFINITION_FORMATION('',$,#5819);
#5799=PRODUCT_DEFINITION_FORMATION('',$,#5820);
#5800=PRODUCT_DEFINITION_FORMATION('',$,#5821);
#5801=PRODUCT_DEFINITION_FORMATION('',$,#5822);
#5802=PRODUCT_DEFINITION_FORMATION('',$,#5823);
#5803=PRODUCT_RELATED_PRODUCT_CATEGORY('CNC machine (extended)',
'CNC machine (extended)',(#5815));
#5804=PRODUCT_RELATED_PRODUCT_CATEGORY('Y axis Block','Y axis Block',(#5816));
#5805=PRODUCT_RELATED_PRODUCT_CATEGORY('Block_extention_z-axis_40mm v2',
'Block_extention_z-axis_40mm v2',(#5817));
#5806=PRODUCT_RELATED_PRODUCT_CATEGORY('Y axis module','Y axis module',
(#5818));
#5807=PRODUCT_RELATED_PRODUCT_CATEGORY('Alminum Profile',
'Alminum Profile',(#5819));
#5808=PRODUCT_RELATED_PRODUCT_CATEGORY('X axis module','X axis module',
(#5820));
#5809=PRODUCT_RELATED_PRODUCT_CATEGORY('Z axis module','Z axis module',
(#5821));
#5810=PRODUCT_RELATED_PRODUCT_CATEGORY('Y axis Block(Mirror)',
'Y axis Block(Mirror)',(#5822));
#5811=PRODUCT_RELATED_PRODUCT_CATEGORY(
'Block_extention_z-axis_40mm v2(Mirror)',
'Block_extention_z-axis_40mm v2(Mirror)',(#5823));
#5812=APPLICATION_PROTOCOL_DEFINITION('international standard',
'automotive_design',2009,#5813);
#5813=APPLICATION_CONTEXT(
'Core Data for Automotive Mechanical Design Process');
#5814=PRODUCT_CONTEXT('part definition',#5813,'mechanical');
#5815=PRODUCT('CNC machine (extended)','CNC machine (extended)',$,(#5814));
#5816=PRODUCT('Y axis Block','Y axis Block',$,(#5814));
#5817=PRODUCT('Block_extention_z-axis_40mm',
'Block_extention_z-axis_40mm v2',$,(#5814));
#5818=PRODUCT('Y axis module','Y axis module',$,(#5814));
#5819=PRODUCT('Alminum Profile','Alminum Profile',$,(#5814));
#5820=PRODUCT('X axis module','X axis module',$,(#5814));
#5821=PRODUCT('Z axis module','Z axis module',$,(#5814));
#5822=PRODUCT('Y axis Block(Mirror)','Y axis Block(Mirror)',$,(#5814));
#5823=PRODUCT('Block_extention_z-axis_40mm v2(Mirror)',
'Block_extention_z-axis_40mm v2(Mirror)',$,(#5814));
#5824=PRESENTATION_STYLE_ASSIGNMENT((#5825));
#5825=SURFACE_STYLE_USAGE(.BOTH.,#5826);
#5826=SURFACE_SIDE_STYLE('',(#5827));
#5827=SURFACE_STYLE_FILL_AREA(#5828);
#5828=FILL_AREA_STYLE('Steel - Satin',(#5829));
#5829=FILL_AREA_STYLE_COLOUR('Steel - Satin',#5830);
#5830=COLOUR_RGB('Steel - Satin',0.627450980392157,0.627450980392157,0.627450980392157);
ENDSEC;
END-ISO-10303-21;
