ISO-10303-21;
HEADER;
/* Generated by software containing ST-Developer
 * from STEP Tools, Inc. (www.steptools.com) 
 */

FILE_DESCRIPTION(
/* description */ (''),
/* implementation_level */ '2;1');

FILE_NAME(
/* name */ 'PRT_Balance_EXA303.step',
/* time_stamp */ '2026-10-02T15:58:19-04:00',
/* author */ (''),
/* organization */ (''),
/* preprocessor_version */ 'ST-DEVELOPER v20.2',
/* originating_system */ 'Autodesk Translation Framework v15.15.0.0',
/* authorisation */ '');

FILE_SCHEMA (('AUTOMOTIVE_DESIGN { 1 0 10303 214 3 1 1 }'));
ENDSEC;

DATA;
#10=MECHANICAL_DESIGN_GEOMETRIC_PRESENTATION_REPRESENTATION('',(#13),#11647);
#11=SHAPE_REPRESENTATION_RELATIONSHIP('SRR','None',#11654,#12);
#12=ADVANCED_BREP_SHAPE_REPRESENTATION('',(#14),#11646);
#13=STYLED_ITEM('',(#11663),#14);
#14=MANIFOLD_SOLID_BREP('Body1',#5739);
#15=CIRCLE('',#5851,5.);
#16=CIRCLE('',#5852,5.);
#17=CIRCLE('',#5855,25.);
#18=CIRCLE('',#5856,25.);
#19=CIRCLE('',#5859,25.);
#20=CIRCLE('',#5860,25.);
#21=CIRCLE('',#5863,25.);
#22=CIRCLE('',#5864,25.);
#23=CIRCLE('',#5865,25.);
#24=CIRCLE('',#5866,25.);
#25=CIRCLE('',#5870,25.);
#26=CIRCLE('',#5871,25.);
#27=CIRCLE('',#5872,25.);
#28=CIRCLE('',#5873,25.);
#29=CYLINDRICAL_SURFACE('',#5850,5.);
#30=CYLINDRICAL_SURFACE('',#5854,25.);
#31=CYLINDRICAL_SURFACE('',#5858,25.);
#32=CYLINDRICAL_SURFACE('',#5862,25.);
#33=CYLINDRICAL_SURFACE('',#5869,25.);
#34=FACE_BOUND('',#514,.T.);
#35=FACE_BOUND('',#550,.T.);
#36=FACE_BOUND('',#590,.T.);
#37=FACE_BOUND('',#654,.T.);
#38=FACE_BOUND('',#667,.T.);
#39=FACE_BOUND('',#769,.T.);
#40=FACE_BOUND('',#770,.T.);
#41=FACE_BOUND('',#772,.T.);
#42=FACE_BOUND('',#773,.T.);
#43=FACE_BOUND('',#774,.T.);
#44=FACE_BOUND('',#775,.T.);
#45=FACE_BOUND('',#776,.T.);
#46=FACE_BOUND('',#777,.T.);
#47=FACE_BOUND('',#778,.T.);
#48=FACE_BOUND('',#779,.T.);
#49=FACE_BOUND('',#780,.T.);
#50=FACE_BOUND('',#781,.T.);
#51=FACE_BOUND('',#782,.T.);
#52=FACE_BOUND('',#783,.T.);
#53=FACE_BOUND('',#784,.T.);
#54=FACE_BOUND('',#805,.T.);
#55=FACE_BOUND('',#806,.T.);
#56=FACE_BOUND('',#810,.T.);
#57=PLANE('',#5753);
#58=PLANE('',#5754);
#59=PLANE('',#5755);
#60=PLANE('',#5756);
#61=PLANE('',#5757);
#62=PLANE('',#5758);
#63=PLANE('',#5759);
#64=PLANE('',#5760);
#65=PLANE('',#5761);
#66=PLANE('',#5762);
#67=PLANE('',#5763);
#68=PLANE('',#5764);
#69=PLANE('',#5765);
#70=PLANE('',#5766);
#71=PLANE('',#5767);
#72=PLANE('',#5768);
#73=PLANE('',#5769);
#74=PLANE('',#5770);
#75=PLANE('',#5771);
#76=PLANE('',#5772);
#77=PLANE('',#5773);
#78=PLANE('',#5774);
#79=PLANE('',#5775);
#80=PLANE('',#5776);
#81=PLANE('',#5777);
#82=PLANE('',#5778);
#83=PLANE('',#5779);
#84=PLANE('',#5780);
#85=PLANE('',#5781);
#86=PLANE('',#5782);
#87=PLANE('',#5783);
#88=PLANE('',#5784);
#89=PLANE('',#5785);
#90=PLANE('',#5786);
#91=PLANE('',#5787);
#92=PLANE('',#5788);
#93=PLANE('',#5789);
#94=PLANE('',#5790);
#95=PLANE('',#5791);
#96=PLANE('',#5792);
#97=PLANE('',#5793);
#98=PLANE('',#5794);
#99=PLANE('',#5795);
#100=PLANE('',#5796);
#101=PLANE('',#5797);
#102=PLANE('',#5798);
#103=PLANE('',#5799);
#104=PLANE('',#5800);
#105=PLANE('',#5801);
#106=PLANE('',#5802);
#107=PLANE('',#5803);
#108=PLANE('',#5804);
#109=PLANE('',#5805);
#110=PLANE('',#5806);
#111=PLANE('',#5807);
#112=PLANE('',#5808);
#113=PLANE('',#5809);
#114=PLANE('',#5810);
#115=PLANE('',#5811);
#116=PLANE('',#5812);
#117=PLANE('',#5813);
#118=PLANE('',#5814);
#119=PLANE('',#5815);
#120=PLANE('',#5816);
#121=PLANE('',#5817);
#122=PLANE('',#5818);
#123=PLANE('',#5819);
#124=PLANE('',#5820);
#125=PLANE('',#5821);
#126=PLANE('',#5822);
#127=PLANE('',#5823);
#128=PLANE('',#5824);
#129=PLANE('',#5825);
#130=PLANE('',#5826);
#131=PLANE('',#5827);
#132=PLANE('',#5828);
#133=PLANE('',#5829);
#134=PLANE('',#5830);
#135=PLANE('',#5831);
#136=PLANE('',#5832);
#137=PLANE('',#5833);
#138=PLANE('',#5834);
#139=PLANE('',#5835);
#140=PLANE('',#5836);
#141=PLANE('',#5837);
#142=PLANE('',#5838);
#143=PLANE('',#5839);
#144=PLANE('',#5840);
#145=PLANE('',#5841);
#146=PLANE('',#5842);
#147=PLANE('',#5843);
#148=PLANE('',#5844);
#149=PLANE('',#5845);
#150=PLANE('',#5846);
#151=PLANE('',#5847);
#152=PLANE('',#5848);
#153=PLANE('',#5849);
#154=PLANE('',#5853);
#155=PLANE('',#5857);
#156=PLANE('',#5861);
#157=PLANE('',#5867);
#158=PLANE('',#5868);
#159=PLANE('',#5874);
#160=PLANE('',#5875);
#161=PLANE('',#5876);
#162=PLANE('',#5877);
#163=PLANE('',#5878);
#164=PLANE('',#5879);
#165=PLANE('',#5880);
#166=PLANE('',#5881);
#167=PLANE('',#5882);
#168=FACE_OUTER_BOUND('',#479,.T.);
#169=FACE_OUTER_BOUND('',#480,.T.);
#170=FACE_OUTER_BOUND('',#481,.T.);
#171=FACE_OUTER_BOUND('',#482,.T.);
#172=FACE_OUTER_BOUND('',#483,.T.);
#173=FACE_OUTER_BOUND('',#484,.T.);
#174=FACE_OUTER_BOUND('',#485,.T.);
#175=FACE_OUTER_BOUND('',#486,.T.);
#176=FACE_OUTER_BOUND('',#487,.T.);
#177=FACE_OUTER_BOUND('',#488,.T.);
#178=FACE_OUTER_BOUND('',#489,.T.);
#179=FACE_OUTER_BOUND('',#490,.T.);
#180=FACE_OUTER_BOUND('',#491,.T.);
#181=FACE_OUTER_BOUND('',#492,.T.);
#182=FACE_OUTER_BOUND('',#493,.T.);
#183=FACE_OUTER_BOUND('',#494,.T.);
#184=FACE_OUTER_BOUND('',#495,.T.);
#185=FACE_OUTER_BOUND('',#496,.T.);
#186=FACE_OUTER_BOUND('',#497,.T.);
#187=FACE_OUTER_BOUND('',#498,.T.);
#188=FACE_OUTER_BOUND('',#499,.T.);
#189=FACE_OUTER_BOUND('',#500,.T.);
#190=FACE_OUTER_BOUND('',#501,.T.);
#191=FACE_OUTER_BOUND('',#502,.T.);
#192=FACE_OUTER_BOUND('',#503,.T.);
#193=FACE_OUTER_BOUND('',#504,.T.);
#194=FACE_OUTER_BOUND('',#505,.T.);
#195=FACE_OUTER_BOUND('',#506,.T.);
#196=FACE_OUTER_BOUND('',#507,.T.);
#197=FACE_OUTER_BOUND('',#508,.T.);
#198=FACE_OUTER_BOUND('',#509,.T.);
#199=FACE_OUTER_BOUND('',#510,.T.);
#200=FACE_OUTER_BOUND('',#511,.T.);
#201=FACE_OUTER_BOUND('',#512,.T.);
#202=FACE_OUTER_BOUND('',#513,.T.);
#203=FACE_OUTER_BOUND('',#515,.T.);
#204=FACE_OUTER_BOUND('',#516,.T.);
#205=FACE_OUTER_BOUND('',#517,.T.);
#206=FACE_OUTER_BOUND('',#518,.T.);
#207=FACE_OUTER_BOUND('',#519,.T.);
#208=FACE_OUTER_BOUND('',#520,.T.);
#209=FACE_OUTER_BOUND('',#521,.T.);
#210=FACE_OUTER_BOUND('',#522,.T.);
#211=FACE_OUTER_BOUND('',#523,.T.);
#212=FACE_OUTER_BOUND('',#524,.T.);
#213=FACE_OUTER_BOUND('',#525,.T.);
#214=FACE_OUTER_BOUND('',#526,.T.);
#215=FACE_OUTER_BOUND('',#527,.T.);
#216=FACE_OUTER_BOUND('',#528,.T.);
#217=FACE_OUTER_BOUND('',#529,.T.);
#218=FACE_OUTER_BOUND('',#530,.T.);
#219=FACE_OUTER_BOUND('',#531,.T.);
#220=FACE_OUTER_BOUND('',#532,.T.);
#221=FACE_OUTER_BOUND('',#533,.T.);
#222=FACE_OUTER_BOUND('',#534,.T.);
#223=FACE_OUTER_BOUND('',#535,.T.);
#224=FACE_OUTER_BOUND('',#536,.T.);
#225=FACE_OUTER_BOUND('',#537,.T.);
#226=FACE_OUTER_BOUND('',#538,.T.);
#227=FACE_OUTER_BOUND('',#539,.T.);
#228=FACE_OUTER_BOUND('',#540,.T.);
#229=FACE_OUTER_BOUND('',#541,.T.);
#230=FACE_OUTER_BOUND('',#542,.T.);
#231=FACE_OUTER_BOUND('',#543,.T.);
#232=FACE_OUTER_BOUND('',#544,.T.);
#233=FACE_OUTER_BOUND('',#545,.T.);
#234=FACE_OUTER_BOUND('',#546,.T.);
#235=FACE_OUTER_BOUND('',#547,.T.);
#236=FACE_OUTER_BOUND('',#548,.T.);
#237=FACE_OUTER_BOUND('',#549,.T.);
#238=FACE_OUTER_BOUND('',#551,.T.);
#239=FACE_OUTER_BOUND('',#552,.T.);
#240=FACE_OUTER_BOUND('',#553,.T.);
#241=FACE_OUTER_BOUND('',#554,.T.);
#242=FACE_OUTER_BOUND('',#555,.T.);
#243=FACE_OUTER_BOUND('',#556,.T.);
#244=FACE_OUTER_BOUND('',#557,.T.);
#245=FACE_OUTER_BOUND('',#558,.T.);
#246=FACE_OUTER_BOUND('',#559,.T.);
#247=FACE_OUTER_BOUND('',#560,.T.);
#248=FACE_OUTER_BOUND('',#561,.T.);
#249=FACE_OUTER_BOUND('',#562,.T.);
#250=FACE_OUTER_BOUND('',#563,.T.);
#251=FACE_OUTER_BOUND('',#564,.T.);
#252=FACE_OUTER_BOUND('',#565,.T.);
#253=FACE_OUTER_BOUND('',#566,.T.);
#254=FACE_OUTER_BOUND('',#567,.T.);
#255=FACE_OUTER_BOUND('',#568,.T.);
#256=FACE_OUTER_BOUND('',#569,.T.);
#257=FACE_OUTER_BOUND('',#570,.T.);
#258=FACE_OUTER_BOUND('',#571,.T.);
#259=FACE_OUTER_BOUND('',#572,.T.);
#260=FACE_OUTER_BOUND('',#573,.T.);
#261=FACE_OUTER_BOUND('',#574,.T.);
#262=FACE_OUTER_BOUND('',#575,.T.);
#263=FACE_OUTER_BOUND('',#576,.T.);
#264=FACE_OUTER_BOUND('',#577,.T.);
#265=FACE_OUTER_BOUND('',#578,.T.);
#266=FACE_OUTER_BOUND('',#579,.T.);
#267=FACE_OUTER_BOUND('',#580,.T.);
#268=FACE_OUTER_BOUND('',#581,.T.);
#269=FACE_OUTER_BOUND('',#582,.T.);
#270=FACE_OUTER_BOUND('',#583,.T.);
#271=FACE_OUTER_BOUND('',#584,.T.);
#272=FACE_OUTER_BOUND('',#585,.T.);
#273=FACE_OUTER_BOUND('',#586,.T.);
#274=FACE_OUTER_BOUND('',#587,.T.);
#275=FACE_OUTER_BOUND('',#588,.T.);
#276=FACE_OUTER_BOUND('',#589,.T.);
#277=FACE_OUTER_BOUND('',#591,.T.);
#278=FACE_OUTER_BOUND('',#592,.T.);
#279=FACE_OUTER_BOUND('',#593,.T.);
#280=FACE_OUTER_BOUND('',#594,.T.);
#281=FACE_OUTER_BOUND('',#595,.T.);
#282=FACE_OUTER_BOUND('',#596,.T.);
#283=FACE_OUTER_BOUND('',#597,.T.);
#284=FACE_OUTER_BOUND('',#598,.T.);
#285=FACE_OUTER_BOUND('',#599,.T.);
#286=FACE_OUTER_BOUND('',#600,.T.);
#287=FACE_OUTER_BOUND('',#601,.T.);
#288=FACE_OUTER_BOUND('',#602,.T.);
#289=FACE_OUTER_BOUND('',#603,.T.);
#290=FACE_OUTER_BOUND('',#604,.T.);
#291=FACE_OUTER_BOUND('',#605,.T.);
#292=FACE_OUTER_BOUND('',#606,.T.);
#293=FACE_OUTER_BOUND('',#607,.T.);
#294=FACE_OUTER_BOUND('',#608,.T.);
#295=FACE_OUTER_BOUND('',#609,.T.);
#296=FACE_OUTER_BOUND('',#610,.T.);
#297=FACE_OUTER_BOUND('',#611,.T.);
#298=FACE_OUTER_BOUND('',#612,.T.);
#299=FACE_OUTER_BOUND('',#613,.T.);
#300=FACE_OUTER_BOUND('',#614,.T.);
#301=FACE_OUTER_BOUND('',#615,.T.);
#302=FACE_OUTER_BOUND('',#616,.T.);
#303=FACE_OUTER_BOUND('',#617,.T.);
#304=FACE_OUTER_BOUND('',#618,.T.);
#305=FACE_OUTER_BOUND('',#619,.T.);
#306=FACE_OUTER_BOUND('',#620,.T.);
#307=FACE_OUTER_BOUND('',#621,.T.);
#308=FACE_OUTER_BOUND('',#622,.T.);
#309=FACE_OUTER_BOUND('',#623,.T.);
#310=FACE_OUTER_BOUND('',#624,.T.);
#311=FACE_OUTER_BOUND('',#625,.T.);
#312=FACE_OUTER_BOUND('',#626,.T.);
#313=FACE_OUTER_BOUND('',#627,.T.);
#314=FACE_OUTER_BOUND('',#628,.T.);
#315=FACE_OUTER_BOUND('',#629,.T.);
#316=FACE_OUTER_BOUND('',#630,.T.);
#317=FACE_OUTER_BOUND('',#631,.T.);
#318=FACE_OUTER_BOUND('',#632,.T.);
#319=FACE_OUTER_BOUND('',#633,.T.);
#320=FACE_OUTER_BOUND('',#634,.T.);
#321=FACE_OUTER_BOUND('',#635,.T.);
#322=FACE_OUTER_BOUND('',#636,.T.);
#323=FACE_OUTER_BOUND('',#637,.T.);
#324=FACE_OUTER_BOUND('',#638,.T.);
#325=FACE_OUTER_BOUND('',#639,.T.);
#326=FACE_OUTER_BOUND('',#640,.T.);
#327=FACE_OUTER_BOUND('',#641,.T.);
#328=FACE_OUTER_BOUND('',#642,.T.);
#329=FACE_OUTER_BOUND('',#643,.T.);
#330=FACE_OUTER_BOUND('',#644,.T.);
#331=FACE_OUTER_BOUND('',#645,.T.);
#332=FACE_OUTER_BOUND('',#646,.T.);
#333=FACE_OUTER_BOUND('',#647,.T.);
#334=FACE_OUTER_BOUND('',#648,.T.);
#335=FACE_OUTER_BOUND('',#649,.T.);
#336=FACE_OUTER_BOUND('',#650,.T.);
#337=FACE_OUTER_BOUND('',#651,.T.);
#338=FACE_OUTER_BOUND('',#652,.T.);
#339=FACE_OUTER_BOUND('',#653,.T.);
#340=FACE_OUTER_BOUND('',#655,.T.);
#341=FACE_OUTER_BOUND('',#656,.T.);
#342=FACE_OUTER_BOUND('',#657,.T.);
#343=FACE_OUTER_BOUND('',#658,.T.);
#344=FACE_OUTER_BOUND('',#659,.T.);
#345=FACE_OUTER_BOUND('',#660,.T.);
#346=FACE_OUTER_BOUND('',#661,.T.);
#347=FACE_OUTER_BOUND('',#662,.T.);
#348=FACE_OUTER_BOUND('',#663,.T.);
#349=FACE_OUTER_BOUND('',#664,.T.);
#350=FACE_OUTER_BOUND('',#665,.T.);
#351=FACE_OUTER_BOUND('',#666,.T.);
#352=FACE_OUTER_BOUND('',#668,.T.);
#353=FACE_OUTER_BOUND('',#669,.T.);
#354=FACE_OUTER_BOUND('',#670,.T.);
#355=FACE_OUTER_BOUND('',#671,.T.);
#356=FACE_OUTER_BOUND('',#672,.T.);
#357=FACE_OUTER_BOUND('',#673,.T.);
#358=FACE_OUTER_BOUND('',#674,.T.);
#359=FACE_OUTER_BOUND('',#675,.T.);
#360=FACE_OUTER_BOUND('',#676,.T.);
#361=FACE_OUTER_BOUND('',#677,.T.);
#362=FACE_OUTER_BOUND('',#678,.T.);
#363=FACE_OUTER_BOUND('',#679,.T.);
#364=FACE_OUTER_BOUND('',#680,.T.);
#365=FACE_OUTER_BOUND('',#681,.T.);
#366=FACE_OUTER_BOUND('',#682,.T.);
#367=FACE_OUTER_BOUND('',#683,.T.);
#368=FACE_OUTER_BOUND('',#684,.T.);
#369=FACE_OUTER_BOUND('',#685,.T.);
#370=FACE_OUTER_BOUND('',#686,.T.);
#371=FACE_OUTER_BOUND('',#687,.T.);
#372=FACE_OUTER_BOUND('',#688,.T.);
#373=FACE_OUTER_BOUND('',#689,.T.);
#374=FACE_OUTER_BOUND('',#690,.T.);
#375=FACE_OUTER_BOUND('',#691,.T.);
#376=FACE_OUTER_BOUND('',#692,.T.);
#377=FACE_OUTER_BOUND('',#693,.T.);
#378=FACE_OUTER_BOUND('',#694,.T.);
#379=FACE_OUTER_BOUND('',#695,.T.);
#380=FACE_OUTER_BOUND('',#696,.T.);
#381=FACE_OUTER_BOUND('',#697,.T.);
#382=FACE_OUTER_BOUND('',#698,.T.);
#383=FACE_OUTER_BOUND('',#699,.T.);
#384=FACE_OUTER_BOUND('',#700,.T.);
#385=FACE_OUTER_BOUND('',#701,.T.);
#386=FACE_OUTER_BOUND('',#702,.T.);
#387=FACE_OUTER_BOUND('',#703,.T.);
#388=FACE_OUTER_BOUND('',#704,.T.);
#389=FACE_OUTER_BOUND('',#705,.T.);
#390=FACE_OUTER_BOUND('',#706,.T.);
#391=FACE_OUTER_BOUND('',#707,.T.);
#392=FACE_OUTER_BOUND('',#708,.T.);
#393=FACE_OUTER_BOUND('',#709,.T.);
#394=FACE_OUTER_BOUND('',#710,.T.);
#395=FACE_OUTER_BOUND('',#711,.T.);
#396=FACE_OUTER_BOUND('',#712,.T.);
#397=FACE_OUTER_BOUND('',#713,.T.);
#398=FACE_OUTER_BOUND('',#714,.T.);
#399=FACE_OUTER_BOUND('',#715,.T.);
#400=FACE_OUTER_BOUND('',#716,.T.);
#401=FACE_OUTER_BOUND('',#717,.T.);
#402=FACE_OUTER_BOUND('',#718,.T.);
#403=FACE_OUTER_BOUND('',#719,.T.);
#404=FACE_OUTER_BOUND('',#720,.T.);
#405=FACE_OUTER_BOUND('',#721,.T.);
#406=FACE_OUTER_BOUND('',#722,.T.);
#407=FACE_OUTER_BOUND('',#723,.T.);
#408=FACE_OUTER_BOUND('',#724,.T.);
#409=FACE_OUTER_BOUND('',#725,.T.);
#410=FACE_OUTER_BOUND('',#726,.T.);
#411=FACE_OUTER_BOUND('',#727,.T.);
#412=FACE_OUTER_BOUND('',#728,.T.);
#413=FACE_OUTER_BOUND('',#729,.T.);
#414=FACE_OUTER_BOUND('',#730,.T.);
#415=FACE_OUTER_BOUND('',#731,.T.);
#416=FACE_OUTER_BOUND('',#732,.T.);
#417=FACE_OUTER_BOUND('',#733,.T.);
#418=FACE_OUTER_BOUND('',#734,.T.);
#419=FACE_OUTER_BOUND('',#735,.T.);
#420=FACE_OUTER_BOUND('',#736,.T.);
#421=FACE_OUTER_BOUND('',#737,.T.);
#422=FACE_OUTER_BOUND('',#738,.T.);
#423=FACE_OUTER_BOUND('',#739,.T.);
#424=FACE_OUTER_BOUND('',#740,.T.);
#425=FACE_OUTER_BOUND('',#741,.T.);
#426=FACE_OUTER_BOUND('',#742,.T.);
#427=FACE_OUTER_BOUND('',#743,.T.);
#428=FACE_OUTER_BOUND('',#744,.T.);
#429=FACE_OUTER_BOUND('',#745,.T.);
#430=FACE_OUTER_BOUND('',#746,.T.);
#431=FACE_OUTER_BOUND('',#747,.T.);
#432=FACE_OUTER_BOUND('',#748,.T.);
#433=FACE_OUTER_BOUND('',#749,.T.);
#434=FACE_OUTER_BOUND('',#750,.T.);
#435=FACE_OUTER_BOUND('',#751,.T.);
#436=FACE_OUTER_BOUND('',#752,.T.);
#437=FACE_OUTER_BOUND('',#753,.T.);
#438=FACE_OUTER_BOUND('',#754,.T.);
#439=FACE_OUTER_BOUND('',#755,.T.);
#440=FACE_OUTER_BOUND('',#756,.T.);
#441=FACE_OUTER_BOUND('',#757,.T.);
#442=FACE_OUTER_BOUND('',#758,.T.);
#443=FACE_OUTER_BOUND('',#759,.T.);
#444=FACE_OUTER_BOUND('',#760,.T.);
#445=FACE_OUTER_BOUND('',#761,.T.);
#446=FACE_OUTER_BOUND('',#762,.T.);
#447=FACE_OUTER_BOUND('',#763,.T.);
#448=FACE_OUTER_BOUND('',#764,.T.);
#449=FACE_OUTER_BOUND('',#765,.T.);
#450=FACE_OUTER_BOUND('',#766,.T.);
#451=FACE_OUTER_BOUND('',#767,.T.);
#452=FACE_OUTER_BOUND('',#768,.T.);
#453=FACE_OUTER_BOUND('',#771,.T.);
#454=FACE_OUTER_BOUND('',#785,.T.);
#455=FACE_OUTER_BOUND('',#786,.T.);
#456=FACE_OUTER_BOUND('',#787,.T.);
#457=FACE_OUTER_BOUND('',#788,.T.);
#458=FACE_OUTER_BOUND('',#789,.T.);
#459=FACE_OUTER_BOUND('',#790,.T.);
#460=FACE_OUTER_BOUND('',#791,.T.);
#461=FACE_OUTER_BOUND('',#792,.T.);
#462=FACE_OUTER_BOUND('',#793,.T.);
#463=FACE_OUTER_BOUND('',#794,.T.);
#464=FACE_OUTER_BOUND('',#795,.T.);
#465=FACE_OUTER_BOUND('',#796,.T.);
#466=FACE_OUTER_BOUND('',#797,.T.);
#467=FACE_OUTER_BOUND('',#798,.T.);
#468=FACE_OUTER_BOUND('',#799,.T.);
#469=FACE_OUTER_BOUND('',#800,.T.);
#470=FACE_OUTER_BOUND('',#801,.T.);
#471=FACE_OUTER_BOUND('',#802,.T.);
#472=FACE_OUTER_BOUND('',#803,.T.);
#473=FACE_OUTER_BOUND('',#804,.T.);
#474=FACE_OUTER_BOUND('',#807,.T.);
#475=FACE_OUTER_BOUND('',#808,.T.);
#476=FACE_OUTER_BOUND('',#809,.T.);
#477=FACE_OUTER_BOUND('',#811,.T.);
#478=FACE_OUTER_BOUND('',#812,.T.);
#479=EDGE_LOOP('',(#3525,#3526,#3527,#3528));
#480=EDGE_LOOP('',(#3529,#3530,#3531,#3532));
#481=EDGE_LOOP('',(#3533,#3534,#3535,#3536));
#482=EDGE_LOOP('',(#3537,#3538,#3539,#3540));
#483=EDGE_LOOP('',(#3541,#3542,#3543,#3544));
#484=EDGE_LOOP('',(#3545,#3546,#3547,#3548));
#485=EDGE_LOOP('',(#3549,#3550,#3551,#3552));
#486=EDGE_LOOP('',(#3553,#3554,#3555,#3556));
#487=EDGE_LOOP('',(#3557,#3558,#3559,#3560));
#488=EDGE_LOOP('',(#3561,#3562,#3563,#3564));
#489=EDGE_LOOP('',(#3565,#3566,#3567,#3568));
#490=EDGE_LOOP('',(#3569,#3570,#3571,#3572));
#491=EDGE_LOOP('',(#3573,#3574,#3575,#3576));
#492=EDGE_LOOP('',(#3577,#3578,#3579,#3580));
#493=EDGE_LOOP('',(#3581,#3582,#3583,#3584));
#494=EDGE_LOOP('',(#3585,#3586,#3587,#3588));
#495=EDGE_LOOP('',(#3589,#3590,#3591,#3592));
#496=EDGE_LOOP('',(#3593,#3594,#3595,#3596));
#497=EDGE_LOOP('',(#3597,#3598,#3599,#3600));
#498=EDGE_LOOP('',(#3601,#3602,#3603,#3604));
#499=EDGE_LOOP('',(#3605,#3606,#3607,#3608));
#500=EDGE_LOOP('',(#3609,#3610,#3611,#3612));
#501=EDGE_LOOP('',(#3613,#3614,#3615,#3616));
#502=EDGE_LOOP('',(#3617,#3618,#3619,#3620));
#503=EDGE_LOOP('',(#3621,#3622,#3623,#3624));
#504=EDGE_LOOP('',(#3625,#3626,#3627,#3628));
#505=EDGE_LOOP('',(#3629,#3630,#3631,#3632));
#506=EDGE_LOOP('',(#3633,#3634,#3635,#3636));
#507=EDGE_LOOP('',(#3637,#3638,#3639,#3640));
#508=EDGE_LOOP('',(#3641,#3642,#3643,#3644));
#509=EDGE_LOOP('',(#3645,#3646,#3647,#3648));
#510=EDGE_LOOP('',(#3649,#3650,#3651,#3652));
#511=EDGE_LOOP('',(#3653,#3654,#3655,#3656));
#512=EDGE_LOOP('',(#3657,#3658,#3659,#3660));
#513=EDGE_LOOP('',(#3661,#3662,#3663,#3664,#3665,#3666,#3667,#3668,#3669,
#3670,#3671,#3672,#3673,#3674,#3675,#3676,#3677,#3678,#3679,#3680,#3681,
#3682,#3683,#3684,#3685));
#514=EDGE_LOOP('',(#3686,#3687,#3688,#3689,#3690,#3691,#3692,#3693,#3694));
#515=EDGE_LOOP('',(#3695,#3696,#3697,#3698));
#516=EDGE_LOOP('',(#3699,#3700,#3701,#3702));
#517=EDGE_LOOP('',(#3703,#3704,#3705,#3706));
#518=EDGE_LOOP('',(#3707,#3708,#3709,#3710));
#519=EDGE_LOOP('',(#3711,#3712,#3713,#3714));
#520=EDGE_LOOP('',(#3715,#3716,#3717,#3718));
#521=EDGE_LOOP('',(#3719,#3720,#3721,#3722));
#522=EDGE_LOOP('',(#3723,#3724,#3725,#3726));
#523=EDGE_LOOP('',(#3727,#3728,#3729,#3730));
#524=EDGE_LOOP('',(#3731,#3732,#3733,#3734));
#525=EDGE_LOOP('',(#3735,#3736,#3737,#3738));
#526=EDGE_LOOP('',(#3739,#3740,#3741,#3742));
#527=EDGE_LOOP('',(#3743,#3744,#3745,#3746));
#528=EDGE_LOOP('',(#3747,#3748,#3749,#3750));
#529=EDGE_LOOP('',(#3751,#3752,#3753,#3754));
#530=EDGE_LOOP('',(#3755,#3756,#3757,#3758));
#531=EDGE_LOOP('',(#3759,#3760,#3761,#3762));
#532=EDGE_LOOP('',(#3763,#3764,#3765,#3766));
#533=EDGE_LOOP('',(#3767,#3768,#3769,#3770));
#534=EDGE_LOOP('',(#3771,#3772,#3773,#3774));
#535=EDGE_LOOP('',(#3775,#3776,#3777,#3778));
#536=EDGE_LOOP('',(#3779,#3780,#3781,#3782));
#537=EDGE_LOOP('',(#3783,#3784,#3785,#3786));
#538=EDGE_LOOP('',(#3787,#3788,#3789,#3790));
#539=EDGE_LOOP('',(#3791,#3792,#3793,#3794));
#540=EDGE_LOOP('',(#3795,#3796,#3797,#3798));
#541=EDGE_LOOP('',(#3799,#3800,#3801,#3802));
#542=EDGE_LOOP('',(#3803,#3804,#3805,#3806));
#543=EDGE_LOOP('',(#3807,#3808,#3809,#3810));
#544=EDGE_LOOP('',(#3811,#3812,#3813,#3814));
#545=EDGE_LOOP('',(#3815,#3816,#3817,#3818));
#546=EDGE_LOOP('',(#3819,#3820,#3821,#3822));
#547=EDGE_LOOP('',(#3823,#3824,#3825,#3826));
#548=EDGE_LOOP('',(#3827,#3828,#3829,#3830));
#549=EDGE_LOOP('',(#3831,#3832,#3833,#3834,#3835,#3836,#3837,#3838,#3839,
#3840,#3841,#3842,#3843,#3844,#3845,#3846,#3847,#3848,#3849,#3850,#3851,
#3852,#3853,#3854,#3855));
#550=EDGE_LOOP('',(#3856,#3857,#3858,#3859,#3860,#3861,#3862,#3863,#3864));
#551=EDGE_LOOP('',(#3865,#3866,#3867,#3868));
#552=EDGE_LOOP('',(#3869,#3870,#3871,#3872));
#553=EDGE_LOOP('',(#3873,#3874,#3875,#3876));
#554=EDGE_LOOP('',(#3877,#3878,#3879,#3880));
#555=EDGE_LOOP('',(#3881,#3882,#3883,#3884));
#556=EDGE_LOOP('',(#3885,#3886,#3887,#3888));
#557=EDGE_LOOP('',(#3889,#3890,#3891,#3892));
#558=EDGE_LOOP('',(#3893,#3894,#3895,#3896));
#559=EDGE_LOOP('',(#3897,#3898,#3899,#3900));
#560=EDGE_LOOP('',(#3901,#3902,#3903,#3904));
#561=EDGE_LOOP('',(#3905,#3906,#3907,#3908));
#562=EDGE_LOOP('',(#3909,#3910,#3911,#3912));
#563=EDGE_LOOP('',(#3913,#3914,#3915,#3916));
#564=EDGE_LOOP('',(#3917,#3918,#3919,#3920));
#565=EDGE_LOOP('',(#3921,#3922,#3923,#3924));
#566=EDGE_LOOP('',(#3925,#3926,#3927,#3928));
#567=EDGE_LOOP('',(#3929,#3930,#3931,#3932));
#568=EDGE_LOOP('',(#3933,#3934,#3935,#3936));
#569=EDGE_LOOP('',(#3937,#3938,#3939,#3940,#3941,#3942,#3943,#3944,#3945,
#3946,#3947,#3948,#3949,#3950,#3951,#3952,#3953,#3954));
#570=EDGE_LOOP('',(#3955,#3956,#3957,#3958));
#571=EDGE_LOOP('',(#3959,#3960,#3961,#3962));
#572=EDGE_LOOP('',(#3963,#3964,#3965,#3966));
#573=EDGE_LOOP('',(#3967,#3968,#3969,#3970));
#574=EDGE_LOOP('',(#3971,#3972,#3973,#3974));
#575=EDGE_LOOP('',(#3975,#3976,#3977,#3978));
#576=EDGE_LOOP('',(#3979,#3980,#3981,#3982));
#577=EDGE_LOOP('',(#3983,#3984,#3985,#3986));
#578=EDGE_LOOP('',(#3987,#3988,#3989,#3990));
#579=EDGE_LOOP('',(#3991,#3992,#3993,#3994));
#580=EDGE_LOOP('',(#3995,#3996,#3997,#3998));
#581=EDGE_LOOP('',(#3999,#4000,#4001,#4002));
#582=EDGE_LOOP('',(#4003,#4004,#4005,#4006));
#583=EDGE_LOOP('',(#4007,#4008,#4009,#4010));
#584=EDGE_LOOP('',(#4011,#4012,#4013,#4014));
#585=EDGE_LOOP('',(#4015,#4016,#4017,#4018));
#586=EDGE_LOOP('',(#4019,#4020,#4021,#4022));
#587=EDGE_LOOP('',(#4023,#4024,#4025,#4026));
#588=EDGE_LOOP('',(#4027,#4028,#4029,#4030));
#589=EDGE_LOOP('',(#4031,#4032,#4033,#4034,#4035,#4036,#4037,#4038,#4039,
#4040,#4041,#4042,#4043,#4044));
#590=EDGE_LOOP('',(#4045,#4046,#4047,#4048,#4049));
#591=EDGE_LOOP('',(#4050,#4051,#4052,#4053));
#592=EDGE_LOOP('',(#4054,#4055,#4056,#4057));
#593=EDGE_LOOP('',(#4058,#4059,#4060,#4061));
#594=EDGE_LOOP('',(#4062,#4063,#4064,#4065));
#595=EDGE_LOOP('',(#4066,#4067,#4068,#4069));
#596=EDGE_LOOP('',(#4070,#4071,#4072,#4073));
#597=EDGE_LOOP('',(#4074,#4075,#4076,#4077));
#598=EDGE_LOOP('',(#4078,#4079,#4080,#4081));
#599=EDGE_LOOP('',(#4082,#4083,#4084,#4085));
#600=EDGE_LOOP('',(#4086,#4087,#4088,#4089));
#601=EDGE_LOOP('',(#4090,#4091,#4092,#4093));
#602=EDGE_LOOP('',(#4094,#4095,#4096,#4097));
#603=EDGE_LOOP('',(#4098,#4099,#4100,#4101,#4102,#4103,#4104,#4105,#4106,
#4107,#4108,#4109));
#604=EDGE_LOOP('',(#4110,#4111,#4112,#4113));
#605=EDGE_LOOP('',(#4114,#4115,#4116,#4117));
#606=EDGE_LOOP('',(#4118,#4119,#4120,#4121));
#607=EDGE_LOOP('',(#4122,#4123,#4124,#4125));
#608=EDGE_LOOP('',(#4126,#4127,#4128,#4129));
#609=EDGE_LOOP('',(#4130,#4131,#4132,#4133));
#610=EDGE_LOOP('',(#4134,#4135,#4136,#4137));
#611=EDGE_LOOP('',(#4138,#4139,#4140,#4141));
#612=EDGE_LOOP('',(#4142,#4143,#4144,#4145));
#613=EDGE_LOOP('',(#4146,#4147,#4148,#4149));
#614=EDGE_LOOP('',(#4150,#4151,#4152,#4153));
#615=EDGE_LOOP('',(#4154,#4155,#4156,#4157));
#616=EDGE_LOOP('',(#4158,#4159,#4160,#4161));
#617=EDGE_LOOP('',(#4162,#4163,#4164,#4165));
#618=EDGE_LOOP('',(#4166,#4167,#4168,#4169));
#619=EDGE_LOOP('',(#4170,#4171,#4172,#4173));
#620=EDGE_LOOP('',(#4174,#4175,#4176,#4177));
#621=EDGE_LOOP('',(#4178,#4179,#4180,#4181));
#622=EDGE_LOOP('',(#4182,#4183,#4184,#4185));
#623=EDGE_LOOP('',(#4186,#4187,#4188,#4189));
#624=EDGE_LOOP('',(#4190,#4191,#4192,#4193));
#625=EDGE_LOOP('',(#4194,#4195,#4196,#4197));
#626=EDGE_LOOP('',(#4198,#4199,#4200,#4201));
#627=EDGE_LOOP('',(#4202,#4203,#4204,#4205));
#628=EDGE_LOOP('',(#4206,#4207,#4208,#4209));
#629=EDGE_LOOP('',(#4210,#4211,#4212,#4213));
#630=EDGE_LOOP('',(#4214,#4215,#4216,#4217));
#631=EDGE_LOOP('',(#4218,#4219,#4220,#4221));
#632=EDGE_LOOP('',(#4222,#4223,#4224,#4225,#4226,#4227,#4228,#4229,#4230,
#4231,#4232,#4233,#4234,#4235,#4236,#4237,#4238,#4239,#4240,#4241,#4242,
#4243,#4244,#4245,#4246,#4247,#4248,#4249));
#633=EDGE_LOOP('',(#4250,#4251,#4252,#4253));
#634=EDGE_LOOP('',(#4254,#4255,#4256,#4257));
#635=EDGE_LOOP('',(#4258,#4259,#4260,#4261));
#636=EDGE_LOOP('',(#4262,#4263,#4264,#4265));
#637=EDGE_LOOP('',(#4266,#4267,#4268,#4269));
#638=EDGE_LOOP('',(#4270,#4271,#4272,#4273));
#639=EDGE_LOOP('',(#4274,#4275,#4276,#4277));
#640=EDGE_LOOP('',(#4278,#4279,#4280,#4281));
#641=EDGE_LOOP('',(#4282,#4283,#4284,#4285));
#642=EDGE_LOOP('',(#4286,#4287,#4288,#4289));
#643=EDGE_LOOP('',(#4290,#4291,#4292,#4293));
#644=EDGE_LOOP('',(#4294,#4295,#4296,#4297));
#645=EDGE_LOOP('',(#4298,#4299,#4300,#4301));
#646=EDGE_LOOP('',(#4302,#4303,#4304,#4305));
#647=EDGE_LOOP('',(#4306,#4307,#4308,#4309));
#648=EDGE_LOOP('',(#4310,#4311,#4312,#4313));
#649=EDGE_LOOP('',(#4314,#4315,#4316,#4317));
#650=EDGE_LOOP('',(#4318,#4319,#4320,#4321));
#651=EDGE_LOOP('',(#4322,#4323,#4324,#4325));
#652=EDGE_LOOP('',(#4326,#4327,#4328,#4329));
#653=EDGE_LOOP('',(#4330,#4331,#4332,#4333,#4334,#4335,#4336,#4337));
#654=EDGE_LOOP('',(#4338,#4339,#4340,#4341,#4342,#4343,#4344,#4345,#4346,
#4347,#4348,#4349));
#655=EDGE_LOOP('',(#4350,#4351,#4352,#4353));
#656=EDGE_LOOP('',(#4354,#4355,#4356,#4357));
#657=EDGE_LOOP('',(#4358,#4359,#4360,#4361));
#658=EDGE_LOOP('',(#4362,#4363,#4364,#4365));
#659=EDGE_LOOP('',(#4366,#4367,#4368,#4369));
#660=EDGE_LOOP('',(#4370,#4371,#4372,#4373));
#661=EDGE_LOOP('',(#4374,#4375,#4376,#4377));
#662=EDGE_LOOP('',(#4378,#4379,#4380,#4381));
#663=EDGE_LOOP('',(#4382,#4383,#4384,#4385));
#664=EDGE_LOOP('',(#4386,#4387,#4388,#4389));
#665=EDGE_LOOP('',(#4390,#4391,#4392,#4393));
#666=EDGE_LOOP('',(#4394,#4395,#4396,#4397,#4398,#4399,#4400,#4401));
#667=EDGE_LOOP('',(#4402,#4403,#4404));
#668=EDGE_LOOP('',(#4405,#4406,#4407,#4408));
#669=EDGE_LOOP('',(#4409,#4410,#4411,#4412));
#670=EDGE_LOOP('',(#4413,#4414,#4415,#4416));
#671=EDGE_LOOP('',(#4417,#4418,#4419,#4420));
#672=EDGE_LOOP('',(#4421,#4422,#4423,#4424));
#673=EDGE_LOOP('',(#4425,#4426,#4427,#4428));
#674=EDGE_LOOP('',(#4429,#4430,#4431,#4432));
#675=EDGE_LOOP('',(#4433,#4434,#4435,#4436));
#676=EDGE_LOOP('',(#4437,#4438,#4439,#4440));
#677=EDGE_LOOP('',(#4441,#4442,#4443,#4444));
#678=EDGE_LOOP('',(#4445,#4446,#4447,#4448));
#679=EDGE_LOOP('',(#4449,#4450,#4451,#4452));
#680=EDGE_LOOP('',(#4453,#4454,#4455,#4456,#4457,#4458,#4459,#4460,#4461,
#4462,#4463,#4464));
#681=EDGE_LOOP('',(#4465,#4466,#4467,#4468));
#682=EDGE_LOOP('',(#4469,#4470,#4471,#4472));
#683=EDGE_LOOP('',(#4473,#4474,#4475,#4476));
#684=EDGE_LOOP('',(#4477,#4478,#4479,#4480));
#685=EDGE_LOOP('',(#4481,#4482,#4483,#4484));
#686=EDGE_LOOP('',(#4485,#4486,#4487,#4488));
#687=EDGE_LOOP('',(#4489,#4490,#4491,#4492));
#688=EDGE_LOOP('',(#4493,#4494,#4495,#4496));
#689=EDGE_LOOP('',(#4497,#4498,#4499,#4500));
#690=EDGE_LOOP('',(#4501,#4502,#4503,#4504));
#691=EDGE_LOOP('',(#4505,#4506,#4507,#4508));
#692=EDGE_LOOP('',(#4509,#4510,#4511,#4512));
#693=EDGE_LOOP('',(#4513,#4514,#4515,#4516));
#694=EDGE_LOOP('',(#4517,#4518,#4519,#4520));
#695=EDGE_LOOP('',(#4521,#4522,#4523,#4524));
#696=EDGE_LOOP('',(#4525,#4526,#4527,#4528));
#697=EDGE_LOOP('',(#4529,#4530,#4531,#4532));
#698=EDGE_LOOP('',(#4533,#4534,#4535,#4536));
#699=EDGE_LOOP('',(#4537,#4538,#4539,#4540));
#700=EDGE_LOOP('',(#4541,#4542,#4543,#4544));
#701=EDGE_LOOP('',(#4545,#4546,#4547,#4548));
#702=EDGE_LOOP('',(#4549,#4550,#4551,#4552));
#703=EDGE_LOOP('',(#4553,#4554,#4555,#4556));
#704=EDGE_LOOP('',(#4557,#4558,#4559,#4560));
#705=EDGE_LOOP('',(#4561,#4562,#4563,#4564));
#706=EDGE_LOOP('',(#4565,#4566,#4567,#4568));
#707=EDGE_LOOP('',(#4569,#4570,#4571,#4572));
#708=EDGE_LOOP('',(#4573,#4574,#4575,#4576));
#709=EDGE_LOOP('',(#4577,#4578,#4579,#4580,#4581,#4582,#4583,#4584,#4585,
#4586,#4587,#4588,#4589,#4590,#4591,#4592,#4593,#4594,#4595,#4596,#4597,
#4598,#4599,#4600,#4601,#4602,#4603,#4604));
#710=EDGE_LOOP('',(#4605,#4606,#4607,#4608));
#711=EDGE_LOOP('',(#4609,#4610,#4611,#4612));
#712=EDGE_LOOP('',(#4613,#4614,#4615,#4616));
#713=EDGE_LOOP('',(#4617,#4618,#4619,#4620));
#714=EDGE_LOOP('',(#4621,#4622,#4623,#4624));
#715=EDGE_LOOP('',(#4625,#4626,#4627,#4628));
#716=EDGE_LOOP('',(#4629,#4630,#4631,#4632));
#717=EDGE_LOOP('',(#4633,#4634,#4635,#4636));
#718=EDGE_LOOP('',(#4637,#4638,#4639,#4640));
#719=EDGE_LOOP('',(#4641,#4642,#4643,#4644));
#720=EDGE_LOOP('',(#4645,#4646,#4647,#4648));
#721=EDGE_LOOP('',(#4649,#4650,#4651,#4652));
#722=EDGE_LOOP('',(#4653,#4654,#4655,#4656));
#723=EDGE_LOOP('',(#4657,#4658,#4659,#4660));
#724=EDGE_LOOP('',(#4661,#4662,#4663,#4664));
#725=EDGE_LOOP('',(#4665,#4666,#4667,#4668));
#726=EDGE_LOOP('',(#4669,#4670,#4671,#4672));
#727=EDGE_LOOP('',(#4673,#4674,#4675,#4676));
#728=EDGE_LOOP('',(#4677,#4678,#4679,#4680));
#729=EDGE_LOOP('',(#4681,#4682,#4683,#4684,#4685,#4686,#4687,#4688,#4689,
#4690,#4691,#4692,#4693,#4694,#4695,#4696,#4697,#4698,#4699));
#730=EDGE_LOOP('',(#4700,#4701,#4702,#4703));
#731=EDGE_LOOP('',(#4704,#4705,#4706,#4707));
#732=EDGE_LOOP('',(#4708,#4709,#4710,#4711));
#733=EDGE_LOOP('',(#4712,#4713,#4714,#4715));
#734=EDGE_LOOP('',(#4716,#4717,#4718,#4719));
#735=EDGE_LOOP('',(#4720,#4721,#4722,#4723));
#736=EDGE_LOOP('',(#4724,#4725,#4726,#4727));
#737=EDGE_LOOP('',(#4728,#4729,#4730,#4731));
#738=EDGE_LOOP('',(#4732,#4733,#4734,#4735));
#739=EDGE_LOOP('',(#4736,#4737,#4738,#4739));
#740=EDGE_LOOP('',(#4740,#4741,#4742,#4743));
#741=EDGE_LOOP('',(#4744,#4745,#4746,#4747));
#742=EDGE_LOOP('',(#4748,#4749,#4750,#4751));
#743=EDGE_LOOP('',(#4752,#4753,#4754,#4755));
#744=EDGE_LOOP('',(#4756,#4757,#4758,#4759));
#745=EDGE_LOOP('',(#4760,#4761,#4762,#4763));
#746=EDGE_LOOP('',(#4764,#4765,#4766,#4767));
#747=EDGE_LOOP('',(#4768,#4769,#4770,#4771));
#748=EDGE_LOOP('',(#4772,#4773,#4774,#4775));
#749=EDGE_LOOP('',(#4776,#4777,#4778,#4779));
#750=EDGE_LOOP('',(#4780,#4781,#4782,#4783));
#751=EDGE_LOOP('',(#4784,#4785,#4786,#4787));
#752=EDGE_LOOP('',(#4788,#4789,#4790,#4791));
#753=EDGE_LOOP('',(#4792,#4793,#4794,#4795));
#754=EDGE_LOOP('',(#4796,#4797,#4798,#4799));
#755=EDGE_LOOP('',(#4800,#4801,#4802,#4803));
#756=EDGE_LOOP('',(#4804,#4805,#4806,#4807));
#757=EDGE_LOOP('',(#4808,#4809,#4810,#4811));
#758=EDGE_LOOP('',(#4812,#4813,#4814,#4815));
#759=EDGE_LOOP('',(#4816,#4817,#4818,#4819));
#760=EDGE_LOOP('',(#4820,#4821,#4822,#4823));
#761=EDGE_LOOP('',(#4824,#4825,#4826,#4827));
#762=EDGE_LOOP('',(#4828,#4829,#4830,#4831));
#763=EDGE_LOOP('',(#4832,#4833,#4834,#4835));
#764=EDGE_LOOP('',(#4836,#4837,#4838,#4839));
#765=EDGE_LOOP('',(#4840,#4841,#4842,#4843));
#766=EDGE_LOOP('',(#4844,#4845,#4846,#4847));
#767=EDGE_LOOP('',(#4848,#4849,#4850,#4851));
#768=EDGE_LOOP('',(#4852,#4853,#4854,#4855,#4856,#4857,#4858,#4859,#4860,
#4861,#4862,#4863,#4864,#4865,#4866));
#769=EDGE_LOOP('',(#4867,#4868,#4869,#4870,#4871,#4872,#4873,#4874,#4875));
#770=EDGE_LOOP('',(#4876,#4877,#4878,#4879,#4880,#4881,#4882,#4883,#4884));
#771=EDGE_LOOP('',(#4885,#4886,#4887,#4888));
#772=EDGE_LOOP('',(#4889,#4890,#4891,#4892,#4893,#4894,#4895,#4896,#4897,
#4898,#4899,#4900,#4901,#4902,#4903));
#773=EDGE_LOOP('',(#4904,#4905,#4906,#4907));
#774=EDGE_LOOP('',(#4908,#4909,#4910,#4911,#4912,#4913,#4914,#4915,#4916,
#4917,#4918,#4919,#4920,#4921,#4922,#4923,#4924,#4925,#4926));
#775=EDGE_LOOP('',(#4927,#4928,#4929,#4930,#4931,#4932,#4933,#4934,#4935,
#4936,#4937,#4938,#4939,#4940,#4941,#4942,#4943,#4944,#4945,#4946,#4947,
#4948,#4949,#4950,#4951,#4952,#4953,#4954));
#776=EDGE_LOOP('',(#4955,#4956,#4957,#4958,#4959,#4960,#4961,#4962,#4963,
#4964,#4965,#4966));
#777=EDGE_LOOP('',(#4967,#4968,#4969,#4970,#4971,#4972,#4973,#4974));
#778=EDGE_LOOP('',(#4975,#4976,#4977,#4978,#4979,#4980,#4981,#4982));
#779=EDGE_LOOP('',(#4983,#4984,#4985,#4986,#4987,#4988,#4989,#4990,#4991,
#4992,#4993,#4994,#4995,#4996,#4997,#4998,#4999,#5000,#5001,#5002,#5003,
#5004,#5005,#5006,#5007,#5008,#5009,#5010));
#780=EDGE_LOOP('',(#5011,#5012,#5013,#5014,#5015,#5016,#5017,#5018,#5019,
#5020,#5021,#5022));
#781=EDGE_LOOP('',(#5023,#5024,#5025,#5026,#5027,#5028,#5029,#5030,#5031,
#5032,#5033,#5034,#5035,#5036));
#782=EDGE_LOOP('',(#5037,#5038,#5039,#5040,#5041,#5042,#5043,#5044,#5045,
#5046,#5047,#5048,#5049,#5050,#5051,#5052,#5053,#5054));
#783=EDGE_LOOP('',(#5055,#5056,#5057,#5058,#5059,#5060,#5061,#5062,#5063,
#5064,#5065,#5066,#5067,#5068,#5069,#5070,#5071,#5072,#5073,#5074,#5075,
#5076,#5077,#5078,#5079));
#784=EDGE_LOOP('',(#5080,#5081,#5082,#5083,#5084,#5085,#5086,#5087,#5088,
#5089,#5090,#5091,#5092,#5093,#5094,#5095,#5096,#5097,#5098,#5099,#5100,
#5101,#5102,#5103,#5104));
#785=EDGE_LOOP('',(#5105,#5106,#5107,#5108,#5109,#5110,#5111,#5112,#5113));
#786=EDGE_LOOP('',(#5114,#5115,#5116,#5117,#5118,#5119,#5120,#5121,#5122));
#787=EDGE_LOOP('',(#5123,#5124,#5125));
#788=EDGE_LOOP('',(#5126,#5127,#5128,#5129,#5130,#5131,#5132,#5133,#5134,
#5135,#5136,#5137));
#789=EDGE_LOOP('',(#5138,#5139,#5140,#5141,#5142));
#790=EDGE_LOOP('',(#5143,#5144,#5145,#5146,#5147,#5148,#5149,#5150,#5151));
#791=EDGE_LOOP('',(#5152,#5153,#5154,#5155));
#792=EDGE_LOOP('',(#5156));
#793=EDGE_LOOP('',(#5157,#5158,#5159,#5160));
#794=EDGE_LOOP('',(#5161));
#795=EDGE_LOOP('',(#5162,#5163,#5164,#5165));
#796=EDGE_LOOP('',(#5166));
#797=EDGE_LOOP('',(#5167,#5168,#5169,#5170,#5171,#5172));
#798=EDGE_LOOP('',(#5173));
#799=EDGE_LOOP('',(#5174,#5175));
#800=EDGE_LOOP('',(#5176,#5177,#5178,#5179,#5180,#5181));
#801=EDGE_LOOP('',(#5182));
#802=EDGE_LOOP('',(#5183,#5184));
#803=EDGE_LOOP('',(#5185,#5186,#5187,#5188,#5189));
#804=EDGE_LOOP('',(#5190,#5191,#5192,#5193,#5194,#5195,#5196,#5197,#5198,
#5199));
#805=EDGE_LOOP('',(#5200));
#806=EDGE_LOOP('',(#5201));
#807=EDGE_LOOP('',(#5202,#5203,#5204,#5205));
#808=EDGE_LOOP('',(#5206,#5207,#5208,#5209,#5210,#5211,#5212,#5213,#5214));
#809=EDGE_LOOP('',(#5215,#5216,#5217,#5218));
#810=EDGE_LOOP('',(#5219));
#811=EDGE_LOOP('',(#5220,#5221,#5222,#5223,#5224,#5225,#5226,#5227));
#812=EDGE_LOOP('',(#5228,#5229,#5230,#5231,#5232));
#813=LINE('',#6614,#1263);
#814=LINE('',#6621,#1264);
#815=LINE('',#6639,#1265);
#816=LINE('',#6662,#1266);
#817=LINE('',#6685,#1267);
#818=LINE('',#6708,#1268);
#819=LINE('',#6731,#1269);
#820=LINE('',#6754,#1270);
#821=LINE('',#6777,#1271);
#822=LINE('',#6784,#1272);
#823=LINE('',#6785,#1273);
#824=LINE('',#6804,#1274);
#825=LINE('',#6811,#1275);
#826=LINE('',#6829,#1276);
#827=LINE('',#6852,#1277);
#828=LINE('',#6860,#1278);
#829=LINE('',#6862,#1279);
#830=LINE('',#6863,#1280);
#831=LINE('',#6881,#1281);
#832=LINE('',#6904,#1282);
#833=LINE('',#6927,#1283);
#834=LINE('',#6950,#1284);
#835=LINE('',#6973,#1285);
#836=LINE('',#6996,#1286);
#837=LINE('',#7019,#1287);
#838=LINE('',#7042,#1288);
#839=LINE('',#7065,#1289);
#840=LINE('',#7088,#1290);
#841=LINE('',#7096,#1291);
#842=LINE('',#7098,#1292);
#843=LINE('',#7099,#1293);
#844=LINE('',#7117,#1294);
#845=LINE('',#7140,#1295);
#846=LINE('',#7148,#1296);
#847=LINE('',#7150,#1297);
#848=LINE('',#7151,#1298);
#849=LINE('',#7169,#1299);
#850=LINE('',#7192,#1300);
#851=LINE('',#7215,#1301);
#852=LINE('',#7238,#1302);
#853=LINE('',#7261,#1303);
#854=LINE('',#7269,#1304);
#855=LINE('',#7271,#1305);
#856=LINE('',#7272,#1306);
#857=LINE('',#7312,#1307);
#858=LINE('',#7319,#1308);
#859=LINE('',#7337,#1309);
#860=LINE('',#7360,#1310);
#861=LINE('',#7383,#1311);
#862=LINE('',#7406,#1312);
#863=LINE('',#7429,#1313);
#864=LINE('',#7452,#1314);
#865=LINE('',#7475,#1315);
#866=LINE('',#7482,#1316);
#867=LINE('',#7483,#1317);
#868=LINE('',#7502,#1318);
#869=LINE('',#7509,#1319);
#870=LINE('',#7527,#1320);
#871=LINE('',#7550,#1321);
#872=LINE('',#7558,#1322);
#873=LINE('',#7560,#1323);
#874=LINE('',#7561,#1324);
#875=LINE('',#7579,#1325);
#876=LINE('',#7602,#1326);
#877=LINE('',#7625,#1327);
#878=LINE('',#7648,#1328);
#879=LINE('',#7671,#1329);
#880=LINE('',#7694,#1330);
#881=LINE('',#7717,#1331);
#882=LINE('',#7740,#1332);
#883=LINE('',#7763,#1333);
#884=LINE('',#7786,#1334);
#885=LINE('',#7794,#1335);
#886=LINE('',#7796,#1336);
#887=LINE('',#7797,#1337);
#888=LINE('',#7815,#1338);
#889=LINE('',#7838,#1339);
#890=LINE('',#7846,#1340);
#891=LINE('',#7848,#1341);
#892=LINE('',#7849,#1342);
#893=LINE('',#7867,#1343);
#894=LINE('',#7890,#1344);
#895=LINE('',#7913,#1345);
#896=LINE('',#7936,#1346);
#897=LINE('',#7959,#1347);
#898=LINE('',#7967,#1348);
#899=LINE('',#7969,#1349);
#900=LINE('',#7970,#1350);
#901=LINE('',#8010,#1351);
#902=LINE('',#8017,#1352);
#903=LINE('',#8035,#1353);
#904=LINE('',#8058,#1354);
#905=LINE('',#8081,#1355);
#906=LINE('',#8104,#1356);
#907=LINE('',#8127,#1357);
#908=LINE('',#8150,#1358);
#909=LINE('',#8158,#1359);
#910=LINE('',#8160,#1360);
#911=LINE('',#8161,#1361);
#912=LINE('',#8179,#1362);
#913=LINE('',#8202,#1363);
#914=LINE('',#8225,#1364);
#915=LINE('',#8248,#1365);
#916=LINE('',#8271,#1366);
#917=LINE('',#8294,#1367);
#918=LINE('',#8317,#1368);
#919=LINE('',#8340,#1369);
#920=LINE('',#8348,#1370);
#921=LINE('',#8350,#1371);
#922=LINE('',#8351,#1372);
#923=LINE('',#8391,#1373);
#924=LINE('',#8398,#1374);
#925=LINE('',#8416,#1375);
#926=LINE('',#8439,#1376);
#927=LINE('',#8462,#1377);
#928=LINE('',#8469,#1378);
#929=LINE('',#8470,#1379);
#930=LINE('',#8489,#1380);
#931=LINE('',#8496,#1381);
#932=LINE('',#8514,#1382);
#933=LINE('',#8537,#1383);
#934=LINE('',#8545,#1384);
#935=LINE('',#8547,#1385);
#936=LINE('',#8548,#1386);
#937=LINE('',#8566,#1387);
#938=LINE('',#8589,#1388);
#939=LINE('',#8612,#1389);
#940=LINE('',#8635,#1390);
#941=LINE('',#8658,#1391);
#942=LINE('',#8681,#1392);
#943=LINE('',#8704,#1393);
#944=LINE('',#8727,#1394);
#945=LINE('',#8735,#1395);
#946=LINE('',#8737,#1396);
#947=LINE('',#8738,#1397);
#948=LINE('',#8763,#1398);
#949=LINE('',#8765,#1399);
#950=LINE('',#8767,#1400);
#951=LINE('',#8768,#1401);
#952=LINE('',#8771,#1402);
#953=LINE('',#8773,#1403);
#954=LINE('',#8774,#1404);
#955=LINE('',#8777,#1405);
#956=LINE('',#8779,#1406);
#957=LINE('',#8780,#1407);
#958=LINE('',#8783,#1408);
#959=LINE('',#8785,#1409);
#960=LINE('',#8786,#1410);
#961=LINE('',#8789,#1411);
#962=LINE('',#8791,#1412);
#963=LINE('',#8792,#1413);
#964=LINE('',#8795,#1414);
#965=LINE('',#8797,#1415);
#966=LINE('',#8798,#1416);
#967=LINE('',#8801,#1417);
#968=LINE('',#8803,#1418);
#969=LINE('',#8804,#1419);
#970=LINE('',#8807,#1420);
#971=LINE('',#8809,#1421);
#972=LINE('',#8810,#1422);
#973=LINE('',#8813,#1423);
#974=LINE('',#8815,#1424);
#975=LINE('',#8816,#1425);
#976=LINE('',#8819,#1426);
#977=LINE('',#8821,#1427);
#978=LINE('',#8822,#1428);
#979=LINE('',#8825,#1429);
#980=LINE('',#8827,#1430);
#981=LINE('',#8828,#1431);
#982=LINE('',#8830,#1432);
#983=LINE('',#8831,#1433);
#984=LINE('',#8851,#1434);
#985=LINE('',#8858,#1435);
#986=LINE('',#8876,#1436);
#987=LINE('',#8899,#1437);
#988=LINE('',#8922,#1438);
#989=LINE('',#8945,#1439);
#990=LINE('',#8968,#1440);
#991=LINE('',#8991,#1441);
#992=LINE('',#9014,#1442);
#993=LINE('',#9037,#1443);
#994=LINE('',#9060,#1444);
#995=LINE('',#9083,#1445);
#996=LINE('',#9091,#1446);
#997=LINE('',#9093,#1447);
#998=LINE('',#9094,#1448);
#999=LINE('',#9112,#1449);
#1000=LINE('',#9135,#1450);
#1001=LINE('',#9158,#1451);
#1002=LINE('',#9181,#1452);
#1003=LINE('',#9204,#1453);
#1004=LINE('',#9227,#1454);
#1005=LINE('',#9235,#1455);
#1006=LINE('',#9237,#1456);
#1007=LINE('',#9238,#1457);
#1008=LINE('',#9256,#1458);
#1009=LINE('',#9279,#1459);
#1010=LINE('',#9302,#1460);
#1011=LINE('',#9325,#1461);
#1012=LINE('',#9348,#1462);
#1013=LINE('',#9371,#1463);
#1014=LINE('',#9394,#1464);
#1015=LINE('',#9402,#1465);
#1016=LINE('',#9404,#1466);
#1017=LINE('',#9405,#1467);
#1018=LINE('',#9445,#1468);
#1019=LINE('',#9452,#1469);
#1020=LINE('',#9470,#1470);
#1021=LINE('',#9493,#1471);
#1022=LINE('',#9516,#1472);
#1023=LINE('',#9539,#1473);
#1024=LINE('',#9562,#1474);
#1025=LINE('',#9585,#1475);
#1026=LINE('',#9608,#1476);
#1027=LINE('',#9631,#1477);
#1028=LINE('',#9654,#1478);
#1029=LINE('',#9677,#1479);
#1030=LINE('',#9721,#1480);
#1031=LINE('',#9728,#1481);
#1032=LINE('',#9746,#1482);
#1033=LINE('',#9769,#1483);
#1034=LINE('',#9792,#1484);
#1035=LINE('',#9815,#1485);
#1036=LINE('',#9838,#1486);
#1037=LINE('',#9861,#1487);
#1038=LINE('',#9891,#1488);
#1039=LINE('',#9893,#1489);
#1040=LINE('',#9895,#1490);
#1041=LINE('',#9896,#1491);
#1042=LINE('',#9899,#1492);
#1043=LINE('',#9901,#1493);
#1044=LINE('',#9902,#1494);
#1045=LINE('',#9904,#1495);
#1046=LINE('',#9905,#1496);
#1047=LINE('',#9909,#1497);
#1048=LINE('',#9911,#1498);
#1049=LINE('',#9913,#1499);
#1050=LINE('',#9914,#1500);
#1051=LINE('',#9917,#1501);
#1052=LINE('',#9919,#1502);
#1053=LINE('',#9920,#1503);
#1054=LINE('',#9923,#1504);
#1055=LINE('',#9925,#1505);
#1056=LINE('',#9926,#1506);
#1057=LINE('',#9929,#1507);
#1058=LINE('',#9931,#1508);
#1059=LINE('',#9932,#1509);
#1060=LINE('',#9935,#1510);
#1061=LINE('',#9937,#1511);
#1062=LINE('',#9938,#1512);
#1063=LINE('',#9941,#1513);
#1064=LINE('',#9943,#1514);
#1065=LINE('',#9944,#1515);
#1066=LINE('',#9947,#1516);
#1067=LINE('',#9949,#1517);
#1068=LINE('',#9950,#1518);
#1069=LINE('',#9952,#1519);
#1070=LINE('',#9953,#1520);
#1071=LINE('',#9958,#1521);
#1072=LINE('',#9960,#1522);
#1073=LINE('',#9962,#1523);
#1074=LINE('',#9963,#1524);
#1075=LINE('',#9966,#1525);
#1076=LINE('',#9968,#1526);
#1077=LINE('',#9969,#1527);
#1078=LINE('',#9972,#1528);
#1079=LINE('',#9974,#1529);
#1080=LINE('',#9975,#1530);
#1081=LINE('',#9978,#1531);
#1082=LINE('',#9980,#1532);
#1083=LINE('',#9981,#1533);
#1084=LINE('',#9984,#1534);
#1085=LINE('',#9986,#1535);
#1086=LINE('',#9987,#1536);
#1087=LINE('',#9990,#1537);
#1088=LINE('',#9992,#1538);
#1089=LINE('',#9993,#1539);
#1090=LINE('',#9996,#1540);
#1091=LINE('',#9998,#1541);
#1092=LINE('',#9999,#1542);
#1093=LINE('',#10002,#1543);
#1094=LINE('',#10004,#1544);
#1095=LINE('',#10005,#1545);
#1096=LINE('',#10008,#1546);
#1097=LINE('',#10010,#1547);
#1098=LINE('',#10011,#1548);
#1099=LINE('',#10014,#1549);
#1100=LINE('',#10016,#1550);
#1101=LINE('',#10017,#1551);
#1102=LINE('',#10020,#1552);
#1103=LINE('',#10022,#1553);
#1104=LINE('',#10023,#1554);
#1105=LINE('',#10025,#1555);
#1106=LINE('',#10026,#1556);
#1107=LINE('',#10046,#1557);
#1108=LINE('',#10053,#1558);
#1109=LINE('',#10071,#1559);
#1110=LINE('',#10094,#1560);
#1111=LINE('',#10117,#1561);
#1112=LINE('',#10140,#1562);
#1113=LINE('',#10163,#1563);
#1114=LINE('',#10186,#1564);
#1115=LINE('',#10209,#1565);
#1116=LINE('',#10232,#1566);
#1117=LINE('',#10255,#1567);
#1118=LINE('',#10278,#1568);
#1119=LINE('',#10286,#1569);
#1120=LINE('',#10288,#1570);
#1121=LINE('',#10289,#1571);
#1122=LINE('',#10307,#1572);
#1123=LINE('',#10330,#1573);
#1124=LINE('',#10353,#1574);
#1125=LINE('',#10376,#1575);
#1126=LINE('',#10399,#1576);
#1127=LINE('',#10422,#1577);
#1128=LINE('',#10430,#1578);
#1129=LINE('',#10432,#1579);
#1130=LINE('',#10433,#1580);
#1131=LINE('',#10451,#1581);
#1132=LINE('',#10474,#1582);
#1133=LINE('',#10497,#1583);
#1134=LINE('',#10520,#1584);
#1135=LINE('',#10543,#1585);
#1136=LINE('',#10566,#1586);
#1137=LINE('',#10589,#1587);
#1138=LINE('',#10597,#1588);
#1139=LINE('',#10599,#1589);
#1140=LINE('',#10600,#1590);
#1141=LINE('',#10640,#1591);
#1142=LINE('',#10647,#1592);
#1143=LINE('',#10665,#1593);
#1144=LINE('',#10688,#1594);
#1145=LINE('',#10711,#1595);
#1146=LINE('',#10734,#1596);
#1147=LINE('',#10742,#1597);
#1148=LINE('',#10744,#1598);
#1149=LINE('',#10745,#1599);
#1150=LINE('',#10748,#1600);
#1151=LINE('',#10750,#1601);
#1152=LINE('',#10751,#1602);
#1153=LINE('',#10754,#1603);
#1154=LINE('',#10756,#1604);
#1155=LINE('',#10757,#1605);
#1156=LINE('',#10760,#1606);
#1157=LINE('',#10762,#1607);
#1158=LINE('',#10763,#1608);
#1159=LINE('',#10766,#1609);
#1160=LINE('',#10768,#1610);
#1161=LINE('',#10769,#1611);
#1162=LINE('',#10787,#1612);
#1163=LINE('',#10810,#1613);
#1164=LINE('',#10833,#1614);
#1165=LINE('',#10856,#1615);
#1166=LINE('',#10879,#1616);
#1167=LINE('',#10902,#1617);
#1168=LINE('',#10910,#1618);
#1169=LINE('',#10912,#1619);
#1170=LINE('',#10913,#1620);
#1171=LINE('',#10916,#1621);
#1172=LINE('',#10918,#1622);
#1173=LINE('',#10919,#1623);
#1174=LINE('',#10921,#1624);
#1175=LINE('',#10922,#1625);
#1176=LINE('',#10927,#1626);
#1177=LINE('',#10929,#1627);
#1178=LINE('',#10931,#1628);
#1179=LINE('',#10932,#1629);
#1180=LINE('',#10935,#1630);
#1181=LINE('',#10937,#1631);
#1182=LINE('',#10938,#1632);
#1183=LINE('',#10941,#1633);
#1184=LINE('',#10943,#1634);
#1185=LINE('',#10944,#1635);
#1186=LINE('',#10946,#1636);
#1187=LINE('',#10947,#1637);
#1188=LINE('',#10967,#1638);
#1189=LINE('',#10974,#1639);
#1190=LINE('',#10992,#1640);
#1191=LINE('',#11015,#1641);
#1192=LINE('',#11038,#1642);
#1193=LINE('',#11061,#1643);
#1194=LINE('',#11084,#1644);
#1195=LINE('',#11092,#1645);
#1196=LINE('',#11094,#1646);
#1197=LINE('',#11095,#1647);
#1198=LINE('',#11098,#1648);
#1199=LINE('',#11100,#1649);
#1200=LINE('',#11101,#1650);
#1201=LINE('',#11103,#1651);
#1202=LINE('',#11104,#1652);
#1203=LINE('',#11123,#1653);
#1204=LINE('',#11130,#1654);
#1205=LINE('',#11148,#1655);
#1206=LINE('',#11171,#1656);
#1207=LINE('',#11194,#1657);
#1208=LINE('',#11217,#1658);
#1209=LINE('',#11240,#1659);
#1210=LINE('',#11248,#1660);
#1211=LINE('',#11250,#1661);
#1212=LINE('',#11251,#1662);
#1213=LINE('',#11254,#1663);
#1214=LINE('',#11256,#1664);
#1215=LINE('',#11257,#1665);
#1216=LINE('',#11259,#1666);
#1217=LINE('',#11260,#1667);
#1218=LINE('',#11264,#1668);
#1219=LINE('',#11266,#1669);
#1220=LINE('',#11268,#1670);
#1221=LINE('',#11269,#1671);
#1222=LINE('',#11287,#1672);
#1223=LINE('',#11310,#1673);
#1224=LINE('',#11333,#1674);
#1225=LINE('',#11356,#1675);
#1226=LINE('',#11379,#1676);
#1227=LINE('',#11402,#1677);
#1228=LINE('',#11425,#1678);
#1229=LINE('',#11448,#1679);
#1230=LINE('',#11471,#1680);
#1231=LINE('',#11494,#1681);
#1232=LINE('',#11517,#1682);
#1233=LINE('',#11540,#1683);
#1234=LINE('',#11548,#1684);
#1235=LINE('',#11550,#1685);
#1236=LINE('',#11551,#1686);
#1237=LINE('',#11553,#1687);
#1238=LINE('',#11554,#1688);
#1239=LINE('',#11559,#1689);
#1240=LINE('',#11561,#1690);
#1241=LINE('',#11563,#1691);
#1242=LINE('',#11564,#1692);
#1243=LINE('',#11575,#1693);
#1244=LINE('',#11582,#1694);
#1245=LINE('',#11589,#1695);
#1246=LINE('',#11596,#1696);
#1247=LINE('',#11604,#1697);
#1248=LINE('',#11609,#1698);
#1249=LINE('',#11617,#1699);
#1250=LINE('',#11621,#1700);
#1251=LINE('',#11623,#1701);
#1252=LINE('',#11624,#1702);
#1253=LINE('',#11625,#1703);
#1254=LINE('',#11628,#1704);
#1255=LINE('',#11630,#1705);
#1256=LINE('',#11631,#1706);
#1257=LINE('',#11632,#1707);
#1258=LINE('',#11633,#1708);
#1259=LINE('',#11635,#1709);
#1260=LINE('',#11639,#1710);
#1261=LINE('',#11640,#1711);
#1262=LINE('',#11642,#1712);
#1263=VECTOR('',#5885,10.);
#1264=VECTOR('',#5886,10.);
#1265=VECTOR('',#5887,10.);
#1266=VECTOR('',#5888,10.);
#1267=VECTOR('',#5889,10.);
#1268=VECTOR('',#5890,10.);
#1269=VECTOR('',#5891,10.);
#1270=VECTOR('',#5892,10.);
#1271=VECTOR('',#5893,10.);
#1272=VECTOR('',#5896,10.);
#1273=VECTOR('',#5897,10.);
#1274=VECTOR('',#5898,10.);
#1275=VECTOR('',#5899,10.);
#1276=VECTOR('',#5900,10.);
#1277=VECTOR('',#5901,10.);
#1278=VECTOR('',#5904,10.);
#1279=VECTOR('',#5905,10.);
#1280=VECTOR('',#5906,10.);
#1281=VECTOR('',#5907,10.);
#1282=VECTOR('',#5908,10.);
#1283=VECTOR('',#5909,10.);
#1284=VECTOR('',#5910,10.);
#1285=VECTOR('',#5911,10.);
#1286=VECTOR('',#5912,10.);
#1287=VECTOR('',#5913,10.);
#1288=VECTOR('',#5914,10.);
#1289=VECTOR('',#5915,10.);
#1290=VECTOR('',#5916,10.);
#1291=VECTOR('',#5919,10.);
#1292=VECTOR('',#5920,10.);
#1293=VECTOR('',#5921,10.);
#1294=VECTOR('',#5922,10.);
#1295=VECTOR('',#5923,10.);
#1296=VECTOR('',#5926,10.);
#1297=VECTOR('',#5927,10.);
#1298=VECTOR('',#5928,10.);
#1299=VECTOR('',#5929,10.);
#1300=VECTOR('',#5930,10.);
#1301=VECTOR('',#5931,10.);
#1302=VECTOR('',#5932,10.);
#1303=VECTOR('',#5933,10.);
#1304=VECTOR('',#5936,10.);
#1305=VECTOR('',#5937,10.);
#1306=VECTOR('',#5938,10.);
#1307=VECTOR('',#5941,10.);
#1308=VECTOR('',#5942,10.);
#1309=VECTOR('',#5943,10.);
#1310=VECTOR('',#5944,10.);
#1311=VECTOR('',#5945,10.);
#1312=VECTOR('',#5946,10.);
#1313=VECTOR('',#5947,10.);
#1314=VECTOR('',#5948,10.);
#1315=VECTOR('',#5949,10.);
#1316=VECTOR('',#5952,10.);
#1317=VECTOR('',#5953,10.);
#1318=VECTOR('',#5954,10.);
#1319=VECTOR('',#5955,10.);
#1320=VECTOR('',#5956,10.);
#1321=VECTOR('',#5957,10.);
#1322=VECTOR('',#5960,10.);
#1323=VECTOR('',#5961,10.);
#1324=VECTOR('',#5962,10.);
#1325=VECTOR('',#5963,10.);
#1326=VECTOR('',#5964,10.);
#1327=VECTOR('',#5965,10.);
#1328=VECTOR('',#5966,10.);
#1329=VECTOR('',#5967,10.);
#1330=VECTOR('',#5968,10.);
#1331=VECTOR('',#5969,10.);
#1332=VECTOR('',#5970,10.);
#1333=VECTOR('',#5971,10.);
#1334=VECTOR('',#5972,10.);
#1335=VECTOR('',#5975,10.);
#1336=VECTOR('',#5976,10.);
#1337=VECTOR('',#5977,10.);
#1338=VECTOR('',#5978,10.);
#1339=VECTOR('',#5979,10.);
#1340=VECTOR('',#5982,10.);
#1341=VECTOR('',#5983,10.);
#1342=VECTOR('',#5984,10.);
#1343=VECTOR('',#5985,10.);
#1344=VECTOR('',#5986,10.);
#1345=VECTOR('',#5987,10.);
#1346=VECTOR('',#5988,10.);
#1347=VECTOR('',#5989,10.);
#1348=VECTOR('',#5992,10.);
#1349=VECTOR('',#5993,10.);
#1350=VECTOR('',#5994,10.);
#1351=VECTOR('',#5997,10.);
#1352=VECTOR('',#5998,10.);
#1353=VECTOR('',#5999,10.);
#1354=VECTOR('',#6000,10.);
#1355=VECTOR('',#6001,10.);
#1356=VECTOR('',#6002,10.);
#1357=VECTOR('',#6003,10.);
#1358=VECTOR('',#6004,10.);
#1359=VECTOR('',#6007,10.);
#1360=VECTOR('',#6008,10.);
#1361=VECTOR('',#6009,10.);
#1362=VECTOR('',#6010,10.);
#1363=VECTOR('',#6011,10.);
#1364=VECTOR('',#6012,10.);
#1365=VECTOR('',#6013,10.);
#1366=VECTOR('',#6014,10.);
#1367=VECTOR('',#6015,10.);
#1368=VECTOR('',#6016,10.);
#1369=VECTOR('',#6017,10.);
#1370=VECTOR('',#6020,10.);
#1371=VECTOR('',#6021,10.);
#1372=VECTOR('',#6022,10.);
#1373=VECTOR('',#6025,10.);
#1374=VECTOR('',#6026,10.);
#1375=VECTOR('',#6027,10.);
#1376=VECTOR('',#6028,10.);
#1377=VECTOR('',#6029,10.);
#1378=VECTOR('',#6032,10.);
#1379=VECTOR('',#6033,10.);
#1380=VECTOR('',#6034,10.);
#1381=VECTOR('',#6035,10.);
#1382=VECTOR('',#6036,10.);
#1383=VECTOR('',#6037,10.);
#1384=VECTOR('',#6040,10.);
#1385=VECTOR('',#6041,10.);
#1386=VECTOR('',#6042,10.);
#1387=VECTOR('',#6043,10.);
#1388=VECTOR('',#6044,10.);
#1389=VECTOR('',#6045,10.);
#1390=VECTOR('',#6046,10.);
#1391=VECTOR('',#6047,10.);
#1392=VECTOR('',#6048,10.);
#1393=VECTOR('',#6049,10.);
#1394=VECTOR('',#6050,10.);
#1395=VECTOR('',#6053,10.);
#1396=VECTOR('',#6054,10.);
#1397=VECTOR('',#6055,10.);
#1398=VECTOR('',#6060,10.);
#1399=VECTOR('',#6061,10.);
#1400=VECTOR('',#6062,10.);
#1401=VECTOR('',#6063,10.);
#1402=VECTOR('',#6066,10.);
#1403=VECTOR('',#6067,10.);
#1404=VECTOR('',#6068,10.);
#1405=VECTOR('',#6071,10.);
#1406=VECTOR('',#6072,10.);
#1407=VECTOR('',#6073,10.);
#1408=VECTOR('',#6076,10.);
#1409=VECTOR('',#6077,10.);
#1410=VECTOR('',#6078,10.);
#1411=VECTOR('',#6081,10.);
#1412=VECTOR('',#6082,10.);
#1413=VECTOR('',#6083,10.);
#1414=VECTOR('',#6086,10.);
#1415=VECTOR('',#6087,10.);
#1416=VECTOR('',#6088,10.);
#1417=VECTOR('',#6091,10.);
#1418=VECTOR('',#6092,10.);
#1419=VECTOR('',#6093,10.);
#1420=VECTOR('',#6096,10.);
#1421=VECTOR('',#6097,10.);
#1422=VECTOR('',#6098,10.);
#1423=VECTOR('',#6101,10.);
#1424=VECTOR('',#6102,10.);
#1425=VECTOR('',#6103,10.);
#1426=VECTOR('',#6106,10.);
#1427=VECTOR('',#6107,10.);
#1428=VECTOR('',#6108,10.);
#1429=VECTOR('',#6111,10.);
#1430=VECTOR('',#6112,10.);
#1431=VECTOR('',#6113,10.);
#1432=VECTOR('',#6116,10.);
#1433=VECTOR('',#6117,10.);
#1434=VECTOR('',#6120,10.);
#1435=VECTOR('',#6121,10.);
#1436=VECTOR('',#6122,10.);
#1437=VECTOR('',#6123,10.);
#1438=VECTOR('',#6124,10.);
#1439=VECTOR('',#6125,10.);
#1440=VECTOR('',#6126,10.);
#1441=VECTOR('',#6127,10.);
#1442=VECTOR('',#6128,10.);
#1443=VECTOR('',#6129,10.);
#1444=VECTOR('',#6130,10.);
#1445=VECTOR('',#6131,10.);
#1446=VECTOR('',#6134,10.);
#1447=VECTOR('',#6135,10.);
#1448=VECTOR('',#6136,10.);
#1449=VECTOR('',#6137,10.);
#1450=VECTOR('',#6138,10.);
#1451=VECTOR('',#6139,10.);
#1452=VECTOR('',#6140,10.);
#1453=VECTOR('',#6141,10.);
#1454=VECTOR('',#6142,10.);
#1455=VECTOR('',#6145,10.);
#1456=VECTOR('',#6146,10.);
#1457=VECTOR('',#6147,10.);
#1458=VECTOR('',#6148,10.);
#1459=VECTOR('',#6149,10.);
#1460=VECTOR('',#6150,10.);
#1461=VECTOR('',#6151,10.);
#1462=VECTOR('',#6152,10.);
#1463=VECTOR('',#6153,10.);
#1464=VECTOR('',#6154,10.);
#1465=VECTOR('',#6157,10.);
#1466=VECTOR('',#6158,10.);
#1467=VECTOR('',#6159,10.);
#1468=VECTOR('',#6162,10.);
#1469=VECTOR('',#6163,10.);
#1470=VECTOR('',#6164,10.);
#1471=VECTOR('',#6165,10.);
#1472=VECTOR('',#6166,10.);
#1473=VECTOR('',#6167,10.);
#1474=VECTOR('',#6168,10.);
#1475=VECTOR('',#6169,10.);
#1476=VECTOR('',#6170,10.);
#1477=VECTOR('',#6171,10.);
#1478=VECTOR('',#6172,10.);
#1479=VECTOR('',#6173,10.);
#1480=VECTOR('',#6174,10.);
#1481=VECTOR('',#6175,10.);
#1482=VECTOR('',#6176,10.);
#1483=VECTOR('',#6177,10.);
#1484=VECTOR('',#6178,10.);
#1485=VECTOR('',#6179,10.);
#1486=VECTOR('',#6180,10.);
#1487=VECTOR('',#6181,10.);
#1488=VECTOR('',#6186,10.);
#1489=VECTOR('',#6187,10.);
#1490=VECTOR('',#6188,10.);
#1491=VECTOR('',#6189,10.);
#1492=VECTOR('',#6192,10.);
#1493=VECTOR('',#6193,10.);
#1494=VECTOR('',#6194,10.);
#1495=VECTOR('',#6197,10.);
#1496=VECTOR('',#6198,10.);
#1497=VECTOR('',#6201,10.);
#1498=VECTOR('',#6202,10.);
#1499=VECTOR('',#6203,10.);
#1500=VECTOR('',#6204,10.);
#1501=VECTOR('',#6207,10.);
#1502=VECTOR('',#6208,10.);
#1503=VECTOR('',#6209,10.);
#1504=VECTOR('',#6212,10.);
#1505=VECTOR('',#6213,10.);
#1506=VECTOR('',#6214,10.);
#1507=VECTOR('',#6217,10.);
#1508=VECTOR('',#6218,10.);
#1509=VECTOR('',#6219,10.);
#1510=VECTOR('',#6222,10.);
#1511=VECTOR('',#6223,10.);
#1512=VECTOR('',#6224,10.);
#1513=VECTOR('',#6227,10.);
#1514=VECTOR('',#6228,10.);
#1515=VECTOR('',#6229,10.);
#1516=VECTOR('',#6232,10.);
#1517=VECTOR('',#6233,10.);
#1518=VECTOR('',#6234,10.);
#1519=VECTOR('',#6237,10.);
#1520=VECTOR('',#6238,10.);
#1521=VECTOR('',#6243,10.);
#1522=VECTOR('',#6244,10.);
#1523=VECTOR('',#6245,10.);
#1524=VECTOR('',#6246,10.);
#1525=VECTOR('',#6249,10.);
#1526=VECTOR('',#6250,10.);
#1527=VECTOR('',#6251,10.);
#1528=VECTOR('',#6254,10.);
#1529=VECTOR('',#6255,10.);
#1530=VECTOR('',#6256,10.);
#1531=VECTOR('',#6259,10.);
#1532=VECTOR('',#6260,10.);
#1533=VECTOR('',#6261,10.);
#1534=VECTOR('',#6264,10.);
#1535=VECTOR('',#6265,10.);
#1536=VECTOR('',#6266,10.);
#1537=VECTOR('',#6269,10.);
#1538=VECTOR('',#6270,10.);
#1539=VECTOR('',#6271,10.);
#1540=VECTOR('',#6274,10.);
#1541=VECTOR('',#6275,10.);
#1542=VECTOR('',#6276,10.);
#1543=VECTOR('',#6279,10.);
#1544=VECTOR('',#6280,10.);
#1545=VECTOR('',#6281,10.);
#1546=VECTOR('',#6284,10.);
#1547=VECTOR('',#6285,10.);
#1548=VECTOR('',#6286,10.);
#1549=VECTOR('',#6289,10.);
#1550=VECTOR('',#6290,10.);
#1551=VECTOR('',#6291,10.);
#1552=VECTOR('',#6294,10.);
#1553=VECTOR('',#6295,10.);
#1554=VECTOR('',#6296,10.);
#1555=VECTOR('',#6299,10.);
#1556=VECTOR('',#6300,10.);
#1557=VECTOR('',#6303,10.);
#1558=VECTOR('',#6304,10.);
#1559=VECTOR('',#6305,10.);
#1560=VECTOR('',#6306,10.);
#1561=VECTOR('',#6307,10.);
#1562=VECTOR('',#6308,10.);
#1563=VECTOR('',#6309,10.);
#1564=VECTOR('',#6310,10.);
#1565=VECTOR('',#6311,10.);
#1566=VECTOR('',#6312,10.);
#1567=VECTOR('',#6313,10.);
#1568=VECTOR('',#6314,10.);
#1569=VECTOR('',#6317,10.);
#1570=VECTOR('',#6318,10.);
#1571=VECTOR('',#6319,10.);
#1572=VECTOR('',#6320,10.);
#1573=VECTOR('',#6321,10.);
#1574=VECTOR('',#6322,10.);
#1575=VECTOR('',#6323,10.);
#1576=VECTOR('',#6324,10.);
#1577=VECTOR('',#6325,10.);
#1578=VECTOR('',#6328,10.);
#1579=VECTOR('',#6329,10.);
#1580=VECTOR('',#6330,10.);
#1581=VECTOR('',#6331,10.);
#1582=VECTOR('',#6332,10.);
#1583=VECTOR('',#6333,10.);
#1584=VECTOR('',#6334,10.);
#1585=VECTOR('',#6335,10.);
#1586=VECTOR('',#6336,10.);
#1587=VECTOR('',#6337,10.);
#1588=VECTOR('',#6340,10.);
#1589=VECTOR('',#6341,10.);
#1590=VECTOR('',#6342,10.);
#1591=VECTOR('',#6345,10.);
#1592=VECTOR('',#6346,10.);
#1593=VECTOR('',#6347,10.);
#1594=VECTOR('',#6348,10.);
#1595=VECTOR('',#6349,10.);
#1596=VECTOR('',#6350,10.);
#1597=VECTOR('',#6353,10.);
#1598=VECTOR('',#6354,10.);
#1599=VECTOR('',#6355,10.);
#1600=VECTOR('',#6358,10.);
#1601=VECTOR('',#6359,10.);
#1602=VECTOR('',#6360,10.);
#1603=VECTOR('',#6363,10.);
#1604=VECTOR('',#6364,10.);
#1605=VECTOR('',#6365,10.);
#1606=VECTOR('',#6368,10.);
#1607=VECTOR('',#6369,10.);
#1608=VECTOR('',#6370,10.);
#1609=VECTOR('',#6373,10.);
#1610=VECTOR('',#6374,10.);
#1611=VECTOR('',#6375,10.);
#1612=VECTOR('',#6376,10.);
#1613=VECTOR('',#6377,10.);
#1614=VECTOR('',#6378,10.);
#1615=VECTOR('',#6379,10.);
#1616=VECTOR('',#6380,10.);
#1617=VECTOR('',#6381,10.);
#1618=VECTOR('',#6384,10.);
#1619=VECTOR('',#6385,10.);
#1620=VECTOR('',#6386,10.);
#1621=VECTOR('',#6389,10.);
#1622=VECTOR('',#6390,10.);
#1623=VECTOR('',#6391,10.);
#1624=VECTOR('',#6394,10.);
#1625=VECTOR('',#6395,10.);
#1626=VECTOR('',#6400,10.);
#1627=VECTOR('',#6401,10.);
#1628=VECTOR('',#6402,10.);
#1629=VECTOR('',#6403,10.);
#1630=VECTOR('',#6406,10.);
#1631=VECTOR('',#6407,10.);
#1632=VECTOR('',#6408,10.);
#1633=VECTOR('',#6411,10.);
#1634=VECTOR('',#6412,10.);
#1635=VECTOR('',#6413,10.);
#1636=VECTOR('',#6416,10.);
#1637=VECTOR('',#6417,10.);
#1638=VECTOR('',#6420,10.);
#1639=VECTOR('',#6421,10.);
#1640=VECTOR('',#6422,10.);
#1641=VECTOR('',#6423,10.);
#1642=VECTOR('',#6424,10.);
#1643=VECTOR('',#6425,10.);
#1644=VECTOR('',#6426,10.);
#1645=VECTOR('',#6429,10.);
#1646=VECTOR('',#6430,10.);
#1647=VECTOR('',#6431,10.);
#1648=VECTOR('',#6434,10.);
#1649=VECTOR('',#6435,10.);
#1650=VECTOR('',#6436,10.);
#1651=VECTOR('',#6439,10.);
#1652=VECTOR('',#6440,10.);
#1653=VECTOR('',#6441,10.);
#1654=VECTOR('',#6442,10.);
#1655=VECTOR('',#6443,10.);
#1656=VECTOR('',#6444,10.);
#1657=VECTOR('',#6445,10.);
#1658=VECTOR('',#6446,10.);
#1659=VECTOR('',#6447,10.);
#1660=VECTOR('',#6450,10.);
#1661=VECTOR('',#6451,10.);
#1662=VECTOR('',#6452,10.);
#1663=VECTOR('',#6455,10.);
#1664=VECTOR('',#6456,10.);
#1665=VECTOR('',#6457,10.);
#1666=VECTOR('',#6460,10.);
#1667=VECTOR('',#6461,10.);
#1668=VECTOR('',#6464,10.);
#1669=VECTOR('',#6465,10.);
#1670=VECTOR('',#6466,10.);
#1671=VECTOR('',#6467,10.);
#1672=VECTOR('',#6468,10.);
#1673=VECTOR('',#6469,10.);
#1674=VECTOR('',#6470,10.);
#1675=VECTOR('',#6471,10.);
#1676=VECTOR('',#6472,10.);
#1677=VECTOR('',#6473,10.);
#1678=VECTOR('',#6474,10.);
#1679=VECTOR('',#6475,10.);
#1680=VECTOR('',#6476,10.);
#1681=VECTOR('',#6477,10.);
#1682=VECTOR('',#6478,10.);
#1683=VECTOR('',#6479,10.);
#1684=VECTOR('',#6482,10.);
#1685=VECTOR('',#6483,10.);
#1686=VECTOR('',#6484,10.);
#1687=VECTOR('',#6487,10.);
#1688=VECTOR('',#6488,10.);
#1689=VECTOR('',#6493,10.);
#1690=VECTOR('',#6494,10.);
#1691=VECTOR('',#6495,10.);
#1692=VECTOR('',#6496,10.);
#1693=VECTOR('',#6513,5.);
#1694=VECTOR('',#6522,25.);
#1695=VECTOR('',#6531,25.);
#1696=VECTOR('',#6540,25.);
#1697=VECTOR('',#6551,10.);
#1698=VECTOR('',#6556,25.);
#1699=VECTOR('',#6567,10.);
#1700=VECTOR('',#6570,10.);
#1701=VECTOR('',#6571,10.);
#1702=VECTOR('',#6572,10.);
#1703=VECTOR('',#6573,10.);
#1704=VECTOR('',#6576,10.);
#1705=VECTOR('',#6577,10.);
#1706=VECTOR('',#6578,10.);
#1707=VECTOR('',#6579,10.);
#1708=VECTOR('',#6580,10.);
#1709=VECTOR('',#6583,10.);
#1710=VECTOR('',#6588,10.);
#1711=VECTOR('',#6589,10.);
#1712=VECTOR('',#6592,10.);
#1713=B_SPLINE_CURVE_WITH_KNOTS('',3,(#6608,#6609,#6610,#6611,#6612),
 .UNSPECIFIED.,.F.,.F.,(4,1,4),(0.,0.0902067594045969,0.234808831608238),
 .UNSPECIFIED.);
#1714=B_SPLINE_CURVE_WITH_KNOTS('',3,(#6616,#6617,#6618,#6619,#6620),
 .UNSPECIFIED.,.F.,.F.,(4,1,4),(0.,0.0902067594045969,0.234808831608238),
 .UNSPECIFIED.);
#1715=B_SPLINE_CURVE_WITH_KNOTS('',3,(#6633,#6634,#6635,#6636,#6637),
 .UNSPECIFIED.,.F.,.F.,(4,1,4),(0.,0.101893799491487,0.19818199002767),
 .UNSPECIFIED.);
#1716=B_SPLINE_CURVE_WITH_KNOTS('',3,(#6640,#6641,#6642,#6643,#6644),
 .UNSPECIFIED.,.F.,.F.,(4,1,4),(0.,0.101893799491487,0.19818199002767),
 .UNSPECIFIED.);
#1717=B_SPLINE_CURVE_WITH_KNOTS('',3,(#6656,#6657,#6658,#6659,#6660),
 .UNSPECIFIED.,.F.,.F.,(4,1,4),(0.,0.128401957559937,0.264953417202507),
 .UNSPECIFIED.);
#1718=B_SPLINE_CURVE_WITH_KNOTS('',3,(#6663,#6664,#6665,#6666,#6667),
 .UNSPECIFIED.,.F.,.F.,(4,1,4),(0.,0.128401957559937,0.264953417202507),
 .UNSPECIFIED.);
#1719=B_SPLINE_CURVE_WITH_KNOTS('',3,(#6679,#6680,#6681,#6682,#6683),
 .UNSPECIFIED.,.F.,.F.,(4,1,4),(0.,0.10146380492586,0.208771029339198),
 .UNSPECIFIED.);
#1720=B_SPLINE_CURVE_WITH_KNOTS('',3,(#6686,#6687,#6688,#6689,#6690),
 .UNSPECIFIED.,.F.,.F.,(4,1,4),(0.,0.10146380492586,0.208771029339198),
 .UNSPECIFIED.);
#1721=B_SPLINE_CURVE_WITH_KNOTS('',3,(#6702,#6703,#6704,#6705,#6706),
 .UNSPECIFIED.,.F.,.F.,(4,1,4),(0.,0.095650137975208,0.193583721449616),
 .UNSPECIFIED.);
#1722=B_SPLINE_CURVE_WITH_KNOTS('',3,(#6709,#6710,#6711,#6712,#6713),
 .UNSPECIFIED.,.F.,.F.,(4,1,4),(0.,0.095650137975208,0.193583721449616),
 .UNSPECIFIED.);
#1723=B_SPLINE_CURVE_WITH_KNOTS('',3,(#6725,#6726,#6727,#6728,#6729),
 .UNSPECIFIED.,.F.,.F.,(4,1,4),(0.,0.1031629860902,0.199428625549806),
 .UNSPECIFIED.);
#1724=B_SPLINE_CURVE_WITH_KNOTS('',3,(#6732,#6733,#6734,#6735,#6736),
 .UNSPECIFIED.,.F.,.F.,(4,1,4),(0.,0.1031629860902,0.199428625549806),
 .UNSPECIFIED.);
#1725=B_SPLINE_CURVE_WITH_KNOTS('',3,(#6748,#6749,#6750,#6751,#6752),
 .UNSPECIFIED.,.F.,.F.,(4,1,4),(0.,0.1703028026121,0.274761729231534),
 .UNSPECIFIED.);
#1726=B_SPLINE_CURVE_WITH_KNOTS('',3,(#6755,#6756,#6757,#6758,#6759),
 .UNSPECIFIED.,.F.,.F.,(4,1,4),(0.,0.1703028026121,0.274761729231534),
 .UNSPECIFIED.);
#1727=B_SPLINE_CURVE_WITH_KNOTS('',3,(#6771,#6772,#6773,#6774,#6775),
 .UNSPECIFIED.,.F.,.F.,(4,1,4),(0.,0.123622476691615,0.300779961563277),
 .UNSPECIFIED.);
#1728=B_SPLINE_CURVE_WITH_KNOTS('',3,(#6778,#6779,#6780,#6781,#6782),
 .UNSPECIFIED.,.F.,.F.,(4,1,4),(0.,0.123622476691615,0.300779961563277),
 .UNSPECIFIED.);
#1729=B_SPLINE_CURVE_WITH_KNOTS('',3,(#6798,#6799,#6800,#6801,#6802),
 .UNSPECIFIED.,.F.,.F.,(4,1,4),(0.,0.114522892005316,0.208153748230599),
 .UNSPECIFIED.);
#1730=B_SPLINE_CURVE_WITH_KNOTS('',3,(#6806,#6807,#6808,#6809,#6810),
 .UNSPECIFIED.,.F.,.F.,(4,1,4),(0.,0.114522892005316,0.208153748230599),
 .UNSPECIFIED.);
#1731=B_SPLINE_CURVE_WITH_KNOTS('',3,(#6823,#6824,#6825,#6826,#6827),
 .UNSPECIFIED.,.F.,.F.,(4,1,4),(0.,0.107915538871108,0.267615444064608),
 .UNSPECIFIED.);
#1732=B_SPLINE_CURVE_WITH_KNOTS('',3,(#6830,#6831,#6832,#6833,#6834),
 .UNSPECIFIED.,.F.,.F.,(4,1,4),(0.,0.107915538871108,0.267615444064608),
 .UNSPECIFIED.);
#1733=B_SPLINE_CURVE_WITH_KNOTS('',3,(#6846,#6847,#6848,#6849,#6850),
 .UNSPECIFIED.,.F.,.F.,(4,1,4),(0.,0.119529383540158,0.213361034671131),
 .UNSPECIFIED.);
#1734=B_SPLINE_CURVE_WITH_KNOTS('',3,(#6853,#6854,#6855,#6856,#6857),
 .UNSPECIFIED.,.F.,.F.,(4,1,4),(0.,0.119529383540158,0.213361034671131),
 .UNSPECIFIED.);
#1735=B_SPLINE_CURVE_WITH_KNOTS('',3,(#6875,#6876,#6877,#6878,#6879),
 .UNSPECIFIED.,.F.,.F.,(4,1,4),(0.,0.290824139397964,0.48067938117971),
 .UNSPECIFIED.);
#1736=B_SPLINE_CURVE_WITH_KNOTS('',3,(#6882,#6883,#6884,#6885,#6886),
 .UNSPECIFIED.,.F.,.F.,(4,1,4),(0.,0.290824139397964,0.48067938117971),
 .UNSPECIFIED.);
#1737=B_SPLINE_CURVE_WITH_KNOTS('',3,(#6898,#6899,#6900,#6901,#6902),
 .UNSPECIFIED.,.F.,.F.,(4,1,4),(0.,0.17212461183798,0.397919688001997),
 .UNSPECIFIED.);
#1738=B_SPLINE_CURVE_WITH_KNOTS('',3,(#6905,#6906,#6907,#6908,#6909),
 .UNSPECIFIED.,.F.,.F.,(4,1,4),(0.,0.17212461183798,0.397919688001997),
 .UNSPECIFIED.);
#1739=B_SPLINE_CURVE_WITH_KNOTS('',3,(#6921,#6922,#6923,#6924,#6925),
 .UNSPECIFIED.,.F.,.F.,(4,1,4),(0.,0.137911992921459,0.278916624261322),
 .UNSPECIFIED.);
#1740=B_SPLINE_CURVE_WITH_KNOTS('',3,(#6928,#6929,#6930,#6931,#6932),
 .UNSPECIFIED.,.F.,.F.,(4,1,4),(0.,0.137911992921459,0.278916624261322),
 .UNSPECIFIED.);
#1741=B_SPLINE_CURVE_WITH_KNOTS('',3,(#6944,#6945,#6946,#6947,#6948),
 .UNSPECIFIED.,.F.,.F.,(4,1,4),(0.,0.146318284230314,0.286128135132471),
 .UNSPECIFIED.);
#1742=B_SPLINE_CURVE_WITH_KNOTS('',3,(#6951,#6952,#6953,#6954,#6955),
 .UNSPECIFIED.,.F.,.F.,(4,1,4),(0.,0.146318284230314,0.286128135132471),
 .UNSPECIFIED.);
#1743=B_SPLINE_CURVE_WITH_KNOTS('',3,(#6967,#6968,#6969,#6970,#6971),
 .UNSPECIFIED.,.F.,.F.,(4,1,4),(0.,0.210065023551363,0.425747283669212),
 .UNSPECIFIED.);
#1744=B_SPLINE_CURVE_WITH_KNOTS('',3,(#6974,#6975,#6976,#6977,#6978),
 .UNSPECIFIED.,.F.,.F.,(4,1,4),(0.,0.210065023551363,0.425747283669212),
 .UNSPECIFIED.);
#1745=B_SPLINE_CURVE_WITH_KNOTS('',3,(#6990,#6991,#6992,#6993,#6994),
 .UNSPECIFIED.,.F.,.F.,(4,1,4),(0.,0.252905197839615,0.475065861554552),
 .UNSPECIFIED.);
#1746=B_SPLINE_CURVE_WITH_KNOTS('',3,(#6997,#6998,#6999,#7000,#7001),
 .UNSPECIFIED.,.F.,.F.,(4,1,4),(0.,0.252905197839615,0.475065861554552),
 .UNSPECIFIED.);
#1747=B_SPLINE_CURVE_WITH_KNOTS('',3,(#7013,#7014,#7015,#7016,#7017),
 .UNSPECIFIED.,.F.,.F.,(4,1,4),(0.,0.151299681893515,0.305926379467758),
 .UNSPECIFIED.);
#1748=B_SPLINE_CURVE_WITH_KNOTS('',3,(#7020,#7021,#7022,#7023,#7024),
 .UNSPECIFIED.,.F.,.F.,(4,1,4),(0.,0.151299681893515,0.305926379467758),
 .UNSPECIFIED.);
#1749=B_SPLINE_CURVE_WITH_KNOTS('',3,(#7036,#7037,#7038,#7039,#7040),
 .UNSPECIFIED.,.F.,.F.,(4,1,4),(0.,0.164471284985296,0.319217341178858),
 .UNSPECIFIED.);
#1750=B_SPLINE_CURVE_WITH_KNOTS('',3,(#7043,#7044,#7045,#7046,#7047),
 .UNSPECIFIED.,.F.,.F.,(4,1,4),(0.,0.164471284985296,0.319217341178858),
 .UNSPECIFIED.);
#1751=B_SPLINE_CURVE_WITH_KNOTS('',3,(#7059,#7060,#7061,#7062,#7063),
 .UNSPECIFIED.,.F.,.F.,(4,1,4),(0.,0.036834972977786,0.0588106810507949),
 .UNSPECIFIED.);
#1752=B_SPLINE_CURVE_WITH_KNOTS('',3,(#7066,#7067,#7068,#7069,#7070),
 .UNSPECIFIED.,.F.,.F.,(4,1,4),(0.,0.036834972977786,0.0588106810507949),
 .UNSPECIFIED.);
#1753=B_SPLINE_CURVE_WITH_KNOTS('',3,(#7082,#7083,#7084,#7085,#7086),
 .UNSPECIFIED.,.F.,.F.,(4,1,4),(0.,0.0628342000647139,0.14887461747866),
 .UNSPECIFIED.);
#1754=B_SPLINE_CURVE_WITH_KNOTS('',3,(#7089,#7090,#7091,#7092,#7093),
 .UNSPECIFIED.,.F.,.F.,(4,1,4),(0.,0.0628342000647139,0.14887461747866),
 .UNSPECIFIED.);
#1755=B_SPLINE_CURVE_WITH_KNOTS('',3,(#7111,#7112,#7113,#7114,#7115),
 .UNSPECIFIED.,.F.,.F.,(4,1,4),(0.,0.122012893886625,0.258325386024101),
 .UNSPECIFIED.);
#1756=B_SPLINE_CURVE_WITH_KNOTS('',3,(#7118,#7119,#7120,#7121,#7122),
 .UNSPECIFIED.,.F.,.F.,(4,1,4),(0.,0.122012893886625,0.258325386024101),
 .UNSPECIFIED.);
#1757=B_SPLINE_CURVE_WITH_KNOTS('',3,(#7134,#7135,#7136,#7137,#7138),
 .UNSPECIFIED.,.F.,.F.,(4,1,4),(0.,0.207489458763455,0.353254838854236),
 .UNSPECIFIED.);
#1758=B_SPLINE_CURVE_WITH_KNOTS('',3,(#7141,#7142,#7143,#7144,#7145),
 .UNSPECIFIED.,.F.,.F.,(4,1,4),(0.,0.207489458763455,0.353254838854236),
 .UNSPECIFIED.);
#1759=B_SPLINE_CURVE_WITH_KNOTS('',3,(#7163,#7164,#7165,#7166,#7167),
 .UNSPECIFIED.,.F.,.F.,(4,1,4),(0.,0.172433830390837,0.436177765260273),
 .UNSPECIFIED.);
#1760=B_SPLINE_CURVE_WITH_KNOTS('',3,(#7170,#7171,#7172,#7173,#7174),
 .UNSPECIFIED.,.F.,.F.,(4,1,4),(0.,0.172433830390837,0.436177765260273),
 .UNSPECIFIED.);
#1761=B_SPLINE_CURVE_WITH_KNOTS('',3,(#7186,#7187,#7188,#7189,#7190),
 .UNSPECIFIED.,.F.,.F.,(4,1,4),(0.,0.158996895069061,0.296695616859055),
 .UNSPECIFIED.);
#1762=B_SPLINE_CURVE_WITH_KNOTS('',3,(#7193,#7194,#7195,#7196,#7197),
 .UNSPECIFIED.,.F.,.F.,(4,1,4),(0.,0.158996895069061,0.296695616859055),
 .UNSPECIFIED.);
#1763=B_SPLINE_CURVE_WITH_KNOTS('',3,(#7209,#7210,#7211,#7212,#7213),
 .UNSPECIFIED.,.F.,.F.,(4,1,4),(0.,0.280315121285627,0.486157105099959),
 .UNSPECIFIED.);
#1764=B_SPLINE_CURVE_WITH_KNOTS('',3,(#7216,#7217,#7218,#7219,#7220),
 .UNSPECIFIED.,.F.,.F.,(4,1,4),(0.,0.280315121285627,0.486157105099959),
 .UNSPECIFIED.);
#1765=B_SPLINE_CURVE_WITH_KNOTS('',3,(#7232,#7233,#7234,#7235,#7236),
 .UNSPECIFIED.,.F.,.F.,(4,1,4),(0.,0.241834073603347,0.55295358720081),
 .UNSPECIFIED.);
#1766=B_SPLINE_CURVE_WITH_KNOTS('',3,(#7239,#7240,#7241,#7242,#7243),
 .UNSPECIFIED.,.F.,.F.,(4,1,4),(0.,0.241834073603347,0.55295358720081),
 .UNSPECIFIED.);
#1767=B_SPLINE_CURVE_WITH_KNOTS('',3,(#7255,#7256,#7257,#7258,#7259),
 .UNSPECIFIED.,.F.,.F.,(4,1,4),(0.,0.249340065165534,0.470678894156383),
 .UNSPECIFIED.);
#1768=B_SPLINE_CURVE_WITH_KNOTS('',3,(#7262,#7263,#7264,#7265,#7266),
 .UNSPECIFIED.,.F.,.F.,(4,1,4),(0.,0.249340065165534,0.470678894156383),
 .UNSPECIFIED.);
#1769=B_SPLINE_CURVE_WITH_KNOTS('',3,(#7283,#7284,#7285,#7286,#7287),
 .UNSPECIFIED.,.F.,.F.,(4,1,4),(0.,0.0948622846726608,0.213664116047484),
 .UNSPECIFIED.);
#1770=B_SPLINE_CURVE_WITH_KNOTS('',3,(#7288,#7289,#7290,#7291,#7292),
 .UNSPECIFIED.,.F.,.F.,(4,1,4),(0.,0.0948622846726608,0.213664116047484),
 .UNSPECIFIED.);
#1771=B_SPLINE_CURVE_WITH_KNOTS('',3,(#7306,#7307,#7308,#7309,#7310),
 .UNSPECIFIED.,.F.,.F.,(4,1,4),(0.,0.0902067594045969,0.234808831608238),
 .UNSPECIFIED.);
#1772=B_SPLINE_CURVE_WITH_KNOTS('',3,(#7314,#7315,#7316,#7317,#7318),
 .UNSPECIFIED.,.F.,.F.,(4,1,4),(0.,0.0902067594045969,0.234808831608238),
 .UNSPECIFIED.);
#1773=B_SPLINE_CURVE_WITH_KNOTS('',3,(#7331,#7332,#7333,#7334,#7335),
 .UNSPECIFIED.,.F.,.F.,(4,1,4),(0.,0.101893715197895,0.19818195798794),
 .UNSPECIFIED.);
#1774=B_SPLINE_CURVE_WITH_KNOTS('',3,(#7338,#7339,#7340,#7341,#7342),
 .UNSPECIFIED.,.F.,.F.,(4,1,4),(0.,0.101893715197895,0.19818195798794),
 .UNSPECIFIED.);
#1775=B_SPLINE_CURVE_WITH_KNOTS('',3,(#7354,#7355,#7356,#7357,#7358),
 .UNSPECIFIED.,.F.,.F.,(4,1,4),(0.,0.128401604894745,0.264953380522984),
 .UNSPECIFIED.);
#1776=B_SPLINE_CURVE_WITH_KNOTS('',3,(#7361,#7362,#7363,#7364,#7365),
 .UNSPECIFIED.,.F.,.F.,(4,1,4),(0.,0.128401604894745,0.264953380522984),
 .UNSPECIFIED.);
#1777=B_SPLINE_CURVE_WITH_KNOTS('',3,(#7377,#7378,#7379,#7380,#7381),
 .UNSPECIFIED.,.F.,.F.,(4,1,4),(0.,0.101463905104448,0.208771012060995),
 .UNSPECIFIED.);
#1778=B_SPLINE_CURVE_WITH_KNOTS('',3,(#7384,#7385,#7386,#7387,#7388),
 .UNSPECIFIED.,.F.,.F.,(4,1,4),(0.,0.101463905104448,0.208771012060995),
 .UNSPECIFIED.);
#1779=B_SPLINE_CURVE_WITH_KNOTS('',3,(#7400,#7401,#7402,#7403,#7404),
 .UNSPECIFIED.,.F.,.F.,(4,1,4),(0.,0.095650137975208,0.193583721449616),
 .UNSPECIFIED.);
#1780=B_SPLINE_CURVE_WITH_KNOTS('',3,(#7407,#7408,#7409,#7410,#7411),
 .UNSPECIFIED.,.F.,.F.,(4,1,4),(0.,0.095650137975208,0.193583721449616),
 .UNSPECIFIED.);
#1781=B_SPLINE_CURVE_WITH_KNOTS('',3,(#7423,#7424,#7425,#7426,#7427),
 .UNSPECIFIED.,.F.,.F.,(4,1,4),(0.,0.103162904804325,0.199428573300658),
 .UNSPECIFIED.);
#1782=B_SPLINE_CURVE_WITH_KNOTS('',3,(#7430,#7431,#7432,#7433,#7434),
 .UNSPECIFIED.,.F.,.F.,(4,1,4),(0.,0.103162904804325,0.199428573300658),
 .UNSPECIFIED.);
#1783=B_SPLINE_CURVE_WITH_KNOTS('',3,(#7446,#7447,#7448,#7449,#7450),
 .UNSPECIFIED.,.F.,.F.,(4,1,4),(0.,0.170302918102394,0.274761735252103),
 .UNSPECIFIED.);
#1784=B_SPLINE_CURVE_WITH_KNOTS('',3,(#7453,#7454,#7455,#7456,#7457),
 .UNSPECIFIED.,.F.,.F.,(4,1,4),(0.,0.170302918102394,0.274761735252103),
 .UNSPECIFIED.);
#1785=B_SPLINE_CURVE_WITH_KNOTS('',3,(#7469,#7470,#7471,#7472,#7473),
 .UNSPECIFIED.,.F.,.F.,(4,1,4),(0.,0.123622476691615,0.300779961563277),
 .UNSPECIFIED.);
#1786=B_SPLINE_CURVE_WITH_KNOTS('',3,(#7476,#7477,#7478,#7479,#7480),
 .UNSPECIFIED.,.F.,.F.,(4,1,4),(0.,0.123622476691615,0.300779961563277),
 .UNSPECIFIED.);
#1787=B_SPLINE_CURVE_WITH_KNOTS('',3,(#7496,#7497,#7498,#7499,#7500),
 .UNSPECIFIED.,.F.,.F.,(4,1,4),(0.,0.114522773517056,0.208153738844382),
 .UNSPECIFIED.);
#1788=B_SPLINE_CURVE_WITH_KNOTS('',3,(#7504,#7505,#7506,#7507,#7508),
 .UNSPECIFIED.,.F.,.F.,(4,1,4),(0.,0.114522773517056,0.208153738844382),
 .UNSPECIFIED.);
#1789=B_SPLINE_CURVE_WITH_KNOTS('',3,(#7521,#7522,#7523,#7524,#7525),
 .UNSPECIFIED.,.F.,.F.,(4,1,4),(0.,0.107915974025855,0.267615641814118),
 .UNSPECIFIED.);
#1790=B_SPLINE_CURVE_WITH_KNOTS('',3,(#7528,#7529,#7530,#7531,#7532),
 .UNSPECIFIED.,.F.,.F.,(4,1,4),(0.,0.107915974025855,0.267615641814118),
 .UNSPECIFIED.);
#1791=B_SPLINE_CURVE_WITH_KNOTS('',3,(#7544,#7545,#7546,#7547,#7548),
 .UNSPECIFIED.,.F.,.F.,(4,1,4),(0.,0.119529366532637,0.213361082660028),
 .UNSPECIFIED.);
#1792=B_SPLINE_CURVE_WITH_KNOTS('',3,(#7551,#7552,#7553,#7554,#7555),
 .UNSPECIFIED.,.F.,.F.,(4,1,4),(0.,0.119529366532637,0.213361082660028),
 .UNSPECIFIED.);
#1793=B_SPLINE_CURVE_WITH_KNOTS('',3,(#7573,#7574,#7575,#7576,#7577),
 .UNSPECIFIED.,.F.,.F.,(4,1,4),(0.,0.29082367315567,0.48067914247459),
 .UNSPECIFIED.);
#1794=B_SPLINE_CURVE_WITH_KNOTS('',3,(#7580,#7581,#7582,#7583,#7584),
 .UNSPECIFIED.,.F.,.F.,(4,1,4),(0.,0.29082367315567,0.48067914247459),
 .UNSPECIFIED.);
#1795=B_SPLINE_CURVE_WITH_KNOTS('',3,(#7596,#7597,#7598,#7599,#7600),
 .UNSPECIFIED.,.F.,.F.,(4,1,4),(0.,0.172124779474999,0.397919913654034),
 .UNSPECIFIED.);
#1796=B_SPLINE_CURVE_WITH_KNOTS('',3,(#7603,#7604,#7605,#7606,#7607),
 .UNSPECIFIED.,.F.,.F.,(4,1,4),(0.,0.172124779474999,0.397919913654034),
 .UNSPECIFIED.);
#1797=B_SPLINE_CURVE_WITH_KNOTS('',3,(#7619,#7620,#7621,#7622,#7623),
 .UNSPECIFIED.,.F.,.F.,(4,1,4),(0.,0.137911878774262,0.278916460464621),
 .UNSPECIFIED.);
#1798=B_SPLINE_CURVE_WITH_KNOTS('',3,(#7626,#7627,#7628,#7629,#7630),
 .UNSPECIFIED.,.F.,.F.,(4,1,4),(0.,0.137911878774262,0.278916460464621),
 .UNSPECIFIED.);
#1799=B_SPLINE_CURVE_WITH_KNOTS('',3,(#7642,#7643,#7644,#7645,#7646),
 .UNSPECIFIED.,.F.,.F.,(4,1,4),(0.,0.146318321569873,0.286128149025553),
 .UNSPECIFIED.);
#1800=B_SPLINE_CURVE_WITH_KNOTS('',3,(#7649,#7650,#7651,#7652,#7653),
 .UNSPECIFIED.,.F.,.F.,(4,1,4),(0.,0.146318321569873,0.286128149025553),
 .UNSPECIFIED.);
#1801=B_SPLINE_CURVE_WITH_KNOTS('',3,(#7665,#7666,#7667,#7668,#7669),
 .UNSPECIFIED.,.F.,.F.,(4,1,4),(0.,0.210065160729804,0.425747376312555),
 .UNSPECIFIED.);
#1802=B_SPLINE_CURVE_WITH_KNOTS('',3,(#7672,#7673,#7674,#7675,#7676),
 .UNSPECIFIED.,.F.,.F.,(4,1,4),(0.,0.210065160729804,0.425747376312555),
 .UNSPECIFIED.);
#1803=B_SPLINE_CURVE_WITH_KNOTS('',3,(#7688,#7689,#7690,#7691,#7692),
 .UNSPECIFIED.,.F.,.F.,(4,1,4),(0.,0.252904962119592,0.475065830579002),
 .UNSPECIFIED.);
#1804=B_SPLINE_CURVE_WITH_KNOTS('',3,(#7695,#7696,#7697,#7698,#7699),
 .UNSPECIFIED.,.F.,.F.,(4,1,4),(0.,0.252904962119592,0.475065830579002),
 .UNSPECIFIED.);
#1805=B_SPLINE_CURVE_WITH_KNOTS('',3,(#7711,#7712,#7713,#7714,#7715),
 .UNSPECIFIED.,.F.,.F.,(4,1,4),(0.,0.151299795765723,0.305926374687043),
 .UNSPECIFIED.);
#1806=B_SPLINE_CURVE_WITH_KNOTS('',3,(#7718,#7719,#7720,#7721,#7722),
 .UNSPECIFIED.,.F.,.F.,(4,1,4),(0.,0.151299795765723,0.305926374687043),
 .UNSPECIFIED.);
#1807=B_SPLINE_CURVE_WITH_KNOTS('',3,(#7734,#7735,#7736,#7737,#7738),
 .UNSPECIFIED.,.F.,.F.,(4,1,4),(0.,0.164471377068979,0.319217328823286),
 .UNSPECIFIED.);
#1808=B_SPLINE_CURVE_WITH_KNOTS('',3,(#7741,#7742,#7743,#7744,#7745),
 .UNSPECIFIED.,.F.,.F.,(4,1,4),(0.,0.164471377068979,0.319217328823286),
 .UNSPECIFIED.);
#1809=B_SPLINE_CURVE_WITH_KNOTS('',3,(#7757,#7758,#7759,#7760,#7761),
 .UNSPECIFIED.,.F.,.F.,(4,1,4),(0.,0.0368350060913824,0.0588106771620388),
 .UNSPECIFIED.);
#1810=B_SPLINE_CURVE_WITH_KNOTS('',3,(#7764,#7765,#7766,#7767,#7768),
 .UNSPECIFIED.,.F.,.F.,(4,1,4),(0.,0.0368350060913824,0.0588106771620388),
 .UNSPECIFIED.);
#1811=B_SPLINE_CURVE_WITH_KNOTS('',3,(#7780,#7781,#7782,#7783,#7784),
 .UNSPECIFIED.,.F.,.F.,(4,1,4),(0.,0.0628342000647139,0.148874547778724),
 .UNSPECIFIED.);
#1812=B_SPLINE_CURVE_WITH_KNOTS('',3,(#7787,#7788,#7789,#7790,#7791),
 .UNSPECIFIED.,.F.,.F.,(4,1,4),(0.,0.0628342000647139,0.148874547778724),
 .UNSPECIFIED.);
#1813=B_SPLINE_CURVE_WITH_KNOTS('',3,(#7809,#7810,#7811,#7812,#7813),
 .UNSPECIFIED.,.F.,.F.,(4,1,4),(0.,0.122012958449948,0.258325357751163),
 .UNSPECIFIED.);
#1814=B_SPLINE_CURVE_WITH_KNOTS('',3,(#7816,#7817,#7818,#7819,#7820),
 .UNSPECIFIED.,.F.,.F.,(4,1,4),(0.,0.122012958449948,0.258325357751163),
 .UNSPECIFIED.);
#1815=B_SPLINE_CURVE_WITH_KNOTS('',3,(#7832,#7833,#7834,#7835,#7836),
 .UNSPECIFIED.,.F.,.F.,(4,1,4),(0.,0.207489458763455,0.353254838854236),
 .UNSPECIFIED.);
#1816=B_SPLINE_CURVE_WITH_KNOTS('',3,(#7839,#7840,#7841,#7842,#7843),
 .UNSPECIFIED.,.F.,.F.,(4,1,4),(0.,0.207489458763455,0.353254838854236),
 .UNSPECIFIED.);
#1817=B_SPLINE_CURVE_WITH_KNOTS('',3,(#7861,#7862,#7863,#7864,#7865),
 .UNSPECIFIED.,.F.,.F.,(4,1,4),(0.,0.172433830390837,0.436177765260273),
 .UNSPECIFIED.);
#1818=B_SPLINE_CURVE_WITH_KNOTS('',3,(#7868,#7869,#7870,#7871,#7872),
 .UNSPECIFIED.,.F.,.F.,(4,1,4),(0.,0.172433830390837,0.436177765260273),
 .UNSPECIFIED.);
#1819=B_SPLINE_CURVE_WITH_KNOTS('',3,(#7884,#7885,#7886,#7887,#7888),
 .UNSPECIFIED.,.F.,.F.,(4,1,4),(0.,0.158996794860303,0.296695592128005),
 .UNSPECIFIED.);
#1820=B_SPLINE_CURVE_WITH_KNOTS('',3,(#7891,#7892,#7893,#7894,#7895),
 .UNSPECIFIED.,.F.,.F.,(4,1,4),(0.,0.158996794860303,0.296695592128005),
 .UNSPECIFIED.);
#1821=B_SPLINE_CURVE_WITH_KNOTS('',3,(#7907,#7908,#7909,#7910,#7911),
 .UNSPECIFIED.,.F.,.F.,(4,1,4),(0.,0.280315359157534,0.486157113848217),
 .UNSPECIFIED.);
#1822=B_SPLINE_CURVE_WITH_KNOTS('',3,(#7914,#7915,#7916,#7917,#7918),
 .UNSPECIFIED.,.F.,.F.,(4,1,4),(0.,0.280315359157534,0.486157113848217),
 .UNSPECIFIED.);
#1823=B_SPLINE_CURVE_WITH_KNOTS('',3,(#7930,#7931,#7932,#7933,#7934),
 .UNSPECIFIED.,.F.,.F.,(4,1,4),(0.,0.241833963902725,0.552953596095008),
 .UNSPECIFIED.);
#1824=B_SPLINE_CURVE_WITH_KNOTS('',3,(#7937,#7938,#7939,#7940,#7941),
 .UNSPECIFIED.,.F.,.F.,(4,1,4),(0.,0.241833963902725,0.552953596095008),
 .UNSPECIFIED.);
#1825=B_SPLINE_CURVE_WITH_KNOTS('',3,(#7953,#7954,#7955,#7956,#7957),
 .UNSPECIFIED.,.F.,.F.,(4,1,4),(0.,0.249340112861389,0.47067885965043),
 .UNSPECIFIED.);
#1826=B_SPLINE_CURVE_WITH_KNOTS('',3,(#7960,#7961,#7962,#7963,#7964),
 .UNSPECIFIED.,.F.,.F.,(4,1,4),(0.,0.249340112861389,0.47067885965043),
 .UNSPECIFIED.);
#1827=B_SPLINE_CURVE_WITH_KNOTS('',3,(#7981,#7982,#7983,#7984,#7985),
 .UNSPECIFIED.,.F.,.F.,(4,1,4),(0.,0.0948622439556052,0.213663998328002),
 .UNSPECIFIED.);
#1828=B_SPLINE_CURVE_WITH_KNOTS('',3,(#7986,#7987,#7988,#7989,#7990),
 .UNSPECIFIED.,.F.,.F.,(4,1,4),(0.,0.0948622439556052,0.213663998328002),
 .UNSPECIFIED.);
#1829=B_SPLINE_CURVE_WITH_KNOTS('',3,(#8004,#8005,#8006,#8007,#8008),
 .UNSPECIFIED.,.F.,.F.,(4,1,4),(0.,0.299065154577147,0.551881843225773),
 .UNSPECIFIED.);
#1830=B_SPLINE_CURVE_WITH_KNOTS('',3,(#8012,#8013,#8014,#8015,#8016),
 .UNSPECIFIED.,.F.,.F.,(4,1,4),(0.,0.299065154577147,0.551881843225773),
 .UNSPECIFIED.);
#1831=B_SPLINE_CURVE_WITH_KNOTS('',3,(#8029,#8030,#8031,#8032,#8033),
 .UNSPECIFIED.,.F.,.F.,(4,1,4),(0.,0.335929989281381,0.703652985207554),
 .UNSPECIFIED.);
#1832=B_SPLINE_CURVE_WITH_KNOTS('',3,(#8036,#8037,#8038,#8039,#8040),
 .UNSPECIFIED.,.F.,.F.,(4,1,4),(0.,0.335929989281381,0.703652985207554),
 .UNSPECIFIED.);
#1833=B_SPLINE_CURVE_WITH_KNOTS('',3,(#8052,#8053,#8054,#8055,#8056),
 .UNSPECIFIED.,.F.,.F.,(4,1,4),(0.,0.403210453587517,0.751497690312026),
 .UNSPECIFIED.);
#1834=B_SPLINE_CURVE_WITH_KNOTS('',3,(#8059,#8060,#8061,#8062,#8063),
 .UNSPECIFIED.,.F.,.F.,(4,1,4),(0.,0.403210453587517,0.751497690312026),
 .UNSPECIFIED.);
#1835=B_SPLINE_CURVE_WITH_KNOTS('',3,(#8075,#8076,#8077,#8078,#8079),
 .UNSPECIFIED.,.F.,.F.,(4,1,4),(0.,0.347411051760807,0.747005581338191),
 .UNSPECIFIED.);
#1836=B_SPLINE_CURVE_WITH_KNOTS('',3,(#8082,#8083,#8084,#8085,#8086),
 .UNSPECIFIED.,.F.,.F.,(4,1,4),(0.,0.347411051760807,0.747005581338191),
 .UNSPECIFIED.);
#1837=B_SPLINE_CURVE_WITH_KNOTS('',3,(#8098,#8099,#8100,#8101,#8102),
 .UNSPECIFIED.,.F.,.F.,(4,1,4),(0.,0.362510152761848,0.696855451222382),
 .UNSPECIFIED.);
#1838=B_SPLINE_CURVE_WITH_KNOTS('',3,(#8105,#8106,#8107,#8108,#8109),
 .UNSPECIFIED.,.F.,.F.,(4,1,4),(0.,0.362510152761848,0.696855451222382),
 .UNSPECIFIED.);
#1839=B_SPLINE_CURVE_WITH_KNOTS('',3,(#8121,#8122,#8123,#8124,#8125),
 .UNSPECIFIED.,.F.,.F.,(4,1,4),(0.,0.273224237951533,0.590139111514525),
 .UNSPECIFIED.);
#1840=B_SPLINE_CURVE_WITH_KNOTS('',3,(#8128,#8129,#8130,#8131,#8132),
 .UNSPECIFIED.,.F.,.F.,(4,1,4),(0.,0.273224237951533,0.590139111514525),
 .UNSPECIFIED.);
#1841=B_SPLINE_CURVE_WITH_KNOTS('',3,(#8144,#8145,#8146,#8147,#8148),
 .UNSPECIFIED.,.F.,.F.,(4,1,4),(0.,0.303830279590487,0.573007531036518),
 .UNSPECIFIED.);
#1842=B_SPLINE_CURVE_WITH_KNOTS('',3,(#8151,#8152,#8153,#8154,#8155),
 .UNSPECIFIED.,.F.,.F.,(4,1,4),(0.,0.303830279590487,0.573007531036518),
 .UNSPECIFIED.);
#1843=B_SPLINE_CURVE_WITH_KNOTS('',3,(#8173,#8174,#8175,#8176,#8177),
 .UNSPECIFIED.,.F.,.F.,(4,1,4),(0.,0.128983319115881,0.297509714458922),
 .UNSPECIFIED.);
#1844=B_SPLINE_CURVE_WITH_KNOTS('',3,(#8180,#8181,#8182,#8183,#8184),
 .UNSPECIFIED.,.F.,.F.,(4,1,4),(0.,0.128983319115881,0.297509714458922),
 .UNSPECIFIED.);
#1845=B_SPLINE_CURVE_WITH_KNOTS('',3,(#8196,#8197,#8198,#8199,#8200),
 .UNSPECIFIED.,.F.,.F.,(4,1,4),(0.,0.125568937790063,0.240694601843932),
 .UNSPECIFIED.);
#1846=B_SPLINE_CURVE_WITH_KNOTS('',3,(#8203,#8204,#8205,#8206,#8207),
 .UNSPECIFIED.,.F.,.F.,(4,1,4),(0.,0.125568937790063,0.240694601843932),
 .UNSPECIFIED.);
#1847=B_SPLINE_CURVE_WITH_KNOTS('',3,(#8219,#8220,#8221,#8222,#8223),
 .UNSPECIFIED.,.F.,.F.,(4,1,4),(0.,0.161365754695749,0.328628887344985),
 .UNSPECIFIED.);
#1848=B_SPLINE_CURVE_WITH_KNOTS('',3,(#8226,#8227,#8228,#8229,#8230),
 .UNSPECIFIED.,.F.,.F.,(4,1,4),(0.,0.161365754695749,0.328628887344985),
 .UNSPECIFIED.);
#1849=B_SPLINE_CURVE_WITH_KNOTS('',3,(#8242,#8243,#8244,#8245,#8246),
 .UNSPECIFIED.,.F.,.F.,(4,1,4),(0.,0.276312326900638,0.474094252192364),
 .UNSPECIFIED.);
#1850=B_SPLINE_CURVE_WITH_KNOTS('',3,(#8249,#8250,#8251,#8252,#8253),
 .UNSPECIFIED.,.F.,.F.,(4,1,4),(0.,0.276312326900638,0.474094252192364),
 .UNSPECIFIED.);
#1851=B_SPLINE_CURVE_WITH_KNOTS('',3,(#8265,#8266,#8267,#8268,#8269),
 .UNSPECIFIED.,.F.,.F.,(4,1,4),(0.,0.183526304968,0.433289091459552),
 .UNSPECIFIED.);
#1852=B_SPLINE_CURVE_WITH_KNOTS('',3,(#8272,#8273,#8274,#8275,#8276),
 .UNSPECIFIED.,.F.,.F.,(4,1,4),(0.,0.183526304968,0.433289091459552),
 .UNSPECIFIED.);
#1853=B_SPLINE_CURVE_WITH_KNOTS('',3,(#8288,#8289,#8290,#8291,#8292),
 .UNSPECIFIED.,.F.,.F.,(4,1,4),(0.,0.163880894668654,0.319279123572701),
 .UNSPECIFIED.);
#1854=B_SPLINE_CURVE_WITH_KNOTS('',3,(#8295,#8296,#8297,#8298,#8299),
 .UNSPECIFIED.,.F.,.F.,(4,1,4),(0.,0.163880894668654,0.319279123572701),
 .UNSPECIFIED.);
#1855=B_SPLINE_CURVE_WITH_KNOTS('',3,(#8311,#8312,#8313,#8314,#8315),
 .UNSPECIFIED.,.F.,.F.,(4,1,4),(0.,0.110871865765074,0.234321099629328),
 .UNSPECIFIED.);
#1856=B_SPLINE_CURVE_WITH_KNOTS('',3,(#8318,#8319,#8320,#8321,#8322),
 .UNSPECIFIED.,.F.,.F.,(4,1,4),(0.,0.110871865765074,0.234321099629328),
 .UNSPECIFIED.);
#1857=B_SPLINE_CURVE_WITH_KNOTS('',3,(#8334,#8335,#8336,#8337,#8338),
 .UNSPECIFIED.,.F.,.F.,(4,1,4),(0.,0.130050678178098,0.2429173353402),
 .UNSPECIFIED.);
#1858=B_SPLINE_CURVE_WITH_KNOTS('',3,(#8341,#8342,#8343,#8344,#8345),
 .UNSPECIFIED.,.F.,.F.,(4,1,4),(0.,0.130050678178098,0.2429173353402),
 .UNSPECIFIED.);
#1859=B_SPLINE_CURVE_WITH_KNOTS('',3,(#8362,#8363,#8364,#8365,#8366),
 .UNSPECIFIED.,.F.,.F.,(4,1,4),(0.,0.245835540677722,0.524021308119573),
 .UNSPECIFIED.);
#1860=B_SPLINE_CURVE_WITH_KNOTS('',3,(#8367,#8368,#8369,#8370,#8371),
 .UNSPECIFIED.,.F.,.F.,(4,1,4),(0.,0.245835540677722,0.524021308119573),
 .UNSPECIFIED.);
#1861=B_SPLINE_CURVE_WITH_KNOTS('',3,(#8385,#8386,#8387,#8388,#8389),
 .UNSPECIFIED.,.F.,.F.,(4,1,4),(0.,0.154832951702553,0.332154058973204),
 .UNSPECIFIED.);
#1862=B_SPLINE_CURVE_WITH_KNOTS('',3,(#8393,#8394,#8395,#8396,#8397),
 .UNSPECIFIED.,.F.,.F.,(4,1,4),(0.,0.154832951702553,0.332154058973204),
 .UNSPECIFIED.);
#1863=B_SPLINE_CURVE_WITH_KNOTS('',3,(#8410,#8411,#8412,#8413,#8414),
 .UNSPECIFIED.,.F.,.F.,(4,1,4),(0.,0.146067736716042,0.290255667106526),
 .UNSPECIFIED.);
#1864=B_SPLINE_CURVE_WITH_KNOTS('',3,(#8417,#8418,#8419,#8420,#8421),
 .UNSPECIFIED.,.F.,.F.,(4,1,4),(0.,0.146067736716042,0.290255667106526),
 .UNSPECIFIED.);
#1865=B_SPLINE_CURVE_WITH_KNOTS('',3,(#8433,#8434,#8435,#8436,#8437),
 .UNSPECIFIED.,.F.,.F.,(4,1,4),(0.,0.139486789292642,0.277735750760393),
 .UNSPECIFIED.);
#1866=B_SPLINE_CURVE_WITH_KNOTS('',3,(#8440,#8441,#8442,#8443,#8444),
 .UNSPECIFIED.,.F.,.F.,(4,1,4),(0.,0.139486789292642,0.277735750760393),
 .UNSPECIFIED.);
#1867=B_SPLINE_CURVE_WITH_KNOTS('',3,(#8456,#8457,#8458,#8459,#8460),
 .UNSPECIFIED.,.F.,.F.,(4,1,4),(0.,0.185456725897837,0.339847640978161),
 .UNSPECIFIED.);
#1868=B_SPLINE_CURVE_WITH_KNOTS('',3,(#8463,#8464,#8465,#8466,#8467),
 .UNSPECIFIED.,.F.,.F.,(4,1,4),(0.,0.185456725897837,0.339847640978161),
 .UNSPECIFIED.);
#1869=B_SPLINE_CURVE_WITH_KNOTS('',3,(#8483,#8484,#8485,#8486,#8487),
 .UNSPECIFIED.,.F.,.F.,(4,1,4),(0.,0.104728367798679,0.202008099273566),
 .UNSPECIFIED.);
#1870=B_SPLINE_CURVE_WITH_KNOTS('',3,(#8491,#8492,#8493,#8494,#8495),
 .UNSPECIFIED.,.F.,.F.,(4,1,4),(0.,0.104728367798679,0.202008099273566),
 .UNSPECIFIED.);
#1871=B_SPLINE_CURVE_WITH_KNOTS('',3,(#8508,#8509,#8510,#8511,#8512),
 .UNSPECIFIED.,.F.,.F.,(4,1,4),(0.,0.152966898722541,0.307605557044996),
 .UNSPECIFIED.);
#1872=B_SPLINE_CURVE_WITH_KNOTS('',3,(#8515,#8516,#8517,#8518,#8519),
 .UNSPECIFIED.,.F.,.F.,(4,1,4),(0.,0.152966898722541,0.307605557044996),
 .UNSPECIFIED.);
#1873=B_SPLINE_CURVE_WITH_KNOTS('',3,(#8531,#8532,#8533,#8534,#8535),
 .UNSPECIFIED.,.F.,.F.,(4,1,4),(0.,0.192111773998089,0.357463192481295),
 .UNSPECIFIED.);
#1874=B_SPLINE_CURVE_WITH_KNOTS('',3,(#8538,#8539,#8540,#8541,#8542),
 .UNSPECIFIED.,.F.,.F.,(4,1,4),(0.,0.192111773998089,0.357463192481295),
 .UNSPECIFIED.);
#1875=B_SPLINE_CURVE_WITH_KNOTS('',3,(#8560,#8561,#8562,#8563,#8564),
 .UNSPECIFIED.,.F.,.F.,(4,1,4),(0.,0.379429350444378,0.861938517648321),
 .UNSPECIFIED.);
#1876=B_SPLINE_CURVE_WITH_KNOTS('',3,(#8567,#8568,#8569,#8570,#8571),
 .UNSPECIFIED.,.F.,.F.,(4,1,4),(0.,0.379429350444378,0.861938517648321),
 .UNSPECIFIED.);
#1877=B_SPLINE_CURVE_WITH_KNOTS('',3,(#8583,#8584,#8585,#8586,#8587),
 .UNSPECIFIED.,.F.,.F.,(4,1,4),(0.,0.36763261425576,0.708786058956782),
 .UNSPECIFIED.);
#1878=B_SPLINE_CURVE_WITH_KNOTS('',3,(#8590,#8591,#8592,#8593,#8594),
 .UNSPECIFIED.,.F.,.F.,(4,1,4),(0.,0.36763261425576,0.708786058956782),
 .UNSPECIFIED.);
#1879=B_SPLINE_CURVE_WITH_KNOTS('',3,(#8606,#8607,#8608,#8609,#8610),
 .UNSPECIFIED.,.F.,.F.,(4,1,4),(0.,0.327962688486217,0.66278604267337),
 .UNSPECIFIED.);
#1880=B_SPLINE_CURVE_WITH_KNOTS('',3,(#8613,#8614,#8615,#8616,#8617),
 .UNSPECIFIED.,.F.,.F.,(4,1,4),(0.,0.327962688486217,0.66278604267337),
 .UNSPECIFIED.);
#1881=B_SPLINE_CURVE_WITH_KNOTS('',3,(#8629,#8630,#8631,#8632,#8633),
 .UNSPECIFIED.,.F.,.F.,(4,1,4),(0.,0.405678752154837,0.756994389414284),
 .UNSPECIFIED.);
#1882=B_SPLINE_CURVE_WITH_KNOTS('',3,(#8636,#8637,#8638,#8639,#8640),
 .UNSPECIFIED.,.F.,.F.,(4,1,4),(0.,0.405678752154837,0.756994389414284),
 .UNSPECIFIED.);
#1883=B_SPLINE_CURVE_WITH_KNOTS('',3,(#8652,#8653,#8654,#8655,#8656),
 .UNSPECIFIED.,.F.,.F.,(4,1,4),(0.,0.310244728018152,0.657615919673834),
 .UNSPECIFIED.);
#1884=B_SPLINE_CURVE_WITH_KNOTS('',3,(#8659,#8660,#8661,#8662,#8663),
 .UNSPECIFIED.,.F.,.F.,(4,1,4),(0.,0.310244728018152,0.657615919673834),
 .UNSPECIFIED.);
#1885=B_SPLINE_CURVE_WITH_KNOTS('',3,(#8675,#8676,#8677,#8678,#8679),
 .UNSPECIFIED.,.F.,.F.,(4,1,4),(0.,0.418164593265183,0.787825725875067),
 .UNSPECIFIED.);
#1886=B_SPLINE_CURVE_WITH_KNOTS('',3,(#8682,#8683,#8684,#8685,#8686),
 .UNSPECIFIED.,.F.,.F.,(4,1,4),(0.,0.418164593265183,0.787825725875067),
 .UNSPECIFIED.);
#1887=B_SPLINE_CURVE_WITH_KNOTS('',3,(#8698,#8699,#8700,#8701,#8702),
 .UNSPECIFIED.,.F.,.F.,(4,1,4),(0.,0.24617450695642,0.521810341291491),
 .UNSPECIFIED.);
#1888=B_SPLINE_CURVE_WITH_KNOTS('',3,(#8705,#8706,#8707,#8708,#8709),
 .UNSPECIFIED.,.F.,.F.,(4,1,4),(0.,0.24617450695642,0.521810341291491),
 .UNSPECIFIED.);
#1889=B_SPLINE_CURVE_WITH_KNOTS('',3,(#8721,#8722,#8723,#8724,#8725),
 .UNSPECIFIED.,.F.,.F.,(4,1,4),(0.,0.259980286520525,0.500859917715243),
 .UNSPECIFIED.);
#1890=B_SPLINE_CURVE_WITH_KNOTS('',3,(#8728,#8729,#8730,#8731,#8732),
 .UNSPECIFIED.,.F.,.F.,(4,1,4),(0.,0.259980286520525,0.500859917715243),
 .UNSPECIFIED.);
#1891=B_SPLINE_CURVE_WITH_KNOTS('',3,(#8749,#8750,#8751,#8752,#8753),
 .UNSPECIFIED.,.F.,.F.,(4,1,4),(0.,0.104696715936526,0.23200595110413),
 .UNSPECIFIED.);
#1892=B_SPLINE_CURVE_WITH_KNOTS('',3,(#8754,#8755,#8756,#8757,#8758),
 .UNSPECIFIED.,.F.,.F.,(4,1,4),(0.,0.104696715936526,0.23200595110413),
 .UNSPECIFIED.);
#1893=B_SPLINE_CURVE_WITH_KNOTS('',3,(#8845,#8846,#8847,#8848,#8849),
 .UNSPECIFIED.,.F.,.F.,(4,1,4),(0.,0.314182939475581,0.605980201028054),
 .UNSPECIFIED.);
#1894=B_SPLINE_CURVE_WITH_KNOTS('',3,(#8853,#8854,#8855,#8856,#8857),
 .UNSPECIFIED.,.F.,.F.,(4,1,4),(0.,0.314182939475581,0.605980201028054),
 .UNSPECIFIED.);
#1895=B_SPLINE_CURVE_WITH_KNOTS('',3,(#8870,#8871,#8872,#8873,#8874),
 .UNSPECIFIED.,.F.,.F.,(4,1,4),(0.,0.321067515082177,0.654843042644137),
 .UNSPECIFIED.);
#1896=B_SPLINE_CURVE_WITH_KNOTS('',3,(#8877,#8878,#8879,#8880,#8881),
 .UNSPECIFIED.,.F.,.F.,(4,1,4),(0.,0.321067515082177,0.654843042644137),
 .UNSPECIFIED.);
#1897=B_SPLINE_CURVE_WITH_KNOTS('',3,(#8893,#8894,#8895,#8896,#8897),
 .UNSPECIFIED.,.F.,.F.,(4,1,4),(0.,0.310696331375548,0.62402175721417),
 .UNSPECIFIED.);
#1898=B_SPLINE_CURVE_WITH_KNOTS('',3,(#8900,#8901,#8902,#8903,#8904),
 .UNSPECIFIED.,.F.,.F.,(4,1,4),(0.,0.310696331375548,0.62402175721417),
 .UNSPECIFIED.);
#1899=B_SPLINE_CURVE_WITH_KNOTS('',3,(#8916,#8917,#8918,#8919,#8920),
 .UNSPECIFIED.,.F.,.F.,(4,1,4),(0.,0.201563075860855,0.414194319399296),
 .UNSPECIFIED.);
#1900=B_SPLINE_CURVE_WITH_KNOTS('',3,(#8923,#8924,#8925,#8926,#8927),
 .UNSPECIFIED.,.F.,.F.,(4,1,4),(0.,0.201563075860855,0.414194319399296),
 .UNSPECIFIED.);
#1901=B_SPLINE_CURVE_WITH_KNOTS('',3,(#8939,#8940,#8941,#8942,#8943),
 .UNSPECIFIED.,.F.,.F.,(4,1,4),(0.,0.207236995027777,0.407083651539858),
 .UNSPECIFIED.);
#1902=B_SPLINE_CURVE_WITH_KNOTS('',3,(#8946,#8947,#8948,#8949,#8950),
 .UNSPECIFIED.,.F.,.F.,(4,1,4),(0.,0.207236995027777,0.407083651539858),
 .UNSPECIFIED.);
#1903=B_SPLINE_CURVE_WITH_KNOTS('',3,(#8962,#8963,#8964,#8965,#8966),
 .UNSPECIFIED.,.F.,.F.,(4,1,4),(0.,0.30924641463545,0.663416755510544),
 .UNSPECIFIED.);
#1904=B_SPLINE_CURVE_WITH_KNOTS('',3,(#8969,#8970,#8971,#8972,#8973),
 .UNSPECIFIED.,.F.,.F.,(4,1,4),(0.,0.30924641463545,0.663416755510544),
 .UNSPECIFIED.);
#1905=B_SPLINE_CURVE_WITH_KNOTS('',3,(#8985,#8986,#8987,#8988,#8989),
 .UNSPECIFIED.,.F.,.F.,(4,1,4),(0.,0.236251032617978,0.460576870135636),
 .UNSPECIFIED.);
#1906=B_SPLINE_CURVE_WITH_KNOTS('',3,(#8992,#8993,#8994,#8995,#8996),
 .UNSPECIFIED.,.F.,.F.,(4,1,4),(0.,0.236251032617978,0.460576870135636),
 .UNSPECIFIED.);
#1907=B_SPLINE_CURVE_WITH_KNOTS('',3,(#9008,#9009,#9010,#9011,#9012),
 .UNSPECIFIED.,.F.,.F.,(4,1,4),(0.,0.322982715679834,0.623095623977622),
 .UNSPECIFIED.);
#1908=B_SPLINE_CURVE_WITH_KNOTS('',3,(#9015,#9016,#9017,#9018,#9019),
 .UNSPECIFIED.,.F.,.F.,(4,1,4),(0.,0.322982715679834,0.623095623977622),
 .UNSPECIFIED.);
#1909=B_SPLINE_CURVE_WITH_KNOTS('',3,(#9031,#9032,#9033,#9034,#9035),
 .UNSPECIFIED.,.F.,.F.,(4,1,4),(0.,0.185644467947985,0.38292575355295),
 .UNSPECIFIED.);
#1910=B_SPLINE_CURVE_WITH_KNOTS('',3,(#9038,#9039,#9040,#9041,#9042),
 .UNSPECIFIED.,.F.,.F.,(4,1,4),(0.,0.185644467947985,0.38292575355295),
 .UNSPECIFIED.);
#1911=B_SPLINE_CURVE_WITH_KNOTS('',3,(#9054,#9055,#9056,#9057,#9058),
 .UNSPECIFIED.,.F.,.F.,(4,1,4),(0.,0.16444275025896,0.338699087046567),
 .UNSPECIFIED.);
#1912=B_SPLINE_CURVE_WITH_KNOTS('',3,(#9061,#9062,#9063,#9064,#9065),
 .UNSPECIFIED.,.F.,.F.,(4,1,4),(0.,0.16444275025896,0.338699087046567),
 .UNSPECIFIED.);
#1913=B_SPLINE_CURVE_WITH_KNOTS('',3,(#9077,#9078,#9079,#9080,#9081),
 .UNSPECIFIED.,.F.,.F.,(4,1,4),(0.,0.212020013875086,0.390010752963797),
 .UNSPECIFIED.);
#1914=B_SPLINE_CURVE_WITH_KNOTS('',3,(#9084,#9085,#9086,#9087,#9088),
 .UNSPECIFIED.,.F.,.F.,(4,1,4),(0.,0.212020013875086,0.390010752963797),
 .UNSPECIFIED.);
#1915=B_SPLINE_CURVE_WITH_KNOTS('',3,(#9106,#9107,#9108,#9109,#9110),
 .UNSPECIFIED.,.F.,.F.,(4,1,4),(0.,0.126046681553022,0.27452927966316),
 .UNSPECIFIED.);
#1916=B_SPLINE_CURVE_WITH_KNOTS('',3,(#9113,#9114,#9115,#9116,#9117),
 .UNSPECIFIED.,.F.,.F.,(4,1,4),(0.,0.126046681553022,0.27452927966316),
 .UNSPECIFIED.);
#1917=B_SPLINE_CURVE_WITH_KNOTS('',3,(#9129,#9130,#9131,#9132,#9133),
 .UNSPECIFIED.,.F.,.F.,(4,1,4),(0.,0.115809292494162,0.231096046304813),
 .UNSPECIFIED.);
#1918=B_SPLINE_CURVE_WITH_KNOTS('',3,(#9136,#9137,#9138,#9139,#9140),
 .UNSPECIFIED.,.F.,.F.,(4,1,4),(0.,0.115809292494162,0.231096046304813),
 .UNSPECIFIED.);
#1919=B_SPLINE_CURVE_WITH_KNOTS('',3,(#9152,#9153,#9154,#9155,#9156),
 .UNSPECIFIED.,.F.,.F.,(4,1,4),(0.,0.103948319832214,0.217631134385835),
 .UNSPECIFIED.);
#1920=B_SPLINE_CURVE_WITH_KNOTS('',3,(#9159,#9160,#9161,#9162,#9163),
 .UNSPECIFIED.,.F.,.F.,(4,1,4),(0.,0.103948319832214,0.217631134385835),
 .UNSPECIFIED.);
#1921=B_SPLINE_CURVE_WITH_KNOTS('',3,(#9175,#9176,#9177,#9178,#9179),
 .UNSPECIFIED.,.F.,.F.,(4,1,4),(0.,0.114945295480484,0.219252288385506),
 .UNSPECIFIED.);
#1922=B_SPLINE_CURVE_WITH_KNOTS('',3,(#9182,#9183,#9184,#9185,#9186),
 .UNSPECIFIED.,.F.,.F.,(4,1,4),(0.,0.114945295480484,0.219252288385506),
 .UNSPECIFIED.);
#1923=B_SPLINE_CURVE_WITH_KNOTS('',3,(#9198,#9199,#9200,#9201,#9202),
 .UNSPECIFIED.,.F.,.F.,(4,1,4),(0.,0.129438467537301,0.265518897414594),
 .UNSPECIFIED.);
#1924=B_SPLINE_CURVE_WITH_KNOTS('',3,(#9205,#9206,#9207,#9208,#9209),
 .UNSPECIFIED.,.F.,.F.,(4,1,4),(0.,0.129438467537301,0.265518897414594),
 .UNSPECIFIED.);
#1925=B_SPLINE_CURVE_WITH_KNOTS('',3,(#9221,#9222,#9223,#9224,#9225),
 .UNSPECIFIED.,.F.,.F.,(4,1,4),(0.,0.172385306456024,0.313979977181904),
 .UNSPECIFIED.);
#1926=B_SPLINE_CURVE_WITH_KNOTS('',3,(#9228,#9229,#9230,#9231,#9232),
 .UNSPECIFIED.,.F.,.F.,(4,1,4),(0.,0.172385306456024,0.313979977181904),
 .UNSPECIFIED.);
#1927=B_SPLINE_CURVE_WITH_KNOTS('',3,(#9250,#9251,#9252,#9253,#9254),
 .UNSPECIFIED.,.F.,.F.,(4,1,4),(0.,0.101436683407449,0.22337761160528),
 .UNSPECIFIED.);
#1928=B_SPLINE_CURVE_WITH_KNOTS('',3,(#9257,#9258,#9259,#9260,#9261),
 .UNSPECIFIED.,.F.,.F.,(4,1,4),(0.,0.101436683407449,0.22337761160528),
 .UNSPECIFIED.);
#1929=B_SPLINE_CURVE_WITH_KNOTS('',3,(#9273,#9274,#9275,#9276,#9277),
 .UNSPECIFIED.,.F.,.F.,(4,1,4),(0.,0.133874617605983,0.26572832173697),
 .UNSPECIFIED.);
#1930=B_SPLINE_CURVE_WITH_KNOTS('',3,(#9280,#9281,#9282,#9283,#9284),
 .UNSPECIFIED.,.F.,.F.,(4,1,4),(0.,0.133874617605983,0.26572832173697),
 .UNSPECIFIED.);
#1931=B_SPLINE_CURVE_WITH_KNOTS('',3,(#9296,#9297,#9298,#9299,#9300),
 .UNSPECIFIED.,.F.,.F.,(4,1,4),(0.,0.163817811989589,0.308081500540531),
 .UNSPECIFIED.);
#1932=B_SPLINE_CURVE_WITH_KNOTS('',3,(#9303,#9304,#9305,#9306,#9307),
 .UNSPECIFIED.,.F.,.F.,(4,1,4),(0.,0.163817811989589,0.308081500540531),
 .UNSPECIFIED.);
#1933=B_SPLINE_CURVE_WITH_KNOTS('',3,(#9319,#9320,#9321,#9322,#9323),
 .UNSPECIFIED.,.F.,.F.,(4,1,4),(0.,0.152505944785168,0.325757391592964),
 .UNSPECIFIED.);
#1934=B_SPLINE_CURVE_WITH_KNOTS('',3,(#9326,#9327,#9328,#9329,#9330),
 .UNSPECIFIED.,.F.,.F.,(4,1,4),(0.,0.152505944785168,0.325757391592964),
 .UNSPECIFIED.);
#1935=B_SPLINE_CURVE_WITH_KNOTS('',3,(#9342,#9343,#9344,#9345,#9346),
 .UNSPECIFIED.,.F.,.F.,(4,1,4),(0.,0.139505725923636,0.28070688471598),
 .UNSPECIFIED.);
#1936=B_SPLINE_CURVE_WITH_KNOTS('',3,(#9349,#9350,#9351,#9352,#9353),
 .UNSPECIFIED.,.F.,.F.,(4,1,4),(0.,0.139505725923636,0.28070688471598),
 .UNSPECIFIED.);
#1937=B_SPLINE_CURVE_WITH_KNOTS('',3,(#9365,#9366,#9367,#9368,#9369),
 .UNSPECIFIED.,.F.,.F.,(4,1,4),(0.,0.12841573957997,0.258446613926398),
 .UNSPECIFIED.);
#1938=B_SPLINE_CURVE_WITH_KNOTS('',3,(#9372,#9373,#9374,#9375,#9376),
 .UNSPECIFIED.,.F.,.F.,(4,1,4),(0.,0.12841573957997,0.258446613926398),
 .UNSPECIFIED.);
#1939=B_SPLINE_CURVE_WITH_KNOTS('',3,(#9388,#9389,#9390,#9391,#9392),
 .UNSPECIFIED.,.F.,.F.,(4,1,4),(0.,0.161727112255286,0.300672287639509),
 .UNSPECIFIED.);
#1940=B_SPLINE_CURVE_WITH_KNOTS('',3,(#9395,#9396,#9397,#9398,#9399),
 .UNSPECIFIED.,.F.,.F.,(4,1,4),(0.,0.161727112255286,0.300672287639509),
 .UNSPECIFIED.);
#1941=B_SPLINE_CURVE_WITH_KNOTS('',3,(#9416,#9417,#9418,#9419,#9420),
 .UNSPECIFIED.,.F.,.F.,(4,1,4),(0.,0.286215774499834,0.583385494906592),
 .UNSPECIFIED.);
#1942=B_SPLINE_CURVE_WITH_KNOTS('',3,(#9421,#9422,#9423,#9424,#9425),
 .UNSPECIFIED.,.F.,.F.,(4,1,4),(0.,0.286215774499834,0.583385494906592),
 .UNSPECIFIED.);
#1943=B_SPLINE_CURVE_WITH_KNOTS('',3,(#9439,#9440,#9441,#9442,#9443),
 .UNSPECIFIED.,.F.,.F.,(4,1,4),(0.,0.146132286292464,0.249261855915445),
 .UNSPECIFIED.);
#1944=B_SPLINE_CURVE_WITH_KNOTS('',3,(#9447,#9448,#9449,#9450,#9451),
 .UNSPECIFIED.,.F.,.F.,(4,1,4),(0.,0.146132286292464,0.249261855915445),
 .UNSPECIFIED.);
#1945=B_SPLINE_CURVE_WITH_KNOTS('',3,(#9464,#9465,#9466,#9467,#9468),
 .UNSPECIFIED.,.F.,.F.,(4,1,4),(0.,0.371285951715198,0.607058406791368),
 .UNSPECIFIED.);
#1946=B_SPLINE_CURVE_WITH_KNOTS('',3,(#9471,#9472,#9473,#9474,#9475),
 .UNSPECIFIED.,.F.,.F.,(4,1,4),(0.,0.371285951715198,0.607058406791368),
 .UNSPECIFIED.);
#1947=B_SPLINE_CURVE_WITH_KNOTS('',3,(#9487,#9488,#9489,#9490,#9491),
 .UNSPECIFIED.,.F.,.F.,(4,1,4),(0.,0.25088098910068,0.627107478106993),
 .UNSPECIFIED.);
#1948=B_SPLINE_CURVE_WITH_KNOTS('',3,(#9494,#9495,#9496,#9497,#9498),
 .UNSPECIFIED.,.F.,.F.,(4,1,4),(0.,0.25088098910068,0.627107478106993),
 .UNSPECIFIED.);
#1949=B_SPLINE_CURVE_WITH_KNOTS('',3,(#9510,#9511,#9512,#9513,#9514),
 .UNSPECIFIED.,.F.,.F.,(4,1,4),(0.,0.0982464030786359,0.227683033304708),
 .UNSPECIFIED.);
#1950=B_SPLINE_CURVE_WITH_KNOTS('',3,(#9517,#9518,#9519,#9520,#9521),
 .UNSPECIFIED.,.F.,.F.,(4,1,4),(0.,0.0982464030786359,0.227683033304708),
 .UNSPECIFIED.);
#1951=B_SPLINE_CURVE_WITH_KNOTS('',3,(#9533,#9534,#9535,#9536,#9537),
 .UNSPECIFIED.,.F.,.F.,(4,1,4),(0.,0.0834404706314279,0.167360928369074),
 .UNSPECIFIED.);
#1952=B_SPLINE_CURVE_WITH_KNOTS('',3,(#9540,#9541,#9542,#9543,#9544),
 .UNSPECIFIED.,.F.,.F.,(4,1,4),(0.,0.0834404706314279,0.167360928369074),
 .UNSPECIFIED.);
#1953=B_SPLINE_CURVE_WITH_KNOTS('',3,(#9556,#9557,#9558,#9559,#9560),
 .UNSPECIFIED.,.F.,.F.,(4,1,4),(0.,0.0830479377058988,0.166242619314804),
 .UNSPECIFIED.);
#1954=B_SPLINE_CURVE_WITH_KNOTS('',3,(#9563,#9564,#9565,#9566,#9567),
 .UNSPECIFIED.,.F.,.F.,(4,1,4),(0.,0.0830479377058988,0.166242619314804),
 .UNSPECIFIED.);
#1955=B_SPLINE_CURVE_WITH_KNOTS('',3,(#9579,#9580,#9581,#9582,#9583),
 .UNSPECIFIED.,.F.,.F.,(4,1,4),(0.,0.145932520841144,0.248549984184878),
 .UNSPECIFIED.);
#1956=B_SPLINE_CURVE_WITH_KNOTS('',3,(#9586,#9587,#9588,#9589,#9590),
 .UNSPECIFIED.,.F.,.F.,(4,1,4),(0.,0.145932520841144,0.248549984184878),
 .UNSPECIFIED.);
#1957=B_SPLINE_CURVE_WITH_KNOTS('',3,(#9602,#9603,#9604,#9605,#9606),
 .UNSPECIFIED.,.F.,.F.,(4,1,4),(0.,0.371285951715198,0.60705854130079),
 .UNSPECIFIED.);
#1958=B_SPLINE_CURVE_WITH_KNOTS('',3,(#9609,#9610,#9611,#9612,#9613),
 .UNSPECIFIED.,.F.,.F.,(4,1,4),(0.,0.371285951715198,0.60705854130079),
 .UNSPECIFIED.);
#1959=B_SPLINE_CURVE_WITH_KNOTS('',3,(#9625,#9626,#9627,#9628,#9629),
 .UNSPECIFIED.,.F.,.F.,(4,1,4),(0.,0.252146024278653,0.628798575728296),
 .UNSPECIFIED.);
#1960=B_SPLINE_CURVE_WITH_KNOTS('',3,(#9632,#9633,#9634,#9635,#9636),
 .UNSPECIFIED.,.F.,.F.,(4,1,4),(0.,0.252146024278653,0.628798575728296),
 .UNSPECIFIED.);
#1961=B_SPLINE_CURVE_WITH_KNOTS('',3,(#9648,#9649,#9650,#9651,#9652),
 .UNSPECIFIED.,.F.,.F.,(4,1,4),(0.,0.0982466969008697,0.22768271381365),
 .UNSPECIFIED.);
#1962=B_SPLINE_CURVE_WITH_KNOTS('',3,(#9655,#9656,#9657,#9658,#9659),
 .UNSPECIFIED.,.F.,.F.,(4,1,4),(0.,0.0982466969008697,0.22768271381365),
 .UNSPECIFIED.);
#1963=B_SPLINE_CURVE_WITH_KNOTS('',3,(#9671,#9672,#9673,#9674,#9675),
 .UNSPECIFIED.,.F.,.F.,(4,1,4),(0.,0.0834400004142389,0.167360280106507),
 .UNSPECIFIED.);
#1964=B_SPLINE_CURVE_WITH_KNOTS('',3,(#9678,#9679,#9680,#9681,#9682),
 .UNSPECIFIED.,.F.,.F.,(4,1,4),(0.,0.0834400004142389,0.167360280106507),
 .UNSPECIFIED.);
#1965=B_SPLINE_CURVE_WITH_KNOTS('',3,(#9693,#9694,#9695,#9696,#9697),
 .UNSPECIFIED.,.F.,.F.,(4,1,4),(0.,0.0833659849439282,0.166595885198523),
 .UNSPECIFIED.);
#1966=B_SPLINE_CURVE_WITH_KNOTS('',3,(#9698,#9699,#9700,#9701,#9702),
 .UNSPECIFIED.,.F.,.F.,(4,1,4),(0.,0.0833659849439282,0.166595885198523),
 .UNSPECIFIED.);
#1967=B_SPLINE_CURVE_WITH_KNOTS('',3,(#9715,#9716,#9717,#9718,#9719),
 .UNSPECIFIED.,.F.,.F.,(4,1,4),(0.,0.610190487645046,1.05899767583967),
 .UNSPECIFIED.);
#1968=B_SPLINE_CURVE_WITH_KNOTS('',3,(#9723,#9724,#9725,#9726,#9727),
 .UNSPECIFIED.,.F.,.F.,(4,1,4),(0.,0.610190487645046,1.05899767583967),
 .UNSPECIFIED.);
#1969=B_SPLINE_CURVE_WITH_KNOTS('',3,(#9740,#9741,#9742,#9743,#9744),
 .UNSPECIFIED.,.F.,.F.,(4,1,4),(0.,0.424747476172686,1.03716454605093),
 .UNSPECIFIED.);
#1970=B_SPLINE_CURVE_WITH_KNOTS('',3,(#9747,#9748,#9749,#9750,#9751),
 .UNSPECIFIED.,.F.,.F.,(4,1,4),(0.,0.424747476172686,1.03716454605093),
 .UNSPECIFIED.);
#1971=B_SPLINE_CURVE_WITH_KNOTS('',3,(#9763,#9764,#9765,#9766,#9767),
 .UNSPECIFIED.,.F.,.F.,(4,1,4),(0.,0.336932728017341,0.670449852680917),
 .UNSPECIFIED.);
#1972=B_SPLINE_CURVE_WITH_KNOTS('',3,(#9770,#9771,#9772,#9773,#9774),
 .UNSPECIFIED.,.F.,.F.,(4,1,4),(0.,0.336932728017341,0.670449852680917),
 .UNSPECIFIED.);
#1973=B_SPLINE_CURVE_WITH_KNOTS('',3,(#9786,#9787,#9788,#9789,#9790),
 .UNSPECIFIED.,.F.,.F.,(4,1,4),(0.,0.309611257914311,0.639036231332663),
 .UNSPECIFIED.);
#1974=B_SPLINE_CURVE_WITH_KNOTS('',3,(#9793,#9794,#9795,#9796,#9797),
 .UNSPECIFIED.,.F.,.F.,(4,1,4),(0.,0.309611257914311,0.639036231332663),
 .UNSPECIFIED.);
#1975=B_SPLINE_CURVE_WITH_KNOTS('',3,(#9809,#9810,#9811,#9812,#9813),
 .UNSPECIFIED.,.F.,.F.,(4,1,4),(0.,0.612735317763129,1.06232013261117),
 .UNSPECIFIED.);
#1976=B_SPLINE_CURVE_WITH_KNOTS('',3,(#9816,#9817,#9818,#9819,#9820),
 .UNSPECIFIED.,.F.,.F.,(4,1,4),(0.,0.612735317763129,1.06232013261117),
 .UNSPECIFIED.);
#1977=B_SPLINE_CURVE_WITH_KNOTS('',3,(#9832,#9833,#9834,#9835,#9836),
 .UNSPECIFIED.,.F.,.F.,(4,1,4),(0.,0.447116171568223,1.06023310285392),
 .UNSPECIFIED.);
#1978=B_SPLINE_CURVE_WITH_KNOTS('',3,(#9839,#9840,#9841,#9842,#9843),
 .UNSPECIFIED.,.F.,.F.,(4,1,4),(0.,0.447116171568223,1.06023310285392),
 .UNSPECIFIED.);
#1979=B_SPLINE_CURVE_WITH_KNOTS('',3,(#9855,#9856,#9857,#9858,#9859),
 .UNSPECIFIED.,.F.,.F.,(4,1,4),(0.,0.33000952481341,0.642211961992208),
 .UNSPECIFIED.);
#1980=B_SPLINE_CURVE_WITH_KNOTS('',3,(#9862,#9863,#9864,#9865,#9866),
 .UNSPECIFIED.,.F.,.F.,(4,1,4),(0.,0.33000952481341,0.642211961992208),
 .UNSPECIFIED.);
#1981=B_SPLINE_CURVE_WITH_KNOTS('',3,(#9877,#9878,#9879,#9880,#9881),
 .UNSPECIFIED.,.F.,.F.,(4,1,4),(0.,0.309610735918311,0.639035241570474),
 .UNSPECIFIED.);
#1982=B_SPLINE_CURVE_WITH_KNOTS('',3,(#9882,#9883,#9884,#9885,#9886),
 .UNSPECIFIED.,.F.,.F.,(4,1,4),(0.,0.309610735918311,0.639035241570474),
 .UNSPECIFIED.);
#1983=B_SPLINE_CURVE_WITH_KNOTS('',3,(#10040,#10041,#10042,#10043,#10044),
 .UNSPECIFIED.,.F.,.F.,(4,1,4),(0.,0.314182939475581,0.605980201028054),
 .UNSPECIFIED.);
#1984=B_SPLINE_CURVE_WITH_KNOTS('',3,(#10048,#10049,#10050,#10051,#10052),
 .UNSPECIFIED.,.F.,.F.,(4,1,4),(0.,0.314182939475581,0.605980201028054),
 .UNSPECIFIED.);
#1985=B_SPLINE_CURVE_WITH_KNOTS('',3,(#10065,#10066,#10067,#10068,#10069),
 .UNSPECIFIED.,.F.,.F.,(4,1,4),(0.,0.321067515082177,0.654843042644137),
 .UNSPECIFIED.);
#1986=B_SPLINE_CURVE_WITH_KNOTS('',3,(#10072,#10073,#10074,#10075,#10076),
 .UNSPECIFIED.,.F.,.F.,(4,1,4),(0.,0.321067515082177,0.654843042644137),
 .UNSPECIFIED.);
#1987=B_SPLINE_CURVE_WITH_KNOTS('',3,(#10088,#10089,#10090,#10091,#10092),
 .UNSPECIFIED.,.F.,.F.,(4,1,4),(0.,0.310696331375548,0.62402175721417),
 .UNSPECIFIED.);
#1988=B_SPLINE_CURVE_WITH_KNOTS('',3,(#10095,#10096,#10097,#10098,#10099),
 .UNSPECIFIED.,.F.,.F.,(4,1,4),(0.,0.310696331375548,0.62402175721417),
 .UNSPECIFIED.);
#1989=B_SPLINE_CURVE_WITH_KNOTS('',3,(#10111,#10112,#10113,#10114,#10115),
 .UNSPECIFIED.,.F.,.F.,(4,1,4),(0.,0.201563075860855,0.414194319399296),
 .UNSPECIFIED.);
#1990=B_SPLINE_CURVE_WITH_KNOTS('',3,(#10118,#10119,#10120,#10121,#10122),
 .UNSPECIFIED.,.F.,.F.,(4,1,4),(0.,0.201563075860855,0.414194319399296),
 .UNSPECIFIED.);
#1991=B_SPLINE_CURVE_WITH_KNOTS('',3,(#10134,#10135,#10136,#10137,#10138),
 .UNSPECIFIED.,.F.,.F.,(4,1,4),(0.,0.207236105299905,0.407083478958246),
 .UNSPECIFIED.);
#1992=B_SPLINE_CURVE_WITH_KNOTS('',3,(#10141,#10142,#10143,#10144,#10145),
 .UNSPECIFIED.,.F.,.F.,(4,1,4),(0.,0.207236105299905,0.407083478958246),
 .UNSPECIFIED.);
#1993=B_SPLINE_CURVE_WITH_KNOTS('',3,(#10157,#10158,#10159,#10160,#10161),
 .UNSPECIFIED.,.F.,.F.,(4,1,4),(0.,0.30924641463545,0.663416755510544),
 .UNSPECIFIED.);
#1994=B_SPLINE_CURVE_WITH_KNOTS('',3,(#10164,#10165,#10166,#10167,#10168),
 .UNSPECIFIED.,.F.,.F.,(4,1,4),(0.,0.30924641463545,0.663416755510544),
 .UNSPECIFIED.);
#1995=B_SPLINE_CURVE_WITH_KNOTS('',3,(#10180,#10181,#10182,#10183,#10184),
 .UNSPECIFIED.,.F.,.F.,(4,1,4),(0.,0.236251032617978,0.460576870135636),
 .UNSPECIFIED.);
#1996=B_SPLINE_CURVE_WITH_KNOTS('',3,(#10187,#10188,#10189,#10190,#10191),
 .UNSPECIFIED.,.F.,.F.,(4,1,4),(0.,0.236251032617978,0.460576870135636),
 .UNSPECIFIED.);
#1997=B_SPLINE_CURVE_WITH_KNOTS('',3,(#10203,#10204,#10205,#10206,#10207),
 .UNSPECIFIED.,.F.,.F.,(4,1,4),(0.,0.322983185223163,0.623095699287531),
 .UNSPECIFIED.);
#1998=B_SPLINE_CURVE_WITH_KNOTS('',3,(#10210,#10211,#10212,#10213,#10214),
 .UNSPECIFIED.,.F.,.F.,(4,1,4),(0.,0.322983185223163,0.623095699287531),
 .UNSPECIFIED.);
#1999=B_SPLINE_CURVE_WITH_KNOTS('',3,(#10226,#10227,#10228,#10229,#10230),
 .UNSPECIFIED.,.F.,.F.,(4,1,4),(0.,0.185644467947985,0.38292575355295),
 .UNSPECIFIED.);
#2000=B_SPLINE_CURVE_WITH_KNOTS('',3,(#10233,#10234,#10235,#10236,#10237),
 .UNSPECIFIED.,.F.,.F.,(4,1,4),(0.,0.185644467947985,0.38292575355295),
 .UNSPECIFIED.);
#2001=B_SPLINE_CURVE_WITH_KNOTS('',3,(#10249,#10250,#10251,#10252,#10253),
 .UNSPECIFIED.,.F.,.F.,(4,1,4),(0.,0.164443072917427,0.338699004890406),
 .UNSPECIFIED.);
#2002=B_SPLINE_CURVE_WITH_KNOTS('',3,(#10256,#10257,#10258,#10259,#10260),
 .UNSPECIFIED.,.F.,.F.,(4,1,4),(0.,0.164443072917427,0.338699004890406),
 .UNSPECIFIED.);
#2003=B_SPLINE_CURVE_WITH_KNOTS('',3,(#10272,#10273,#10274,#10275,#10276),
 .UNSPECIFIED.,.F.,.F.,(4,1,4),(0.,0.212020403639531,0.390010707575725),
 .UNSPECIFIED.);
#2004=B_SPLINE_CURVE_WITH_KNOTS('',3,(#10279,#10280,#10281,#10282,#10283),
 .UNSPECIFIED.,.F.,.F.,(4,1,4),(0.,0.212020403639531,0.390010707575725),
 .UNSPECIFIED.);
#2005=B_SPLINE_CURVE_WITH_KNOTS('',3,(#10301,#10302,#10303,#10304,#10305),
 .UNSPECIFIED.,.F.,.F.,(4,1,4),(0.,0.126046681553022,0.274529394670255),
 .UNSPECIFIED.);
#2006=B_SPLINE_CURVE_WITH_KNOTS('',3,(#10308,#10309,#10310,#10311,#10312),
 .UNSPECIFIED.,.F.,.F.,(4,1,4),(0.,0.126046681553022,0.274529394670255),
 .UNSPECIFIED.);
#2007=B_SPLINE_CURVE_WITH_KNOTS('',3,(#10324,#10325,#10326,#10327,#10328),
 .UNSPECIFIED.,.F.,.F.,(4,1,4),(0.,0.115809292494162,0.231096046304813),
 .UNSPECIFIED.);
#2008=B_SPLINE_CURVE_WITH_KNOTS('',3,(#10331,#10332,#10333,#10334,#10335),
 .UNSPECIFIED.,.F.,.F.,(4,1,4),(0.,0.115809292494162,0.231096046304813),
 .UNSPECIFIED.);
#2009=B_SPLINE_CURVE_WITH_KNOTS('',3,(#10347,#10348,#10349,#10350,#10351),
 .UNSPECIFIED.,.F.,.F.,(4,1,4),(0.,0.103948319832214,0.217631134385835),
 .UNSPECIFIED.);
#2010=B_SPLINE_CURVE_WITH_KNOTS('',3,(#10354,#10355,#10356,#10357,#10358),
 .UNSPECIFIED.,.F.,.F.,(4,1,4),(0.,0.103948319832214,0.217631134385835),
 .UNSPECIFIED.);
#2011=B_SPLINE_CURVE_WITH_KNOTS('',3,(#10370,#10371,#10372,#10373,#10374),
 .UNSPECIFIED.,.F.,.F.,(4,1,4),(0.,0.114945295480484,0.219252288385506),
 .UNSPECIFIED.);
#2012=B_SPLINE_CURVE_WITH_KNOTS('',3,(#10377,#10378,#10379,#10380,#10381),
 .UNSPECIFIED.,.F.,.F.,(4,1,4),(0.,0.114945295480484,0.219252288385506),
 .UNSPECIFIED.);
#2013=B_SPLINE_CURVE_WITH_KNOTS('',3,(#10393,#10394,#10395,#10396,#10397),
 .UNSPECIFIED.,.F.,.F.,(4,1,4),(0.,0.129438750235344,0.26551909047924),
 .UNSPECIFIED.);
#2014=B_SPLINE_CURVE_WITH_KNOTS('',3,(#10400,#10401,#10402,#10403,#10404),
 .UNSPECIFIED.,.F.,.F.,(4,1,4),(0.,0.129438750235344,0.26551909047924),
 .UNSPECIFIED.);
#2015=B_SPLINE_CURVE_WITH_KNOTS('',3,(#10416,#10417,#10418,#10419,#10420),
 .UNSPECIFIED.,.F.,.F.,(4,1,4),(0.,0.172385306456024,0.313979977181904),
 .UNSPECIFIED.);
#2016=B_SPLINE_CURVE_WITH_KNOTS('',3,(#10423,#10424,#10425,#10426,#10427),
 .UNSPECIFIED.,.F.,.F.,(4,1,4),(0.,0.172385306456024,0.313979977181904),
 .UNSPECIFIED.);
#2017=B_SPLINE_CURVE_WITH_KNOTS('',3,(#10445,#10446,#10447,#10448,#10449),
 .UNSPECIFIED.,.F.,.F.,(4,1,4),(0.,0.101435733454756,0.223376661652587),
 .UNSPECIFIED.);
#2018=B_SPLINE_CURVE_WITH_KNOTS('',3,(#10452,#10453,#10454,#10455,#10456),
 .UNSPECIFIED.,.F.,.F.,(4,1,4),(0.,0.101435733454756,0.223376661652587),
 .UNSPECIFIED.);
#2019=B_SPLINE_CURVE_WITH_KNOTS('',3,(#10468,#10469,#10470,#10471,#10472),
 .UNSPECIFIED.,.F.,.F.,(4,1,4),(0.,0.133873849233964,0.265728487679959),
 .UNSPECIFIED.);
#2020=B_SPLINE_CURVE_WITH_KNOTS('',3,(#10475,#10476,#10477,#10478,#10479),
 .UNSPECIFIED.,.F.,.F.,(4,1,4),(0.,0.133873849233964,0.265728487679959),
 .UNSPECIFIED.);
#2021=B_SPLINE_CURVE_WITH_KNOTS('',3,(#10491,#10492,#10493,#10494,#10495),
 .UNSPECIFIED.,.F.,.F.,(4,1,4),(0.,0.163817811989589,0.308082464403044),
 .UNSPECIFIED.);
#2022=B_SPLINE_CURVE_WITH_KNOTS('',3,(#10498,#10499,#10500,#10501,#10502),
 .UNSPECIFIED.,.F.,.F.,(4,1,4),(0.,0.163817811989589,0.308082464403044),
 .UNSPECIFIED.);
#2023=B_SPLINE_CURVE_WITH_KNOTS('',3,(#10514,#10515,#10516,#10517,#10518),
 .UNSPECIFIED.,.F.,.F.,(4,1,4),(0.,0.152506420664196,0.325757867471992),
 .UNSPECIFIED.);
#2024=B_SPLINE_CURVE_WITH_KNOTS('',3,(#10521,#10522,#10523,#10524,#10525),
 .UNSPECIFIED.,.F.,.F.,(4,1,4),(0.,0.152506420664196,0.325757867471992),
 .UNSPECIFIED.);
#2025=B_SPLINE_CURVE_WITH_KNOTS('',3,(#10537,#10538,#10539,#10540,#10541),
 .UNSPECIFIED.,.F.,.F.,(4,1,4),(0.,0.139505725923636,0.28070688471598),
 .UNSPECIFIED.);
#2026=B_SPLINE_CURVE_WITH_KNOTS('',3,(#10544,#10545,#10546,#10547,#10548),
 .UNSPECIFIED.,.F.,.F.,(4,1,4),(0.,0.139505725923636,0.28070688471598),
 .UNSPECIFIED.);
#2027=B_SPLINE_CURVE_WITH_KNOTS('',3,(#10560,#10561,#10562,#10563,#10564),
 .UNSPECIFIED.,.F.,.F.,(4,1,4),(0.,0.12841573957997,0.258446613926398),
 .UNSPECIFIED.);
#2028=B_SPLINE_CURVE_WITH_KNOTS('',3,(#10567,#10568,#10569,#10570,#10571),
 .UNSPECIFIED.,.F.,.F.,(4,1,4),(0.,0.12841573957997,0.258446613926398),
 .UNSPECIFIED.);
#2029=B_SPLINE_CURVE_WITH_KNOTS('',3,(#10583,#10584,#10585,#10586,#10587),
 .UNSPECIFIED.,.F.,.F.,(4,1,4),(0.,0.161726870913877,0.300672584717635),
 .UNSPECIFIED.);
#2030=B_SPLINE_CURVE_WITH_KNOTS('',3,(#10590,#10591,#10592,#10593,#10594),
 .UNSPECIFIED.,.F.,.F.,(4,1,4),(0.,0.161726870913877,0.300672584717635),
 .UNSPECIFIED.);
#2031=B_SPLINE_CURVE_WITH_KNOTS('',3,(#10611,#10612,#10613,#10614,#10615),
 .UNSPECIFIED.,.F.,.F.,(4,1,4),(0.,0.286215774499834,0.583385494906592),
 .UNSPECIFIED.);
#2032=B_SPLINE_CURVE_WITH_KNOTS('',3,(#10616,#10617,#10618,#10619,#10620),
 .UNSPECIFIED.,.F.,.F.,(4,1,4),(0.,0.286215774499834,0.583385494906592),
 .UNSPECIFIED.);
#2033=B_SPLINE_CURVE_WITH_KNOTS('',3,(#10634,#10635,#10636,#10637,#10638),
 .UNSPECIFIED.,.F.,.F.,(4,1,4),(0.,0.138280468646278,0.323851828572972),
 .UNSPECIFIED.);
#2034=B_SPLINE_CURVE_WITH_KNOTS('',3,(#10642,#10643,#10644,#10645,#10646),
 .UNSPECIFIED.,.F.,.F.,(4,1,4),(0.,0.138280468646278,0.323851828572972),
 .UNSPECIFIED.);
#2035=B_SPLINE_CURVE_WITH_KNOTS('',3,(#10659,#10660,#10661,#10662,#10663),
 .UNSPECIFIED.,.F.,.F.,(4,1,4),(0.,0.110550117774543,0.223262511247318),
 .UNSPECIFIED.);
#2036=B_SPLINE_CURVE_WITH_KNOTS('',3,(#10666,#10667,#10668,#10669,#10670),
 .UNSPECIFIED.,.F.,.F.,(4,1,4),(0.,0.110550117774543,0.223262511247318),
 .UNSPECIFIED.);
#2037=B_SPLINE_CURVE_WITH_KNOTS('',3,(#10682,#10683,#10684,#10685,#10686),
 .UNSPECIFIED.,.F.,.F.,(4,1,4),(0.,0.132386483717794,0.248463564996644),
 .UNSPECIFIED.);
#2038=B_SPLINE_CURVE_WITH_KNOTS('',3,(#10689,#10690,#10691,#10692,#10693),
 .UNSPECIFIED.,.F.,.F.,(4,1,4),(0.,0.132386483717794,0.248463564996644),
 .UNSPECIFIED.);
#2039=B_SPLINE_CURVE_WITH_KNOTS('',3,(#10705,#10706,#10707,#10708,#10709),
 .UNSPECIFIED.,.F.,.F.,(4,1,4),(0.,0.152443949864259,0.29706761420742),
 .UNSPECIFIED.);
#2040=B_SPLINE_CURVE_WITH_KNOTS('',3,(#10712,#10713,#10714,#10715,#10716),
 .UNSPECIFIED.,.F.,.F.,(4,1,4),(0.,0.152443949864259,0.29706761420742),
 .UNSPECIFIED.);
#2041=B_SPLINE_CURVE_WITH_KNOTS('',3,(#10728,#10729,#10730,#10731,#10732),
 .UNSPECIFIED.,.F.,.F.,(4,1,4),(0.,0.353104406831259,0.69105867975269),
 .UNSPECIFIED.);
#2042=B_SPLINE_CURVE_WITH_KNOTS('',3,(#10735,#10736,#10737,#10738,#10739),
 .UNSPECIFIED.,.F.,.F.,(4,1,4),(0.,0.353104406831259,0.69105867975269),
 .UNSPECIFIED.);
#2043=B_SPLINE_CURVE_WITH_KNOTS('',3,(#10781,#10782,#10783,#10784,#10785),
 .UNSPECIFIED.,.F.,.F.,(4,1,4),(0.,0.162641590525365,0.418603853212205),
 .UNSPECIFIED.);
#2044=B_SPLINE_CURVE_WITH_KNOTS('',3,(#10788,#10789,#10790,#10791,#10792),
 .UNSPECIFIED.,.F.,.F.,(4,1,4),(0.,0.162641590525365,0.418603853212205),
 .UNSPECIFIED.);
#2045=B_SPLINE_CURVE_WITH_KNOTS('',3,(#10804,#10805,#10806,#10807,#10808),
 .UNSPECIFIED.,.F.,.F.,(4,1,4),(0.,0.115043194854655,0.229161424155311),
 .UNSPECIFIED.);
#2046=B_SPLINE_CURVE_WITH_KNOTS('',3,(#10811,#10812,#10813,#10814,#10815),
 .UNSPECIFIED.,.F.,.F.,(4,1,4),(0.,0.115043194854655,0.229161424155311),
 .UNSPECIFIED.);
#2047=B_SPLINE_CURVE_WITH_KNOTS('',3,(#10827,#10828,#10829,#10830,#10831),
 .UNSPECIFIED.,.F.,.F.,(4,1,4),(0.,0.11931840458437,0.236391841078606),
 .UNSPECIFIED.);
#2048=B_SPLINE_CURVE_WITH_KNOTS('',3,(#10834,#10835,#10836,#10837,#10838),
 .UNSPECIFIED.,.F.,.F.,(4,1,4),(0.,0.11931840458437,0.236391841078606),
 .UNSPECIFIED.);
#2049=B_SPLINE_CURVE_WITH_KNOTS('',3,(#10850,#10851,#10852,#10853,#10854),
 .UNSPECIFIED.,.F.,.F.,(4,1,4),(0.,0.0841051385453452,0.175060344159398),
 .UNSPECIFIED.);
#2050=B_SPLINE_CURVE_WITH_KNOTS('',3,(#10857,#10858,#10859,#10860,#10861),
 .UNSPECIFIED.,.F.,.F.,(4,1,4),(0.,0.0841051385453452,0.175060344159398),
 .UNSPECIFIED.);
#2051=B_SPLINE_CURVE_WITH_KNOTS('',3,(#10873,#10874,#10875,#10876,#10877),
 .UNSPECIFIED.,.F.,.F.,(4,1,4),(0.,0.0864833774677218,0.169097449145656),
 .UNSPECIFIED.);
#2052=B_SPLINE_CURVE_WITH_KNOTS('',3,(#10880,#10881,#10882,#10883,#10884),
 .UNSPECIFIED.,.F.,.F.,(4,1,4),(0.,0.0864833774677218,0.169097449145656),
 .UNSPECIFIED.);
#2053=B_SPLINE_CURVE_WITH_KNOTS('',3,(#10896,#10897,#10898,#10899,#10900),
 .UNSPECIFIED.,.F.,.F.,(4,1,4),(0.,0.241637873033376,0.381464054850964),
 .UNSPECIFIED.);
#2054=B_SPLINE_CURVE_WITH_KNOTS('',3,(#10903,#10904,#10905,#10906,#10907),
 .UNSPECIFIED.,.F.,.F.,(4,1,4),(0.,0.241637873033376,0.381464054850964),
 .UNSPECIFIED.);
#2055=B_SPLINE_CURVE_WITH_KNOTS('',3,(#10961,#10962,#10963,#10964,#10965),
 .UNSPECIFIED.,.F.,.F.,(4,1,4),(0.,0.145519171793994,0.431594599487885),
 .UNSPECIFIED.);
#2056=B_SPLINE_CURVE_WITH_KNOTS('',3,(#10969,#10970,#10971,#10972,#10973),
 .UNSPECIFIED.,.F.,.F.,(4,1,4),(0.,0.145519171793994,0.431594599487885),
 .UNSPECIFIED.);
#2057=B_SPLINE_CURVE_WITH_KNOTS('',3,(#10986,#10987,#10988,#10989,#10990),
 .UNSPECIFIED.,.F.,.F.,(4,1,4),(0.,0.0985315870285071,0.213063331399778),
 .UNSPECIFIED.);
#2058=B_SPLINE_CURVE_WITH_KNOTS('',3,(#10993,#10994,#10995,#10996,#10997),
 .UNSPECIFIED.,.F.,.F.,(4,1,4),(0.,0.0985315870285071,0.213063331399778),
 .UNSPECIFIED.);
#2059=B_SPLINE_CURVE_WITH_KNOTS('',3,(#11009,#11010,#11011,#11012,#11013),
 .UNSPECIFIED.,.F.,.F.,(4,1,4),(0.,0.106299504924425,0.202461800726928),
 .UNSPECIFIED.);
#2060=B_SPLINE_CURVE_WITH_KNOTS('',3,(#11016,#11017,#11018,#11019,#11020),
 .UNSPECIFIED.,.F.,.F.,(4,1,4),(0.,0.106299504924425,0.202461800726928),
 .UNSPECIFIED.);
#2061=B_SPLINE_CURVE_WITH_KNOTS('',3,(#11032,#11033,#11034,#11035,#11036),
 .UNSPECIFIED.,.F.,.F.,(4,1,4),(0.,0.102348100721787,0.213263179729349),
 .UNSPECIFIED.);
#2062=B_SPLINE_CURVE_WITH_KNOTS('',3,(#11039,#11040,#11041,#11042,#11043),
 .UNSPECIFIED.,.F.,.F.,(4,1,4),(0.,0.102348100721787,0.213263179729349),
 .UNSPECIFIED.);
#2063=B_SPLINE_CURVE_WITH_KNOTS('',3,(#11055,#11056,#11057,#11058,#11059),
 .UNSPECIFIED.,.F.,.F.,(4,1,4),(0.,0.119587315431564,0.225830432998573),
 .UNSPECIFIED.);
#2064=B_SPLINE_CURVE_WITH_KNOTS('',3,(#11062,#11063,#11064,#11065,#11066),
 .UNSPECIFIED.,.F.,.F.,(4,1,4),(0.,0.119587315431564,0.225830432998573),
 .UNSPECIFIED.);
#2065=B_SPLINE_CURVE_WITH_KNOTS('',3,(#11078,#11079,#11080,#11081,#11082),
 .UNSPECIFIED.,.F.,.F.,(4,1,4),(0.,0.239180765612272,0.366813711013409),
 .UNSPECIFIED.);
#2066=B_SPLINE_CURVE_WITH_KNOTS('',3,(#11085,#11086,#11087,#11088,#11089),
 .UNSPECIFIED.,.F.,.F.,(4,1,4),(0.,0.239180765612272,0.366813711013409),
 .UNSPECIFIED.);
#2067=B_SPLINE_CURVE_WITH_KNOTS('',3,(#11117,#11118,#11119,#11120,#11121),
 .UNSPECIFIED.,.F.,.F.,(4,1,4),(0.,0.165689015825605,0.449979076832149),
 .UNSPECIFIED.);
#2068=B_SPLINE_CURVE_WITH_KNOTS('',3,(#11125,#11126,#11127,#11128,#11129),
 .UNSPECIFIED.,.F.,.F.,(4,1,4),(0.,0.165689015825605,0.449979076832149),
 .UNSPECIFIED.);
#2069=B_SPLINE_CURVE_WITH_KNOTS('',3,(#11142,#11143,#11144,#11145,#11146),
 .UNSPECIFIED.,.F.,.F.,(4,1,4),(0.,0.0951138403186569,0.197311562602188),
 .UNSPECIFIED.);
#2070=B_SPLINE_CURVE_WITH_KNOTS('',3,(#11149,#11150,#11151,#11152,#11153),
 .UNSPECIFIED.,.F.,.F.,(4,1,4),(0.,0.0951138403186569,0.197311562602188),
 .UNSPECIFIED.);
#2071=B_SPLINE_CURVE_WITH_KNOTS('',3,(#11165,#11166,#11167,#11168,#11169),
 .UNSPECIFIED.,.F.,.F.,(4,1,4),(0.,0.104915426355837,0.201035591944669),
 .UNSPECIFIED.);
#2072=B_SPLINE_CURVE_WITH_KNOTS('',3,(#11172,#11173,#11174,#11175,#11176),
 .UNSPECIFIED.,.F.,.F.,(4,1,4),(0.,0.104915426355837,0.201035591944669),
 .UNSPECIFIED.);
#2073=B_SPLINE_CURVE_WITH_KNOTS('',3,(#11188,#11189,#11190,#11191,#11192),
 .UNSPECIFIED.,.F.,.F.,(4,1,4),(0.,0.106843610018555,0.227730974095563),
 .UNSPECIFIED.);
#2074=B_SPLINE_CURVE_WITH_KNOTS('',3,(#11195,#11196,#11197,#11198,#11199),
 .UNSPECIFIED.,.F.,.F.,(4,1,4),(0.,0.106843610018555,0.227730974095563),
 .UNSPECIFIED.);
#2075=B_SPLINE_CURVE_WITH_KNOTS('',3,(#11211,#11212,#11213,#11214,#11215),
 .UNSPECIFIED.,.F.,.F.,(4,1,4),(0.,0.107994165813634,0.211761972158521),
 .UNSPECIFIED.);
#2076=B_SPLINE_CURVE_WITH_KNOTS('',3,(#11218,#11219,#11220,#11221,#11222),
 .UNSPECIFIED.,.F.,.F.,(4,1,4),(0.,0.107994165813634,0.211761972158521),
 .UNSPECIFIED.);
#2077=B_SPLINE_CURVE_WITH_KNOTS('',3,(#11234,#11235,#11236,#11237,#11238),
 .UNSPECIFIED.,.F.,.F.,(4,1,4),(0.,0.223003738109434,0.346749628390724),
 .UNSPECIFIED.);
#2078=B_SPLINE_CURVE_WITH_KNOTS('',3,(#11241,#11242,#11243,#11244,#11245),
 .UNSPECIFIED.,.F.,.F.,(4,1,4),(0.,0.223003738109434,0.346749628390724),
 .UNSPECIFIED.);
#2079=B_SPLINE_CURVE_WITH_KNOTS('',3,(#11281,#11282,#11283,#11284,#11285),
 .UNSPECIFIED.,.F.,.F.,(4,1,4),(0.,0.215581900751119,0.609129875443183),
 .UNSPECIFIED.);
#2080=B_SPLINE_CURVE_WITH_KNOTS('',3,(#11288,#11289,#11290,#11291,#11292),
 .UNSPECIFIED.,.F.,.F.,(4,1,4),(0.,0.215581900751119,0.609129875443183),
 .UNSPECIFIED.);
#2081=B_SPLINE_CURVE_WITH_KNOTS('',3,(#11304,#11305,#11306,#11307,#11308),
 .UNSPECIFIED.,.F.,.F.,(4,1,4),(0.,0.171883586611773,0.36154574834901),
 .UNSPECIFIED.);
#2082=B_SPLINE_CURVE_WITH_KNOTS('',3,(#11311,#11312,#11313,#11314,#11315),
 .UNSPECIFIED.,.F.,.F.,(4,1,4),(0.,0.171883586611773,0.36154574834901),
 .UNSPECIFIED.);
#2083=B_SPLINE_CURVE_WITH_KNOTS('',3,(#11327,#11328,#11329,#11330,#11331),
 .UNSPECIFIED.,.F.,.F.,(4,1,4),(0.,0.172650646950714,0.339214361611393),
 .UNSPECIFIED.);
#2084=B_SPLINE_CURVE_WITH_KNOTS('',3,(#11334,#11335,#11336,#11337,#11338),
 .UNSPECIFIED.,.F.,.F.,(4,1,4),(0.,0.172650646950714,0.339214361611393),
 .UNSPECIFIED.);
#2085=B_SPLINE_CURVE_WITH_KNOTS('',3,(#11350,#11351,#11352,#11353,#11354),
 .UNSPECIFIED.,.F.,.F.,(4,1,4),(0.,0.169351464243411,0.343329993319522),
 .UNSPECIFIED.);
#2086=B_SPLINE_CURVE_WITH_KNOTS('',3,(#11357,#11358,#11359,#11360,#11361),
 .UNSPECIFIED.,.F.,.F.,(4,1,4),(0.,0.169351464243411,0.343329993319522),
 .UNSPECIFIED.);
#2087=B_SPLINE_CURVE_WITH_KNOTS('',3,(#11373,#11374,#11375,#11376,#11377),
 .UNSPECIFIED.,.F.,.F.,(4,1,4),(0.,0.197191959621266,0.402011949104028),
 .UNSPECIFIED.);
#2088=B_SPLINE_CURVE_WITH_KNOTS('',3,(#11380,#11381,#11382,#11383,#11384),
 .UNSPECIFIED.,.F.,.F.,(4,1,4),(0.,0.197191959621266,0.402011949104028),
 .UNSPECIFIED.);
#2089=B_SPLINE_CURVE_WITH_KNOTS('',3,(#11396,#11397,#11398,#11399,#11400),
 .UNSPECIFIED.,.F.,.F.,(4,1,4),(0.,0.2211979384709,0.42366702368335),
 .UNSPECIFIED.);
#2090=B_SPLINE_CURVE_WITH_KNOTS('',3,(#11403,#11404,#11405,#11406,#11407),
 .UNSPECIFIED.,.F.,.F.,(4,1,4),(0.,0.2211979384709,0.42366702368335),
 .UNSPECIFIED.);
#2091=B_SPLINE_CURVE_WITH_KNOTS('',3,(#11419,#11420,#11421,#11422,#11423),
 .UNSPECIFIED.,.F.,.F.,(4,1,4),(0.,0.169989312463852,0.341671353617833),
 .UNSPECIFIED.);
#2092=B_SPLINE_CURVE_WITH_KNOTS('',3,(#11426,#11427,#11428,#11429,#11430),
 .UNSPECIFIED.,.F.,.F.,(4,1,4),(0.,0.169989312463852,0.341671353617833),
 .UNSPECIFIED.);
#2093=B_SPLINE_CURVE_WITH_KNOTS('',3,(#11442,#11443,#11444,#11445,#11446),
 .UNSPECIFIED.,.F.,.F.,(4,1,4),(0.,0.170054564394573,0.339540601695883),
 .UNSPECIFIED.);
#2094=B_SPLINE_CURVE_WITH_KNOTS('',3,(#11449,#11450,#11451,#11452,#11453),
 .UNSPECIFIED.,.F.,.F.,(4,1,4),(0.,0.170054564394573,0.339540601695883),
 .UNSPECIFIED.);
#2095=B_SPLINE_CURVE_WITH_KNOTS('',3,(#11465,#11466,#11467,#11468,#11469),
 .UNSPECIFIED.,.F.,.F.,(4,1,4),(0.,0.14983872682319,0.305146570237955),
 .UNSPECIFIED.);
#2096=B_SPLINE_CURVE_WITH_KNOTS('',3,(#11472,#11473,#11474,#11475,#11476),
 .UNSPECIFIED.,.F.,.F.,(4,1,4),(0.,0.14983872682319,0.305146570237955),
 .UNSPECIFIED.);
#2097=B_SPLINE_CURVE_WITH_KNOTS('',3,(#11488,#11489,#11490,#11491,#11492),
 .UNSPECIFIED.,.F.,.F.,(4,1,4),(0.,0.139629689774957,0.285398719258762),
 .UNSPECIFIED.);
#2098=B_SPLINE_CURVE_WITH_KNOTS('',3,(#11495,#11496,#11497,#11498,#11499),
 .UNSPECIFIED.,.F.,.F.,(4,1,4),(0.,0.139629689774957,0.285398719258762),
 .UNSPECIFIED.);
#2099=B_SPLINE_CURVE_WITH_KNOTS('',3,(#11511,#11512,#11513,#11514,#11515),
 .UNSPECIFIED.,.F.,.F.,(4,1,4),(0.,0.143304207031439,0.282238345079603),
 .UNSPECIFIED.);
#2100=B_SPLINE_CURVE_WITH_KNOTS('',3,(#11518,#11519,#11520,#11521,#11522),
 .UNSPECIFIED.,.F.,.F.,(4,1,4),(0.,0.143304207031439,0.282238345079603),
 .UNSPECIFIED.);
#2101=B_SPLINE_CURVE_WITH_KNOTS('',3,(#11534,#11535,#11536,#11537,#11538),
 .UNSPECIFIED.,.F.,.F.,(4,1,4),(0.,0.259069415830709,0.443539093080581),
 .UNSPECIFIED.);
#2102=B_SPLINE_CURVE_WITH_KNOTS('',3,(#11541,#11542,#11543,#11544,#11545),
 .UNSPECIFIED.,.F.,.F.,(4,1,4),(0.,0.259069415830709,0.443539093080581),
 .UNSPECIFIED.);
#2103=VERTEX_POINT('',#6606);
#2104=VERTEX_POINT('',#6607);
#2105=VERTEX_POINT('',#6613);
#2106=VERTEX_POINT('',#6615);
#2107=VERTEX_POINT('',#6632);
#2108=VERTEX_POINT('',#6638);
#2109=VERTEX_POINT('',#6655);
#2110=VERTEX_POINT('',#6661);
#2111=VERTEX_POINT('',#6678);
#2112=VERTEX_POINT('',#6684);
#2113=VERTEX_POINT('',#6701);
#2114=VERTEX_POINT('',#6707);
#2115=VERTEX_POINT('',#6724);
#2116=VERTEX_POINT('',#6730);
#2117=VERTEX_POINT('',#6747);
#2118=VERTEX_POINT('',#6753);
#2119=VERTEX_POINT('',#6770);
#2120=VERTEX_POINT('',#6776);
#2121=VERTEX_POINT('',#6796);
#2122=VERTEX_POINT('',#6797);
#2123=VERTEX_POINT('',#6803);
#2124=VERTEX_POINT('',#6805);
#2125=VERTEX_POINT('',#6822);
#2126=VERTEX_POINT('',#6828);
#2127=VERTEX_POINT('',#6845);
#2128=VERTEX_POINT('',#6851);
#2129=VERTEX_POINT('',#6859);
#2130=VERTEX_POINT('',#6861);
#2131=VERTEX_POINT('',#6874);
#2132=VERTEX_POINT('',#6880);
#2133=VERTEX_POINT('',#6897);
#2134=VERTEX_POINT('',#6903);
#2135=VERTEX_POINT('',#6920);
#2136=VERTEX_POINT('',#6926);
#2137=VERTEX_POINT('',#6943);
#2138=VERTEX_POINT('',#6949);
#2139=VERTEX_POINT('',#6966);
#2140=VERTEX_POINT('',#6972);
#2141=VERTEX_POINT('',#6989);
#2142=VERTEX_POINT('',#6995);
#2143=VERTEX_POINT('',#7012);
#2144=VERTEX_POINT('',#7018);
#2145=VERTEX_POINT('',#7035);
#2146=VERTEX_POINT('',#7041);
#2147=VERTEX_POINT('',#7058);
#2148=VERTEX_POINT('',#7064);
#2149=VERTEX_POINT('',#7081);
#2150=VERTEX_POINT('',#7087);
#2151=VERTEX_POINT('',#7095);
#2152=VERTEX_POINT('',#7097);
#2153=VERTEX_POINT('',#7110);
#2154=VERTEX_POINT('',#7116);
#2155=VERTEX_POINT('',#7133);
#2156=VERTEX_POINT('',#7139);
#2157=VERTEX_POINT('',#7147);
#2158=VERTEX_POINT('',#7149);
#2159=VERTEX_POINT('',#7162);
#2160=VERTEX_POINT('',#7168);
#2161=VERTEX_POINT('',#7185);
#2162=VERTEX_POINT('',#7191);
#2163=VERTEX_POINT('',#7208);
#2164=VERTEX_POINT('',#7214);
#2165=VERTEX_POINT('',#7231);
#2166=VERTEX_POINT('',#7237);
#2167=VERTEX_POINT('',#7254);
#2168=VERTEX_POINT('',#7260);
#2169=VERTEX_POINT('',#7268);
#2170=VERTEX_POINT('',#7270);
#2171=VERTEX_POINT('',#7304);
#2172=VERTEX_POINT('',#7305);
#2173=VERTEX_POINT('',#7311);
#2174=VERTEX_POINT('',#7313);
#2175=VERTEX_POINT('',#7330);
#2176=VERTEX_POINT('',#7336);
#2177=VERTEX_POINT('',#7353);
#2178=VERTEX_POINT('',#7359);
#2179=VERTEX_POINT('',#7376);
#2180=VERTEX_POINT('',#7382);
#2181=VERTEX_POINT('',#7399);
#2182=VERTEX_POINT('',#7405);
#2183=VERTEX_POINT('',#7422);
#2184=VERTEX_POINT('',#7428);
#2185=VERTEX_POINT('',#7445);
#2186=VERTEX_POINT('',#7451);
#2187=VERTEX_POINT('',#7468);
#2188=VERTEX_POINT('',#7474);
#2189=VERTEX_POINT('',#7494);
#2190=VERTEX_POINT('',#7495);
#2191=VERTEX_POINT('',#7501);
#2192=VERTEX_POINT('',#7503);
#2193=VERTEX_POINT('',#7520);
#2194=VERTEX_POINT('',#7526);
#2195=VERTEX_POINT('',#7543);
#2196=VERTEX_POINT('',#7549);
#2197=VERTEX_POINT('',#7557);
#2198=VERTEX_POINT('',#7559);
#2199=VERTEX_POINT('',#7572);
#2200=VERTEX_POINT('',#7578);
#2201=VERTEX_POINT('',#7595);
#2202=VERTEX_POINT('',#7601);
#2203=VERTEX_POINT('',#7618);
#2204=VERTEX_POINT('',#7624);
#2205=VERTEX_POINT('',#7641);
#2206=VERTEX_POINT('',#7647);
#2207=VERTEX_POINT('',#7664);
#2208=VERTEX_POINT('',#7670);
#2209=VERTEX_POINT('',#7687);
#2210=VERTEX_POINT('',#7693);
#2211=VERTEX_POINT('',#7710);
#2212=VERTEX_POINT('',#7716);
#2213=VERTEX_POINT('',#7733);
#2214=VERTEX_POINT('',#7739);
#2215=VERTEX_POINT('',#7756);
#2216=VERTEX_POINT('',#7762);
#2217=VERTEX_POINT('',#7779);
#2218=VERTEX_POINT('',#7785);
#2219=VERTEX_POINT('',#7793);
#2220=VERTEX_POINT('',#7795);
#2221=VERTEX_POINT('',#7808);
#2222=VERTEX_POINT('',#7814);
#2223=VERTEX_POINT('',#7831);
#2224=VERTEX_POINT('',#7837);
#2225=VERTEX_POINT('',#7845);
#2226=VERTEX_POINT('',#7847);
#2227=VERTEX_POINT('',#7860);
#2228=VERTEX_POINT('',#7866);
#2229=VERTEX_POINT('',#7883);
#2230=VERTEX_POINT('',#7889);
#2231=VERTEX_POINT('',#7906);
#2232=VERTEX_POINT('',#7912);
#2233=VERTEX_POINT('',#7929);
#2234=VERTEX_POINT('',#7935);
#2235=VERTEX_POINT('',#7952);
#2236=VERTEX_POINT('',#7958);
#2237=VERTEX_POINT('',#7966);
#2238=VERTEX_POINT('',#7968);
#2239=VERTEX_POINT('',#8002);
#2240=VERTEX_POINT('',#8003);
#2241=VERTEX_POINT('',#8009);
#2242=VERTEX_POINT('',#8011);
#2243=VERTEX_POINT('',#8028);
#2244=VERTEX_POINT('',#8034);
#2245=VERTEX_POINT('',#8051);
#2246=VERTEX_POINT('',#8057);
#2247=VERTEX_POINT('',#8074);
#2248=VERTEX_POINT('',#8080);
#2249=VERTEX_POINT('',#8097);
#2250=VERTEX_POINT('',#8103);
#2251=VERTEX_POINT('',#8120);
#2252=VERTEX_POINT('',#8126);
#2253=VERTEX_POINT('',#8143);
#2254=VERTEX_POINT('',#8149);
#2255=VERTEX_POINT('',#8157);
#2256=VERTEX_POINT('',#8159);
#2257=VERTEX_POINT('',#8172);
#2258=VERTEX_POINT('',#8178);
#2259=VERTEX_POINT('',#8195);
#2260=VERTEX_POINT('',#8201);
#2261=VERTEX_POINT('',#8218);
#2262=VERTEX_POINT('',#8224);
#2263=VERTEX_POINT('',#8241);
#2264=VERTEX_POINT('',#8247);
#2265=VERTEX_POINT('',#8264);
#2266=VERTEX_POINT('',#8270);
#2267=VERTEX_POINT('',#8287);
#2268=VERTEX_POINT('',#8293);
#2269=VERTEX_POINT('',#8310);
#2270=VERTEX_POINT('',#8316);
#2271=VERTEX_POINT('',#8333);
#2272=VERTEX_POINT('',#8339);
#2273=VERTEX_POINT('',#8347);
#2274=VERTEX_POINT('',#8349);
#2275=VERTEX_POINT('',#8383);
#2276=VERTEX_POINT('',#8384);
#2277=VERTEX_POINT('',#8390);
#2278=VERTEX_POINT('',#8392);
#2279=VERTEX_POINT('',#8409);
#2280=VERTEX_POINT('',#8415);
#2281=VERTEX_POINT('',#8432);
#2282=VERTEX_POINT('',#8438);
#2283=VERTEX_POINT('',#8455);
#2284=VERTEX_POINT('',#8461);
#2285=VERTEX_POINT('',#8481);
#2286=VERTEX_POINT('',#8482);
#2287=VERTEX_POINT('',#8488);
#2288=VERTEX_POINT('',#8490);
#2289=VERTEX_POINT('',#8507);
#2290=VERTEX_POINT('',#8513);
#2291=VERTEX_POINT('',#8530);
#2292=VERTEX_POINT('',#8536);
#2293=VERTEX_POINT('',#8544);
#2294=VERTEX_POINT('',#8546);
#2295=VERTEX_POINT('',#8559);
#2296=VERTEX_POINT('',#8565);
#2297=VERTEX_POINT('',#8582);
#2298=VERTEX_POINT('',#8588);
#2299=VERTEX_POINT('',#8605);
#2300=VERTEX_POINT('',#8611);
#2301=VERTEX_POINT('',#8628);
#2302=VERTEX_POINT('',#8634);
#2303=VERTEX_POINT('',#8651);
#2304=VERTEX_POINT('',#8657);
#2305=VERTEX_POINT('',#8674);
#2306=VERTEX_POINT('',#8680);
#2307=VERTEX_POINT('',#8697);
#2308=VERTEX_POINT('',#8703);
#2309=VERTEX_POINT('',#8720);
#2310=VERTEX_POINT('',#8726);
#2311=VERTEX_POINT('',#8734);
#2312=VERTEX_POINT('',#8736);
#2313=VERTEX_POINT('',#8761);
#2314=VERTEX_POINT('',#8762);
#2315=VERTEX_POINT('',#8764);
#2316=VERTEX_POINT('',#8766);
#2317=VERTEX_POINT('',#8770);
#2318=VERTEX_POINT('',#8772);
#2319=VERTEX_POINT('',#8776);
#2320=VERTEX_POINT('',#8778);
#2321=VERTEX_POINT('',#8782);
#2322=VERTEX_POINT('',#8784);
#2323=VERTEX_POINT('',#8788);
#2324=VERTEX_POINT('',#8790);
#2325=VERTEX_POINT('',#8794);
#2326=VERTEX_POINT('',#8796);
#2327=VERTEX_POINT('',#8800);
#2328=VERTEX_POINT('',#8802);
#2329=VERTEX_POINT('',#8806);
#2330=VERTEX_POINT('',#8808);
#2331=VERTEX_POINT('',#8812);
#2332=VERTEX_POINT('',#8814);
#2333=VERTEX_POINT('',#8818);
#2334=VERTEX_POINT('',#8820);
#2335=VERTEX_POINT('',#8824);
#2336=VERTEX_POINT('',#8826);
#2337=VERTEX_POINT('',#8843);
#2338=VERTEX_POINT('',#8844);
#2339=VERTEX_POINT('',#8850);
#2340=VERTEX_POINT('',#8852);
#2341=VERTEX_POINT('',#8869);
#2342=VERTEX_POINT('',#8875);
#2343=VERTEX_POINT('',#8892);
#2344=VERTEX_POINT('',#8898);
#2345=VERTEX_POINT('',#8915);
#2346=VERTEX_POINT('',#8921);
#2347=VERTEX_POINT('',#8938);
#2348=VERTEX_POINT('',#8944);
#2349=VERTEX_POINT('',#8961);
#2350=VERTEX_POINT('',#8967);
#2351=VERTEX_POINT('',#8984);
#2352=VERTEX_POINT('',#8990);
#2353=VERTEX_POINT('',#9007);
#2354=VERTEX_POINT('',#9013);
#2355=VERTEX_POINT('',#9030);
#2356=VERTEX_POINT('',#9036);
#2357=VERTEX_POINT('',#9053);
#2358=VERTEX_POINT('',#9059);
#2359=VERTEX_POINT('',#9076);
#2360=VERTEX_POINT('',#9082);
#2361=VERTEX_POINT('',#9090);
#2362=VERTEX_POINT('',#9092);
#2363=VERTEX_POINT('',#9105);
#2364=VERTEX_POINT('',#9111);
#2365=VERTEX_POINT('',#9128);
#2366=VERTEX_POINT('',#9134);
#2367=VERTEX_POINT('',#9151);
#2368=VERTEX_POINT('',#9157);
#2369=VERTEX_POINT('',#9174);
#2370=VERTEX_POINT('',#9180);
#2371=VERTEX_POINT('',#9197);
#2372=VERTEX_POINT('',#9203);
#2373=VERTEX_POINT('',#9220);
#2374=VERTEX_POINT('',#9226);
#2375=VERTEX_POINT('',#9234);
#2376=VERTEX_POINT('',#9236);
#2377=VERTEX_POINT('',#9249);
#2378=VERTEX_POINT('',#9255);
#2379=VERTEX_POINT('',#9272);
#2380=VERTEX_POINT('',#9278);
#2381=VERTEX_POINT('',#9295);
#2382=VERTEX_POINT('',#9301);
#2383=VERTEX_POINT('',#9318);
#2384=VERTEX_POINT('',#9324);
#2385=VERTEX_POINT('',#9341);
#2386=VERTEX_POINT('',#9347);
#2387=VERTEX_POINT('',#9364);
#2388=VERTEX_POINT('',#9370);
#2389=VERTEX_POINT('',#9387);
#2390=VERTEX_POINT('',#9393);
#2391=VERTEX_POINT('',#9401);
#2392=VERTEX_POINT('',#9403);
#2393=VERTEX_POINT('',#9437);
#2394=VERTEX_POINT('',#9438);
#2395=VERTEX_POINT('',#9444);
#2396=VERTEX_POINT('',#9446);
#2397=VERTEX_POINT('',#9463);
#2398=VERTEX_POINT('',#9469);
#2399=VERTEX_POINT('',#9486);
#2400=VERTEX_POINT('',#9492);
#2401=VERTEX_POINT('',#9509);
#2402=VERTEX_POINT('',#9515);
#2403=VERTEX_POINT('',#9532);
#2404=VERTEX_POINT('',#9538);
#2405=VERTEX_POINT('',#9555);
#2406=VERTEX_POINT('',#9561);
#2407=VERTEX_POINT('',#9578);
#2408=VERTEX_POINT('',#9584);
#2409=VERTEX_POINT('',#9601);
#2410=VERTEX_POINT('',#9607);
#2411=VERTEX_POINT('',#9624);
#2412=VERTEX_POINT('',#9630);
#2413=VERTEX_POINT('',#9647);
#2414=VERTEX_POINT('',#9653);
#2415=VERTEX_POINT('',#9670);
#2416=VERTEX_POINT('',#9676);
#2417=VERTEX_POINT('',#9713);
#2418=VERTEX_POINT('',#9714);
#2419=VERTEX_POINT('',#9720);
#2420=VERTEX_POINT('',#9722);
#2421=VERTEX_POINT('',#9739);
#2422=VERTEX_POINT('',#9745);
#2423=VERTEX_POINT('',#9762);
#2424=VERTEX_POINT('',#9768);
#2425=VERTEX_POINT('',#9785);
#2426=VERTEX_POINT('',#9791);
#2427=VERTEX_POINT('',#9808);
#2428=VERTEX_POINT('',#9814);
#2429=VERTEX_POINT('',#9831);
#2430=VERTEX_POINT('',#9837);
#2431=VERTEX_POINT('',#9854);
#2432=VERTEX_POINT('',#9860);
#2433=VERTEX_POINT('',#9889);
#2434=VERTEX_POINT('',#9890);
#2435=VERTEX_POINT('',#9892);
#2436=VERTEX_POINT('',#9894);
#2437=VERTEX_POINT('',#9898);
#2438=VERTEX_POINT('',#9900);
#2439=VERTEX_POINT('',#9907);
#2440=VERTEX_POINT('',#9908);
#2441=VERTEX_POINT('',#9910);
#2442=VERTEX_POINT('',#9912);
#2443=VERTEX_POINT('',#9916);
#2444=VERTEX_POINT('',#9918);
#2445=VERTEX_POINT('',#9922);
#2446=VERTEX_POINT('',#9924);
#2447=VERTEX_POINT('',#9928);
#2448=VERTEX_POINT('',#9930);
#2449=VERTEX_POINT('',#9934);
#2450=VERTEX_POINT('',#9936);
#2451=VERTEX_POINT('',#9940);
#2452=VERTEX_POINT('',#9942);
#2453=VERTEX_POINT('',#9946);
#2454=VERTEX_POINT('',#9948);
#2455=VERTEX_POINT('',#9956);
#2456=VERTEX_POINT('',#9957);
#2457=VERTEX_POINT('',#9959);
#2458=VERTEX_POINT('',#9961);
#2459=VERTEX_POINT('',#9965);
#2460=VERTEX_POINT('',#9967);
#2461=VERTEX_POINT('',#9971);
#2462=VERTEX_POINT('',#9973);
#2463=VERTEX_POINT('',#9977);
#2464=VERTEX_POINT('',#9979);
#2465=VERTEX_POINT('',#9983);
#2466=VERTEX_POINT('',#9985);
#2467=VERTEX_POINT('',#9989);
#2468=VERTEX_POINT('',#9991);
#2469=VERTEX_POINT('',#9995);
#2470=VERTEX_POINT('',#9997);
#2471=VERTEX_POINT('',#10001);
#2472=VERTEX_POINT('',#10003);
#2473=VERTEX_POINT('',#10007);
#2474=VERTEX_POINT('',#10009);
#2475=VERTEX_POINT('',#10013);
#2476=VERTEX_POINT('',#10015);
#2477=VERTEX_POINT('',#10019);
#2478=VERTEX_POINT('',#10021);
#2479=VERTEX_POINT('',#10038);
#2480=VERTEX_POINT('',#10039);
#2481=VERTEX_POINT('',#10045);
#2482=VERTEX_POINT('',#10047);
#2483=VERTEX_POINT('',#10064);
#2484=VERTEX_POINT('',#10070);
#2485=VERTEX_POINT('',#10087);
#2486=VERTEX_POINT('',#10093);
#2487=VERTEX_POINT('',#10110);
#2488=VERTEX_POINT('',#10116);
#2489=VERTEX_POINT('',#10133);
#2490=VERTEX_POINT('',#10139);
#2491=VERTEX_POINT('',#10156);
#2492=VERTEX_POINT('',#10162);
#2493=VERTEX_POINT('',#10179);
#2494=VERTEX_POINT('',#10185);
#2495=VERTEX_POINT('',#10202);
#2496=VERTEX_POINT('',#10208);
#2497=VERTEX_POINT('',#10225);
#2498=VERTEX_POINT('',#10231);
#2499=VERTEX_POINT('',#10248);
#2500=VERTEX_POINT('',#10254);
#2501=VERTEX_POINT('',#10271);
#2502=VERTEX_POINT('',#10277);
#2503=VERTEX_POINT('',#10285);
#2504=VERTEX_POINT('',#10287);
#2505=VERTEX_POINT('',#10300);
#2506=VERTEX_POINT('',#10306);
#2507=VERTEX_POINT('',#10323);
#2508=VERTEX_POINT('',#10329);
#2509=VERTEX_POINT('',#10346);
#2510=VERTEX_POINT('',#10352);
#2511=VERTEX_POINT('',#10369);
#2512=VERTEX_POINT('',#10375);
#2513=VERTEX_POINT('',#10392);
#2514=VERTEX_POINT('',#10398);
#2515=VERTEX_POINT('',#10415);
#2516=VERTEX_POINT('',#10421);
#2517=VERTEX_POINT('',#10429);
#2518=VERTEX_POINT('',#10431);
#2519=VERTEX_POINT('',#10444);
#2520=VERTEX_POINT('',#10450);
#2521=VERTEX_POINT('',#10467);
#2522=VERTEX_POINT('',#10473);
#2523=VERTEX_POINT('',#10490);
#2524=VERTEX_POINT('',#10496);
#2525=VERTEX_POINT('',#10513);
#2526=VERTEX_POINT('',#10519);
#2527=VERTEX_POINT('',#10536);
#2528=VERTEX_POINT('',#10542);
#2529=VERTEX_POINT('',#10559);
#2530=VERTEX_POINT('',#10565);
#2531=VERTEX_POINT('',#10582);
#2532=VERTEX_POINT('',#10588);
#2533=VERTEX_POINT('',#10596);
#2534=VERTEX_POINT('',#10598);
#2535=VERTEX_POINT('',#10632);
#2536=VERTEX_POINT('',#10633);
#2537=VERTEX_POINT('',#10639);
#2538=VERTEX_POINT('',#10641);
#2539=VERTEX_POINT('',#10658);
#2540=VERTEX_POINT('',#10664);
#2541=VERTEX_POINT('',#10681);
#2542=VERTEX_POINT('',#10687);
#2543=VERTEX_POINT('',#10704);
#2544=VERTEX_POINT('',#10710);
#2545=VERTEX_POINT('',#10727);
#2546=VERTEX_POINT('',#10733);
#2547=VERTEX_POINT('',#10741);
#2548=VERTEX_POINT('',#10743);
#2549=VERTEX_POINT('',#10747);
#2550=VERTEX_POINT('',#10749);
#2551=VERTEX_POINT('',#10753);
#2552=VERTEX_POINT('',#10755);
#2553=VERTEX_POINT('',#10759);
#2554=VERTEX_POINT('',#10761);
#2555=VERTEX_POINT('',#10765);
#2556=VERTEX_POINT('',#10767);
#2557=VERTEX_POINT('',#10780);
#2558=VERTEX_POINT('',#10786);
#2559=VERTEX_POINT('',#10803);
#2560=VERTEX_POINT('',#10809);
#2561=VERTEX_POINT('',#10826);
#2562=VERTEX_POINT('',#10832);
#2563=VERTEX_POINT('',#10849);
#2564=VERTEX_POINT('',#10855);
#2565=VERTEX_POINT('',#10872);
#2566=VERTEX_POINT('',#10878);
#2567=VERTEX_POINT('',#10895);
#2568=VERTEX_POINT('',#10901);
#2569=VERTEX_POINT('',#10909);
#2570=VERTEX_POINT('',#10911);
#2571=VERTEX_POINT('',#10915);
#2572=VERTEX_POINT('',#10917);
#2573=VERTEX_POINT('',#10925);
#2574=VERTEX_POINT('',#10926);
#2575=VERTEX_POINT('',#10928);
#2576=VERTEX_POINT('',#10930);
#2577=VERTEX_POINT('',#10934);
#2578=VERTEX_POINT('',#10936);
#2579=VERTEX_POINT('',#10940);
#2580=VERTEX_POINT('',#10942);
#2581=VERTEX_POINT('',#10959);
#2582=VERTEX_POINT('',#10960);
#2583=VERTEX_POINT('',#10966);
#2584=VERTEX_POINT('',#10968);
#2585=VERTEX_POINT('',#10985);
#2586=VERTEX_POINT('',#10991);
#2587=VERTEX_POINT('',#11008);
#2588=VERTEX_POINT('',#11014);
#2589=VERTEX_POINT('',#11031);
#2590=VERTEX_POINT('',#11037);
#2591=VERTEX_POINT('',#11054);
#2592=VERTEX_POINT('',#11060);
#2593=VERTEX_POINT('',#11077);
#2594=VERTEX_POINT('',#11083);
#2595=VERTEX_POINT('',#11091);
#2596=VERTEX_POINT('',#11093);
#2597=VERTEX_POINT('',#11097);
#2598=VERTEX_POINT('',#11099);
#2599=VERTEX_POINT('',#11115);
#2600=VERTEX_POINT('',#11116);
#2601=VERTEX_POINT('',#11122);
#2602=VERTEX_POINT('',#11124);
#2603=VERTEX_POINT('',#11141);
#2604=VERTEX_POINT('',#11147);
#2605=VERTEX_POINT('',#11164);
#2606=VERTEX_POINT('',#11170);
#2607=VERTEX_POINT('',#11187);
#2608=VERTEX_POINT('',#11193);
#2609=VERTEX_POINT('',#11210);
#2610=VERTEX_POINT('',#11216);
#2611=VERTEX_POINT('',#11233);
#2612=VERTEX_POINT('',#11239);
#2613=VERTEX_POINT('',#11247);
#2614=VERTEX_POINT('',#11249);
#2615=VERTEX_POINT('',#11253);
#2616=VERTEX_POINT('',#11255);
#2617=VERTEX_POINT('',#11262);
#2618=VERTEX_POINT('',#11263);
#2619=VERTEX_POINT('',#11265);
#2620=VERTEX_POINT('',#11267);
#2621=VERTEX_POINT('',#11280);
#2622=VERTEX_POINT('',#11286);
#2623=VERTEX_POINT('',#11303);
#2624=VERTEX_POINT('',#11309);
#2625=VERTEX_POINT('',#11326);
#2626=VERTEX_POINT('',#11332);
#2627=VERTEX_POINT('',#11349);
#2628=VERTEX_POINT('',#11355);
#2629=VERTEX_POINT('',#11372);
#2630=VERTEX_POINT('',#11378);
#2631=VERTEX_POINT('',#11395);
#2632=VERTEX_POINT('',#11401);
#2633=VERTEX_POINT('',#11418);
#2634=VERTEX_POINT('',#11424);
#2635=VERTEX_POINT('',#11441);
#2636=VERTEX_POINT('',#11447);
#2637=VERTEX_POINT('',#11464);
#2638=VERTEX_POINT('',#11470);
#2639=VERTEX_POINT('',#11487);
#2640=VERTEX_POINT('',#11493);
#2641=VERTEX_POINT('',#11510);
#2642=VERTEX_POINT('',#11516);
#2643=VERTEX_POINT('',#11533);
#2644=VERTEX_POINT('',#11539);
#2645=VERTEX_POINT('',#11547);
#2646=VERTEX_POINT('',#11549);
#2647=VERTEX_POINT('',#11557);
#2648=VERTEX_POINT('',#11558);
#2649=VERTEX_POINT('',#11560);
#2650=VERTEX_POINT('',#11562);
#2651=VERTEX_POINT('',#11572);
#2652=VERTEX_POINT('',#11574);
#2653=VERTEX_POINT('',#11579);
#2654=VERTEX_POINT('',#11581);
#2655=VERTEX_POINT('',#11586);
#2656=VERTEX_POINT('',#11588);
#2657=VERTEX_POINT('',#11593);
#2658=VERTEX_POINT('',#11595);
#2659=VERTEX_POINT('',#11597);
#2660=VERTEX_POINT('',#11599);
#2661=VERTEX_POINT('',#11606);
#2662=VERTEX_POINT('',#11608);
#2663=VERTEX_POINT('',#11610);
#2664=VERTEX_POINT('',#11612);
#2665=VERTEX_POINT('',#11619);
#2666=VERTEX_POINT('',#11620);
#2667=VERTEX_POINT('',#11622);
#2668=VERTEX_POINT('',#11627);
#2669=VERTEX_POINT('',#11629);
#2670=VERTEX_POINT('',#11638);
#2671=EDGE_CURVE('',#2103,#2104,#1713,.T.);
#2672=EDGE_CURVE('',#2103,#2105,#813,.T.);
#2673=EDGE_CURVE('',#2105,#2106,#1714,.T.);
#2674=EDGE_CURVE('',#2104,#2106,#814,.T.);
#2675=EDGE_CURVE('',#2107,#2103,#1715,.T.);
#2676=EDGE_CURVE('',#2107,#2108,#815,.T.);
#2677=EDGE_CURVE('',#2108,#2105,#1716,.T.);
#2678=EDGE_CURVE('',#2109,#2107,#1717,.T.);
#2679=EDGE_CURVE('',#2109,#2110,#816,.T.);
#2680=EDGE_CURVE('',#2110,#2108,#1718,.T.);
#2681=EDGE_CURVE('',#2111,#2109,#1719,.T.);
#2682=EDGE_CURVE('',#2111,#2112,#817,.T.);
#2683=EDGE_CURVE('',#2112,#2110,#1720,.T.);
#2684=EDGE_CURVE('',#2113,#2111,#1721,.T.);
#2685=EDGE_CURVE('',#2113,#2114,#818,.T.);
#2686=EDGE_CURVE('',#2114,#2112,#1722,.T.);
#2687=EDGE_CURVE('',#2115,#2113,#1723,.T.);
#2688=EDGE_CURVE('',#2115,#2116,#819,.T.);
#2689=EDGE_CURVE('',#2116,#2114,#1724,.T.);
#2690=EDGE_CURVE('',#2117,#2115,#1725,.T.);
#2691=EDGE_CURVE('',#2117,#2118,#820,.T.);
#2692=EDGE_CURVE('',#2118,#2116,#1726,.T.);
#2693=EDGE_CURVE('',#2119,#2117,#1727,.T.);
#2694=EDGE_CURVE('',#2119,#2120,#821,.T.);
#2695=EDGE_CURVE('',#2120,#2118,#1728,.T.);
#2696=EDGE_CURVE('',#2104,#2119,#822,.T.);
#2697=EDGE_CURVE('',#2106,#2120,#823,.T.);
#2698=EDGE_CURVE('',#2121,#2122,#1729,.T.);
#2699=EDGE_CURVE('',#2121,#2123,#824,.T.);
#2700=EDGE_CURVE('',#2123,#2124,#1730,.T.);
#2701=EDGE_CURVE('',#2122,#2124,#825,.T.);
#2702=EDGE_CURVE('',#2125,#2121,#1731,.T.);
#2703=EDGE_CURVE('',#2125,#2126,#826,.T.);
#2704=EDGE_CURVE('',#2126,#2123,#1732,.T.);
#2705=EDGE_CURVE('',#2127,#2125,#1733,.T.);
#2706=EDGE_CURVE('',#2127,#2128,#827,.T.);
#2707=EDGE_CURVE('',#2128,#2126,#1734,.T.);
#2708=EDGE_CURVE('',#2129,#2127,#828,.T.);
#2709=EDGE_CURVE('',#2129,#2130,#829,.T.);
#2710=EDGE_CURVE('',#2130,#2128,#830,.T.);
#2711=EDGE_CURVE('',#2131,#2129,#1735,.T.);
#2712=EDGE_CURVE('',#2131,#2132,#831,.T.);
#2713=EDGE_CURVE('',#2132,#2130,#1736,.T.);
#2714=EDGE_CURVE('',#2133,#2131,#1737,.T.);
#2715=EDGE_CURVE('',#2133,#2134,#832,.T.);
#2716=EDGE_CURVE('',#2134,#2132,#1738,.T.);
#2717=EDGE_CURVE('',#2135,#2133,#1739,.T.);
#2718=EDGE_CURVE('',#2135,#2136,#833,.T.);
#2719=EDGE_CURVE('',#2136,#2134,#1740,.T.);
#2720=EDGE_CURVE('',#2137,#2135,#1741,.T.);
#2721=EDGE_CURVE('',#2137,#2138,#834,.T.);
#2722=EDGE_CURVE('',#2138,#2136,#1742,.T.);
#2723=EDGE_CURVE('',#2139,#2137,#1743,.T.);
#2724=EDGE_CURVE('',#2139,#2140,#835,.T.);
#2725=EDGE_CURVE('',#2140,#2138,#1744,.T.);
#2726=EDGE_CURVE('',#2141,#2139,#1745,.T.);
#2727=EDGE_CURVE('',#2141,#2142,#836,.T.);
#2728=EDGE_CURVE('',#2142,#2140,#1746,.T.);
#2729=EDGE_CURVE('',#2143,#2141,#1747,.T.);
#2730=EDGE_CURVE('',#2143,#2144,#837,.T.);
#2731=EDGE_CURVE('',#2144,#2142,#1748,.T.);
#2732=EDGE_CURVE('',#2145,#2143,#1749,.T.);
#2733=EDGE_CURVE('',#2145,#2146,#838,.T.);
#2734=EDGE_CURVE('',#2146,#2144,#1750,.T.);
#2735=EDGE_CURVE('',#2147,#2145,#1751,.T.);
#2736=EDGE_CURVE('',#2147,#2148,#839,.T.);
#2737=EDGE_CURVE('',#2148,#2146,#1752,.T.);
#2738=EDGE_CURVE('',#2149,#2147,#1753,.T.);
#2739=EDGE_CURVE('',#2149,#2150,#840,.T.);
#2740=EDGE_CURVE('',#2150,#2148,#1754,.T.);
#2741=EDGE_CURVE('',#2151,#2149,#841,.T.);
#2742=EDGE_CURVE('',#2151,#2152,#842,.T.);
#2743=EDGE_CURVE('',#2152,#2150,#843,.T.);
#2744=EDGE_CURVE('',#2153,#2151,#1755,.T.);
#2745=EDGE_CURVE('',#2153,#2154,#844,.T.);
#2746=EDGE_CURVE('',#2154,#2152,#1756,.T.);
#2747=EDGE_CURVE('',#2155,#2153,#1757,.T.);
#2748=EDGE_CURVE('',#2155,#2156,#845,.T.);
#2749=EDGE_CURVE('',#2156,#2154,#1758,.T.);
#2750=EDGE_CURVE('',#2157,#2155,#846,.T.);
#2751=EDGE_CURVE('',#2157,#2158,#847,.T.);
#2752=EDGE_CURVE('',#2158,#2156,#848,.T.);
#2753=EDGE_CURVE('',#2159,#2157,#1759,.T.);
#2754=EDGE_CURVE('',#2159,#2160,#849,.T.);
#2755=EDGE_CURVE('',#2160,#2158,#1760,.T.);
#2756=EDGE_CURVE('',#2161,#2159,#1761,.T.);
#2757=EDGE_CURVE('',#2161,#2162,#850,.T.);
#2758=EDGE_CURVE('',#2162,#2160,#1762,.T.);
#2759=EDGE_CURVE('',#2163,#2161,#1763,.T.);
#2760=EDGE_CURVE('',#2163,#2164,#851,.T.);
#2761=EDGE_CURVE('',#2164,#2162,#1764,.T.);
#2762=EDGE_CURVE('',#2165,#2163,#1765,.T.);
#2763=EDGE_CURVE('',#2165,#2166,#852,.T.);
#2764=EDGE_CURVE('',#2166,#2164,#1766,.T.);
#2765=EDGE_CURVE('',#2167,#2165,#1767,.T.);
#2766=EDGE_CURVE('',#2167,#2168,#853,.T.);
#2767=EDGE_CURVE('',#2168,#2166,#1768,.T.);
#2768=EDGE_CURVE('',#2169,#2167,#854,.T.);
#2769=EDGE_CURVE('',#2169,#2170,#855,.T.);
#2770=EDGE_CURVE('',#2170,#2168,#856,.T.);
#2771=EDGE_CURVE('',#2122,#2169,#1769,.T.);
#2772=EDGE_CURVE('',#2124,#2170,#1770,.T.);
#2773=EDGE_CURVE('',#2171,#2172,#1771,.T.);
#2774=EDGE_CURVE('',#2171,#2173,#857,.T.);
#2775=EDGE_CURVE('',#2173,#2174,#1772,.T.);
#2776=EDGE_CURVE('',#2172,#2174,#858,.T.);
#2777=EDGE_CURVE('',#2175,#2171,#1773,.T.);
#2778=EDGE_CURVE('',#2175,#2176,#859,.T.);
#2779=EDGE_CURVE('',#2176,#2173,#1774,.T.);
#2780=EDGE_CURVE('',#2177,#2175,#1775,.T.);
#2781=EDGE_CURVE('',#2177,#2178,#860,.T.);
#2782=EDGE_CURVE('',#2178,#2176,#1776,.T.);
#2783=EDGE_CURVE('',#2179,#2177,#1777,.T.);
#2784=EDGE_CURVE('',#2179,#2180,#861,.T.);
#2785=EDGE_CURVE('',#2180,#2178,#1778,.T.);
#2786=EDGE_CURVE('',#2181,#2179,#1779,.T.);
#2787=EDGE_CURVE('',#2181,#2182,#862,.T.);
#2788=EDGE_CURVE('',#2182,#2180,#1780,.T.);
#2789=EDGE_CURVE('',#2183,#2181,#1781,.T.);
#2790=EDGE_CURVE('',#2183,#2184,#863,.T.);
#2791=EDGE_CURVE('',#2184,#2182,#1782,.T.);
#2792=EDGE_CURVE('',#2185,#2183,#1783,.T.);
#2793=EDGE_CURVE('',#2185,#2186,#864,.T.);
#2794=EDGE_CURVE('',#2186,#2184,#1784,.T.);
#2795=EDGE_CURVE('',#2187,#2185,#1785,.T.);
#2796=EDGE_CURVE('',#2187,#2188,#865,.T.);
#2797=EDGE_CURVE('',#2188,#2186,#1786,.T.);
#2798=EDGE_CURVE('',#2172,#2187,#866,.T.);
#2799=EDGE_CURVE('',#2174,#2188,#867,.T.);
#2800=EDGE_CURVE('',#2189,#2190,#1787,.T.);
#2801=EDGE_CURVE('',#2189,#2191,#868,.T.);
#2802=EDGE_CURVE('',#2191,#2192,#1788,.T.);
#2803=EDGE_CURVE('',#2190,#2192,#869,.T.);
#2804=EDGE_CURVE('',#2193,#2189,#1789,.T.);
#2805=EDGE_CURVE('',#2193,#2194,#870,.T.);
#2806=EDGE_CURVE('',#2194,#2191,#1790,.T.);
#2807=EDGE_CURVE('',#2195,#2193,#1791,.T.);
#2808=EDGE_CURVE('',#2195,#2196,#871,.T.);
#2809=EDGE_CURVE('',#2196,#2194,#1792,.T.);
#2810=EDGE_CURVE('',#2197,#2195,#872,.T.);
#2811=EDGE_CURVE('',#2197,#2198,#873,.T.);
#2812=EDGE_CURVE('',#2198,#2196,#874,.T.);
#2813=EDGE_CURVE('',#2199,#2197,#1793,.T.);
#2814=EDGE_CURVE('',#2199,#2200,#875,.T.);
#2815=EDGE_CURVE('',#2200,#2198,#1794,.T.);
#2816=EDGE_CURVE('',#2201,#2199,#1795,.T.);
#2817=EDGE_CURVE('',#2201,#2202,#876,.T.);
#2818=EDGE_CURVE('',#2202,#2200,#1796,.T.);
#2819=EDGE_CURVE('',#2203,#2201,#1797,.T.);
#2820=EDGE_CURVE('',#2203,#2204,#877,.T.);
#2821=EDGE_CURVE('',#2204,#2202,#1798,.T.);
#2822=EDGE_CURVE('',#2205,#2203,#1799,.T.);
#2823=EDGE_CURVE('',#2205,#2206,#878,.T.);
#2824=EDGE_CURVE('',#2206,#2204,#1800,.T.);
#2825=EDGE_CURVE('',#2207,#2205,#1801,.T.);
#2826=EDGE_CURVE('',#2207,#2208,#879,.T.);
#2827=EDGE_CURVE('',#2208,#2206,#1802,.T.);
#2828=EDGE_CURVE('',#2209,#2207,#1803,.T.);
#2829=EDGE_CURVE('',#2209,#2210,#880,.T.);
#2830=EDGE_CURVE('',#2210,#2208,#1804,.T.);
#2831=EDGE_CURVE('',#2211,#2209,#1805,.T.);
#2832=EDGE_CURVE('',#2211,#2212,#881,.T.);
#2833=EDGE_CURVE('',#2212,#2210,#1806,.T.);
#2834=EDGE_CURVE('',#2213,#2211,#1807,.T.);
#2835=EDGE_CURVE('',#2213,#2214,#882,.T.);
#2836=EDGE_CURVE('',#2214,#2212,#1808,.T.);
#2837=EDGE_CURVE('',#2215,#2213,#1809,.T.);
#2838=EDGE_CURVE('',#2215,#2216,#883,.T.);
#2839=EDGE_CURVE('',#2216,#2214,#1810,.T.);
#2840=EDGE_CURVE('',#2217,#2215,#1811,.T.);
#2841=EDGE_CURVE('',#2217,#2218,#884,.T.);
#2842=EDGE_CURVE('',#2218,#2216,#1812,.T.);
#2843=EDGE_CURVE('',#2219,#2217,#885,.T.);
#2844=EDGE_CURVE('',#2219,#2220,#886,.T.);
#2845=EDGE_CURVE('',#2220,#2218,#887,.T.);
#2846=EDGE_CURVE('',#2221,#2219,#1813,.T.);
#2847=EDGE_CURVE('',#2221,#2222,#888,.T.);
#2848=EDGE_CURVE('',#2222,#2220,#1814,.T.);
#2849=EDGE_CURVE('',#2223,#2221,#1815,.T.);
#2850=EDGE_CURVE('',#2223,#2224,#889,.T.);
#2851=EDGE_CURVE('',#2224,#2222,#1816,.T.);
#2852=EDGE_CURVE('',#2225,#2223,#890,.T.);
#2853=EDGE_CURVE('',#2225,#2226,#891,.T.);
#2854=EDGE_CURVE('',#2226,#2224,#892,.T.);
#2855=EDGE_CURVE('',#2227,#2225,#1817,.T.);
#2856=EDGE_CURVE('',#2227,#2228,#893,.T.);
#2857=EDGE_CURVE('',#2228,#2226,#1818,.T.);
#2858=EDGE_CURVE('',#2229,#2227,#1819,.T.);
#2859=EDGE_CURVE('',#2229,#2230,#894,.T.);
#2860=EDGE_CURVE('',#2230,#2228,#1820,.T.);
#2861=EDGE_CURVE('',#2231,#2229,#1821,.T.);
#2862=EDGE_CURVE('',#2231,#2232,#895,.T.);
#2863=EDGE_CURVE('',#2232,#2230,#1822,.T.);
#2864=EDGE_CURVE('',#2233,#2231,#1823,.T.);
#2865=EDGE_CURVE('',#2233,#2234,#896,.T.);
#2866=EDGE_CURVE('',#2234,#2232,#1824,.T.);
#2867=EDGE_CURVE('',#2235,#2233,#1825,.T.);
#2868=EDGE_CURVE('',#2235,#2236,#897,.T.);
#2869=EDGE_CURVE('',#2236,#2234,#1826,.T.);
#2870=EDGE_CURVE('',#2237,#2235,#898,.T.);
#2871=EDGE_CURVE('',#2237,#2238,#899,.T.);
#2872=EDGE_CURVE('',#2238,#2236,#900,.T.);
#2873=EDGE_CURVE('',#2190,#2237,#1827,.T.);
#2874=EDGE_CURVE('',#2192,#2238,#1828,.T.);
#2875=EDGE_CURVE('',#2239,#2240,#1829,.T.);
#2876=EDGE_CURVE('',#2239,#2241,#901,.T.);
#2877=EDGE_CURVE('',#2241,#2242,#1830,.T.);
#2878=EDGE_CURVE('',#2240,#2242,#902,.T.);
#2879=EDGE_CURVE('',#2243,#2239,#1831,.T.);
#2880=EDGE_CURVE('',#2243,#2244,#903,.T.);
#2881=EDGE_CURVE('',#2244,#2241,#1832,.T.);
#2882=EDGE_CURVE('',#2245,#2243,#1833,.T.);
#2883=EDGE_CURVE('',#2245,#2246,#904,.T.);
#2884=EDGE_CURVE('',#2246,#2244,#1834,.T.);
#2885=EDGE_CURVE('',#2247,#2245,#1835,.T.);
#2886=EDGE_CURVE('',#2247,#2248,#905,.T.);
#2887=EDGE_CURVE('',#2248,#2246,#1836,.T.);
#2888=EDGE_CURVE('',#2249,#2247,#1837,.T.);
#2889=EDGE_CURVE('',#2249,#2250,#906,.T.);
#2890=EDGE_CURVE('',#2250,#2248,#1838,.T.);
#2891=EDGE_CURVE('',#2251,#2249,#1839,.T.);
#2892=EDGE_CURVE('',#2251,#2252,#907,.T.);
#2893=EDGE_CURVE('',#2252,#2250,#1840,.T.);
#2894=EDGE_CURVE('',#2253,#2251,#1841,.T.);
#2895=EDGE_CURVE('',#2253,#2254,#908,.T.);
#2896=EDGE_CURVE('',#2254,#2252,#1842,.T.);
#2897=EDGE_CURVE('',#2255,#2253,#909,.T.);
#2898=EDGE_CURVE('',#2255,#2256,#910,.T.);
#2899=EDGE_CURVE('',#2256,#2254,#911,.T.);
#2900=EDGE_CURVE('',#2257,#2255,#1843,.T.);
#2901=EDGE_CURVE('',#2257,#2258,#912,.T.);
#2902=EDGE_CURVE('',#2258,#2256,#1844,.T.);
#2903=EDGE_CURVE('',#2259,#2257,#1845,.T.);
#2904=EDGE_CURVE('',#2259,#2260,#913,.T.);
#2905=EDGE_CURVE('',#2260,#2258,#1846,.T.);
#2906=EDGE_CURVE('',#2261,#2259,#1847,.T.);
#2907=EDGE_CURVE('',#2261,#2262,#914,.T.);
#2908=EDGE_CURVE('',#2262,#2260,#1848,.T.);
#2909=EDGE_CURVE('',#2263,#2261,#1849,.T.);
#2910=EDGE_CURVE('',#2263,#2264,#915,.T.);
#2911=EDGE_CURVE('',#2264,#2262,#1850,.T.);
#2912=EDGE_CURVE('',#2265,#2263,#1851,.T.);
#2913=EDGE_CURVE('',#2265,#2266,#916,.T.);
#2914=EDGE_CURVE('',#2266,#2264,#1852,.T.);
#2915=EDGE_CURVE('',#2267,#2265,#1853,.T.);
#2916=EDGE_CURVE('',#2267,#2268,#917,.T.);
#2917=EDGE_CURVE('',#2268,#2266,#1854,.T.);
#2918=EDGE_CURVE('',#2269,#2267,#1855,.T.);
#2919=EDGE_CURVE('',#2269,#2270,#918,.T.);
#2920=EDGE_CURVE('',#2270,#2268,#1856,.T.);
#2921=EDGE_CURVE('',#2271,#2269,#1857,.T.);
#2922=EDGE_CURVE('',#2271,#2272,#919,.T.);
#2923=EDGE_CURVE('',#2272,#2270,#1858,.T.);
#2924=EDGE_CURVE('',#2273,#2271,#920,.T.);
#2925=EDGE_CURVE('',#2273,#2274,#921,.T.);
#2926=EDGE_CURVE('',#2274,#2272,#922,.T.);
#2927=EDGE_CURVE('',#2240,#2273,#1859,.T.);
#2928=EDGE_CURVE('',#2242,#2274,#1860,.T.);
#2929=EDGE_CURVE('',#2275,#2276,#1861,.T.);
#2930=EDGE_CURVE('',#2275,#2277,#923,.T.);
#2931=EDGE_CURVE('',#2277,#2278,#1862,.T.);
#2932=EDGE_CURVE('',#2276,#2278,#924,.T.);
#2933=EDGE_CURVE('',#2279,#2275,#1863,.T.);
#2934=EDGE_CURVE('',#2279,#2280,#925,.T.);
#2935=EDGE_CURVE('',#2280,#2277,#1864,.T.);
#2936=EDGE_CURVE('',#2281,#2279,#1865,.T.);
#2937=EDGE_CURVE('',#2281,#2282,#926,.T.);
#2938=EDGE_CURVE('',#2282,#2280,#1866,.T.);
#2939=EDGE_CURVE('',#2283,#2281,#1867,.T.);
#2940=EDGE_CURVE('',#2283,#2284,#927,.T.);
#2941=EDGE_CURVE('',#2284,#2282,#1868,.T.);
#2942=EDGE_CURVE('',#2276,#2283,#928,.T.);
#2943=EDGE_CURVE('',#2278,#2284,#929,.T.);
#2944=EDGE_CURVE('',#2285,#2286,#1869,.T.);
#2945=EDGE_CURVE('',#2285,#2287,#930,.T.);
#2946=EDGE_CURVE('',#2287,#2288,#1870,.T.);
#2947=EDGE_CURVE('',#2286,#2288,#931,.T.);
#2948=EDGE_CURVE('',#2289,#2285,#1871,.T.);
#2949=EDGE_CURVE('',#2289,#2290,#932,.T.);
#2950=EDGE_CURVE('',#2290,#2287,#1872,.T.);
#2951=EDGE_CURVE('',#2291,#2289,#1873,.T.);
#2952=EDGE_CURVE('',#2291,#2292,#933,.T.);
#2953=EDGE_CURVE('',#2292,#2290,#1874,.T.);
#2954=EDGE_CURVE('',#2293,#2291,#934,.T.);
#2955=EDGE_CURVE('',#2293,#2294,#935,.T.);
#2956=EDGE_CURVE('',#2294,#2292,#936,.T.);
#2957=EDGE_CURVE('',#2295,#2293,#1875,.T.);
#2958=EDGE_CURVE('',#2295,#2296,#937,.T.);
#2959=EDGE_CURVE('',#2296,#2294,#1876,.T.);
#2960=EDGE_CURVE('',#2297,#2295,#1877,.T.);
#2961=EDGE_CURVE('',#2297,#2298,#938,.T.);
#2962=EDGE_CURVE('',#2298,#2296,#1878,.T.);
#2963=EDGE_CURVE('',#2299,#2297,#1879,.T.);
#2964=EDGE_CURVE('',#2299,#2300,#939,.T.);
#2965=EDGE_CURVE('',#2300,#2298,#1880,.T.);
#2966=EDGE_CURVE('',#2301,#2299,#1881,.T.);
#2967=EDGE_CURVE('',#2301,#2302,#940,.T.);
#2968=EDGE_CURVE('',#2302,#2300,#1882,.T.);
#2969=EDGE_CURVE('',#2303,#2301,#1883,.T.);
#2970=EDGE_CURVE('',#2303,#2304,#941,.T.);
#2971=EDGE_CURVE('',#2304,#2302,#1884,.T.);
#2972=EDGE_CURVE('',#2305,#2303,#1885,.T.);
#2973=EDGE_CURVE('',#2305,#2306,#942,.T.);
#2974=EDGE_CURVE('',#2306,#2304,#1886,.T.);
#2975=EDGE_CURVE('',#2307,#2305,#1887,.T.);
#2976=EDGE_CURVE('',#2307,#2308,#943,.T.);
#2977=EDGE_CURVE('',#2308,#2306,#1888,.T.);
#2978=EDGE_CURVE('',#2309,#2307,#1889,.T.);
#2979=EDGE_CURVE('',#2309,#2310,#944,.T.);
#2980=EDGE_CURVE('',#2310,#2308,#1890,.T.);
#2981=EDGE_CURVE('',#2311,#2309,#945,.T.);
#2982=EDGE_CURVE('',#2311,#2312,#946,.T.);
#2983=EDGE_CURVE('',#2312,#2310,#947,.T.);
#2984=EDGE_CURVE('',#2286,#2311,#1891,.T.);
#2985=EDGE_CURVE('',#2288,#2312,#1892,.T.);
#2986=EDGE_CURVE('',#2313,#2314,#948,.T.);
#2987=EDGE_CURVE('',#2313,#2315,#949,.T.);
#2988=EDGE_CURVE('',#2315,#2316,#950,.T.);
#2989=EDGE_CURVE('',#2314,#2316,#951,.T.);
#2990=EDGE_CURVE('',#2317,#2313,#952,.T.);
#2991=EDGE_CURVE('',#2317,#2318,#953,.T.);
#2992=EDGE_CURVE('',#2318,#2315,#954,.T.);
#2993=EDGE_CURVE('',#2319,#2317,#955,.T.);
#2994=EDGE_CURVE('',#2319,#2320,#956,.T.);
#2995=EDGE_CURVE('',#2320,#2318,#957,.T.);
#2996=EDGE_CURVE('',#2321,#2319,#958,.T.);
#2997=EDGE_CURVE('',#2321,#2322,#959,.T.);
#2998=EDGE_CURVE('',#2322,#2320,#960,.T.);
#2999=EDGE_CURVE('',#2323,#2321,#961,.T.);
#3000=EDGE_CURVE('',#2323,#2324,#962,.T.);
#3001=EDGE_CURVE('',#2324,#2322,#963,.T.);
#3002=EDGE_CURVE('',#2325,#2323,#964,.T.);
#3003=EDGE_CURVE('',#2325,#2326,#965,.T.);
#3004=EDGE_CURVE('',#2326,#2324,#966,.T.);
#3005=EDGE_CURVE('',#2327,#2325,#967,.T.);
#3006=EDGE_CURVE('',#2327,#2328,#968,.T.);
#3007=EDGE_CURVE('',#2328,#2326,#969,.T.);
#3008=EDGE_CURVE('',#2329,#2327,#970,.T.);
#3009=EDGE_CURVE('',#2329,#2330,#971,.T.);
#3010=EDGE_CURVE('',#2330,#2328,#972,.T.);
#3011=EDGE_CURVE('',#2331,#2329,#973,.T.);
#3012=EDGE_CURVE('',#2331,#2332,#974,.T.);
#3013=EDGE_CURVE('',#2332,#2330,#975,.T.);
#3014=EDGE_CURVE('',#2333,#2331,#976,.T.);
#3015=EDGE_CURVE('',#2333,#2334,#977,.T.);
#3016=EDGE_CURVE('',#2334,#2332,#978,.T.);
#3017=EDGE_CURVE('',#2335,#2333,#979,.T.);
#3018=EDGE_CURVE('',#2335,#2336,#980,.T.);
#3019=EDGE_CURVE('',#2336,#2334,#981,.T.);
#3020=EDGE_CURVE('',#2314,#2335,#982,.T.);
#3021=EDGE_CURVE('',#2316,#2336,#983,.T.);
#3022=EDGE_CURVE('',#2337,#2338,#1893,.T.);
#3023=EDGE_CURVE('',#2337,#2339,#984,.T.);
#3024=EDGE_CURVE('',#2339,#2340,#1894,.T.);
#3025=EDGE_CURVE('',#2338,#2340,#985,.T.);
#3026=EDGE_CURVE('',#2341,#2337,#1895,.T.);
#3027=EDGE_CURVE('',#2341,#2342,#986,.T.);
#3028=EDGE_CURVE('',#2342,#2339,#1896,.T.);
#3029=EDGE_CURVE('',#2343,#2341,#1897,.T.);
#3030=EDGE_CURVE('',#2343,#2344,#987,.T.);
#3031=EDGE_CURVE('',#2344,#2342,#1898,.T.);
#3032=EDGE_CURVE('',#2345,#2343,#1899,.T.);
#3033=EDGE_CURVE('',#2345,#2346,#988,.T.);
#3034=EDGE_CURVE('',#2346,#2344,#1900,.T.);
#3035=EDGE_CURVE('',#2347,#2345,#1901,.T.);
#3036=EDGE_CURVE('',#2347,#2348,#989,.T.);
#3037=EDGE_CURVE('',#2348,#2346,#1902,.T.);
#3038=EDGE_CURVE('',#2349,#2347,#1903,.T.);
#3039=EDGE_CURVE('',#2349,#2350,#990,.T.);
#3040=EDGE_CURVE('',#2350,#2348,#1904,.T.);
#3041=EDGE_CURVE('',#2351,#2349,#1905,.T.);
#3042=EDGE_CURVE('',#2351,#2352,#991,.T.);
#3043=EDGE_CURVE('',#2352,#2350,#1906,.T.);
#3044=EDGE_CURVE('',#2353,#2351,#1907,.T.);
#3045=EDGE_CURVE('',#2353,#2354,#992,.T.);
#3046=EDGE_CURVE('',#2354,#2352,#1908,.T.);
#3047=EDGE_CURVE('',#2355,#2353,#1909,.T.);
#3048=EDGE_CURVE('',#2355,#2356,#993,.T.);
#3049=EDGE_CURVE('',#2356,#2354,#1910,.T.);
#3050=EDGE_CURVE('',#2357,#2355,#1911,.T.);
#3051=EDGE_CURVE('',#2357,#2358,#994,.T.);
#3052=EDGE_CURVE('',#2358,#2356,#1912,.T.);
#3053=EDGE_CURVE('',#2359,#2357,#1913,.T.);
#3054=EDGE_CURVE('',#2359,#2360,#995,.T.);
#3055=EDGE_CURVE('',#2360,#2358,#1914,.T.);
#3056=EDGE_CURVE('',#2361,#2359,#996,.T.);
#3057=EDGE_CURVE('',#2361,#2362,#997,.T.);
#3058=EDGE_CURVE('',#2362,#2360,#998,.T.);
#3059=EDGE_CURVE('',#2363,#2361,#1915,.T.);
#3060=EDGE_CURVE('',#2363,#2364,#999,.T.);
#3061=EDGE_CURVE('',#2364,#2362,#1916,.T.);
#3062=EDGE_CURVE('',#2365,#2363,#1917,.T.);
#3063=EDGE_CURVE('',#2365,#2366,#1000,.T.);
#3064=EDGE_CURVE('',#2366,#2364,#1918,.T.);
#3065=EDGE_CURVE('',#2367,#2365,#1919,.T.);
#3066=EDGE_CURVE('',#2367,#2368,#1001,.T.);
#3067=EDGE_CURVE('',#2368,#2366,#1920,.T.);
#3068=EDGE_CURVE('',#2369,#2367,#1921,.T.);
#3069=EDGE_CURVE('',#2369,#2370,#1002,.T.);
#3070=EDGE_CURVE('',#2370,#2368,#1922,.T.);
#3071=EDGE_CURVE('',#2371,#2369,#1923,.T.);
#3072=EDGE_CURVE('',#2371,#2372,#1003,.T.);
#3073=EDGE_CURVE('',#2372,#2370,#1924,.T.);
#3074=EDGE_CURVE('',#2373,#2371,#1925,.T.);
#3075=EDGE_CURVE('',#2373,#2374,#1004,.T.);
#3076=EDGE_CURVE('',#2374,#2372,#1926,.T.);
#3077=EDGE_CURVE('',#2375,#2373,#1005,.T.);
#3078=EDGE_CURVE('',#2375,#2376,#1006,.T.);
#3079=EDGE_CURVE('',#2376,#2374,#1007,.T.);
#3080=EDGE_CURVE('',#2377,#2375,#1927,.T.);
#3081=EDGE_CURVE('',#2377,#2378,#1008,.T.);
#3082=EDGE_CURVE('',#2378,#2376,#1928,.T.);
#3083=EDGE_CURVE('',#2379,#2377,#1929,.T.);
#3084=EDGE_CURVE('',#2379,#2380,#1009,.T.);
#3085=EDGE_CURVE('',#2380,#2378,#1930,.T.);
#3086=EDGE_CURVE('',#2381,#2379,#1931,.T.);
#3087=EDGE_CURVE('',#2381,#2382,#1010,.T.);
#3088=EDGE_CURVE('',#2382,#2380,#1932,.T.);
#3089=EDGE_CURVE('',#2383,#2381,#1933,.T.);
#3090=EDGE_CURVE('',#2383,#2384,#1011,.T.);
#3091=EDGE_CURVE('',#2384,#2382,#1934,.T.);
#3092=EDGE_CURVE('',#2385,#2383,#1935,.T.);
#3093=EDGE_CURVE('',#2385,#2386,#1012,.T.);
#3094=EDGE_CURVE('',#2386,#2384,#1936,.T.);
#3095=EDGE_CURVE('',#2387,#2385,#1937,.T.);
#3096=EDGE_CURVE('',#2387,#2388,#1013,.T.);
#3097=EDGE_CURVE('',#2388,#2386,#1938,.T.);
#3098=EDGE_CURVE('',#2389,#2387,#1939,.T.);
#3099=EDGE_CURVE('',#2389,#2390,#1014,.T.);
#3100=EDGE_CURVE('',#2390,#2388,#1940,.T.);
#3101=EDGE_CURVE('',#2391,#2389,#1015,.T.);
#3102=EDGE_CURVE('',#2391,#2392,#1016,.T.);
#3103=EDGE_CURVE('',#2392,#2390,#1017,.T.);
#3104=EDGE_CURVE('',#2338,#2391,#1941,.T.);
#3105=EDGE_CURVE('',#2340,#2392,#1942,.T.);
#3106=EDGE_CURVE('',#2393,#2394,#1943,.T.);
#3107=EDGE_CURVE('',#2393,#2395,#1018,.T.);
#3108=EDGE_CURVE('',#2395,#2396,#1944,.T.);
#3109=EDGE_CURVE('',#2394,#2396,#1019,.T.);
#3110=EDGE_CURVE('',#2397,#2393,#1945,.T.);
#3111=EDGE_CURVE('',#2397,#2398,#1020,.T.);
#3112=EDGE_CURVE('',#2398,#2395,#1946,.T.);
#3113=EDGE_CURVE('',#2399,#2397,#1947,.T.);
#3114=EDGE_CURVE('',#2399,#2400,#1021,.T.);
#3115=EDGE_CURVE('',#2400,#2398,#1948,.T.);
#3116=EDGE_CURVE('',#2401,#2399,#1949,.T.);
#3117=EDGE_CURVE('',#2401,#2402,#1022,.T.);
#3118=EDGE_CURVE('',#2402,#2400,#1950,.T.);
#3119=EDGE_CURVE('',#2403,#2401,#1951,.T.);
#3120=EDGE_CURVE('',#2403,#2404,#1023,.T.);
#3121=EDGE_CURVE('',#2404,#2402,#1952,.T.);
#3122=EDGE_CURVE('',#2405,#2403,#1953,.T.);
#3123=EDGE_CURVE('',#2405,#2406,#1024,.T.);
#3124=EDGE_CURVE('',#2406,#2404,#1954,.T.);
#3125=EDGE_CURVE('',#2407,#2405,#1955,.T.);
#3126=EDGE_CURVE('',#2407,#2408,#1025,.T.);
#3127=EDGE_CURVE('',#2408,#2406,#1956,.T.);
#3128=EDGE_CURVE('',#2409,#2407,#1957,.T.);
#3129=EDGE_CURVE('',#2409,#2410,#1026,.T.);
#3130=EDGE_CURVE('',#2410,#2408,#1958,.T.);
#3131=EDGE_CURVE('',#2411,#2409,#1959,.T.);
#3132=EDGE_CURVE('',#2411,#2412,#1027,.T.);
#3133=EDGE_CURVE('',#2412,#2410,#1960,.T.);
#3134=EDGE_CURVE('',#2413,#2411,#1961,.T.);
#3135=EDGE_CURVE('',#2413,#2414,#1028,.T.);
#3136=EDGE_CURVE('',#2414,#2412,#1962,.T.);
#3137=EDGE_CURVE('',#2415,#2413,#1963,.T.);
#3138=EDGE_CURVE('',#2415,#2416,#1029,.T.);
#3139=EDGE_CURVE('',#2416,#2414,#1964,.T.);
#3140=EDGE_CURVE('',#2394,#2415,#1965,.T.);
#3141=EDGE_CURVE('',#2396,#2416,#1966,.T.);
#3142=EDGE_CURVE('',#2417,#2418,#1967,.T.);
#3143=EDGE_CURVE('',#2417,#2419,#1030,.T.);
#3144=EDGE_CURVE('',#2419,#2420,#1968,.T.);
#3145=EDGE_CURVE('',#2418,#2420,#1031,.T.);
#3146=EDGE_CURVE('',#2421,#2417,#1969,.T.);
#3147=EDGE_CURVE('',#2421,#2422,#1032,.T.);
#3148=EDGE_CURVE('',#2422,#2419,#1970,.T.);
#3149=EDGE_CURVE('',#2423,#2421,#1971,.T.);
#3150=EDGE_CURVE('',#2423,#2424,#1033,.T.);
#3151=EDGE_CURVE('',#2424,#2422,#1972,.T.);
#3152=EDGE_CURVE('',#2425,#2423,#1973,.T.);
#3153=EDGE_CURVE('',#2425,#2426,#1034,.T.);
#3154=EDGE_CURVE('',#2426,#2424,#1974,.T.);
#3155=EDGE_CURVE('',#2427,#2425,#1975,.T.);
#3156=EDGE_CURVE('',#2427,#2428,#1035,.T.);
#3157=EDGE_CURVE('',#2428,#2426,#1976,.T.);
#3158=EDGE_CURVE('',#2429,#2427,#1977,.T.);
#3159=EDGE_CURVE('',#2429,#2430,#1036,.T.);
#3160=EDGE_CURVE('',#2430,#2428,#1978,.T.);
#3161=EDGE_CURVE('',#2431,#2429,#1979,.T.);
#3162=EDGE_CURVE('',#2431,#2432,#1037,.T.);
#3163=EDGE_CURVE('',#2432,#2430,#1980,.T.);
#3164=EDGE_CURVE('',#2418,#2431,#1981,.T.);
#3165=EDGE_CURVE('',#2420,#2432,#1982,.T.);
#3166=EDGE_CURVE('',#2433,#2434,#1038,.T.);
#3167=EDGE_CURVE('',#2433,#2435,#1039,.T.);
#3168=EDGE_CURVE('',#2435,#2436,#1040,.T.);
#3169=EDGE_CURVE('',#2434,#2436,#1041,.T.);
#3170=EDGE_CURVE('',#2437,#2433,#1042,.T.);
#3171=EDGE_CURVE('',#2437,#2438,#1043,.T.);
#3172=EDGE_CURVE('',#2438,#2435,#1044,.T.);
#3173=EDGE_CURVE('',#2434,#2437,#1045,.T.);
#3174=EDGE_CURVE('',#2436,#2438,#1046,.T.);
#3175=EDGE_CURVE('',#2439,#2440,#1047,.T.);
#3176=EDGE_CURVE('',#2439,#2441,#1048,.T.);
#3177=EDGE_CURVE('',#2441,#2442,#1049,.T.);
#3178=EDGE_CURVE('',#2440,#2442,#1050,.T.);
#3179=EDGE_CURVE('',#2443,#2439,#1051,.T.);
#3180=EDGE_CURVE('',#2443,#2444,#1052,.T.);
#3181=EDGE_CURVE('',#2444,#2441,#1053,.T.);
#3182=EDGE_CURVE('',#2445,#2443,#1054,.T.);
#3183=EDGE_CURVE('',#2445,#2446,#1055,.T.);
#3184=EDGE_CURVE('',#2446,#2444,#1056,.T.);
#3185=EDGE_CURVE('',#2447,#2445,#1057,.T.);
#3186=EDGE_CURVE('',#2447,#2448,#1058,.T.);
#3187=EDGE_CURVE('',#2448,#2446,#1059,.T.);
#3188=EDGE_CURVE('',#2449,#2447,#1060,.T.);
#3189=EDGE_CURVE('',#2449,#2450,#1061,.T.);
#3190=EDGE_CURVE('',#2450,#2448,#1062,.T.);
#3191=EDGE_CURVE('',#2451,#2449,#1063,.T.);
#3192=EDGE_CURVE('',#2451,#2452,#1064,.T.);
#3193=EDGE_CURVE('',#2452,#2450,#1065,.T.);
#3194=EDGE_CURVE('',#2453,#2451,#1066,.T.);
#3195=EDGE_CURVE('',#2453,#2454,#1067,.T.);
#3196=EDGE_CURVE('',#2454,#2452,#1068,.T.);
#3197=EDGE_CURVE('',#2440,#2453,#1069,.T.);
#3198=EDGE_CURVE('',#2442,#2454,#1070,.T.);
#3199=EDGE_CURVE('',#2455,#2456,#1071,.T.);
#3200=EDGE_CURVE('',#2455,#2457,#1072,.T.);
#3201=EDGE_CURVE('',#2457,#2458,#1073,.T.);
#3202=EDGE_CURVE('',#2456,#2458,#1074,.T.);
#3203=EDGE_CURVE('',#2459,#2455,#1075,.T.);
#3204=EDGE_CURVE('',#2459,#2460,#1076,.T.);
#3205=EDGE_CURVE('',#2460,#2457,#1077,.T.);
#3206=EDGE_CURVE('',#2461,#2459,#1078,.T.);
#3207=EDGE_CURVE('',#2461,#2462,#1079,.T.);
#3208=EDGE_CURVE('',#2462,#2460,#1080,.T.);
#3209=EDGE_CURVE('',#2463,#2461,#1081,.T.);
#3210=EDGE_CURVE('',#2463,#2464,#1082,.T.);
#3211=EDGE_CURVE('',#2464,#2462,#1083,.T.);
#3212=EDGE_CURVE('',#2465,#2463,#1084,.T.);
#3213=EDGE_CURVE('',#2465,#2466,#1085,.T.);
#3214=EDGE_CURVE('',#2466,#2464,#1086,.T.);
#3215=EDGE_CURVE('',#2467,#2465,#1087,.T.);
#3216=EDGE_CURVE('',#2467,#2468,#1088,.T.);
#3217=EDGE_CURVE('',#2468,#2466,#1089,.T.);
#3218=EDGE_CURVE('',#2469,#2467,#1090,.T.);
#3219=EDGE_CURVE('',#2469,#2470,#1091,.T.);
#3220=EDGE_CURVE('',#2470,#2468,#1092,.T.);
#3221=EDGE_CURVE('',#2471,#2469,#1093,.T.);
#3222=EDGE_CURVE('',#2471,#2472,#1094,.T.);
#3223=EDGE_CURVE('',#2472,#2470,#1095,.T.);
#3224=EDGE_CURVE('',#2473,#2471,#1096,.T.);
#3225=EDGE_CURVE('',#2473,#2474,#1097,.T.);
#3226=EDGE_CURVE('',#2474,#2472,#1098,.T.);
#3227=EDGE_CURVE('',#2475,#2473,#1099,.T.);
#3228=EDGE_CURVE('',#2475,#2476,#1100,.T.);
#3229=EDGE_CURVE('',#2476,#2474,#1101,.T.);
#3230=EDGE_CURVE('',#2477,#2475,#1102,.T.);
#3231=EDGE_CURVE('',#2477,#2478,#1103,.T.);
#3232=EDGE_CURVE('',#2478,#2476,#1104,.T.);
#3233=EDGE_CURVE('',#2456,#2477,#1105,.T.);
#3234=EDGE_CURVE('',#2458,#2478,#1106,.T.);
#3235=EDGE_CURVE('',#2479,#2480,#1983,.T.);
#3236=EDGE_CURVE('',#2479,#2481,#1107,.T.);
#3237=EDGE_CURVE('',#2481,#2482,#1984,.T.);
#3238=EDGE_CURVE('',#2480,#2482,#1108,.T.);
#3239=EDGE_CURVE('',#2483,#2479,#1985,.T.);
#3240=EDGE_CURVE('',#2483,#2484,#1109,.T.);
#3241=EDGE_CURVE('',#2484,#2481,#1986,.T.);
#3242=EDGE_CURVE('',#2485,#2483,#1987,.T.);
#3243=EDGE_CURVE('',#2485,#2486,#1110,.T.);
#3244=EDGE_CURVE('',#2486,#2484,#1988,.T.);
#3245=EDGE_CURVE('',#2487,#2485,#1989,.T.);
#3246=EDGE_CURVE('',#2487,#2488,#1111,.T.);
#3247=EDGE_CURVE('',#2488,#2486,#1990,.T.);
#3248=EDGE_CURVE('',#2489,#2487,#1991,.T.);
#3249=EDGE_CURVE('',#2489,#2490,#1112,.T.);
#3250=EDGE_CURVE('',#2490,#2488,#1992,.T.);
#3251=EDGE_CURVE('',#2491,#2489,#1993,.T.);
#3252=EDGE_CURVE('',#2491,#2492,#1113,.T.);
#3253=EDGE_CURVE('',#2492,#2490,#1994,.T.);
#3254=EDGE_CURVE('',#2493,#2491,#1995,.T.);
#3255=EDGE_CURVE('',#2493,#2494,#1114,.T.);
#3256=EDGE_CURVE('',#2494,#2492,#1996,.T.);
#3257=EDGE_CURVE('',#2495,#2493,#1997,.T.);
#3258=EDGE_CURVE('',#2495,#2496,#1115,.T.);
#3259=EDGE_CURVE('',#2496,#2494,#1998,.T.);
#3260=EDGE_CURVE('',#2497,#2495,#1999,.T.);
#3261=EDGE_CURVE('',#2497,#2498,#1116,.T.);
#3262=EDGE_CURVE('',#2498,#2496,#2000,.T.);
#3263=EDGE_CURVE('',#2499,#2497,#2001,.T.);
#3264=EDGE_CURVE('',#2499,#2500,#1117,.T.);
#3265=EDGE_CURVE('',#2500,#2498,#2002,.T.);
#3266=EDGE_CURVE('',#2501,#2499,#2003,.T.);
#3267=EDGE_CURVE('',#2501,#2502,#1118,.T.);
#3268=EDGE_CURVE('',#2502,#2500,#2004,.T.);
#3269=EDGE_CURVE('',#2503,#2501,#1119,.T.);
#3270=EDGE_CURVE('',#2503,#2504,#1120,.T.);
#3271=EDGE_CURVE('',#2504,#2502,#1121,.T.);
#3272=EDGE_CURVE('',#2505,#2503,#2005,.T.);
#3273=EDGE_CURVE('',#2505,#2506,#1122,.T.);
#3274=EDGE_CURVE('',#2506,#2504,#2006,.T.);
#3275=EDGE_CURVE('',#2507,#2505,#2007,.T.);
#3276=EDGE_CURVE('',#2507,#2508,#1123,.T.);
#3277=EDGE_CURVE('',#2508,#2506,#2008,.T.);
#3278=EDGE_CURVE('',#2509,#2507,#2009,.T.);
#3279=EDGE_CURVE('',#2509,#2510,#1124,.T.);
#3280=EDGE_CURVE('',#2510,#2508,#2010,.T.);
#3281=EDGE_CURVE('',#2511,#2509,#2011,.T.);
#3282=EDGE_CURVE('',#2511,#2512,#1125,.T.);
#3283=EDGE_CURVE('',#2512,#2510,#2012,.T.);
#3284=EDGE_CURVE('',#2513,#2511,#2013,.T.);
#3285=EDGE_CURVE('',#2513,#2514,#1126,.T.);
#3286=EDGE_CURVE('',#2514,#2512,#2014,.T.);
#3287=EDGE_CURVE('',#2515,#2513,#2015,.T.);
#3288=EDGE_CURVE('',#2515,#2516,#1127,.T.);
#3289=EDGE_CURVE('',#2516,#2514,#2016,.T.);
#3290=EDGE_CURVE('',#2517,#2515,#1128,.T.);
#3291=EDGE_CURVE('',#2517,#2518,#1129,.T.);
#3292=EDGE_CURVE('',#2518,#2516,#1130,.T.);
#3293=EDGE_CURVE('',#2519,#2517,#2017,.T.);
#3294=EDGE_CURVE('',#2519,#2520,#1131,.T.);
#3295=EDGE_CURVE('',#2520,#2518,#2018,.T.);
#3296=EDGE_CURVE('',#2521,#2519,#2019,.T.);
#3297=EDGE_CURVE('',#2521,#2522,#1132,.T.);
#3298=EDGE_CURVE('',#2522,#2520,#2020,.T.);
#3299=EDGE_CURVE('',#2523,#2521,#2021,.T.);
#3300=EDGE_CURVE('',#2523,#2524,#1133,.T.);
#3301=EDGE_CURVE('',#2524,#2522,#2022,.T.);
#3302=EDGE_CURVE('',#2525,#2523,#2023,.T.);
#3303=EDGE_CURVE('',#2525,#2526,#1134,.T.);
#3304=EDGE_CURVE('',#2526,#2524,#2024,.T.);
#3305=EDGE_CURVE('',#2527,#2525,#2025,.T.);
#3306=EDGE_CURVE('',#2527,#2528,#1135,.T.);
#3307=EDGE_CURVE('',#2528,#2526,#2026,.T.);
#3308=EDGE_CURVE('',#2529,#2527,#2027,.T.);
#3309=EDGE_CURVE('',#2529,#2530,#1136,.T.);
#3310=EDGE_CURVE('',#2530,#2528,#2028,.T.);
#3311=EDGE_CURVE('',#2531,#2529,#2029,.T.);
#3312=EDGE_CURVE('',#2531,#2532,#1137,.T.);
#3313=EDGE_CURVE('',#2532,#2530,#2030,.T.);
#3314=EDGE_CURVE('',#2533,#2531,#1138,.T.);
#3315=EDGE_CURVE('',#2533,#2534,#1139,.T.);
#3316=EDGE_CURVE('',#2534,#2532,#1140,.T.);
#3317=EDGE_CURVE('',#2480,#2533,#2031,.T.);
#3318=EDGE_CURVE('',#2482,#2534,#2032,.T.);
#3319=EDGE_CURVE('',#2535,#2536,#2033,.T.);
#3320=EDGE_CURVE('',#2535,#2537,#1141,.T.);
#3321=EDGE_CURVE('',#2537,#2538,#2034,.T.);
#3322=EDGE_CURVE('',#2536,#2538,#1142,.T.);
#3323=EDGE_CURVE('',#2539,#2535,#2035,.T.);
#3324=EDGE_CURVE('',#2539,#2540,#1143,.T.);
#3325=EDGE_CURVE('',#2540,#2537,#2036,.T.);
#3326=EDGE_CURVE('',#2541,#2539,#2037,.T.);
#3327=EDGE_CURVE('',#2541,#2542,#1144,.T.);
#3328=EDGE_CURVE('',#2542,#2540,#2038,.T.);
#3329=EDGE_CURVE('',#2543,#2541,#2039,.T.);
#3330=EDGE_CURVE('',#2543,#2544,#1145,.T.);
#3331=EDGE_CURVE('',#2544,#2542,#2040,.T.);
#3332=EDGE_CURVE('',#2545,#2543,#2041,.T.);
#3333=EDGE_CURVE('',#2545,#2546,#1146,.T.);
#3334=EDGE_CURVE('',#2546,#2544,#2042,.T.);
#3335=EDGE_CURVE('',#2547,#2545,#1147,.T.);
#3336=EDGE_CURVE('',#2547,#2548,#1148,.T.);
#3337=EDGE_CURVE('',#2548,#2546,#1149,.T.);
#3338=EDGE_CURVE('',#2549,#2547,#1150,.T.);
#3339=EDGE_CURVE('',#2549,#2550,#1151,.T.);
#3340=EDGE_CURVE('',#2550,#2548,#1152,.T.);
#3341=EDGE_CURVE('',#2551,#2549,#1153,.T.);
#3342=EDGE_CURVE('',#2551,#2552,#1154,.T.);
#3343=EDGE_CURVE('',#2552,#2550,#1155,.T.);
#3344=EDGE_CURVE('',#2553,#2551,#1156,.T.);
#3345=EDGE_CURVE('',#2553,#2554,#1157,.T.);
#3346=EDGE_CURVE('',#2554,#2552,#1158,.T.);
#3347=EDGE_CURVE('',#2555,#2553,#1159,.T.);
#3348=EDGE_CURVE('',#2555,#2556,#1160,.T.);
#3349=EDGE_CURVE('',#2556,#2554,#1161,.T.);
#3350=EDGE_CURVE('',#2557,#2555,#2043,.T.);
#3351=EDGE_CURVE('',#2557,#2558,#1162,.T.);
#3352=EDGE_CURVE('',#2558,#2556,#2044,.T.);
#3353=EDGE_CURVE('',#2559,#2557,#2045,.T.);
#3354=EDGE_CURVE('',#2559,#2560,#1163,.T.);
#3355=EDGE_CURVE('',#2560,#2558,#2046,.T.);
#3356=EDGE_CURVE('',#2561,#2559,#2047,.T.);
#3357=EDGE_CURVE('',#2561,#2562,#1164,.T.);
#3358=EDGE_CURVE('',#2562,#2560,#2048,.T.);
#3359=EDGE_CURVE('',#2563,#2561,#2049,.T.);
#3360=EDGE_CURVE('',#2563,#2564,#1165,.T.);
#3361=EDGE_CURVE('',#2564,#2562,#2050,.T.);
#3362=EDGE_CURVE('',#2565,#2563,#2051,.T.);
#3363=EDGE_CURVE('',#2565,#2566,#1166,.T.);
#3364=EDGE_CURVE('',#2566,#2564,#2052,.T.);
#3365=EDGE_CURVE('',#2567,#2565,#2053,.T.);
#3366=EDGE_CURVE('',#2567,#2568,#1167,.T.);
#3367=EDGE_CURVE('',#2568,#2566,#2054,.T.);
#3368=EDGE_CURVE('',#2569,#2567,#1168,.T.);
#3369=EDGE_CURVE('',#2569,#2570,#1169,.T.);
#3370=EDGE_CURVE('',#2570,#2568,#1170,.T.);
#3371=EDGE_CURVE('',#2571,#2569,#1171,.T.);
#3372=EDGE_CURVE('',#2571,#2572,#1172,.T.);
#3373=EDGE_CURVE('',#2572,#2570,#1173,.T.);
#3374=EDGE_CURVE('',#2536,#2571,#1174,.T.);
#3375=EDGE_CURVE('',#2538,#2572,#1175,.T.);
#3376=EDGE_CURVE('',#2573,#2574,#1176,.T.);
#3377=EDGE_CURVE('',#2573,#2575,#1177,.T.);
#3378=EDGE_CURVE('',#2575,#2576,#1178,.T.);
#3379=EDGE_CURVE('',#2574,#2576,#1179,.T.);
#3380=EDGE_CURVE('',#2577,#2573,#1180,.T.);
#3381=EDGE_CURVE('',#2577,#2578,#1181,.T.);
#3382=EDGE_CURVE('',#2578,#2575,#1182,.T.);
#3383=EDGE_CURVE('',#2579,#2577,#1183,.T.);
#3384=EDGE_CURVE('',#2579,#2580,#1184,.T.);
#3385=EDGE_CURVE('',#2580,#2578,#1185,.T.);
#3386=EDGE_CURVE('',#2574,#2579,#1186,.T.);
#3387=EDGE_CURVE('',#2576,#2580,#1187,.T.);
#3388=EDGE_CURVE('',#2581,#2582,#2055,.T.);
#3389=EDGE_CURVE('',#2581,#2583,#1188,.T.);
#3390=EDGE_CURVE('',#2583,#2584,#2056,.T.);
#3391=EDGE_CURVE('',#2582,#2584,#1189,.T.);
#3392=EDGE_CURVE('',#2585,#2581,#2057,.T.);
#3393=EDGE_CURVE('',#2585,#2586,#1190,.T.);
#3394=EDGE_CURVE('',#2586,#2583,#2058,.T.);
#3395=EDGE_CURVE('',#2587,#2585,#2059,.T.);
#3396=EDGE_CURVE('',#2587,#2588,#1191,.T.);
#3397=EDGE_CURVE('',#2588,#2586,#2060,.T.);
#3398=EDGE_CURVE('',#2589,#2587,#2061,.T.);
#3399=EDGE_CURVE('',#2589,#2590,#1192,.T.);
#3400=EDGE_CURVE('',#2590,#2588,#2062,.T.);
#3401=EDGE_CURVE('',#2591,#2589,#2063,.T.);
#3402=EDGE_CURVE('',#2591,#2592,#1193,.T.);
#3403=EDGE_CURVE('',#2592,#2590,#2064,.T.);
#3404=EDGE_CURVE('',#2593,#2591,#2065,.T.);
#3405=EDGE_CURVE('',#2593,#2594,#1194,.T.);
#3406=EDGE_CURVE('',#2594,#2592,#2066,.T.);
#3407=EDGE_CURVE('',#2595,#2593,#1195,.T.);
#3408=EDGE_CURVE('',#2595,#2596,#1196,.T.);
#3409=EDGE_CURVE('',#2596,#2594,#1197,.T.);
#3410=EDGE_CURVE('',#2597,#2595,#1198,.T.);
#3411=EDGE_CURVE('',#2597,#2598,#1199,.T.);
#3412=EDGE_CURVE('',#2598,#2596,#1200,.T.);
#3413=EDGE_CURVE('',#2582,#2597,#1201,.T.);
#3414=EDGE_CURVE('',#2584,#2598,#1202,.T.);
#3415=EDGE_CURVE('',#2599,#2600,#2067,.T.);
#3416=EDGE_CURVE('',#2599,#2601,#1203,.T.);
#3417=EDGE_CURVE('',#2601,#2602,#2068,.T.);
#3418=EDGE_CURVE('',#2600,#2602,#1204,.T.);
#3419=EDGE_CURVE('',#2603,#2599,#2069,.T.);
#3420=EDGE_CURVE('',#2603,#2604,#1205,.T.);
#3421=EDGE_CURVE('',#2604,#2601,#2070,.T.);
#3422=EDGE_CURVE('',#2605,#2603,#2071,.T.);
#3423=EDGE_CURVE('',#2605,#2606,#1206,.T.);
#3424=EDGE_CURVE('',#2606,#2604,#2072,.T.);
#3425=EDGE_CURVE('',#2607,#2605,#2073,.T.);
#3426=EDGE_CURVE('',#2607,#2608,#1207,.T.);
#3427=EDGE_CURVE('',#2608,#2606,#2074,.T.);
#3428=EDGE_CURVE('',#2609,#2607,#2075,.T.);
#3429=EDGE_CURVE('',#2609,#2610,#1208,.T.);
#3430=EDGE_CURVE('',#2610,#2608,#2076,.T.);
#3431=EDGE_CURVE('',#2611,#2609,#2077,.T.);
#3432=EDGE_CURVE('',#2611,#2612,#1209,.T.);
#3433=EDGE_CURVE('',#2612,#2610,#2078,.T.);
#3434=EDGE_CURVE('',#2613,#2611,#1210,.T.);
#3435=EDGE_CURVE('',#2613,#2614,#1211,.T.);
#3436=EDGE_CURVE('',#2614,#2612,#1212,.T.);
#3437=EDGE_CURVE('',#2615,#2613,#1213,.T.);
#3438=EDGE_CURVE('',#2615,#2616,#1214,.T.);
#3439=EDGE_CURVE('',#2616,#2614,#1215,.T.);
#3440=EDGE_CURVE('',#2600,#2615,#1216,.T.);
#3441=EDGE_CURVE('',#2602,#2616,#1217,.T.);
#3442=EDGE_CURVE('',#2617,#2618,#1218,.T.);
#3443=EDGE_CURVE('',#2617,#2619,#1219,.T.);
#3444=EDGE_CURVE('',#2619,#2620,#1220,.T.);
#3445=EDGE_CURVE('',#2618,#2620,#1221,.T.);
#3446=EDGE_CURVE('',#2621,#2617,#2079,.T.);
#3447=EDGE_CURVE('',#2621,#2622,#1222,.T.);
#3448=EDGE_CURVE('',#2622,#2619,#2080,.T.);
#3449=EDGE_CURVE('',#2623,#2621,#2081,.T.);
#3450=EDGE_CURVE('',#2623,#2624,#1223,.T.);
#3451=EDGE_CURVE('',#2624,#2622,#2082,.T.);
#3452=EDGE_CURVE('',#2625,#2623,#2083,.T.);
#3453=EDGE_CURVE('',#2625,#2626,#1224,.T.);
#3454=EDGE_CURVE('',#2626,#2624,#2084,.T.);
#3455=EDGE_CURVE('',#2627,#2625,#2085,.T.);
#3456=EDGE_CURVE('',#2627,#2628,#1225,.T.);
#3457=EDGE_CURVE('',#2628,#2626,#2086,.T.);
#3458=EDGE_CURVE('',#2629,#2627,#2087,.T.);
#3459=EDGE_CURVE('',#2629,#2630,#1226,.T.);
#3460=EDGE_CURVE('',#2630,#2628,#2088,.T.);
#3461=EDGE_CURVE('',#2631,#2629,#2089,.T.);
#3462=EDGE_CURVE('',#2631,#2632,#1227,.T.);
#3463=EDGE_CURVE('',#2632,#2630,#2090,.T.);
#3464=EDGE_CURVE('',#2633,#2631,#2091,.T.);
#3465=EDGE_CURVE('',#2633,#2634,#1228,.T.);
#3466=EDGE_CURVE('',#2634,#2632,#2092,.T.);
#3467=EDGE_CURVE('',#2635,#2633,#2093,.T.);
#3468=EDGE_CURVE('',#2635,#2636,#1229,.T.);
#3469=EDGE_CURVE('',#2636,#2634,#2094,.T.);
#3470=EDGE_CURVE('',#2637,#2635,#2095,.T.);
#3471=EDGE_CURVE('',#2637,#2638,#1230,.T.);
#3472=EDGE_CURVE('',#2638,#2636,#2096,.T.);
#3473=EDGE_CURVE('',#2639,#2637,#2097,.T.);
#3474=EDGE_CURVE('',#2639,#2640,#1231,.T.);
#3475=EDGE_CURVE('',#2640,#2638,#2098,.T.);
#3476=EDGE_CURVE('',#2641,#2639,#2099,.T.);
#3477=EDGE_CURVE('',#2641,#2642,#1232,.T.);
#3478=EDGE_CURVE('',#2642,#2640,#2100,.T.);
#3479=EDGE_CURVE('',#2643,#2641,#2101,.T.);
#3480=EDGE_CURVE('',#2643,#2644,#1233,.T.);
#3481=EDGE_CURVE('',#2644,#2642,#2102,.T.);
#3482=EDGE_CURVE('',#2645,#2643,#1234,.T.);
#3483=EDGE_CURVE('',#2645,#2646,#1235,.T.);
#3484=EDGE_CURVE('',#2646,#2644,#1236,.T.);
#3485=EDGE_CURVE('',#2618,#2645,#1237,.T.);
#3486=EDGE_CURVE('',#2620,#2646,#1238,.T.);
#3487=EDGE_CURVE('',#2647,#2648,#1239,.T.);
#3488=EDGE_CURVE('',#2649,#2648,#1240,.T.);
#3489=EDGE_CURVE('',#2650,#2649,#1241,.T.);
#3490=EDGE_CURVE('',#2647,#2650,#1242,.T.);
#3491=EDGE_CURVE('',#2651,#2651,#15,.T.);
#3492=EDGE_CURVE('',#2651,#2652,#1243,.T.);
#3493=EDGE_CURVE('',#2652,#2652,#16,.T.);
#3494=EDGE_CURVE('',#2653,#2653,#17,.T.);
#3495=EDGE_CURVE('',#2653,#2654,#1244,.T.);
#3496=EDGE_CURVE('',#2654,#2654,#18,.T.);
#3497=EDGE_CURVE('',#2655,#2655,#19,.T.);
#3498=EDGE_CURVE('',#2655,#2656,#1245,.T.);
#3499=EDGE_CURVE('',#2656,#2656,#20,.T.);
#3500=EDGE_CURVE('',#2657,#2657,#21,.T.);
#3501=EDGE_CURVE('',#2657,#2658,#1246,.T.);
#3502=EDGE_CURVE('',#2659,#2658,#22,.T.);
#3503=EDGE_CURVE('',#2659,#2660,#23,.T.);
#3504=EDGE_CURVE('',#2658,#2660,#24,.T.);
#3505=EDGE_CURVE('',#2660,#2659,#1247,.T.);
#3506=EDGE_CURVE('',#2661,#2661,#25,.T.);
#3507=EDGE_CURVE('',#2661,#2662,#1248,.T.);
#3508=EDGE_CURVE('',#2663,#2662,#26,.T.);
#3509=EDGE_CURVE('',#2663,#2664,#27,.T.);
#3510=EDGE_CURVE('',#2662,#2664,#28,.T.);
#3511=EDGE_CURVE('',#2664,#2663,#1249,.T.);
#3512=EDGE_CURVE('',#2665,#2666,#1250,.T.);
#3513=EDGE_CURVE('',#2666,#2667,#1251,.T.);
#3514=EDGE_CURVE('',#2667,#2647,#1252,.T.);
#3515=EDGE_CURVE('',#2650,#2665,#1253,.T.);
#3516=EDGE_CURVE('',#2668,#2660,#1254,.T.);
#3517=EDGE_CURVE('',#2669,#2668,#1255,.T.);
#3518=EDGE_CURVE('',#2667,#2669,#1256,.T.);
#3519=EDGE_CURVE('',#2663,#2666,#1257,.T.);
#3520=EDGE_CURVE('',#2659,#2664,#1258,.T.);
#3521=EDGE_CURVE('',#2648,#2669,#1259,.T.);
#3522=EDGE_CURVE('',#2670,#2649,#1260,.T.);
#3523=EDGE_CURVE('',#2665,#2670,#1261,.T.);
#3524=EDGE_CURVE('',#2668,#2670,#1262,.T.);
#3525=ORIENTED_EDGE('',*,*,#2671,.F.);
#3526=ORIENTED_EDGE('',*,*,#2672,.T.);
#3527=ORIENTED_EDGE('',*,*,#2673,.T.);
#3528=ORIENTED_EDGE('',*,*,#2674,.F.);
#3529=ORIENTED_EDGE('',*,*,#2675,.F.);
#3530=ORIENTED_EDGE('',*,*,#2676,.T.);
#3531=ORIENTED_EDGE('',*,*,#2677,.T.);
#3532=ORIENTED_EDGE('',*,*,#2672,.F.);
#3533=ORIENTED_EDGE('',*,*,#2678,.F.);
#3534=ORIENTED_EDGE('',*,*,#2679,.T.);
#3535=ORIENTED_EDGE('',*,*,#2680,.T.);
#3536=ORIENTED_EDGE('',*,*,#2676,.F.);
#3537=ORIENTED_EDGE('',*,*,#2681,.F.);
#3538=ORIENTED_EDGE('',*,*,#2682,.T.);
#3539=ORIENTED_EDGE('',*,*,#2683,.T.);
#3540=ORIENTED_EDGE('',*,*,#2679,.F.);
#3541=ORIENTED_EDGE('',*,*,#2684,.F.);
#3542=ORIENTED_EDGE('',*,*,#2685,.T.);
#3543=ORIENTED_EDGE('',*,*,#2686,.T.);
#3544=ORIENTED_EDGE('',*,*,#2682,.F.);
#3545=ORIENTED_EDGE('',*,*,#2687,.F.);
#3546=ORIENTED_EDGE('',*,*,#2688,.T.);
#3547=ORIENTED_EDGE('',*,*,#2689,.T.);
#3548=ORIENTED_EDGE('',*,*,#2685,.F.);
#3549=ORIENTED_EDGE('',*,*,#2690,.F.);
#3550=ORIENTED_EDGE('',*,*,#2691,.T.);
#3551=ORIENTED_EDGE('',*,*,#2692,.T.);
#3552=ORIENTED_EDGE('',*,*,#2688,.F.);
#3553=ORIENTED_EDGE('',*,*,#2693,.F.);
#3554=ORIENTED_EDGE('',*,*,#2694,.T.);
#3555=ORIENTED_EDGE('',*,*,#2695,.T.);
#3556=ORIENTED_EDGE('',*,*,#2691,.F.);
#3557=ORIENTED_EDGE('',*,*,#2696,.F.);
#3558=ORIENTED_EDGE('',*,*,#2674,.T.);
#3559=ORIENTED_EDGE('',*,*,#2697,.T.);
#3560=ORIENTED_EDGE('',*,*,#2694,.F.);
#3561=ORIENTED_EDGE('',*,*,#2698,.F.);
#3562=ORIENTED_EDGE('',*,*,#2699,.T.);
#3563=ORIENTED_EDGE('',*,*,#2700,.T.);
#3564=ORIENTED_EDGE('',*,*,#2701,.F.);
#3565=ORIENTED_EDGE('',*,*,#2702,.F.);
#3566=ORIENTED_EDGE('',*,*,#2703,.T.);
#3567=ORIENTED_EDGE('',*,*,#2704,.T.);
#3568=ORIENTED_EDGE('',*,*,#2699,.F.);
#3569=ORIENTED_EDGE('',*,*,#2705,.F.);
#3570=ORIENTED_EDGE('',*,*,#2706,.T.);
#3571=ORIENTED_EDGE('',*,*,#2707,.T.);
#3572=ORIENTED_EDGE('',*,*,#2703,.F.);
#3573=ORIENTED_EDGE('',*,*,#2708,.F.);
#3574=ORIENTED_EDGE('',*,*,#2709,.T.);
#3575=ORIENTED_EDGE('',*,*,#2710,.T.);
#3576=ORIENTED_EDGE('',*,*,#2706,.F.);
#3577=ORIENTED_EDGE('',*,*,#2711,.F.);
#3578=ORIENTED_EDGE('',*,*,#2712,.T.);
#3579=ORIENTED_EDGE('',*,*,#2713,.T.);
#3580=ORIENTED_EDGE('',*,*,#2709,.F.);
#3581=ORIENTED_EDGE('',*,*,#2714,.F.);
#3582=ORIENTED_EDGE('',*,*,#2715,.T.);
#3583=ORIENTED_EDGE('',*,*,#2716,.T.);
#3584=ORIENTED_EDGE('',*,*,#2712,.F.);
#3585=ORIENTED_EDGE('',*,*,#2717,.F.);
#3586=ORIENTED_EDGE('',*,*,#2718,.T.);
#3587=ORIENTED_EDGE('',*,*,#2719,.T.);
#3588=ORIENTED_EDGE('',*,*,#2715,.F.);
#3589=ORIENTED_EDGE('',*,*,#2720,.F.);
#3590=ORIENTED_EDGE('',*,*,#2721,.T.);
#3591=ORIENTED_EDGE('',*,*,#2722,.T.);
#3592=ORIENTED_EDGE('',*,*,#2718,.F.);
#3593=ORIENTED_EDGE('',*,*,#2723,.F.);
#3594=ORIENTED_EDGE('',*,*,#2724,.T.);
#3595=ORIENTED_EDGE('',*,*,#2725,.T.);
#3596=ORIENTED_EDGE('',*,*,#2721,.F.);
#3597=ORIENTED_EDGE('',*,*,#2726,.F.);
#3598=ORIENTED_EDGE('',*,*,#2727,.T.);
#3599=ORIENTED_EDGE('',*,*,#2728,.T.);
#3600=ORIENTED_EDGE('',*,*,#2724,.F.);
#3601=ORIENTED_EDGE('',*,*,#2729,.F.);
#3602=ORIENTED_EDGE('',*,*,#2730,.T.);
#3603=ORIENTED_EDGE('',*,*,#2731,.T.);
#3604=ORIENTED_EDGE('',*,*,#2727,.F.);
#3605=ORIENTED_EDGE('',*,*,#2732,.F.);
#3606=ORIENTED_EDGE('',*,*,#2733,.T.);
#3607=ORIENTED_EDGE('',*,*,#2734,.T.);
#3608=ORIENTED_EDGE('',*,*,#2730,.F.);
#3609=ORIENTED_EDGE('',*,*,#2735,.F.);
#3610=ORIENTED_EDGE('',*,*,#2736,.T.);
#3611=ORIENTED_EDGE('',*,*,#2737,.T.);
#3612=ORIENTED_EDGE('',*,*,#2733,.F.);
#3613=ORIENTED_EDGE('',*,*,#2738,.F.);
#3614=ORIENTED_EDGE('',*,*,#2739,.T.);
#3615=ORIENTED_EDGE('',*,*,#2740,.T.);
#3616=ORIENTED_EDGE('',*,*,#2736,.F.);
#3617=ORIENTED_EDGE('',*,*,#2741,.F.);
#3618=ORIENTED_EDGE('',*,*,#2742,.T.);
#3619=ORIENTED_EDGE('',*,*,#2743,.T.);
#3620=ORIENTED_EDGE('',*,*,#2739,.F.);
#3621=ORIENTED_EDGE('',*,*,#2744,.F.);
#3622=ORIENTED_EDGE('',*,*,#2745,.T.);
#3623=ORIENTED_EDGE('',*,*,#2746,.T.);
#3624=ORIENTED_EDGE('',*,*,#2742,.F.);
#3625=ORIENTED_EDGE('',*,*,#2747,.F.);
#3626=ORIENTED_EDGE('',*,*,#2748,.T.);
#3627=ORIENTED_EDGE('',*,*,#2749,.T.);
#3628=ORIENTED_EDGE('',*,*,#2745,.F.);
#3629=ORIENTED_EDGE('',*,*,#2750,.F.);
#3630=ORIENTED_EDGE('',*,*,#2751,.T.);
#3631=ORIENTED_EDGE('',*,*,#2752,.T.);
#3632=ORIENTED_EDGE('',*,*,#2748,.F.);
#3633=ORIENTED_EDGE('',*,*,#2753,.F.);
#3634=ORIENTED_EDGE('',*,*,#2754,.T.);
#3635=ORIENTED_EDGE('',*,*,#2755,.T.);
#3636=ORIENTED_EDGE('',*,*,#2751,.F.);
#3637=ORIENTED_EDGE('',*,*,#2756,.F.);
#3638=ORIENTED_EDGE('',*,*,#2757,.T.);
#3639=ORIENTED_EDGE('',*,*,#2758,.T.);
#3640=ORIENTED_EDGE('',*,*,#2754,.F.);
#3641=ORIENTED_EDGE('',*,*,#2759,.F.);
#3642=ORIENTED_EDGE('',*,*,#2760,.T.);
#3643=ORIENTED_EDGE('',*,*,#2761,.T.);
#3644=ORIENTED_EDGE('',*,*,#2757,.F.);
#3645=ORIENTED_EDGE('',*,*,#2762,.F.);
#3646=ORIENTED_EDGE('',*,*,#2763,.T.);
#3647=ORIENTED_EDGE('',*,*,#2764,.T.);
#3648=ORIENTED_EDGE('',*,*,#2760,.F.);
#3649=ORIENTED_EDGE('',*,*,#2765,.F.);
#3650=ORIENTED_EDGE('',*,*,#2766,.T.);
#3651=ORIENTED_EDGE('',*,*,#2767,.T.);
#3652=ORIENTED_EDGE('',*,*,#2763,.F.);
#3653=ORIENTED_EDGE('',*,*,#2768,.F.);
#3654=ORIENTED_EDGE('',*,*,#2769,.T.);
#3655=ORIENTED_EDGE('',*,*,#2770,.T.);
#3656=ORIENTED_EDGE('',*,*,#2766,.F.);
#3657=ORIENTED_EDGE('',*,*,#2771,.F.);
#3658=ORIENTED_EDGE('',*,*,#2701,.T.);
#3659=ORIENTED_EDGE('',*,*,#2772,.T.);
#3660=ORIENTED_EDGE('',*,*,#2769,.F.);
#3661=ORIENTED_EDGE('',*,*,#2772,.F.);
#3662=ORIENTED_EDGE('',*,*,#2700,.F.);
#3663=ORIENTED_EDGE('',*,*,#2704,.F.);
#3664=ORIENTED_EDGE('',*,*,#2707,.F.);
#3665=ORIENTED_EDGE('',*,*,#2710,.F.);
#3666=ORIENTED_EDGE('',*,*,#2713,.F.);
#3667=ORIENTED_EDGE('',*,*,#2716,.F.);
#3668=ORIENTED_EDGE('',*,*,#2719,.F.);
#3669=ORIENTED_EDGE('',*,*,#2722,.F.);
#3670=ORIENTED_EDGE('',*,*,#2725,.F.);
#3671=ORIENTED_EDGE('',*,*,#2728,.F.);
#3672=ORIENTED_EDGE('',*,*,#2731,.F.);
#3673=ORIENTED_EDGE('',*,*,#2734,.F.);
#3674=ORIENTED_EDGE('',*,*,#2737,.F.);
#3675=ORIENTED_EDGE('',*,*,#2740,.F.);
#3676=ORIENTED_EDGE('',*,*,#2743,.F.);
#3677=ORIENTED_EDGE('',*,*,#2746,.F.);
#3678=ORIENTED_EDGE('',*,*,#2749,.F.);
#3679=ORIENTED_EDGE('',*,*,#2752,.F.);
#3680=ORIENTED_EDGE('',*,*,#2755,.F.);
#3681=ORIENTED_EDGE('',*,*,#2758,.F.);
#3682=ORIENTED_EDGE('',*,*,#2761,.F.);
#3683=ORIENTED_EDGE('',*,*,#2764,.F.);
#3684=ORIENTED_EDGE('',*,*,#2767,.F.);
#3685=ORIENTED_EDGE('',*,*,#2770,.F.);
#3686=ORIENTED_EDGE('',*,*,#2697,.F.);
#3687=ORIENTED_EDGE('',*,*,#2673,.F.);
#3688=ORIENTED_EDGE('',*,*,#2677,.F.);
#3689=ORIENTED_EDGE('',*,*,#2680,.F.);
#3690=ORIENTED_EDGE('',*,*,#2683,.F.);
#3691=ORIENTED_EDGE('',*,*,#2686,.F.);
#3692=ORIENTED_EDGE('',*,*,#2689,.F.);
#3693=ORIENTED_EDGE('',*,*,#2692,.F.);
#3694=ORIENTED_EDGE('',*,*,#2695,.F.);
#3695=ORIENTED_EDGE('',*,*,#2773,.F.);
#3696=ORIENTED_EDGE('',*,*,#2774,.T.);
#3697=ORIENTED_EDGE('',*,*,#2775,.T.);
#3698=ORIENTED_EDGE('',*,*,#2776,.F.);
#3699=ORIENTED_EDGE('',*,*,#2777,.F.);
#3700=ORIENTED_EDGE('',*,*,#2778,.T.);
#3701=ORIENTED_EDGE('',*,*,#2779,.T.);
#3702=ORIENTED_EDGE('',*,*,#2774,.F.);
#3703=ORIENTED_EDGE('',*,*,#2780,.F.);
#3704=ORIENTED_EDGE('',*,*,#2781,.T.);
#3705=ORIENTED_EDGE('',*,*,#2782,.T.);
#3706=ORIENTED_EDGE('',*,*,#2778,.F.);
#3707=ORIENTED_EDGE('',*,*,#2783,.F.);
#3708=ORIENTED_EDGE('',*,*,#2784,.T.);
#3709=ORIENTED_EDGE('',*,*,#2785,.T.);
#3710=ORIENTED_EDGE('',*,*,#2781,.F.);
#3711=ORIENTED_EDGE('',*,*,#2786,.F.);
#3712=ORIENTED_EDGE('',*,*,#2787,.T.);
#3713=ORIENTED_EDGE('',*,*,#2788,.T.);
#3714=ORIENTED_EDGE('',*,*,#2784,.F.);
#3715=ORIENTED_EDGE('',*,*,#2789,.F.);
#3716=ORIENTED_EDGE('',*,*,#2790,.T.);
#3717=ORIENTED_EDGE('',*,*,#2791,.T.);
#3718=ORIENTED_EDGE('',*,*,#2787,.F.);
#3719=ORIENTED_EDGE('',*,*,#2792,.F.);
#3720=ORIENTED_EDGE('',*,*,#2793,.T.);
#3721=ORIENTED_EDGE('',*,*,#2794,.T.);
#3722=ORIENTED_EDGE('',*,*,#2790,.F.);
#3723=ORIENTED_EDGE('',*,*,#2795,.F.);
#3724=ORIENTED_EDGE('',*,*,#2796,.T.);
#3725=ORIENTED_EDGE('',*,*,#2797,.T.);
#3726=ORIENTED_EDGE('',*,*,#2793,.F.);
#3727=ORIENTED_EDGE('',*,*,#2798,.F.);
#3728=ORIENTED_EDGE('',*,*,#2776,.T.);
#3729=ORIENTED_EDGE('',*,*,#2799,.T.);
#3730=ORIENTED_EDGE('',*,*,#2796,.F.);
#3731=ORIENTED_EDGE('',*,*,#2800,.F.);
#3732=ORIENTED_EDGE('',*,*,#2801,.T.);
#3733=ORIENTED_EDGE('',*,*,#2802,.T.);
#3734=ORIENTED_EDGE('',*,*,#2803,.F.);
#3735=ORIENTED_EDGE('',*,*,#2804,.F.);
#3736=ORIENTED_EDGE('',*,*,#2805,.T.);
#3737=ORIENTED_EDGE('',*,*,#2806,.T.);
#3738=ORIENTED_EDGE('',*,*,#2801,.F.);
#3739=ORIENTED_EDGE('',*,*,#2807,.F.);
#3740=ORIENTED_EDGE('',*,*,#2808,.T.);
#3741=ORIENTED_EDGE('',*,*,#2809,.T.);
#3742=ORIENTED_EDGE('',*,*,#2805,.F.);
#3743=ORIENTED_EDGE('',*,*,#2810,.F.);
#3744=ORIENTED_EDGE('',*,*,#2811,.T.);
#3745=ORIENTED_EDGE('',*,*,#2812,.T.);
#3746=ORIENTED_EDGE('',*,*,#2808,.F.);
#3747=ORIENTED_EDGE('',*,*,#2813,.F.);
#3748=ORIENTED_EDGE('',*,*,#2814,.T.);
#3749=ORIENTED_EDGE('',*,*,#2815,.T.);
#3750=ORIENTED_EDGE('',*,*,#2811,.F.);
#3751=ORIENTED_EDGE('',*,*,#2816,.F.);
#3752=ORIENTED_EDGE('',*,*,#2817,.T.);
#3753=ORIENTED_EDGE('',*,*,#2818,.T.);
#3754=ORIENTED_EDGE('',*,*,#2814,.F.);
#3755=ORIENTED_EDGE('',*,*,#2819,.F.);
#3756=ORIENTED_EDGE('',*,*,#2820,.T.);
#3757=ORIENTED_EDGE('',*,*,#2821,.T.);
#3758=ORIENTED_EDGE('',*,*,#2817,.F.);
#3759=ORIENTED_EDGE('',*,*,#2822,.F.);
#3760=ORIENTED_EDGE('',*,*,#2823,.T.);
#3761=ORIENTED_EDGE('',*,*,#2824,.T.);
#3762=ORIENTED_EDGE('',*,*,#2820,.F.);
#3763=ORIENTED_EDGE('',*,*,#2825,.F.);
#3764=ORIENTED_EDGE('',*,*,#2826,.T.);
#3765=ORIENTED_EDGE('',*,*,#2827,.T.);
#3766=ORIENTED_EDGE('',*,*,#2823,.F.);
#3767=ORIENTED_EDGE('',*,*,#2828,.F.);
#3768=ORIENTED_EDGE('',*,*,#2829,.T.);
#3769=ORIENTED_EDGE('',*,*,#2830,.T.);
#3770=ORIENTED_EDGE('',*,*,#2826,.F.);
#3771=ORIENTED_EDGE('',*,*,#2831,.F.);
#3772=ORIENTED_EDGE('',*,*,#2832,.T.);
#3773=ORIENTED_EDGE('',*,*,#2833,.T.);
#3774=ORIENTED_EDGE('',*,*,#2829,.F.);
#3775=ORIENTED_EDGE('',*,*,#2834,.F.);
#3776=ORIENTED_EDGE('',*,*,#2835,.T.);
#3777=ORIENTED_EDGE('',*,*,#2836,.T.);
#3778=ORIENTED_EDGE('',*,*,#2832,.F.);
#3779=ORIENTED_EDGE('',*,*,#2837,.F.);
#3780=ORIENTED_EDGE('',*,*,#2838,.T.);
#3781=ORIENTED_EDGE('',*,*,#2839,.T.);
#3782=ORIENTED_EDGE('',*,*,#2835,.F.);
#3783=ORIENTED_EDGE('',*,*,#2840,.F.);
#3784=ORIENTED_EDGE('',*,*,#2841,.T.);
#3785=ORIENTED_EDGE('',*,*,#2842,.T.);
#3786=ORIENTED_EDGE('',*,*,#2838,.F.);
#3787=ORIENTED_EDGE('',*,*,#2843,.F.);
#3788=ORIENTED_EDGE('',*,*,#2844,.T.);
#3789=ORIENTED_EDGE('',*,*,#2845,.T.);
#3790=ORIENTED_EDGE('',*,*,#2841,.F.);
#3791=ORIENTED_EDGE('',*,*,#2846,.F.);
#3792=ORIENTED_EDGE('',*,*,#2847,.T.);
#3793=ORIENTED_EDGE('',*,*,#2848,.T.);
#3794=ORIENTED_EDGE('',*,*,#2844,.F.);
#3795=ORIENTED_EDGE('',*,*,#2849,.F.);
#3796=ORIENTED_EDGE('',*,*,#2850,.T.);
#3797=ORIENTED_EDGE('',*,*,#2851,.T.);
#3798=ORIENTED_EDGE('',*,*,#2847,.F.);
#3799=ORIENTED_EDGE('',*,*,#2852,.F.);
#3800=ORIENTED_EDGE('',*,*,#2853,.T.);
#3801=ORIENTED_EDGE('',*,*,#2854,.T.);
#3802=ORIENTED_EDGE('',*,*,#2850,.F.);
#3803=ORIENTED_EDGE('',*,*,#2855,.F.);
#3804=ORIENTED_EDGE('',*,*,#2856,.T.);
#3805=ORIENTED_EDGE('',*,*,#2857,.T.);
#3806=ORIENTED_EDGE('',*,*,#2853,.F.);
#3807=ORIENTED_EDGE('',*,*,#2858,.F.);
#3808=ORIENTED_EDGE('',*,*,#2859,.T.);
#3809=ORIENTED_EDGE('',*,*,#2860,.T.);
#3810=ORIENTED_EDGE('',*,*,#2856,.F.);
#3811=ORIENTED_EDGE('',*,*,#2861,.F.);
#3812=ORIENTED_EDGE('',*,*,#2862,.T.);
#3813=ORIENTED_EDGE('',*,*,#2863,.T.);
#3814=ORIENTED_EDGE('',*,*,#2859,.F.);
#3815=ORIENTED_EDGE('',*,*,#2864,.F.);
#3816=ORIENTED_EDGE('',*,*,#2865,.T.);
#3817=ORIENTED_EDGE('',*,*,#2866,.T.);
#3818=ORIENTED_EDGE('',*,*,#2862,.F.);
#3819=ORIENTED_EDGE('',*,*,#2867,.F.);
#3820=ORIENTED_EDGE('',*,*,#2868,.T.);
#3821=ORIENTED_EDGE('',*,*,#2869,.T.);
#3822=ORIENTED_EDGE('',*,*,#2865,.F.);
#3823=ORIENTED_EDGE('',*,*,#2870,.F.);
#3824=ORIENTED_EDGE('',*,*,#2871,.T.);
#3825=ORIENTED_EDGE('',*,*,#2872,.T.);
#3826=ORIENTED_EDGE('',*,*,#2868,.F.);
#3827=ORIENTED_EDGE('',*,*,#2873,.F.);
#3828=ORIENTED_EDGE('',*,*,#2803,.T.);
#3829=ORIENTED_EDGE('',*,*,#2874,.T.);
#3830=ORIENTED_EDGE('',*,*,#2871,.F.);
#3831=ORIENTED_EDGE('',*,*,#2874,.F.);
#3832=ORIENTED_EDGE('',*,*,#2802,.F.);
#3833=ORIENTED_EDGE('',*,*,#2806,.F.);
#3834=ORIENTED_EDGE('',*,*,#2809,.F.);
#3835=ORIENTED_EDGE('',*,*,#2812,.F.);
#3836=ORIENTED_EDGE('',*,*,#2815,.F.);
#3837=ORIENTED_EDGE('',*,*,#2818,.F.);
#3838=ORIENTED_EDGE('',*,*,#2821,.F.);
#3839=ORIENTED_EDGE('',*,*,#2824,.F.);
#3840=ORIENTED_EDGE('',*,*,#2827,.F.);
#3841=ORIENTED_EDGE('',*,*,#2830,.F.);
#3842=ORIENTED_EDGE('',*,*,#2833,.F.);
#3843=ORIENTED_EDGE('',*,*,#2836,.F.);
#3844=ORIENTED_EDGE('',*,*,#2839,.F.);
#3845=ORIENTED_EDGE('',*,*,#2842,.F.);
#3846=ORIENTED_EDGE('',*,*,#2845,.F.);
#3847=ORIENTED_EDGE('',*,*,#2848,.F.);
#3848=ORIENTED_EDGE('',*,*,#2851,.F.);
#3849=ORIENTED_EDGE('',*,*,#2854,.F.);
#3850=ORIENTED_EDGE('',*,*,#2857,.F.);
#3851=ORIENTED_EDGE('',*,*,#2860,.F.);
#3852=ORIENTED_EDGE('',*,*,#2863,.F.);
#3853=ORIENTED_EDGE('',*,*,#2866,.F.);
#3854=ORIENTED_EDGE('',*,*,#2869,.F.);
#3855=ORIENTED_EDGE('',*,*,#2872,.F.);
#3856=ORIENTED_EDGE('',*,*,#2799,.F.);
#3857=ORIENTED_EDGE('',*,*,#2775,.F.);
#3858=ORIENTED_EDGE('',*,*,#2779,.F.);
#3859=ORIENTED_EDGE('',*,*,#2782,.F.);
#3860=ORIENTED_EDGE('',*,*,#2785,.F.);
#3861=ORIENTED_EDGE('',*,*,#2788,.F.);
#3862=ORIENTED_EDGE('',*,*,#2791,.F.);
#3863=ORIENTED_EDGE('',*,*,#2794,.F.);
#3864=ORIENTED_EDGE('',*,*,#2797,.F.);
#3865=ORIENTED_EDGE('',*,*,#2875,.F.);
#3866=ORIENTED_EDGE('',*,*,#2876,.T.);
#3867=ORIENTED_EDGE('',*,*,#2877,.T.);
#3868=ORIENTED_EDGE('',*,*,#2878,.F.);
#3869=ORIENTED_EDGE('',*,*,#2879,.F.);
#3870=ORIENTED_EDGE('',*,*,#2880,.T.);
#3871=ORIENTED_EDGE('',*,*,#2881,.T.);
#3872=ORIENTED_EDGE('',*,*,#2876,.F.);
#3873=ORIENTED_EDGE('',*,*,#2882,.F.);
#3874=ORIENTED_EDGE('',*,*,#2883,.T.);
#3875=ORIENTED_EDGE('',*,*,#2884,.T.);
#3876=ORIENTED_EDGE('',*,*,#2880,.F.);
#3877=ORIENTED_EDGE('',*,*,#2885,.F.);
#3878=ORIENTED_EDGE('',*,*,#2886,.T.);
#3879=ORIENTED_EDGE('',*,*,#2887,.T.);
#3880=ORIENTED_EDGE('',*,*,#2883,.F.);
#3881=ORIENTED_EDGE('',*,*,#2888,.F.);
#3882=ORIENTED_EDGE('',*,*,#2889,.T.);
#3883=ORIENTED_EDGE('',*,*,#2890,.T.);
#3884=ORIENTED_EDGE('',*,*,#2886,.F.);
#3885=ORIENTED_EDGE('',*,*,#2891,.F.);
#3886=ORIENTED_EDGE('',*,*,#2892,.T.);
#3887=ORIENTED_EDGE('',*,*,#2893,.T.);
#3888=ORIENTED_EDGE('',*,*,#2889,.F.);
#3889=ORIENTED_EDGE('',*,*,#2894,.F.);
#3890=ORIENTED_EDGE('',*,*,#2895,.T.);
#3891=ORIENTED_EDGE('',*,*,#2896,.T.);
#3892=ORIENTED_EDGE('',*,*,#2892,.F.);
#3893=ORIENTED_EDGE('',*,*,#2897,.F.);
#3894=ORIENTED_EDGE('',*,*,#2898,.T.);
#3895=ORIENTED_EDGE('',*,*,#2899,.T.);
#3896=ORIENTED_EDGE('',*,*,#2895,.F.);
#3897=ORIENTED_EDGE('',*,*,#2900,.F.);
#3898=ORIENTED_EDGE('',*,*,#2901,.T.);
#3899=ORIENTED_EDGE('',*,*,#2902,.T.);
#3900=ORIENTED_EDGE('',*,*,#2898,.F.);
#3901=ORIENTED_EDGE('',*,*,#2903,.F.);
#3902=ORIENTED_EDGE('',*,*,#2904,.T.);
#3903=ORIENTED_EDGE('',*,*,#2905,.T.);
#3904=ORIENTED_EDGE('',*,*,#2901,.F.);
#3905=ORIENTED_EDGE('',*,*,#2906,.F.);
#3906=ORIENTED_EDGE('',*,*,#2907,.T.);
#3907=ORIENTED_EDGE('',*,*,#2908,.T.);
#3908=ORIENTED_EDGE('',*,*,#2904,.F.);
#3909=ORIENTED_EDGE('',*,*,#2909,.F.);
#3910=ORIENTED_EDGE('',*,*,#2910,.T.);
#3911=ORIENTED_EDGE('',*,*,#2911,.T.);
#3912=ORIENTED_EDGE('',*,*,#2907,.F.);
#3913=ORIENTED_EDGE('',*,*,#2912,.F.);
#3914=ORIENTED_EDGE('',*,*,#2913,.T.);
#3915=ORIENTED_EDGE('',*,*,#2914,.T.);
#3916=ORIENTED_EDGE('',*,*,#2910,.F.);
#3917=ORIENTED_EDGE('',*,*,#2915,.F.);
#3918=ORIENTED_EDGE('',*,*,#2916,.T.);
#3919=ORIENTED_EDGE('',*,*,#2917,.T.);
#3920=ORIENTED_EDGE('',*,*,#2913,.F.);
#3921=ORIENTED_EDGE('',*,*,#2918,.F.);
#3922=ORIENTED_EDGE('',*,*,#2919,.T.);
#3923=ORIENTED_EDGE('',*,*,#2920,.T.);
#3924=ORIENTED_EDGE('',*,*,#2916,.F.);
#3925=ORIENTED_EDGE('',*,*,#2921,.F.);
#3926=ORIENTED_EDGE('',*,*,#2922,.T.);
#3927=ORIENTED_EDGE('',*,*,#2923,.T.);
#3928=ORIENTED_EDGE('',*,*,#2919,.F.);
#3929=ORIENTED_EDGE('',*,*,#2924,.F.);
#3930=ORIENTED_EDGE('',*,*,#2925,.T.);
#3931=ORIENTED_EDGE('',*,*,#2926,.T.);
#3932=ORIENTED_EDGE('',*,*,#2922,.F.);
#3933=ORIENTED_EDGE('',*,*,#2927,.F.);
#3934=ORIENTED_EDGE('',*,*,#2878,.T.);
#3935=ORIENTED_EDGE('',*,*,#2928,.T.);
#3936=ORIENTED_EDGE('',*,*,#2925,.F.);
#3937=ORIENTED_EDGE('',*,*,#2928,.F.);
#3938=ORIENTED_EDGE('',*,*,#2877,.F.);
#3939=ORIENTED_EDGE('',*,*,#2881,.F.);
#3940=ORIENTED_EDGE('',*,*,#2884,.F.);
#3941=ORIENTED_EDGE('',*,*,#2887,.F.);
#3942=ORIENTED_EDGE('',*,*,#2890,.F.);
#3943=ORIENTED_EDGE('',*,*,#2893,.F.);
#3944=ORIENTED_EDGE('',*,*,#2896,.F.);
#3945=ORIENTED_EDGE('',*,*,#2899,.F.);
#3946=ORIENTED_EDGE('',*,*,#2902,.F.);
#3947=ORIENTED_EDGE('',*,*,#2905,.F.);
#3948=ORIENTED_EDGE('',*,*,#2908,.F.);
#3949=ORIENTED_EDGE('',*,*,#2911,.F.);
#3950=ORIENTED_EDGE('',*,*,#2914,.F.);
#3951=ORIENTED_EDGE('',*,*,#2917,.F.);
#3952=ORIENTED_EDGE('',*,*,#2920,.F.);
#3953=ORIENTED_EDGE('',*,*,#2923,.F.);
#3954=ORIENTED_EDGE('',*,*,#2926,.F.);
#3955=ORIENTED_EDGE('',*,*,#2929,.F.);
#3956=ORIENTED_EDGE('',*,*,#2930,.T.);
#3957=ORIENTED_EDGE('',*,*,#2931,.T.);
#3958=ORIENTED_EDGE('',*,*,#2932,.F.);
#3959=ORIENTED_EDGE('',*,*,#2933,.F.);
#3960=ORIENTED_EDGE('',*,*,#2934,.T.);
#3961=ORIENTED_EDGE('',*,*,#2935,.T.);
#3962=ORIENTED_EDGE('',*,*,#2930,.F.);
#3963=ORIENTED_EDGE('',*,*,#2936,.F.);
#3964=ORIENTED_EDGE('',*,*,#2937,.T.);
#3965=ORIENTED_EDGE('',*,*,#2938,.T.);
#3966=ORIENTED_EDGE('',*,*,#2934,.F.);
#3967=ORIENTED_EDGE('',*,*,#2939,.F.);
#3968=ORIENTED_EDGE('',*,*,#2940,.T.);
#3969=ORIENTED_EDGE('',*,*,#2941,.T.);
#3970=ORIENTED_EDGE('',*,*,#2937,.F.);
#3971=ORIENTED_EDGE('',*,*,#2942,.F.);
#3972=ORIENTED_EDGE('',*,*,#2932,.T.);
#3973=ORIENTED_EDGE('',*,*,#2943,.T.);
#3974=ORIENTED_EDGE('',*,*,#2940,.F.);
#3975=ORIENTED_EDGE('',*,*,#2944,.F.);
#3976=ORIENTED_EDGE('',*,*,#2945,.T.);
#3977=ORIENTED_EDGE('',*,*,#2946,.T.);
#3978=ORIENTED_EDGE('',*,*,#2947,.F.);
#3979=ORIENTED_EDGE('',*,*,#2948,.F.);
#3980=ORIENTED_EDGE('',*,*,#2949,.T.);
#3981=ORIENTED_EDGE('',*,*,#2950,.T.);
#3982=ORIENTED_EDGE('',*,*,#2945,.F.);
#3983=ORIENTED_EDGE('',*,*,#2951,.F.);
#3984=ORIENTED_EDGE('',*,*,#2952,.T.);
#3985=ORIENTED_EDGE('',*,*,#2953,.T.);
#3986=ORIENTED_EDGE('',*,*,#2949,.F.);
#3987=ORIENTED_EDGE('',*,*,#2954,.F.);
#3988=ORIENTED_EDGE('',*,*,#2955,.T.);
#3989=ORIENTED_EDGE('',*,*,#2956,.T.);
#3990=ORIENTED_EDGE('',*,*,#2952,.F.);
#3991=ORIENTED_EDGE('',*,*,#2957,.F.);
#3992=ORIENTED_EDGE('',*,*,#2958,.T.);
#3993=ORIENTED_EDGE('',*,*,#2959,.T.);
#3994=ORIENTED_EDGE('',*,*,#2955,.F.);
#3995=ORIENTED_EDGE('',*,*,#2960,.F.);
#3996=ORIENTED_EDGE('',*,*,#2961,.T.);
#3997=ORIENTED_EDGE('',*,*,#2962,.T.);
#3998=ORIENTED_EDGE('',*,*,#2958,.F.);
#3999=ORIENTED_EDGE('',*,*,#2963,.F.);
#4000=ORIENTED_EDGE('',*,*,#2964,.T.);
#4001=ORIENTED_EDGE('',*,*,#2965,.T.);
#4002=ORIENTED_EDGE('',*,*,#2961,.F.);
#4003=ORIENTED_EDGE('',*,*,#2966,.F.);
#4004=ORIENTED_EDGE('',*,*,#2967,.T.);
#4005=ORIENTED_EDGE('',*,*,#2968,.T.);
#4006=ORIENTED_EDGE('',*,*,#2964,.F.);
#4007=ORIENTED_EDGE('',*,*,#2969,.F.);
#4008=ORIENTED_EDGE('',*,*,#2970,.T.);
#4009=ORIENTED_EDGE('',*,*,#2971,.T.);
#4010=ORIENTED_EDGE('',*,*,#2967,.F.);
#4011=ORIENTED_EDGE('',*,*,#2972,.F.);
#4012=ORIENTED_EDGE('',*,*,#2973,.T.);
#4013=ORIENTED_EDGE('',*,*,#2974,.T.);
#4014=ORIENTED_EDGE('',*,*,#2970,.F.);
#4015=ORIENTED_EDGE('',*,*,#2975,.F.);
#4016=ORIENTED_EDGE('',*,*,#2976,.T.);
#4017=ORIENTED_EDGE('',*,*,#2977,.T.);
#4018=ORIENTED_EDGE('',*,*,#2973,.F.);
#4019=ORIENTED_EDGE('',*,*,#2978,.F.);
#4020=ORIENTED_EDGE('',*,*,#2979,.T.);
#4021=ORIENTED_EDGE('',*,*,#2980,.T.);
#4022=ORIENTED_EDGE('',*,*,#2976,.F.);
#4023=ORIENTED_EDGE('',*,*,#2981,.F.);
#4024=ORIENTED_EDGE('',*,*,#2982,.T.);
#4025=ORIENTED_EDGE('',*,*,#2983,.T.);
#4026=ORIENTED_EDGE('',*,*,#2979,.F.);
#4027=ORIENTED_EDGE('',*,*,#2984,.F.);
#4028=ORIENTED_EDGE('',*,*,#2947,.T.);
#4029=ORIENTED_EDGE('',*,*,#2985,.T.);
#4030=ORIENTED_EDGE('',*,*,#2982,.F.);
#4031=ORIENTED_EDGE('',*,*,#2985,.F.);
#4032=ORIENTED_EDGE('',*,*,#2946,.F.);
#4033=ORIENTED_EDGE('',*,*,#2950,.F.);
#4034=ORIENTED_EDGE('',*,*,#2953,.F.);
#4035=ORIENTED_EDGE('',*,*,#2956,.F.);
#4036=ORIENTED_EDGE('',*,*,#2959,.F.);
#4037=ORIENTED_EDGE('',*,*,#2962,.F.);
#4038=ORIENTED_EDGE('',*,*,#2965,.F.);
#4039=ORIENTED_EDGE('',*,*,#2968,.F.);
#4040=ORIENTED_EDGE('',*,*,#2971,.F.);
#4041=ORIENTED_EDGE('',*,*,#2974,.F.);
#4042=ORIENTED_EDGE('',*,*,#2977,.F.);
#4043=ORIENTED_EDGE('',*,*,#2980,.F.);
#4044=ORIENTED_EDGE('',*,*,#2983,.F.);
#4045=ORIENTED_EDGE('',*,*,#2943,.F.);
#4046=ORIENTED_EDGE('',*,*,#2931,.F.);
#4047=ORIENTED_EDGE('',*,*,#2935,.F.);
#4048=ORIENTED_EDGE('',*,*,#2938,.F.);
#4049=ORIENTED_EDGE('',*,*,#2941,.F.);
#4050=ORIENTED_EDGE('',*,*,#2986,.F.);
#4051=ORIENTED_EDGE('',*,*,#2987,.T.);
#4052=ORIENTED_EDGE('',*,*,#2988,.T.);
#4053=ORIENTED_EDGE('',*,*,#2989,.F.);
#4054=ORIENTED_EDGE('',*,*,#2990,.F.);
#4055=ORIENTED_EDGE('',*,*,#2991,.T.);
#4056=ORIENTED_EDGE('',*,*,#2992,.T.);
#4057=ORIENTED_EDGE('',*,*,#2987,.F.);
#4058=ORIENTED_EDGE('',*,*,#2993,.F.);
#4059=ORIENTED_EDGE('',*,*,#2994,.T.);
#4060=ORIENTED_EDGE('',*,*,#2995,.T.);
#4061=ORIENTED_EDGE('',*,*,#2991,.F.);
#4062=ORIENTED_EDGE('',*,*,#2996,.F.);
#4063=ORIENTED_EDGE('',*,*,#2997,.T.);
#4064=ORIENTED_EDGE('',*,*,#2998,.T.);
#4065=ORIENTED_EDGE('',*,*,#2994,.F.);
#4066=ORIENTED_EDGE('',*,*,#2999,.F.);
#4067=ORIENTED_EDGE('',*,*,#3000,.T.);
#4068=ORIENTED_EDGE('',*,*,#3001,.T.);
#4069=ORIENTED_EDGE('',*,*,#2997,.F.);
#4070=ORIENTED_EDGE('',*,*,#3002,.F.);
#4071=ORIENTED_EDGE('',*,*,#3003,.T.);
#4072=ORIENTED_EDGE('',*,*,#3004,.T.);
#4073=ORIENTED_EDGE('',*,*,#3000,.F.);
#4074=ORIENTED_EDGE('',*,*,#3005,.F.);
#4075=ORIENTED_EDGE('',*,*,#3006,.T.);
#4076=ORIENTED_EDGE('',*,*,#3007,.T.);
#4077=ORIENTED_EDGE('',*,*,#3003,.F.);
#4078=ORIENTED_EDGE('',*,*,#3008,.F.);
#4079=ORIENTED_EDGE('',*,*,#3009,.T.);
#4080=ORIENTED_EDGE('',*,*,#3010,.T.);
#4081=ORIENTED_EDGE('',*,*,#3006,.F.);
#4082=ORIENTED_EDGE('',*,*,#3011,.F.);
#4083=ORIENTED_EDGE('',*,*,#3012,.T.);
#4084=ORIENTED_EDGE('',*,*,#3013,.T.);
#4085=ORIENTED_EDGE('',*,*,#3009,.F.);
#4086=ORIENTED_EDGE('',*,*,#3014,.F.);
#4087=ORIENTED_EDGE('',*,*,#3015,.T.);
#4088=ORIENTED_EDGE('',*,*,#3016,.T.);
#4089=ORIENTED_EDGE('',*,*,#3012,.F.);
#4090=ORIENTED_EDGE('',*,*,#3017,.F.);
#4091=ORIENTED_EDGE('',*,*,#3018,.T.);
#4092=ORIENTED_EDGE('',*,*,#3019,.T.);
#4093=ORIENTED_EDGE('',*,*,#3015,.F.);
#4094=ORIENTED_EDGE('',*,*,#3020,.F.);
#4095=ORIENTED_EDGE('',*,*,#2989,.T.);
#4096=ORIENTED_EDGE('',*,*,#3021,.T.);
#4097=ORIENTED_EDGE('',*,*,#3018,.F.);
#4098=ORIENTED_EDGE('',*,*,#3021,.F.);
#4099=ORIENTED_EDGE('',*,*,#2988,.F.);
#4100=ORIENTED_EDGE('',*,*,#2992,.F.);
#4101=ORIENTED_EDGE('',*,*,#2995,.F.);
#4102=ORIENTED_EDGE('',*,*,#2998,.F.);
#4103=ORIENTED_EDGE('',*,*,#3001,.F.);
#4104=ORIENTED_EDGE('',*,*,#3004,.F.);
#4105=ORIENTED_EDGE('',*,*,#3007,.F.);
#4106=ORIENTED_EDGE('',*,*,#3010,.F.);
#4107=ORIENTED_EDGE('',*,*,#3013,.F.);
#4108=ORIENTED_EDGE('',*,*,#3016,.F.);
#4109=ORIENTED_EDGE('',*,*,#3019,.F.);
#4110=ORIENTED_EDGE('',*,*,#3022,.F.);
#4111=ORIENTED_EDGE('',*,*,#3023,.T.);
#4112=ORIENTED_EDGE('',*,*,#3024,.T.);
#4113=ORIENTED_EDGE('',*,*,#3025,.F.);
#4114=ORIENTED_EDGE('',*,*,#3026,.F.);
#4115=ORIENTED_EDGE('',*,*,#3027,.T.);
#4116=ORIENTED_EDGE('',*,*,#3028,.T.);
#4117=ORIENTED_EDGE('',*,*,#3023,.F.);
#4118=ORIENTED_EDGE('',*,*,#3029,.F.);
#4119=ORIENTED_EDGE('',*,*,#3030,.T.);
#4120=ORIENTED_EDGE('',*,*,#3031,.T.);
#4121=ORIENTED_EDGE('',*,*,#3027,.F.);
#4122=ORIENTED_EDGE('',*,*,#3032,.F.);
#4123=ORIENTED_EDGE('',*,*,#3033,.T.);
#4124=ORIENTED_EDGE('',*,*,#3034,.T.);
#4125=ORIENTED_EDGE('',*,*,#3030,.F.);
#4126=ORIENTED_EDGE('',*,*,#3035,.F.);
#4127=ORIENTED_EDGE('',*,*,#3036,.T.);
#4128=ORIENTED_EDGE('',*,*,#3037,.T.);
#4129=ORIENTED_EDGE('',*,*,#3033,.F.);
#4130=ORIENTED_EDGE('',*,*,#3038,.F.);
#4131=ORIENTED_EDGE('',*,*,#3039,.T.);
#4132=ORIENTED_EDGE('',*,*,#3040,.T.);
#4133=ORIENTED_EDGE('',*,*,#3036,.F.);
#4134=ORIENTED_EDGE('',*,*,#3041,.F.);
#4135=ORIENTED_EDGE('',*,*,#3042,.T.);
#4136=ORIENTED_EDGE('',*,*,#3043,.T.);
#4137=ORIENTED_EDGE('',*,*,#3039,.F.);
#4138=ORIENTED_EDGE('',*,*,#3044,.F.);
#4139=ORIENTED_EDGE('',*,*,#3045,.T.);
#4140=ORIENTED_EDGE('',*,*,#3046,.T.);
#4141=ORIENTED_EDGE('',*,*,#3042,.F.);
#4142=ORIENTED_EDGE('',*,*,#3047,.F.);
#4143=ORIENTED_EDGE('',*,*,#3048,.T.);
#4144=ORIENTED_EDGE('',*,*,#3049,.T.);
#4145=ORIENTED_EDGE('',*,*,#3045,.F.);
#4146=ORIENTED_EDGE('',*,*,#3050,.F.);
#4147=ORIENTED_EDGE('',*,*,#3051,.T.);
#4148=ORIENTED_EDGE('',*,*,#3052,.T.);
#4149=ORIENTED_EDGE('',*,*,#3048,.F.);
#4150=ORIENTED_EDGE('',*,*,#3053,.F.);
#4151=ORIENTED_EDGE('',*,*,#3054,.T.);
#4152=ORIENTED_EDGE('',*,*,#3055,.T.);
#4153=ORIENTED_EDGE('',*,*,#3051,.F.);
#4154=ORIENTED_EDGE('',*,*,#3056,.F.);
#4155=ORIENTED_EDGE('',*,*,#3057,.T.);
#4156=ORIENTED_EDGE('',*,*,#3058,.T.);
#4157=ORIENTED_EDGE('',*,*,#3054,.F.);
#4158=ORIENTED_EDGE('',*,*,#3059,.F.);
#4159=ORIENTED_EDGE('',*,*,#3060,.T.);
#4160=ORIENTED_EDGE('',*,*,#3061,.T.);
#4161=ORIENTED_EDGE('',*,*,#3057,.F.);
#4162=ORIENTED_EDGE('',*,*,#3062,.F.);
#4163=ORIENTED_EDGE('',*,*,#3063,.T.);
#4164=ORIENTED_EDGE('',*,*,#3064,.T.);
#4165=ORIENTED_EDGE('',*,*,#3060,.F.);
#4166=ORIENTED_EDGE('',*,*,#3065,.F.);
#4167=ORIENTED_EDGE('',*,*,#3066,.T.);
#4168=ORIENTED_EDGE('',*,*,#3067,.T.);
#4169=ORIENTED_EDGE('',*,*,#3063,.F.);
#4170=ORIENTED_EDGE('',*,*,#3068,.F.);
#4171=ORIENTED_EDGE('',*,*,#3069,.T.);
#4172=ORIENTED_EDGE('',*,*,#3070,.T.);
#4173=ORIENTED_EDGE('',*,*,#3066,.F.);
#4174=ORIENTED_EDGE('',*,*,#3071,.F.);
#4175=ORIENTED_EDGE('',*,*,#3072,.T.);
#4176=ORIENTED_EDGE('',*,*,#3073,.T.);
#4177=ORIENTED_EDGE('',*,*,#3069,.F.);
#4178=ORIENTED_EDGE('',*,*,#3074,.F.);
#4179=ORIENTED_EDGE('',*,*,#3075,.T.);
#4180=ORIENTED_EDGE('',*,*,#3076,.T.);
#4181=ORIENTED_EDGE('',*,*,#3072,.F.);
#4182=ORIENTED_EDGE('',*,*,#3077,.F.);
#4183=ORIENTED_EDGE('',*,*,#3078,.T.);
#4184=ORIENTED_EDGE('',*,*,#3079,.T.);
#4185=ORIENTED_EDGE('',*,*,#3075,.F.);
#4186=ORIENTED_EDGE('',*,*,#3080,.F.);
#4187=ORIENTED_EDGE('',*,*,#3081,.T.);
#4188=ORIENTED_EDGE('',*,*,#3082,.T.);
#4189=ORIENTED_EDGE('',*,*,#3078,.F.);
#4190=ORIENTED_EDGE('',*,*,#3083,.F.);
#4191=ORIENTED_EDGE('',*,*,#3084,.T.);
#4192=ORIENTED_EDGE('',*,*,#3085,.T.);
#4193=ORIENTED_EDGE('',*,*,#3081,.F.);
#4194=ORIENTED_EDGE('',*,*,#3086,.F.);
#4195=ORIENTED_EDGE('',*,*,#3087,.T.);
#4196=ORIENTED_EDGE('',*,*,#3088,.T.);
#4197=ORIENTED_EDGE('',*,*,#3084,.F.);
#4198=ORIENTED_EDGE('',*,*,#3089,.F.);
#4199=ORIENTED_EDGE('',*,*,#3090,.T.);
#4200=ORIENTED_EDGE('',*,*,#3091,.T.);
#4201=ORIENTED_EDGE('',*,*,#3087,.F.);
#4202=ORIENTED_EDGE('',*,*,#3092,.F.);
#4203=ORIENTED_EDGE('',*,*,#3093,.T.);
#4204=ORIENTED_EDGE('',*,*,#3094,.T.);
#4205=ORIENTED_EDGE('',*,*,#3090,.F.);
#4206=ORIENTED_EDGE('',*,*,#3095,.F.);
#4207=ORIENTED_EDGE('',*,*,#3096,.T.);
#4208=ORIENTED_EDGE('',*,*,#3097,.T.);
#4209=ORIENTED_EDGE('',*,*,#3093,.F.);
#4210=ORIENTED_EDGE('',*,*,#3098,.F.);
#4211=ORIENTED_EDGE('',*,*,#3099,.T.);
#4212=ORIENTED_EDGE('',*,*,#3100,.T.);
#4213=ORIENTED_EDGE('',*,*,#3096,.F.);
#4214=ORIENTED_EDGE('',*,*,#3101,.F.);
#4215=ORIENTED_EDGE('',*,*,#3102,.T.);
#4216=ORIENTED_EDGE('',*,*,#3103,.T.);
#4217=ORIENTED_EDGE('',*,*,#3099,.F.);
#4218=ORIENTED_EDGE('',*,*,#3104,.F.);
#4219=ORIENTED_EDGE('',*,*,#3025,.T.);
#4220=ORIENTED_EDGE('',*,*,#3105,.T.);
#4221=ORIENTED_EDGE('',*,*,#3102,.F.);
#4222=ORIENTED_EDGE('',*,*,#3105,.F.);
#4223=ORIENTED_EDGE('',*,*,#3024,.F.);
#4224=ORIENTED_EDGE('',*,*,#3028,.F.);
#4225=ORIENTED_EDGE('',*,*,#3031,.F.);
#4226=ORIENTED_EDGE('',*,*,#3034,.F.);
#4227=ORIENTED_EDGE('',*,*,#3037,.F.);
#4228=ORIENTED_EDGE('',*,*,#3040,.F.);
#4229=ORIENTED_EDGE('',*,*,#3043,.F.);
#4230=ORIENTED_EDGE('',*,*,#3046,.F.);
#4231=ORIENTED_EDGE('',*,*,#3049,.F.);
#4232=ORIENTED_EDGE('',*,*,#3052,.F.);
#4233=ORIENTED_EDGE('',*,*,#3055,.F.);
#4234=ORIENTED_EDGE('',*,*,#3058,.F.);
#4235=ORIENTED_EDGE('',*,*,#3061,.F.);
#4236=ORIENTED_EDGE('',*,*,#3064,.F.);
#4237=ORIENTED_EDGE('',*,*,#3067,.F.);
#4238=ORIENTED_EDGE('',*,*,#3070,.F.);
#4239=ORIENTED_EDGE('',*,*,#3073,.F.);
#4240=ORIENTED_EDGE('',*,*,#3076,.F.);
#4241=ORIENTED_EDGE('',*,*,#3079,.F.);
#4242=ORIENTED_EDGE('',*,*,#3082,.F.);
#4243=ORIENTED_EDGE('',*,*,#3085,.F.);
#4244=ORIENTED_EDGE('',*,*,#3088,.F.);
#4245=ORIENTED_EDGE('',*,*,#3091,.F.);
#4246=ORIENTED_EDGE('',*,*,#3094,.F.);
#4247=ORIENTED_EDGE('',*,*,#3097,.F.);
#4248=ORIENTED_EDGE('',*,*,#3100,.F.);
#4249=ORIENTED_EDGE('',*,*,#3103,.F.);
#4250=ORIENTED_EDGE('',*,*,#3106,.F.);
#4251=ORIENTED_EDGE('',*,*,#3107,.T.);
#4252=ORIENTED_EDGE('',*,*,#3108,.T.);
#4253=ORIENTED_EDGE('',*,*,#3109,.F.);
#4254=ORIENTED_EDGE('',*,*,#3110,.F.);
#4255=ORIENTED_EDGE('',*,*,#3111,.T.);
#4256=ORIENTED_EDGE('',*,*,#3112,.T.);
#4257=ORIENTED_EDGE('',*,*,#3107,.F.);
#4258=ORIENTED_EDGE('',*,*,#3113,.F.);
#4259=ORIENTED_EDGE('',*,*,#3114,.T.);
#4260=ORIENTED_EDGE('',*,*,#3115,.T.);
#4261=ORIENTED_EDGE('',*,*,#3111,.F.);
#4262=ORIENTED_EDGE('',*,*,#3116,.F.);
#4263=ORIENTED_EDGE('',*,*,#3117,.T.);
#4264=ORIENTED_EDGE('',*,*,#3118,.T.);
#4265=ORIENTED_EDGE('',*,*,#3114,.F.);
#4266=ORIENTED_EDGE('',*,*,#3119,.F.);
#4267=ORIENTED_EDGE('',*,*,#3120,.T.);
#4268=ORIENTED_EDGE('',*,*,#3121,.T.);
#4269=ORIENTED_EDGE('',*,*,#3117,.F.);
#4270=ORIENTED_EDGE('',*,*,#3122,.F.);
#4271=ORIENTED_EDGE('',*,*,#3123,.T.);
#4272=ORIENTED_EDGE('',*,*,#3124,.T.);
#4273=ORIENTED_EDGE('',*,*,#3120,.F.);
#4274=ORIENTED_EDGE('',*,*,#3125,.F.);
#4275=ORIENTED_EDGE('',*,*,#3126,.T.);
#4276=ORIENTED_EDGE('',*,*,#3127,.T.);
#4277=ORIENTED_EDGE('',*,*,#3123,.F.);
#4278=ORIENTED_EDGE('',*,*,#3128,.F.);
#4279=ORIENTED_EDGE('',*,*,#3129,.T.);
#4280=ORIENTED_EDGE('',*,*,#3130,.T.);
#4281=ORIENTED_EDGE('',*,*,#3126,.F.);
#4282=ORIENTED_EDGE('',*,*,#3131,.F.);
#4283=ORIENTED_EDGE('',*,*,#3132,.T.);
#4284=ORIENTED_EDGE('',*,*,#3133,.T.);
#4285=ORIENTED_EDGE('',*,*,#3129,.F.);
#4286=ORIENTED_EDGE('',*,*,#3134,.F.);
#4287=ORIENTED_EDGE('',*,*,#3135,.T.);
#4288=ORIENTED_EDGE('',*,*,#3136,.T.);
#4289=ORIENTED_EDGE('',*,*,#3132,.F.);
#4290=ORIENTED_EDGE('',*,*,#3137,.F.);
#4291=ORIENTED_EDGE('',*,*,#3138,.T.);
#4292=ORIENTED_EDGE('',*,*,#3139,.T.);
#4293=ORIENTED_EDGE('',*,*,#3135,.F.);
#4294=ORIENTED_EDGE('',*,*,#3140,.F.);
#4295=ORIENTED_EDGE('',*,*,#3109,.T.);
#4296=ORIENTED_EDGE('',*,*,#3141,.T.);
#4297=ORIENTED_EDGE('',*,*,#3138,.F.);
#4298=ORIENTED_EDGE('',*,*,#3142,.F.);
#4299=ORIENTED_EDGE('',*,*,#3143,.T.);
#4300=ORIENTED_EDGE('',*,*,#3144,.T.);
#4301=ORIENTED_EDGE('',*,*,#3145,.F.);
#4302=ORIENTED_EDGE('',*,*,#3146,.F.);
#4303=ORIENTED_EDGE('',*,*,#3147,.T.);
#4304=ORIENTED_EDGE('',*,*,#3148,.T.);
#4305=ORIENTED_EDGE('',*,*,#3143,.F.);
#4306=ORIENTED_EDGE('',*,*,#3149,.F.);
#4307=ORIENTED_EDGE('',*,*,#3150,.T.);
#4308=ORIENTED_EDGE('',*,*,#3151,.T.);
#4309=ORIENTED_EDGE('',*,*,#3147,.F.);
#4310=ORIENTED_EDGE('',*,*,#3152,.F.);
#4311=ORIENTED_EDGE('',*,*,#3153,.T.);
#4312=ORIENTED_EDGE('',*,*,#3154,.T.);
#4313=ORIENTED_EDGE('',*,*,#3150,.F.);
#4314=ORIENTED_EDGE('',*,*,#3155,.F.);
#4315=ORIENTED_EDGE('',*,*,#3156,.T.);
#4316=ORIENTED_EDGE('',*,*,#3157,.T.);
#4317=ORIENTED_EDGE('',*,*,#3153,.F.);
#4318=ORIENTED_EDGE('',*,*,#3158,.F.);
#4319=ORIENTED_EDGE('',*,*,#3159,.T.);
#4320=ORIENTED_EDGE('',*,*,#3160,.T.);
#4321=ORIENTED_EDGE('',*,*,#3156,.F.);
#4322=ORIENTED_EDGE('',*,*,#3161,.F.);
#4323=ORIENTED_EDGE('',*,*,#3162,.T.);
#4324=ORIENTED_EDGE('',*,*,#3163,.T.);
#4325=ORIENTED_EDGE('',*,*,#3159,.F.);
#4326=ORIENTED_EDGE('',*,*,#3164,.F.);
#4327=ORIENTED_EDGE('',*,*,#3145,.T.);
#4328=ORIENTED_EDGE('',*,*,#3165,.T.);
#4329=ORIENTED_EDGE('',*,*,#3162,.F.);
#4330=ORIENTED_EDGE('',*,*,#3165,.F.);
#4331=ORIENTED_EDGE('',*,*,#3144,.F.);
#4332=ORIENTED_EDGE('',*,*,#3148,.F.);
#4333=ORIENTED_EDGE('',*,*,#3151,.F.);
#4334=ORIENTED_EDGE('',*,*,#3154,.F.);
#4335=ORIENTED_EDGE('',*,*,#3157,.F.);
#4336=ORIENTED_EDGE('',*,*,#3160,.F.);
#4337=ORIENTED_EDGE('',*,*,#3163,.F.);
#4338=ORIENTED_EDGE('',*,*,#3141,.F.);
#4339=ORIENTED_EDGE('',*,*,#3108,.F.);
#4340=ORIENTED_EDGE('',*,*,#3112,.F.);
#4341=ORIENTED_EDGE('',*,*,#3115,.F.);
#4342=ORIENTED_EDGE('',*,*,#3118,.F.);
#4343=ORIENTED_EDGE('',*,*,#3121,.F.);
#4344=ORIENTED_EDGE('',*,*,#3124,.F.);
#4345=ORIENTED_EDGE('',*,*,#3127,.F.);
#4346=ORIENTED_EDGE('',*,*,#3130,.F.);
#4347=ORIENTED_EDGE('',*,*,#3133,.F.);
#4348=ORIENTED_EDGE('',*,*,#3136,.F.);
#4349=ORIENTED_EDGE('',*,*,#3139,.F.);
#4350=ORIENTED_EDGE('',*,*,#3166,.F.);
#4351=ORIENTED_EDGE('',*,*,#3167,.T.);
#4352=ORIENTED_EDGE('',*,*,#3168,.T.);
#4353=ORIENTED_EDGE('',*,*,#3169,.F.);
#4354=ORIENTED_EDGE('',*,*,#3170,.F.);
#4355=ORIENTED_EDGE('',*,*,#3171,.T.);
#4356=ORIENTED_EDGE('',*,*,#3172,.T.);
#4357=ORIENTED_EDGE('',*,*,#3167,.F.);
#4358=ORIENTED_EDGE('',*,*,#3173,.F.);
#4359=ORIENTED_EDGE('',*,*,#3169,.T.);
#4360=ORIENTED_EDGE('',*,*,#3174,.T.);
#4361=ORIENTED_EDGE('',*,*,#3171,.F.);
#4362=ORIENTED_EDGE('',*,*,#3175,.F.);
#4363=ORIENTED_EDGE('',*,*,#3176,.T.);
#4364=ORIENTED_EDGE('',*,*,#3177,.T.);
#4365=ORIENTED_EDGE('',*,*,#3178,.F.);
#4366=ORIENTED_EDGE('',*,*,#3179,.F.);
#4367=ORIENTED_EDGE('',*,*,#3180,.T.);
#4368=ORIENTED_EDGE('',*,*,#3181,.T.);
#4369=ORIENTED_EDGE('',*,*,#3176,.F.);
#4370=ORIENTED_EDGE('',*,*,#3182,.F.);
#4371=ORIENTED_EDGE('',*,*,#3183,.T.);
#4372=ORIENTED_EDGE('',*,*,#3184,.T.);
#4373=ORIENTED_EDGE('',*,*,#3180,.F.);
#4374=ORIENTED_EDGE('',*,*,#3185,.F.);
#4375=ORIENTED_EDGE('',*,*,#3186,.T.);
#4376=ORIENTED_EDGE('',*,*,#3187,.T.);
#4377=ORIENTED_EDGE('',*,*,#3183,.F.);
#4378=ORIENTED_EDGE('',*,*,#3188,.F.);
#4379=ORIENTED_EDGE('',*,*,#3189,.T.);
#4380=ORIENTED_EDGE('',*,*,#3190,.T.);
#4381=ORIENTED_EDGE('',*,*,#3186,.F.);
#4382=ORIENTED_EDGE('',*,*,#3191,.F.);
#4383=ORIENTED_EDGE('',*,*,#3192,.T.);
#4384=ORIENTED_EDGE('',*,*,#3193,.T.);
#4385=ORIENTED_EDGE('',*,*,#3189,.F.);
#4386=ORIENTED_EDGE('',*,*,#3194,.F.);
#4387=ORIENTED_EDGE('',*,*,#3195,.T.);
#4388=ORIENTED_EDGE('',*,*,#3196,.T.);
#4389=ORIENTED_EDGE('',*,*,#3192,.F.);
#4390=ORIENTED_EDGE('',*,*,#3197,.F.);
#4391=ORIENTED_EDGE('',*,*,#3178,.T.);
#4392=ORIENTED_EDGE('',*,*,#3198,.T.);
#4393=ORIENTED_EDGE('',*,*,#3195,.F.);
#4394=ORIENTED_EDGE('',*,*,#3198,.F.);
#4395=ORIENTED_EDGE('',*,*,#3177,.F.);
#4396=ORIENTED_EDGE('',*,*,#3181,.F.);
#4397=ORIENTED_EDGE('',*,*,#3184,.F.);
#4398=ORIENTED_EDGE('',*,*,#3187,.F.);
#4399=ORIENTED_EDGE('',*,*,#3190,.F.);
#4400=ORIENTED_EDGE('',*,*,#3193,.F.);
#4401=ORIENTED_EDGE('',*,*,#3196,.F.);
#4402=ORIENTED_EDGE('',*,*,#3174,.F.);
#4403=ORIENTED_EDGE('',*,*,#3168,.F.);
#4404=ORIENTED_EDGE('',*,*,#3172,.F.);
#4405=ORIENTED_EDGE('',*,*,#3199,.F.);
#4406=ORIENTED_EDGE('',*,*,#3200,.T.);
#4407=ORIENTED_EDGE('',*,*,#3201,.T.);
#4408=ORIENTED_EDGE('',*,*,#3202,.F.);
#4409=ORIENTED_EDGE('',*,*,#3203,.F.);
#4410=ORIENTED_EDGE('',*,*,#3204,.T.);
#4411=ORIENTED_EDGE('',*,*,#3205,.T.);
#4412=ORIENTED_EDGE('',*,*,#3200,.F.);
#4413=ORIENTED_EDGE('',*,*,#3206,.F.);
#4414=ORIENTED_EDGE('',*,*,#3207,.T.);
#4415=ORIENTED_EDGE('',*,*,#3208,.T.);
#4416=ORIENTED_EDGE('',*,*,#3204,.F.);
#4417=ORIENTED_EDGE('',*,*,#3209,.F.);
#4418=ORIENTED_EDGE('',*,*,#3210,.T.);
#4419=ORIENTED_EDGE('',*,*,#3211,.T.);
#4420=ORIENTED_EDGE('',*,*,#3207,.F.);
#4421=ORIENTED_EDGE('',*,*,#3212,.F.);
#4422=ORIENTED_EDGE('',*,*,#3213,.T.);
#4423=ORIENTED_EDGE('',*,*,#3214,.T.);
#4424=ORIENTED_EDGE('',*,*,#3210,.F.);
#4425=ORIENTED_EDGE('',*,*,#3215,.F.);
#4426=ORIENTED_EDGE('',*,*,#3216,.T.);
#4427=ORIENTED_EDGE('',*,*,#3217,.T.);
#4428=ORIENTED_EDGE('',*,*,#3213,.F.);
#4429=ORIENTED_EDGE('',*,*,#3218,.F.);
#4430=ORIENTED_EDGE('',*,*,#3219,.T.);
#4431=ORIENTED_EDGE('',*,*,#3220,.T.);
#4432=ORIENTED_EDGE('',*,*,#3216,.F.);
#4433=ORIENTED_EDGE('',*,*,#3221,.F.);
#4434=ORIENTED_EDGE('',*,*,#3222,.T.);
#4435=ORIENTED_EDGE('',*,*,#3223,.T.);
#4436=ORIENTED_EDGE('',*,*,#3219,.F.);
#4437=ORIENTED_EDGE('',*,*,#3224,.F.);
#4438=ORIENTED_EDGE('',*,*,#3225,.T.);
#4439=ORIENTED_EDGE('',*,*,#3226,.T.);
#4440=ORIENTED_EDGE('',*,*,#3222,.F.);
#4441=ORIENTED_EDGE('',*,*,#3227,.F.);
#4442=ORIENTED_EDGE('',*,*,#3228,.T.);
#4443=ORIENTED_EDGE('',*,*,#3229,.T.);
#4444=ORIENTED_EDGE('',*,*,#3225,.F.);
#4445=ORIENTED_EDGE('',*,*,#3230,.F.);
#4446=ORIENTED_EDGE('',*,*,#3231,.T.);
#4447=ORIENTED_EDGE('',*,*,#3232,.T.);
#4448=ORIENTED_EDGE('',*,*,#3228,.F.);
#4449=ORIENTED_EDGE('',*,*,#3233,.F.);
#4450=ORIENTED_EDGE('',*,*,#3202,.T.);
#4451=ORIENTED_EDGE('',*,*,#3234,.T.);
#4452=ORIENTED_EDGE('',*,*,#3231,.F.);
#4453=ORIENTED_EDGE('',*,*,#3234,.F.);
#4454=ORIENTED_EDGE('',*,*,#3201,.F.);
#4455=ORIENTED_EDGE('',*,*,#3205,.F.);
#4456=ORIENTED_EDGE('',*,*,#3208,.F.);
#4457=ORIENTED_EDGE('',*,*,#3211,.F.);
#4458=ORIENTED_EDGE('',*,*,#3214,.F.);
#4459=ORIENTED_EDGE('',*,*,#3217,.F.);
#4460=ORIENTED_EDGE('',*,*,#3220,.F.);
#4461=ORIENTED_EDGE('',*,*,#3223,.F.);
#4462=ORIENTED_EDGE('',*,*,#3226,.F.);
#4463=ORIENTED_EDGE('',*,*,#3229,.F.);
#4464=ORIENTED_EDGE('',*,*,#3232,.F.);
#4465=ORIENTED_EDGE('',*,*,#3235,.F.);
#4466=ORIENTED_EDGE('',*,*,#3236,.T.);
#4467=ORIENTED_EDGE('',*,*,#3237,.T.);
#4468=ORIENTED_EDGE('',*,*,#3238,.F.);
#4469=ORIENTED_EDGE('',*,*,#3239,.F.);
#4470=ORIENTED_EDGE('',*,*,#3240,.T.);
#4471=ORIENTED_EDGE('',*,*,#3241,.T.);
#4472=ORIENTED_EDGE('',*,*,#3236,.F.);
#4473=ORIENTED_EDGE('',*,*,#3242,.F.);
#4474=ORIENTED_EDGE('',*,*,#3243,.T.);
#4475=ORIENTED_EDGE('',*,*,#3244,.T.);
#4476=ORIENTED_EDGE('',*,*,#3240,.F.);
#4477=ORIENTED_EDGE('',*,*,#3245,.F.);
#4478=ORIENTED_EDGE('',*,*,#3246,.T.);
#4479=ORIENTED_EDGE('',*,*,#3247,.T.);
#4480=ORIENTED_EDGE('',*,*,#3243,.F.);
#4481=ORIENTED_EDGE('',*,*,#3248,.F.);
#4482=ORIENTED_EDGE('',*,*,#3249,.T.);
#4483=ORIENTED_EDGE('',*,*,#3250,.T.);
#4484=ORIENTED_EDGE('',*,*,#3246,.F.);
#4485=ORIENTED_EDGE('',*,*,#3251,.F.);
#4486=ORIENTED_EDGE('',*,*,#3252,.T.);
#4487=ORIENTED_EDGE('',*,*,#3253,.T.);
#4488=ORIENTED_EDGE('',*,*,#3249,.F.);
#4489=ORIENTED_EDGE('',*,*,#3254,.F.);
#4490=ORIENTED_EDGE('',*,*,#3255,.T.);
#4491=ORIENTED_EDGE('',*,*,#3256,.T.);
#4492=ORIENTED_EDGE('',*,*,#3252,.F.);
#4493=ORIENTED_EDGE('',*,*,#3257,.F.);
#4494=ORIENTED_EDGE('',*,*,#3258,.T.);
#4495=ORIENTED_EDGE('',*,*,#3259,.T.);
#4496=ORIENTED_EDGE('',*,*,#3255,.F.);
#4497=ORIENTED_EDGE('',*,*,#3260,.F.);
#4498=ORIENTED_EDGE('',*,*,#3261,.T.);
#4499=ORIENTED_EDGE('',*,*,#3262,.T.);
#4500=ORIENTED_EDGE('',*,*,#3258,.F.);
#4501=ORIENTED_EDGE('',*,*,#3263,.F.);
#4502=ORIENTED_EDGE('',*,*,#3264,.T.);
#4503=ORIENTED_EDGE('',*,*,#3265,.T.);
#4504=ORIENTED_EDGE('',*,*,#3261,.F.);
#4505=ORIENTED_EDGE('',*,*,#3266,.F.);
#4506=ORIENTED_EDGE('',*,*,#3267,.T.);
#4507=ORIENTED_EDGE('',*,*,#3268,.T.);
#4508=ORIENTED_EDGE('',*,*,#3264,.F.);
#4509=ORIENTED_EDGE('',*,*,#3269,.F.);
#4510=ORIENTED_EDGE('',*,*,#3270,.T.);
#4511=ORIENTED_EDGE('',*,*,#3271,.T.);
#4512=ORIENTED_EDGE('',*,*,#3267,.F.);
#4513=ORIENTED_EDGE('',*,*,#3272,.F.);
#4514=ORIENTED_EDGE('',*,*,#3273,.T.);
#4515=ORIENTED_EDGE('',*,*,#3274,.T.);
#4516=ORIENTED_EDGE('',*,*,#3270,.F.);
#4517=ORIENTED_EDGE('',*,*,#3275,.F.);
#4518=ORIENTED_EDGE('',*,*,#3276,.T.);
#4519=ORIENTED_EDGE('',*,*,#3277,.T.);
#4520=ORIENTED_EDGE('',*,*,#3273,.F.);
#4521=ORIENTED_EDGE('',*,*,#3278,.F.);
#4522=ORIENTED_EDGE('',*,*,#3279,.T.);
#4523=ORIENTED_EDGE('',*,*,#3280,.T.);
#4524=ORIENTED_EDGE('',*,*,#3276,.F.);
#4525=ORIENTED_EDGE('',*,*,#3281,.F.);
#4526=ORIENTED_EDGE('',*,*,#3282,.T.);
#4527=ORIENTED_EDGE('',*,*,#3283,.T.);
#4528=ORIENTED_EDGE('',*,*,#3279,.F.);
#4529=ORIENTED_EDGE('',*,*,#3284,.F.);
#4530=ORIENTED_EDGE('',*,*,#3285,.T.);
#4531=ORIENTED_EDGE('',*,*,#3286,.T.);
#4532=ORIENTED_EDGE('',*,*,#3282,.F.);
#4533=ORIENTED_EDGE('',*,*,#3287,.F.);
#4534=ORIENTED_EDGE('',*,*,#3288,.T.);
#4535=ORIENTED_EDGE('',*,*,#3289,.T.);
#4536=ORIENTED_EDGE('',*,*,#3285,.F.);
#4537=ORIENTED_EDGE('',*,*,#3290,.F.);
#4538=ORIENTED_EDGE('',*,*,#3291,.T.);
#4539=ORIENTED_EDGE('',*,*,#3292,.T.);
#4540=ORIENTED_EDGE('',*,*,#3288,.F.);
#4541=ORIENTED_EDGE('',*,*,#3293,.F.);
#4542=ORIENTED_EDGE('',*,*,#3294,.T.);
#4543=ORIENTED_EDGE('',*,*,#3295,.T.);
#4544=ORIENTED_EDGE('',*,*,#3291,.F.);
#4545=ORIENTED_EDGE('',*,*,#3296,.F.);
#4546=ORIENTED_EDGE('',*,*,#3297,.T.);
#4547=ORIENTED_EDGE('',*,*,#3298,.T.);
#4548=ORIENTED_EDGE('',*,*,#3294,.F.);
#4549=ORIENTED_EDGE('',*,*,#3299,.F.);
#4550=ORIENTED_EDGE('',*,*,#3300,.T.);
#4551=ORIENTED_EDGE('',*,*,#3301,.T.);
#4552=ORIENTED_EDGE('',*,*,#3297,.F.);
#4553=ORIENTED_EDGE('',*,*,#3302,.F.);
#4554=ORIENTED_EDGE('',*,*,#3303,.T.);
#4555=ORIENTED_EDGE('',*,*,#3304,.T.);
#4556=ORIENTED_EDGE('',*,*,#3300,.F.);
#4557=ORIENTED_EDGE('',*,*,#3305,.F.);
#4558=ORIENTED_EDGE('',*,*,#3306,.T.);
#4559=ORIENTED_EDGE('',*,*,#3307,.T.);
#4560=ORIENTED_EDGE('',*,*,#3303,.F.);
#4561=ORIENTED_EDGE('',*,*,#3308,.F.);
#4562=ORIENTED_EDGE('',*,*,#3309,.T.);
#4563=ORIENTED_EDGE('',*,*,#3310,.T.);
#4564=ORIENTED_EDGE('',*,*,#3306,.F.);
#4565=ORIENTED_EDGE('',*,*,#3311,.F.);
#4566=ORIENTED_EDGE('',*,*,#3312,.T.);
#4567=ORIENTED_EDGE('',*,*,#3313,.T.);
#4568=ORIENTED_EDGE('',*,*,#3309,.F.);
#4569=ORIENTED_EDGE('',*,*,#3314,.F.);
#4570=ORIENTED_EDGE('',*,*,#3315,.T.);
#4571=ORIENTED_EDGE('',*,*,#3316,.T.);
#4572=ORIENTED_EDGE('',*,*,#3312,.F.);
#4573=ORIENTED_EDGE('',*,*,#3317,.F.);
#4574=ORIENTED_EDGE('',*,*,#3238,.T.);
#4575=ORIENTED_EDGE('',*,*,#3318,.T.);
#4576=ORIENTED_EDGE('',*,*,#3315,.F.);
#4577=ORIENTED_EDGE('',*,*,#3318,.F.);
#4578=ORIENTED_EDGE('',*,*,#3237,.F.);
#4579=ORIENTED_EDGE('',*,*,#3241,.F.);
#4580=ORIENTED_EDGE('',*,*,#3244,.F.);
#4581=ORIENTED_EDGE('',*,*,#3247,.F.);
#4582=ORIENTED_EDGE('',*,*,#3250,.F.);
#4583=ORIENTED_EDGE('',*,*,#3253,.F.);
#4584=ORIENTED_EDGE('',*,*,#3256,.F.);
#4585=ORIENTED_EDGE('',*,*,#3259,.F.);
#4586=ORIENTED_EDGE('',*,*,#3262,.F.);
#4587=ORIENTED_EDGE('',*,*,#3265,.F.);
#4588=ORIENTED_EDGE('',*,*,#3268,.F.);
#4589=ORIENTED_EDGE('',*,*,#3271,.F.);
#4590=ORIENTED_EDGE('',*,*,#3274,.F.);
#4591=ORIENTED_EDGE('',*,*,#3277,.F.);
#4592=ORIENTED_EDGE('',*,*,#3280,.F.);
#4593=ORIENTED_EDGE('',*,*,#3283,.F.);
#4594=ORIENTED_EDGE('',*,*,#3286,.F.);
#4595=ORIENTED_EDGE('',*,*,#3289,.F.);
#4596=ORIENTED_EDGE('',*,*,#3292,.F.);
#4597=ORIENTED_EDGE('',*,*,#3295,.F.);
#4598=ORIENTED_EDGE('',*,*,#3298,.F.);
#4599=ORIENTED_EDGE('',*,*,#3301,.F.);
#4600=ORIENTED_EDGE('',*,*,#3304,.F.);
#4601=ORIENTED_EDGE('',*,*,#3307,.F.);
#4602=ORIENTED_EDGE('',*,*,#3310,.F.);
#4603=ORIENTED_EDGE('',*,*,#3313,.F.);
#4604=ORIENTED_EDGE('',*,*,#3316,.F.);
#4605=ORIENTED_EDGE('',*,*,#3319,.F.);
#4606=ORIENTED_EDGE('',*,*,#3320,.T.);
#4607=ORIENTED_EDGE('',*,*,#3321,.T.);
#4608=ORIENTED_EDGE('',*,*,#3322,.F.);
#4609=ORIENTED_EDGE('',*,*,#3323,.F.);
#4610=ORIENTED_EDGE('',*,*,#3324,.T.);
#4611=ORIENTED_EDGE('',*,*,#3325,.T.);
#4612=ORIENTED_EDGE('',*,*,#3320,.F.);
#4613=ORIENTED_EDGE('',*,*,#3326,.F.);
#4614=ORIENTED_EDGE('',*,*,#3327,.T.);
#4615=ORIENTED_EDGE('',*,*,#3328,.T.);
#4616=ORIENTED_EDGE('',*,*,#3324,.F.);
#4617=ORIENTED_EDGE('',*,*,#3329,.F.);
#4618=ORIENTED_EDGE('',*,*,#3330,.T.);
#4619=ORIENTED_EDGE('',*,*,#3331,.T.);
#4620=ORIENTED_EDGE('',*,*,#3327,.F.);
#4621=ORIENTED_EDGE('',*,*,#3332,.F.);
#4622=ORIENTED_EDGE('',*,*,#3333,.T.);
#4623=ORIENTED_EDGE('',*,*,#3334,.T.);
#4624=ORIENTED_EDGE('',*,*,#3330,.F.);
#4625=ORIENTED_EDGE('',*,*,#3335,.F.);
#4626=ORIENTED_EDGE('',*,*,#3336,.T.);
#4627=ORIENTED_EDGE('',*,*,#3337,.T.);
#4628=ORIENTED_EDGE('',*,*,#3333,.F.);
#4629=ORIENTED_EDGE('',*,*,#3338,.F.);
#4630=ORIENTED_EDGE('',*,*,#3339,.T.);
#4631=ORIENTED_EDGE('',*,*,#3340,.T.);
#4632=ORIENTED_EDGE('',*,*,#3336,.F.);
#4633=ORIENTED_EDGE('',*,*,#3341,.F.);
#4634=ORIENTED_EDGE('',*,*,#3342,.T.);
#4635=ORIENTED_EDGE('',*,*,#3343,.T.);
#4636=ORIENTED_EDGE('',*,*,#3339,.F.);
#4637=ORIENTED_EDGE('',*,*,#3344,.F.);
#4638=ORIENTED_EDGE('',*,*,#3345,.T.);
#4639=ORIENTED_EDGE('',*,*,#3346,.T.);
#4640=ORIENTED_EDGE('',*,*,#3342,.F.);
#4641=ORIENTED_EDGE('',*,*,#3347,.F.);
#4642=ORIENTED_EDGE('',*,*,#3348,.T.);
#4643=ORIENTED_EDGE('',*,*,#3349,.T.);
#4644=ORIENTED_EDGE('',*,*,#3345,.F.);
#4645=ORIENTED_EDGE('',*,*,#3350,.F.);
#4646=ORIENTED_EDGE('',*,*,#3351,.T.);
#4647=ORIENTED_EDGE('',*,*,#3352,.T.);
#4648=ORIENTED_EDGE('',*,*,#3348,.F.);
#4649=ORIENTED_EDGE('',*,*,#3353,.F.);
#4650=ORIENTED_EDGE('',*,*,#3354,.T.);
#4651=ORIENTED_EDGE('',*,*,#3355,.T.);
#4652=ORIENTED_EDGE('',*,*,#3351,.F.);
#4653=ORIENTED_EDGE('',*,*,#3356,.F.);
#4654=ORIENTED_EDGE('',*,*,#3357,.T.);
#4655=ORIENTED_EDGE('',*,*,#3358,.T.);
#4656=ORIENTED_EDGE('',*,*,#3354,.F.);
#4657=ORIENTED_EDGE('',*,*,#3359,.F.);
#4658=ORIENTED_EDGE('',*,*,#3360,.T.);
#4659=ORIENTED_EDGE('',*,*,#3361,.T.);
#4660=ORIENTED_EDGE('',*,*,#3357,.F.);
#4661=ORIENTED_EDGE('',*,*,#3362,.F.);
#4662=ORIENTED_EDGE('',*,*,#3363,.T.);
#4663=ORIENTED_EDGE('',*,*,#3364,.T.);
#4664=ORIENTED_EDGE('',*,*,#3360,.F.);
#4665=ORIENTED_EDGE('',*,*,#3365,.F.);
#4666=ORIENTED_EDGE('',*,*,#3366,.T.);
#4667=ORIENTED_EDGE('',*,*,#3367,.T.);
#4668=ORIENTED_EDGE('',*,*,#3363,.F.);
#4669=ORIENTED_EDGE('',*,*,#3368,.F.);
#4670=ORIENTED_EDGE('',*,*,#3369,.T.);
#4671=ORIENTED_EDGE('',*,*,#3370,.T.);
#4672=ORIENTED_EDGE('',*,*,#3366,.F.);
#4673=ORIENTED_EDGE('',*,*,#3371,.F.);
#4674=ORIENTED_EDGE('',*,*,#3372,.T.);
#4675=ORIENTED_EDGE('',*,*,#3373,.T.);
#4676=ORIENTED_EDGE('',*,*,#3369,.F.);
#4677=ORIENTED_EDGE('',*,*,#3374,.F.);
#4678=ORIENTED_EDGE('',*,*,#3322,.T.);
#4679=ORIENTED_EDGE('',*,*,#3375,.T.);
#4680=ORIENTED_EDGE('',*,*,#3372,.F.);
#4681=ORIENTED_EDGE('',*,*,#3375,.F.);
#4682=ORIENTED_EDGE('',*,*,#3321,.F.);
#4683=ORIENTED_EDGE('',*,*,#3325,.F.);
#4684=ORIENTED_EDGE('',*,*,#3328,.F.);
#4685=ORIENTED_EDGE('',*,*,#3331,.F.);
#4686=ORIENTED_EDGE('',*,*,#3334,.F.);
#4687=ORIENTED_EDGE('',*,*,#3337,.F.);
#4688=ORIENTED_EDGE('',*,*,#3340,.F.);
#4689=ORIENTED_EDGE('',*,*,#3343,.F.);
#4690=ORIENTED_EDGE('',*,*,#3346,.F.);
#4691=ORIENTED_EDGE('',*,*,#3349,.F.);
#4692=ORIENTED_EDGE('',*,*,#3352,.F.);
#4693=ORIENTED_EDGE('',*,*,#3355,.F.);
#4694=ORIENTED_EDGE('',*,*,#3358,.F.);
#4695=ORIENTED_EDGE('',*,*,#3361,.F.);
#4696=ORIENTED_EDGE('',*,*,#3364,.F.);
#4697=ORIENTED_EDGE('',*,*,#3367,.F.);
#4698=ORIENTED_EDGE('',*,*,#3370,.F.);
#4699=ORIENTED_EDGE('',*,*,#3373,.F.);
#4700=ORIENTED_EDGE('',*,*,#3376,.F.);
#4701=ORIENTED_EDGE('',*,*,#3377,.T.);
#4702=ORIENTED_EDGE('',*,*,#3378,.T.);
#4703=ORIENTED_EDGE('',*,*,#3379,.F.);
#4704=ORIENTED_EDGE('',*,*,#3380,.F.);
#4705=ORIENTED_EDGE('',*,*,#3381,.T.);
#4706=ORIENTED_EDGE('',*,*,#3382,.T.);
#4707=ORIENTED_EDGE('',*,*,#3377,.F.);
#4708=ORIENTED_EDGE('',*,*,#3383,.F.);
#4709=ORIENTED_EDGE('',*,*,#3384,.T.);
#4710=ORIENTED_EDGE('',*,*,#3385,.T.);
#4711=ORIENTED_EDGE('',*,*,#3381,.F.);
#4712=ORIENTED_EDGE('',*,*,#3386,.F.);
#4713=ORIENTED_EDGE('',*,*,#3379,.T.);
#4714=ORIENTED_EDGE('',*,*,#3387,.T.);
#4715=ORIENTED_EDGE('',*,*,#3384,.F.);
#4716=ORIENTED_EDGE('',*,*,#3387,.F.);
#4717=ORIENTED_EDGE('',*,*,#3378,.F.);
#4718=ORIENTED_EDGE('',*,*,#3382,.F.);
#4719=ORIENTED_EDGE('',*,*,#3385,.F.);
#4720=ORIENTED_EDGE('',*,*,#3388,.F.);
#4721=ORIENTED_EDGE('',*,*,#3389,.T.);
#4722=ORIENTED_EDGE('',*,*,#3390,.T.);
#4723=ORIENTED_EDGE('',*,*,#3391,.F.);
#4724=ORIENTED_EDGE('',*,*,#3392,.F.);
#4725=ORIENTED_EDGE('',*,*,#3393,.T.);
#4726=ORIENTED_EDGE('',*,*,#3394,.T.);
#4727=ORIENTED_EDGE('',*,*,#3389,.F.);
#4728=ORIENTED_EDGE('',*,*,#3395,.F.);
#4729=ORIENTED_EDGE('',*,*,#3396,.T.);
#4730=ORIENTED_EDGE('',*,*,#3397,.T.);
#4731=ORIENTED_EDGE('',*,*,#3393,.F.);
#4732=ORIENTED_EDGE('',*,*,#3398,.F.);
#4733=ORIENTED_EDGE('',*,*,#3399,.T.);
#4734=ORIENTED_EDGE('',*,*,#3400,.T.);
#4735=ORIENTED_EDGE('',*,*,#3396,.F.);
#4736=ORIENTED_EDGE('',*,*,#3401,.F.);
#4737=ORIENTED_EDGE('',*,*,#3402,.T.);
#4738=ORIENTED_EDGE('',*,*,#3403,.T.);
#4739=ORIENTED_EDGE('',*,*,#3399,.F.);
#4740=ORIENTED_EDGE('',*,*,#3404,.F.);
#4741=ORIENTED_EDGE('',*,*,#3405,.T.);
#4742=ORIENTED_EDGE('',*,*,#3406,.T.);
#4743=ORIENTED_EDGE('',*,*,#3402,.F.);
#4744=ORIENTED_EDGE('',*,*,#3407,.F.);
#4745=ORIENTED_EDGE('',*,*,#3408,.T.);
#4746=ORIENTED_EDGE('',*,*,#3409,.T.);
#4747=ORIENTED_EDGE('',*,*,#3405,.F.);
#4748=ORIENTED_EDGE('',*,*,#3410,.F.);
#4749=ORIENTED_EDGE('',*,*,#3411,.T.);
#4750=ORIENTED_EDGE('',*,*,#3412,.T.);
#4751=ORIENTED_EDGE('',*,*,#3408,.F.);
#4752=ORIENTED_EDGE('',*,*,#3413,.F.);
#4753=ORIENTED_EDGE('',*,*,#3391,.T.);
#4754=ORIENTED_EDGE('',*,*,#3414,.T.);
#4755=ORIENTED_EDGE('',*,*,#3411,.F.);
#4756=ORIENTED_EDGE('',*,*,#3415,.F.);
#4757=ORIENTED_EDGE('',*,*,#3416,.T.);
#4758=ORIENTED_EDGE('',*,*,#3417,.T.);
#4759=ORIENTED_EDGE('',*,*,#3418,.F.);
#4760=ORIENTED_EDGE('',*,*,#3419,.F.);
#4761=ORIENTED_EDGE('',*,*,#3420,.T.);
#4762=ORIENTED_EDGE('',*,*,#3421,.T.);
#4763=ORIENTED_EDGE('',*,*,#3416,.F.);
#4764=ORIENTED_EDGE('',*,*,#3422,.F.);
#4765=ORIENTED_EDGE('',*,*,#3423,.T.);
#4766=ORIENTED_EDGE('',*,*,#3424,.T.);
#4767=ORIENTED_EDGE('',*,*,#3420,.F.);
#4768=ORIENTED_EDGE('',*,*,#3425,.F.);
#4769=ORIENTED_EDGE('',*,*,#3426,.T.);
#4770=ORIENTED_EDGE('',*,*,#3427,.T.);
#4771=ORIENTED_EDGE('',*,*,#3423,.F.);
#4772=ORIENTED_EDGE('',*,*,#3428,.F.);
#4773=ORIENTED_EDGE('',*,*,#3429,.T.);
#4774=ORIENTED_EDGE('',*,*,#3430,.T.);
#4775=ORIENTED_EDGE('',*,*,#3426,.F.);
#4776=ORIENTED_EDGE('',*,*,#3431,.F.);
#4777=ORIENTED_EDGE('',*,*,#3432,.T.);
#4778=ORIENTED_EDGE('',*,*,#3433,.T.);
#4779=ORIENTED_EDGE('',*,*,#3429,.F.);
#4780=ORIENTED_EDGE('',*,*,#3434,.F.);
#4781=ORIENTED_EDGE('',*,*,#3435,.T.);
#4782=ORIENTED_EDGE('',*,*,#3436,.T.);
#4783=ORIENTED_EDGE('',*,*,#3432,.F.);
#4784=ORIENTED_EDGE('',*,*,#3437,.F.);
#4785=ORIENTED_EDGE('',*,*,#3438,.T.);
#4786=ORIENTED_EDGE('',*,*,#3439,.T.);
#4787=ORIENTED_EDGE('',*,*,#3435,.F.);
#4788=ORIENTED_EDGE('',*,*,#3440,.F.);
#4789=ORIENTED_EDGE('',*,*,#3418,.T.);
#4790=ORIENTED_EDGE('',*,*,#3441,.T.);
#4791=ORIENTED_EDGE('',*,*,#3438,.F.);
#4792=ORIENTED_EDGE('',*,*,#3442,.F.);
#4793=ORIENTED_EDGE('',*,*,#3443,.T.);
#4794=ORIENTED_EDGE('',*,*,#3444,.T.);
#4795=ORIENTED_EDGE('',*,*,#3445,.F.);
#4796=ORIENTED_EDGE('',*,*,#3446,.F.);
#4797=ORIENTED_EDGE('',*,*,#3447,.T.);
#4798=ORIENTED_EDGE('',*,*,#3448,.T.);
#4799=ORIENTED_EDGE('',*,*,#3443,.F.);
#4800=ORIENTED_EDGE('',*,*,#3449,.F.);
#4801=ORIENTED_EDGE('',*,*,#3450,.T.);
#4802=ORIENTED_EDGE('',*,*,#3451,.T.);
#4803=ORIENTED_EDGE('',*,*,#3447,.F.);
#4804=ORIENTED_EDGE('',*,*,#3452,.F.);
#4805=ORIENTED_EDGE('',*,*,#3453,.T.);
#4806=ORIENTED_EDGE('',*,*,#3454,.T.);
#4807=ORIENTED_EDGE('',*,*,#3450,.F.);
#4808=ORIENTED_EDGE('',*,*,#3455,.F.);
#4809=ORIENTED_EDGE('',*,*,#3456,.T.);
#4810=ORIENTED_EDGE('',*,*,#3457,.T.);
#4811=ORIENTED_EDGE('',*,*,#3453,.F.);
#4812=ORIENTED_EDGE('',*,*,#3458,.F.);
#4813=ORIENTED_EDGE('',*,*,#3459,.T.);
#4814=ORIENTED_EDGE('',*,*,#3460,.T.);
#4815=ORIENTED_EDGE('',*,*,#3456,.F.);
#4816=ORIENTED_EDGE('',*,*,#3461,.F.);
#4817=ORIENTED_EDGE('',*,*,#3462,.T.);
#4818=ORIENTED_EDGE('',*,*,#3463,.T.);
#4819=ORIENTED_EDGE('',*,*,#3459,.F.);
#4820=ORIENTED_EDGE('',*,*,#3464,.F.);
#4821=ORIENTED_EDGE('',*,*,#3465,.T.);
#4822=ORIENTED_EDGE('',*,*,#3466,.T.);
#4823=ORIENTED_EDGE('',*,*,#3462,.F.);
#4824=ORIENTED_EDGE('',*,*,#3467,.F.);
#4825=ORIENTED_EDGE('',*,*,#3468,.T.);
#4826=ORIENTED_EDGE('',*,*,#3469,.T.);
#4827=ORIENTED_EDGE('',*,*,#3465,.F.);
#4828=ORIENTED_EDGE('',*,*,#3470,.F.);
#4829=ORIENTED_EDGE('',*,*,#3471,.T.);
#4830=ORIENTED_EDGE('',*,*,#3472,.T.);
#4831=ORIENTED_EDGE('',*,*,#3468,.F.);
#4832=ORIENTED_EDGE('',*,*,#3473,.F.);
#4833=ORIENTED_EDGE('',*,*,#3474,.T.);
#4834=ORIENTED_EDGE('',*,*,#3475,.T.);
#4835=ORIENTED_EDGE('',*,*,#3471,.F.);
#4836=ORIENTED_EDGE('',*,*,#3476,.F.);
#4837=ORIENTED_EDGE('',*,*,#3477,.T.);
#4838=ORIENTED_EDGE('',*,*,#3478,.T.);
#4839=ORIENTED_EDGE('',*,*,#3474,.F.);
#4840=ORIENTED_EDGE('',*,*,#3479,.F.);
#4841=ORIENTED_EDGE('',*,*,#3480,.T.);
#4842=ORIENTED_EDGE('',*,*,#3481,.T.);
#4843=ORIENTED_EDGE('',*,*,#3477,.F.);
#4844=ORIENTED_EDGE('',*,*,#3482,.F.);
#4845=ORIENTED_EDGE('',*,*,#3483,.T.);
#4846=ORIENTED_EDGE('',*,*,#3484,.T.);
#4847=ORIENTED_EDGE('',*,*,#3480,.F.);
#4848=ORIENTED_EDGE('',*,*,#3485,.F.);
#4849=ORIENTED_EDGE('',*,*,#3445,.T.);
#4850=ORIENTED_EDGE('',*,*,#3486,.T.);
#4851=ORIENTED_EDGE('',*,*,#3483,.F.);
#4852=ORIENTED_EDGE('',*,*,#3486,.F.);
#4853=ORIENTED_EDGE('',*,*,#3444,.F.);
#4854=ORIENTED_EDGE('',*,*,#3448,.F.);
#4855=ORIENTED_EDGE('',*,*,#3451,.F.);
#4856=ORIENTED_EDGE('',*,*,#3454,.F.);
#4857=ORIENTED_EDGE('',*,*,#3457,.F.);
#4858=ORIENTED_EDGE('',*,*,#3460,.F.);
#4859=ORIENTED_EDGE('',*,*,#3463,.F.);
#4860=ORIENTED_EDGE('',*,*,#3466,.F.);
#4861=ORIENTED_EDGE('',*,*,#3469,.F.);
#4862=ORIENTED_EDGE('',*,*,#3472,.F.);
#4863=ORIENTED_EDGE('',*,*,#3475,.F.);
#4864=ORIENTED_EDGE('',*,*,#3478,.F.);
#4865=ORIENTED_EDGE('',*,*,#3481,.F.);
#4866=ORIENTED_EDGE('',*,*,#3484,.F.);
#4867=ORIENTED_EDGE('',*,*,#3441,.F.);
#4868=ORIENTED_EDGE('',*,*,#3417,.F.);
#4869=ORIENTED_EDGE('',*,*,#3421,.F.);
#4870=ORIENTED_EDGE('',*,*,#3424,.F.);
#4871=ORIENTED_EDGE('',*,*,#3427,.F.);
#4872=ORIENTED_EDGE('',*,*,#3430,.F.);
#4873=ORIENTED_EDGE('',*,*,#3433,.F.);
#4874=ORIENTED_EDGE('',*,*,#3436,.F.);
#4875=ORIENTED_EDGE('',*,*,#3439,.F.);
#4876=ORIENTED_EDGE('',*,*,#3414,.F.);
#4877=ORIENTED_EDGE('',*,*,#3390,.F.);
#4878=ORIENTED_EDGE('',*,*,#3394,.F.);
#4879=ORIENTED_EDGE('',*,*,#3397,.F.);
#4880=ORIENTED_EDGE('',*,*,#3400,.F.);
#4881=ORIENTED_EDGE('',*,*,#3403,.F.);
#4882=ORIENTED_EDGE('',*,*,#3406,.F.);
#4883=ORIENTED_EDGE('',*,*,#3409,.F.);
#4884=ORIENTED_EDGE('',*,*,#3412,.F.);
#4885=ORIENTED_EDGE('',*,*,#3487,.T.);
#4886=ORIENTED_EDGE('',*,*,#3488,.F.);
#4887=ORIENTED_EDGE('',*,*,#3489,.F.);
#4888=ORIENTED_EDGE('',*,*,#3490,.F.);
#4889=ORIENTED_EDGE('',*,*,#3442,.T.);
#4890=ORIENTED_EDGE('',*,*,#3485,.T.);
#4891=ORIENTED_EDGE('',*,*,#3482,.T.);
#4892=ORIENTED_EDGE('',*,*,#3479,.T.);
#4893=ORIENTED_EDGE('',*,*,#3476,.T.);
#4894=ORIENTED_EDGE('',*,*,#3473,.T.);
#4895=ORIENTED_EDGE('',*,*,#3470,.T.);
#4896=ORIENTED_EDGE('',*,*,#3467,.T.);
#4897=ORIENTED_EDGE('',*,*,#3464,.T.);
#4898=ORIENTED_EDGE('',*,*,#3461,.T.);
#4899=ORIENTED_EDGE('',*,*,#3458,.T.);
#4900=ORIENTED_EDGE('',*,*,#3455,.T.);
#4901=ORIENTED_EDGE('',*,*,#3452,.T.);
#4902=ORIENTED_EDGE('',*,*,#3449,.T.);
#4903=ORIENTED_EDGE('',*,*,#3446,.T.);
#4904=ORIENTED_EDGE('',*,*,#3376,.T.);
#4905=ORIENTED_EDGE('',*,*,#3386,.T.);
#4906=ORIENTED_EDGE('',*,*,#3383,.T.);
#4907=ORIENTED_EDGE('',*,*,#3380,.T.);
#4908=ORIENTED_EDGE('',*,*,#3319,.T.);
#4909=ORIENTED_EDGE('',*,*,#3374,.T.);
#4910=ORIENTED_EDGE('',*,*,#3371,.T.);
#4911=ORIENTED_EDGE('',*,*,#3368,.T.);
#4912=ORIENTED_EDGE('',*,*,#3365,.T.);
#4913=ORIENTED_EDGE('',*,*,#3362,.T.);
#4914=ORIENTED_EDGE('',*,*,#3359,.T.);
#4915=ORIENTED_EDGE('',*,*,#3356,.T.);
#4916=ORIENTED_EDGE('',*,*,#3353,.T.);
#4917=ORIENTED_EDGE('',*,*,#3350,.T.);
#4918=ORIENTED_EDGE('',*,*,#3347,.T.);
#4919=ORIENTED_EDGE('',*,*,#3344,.T.);
#4920=ORIENTED_EDGE('',*,*,#3341,.T.);
#4921=ORIENTED_EDGE('',*,*,#3338,.T.);
#4922=ORIENTED_EDGE('',*,*,#3335,.T.);
#4923=ORIENTED_EDGE('',*,*,#3332,.T.);
#4924=ORIENTED_EDGE('',*,*,#3329,.T.);
#4925=ORIENTED_EDGE('',*,*,#3326,.T.);
#4926=ORIENTED_EDGE('',*,*,#3323,.T.);
#4927=ORIENTED_EDGE('',*,*,#3235,.T.);
#4928=ORIENTED_EDGE('',*,*,#3317,.T.);
#4929=ORIENTED_EDGE('',*,*,#3314,.T.);
#4930=ORIENTED_EDGE('',*,*,#3311,.T.);
#4931=ORIENTED_EDGE('',*,*,#3308,.T.);
#4932=ORIENTED_EDGE('',*,*,#3305,.T.);
#4933=ORIENTED_EDGE('',*,*,#3302,.T.);
#4934=ORIENTED_EDGE('',*,*,#3299,.T.);
#4935=ORIENTED_EDGE('',*,*,#3296,.T.);
#4936=ORIENTED_EDGE('',*,*,#3293,.T.);
#4937=ORIENTED_EDGE('',*,*,#3290,.T.);
#4938=ORIENTED_EDGE('',*,*,#3287,.T.);
#4939=ORIENTED_EDGE('',*,*,#3284,.T.);
#4940=ORIENTED_EDGE('',*,*,#3281,.T.);
#4941=ORIENTED_EDGE('',*,*,#3278,.T.);
#4942=ORIENTED_EDGE('',*,*,#3275,.T.);
#4943=ORIENTED_EDGE('',*,*,#3272,.T.);
#4944=ORIENTED_EDGE('',*,*,#3269,.T.);
#4945=ORIENTED_EDGE('',*,*,#3266,.T.);
#4946=ORIENTED_EDGE('',*,*,#3263,.T.);
#4947=ORIENTED_EDGE('',*,*,#3260,.T.);
#4948=ORIENTED_EDGE('',*,*,#3257,.T.);
#4949=ORIENTED_EDGE('',*,*,#3254,.T.);
#4950=ORIENTED_EDGE('',*,*,#3251,.T.);
#4951=ORIENTED_EDGE('',*,*,#3248,.T.);
#4952=ORIENTED_EDGE('',*,*,#3245,.T.);
#4953=ORIENTED_EDGE('',*,*,#3242,.T.);
#4954=ORIENTED_EDGE('',*,*,#3239,.T.);
#4955=ORIENTED_EDGE('',*,*,#3199,.T.);
#4956=ORIENTED_EDGE('',*,*,#3233,.T.);
#4957=ORIENTED_EDGE('',*,*,#3230,.T.);
#4958=ORIENTED_EDGE('',*,*,#3227,.T.);
#4959=ORIENTED_EDGE('',*,*,#3224,.T.);
#4960=ORIENTED_EDGE('',*,*,#3221,.T.);
#4961=ORIENTED_EDGE('',*,*,#3218,.T.);
#4962=ORIENTED_EDGE('',*,*,#3215,.T.);
#4963=ORIENTED_EDGE('',*,*,#3212,.T.);
#4964=ORIENTED_EDGE('',*,*,#3209,.T.);
#4965=ORIENTED_EDGE('',*,*,#3206,.T.);
#4966=ORIENTED_EDGE('',*,*,#3203,.T.);
#4967=ORIENTED_EDGE('',*,*,#3175,.T.);
#4968=ORIENTED_EDGE('',*,*,#3197,.T.);
#4969=ORIENTED_EDGE('',*,*,#3194,.T.);
#4970=ORIENTED_EDGE('',*,*,#3191,.T.);
#4971=ORIENTED_EDGE('',*,*,#3188,.T.);
#4972=ORIENTED_EDGE('',*,*,#3185,.T.);
#4973=ORIENTED_EDGE('',*,*,#3182,.T.);
#4974=ORIENTED_EDGE('',*,*,#3179,.T.);
#4975=ORIENTED_EDGE('',*,*,#3142,.T.);
#4976=ORIENTED_EDGE('',*,*,#3164,.T.);
#4977=ORIENTED_EDGE('',*,*,#3161,.T.);
#4978=ORIENTED_EDGE('',*,*,#3158,.T.);
#4979=ORIENTED_EDGE('',*,*,#3155,.T.);
#4980=ORIENTED_EDGE('',*,*,#3152,.T.);
#4981=ORIENTED_EDGE('',*,*,#3149,.T.);
#4982=ORIENTED_EDGE('',*,*,#3146,.T.);
#4983=ORIENTED_EDGE('',*,*,#3022,.T.);
#4984=ORIENTED_EDGE('',*,*,#3104,.T.);
#4985=ORIENTED_EDGE('',*,*,#3101,.T.);
#4986=ORIENTED_EDGE('',*,*,#3098,.T.);
#4987=ORIENTED_EDGE('',*,*,#3095,.T.);
#4988=ORIENTED_EDGE('',*,*,#3092,.T.);
#4989=ORIENTED_EDGE('',*,*,#3089,.T.);
#4990=ORIENTED_EDGE('',*,*,#3086,.T.);
#4991=ORIENTED_EDGE('',*,*,#3083,.T.);
#4992=ORIENTED_EDGE('',*,*,#3080,.T.);
#4993=ORIENTED_EDGE('',*,*,#3077,.T.);
#4994=ORIENTED_EDGE('',*,*,#3074,.T.);
#4995=ORIENTED_EDGE('',*,*,#3071,.T.);
#4996=ORIENTED_EDGE('',*,*,#3068,.T.);
#4997=ORIENTED_EDGE('',*,*,#3065,.T.);
#4998=ORIENTED_EDGE('',*,*,#3062,.T.);
#4999=ORIENTED_EDGE('',*,*,#3059,.T.);
#5000=ORIENTED_EDGE('',*,*,#3056,.T.);
#5001=ORIENTED_EDGE('',*,*,#3053,.T.);
#5002=ORIENTED_EDGE('',*,*,#3050,.T.);
#5003=ORIENTED_EDGE('',*,*,#3047,.T.);
#5004=ORIENTED_EDGE('',*,*,#3044,.T.);
#5005=ORIENTED_EDGE('',*,*,#3041,.T.);
#5006=ORIENTED_EDGE('',*,*,#3038,.T.);
#5007=ORIENTED_EDGE('',*,*,#3035,.T.);
#5008=ORIENTED_EDGE('',*,*,#3032,.T.);
#5009=ORIENTED_EDGE('',*,*,#3029,.T.);
#5010=ORIENTED_EDGE('',*,*,#3026,.T.);
#5011=ORIENTED_EDGE('',*,*,#2986,.T.);
#5012=ORIENTED_EDGE('',*,*,#3020,.T.);
#5013=ORIENTED_EDGE('',*,*,#3017,.T.);
#5014=ORIENTED_EDGE('',*,*,#3014,.T.);
#5015=ORIENTED_EDGE('',*,*,#3011,.T.);
#5016=ORIENTED_EDGE('',*,*,#3008,.T.);
#5017=ORIENTED_EDGE('',*,*,#3005,.T.);
#5018=ORIENTED_EDGE('',*,*,#3002,.T.);
#5019=ORIENTED_EDGE('',*,*,#2999,.T.);
#5020=ORIENTED_EDGE('',*,*,#2996,.T.);
#5021=ORIENTED_EDGE('',*,*,#2993,.T.);
#5022=ORIENTED_EDGE('',*,*,#2990,.T.);
#5023=ORIENTED_EDGE('',*,*,#2944,.T.);
#5024=ORIENTED_EDGE('',*,*,#2984,.T.);
#5025=ORIENTED_EDGE('',*,*,#2981,.T.);
#5026=ORIENTED_EDGE('',*,*,#2978,.T.);
#5027=ORIENTED_EDGE('',*,*,#2975,.T.);
#5028=ORIENTED_EDGE('',*,*,#2972,.T.);
#5029=ORIENTED_EDGE('',*,*,#2969,.T.);
#5030=ORIENTED_EDGE('',*,*,#2966,.T.);
#5031=ORIENTED_EDGE('',*,*,#2963,.T.);
#5032=ORIENTED_EDGE('',*,*,#2960,.T.);
#5033=ORIENTED_EDGE('',*,*,#2957,.T.);
#5034=ORIENTED_EDGE('',*,*,#2954,.T.);
#5035=ORIENTED_EDGE('',*,*,#2951,.T.);
#5036=ORIENTED_EDGE('',*,*,#2948,.T.);
#5037=ORIENTED_EDGE('',*,*,#2875,.T.);
#5038=ORIENTED_EDGE('',*,*,#2927,.T.);
#5039=ORIENTED_EDGE('',*,*,#2924,.T.);
#5040=ORIENTED_EDGE('',*,*,#2921,.T.);
#5041=ORIENTED_EDGE('',*,*,#2918,.T.);
#5042=ORIENTED_EDGE('',*,*,#2915,.T.);
#5043=ORIENTED_EDGE('',*,*,#2912,.T.);
#5044=ORIENTED_EDGE('',*,*,#2909,.T.);
#5045=ORIENTED_EDGE('',*,*,#2906,.T.);
#5046=ORIENTED_EDGE('',*,*,#2903,.T.);
#5047=ORIENTED_EDGE('',*,*,#2900,.T.);
#5048=ORIENTED_EDGE('',*,*,#2897,.T.);
#5049=ORIENTED_EDGE('',*,*,#2894,.T.);
#5050=ORIENTED_EDGE('',*,*,#2891,.T.);
#5051=ORIENTED_EDGE('',*,*,#2888,.T.);
#5052=ORIENTED_EDGE('',*,*,#2885,.T.);
#5053=ORIENTED_EDGE('',*,*,#2882,.T.);
#5054=ORIENTED_EDGE('',*,*,#2879,.T.);
#5055=ORIENTED_EDGE('',*,*,#2800,.T.);
#5056=ORIENTED_EDGE('',*,*,#2873,.T.);
#5057=ORIENTED_EDGE('',*,*,#2870,.T.);
#5058=ORIENTED_EDGE('',*,*,#2867,.T.);
#5059=ORIENTED_EDGE('',*,*,#2864,.T.);
#5060=ORIENTED_EDGE('',*,*,#2861,.T.);
#5061=ORIENTED_EDGE('',*,*,#2858,.T.);
#5062=ORIENTED_EDGE('',*,*,#2855,.T.);
#5063=ORIENTED_EDGE('',*,*,#2852,.T.);
#5064=ORIENTED_EDGE('',*,*,#2849,.T.);
#5065=ORIENTED_EDGE('',*,*,#2846,.T.);
#5066=ORIENTED_EDGE('',*,*,#2843,.T.);
#5067=ORIENTED_EDGE('',*,*,#2840,.T.);
#5068=ORIENTED_EDGE('',*,*,#2837,.T.);
#5069=ORIENTED_EDGE('',*,*,#2834,.T.);
#5070=ORIENTED_EDGE('',*,*,#2831,.T.);
#5071=ORIENTED_EDGE('',*,*,#2828,.T.);
#5072=ORIENTED_EDGE('',*,*,#2825,.T.);
#5073=ORIENTED_EDGE('',*,*,#2822,.T.);
#5074=ORIENTED_EDGE('',*,*,#2819,.T.);
#5075=ORIENTED_EDGE('',*,*,#2816,.T.);
#5076=ORIENTED_EDGE('',*,*,#2813,.T.);
#5077=ORIENTED_EDGE('',*,*,#2810,.T.);
#5078=ORIENTED_EDGE('',*,*,#2807,.T.);
#5079=ORIENTED_EDGE('',*,*,#2804,.T.);
#5080=ORIENTED_EDGE('',*,*,#2698,.T.);
#5081=ORIENTED_EDGE('',*,*,#2771,.T.);
#5082=ORIENTED_EDGE('',*,*,#2768,.T.);
#5083=ORIENTED_EDGE('',*,*,#2765,.T.);
#5084=ORIENTED_EDGE('',*,*,#2762,.T.);
#5085=ORIENTED_EDGE('',*,*,#2759,.T.);
#5086=ORIENTED_EDGE('',*,*,#2756,.T.);
#5087=ORIENTED_EDGE('',*,*,#2753,.T.);
#5088=ORIENTED_EDGE('',*,*,#2750,.T.);
#5089=ORIENTED_EDGE('',*,*,#2747,.T.);
#5090=ORIENTED_EDGE('',*,*,#2744,.T.);
#5091=ORIENTED_EDGE('',*,*,#2741,.T.);
#5092=ORIENTED_EDGE('',*,*,#2738,.T.);
#5093=ORIENTED_EDGE('',*,*,#2735,.T.);
#5094=ORIENTED_EDGE('',*,*,#2732,.T.);
#5095=ORIENTED_EDGE('',*,*,#2729,.T.);
#5096=ORIENTED_EDGE('',*,*,#2726,.T.);
#5097=ORIENTED_EDGE('',*,*,#2723,.T.);
#5098=ORIENTED_EDGE('',*,*,#2720,.T.);
#5099=ORIENTED_EDGE('',*,*,#2717,.T.);
#5100=ORIENTED_EDGE('',*,*,#2714,.T.);
#5101=ORIENTED_EDGE('',*,*,#2711,.T.);
#5102=ORIENTED_EDGE('',*,*,#2708,.T.);
#5103=ORIENTED_EDGE('',*,*,#2705,.T.);
#5104=ORIENTED_EDGE('',*,*,#2702,.T.);
#5105=ORIENTED_EDGE('',*,*,#3415,.T.);
#5106=ORIENTED_EDGE('',*,*,#3440,.T.);
#5107=ORIENTED_EDGE('',*,*,#3437,.T.);
#5108=ORIENTED_EDGE('',*,*,#3434,.T.);
#5109=ORIENTED_EDGE('',*,*,#3431,.T.);
#5110=ORIENTED_EDGE('',*,*,#3428,.T.);
#5111=ORIENTED_EDGE('',*,*,#3425,.T.);
#5112=ORIENTED_EDGE('',*,*,#3422,.T.);
#5113=ORIENTED_EDGE('',*,*,#3419,.T.);
#5114=ORIENTED_EDGE('',*,*,#3388,.T.);
#5115=ORIENTED_EDGE('',*,*,#3413,.T.);
#5116=ORIENTED_EDGE('',*,*,#3410,.T.);
#5117=ORIENTED_EDGE('',*,*,#3407,.T.);
#5118=ORIENTED_EDGE('',*,*,#3404,.T.);
#5119=ORIENTED_EDGE('',*,*,#3401,.T.);
#5120=ORIENTED_EDGE('',*,*,#3398,.T.);
#5121=ORIENTED_EDGE('',*,*,#3395,.T.);
#5122=ORIENTED_EDGE('',*,*,#3392,.T.);
#5123=ORIENTED_EDGE('',*,*,#3166,.T.);
#5124=ORIENTED_EDGE('',*,*,#3173,.T.);
#5125=ORIENTED_EDGE('',*,*,#3170,.T.);
#5126=ORIENTED_EDGE('',*,*,#3106,.T.);
#5127=ORIENTED_EDGE('',*,*,#3140,.T.);
#5128=ORIENTED_EDGE('',*,*,#3137,.T.);
#5129=ORIENTED_EDGE('',*,*,#3134,.T.);
#5130=ORIENTED_EDGE('',*,*,#3131,.T.);
#5131=ORIENTED_EDGE('',*,*,#3128,.T.);
#5132=ORIENTED_EDGE('',*,*,#3125,.T.);
#5133=ORIENTED_EDGE('',*,*,#3122,.T.);
#5134=ORIENTED_EDGE('',*,*,#3119,.T.);
#5135=ORIENTED_EDGE('',*,*,#3116,.T.);
#5136=ORIENTED_EDGE('',*,*,#3113,.T.);
#5137=ORIENTED_EDGE('',*,*,#3110,.T.);
#5138=ORIENTED_EDGE('',*,*,#2929,.T.);
#5139=ORIENTED_EDGE('',*,*,#2942,.T.);
#5140=ORIENTED_EDGE('',*,*,#2939,.T.);
#5141=ORIENTED_EDGE('',*,*,#2936,.T.);
#5142=ORIENTED_EDGE('',*,*,#2933,.T.);
#5143=ORIENTED_EDGE('',*,*,#2773,.T.);
#5144=ORIENTED_EDGE('',*,*,#2798,.T.);
#5145=ORIENTED_EDGE('',*,*,#2795,.T.);
#5146=ORIENTED_EDGE('',*,*,#2792,.T.);
#5147=ORIENTED_EDGE('',*,*,#2789,.T.);
#5148=ORIENTED_EDGE('',*,*,#2786,.T.);
#5149=ORIENTED_EDGE('',*,*,#2783,.T.);
#5150=ORIENTED_EDGE('',*,*,#2780,.T.);
#5151=ORIENTED_EDGE('',*,*,#2777,.T.);
#5152=ORIENTED_EDGE('',*,*,#3491,.F.);
#5153=ORIENTED_EDGE('',*,*,#3492,.T.);
#5154=ORIENTED_EDGE('',*,*,#3493,.F.);
#5155=ORIENTED_EDGE('',*,*,#3492,.F.);
#5156=ORIENTED_EDGE('',*,*,#3491,.T.);
#5157=ORIENTED_EDGE('',*,*,#3494,.F.);
#5158=ORIENTED_EDGE('',*,*,#3495,.T.);
#5159=ORIENTED_EDGE('',*,*,#3496,.F.);
#5160=ORIENTED_EDGE('',*,*,#3495,.F.);
#5161=ORIENTED_EDGE('',*,*,#3494,.T.);
#5162=ORIENTED_EDGE('',*,*,#3497,.F.);
#5163=ORIENTED_EDGE('',*,*,#3498,.T.);
#5164=ORIENTED_EDGE('',*,*,#3499,.F.);
#5165=ORIENTED_EDGE('',*,*,#3498,.F.);
#5166=ORIENTED_EDGE('',*,*,#3497,.T.);
#5167=ORIENTED_EDGE('',*,*,#3500,.F.);
#5168=ORIENTED_EDGE('',*,*,#3501,.T.);
#5169=ORIENTED_EDGE('',*,*,#3502,.F.);
#5170=ORIENTED_EDGE('',*,*,#3503,.T.);
#5171=ORIENTED_EDGE('',*,*,#3504,.F.);
#5172=ORIENTED_EDGE('',*,*,#3501,.F.);
#5173=ORIENTED_EDGE('',*,*,#3500,.T.);
#5174=ORIENTED_EDGE('',*,*,#3505,.F.);
#5175=ORIENTED_EDGE('',*,*,#3503,.F.);
#5176=ORIENTED_EDGE('',*,*,#3506,.F.);
#5177=ORIENTED_EDGE('',*,*,#3507,.T.);
#5178=ORIENTED_EDGE('',*,*,#3508,.F.);
#5179=ORIENTED_EDGE('',*,*,#3509,.T.);
#5180=ORIENTED_EDGE('',*,*,#3510,.F.);
#5181=ORIENTED_EDGE('',*,*,#3507,.F.);
#5182=ORIENTED_EDGE('',*,*,#3506,.T.);
#5183=ORIENTED_EDGE('',*,*,#3511,.F.);
#5184=ORIENTED_EDGE('',*,*,#3509,.F.);
#5185=ORIENTED_EDGE('',*,*,#3512,.T.);
#5186=ORIENTED_EDGE('',*,*,#3513,.T.);
#5187=ORIENTED_EDGE('',*,*,#3514,.T.);
#5188=ORIENTED_EDGE('',*,*,#3490,.T.);
#5189=ORIENTED_EDGE('',*,*,#3515,.T.);
#5190=ORIENTED_EDGE('',*,*,#3502,.T.);
#5191=ORIENTED_EDGE('',*,*,#3504,.T.);
#5192=ORIENTED_EDGE('',*,*,#3516,.F.);
#5193=ORIENTED_EDGE('',*,*,#3517,.F.);
#5194=ORIENTED_EDGE('',*,*,#3518,.F.);
#5195=ORIENTED_EDGE('',*,*,#3513,.F.);
#5196=ORIENTED_EDGE('',*,*,#3519,.F.);
#5197=ORIENTED_EDGE('',*,*,#3508,.T.);
#5198=ORIENTED_EDGE('',*,*,#3510,.T.);
#5199=ORIENTED_EDGE('',*,*,#3520,.F.);
#5200=ORIENTED_EDGE('',*,*,#3496,.T.);
#5201=ORIENTED_EDGE('',*,*,#3499,.T.);
#5202=ORIENTED_EDGE('',*,*,#3518,.T.);
#5203=ORIENTED_EDGE('',*,*,#3521,.F.);
#5204=ORIENTED_EDGE('',*,*,#3487,.F.);
#5205=ORIENTED_EDGE('',*,*,#3514,.F.);
#5206=ORIENTED_EDGE('',*,*,#2671,.T.);
#5207=ORIENTED_EDGE('',*,*,#2696,.T.);
#5208=ORIENTED_EDGE('',*,*,#2693,.T.);
#5209=ORIENTED_EDGE('',*,*,#2690,.T.);
#5210=ORIENTED_EDGE('',*,*,#2687,.T.);
#5211=ORIENTED_EDGE('',*,*,#2684,.T.);
#5212=ORIENTED_EDGE('',*,*,#2681,.T.);
#5213=ORIENTED_EDGE('',*,*,#2678,.T.);
#5214=ORIENTED_EDGE('',*,*,#2675,.T.);
#5215=ORIENTED_EDGE('',*,*,#3489,.T.);
#5216=ORIENTED_EDGE('',*,*,#3522,.F.);
#5217=ORIENTED_EDGE('',*,*,#3523,.F.);
#5218=ORIENTED_EDGE('',*,*,#3515,.F.);
#5219=ORIENTED_EDGE('',*,*,#3493,.T.);
#5220=ORIENTED_EDGE('',*,*,#3523,.T.);
#5221=ORIENTED_EDGE('',*,*,#3524,.F.);
#5222=ORIENTED_EDGE('',*,*,#3516,.T.);
#5223=ORIENTED_EDGE('',*,*,#3505,.T.);
#5224=ORIENTED_EDGE('',*,*,#3520,.T.);
#5225=ORIENTED_EDGE('',*,*,#3511,.T.);
#5226=ORIENTED_EDGE('',*,*,#3519,.T.);
#5227=ORIENTED_EDGE('',*,*,#3512,.F.);
#5228=ORIENTED_EDGE('',*,*,#3524,.T.);
#5229=ORIENTED_EDGE('',*,*,#3522,.T.);
#5230=ORIENTED_EDGE('',*,*,#3488,.T.);
#5231=ORIENTED_EDGE('',*,*,#3521,.T.);
#5232=ORIENTED_EDGE('',*,*,#3517,.T.);
#5233=B_SPLINE_SURFACE_WITH_KNOTS('',3,1,((#6596,#6597),(#6598,#6599),(#6600,
#6601),(#6602,#6603),(#6604,#6605)),.UNSPECIFIED.,.F.,.F.,.F.,(4,1,4),(2,
2),(0.,0.0902067594045969,0.234808831608238),(0.,0.5),.UNSPECIFIED.);
#5234=B_SPLINE_SURFACE_WITH_KNOTS('',3,1,((#6622,#6623),(#6624,#6625),(#6626,
#6627),(#6628,#6629),(#6630,#6631)),.UNSPECIFIED.,.F.,.F.,.F.,(4,1,4),(2,
2),(0.,0.101893799491487,0.19818199002767),(0.,0.5),.UNSPECIFIED.);
#5235=B_SPLINE_SURFACE_WITH_KNOTS('',3,1,((#6645,#6646),(#6647,#6648),(#6649,
#6650),(#6651,#6652),(#6653,#6654)),.UNSPECIFIED.,.F.,.F.,.F.,(4,1,4),(2,
2),(0.,0.128401957559937,0.264953417202507),(0.,0.5),.UNSPECIFIED.);
#5236=B_SPLINE_SURFACE_WITH_KNOTS('',3,1,((#6668,#6669),(#6670,#6671),(#6672,
#6673),(#6674,#6675),(#6676,#6677)),.UNSPECIFIED.,.F.,.F.,.F.,(4,1,4),(2,
2),(0.,0.10146380492586,0.208771029339198),(0.,0.5),.UNSPECIFIED.);
#5237=B_SPLINE_SURFACE_WITH_KNOTS('',3,1,((#6691,#6692),(#6693,#6694),(#6695,
#6696),(#6697,#6698),(#6699,#6700)),.UNSPECIFIED.,.F.,.F.,.F.,(4,1,4),(2,
2),(0.,0.095650137975208,0.193583721449616),(0.,0.5),.UNSPECIFIED.);
#5238=B_SPLINE_SURFACE_WITH_KNOTS('',3,1,((#6714,#6715),(#6716,#6717),(#6718,
#6719),(#6720,#6721),(#6722,#6723)),.UNSPECIFIED.,.F.,.F.,.F.,(4,1,4),(2,
2),(0.,0.1031629860902,0.199428625549806),(0.,0.5),.UNSPECIFIED.);
#5239=B_SPLINE_SURFACE_WITH_KNOTS('',3,1,((#6737,#6738),(#6739,#6740),(#6741,
#6742),(#6743,#6744),(#6745,#6746)),.UNSPECIFIED.,.F.,.F.,.F.,(4,1,4),(2,
2),(0.,0.1703028026121,0.274761729231534),(0.,0.5),.UNSPECIFIED.);
#5240=B_SPLINE_SURFACE_WITH_KNOTS('',3,1,((#6760,#6761),(#6762,#6763),(#6764,
#6765),(#6766,#6767),(#6768,#6769)),.UNSPECIFIED.,.F.,.F.,.F.,(4,1,4),(2,
2),(0.,0.123622476691615,0.300779961563277),(0.,0.5),.UNSPECIFIED.);
#5241=B_SPLINE_SURFACE_WITH_KNOTS('',3,1,((#6786,#6787),(#6788,#6789),(#6790,
#6791),(#6792,#6793),(#6794,#6795)),.UNSPECIFIED.,.F.,.F.,.F.,(4,1,4),(2,
2),(0.,0.114522892005316,0.208153748230599),(0.,0.5),.UNSPECIFIED.);
#5242=B_SPLINE_SURFACE_WITH_KNOTS('',3,1,((#6812,#6813),(#6814,#6815),(#6816,
#6817),(#6818,#6819),(#6820,#6821)),.UNSPECIFIED.,.F.,.F.,.F.,(4,1,4),(2,
2),(0.,0.107915538871108,0.267615444064608),(0.,0.5),.UNSPECIFIED.);
#5243=B_SPLINE_SURFACE_WITH_KNOTS('',3,1,((#6835,#6836),(#6837,#6838),(#6839,
#6840),(#6841,#6842),(#6843,#6844)),.UNSPECIFIED.,.F.,.F.,.F.,(4,1,4),(2,
2),(0.,0.119529383540158,0.213361034671131),(0.,0.5),.UNSPECIFIED.);
#5244=B_SPLINE_SURFACE_WITH_KNOTS('',3,1,((#6864,#6865),(#6866,#6867),(#6868,
#6869),(#6870,#6871),(#6872,#6873)),.UNSPECIFIED.,.F.,.F.,.F.,(4,1,4),(2,
2),(0.,0.290824139397964,0.48067938117971),(0.,0.5),.UNSPECIFIED.);
#5245=B_SPLINE_SURFACE_WITH_KNOTS('',3,1,((#6887,#6888),(#6889,#6890),(#6891,
#6892),(#6893,#6894),(#6895,#6896)),.UNSPECIFIED.,.F.,.F.,.F.,(4,1,4),(2,
2),(0.,0.17212461183798,0.397919688001997),(0.,0.5),.UNSPECIFIED.);
#5246=B_SPLINE_SURFACE_WITH_KNOTS('',3,1,((#6910,#6911),(#6912,#6913),(#6914,
#6915),(#6916,#6917),(#6918,#6919)),.UNSPECIFIED.,.F.,.F.,.F.,(4,1,4),(2,
2),(0.,0.137911992921459,0.278916624261322),(0.,0.5),.UNSPECIFIED.);
#5247=B_SPLINE_SURFACE_WITH_KNOTS('',3,1,((#6933,#6934),(#6935,#6936),(#6937,
#6938),(#6939,#6940),(#6941,#6942)),.UNSPECIFIED.,.F.,.F.,.F.,(4,1,4),(2,
2),(0.,0.146318284230314,0.286128135132471),(0.,0.5),.UNSPECIFIED.);
#5248=B_SPLINE_SURFACE_WITH_KNOTS('',3,1,((#6956,#6957),(#6958,#6959),(#6960,
#6961),(#6962,#6963),(#6964,#6965)),.UNSPECIFIED.,.F.,.F.,.F.,(4,1,4),(2,
2),(0.,0.210065023551363,0.425747283669212),(0.,0.5),.UNSPECIFIED.);
#5249=B_SPLINE_SURFACE_WITH_KNOTS('',3,1,((#6979,#6980),(#6981,#6982),(#6983,
#6984),(#6985,#6986),(#6987,#6988)),.UNSPECIFIED.,.F.,.F.,.F.,(4,1,4),(2,
2),(0.,0.252905197839615,0.475065861554552),(0.,0.5),.UNSPECIFIED.);
#5250=B_SPLINE_SURFACE_WITH_KNOTS('',3,1,((#7002,#7003),(#7004,#7005),(#7006,
#7007),(#7008,#7009),(#7010,#7011)),.UNSPECIFIED.,.F.,.F.,.F.,(4,1,4),(2,
2),(0.,0.151299681893515,0.305926379467758),(0.,0.5),.UNSPECIFIED.);
#5251=B_SPLINE_SURFACE_WITH_KNOTS('',3,1,((#7025,#7026),(#7027,#7028),(#7029,
#7030),(#7031,#7032),(#7033,#7034)),.UNSPECIFIED.,.F.,.F.,.F.,(4,1,4),(2,
2),(0.,0.164471284985296,0.319217341178858),(0.,0.5),.UNSPECIFIED.);
#5252=B_SPLINE_SURFACE_WITH_KNOTS('',3,1,((#7048,#7049),(#7050,#7051),(#7052,
#7053),(#7054,#7055),(#7056,#7057)),.UNSPECIFIED.,.F.,.F.,.F.,(4,1,4),(2,
2),(0.,0.036834972977786,0.0588106810507949),(0.,0.5),.UNSPECIFIED.);
#5253=B_SPLINE_SURFACE_WITH_KNOTS('',3,1,((#7071,#7072),(#7073,#7074),(#7075,
#7076),(#7077,#7078),(#7079,#7080)),.UNSPECIFIED.,.F.,.F.,.F.,(4,1,4),(2,
2),(0.,0.0628342000647139,0.14887461747866),(0.,0.5),.UNSPECIFIED.);
#5254=B_SPLINE_SURFACE_WITH_KNOTS('',3,1,((#7100,#7101),(#7102,#7103),(#7104,
#7105),(#7106,#7107),(#7108,#7109)),.UNSPECIFIED.,.F.,.F.,.F.,(4,1,4),(2,
2),(0.,0.122012893886625,0.258325386024101),(0.,0.5),.UNSPECIFIED.);
#5255=B_SPLINE_SURFACE_WITH_KNOTS('',3,1,((#7123,#7124),(#7125,#7126),(#7127,
#7128),(#7129,#7130),(#7131,#7132)),.UNSPECIFIED.,.F.,.F.,.F.,(4,1,4),(2,
2),(0.,0.207489458763455,0.353254838854236),(0.,0.5),.UNSPECIFIED.);
#5256=B_SPLINE_SURFACE_WITH_KNOTS('',3,1,((#7152,#7153),(#7154,#7155),(#7156,
#7157),(#7158,#7159),(#7160,#7161)),.UNSPECIFIED.,.F.,.F.,.F.,(4,1,4),(2,
2),(0.,0.172433830390837,0.436177765260273),(0.,0.5),.UNSPECIFIED.);
#5257=B_SPLINE_SURFACE_WITH_KNOTS('',3,1,((#7175,#7176),(#7177,#7178),(#7179,
#7180),(#7181,#7182),(#7183,#7184)),.UNSPECIFIED.,.F.,.F.,.F.,(4,1,4),(2,
2),(0.,0.158996895069061,0.296695616859055),(0.,0.5),.UNSPECIFIED.);
#5258=B_SPLINE_SURFACE_WITH_KNOTS('',3,1,((#7198,#7199),(#7200,#7201),(#7202,
#7203),(#7204,#7205),(#7206,#7207)),.UNSPECIFIED.,.F.,.F.,.F.,(4,1,4),(2,
2),(0.,0.280315121285627,0.486157105099959),(0.,0.5),.UNSPECIFIED.);
#5259=B_SPLINE_SURFACE_WITH_KNOTS('',3,1,((#7221,#7222),(#7223,#7224),(#7225,
#7226),(#7227,#7228),(#7229,#7230)),.UNSPECIFIED.,.F.,.F.,.F.,(4,1,4),(2,
2),(0.,0.241834073603347,0.55295358720081),(0.,0.5),.UNSPECIFIED.);
#5260=B_SPLINE_SURFACE_WITH_KNOTS('',3,1,((#7244,#7245),(#7246,#7247),(#7248,
#7249),(#7250,#7251),(#7252,#7253)),.UNSPECIFIED.,.F.,.F.,.F.,(4,1,4),(2,
2),(0.,0.249340065165534,0.470678894156383),(0.,0.5),.UNSPECIFIED.);
#5261=B_SPLINE_SURFACE_WITH_KNOTS('',3,1,((#7273,#7274),(#7275,#7276),(#7277,
#7278),(#7279,#7280),(#7281,#7282)),.UNSPECIFIED.,.F.,.F.,.F.,(4,1,4),(2,
2),(0.,0.0948622846726608,0.213664116047484),(0.,0.5),.UNSPECIFIED.);
#5262=B_SPLINE_SURFACE_WITH_KNOTS('',3,1,((#7294,#7295),(#7296,#7297),(#7298,
#7299),(#7300,#7301),(#7302,#7303)),.UNSPECIFIED.,.F.,.F.,.F.,(4,1,4),(2,
2),(0.,0.0902067594045969,0.234808831608238),(0.,0.5),.UNSPECIFIED.);
#5263=B_SPLINE_SURFACE_WITH_KNOTS('',3,1,((#7320,#7321),(#7322,#7323),(#7324,
#7325),(#7326,#7327),(#7328,#7329)),.UNSPECIFIED.,.F.,.F.,.F.,(4,1,4),(2,
2),(0.,0.101893715197895,0.19818195798794),(0.,0.5),.UNSPECIFIED.);
#5264=B_SPLINE_SURFACE_WITH_KNOTS('',3,1,((#7343,#7344),(#7345,#7346),(#7347,
#7348),(#7349,#7350),(#7351,#7352)),.UNSPECIFIED.,.F.,.F.,.F.,(4,1,4),(2,
2),(0.,0.128401604894745,0.264953380522984),(0.,0.5),.UNSPECIFIED.);
#5265=B_SPLINE_SURFACE_WITH_KNOTS('',3,1,((#7366,#7367),(#7368,#7369),(#7370,
#7371),(#7372,#7373),(#7374,#7375)),.UNSPECIFIED.,.F.,.F.,.F.,(4,1,4),(2,
2),(0.,0.101463905104448,0.208771012060995),(0.,0.5),.UNSPECIFIED.);
#5266=B_SPLINE_SURFACE_WITH_KNOTS('',3,1,((#7389,#7390),(#7391,#7392),(#7393,
#7394),(#7395,#7396),(#7397,#7398)),.UNSPECIFIED.,.F.,.F.,.F.,(4,1,4),(2,
2),(0.,0.095650137975208,0.193583721449616),(0.,0.5),.UNSPECIFIED.);
#5267=B_SPLINE_SURFACE_WITH_KNOTS('',3,1,((#7412,#7413),(#7414,#7415),(#7416,
#7417),(#7418,#7419),(#7420,#7421)),.UNSPECIFIED.,.F.,.F.,.F.,(4,1,4),(2,
2),(0.,0.103162904804325,0.199428573300658),(0.,0.5),.UNSPECIFIED.);
#5268=B_SPLINE_SURFACE_WITH_KNOTS('',3,1,((#7435,#7436),(#7437,#7438),(#7439,
#7440),(#7441,#7442),(#7443,#7444)),.UNSPECIFIED.,.F.,.F.,.F.,(4,1,4),(2,
2),(0.,0.170302918102394,0.274761735252103),(0.,0.5),.UNSPECIFIED.);
#5269=B_SPLINE_SURFACE_WITH_KNOTS('',3,1,((#7458,#7459),(#7460,#7461),(#7462,
#7463),(#7464,#7465),(#7466,#7467)),.UNSPECIFIED.,.F.,.F.,.F.,(4,1,4),(2,
2),(0.,0.123622476691615,0.300779961563277),(0.,0.5),.UNSPECIFIED.);
#5270=B_SPLINE_SURFACE_WITH_KNOTS('',3,1,((#7484,#7485),(#7486,#7487),(#7488,
#7489),(#7490,#7491),(#7492,#7493)),.UNSPECIFIED.,.F.,.F.,.F.,(4,1,4),(2,
2),(0.,0.114522773517056,0.208153738844382),(0.,0.5),.UNSPECIFIED.);
#5271=B_SPLINE_SURFACE_WITH_KNOTS('',3,1,((#7510,#7511),(#7512,#7513),(#7514,
#7515),(#7516,#7517),(#7518,#7519)),.UNSPECIFIED.,.F.,.F.,.F.,(4,1,4),(2,
2),(0.,0.107915974025855,0.267615641814118),(0.,0.5),.UNSPECIFIED.);
#5272=B_SPLINE_SURFACE_WITH_KNOTS('',3,1,((#7533,#7534),(#7535,#7536),(#7537,
#7538),(#7539,#7540),(#7541,#7542)),.UNSPECIFIED.,.F.,.F.,.F.,(4,1,4),(2,
2),(0.,0.119529366532637,0.213361082660028),(0.,0.5),.UNSPECIFIED.);
#5273=B_SPLINE_SURFACE_WITH_KNOTS('',3,1,((#7562,#7563),(#7564,#7565),(#7566,
#7567),(#7568,#7569),(#7570,#7571)),.UNSPECIFIED.,.F.,.F.,.F.,(4,1,4),(2,
2),(0.,0.29082367315567,0.48067914247459),(0.,0.5),.UNSPECIFIED.);
#5274=B_SPLINE_SURFACE_WITH_KNOTS('',3,1,((#7585,#7586),(#7587,#7588),(#7589,
#7590),(#7591,#7592),(#7593,#7594)),.UNSPECIFIED.,.F.,.F.,.F.,(4,1,4),(2,
2),(0.,0.172124779474999,0.397919913654034),(0.,0.5),.UNSPECIFIED.);
#5275=B_SPLINE_SURFACE_WITH_KNOTS('',3,1,((#7608,#7609),(#7610,#7611),(#7612,
#7613),(#7614,#7615),(#7616,#7617)),.UNSPECIFIED.,.F.,.F.,.F.,(4,1,4),(2,
2),(0.,0.137911878774262,0.278916460464621),(0.,0.5),.UNSPECIFIED.);
#5276=B_SPLINE_SURFACE_WITH_KNOTS('',3,1,((#7631,#7632),(#7633,#7634),(#7635,
#7636),(#7637,#7638),(#7639,#7640)),.UNSPECIFIED.,.F.,.F.,.F.,(4,1,4),(2,
2),(0.,0.146318321569873,0.286128149025553),(0.,0.5),.UNSPECIFIED.);
#5277=B_SPLINE_SURFACE_WITH_KNOTS('',3,1,((#7654,#7655),(#7656,#7657),(#7658,
#7659),(#7660,#7661),(#7662,#7663)),.UNSPECIFIED.,.F.,.F.,.F.,(4,1,4),(2,
2),(0.,0.210065160729804,0.425747376312555),(0.,0.5),.UNSPECIFIED.);
#5278=B_SPLINE_SURFACE_WITH_KNOTS('',3,1,((#7677,#7678),(#7679,#7680),(#7681,
#7682),(#7683,#7684),(#7685,#7686)),.UNSPECIFIED.,.F.,.F.,.F.,(4,1,4),(2,
2),(0.,0.252904962119592,0.475065830579002),(0.,0.5),.UNSPECIFIED.);
#5279=B_SPLINE_SURFACE_WITH_KNOTS('',3,1,((#7700,#7701),(#7702,#7703),(#7704,
#7705),(#7706,#7707),(#7708,#7709)),.UNSPECIFIED.,.F.,.F.,.F.,(4,1,4),(2,
2),(0.,0.151299795765723,0.305926374687043),(0.,0.5),.UNSPECIFIED.);
#5280=B_SPLINE_SURFACE_WITH_KNOTS('',3,1,((#7723,#7724),(#7725,#7726),(#7727,
#7728),(#7729,#7730),(#7731,#7732)),.UNSPECIFIED.,.F.,.F.,.F.,(4,1,4),(2,
2),(0.,0.164471377068979,0.319217328823286),(0.,0.5),.UNSPECIFIED.);
#5281=B_SPLINE_SURFACE_WITH_KNOTS('',3,1,((#7746,#7747),(#7748,#7749),(#7750,
#7751),(#7752,#7753),(#7754,#7755)),.UNSPECIFIED.,.F.,.F.,.F.,(4,1,4),(2,
2),(0.,0.0368350060913824,0.0588106771620388),(0.,0.5),.UNSPECIFIED.);
#5282=B_SPLINE_SURFACE_WITH_KNOTS('',3,1,((#7769,#7770),(#7771,#7772),(#7773,
#7774),(#7775,#7776),(#7777,#7778)),.UNSPECIFIED.,.F.,.F.,.F.,(4,1,4),(2,
2),(0.,0.0628342000647139,0.148874547778724),(0.,0.5),.UNSPECIFIED.);
#5283=B_SPLINE_SURFACE_WITH_KNOTS('',3,1,((#7798,#7799),(#7800,#7801),(#7802,
#7803),(#7804,#7805),(#7806,#7807)),.UNSPECIFIED.,.F.,.F.,.F.,(4,1,4),(2,
2),(0.,0.122012958449948,0.258325357751163),(0.,0.5),.UNSPECIFIED.);
#5284=B_SPLINE_SURFACE_WITH_KNOTS('',3,1,((#7821,#7822),(#7823,#7824),(#7825,
#7826),(#7827,#7828),(#7829,#7830)),.UNSPECIFIED.,.F.,.F.,.F.,(4,1,4),(2,
2),(0.,0.207489458763455,0.353254838854236),(0.,0.5),.UNSPECIFIED.);
#5285=B_SPLINE_SURFACE_WITH_KNOTS('',3,1,((#7850,#7851),(#7852,#7853),(#7854,
#7855),(#7856,#7857),(#7858,#7859)),.UNSPECIFIED.,.F.,.F.,.F.,(4,1,4),(2,
2),(0.,0.172433830390837,0.436177765260273),(0.,0.5),.UNSPECIFIED.);
#5286=B_SPLINE_SURFACE_WITH_KNOTS('',3,1,((#7873,#7874),(#7875,#7876),(#7877,
#7878),(#7879,#7880),(#7881,#7882)),.UNSPECIFIED.,.F.,.F.,.F.,(4,1,4),(2,
2),(0.,0.158996794860303,0.296695592128005),(0.,0.5),.UNSPECIFIED.);
#5287=B_SPLINE_SURFACE_WITH_KNOTS('',3,1,((#7896,#7897),(#7898,#7899),(#7900,
#7901),(#7902,#7903),(#7904,#7905)),.UNSPECIFIED.,.F.,.F.,.F.,(4,1,4),(2,
2),(0.,0.280315359157534,0.486157113848217),(0.,0.5),.UNSPECIFIED.);
#5288=B_SPLINE_SURFACE_WITH_KNOTS('',3,1,((#7919,#7920),(#7921,#7922),(#7923,
#7924),(#7925,#7926),(#7927,#7928)),.UNSPECIFIED.,.F.,.F.,.F.,(4,1,4),(2,
2),(0.,0.241833963902725,0.552953596095008),(0.,0.5),.UNSPECIFIED.);
#5289=B_SPLINE_SURFACE_WITH_KNOTS('',3,1,((#7942,#7943),(#7944,#7945),(#7946,
#7947),(#7948,#7949),(#7950,#7951)),.UNSPECIFIED.,.F.,.F.,.F.,(4,1,4),(2,
2),(0.,0.249340112861389,0.47067885965043),(0.,0.5),.UNSPECIFIED.);
#5290=B_SPLINE_SURFACE_WITH_KNOTS('',3,1,((#7971,#7972),(#7973,#7974),(#7975,
#7976),(#7977,#7978),(#7979,#7980)),.UNSPECIFIED.,.F.,.F.,.F.,(4,1,4),(2,
2),(0.,0.0948622439556052,0.213663998328002),(0.,0.5),.UNSPECIFIED.);
#5291=B_SPLINE_SURFACE_WITH_KNOTS('',3,1,((#7992,#7993),(#7994,#7995),(#7996,
#7997),(#7998,#7999),(#8000,#8001)),.UNSPECIFIED.,.F.,.F.,.F.,(4,1,4),(2,
2),(0.,0.299065154577147,0.551881843225773),(0.,0.5),.UNSPECIFIED.);
#5292=B_SPLINE_SURFACE_WITH_KNOTS('',3,1,((#8018,#8019),(#8020,#8021),(#8022,
#8023),(#8024,#8025),(#8026,#8027)),.UNSPECIFIED.,.F.,.F.,.F.,(4,1,4),(2,
2),(0.,0.335929989281381,0.703652985207554),(0.,0.5),.UNSPECIFIED.);
#5293=B_SPLINE_SURFACE_WITH_KNOTS('',3,1,((#8041,#8042),(#8043,#8044),(#8045,
#8046),(#8047,#8048),(#8049,#8050)),.UNSPECIFIED.,.F.,.F.,.F.,(4,1,4),(2,
2),(0.,0.403210453587517,0.751497690312026),(0.,0.5),.UNSPECIFIED.);
#5294=B_SPLINE_SURFACE_WITH_KNOTS('',3,1,((#8064,#8065),(#8066,#8067),(#8068,
#8069),(#8070,#8071),(#8072,#8073)),.UNSPECIFIED.,.F.,.F.,.F.,(4,1,4),(2,
2),(0.,0.347411051760807,0.747005581338191),(0.,0.5),.UNSPECIFIED.);
#5295=B_SPLINE_SURFACE_WITH_KNOTS('',3,1,((#8087,#8088),(#8089,#8090),(#8091,
#8092),(#8093,#8094),(#8095,#8096)),.UNSPECIFIED.,.F.,.F.,.F.,(4,1,4),(2,
2),(0.,0.362510152761848,0.696855451222382),(0.,0.5),.UNSPECIFIED.);
#5296=B_SPLINE_SURFACE_WITH_KNOTS('',3,1,((#8110,#8111),(#8112,#8113),(#8114,
#8115),(#8116,#8117),(#8118,#8119)),.UNSPECIFIED.,.F.,.F.,.F.,(4,1,4),(2,
2),(0.,0.273224237951533,0.590139111514525),(0.,0.5),.UNSPECIFIED.);
#5297=B_SPLINE_SURFACE_WITH_KNOTS('',3,1,((#8133,#8134),(#8135,#8136),(#8137,
#8138),(#8139,#8140),(#8141,#8142)),.UNSPECIFIED.,.F.,.F.,.F.,(4,1,4),(2,
2),(0.,0.303830279590487,0.573007531036518),(0.,0.5),.UNSPECIFIED.);
#5298=B_SPLINE_SURFACE_WITH_KNOTS('',3,1,((#8162,#8163),(#8164,#8165),(#8166,
#8167),(#8168,#8169),(#8170,#8171)),.UNSPECIFIED.,.F.,.F.,.F.,(4,1,4),(2,
2),(0.,0.128983319115881,0.297509714458922),(0.,0.5),.UNSPECIFIED.);
#5299=B_SPLINE_SURFACE_WITH_KNOTS('',3,1,((#8185,#8186),(#8187,#8188),(#8189,
#8190),(#8191,#8192),(#8193,#8194)),.UNSPECIFIED.,.F.,.F.,.F.,(4,1,4),(2,
2),(0.,0.125568937790063,0.240694601843932),(0.,0.5),.UNSPECIFIED.);
#5300=B_SPLINE_SURFACE_WITH_KNOTS('',3,1,((#8208,#8209),(#8210,#8211),(#8212,
#8213),(#8214,#8215),(#8216,#8217)),.UNSPECIFIED.,.F.,.F.,.F.,(4,1,4),(2,
2),(0.,0.161365754695749,0.328628887344985),(0.,0.5),.UNSPECIFIED.);
#5301=B_SPLINE_SURFACE_WITH_KNOTS('',3,1,((#8231,#8232),(#8233,#8234),(#8235,
#8236),(#8237,#8238),(#8239,#8240)),.UNSPECIFIED.,.F.,.F.,.F.,(4,1,4),(2,
2),(0.,0.276312326900638,0.474094252192364),(0.,0.5),.UNSPECIFIED.);
#5302=B_SPLINE_SURFACE_WITH_KNOTS('',3,1,((#8254,#8255),(#8256,#8257),(#8258,
#8259),(#8260,#8261),(#8262,#8263)),.UNSPECIFIED.,.F.,.F.,.F.,(4,1,4),(2,
2),(0.,0.183526304968,0.433289091459552),(0.,0.5),.UNSPECIFIED.);
#5303=B_SPLINE_SURFACE_WITH_KNOTS('',3,1,((#8277,#8278),(#8279,#8280),(#8281,
#8282),(#8283,#8284),(#8285,#8286)),.UNSPECIFIED.,.F.,.F.,.F.,(4,1,4),(2,
2),(0.,0.163880894668654,0.319279123572701),(0.,0.5),.UNSPECIFIED.);
#5304=B_SPLINE_SURFACE_WITH_KNOTS('',3,1,((#8300,#8301),(#8302,#8303),(#8304,
#8305),(#8306,#8307),(#8308,#8309)),.UNSPECIFIED.,.F.,.F.,.F.,(4,1,4),(2,
2),(0.,0.110871865765074,0.234321099629328),(0.,0.5),.UNSPECIFIED.);
#5305=B_SPLINE_SURFACE_WITH_KNOTS('',3,1,((#8323,#8324),(#8325,#8326),(#8327,
#8328),(#8329,#8330),(#8331,#8332)),.UNSPECIFIED.,.F.,.F.,.F.,(4,1,4),(2,
2),(0.,0.130050678178098,0.2429173353402),(0.,0.5),.UNSPECIFIED.);
#5306=B_SPLINE_SURFACE_WITH_KNOTS('',3,1,((#8352,#8353),(#8354,#8355),(#8356,
#8357),(#8358,#8359),(#8360,#8361)),.UNSPECIFIED.,.F.,.F.,.F.,(4,1,4),(2,
2),(0.,0.245835540677722,0.524021308119573),(0.,0.5),.UNSPECIFIED.);
#5307=B_SPLINE_SURFACE_WITH_KNOTS('',3,1,((#8373,#8374),(#8375,#8376),(#8377,
#8378),(#8379,#8380),(#8381,#8382)),.UNSPECIFIED.,.F.,.F.,.F.,(4,1,4),(2,
2),(0.,0.154832951702553,0.332154058973204),(0.,0.5),.UNSPECIFIED.);
#5308=B_SPLINE_SURFACE_WITH_KNOTS('',3,1,((#8399,#8400),(#8401,#8402),(#8403,
#8404),(#8405,#8406),(#8407,#8408)),.UNSPECIFIED.,.F.,.F.,.F.,(4,1,4),(2,
2),(0.,0.146067736716042,0.290255667106526),(0.,0.5),.UNSPECIFIED.);
#5309=B_SPLINE_SURFACE_WITH_KNOTS('',3,1,((#8422,#8423),(#8424,#8425),(#8426,
#8427),(#8428,#8429),(#8430,#8431)),.UNSPECIFIED.,.F.,.F.,.F.,(4,1,4),(2,
2),(0.,0.139486789292642,0.277735750760393),(0.,0.5),.UNSPECIFIED.);
#5310=B_SPLINE_SURFACE_WITH_KNOTS('',3,1,((#8445,#8446),(#8447,#8448),(#8449,
#8450),(#8451,#8452),(#8453,#8454)),.UNSPECIFIED.,.F.,.F.,.F.,(4,1,4),(2,
2),(0.,0.185456725897837,0.339847640978161),(0.,0.5),.UNSPECIFIED.);
#5311=B_SPLINE_SURFACE_WITH_KNOTS('',3,1,((#8471,#8472),(#8473,#8474),(#8475,
#8476),(#8477,#8478),(#8479,#8480)),.UNSPECIFIED.,.F.,.F.,.F.,(4,1,4),(2,
2),(0.,0.104728367798679,0.202008099273566),(0.,0.5),.UNSPECIFIED.);
#5312=B_SPLINE_SURFACE_WITH_KNOTS('',3,1,((#8497,#8498),(#8499,#8500),(#8501,
#8502),(#8503,#8504),(#8505,#8506)),.UNSPECIFIED.,.F.,.F.,.F.,(4,1,4),(2,
2),(0.,0.152966898722541,0.307605557044996),(0.,0.5),.UNSPECIFIED.);
#5313=B_SPLINE_SURFACE_WITH_KNOTS('',3,1,((#8520,#8521),(#8522,#8523),(#8524,
#8525),(#8526,#8527),(#8528,#8529)),.UNSPECIFIED.,.F.,.F.,.F.,(4,1,4),(2,
2),(0.,0.192111773998089,0.357463192481295),(0.,0.5),.UNSPECIFIED.);
#5314=B_SPLINE_SURFACE_WITH_KNOTS('',3,1,((#8549,#8550),(#8551,#8552),(#8553,
#8554),(#8555,#8556),(#8557,#8558)),.UNSPECIFIED.,.F.,.F.,.F.,(4,1,4),(2,
2),(0.,0.379429350444378,0.861938517648321),(0.,0.5),.UNSPECIFIED.);
#5315=B_SPLINE_SURFACE_WITH_KNOTS('',3,1,((#8572,#8573),(#8574,#8575),(#8576,
#8577),(#8578,#8579),(#8580,#8581)),.UNSPECIFIED.,.F.,.F.,.F.,(4,1,4),(2,
2),(0.,0.36763261425576,0.708786058956782),(0.,0.5),.UNSPECIFIED.);
#5316=B_SPLINE_SURFACE_WITH_KNOTS('',3,1,((#8595,#8596),(#8597,#8598),(#8599,
#8600),(#8601,#8602),(#8603,#8604)),.UNSPECIFIED.,.F.,.F.,.F.,(4,1,4),(2,
2),(0.,0.327962688486217,0.66278604267337),(0.,0.5),.UNSPECIFIED.);
#5317=B_SPLINE_SURFACE_WITH_KNOTS('',3,1,((#8618,#8619),(#8620,#8621),(#8622,
#8623),(#8624,#8625),(#8626,#8627)),.UNSPECIFIED.,.F.,.F.,.F.,(4,1,4),(2,
2),(0.,0.405678752154837,0.756994389414284),(0.,0.5),.UNSPECIFIED.);
#5318=B_SPLINE_SURFACE_WITH_KNOTS('',3,1,((#8641,#8642),(#8643,#8644),(#8645,
#8646),(#8647,#8648),(#8649,#8650)),.UNSPECIFIED.,.F.,.F.,.F.,(4,1,4),(2,
2),(0.,0.310244728018152,0.657615919673834),(0.,0.5),.UNSPECIFIED.);
#5319=B_SPLINE_SURFACE_WITH_KNOTS('',3,1,((#8664,#8665),(#8666,#8667),(#8668,
#8669),(#8670,#8671),(#8672,#8673)),.UNSPECIFIED.,.F.,.F.,.F.,(4,1,4),(2,
2),(0.,0.418164593265183,0.787825725875067),(0.,0.5),.UNSPECIFIED.);
#5320=B_SPLINE_SURFACE_WITH_KNOTS('',3,1,((#8687,#8688),(#8689,#8690),(#8691,
#8692),(#8693,#8694),(#8695,#8696)),.UNSPECIFIED.,.F.,.F.,.F.,(4,1,4),(2,
2),(0.,0.24617450695642,0.521810341291491),(0.,0.5),.UNSPECIFIED.);
#5321=B_SPLINE_SURFACE_WITH_KNOTS('',3,1,((#8710,#8711),(#8712,#8713),(#8714,
#8715),(#8716,#8717),(#8718,#8719)),.UNSPECIFIED.,.F.,.F.,.F.,(4,1,4),(2,
2),(0.,0.259980286520525,0.500859917715243),(0.,0.5),.UNSPECIFIED.);
#5322=B_SPLINE_SURFACE_WITH_KNOTS('',3,1,((#8739,#8740),(#8741,#8742),(#8743,
#8744),(#8745,#8746),(#8747,#8748)),.UNSPECIFIED.,.F.,.F.,.F.,(4,1,4),(2,
2),(0.,0.104696715936526,0.23200595110413),(0.,0.5),.UNSPECIFIED.);
#5323=B_SPLINE_SURFACE_WITH_KNOTS('',3,1,((#8833,#8834),(#8835,#8836),(#8837,
#8838),(#8839,#8840),(#8841,#8842)),.UNSPECIFIED.,.F.,.F.,.F.,(4,1,4),(2,
2),(0.,0.314182939475581,0.605980201028054),(0.,0.5),.UNSPECIFIED.);
#5324=B_SPLINE_SURFACE_WITH_KNOTS('',3,1,((#8859,#8860),(#8861,#8862),(#8863,
#8864),(#8865,#8866),(#8867,#8868)),.UNSPECIFIED.,.F.,.F.,.F.,(4,1,4),(2,
2),(0.,0.321067515082177,0.654843042644137),(0.,0.5),.UNSPECIFIED.);
#5325=B_SPLINE_SURFACE_WITH_KNOTS('',3,1,((#8882,#8883),(#8884,#8885),(#8886,
#8887),(#8888,#8889),(#8890,#8891)),.UNSPECIFIED.,.F.,.F.,.F.,(4,1,4),(2,
2),(0.,0.310696331375548,0.62402175721417),(0.,0.5),.UNSPECIFIED.);
#5326=B_SPLINE_SURFACE_WITH_KNOTS('',3,1,((#8905,#8906),(#8907,#8908),(#8909,
#8910),(#8911,#8912),(#8913,#8914)),.UNSPECIFIED.,.F.,.F.,.F.,(4,1,4),(2,
2),(0.,0.201563075860855,0.414194319399296),(0.,0.5),.UNSPECIFIED.);
#5327=B_SPLINE_SURFACE_WITH_KNOTS('',3,1,((#8928,#8929),(#8930,#8931),(#8932,
#8933),(#8934,#8935),(#8936,#8937)),.UNSPECIFIED.,.F.,.F.,.F.,(4,1,4),(2,
2),(0.,0.207236995027777,0.407083651539858),(0.,0.5),.UNSPECIFIED.);
#5328=B_SPLINE_SURFACE_WITH_KNOTS('',3,1,((#8951,#8952),(#8953,#8954),(#8955,
#8956),(#8957,#8958),(#8959,#8960)),.UNSPECIFIED.,.F.,.F.,.F.,(4,1,4),(2,
2),(0.,0.30924641463545,0.663416755510544),(0.,0.5),.UNSPECIFIED.);
#5329=B_SPLINE_SURFACE_WITH_KNOTS('',3,1,((#8974,#8975),(#8976,#8977),(#8978,
#8979),(#8980,#8981),(#8982,#8983)),.UNSPECIFIED.,.F.,.F.,.F.,(4,1,4),(2,
2),(0.,0.236251032617978,0.460576870135636),(0.,0.5),.UNSPECIFIED.);
#5330=B_SPLINE_SURFACE_WITH_KNOTS('',3,1,((#8997,#8998),(#8999,#9000),(#9001,
#9002),(#9003,#9004),(#9005,#9006)),.UNSPECIFIED.,.F.,.F.,.F.,(4,1,4),(2,
2),(0.,0.322982715679834,0.623095623977622),(0.,0.5),.UNSPECIFIED.);
#5331=B_SPLINE_SURFACE_WITH_KNOTS('',3,1,((#9020,#9021),(#9022,#9023),(#9024,
#9025),(#9026,#9027),(#9028,#9029)),.UNSPECIFIED.,.F.,.F.,.F.,(4,1,4),(2,
2),(0.,0.185644467947985,0.38292575355295),(0.,0.5),.UNSPECIFIED.);
#5332=B_SPLINE_SURFACE_WITH_KNOTS('',3,1,((#9043,#9044),(#9045,#9046),(#9047,
#9048),(#9049,#9050),(#9051,#9052)),.UNSPECIFIED.,.F.,.F.,.F.,(4,1,4),(2,
2),(0.,0.16444275025896,0.338699087046567),(0.,0.5),.UNSPECIFIED.);
#5333=B_SPLINE_SURFACE_WITH_KNOTS('',3,1,((#9066,#9067),(#9068,#9069),(#9070,
#9071),(#9072,#9073),(#9074,#9075)),.UNSPECIFIED.,.F.,.F.,.F.,(4,1,4),(2,
2),(0.,0.212020013875086,0.390010752963797),(0.,0.5),.UNSPECIFIED.);
#5334=B_SPLINE_SURFACE_WITH_KNOTS('',3,1,((#9095,#9096),(#9097,#9098),(#9099,
#9100),(#9101,#9102),(#9103,#9104)),.UNSPECIFIED.,.F.,.F.,.F.,(4,1,4),(2,
2),(0.,0.126046681553022,0.27452927966316),(0.,0.5),.UNSPECIFIED.);
#5335=B_SPLINE_SURFACE_WITH_KNOTS('',3,1,((#9118,#9119),(#9120,#9121),(#9122,
#9123),(#9124,#9125),(#9126,#9127)),.UNSPECIFIED.,.F.,.F.,.F.,(4,1,4),(2,
2),(0.,0.115809292494162,0.231096046304813),(0.,0.5),.UNSPECIFIED.);
#5336=B_SPLINE_SURFACE_WITH_KNOTS('',3,1,((#9141,#9142),(#9143,#9144),(#9145,
#9146),(#9147,#9148),(#9149,#9150)),.UNSPECIFIED.,.F.,.F.,.F.,(4,1,4),(2,
2),(0.,0.103948319832214,0.217631134385835),(0.,0.5),.UNSPECIFIED.);
#5337=B_SPLINE_SURFACE_WITH_KNOTS('',3,1,((#9164,#9165),(#9166,#9167),(#9168,
#9169),(#9170,#9171),(#9172,#9173)),.UNSPECIFIED.,.F.,.F.,.F.,(4,1,4),(2,
2),(0.,0.114945295480484,0.219252288385506),(0.,0.5),.UNSPECIFIED.);
#5338=B_SPLINE_SURFACE_WITH_KNOTS('',3,1,((#9187,#9188),(#9189,#9190),(#9191,
#9192),(#9193,#9194),(#9195,#9196)),.UNSPECIFIED.,.F.,.F.,.F.,(4,1,4),(2,
2),(0.,0.129438467537301,0.265518897414594),(0.,0.5),.UNSPECIFIED.);
#5339=B_SPLINE_SURFACE_WITH_KNOTS('',3,1,((#9210,#9211),(#9212,#9213),(#9214,
#9215),(#9216,#9217),(#9218,#9219)),.UNSPECIFIED.,.F.,.F.,.F.,(4,1,4),(2,
2),(0.,0.172385306456024,0.313979977181904),(0.,0.5),.UNSPECIFIED.);
#5340=B_SPLINE_SURFACE_WITH_KNOTS('',3,1,((#9239,#9240),(#9241,#9242),(#9243,
#9244),(#9245,#9246),(#9247,#9248)),.UNSPECIFIED.,.F.,.F.,.F.,(4,1,4),(2,
2),(0.,0.101436683407449,0.22337761160528),(0.,0.5),.UNSPECIFIED.);
#5341=B_SPLINE_SURFACE_WITH_KNOTS('',3,1,((#9262,#9263),(#9264,#9265),(#9266,
#9267),(#9268,#9269),(#9270,#9271)),.UNSPECIFIED.,.F.,.F.,.F.,(4,1,4),(2,
2),(0.,0.133874617605983,0.26572832173697),(0.,0.5),.UNSPECIFIED.);
#5342=B_SPLINE_SURFACE_WITH_KNOTS('',3,1,((#9285,#9286),(#9287,#9288),(#9289,
#9290),(#9291,#9292),(#9293,#9294)),.UNSPECIFIED.,.F.,.F.,.F.,(4,1,4),(2,
2),(0.,0.163817811989589,0.308081500540531),(0.,0.5),.UNSPECIFIED.);
#5343=B_SPLINE_SURFACE_WITH_KNOTS('',3,1,((#9308,#9309),(#9310,#9311),(#9312,
#9313),(#9314,#9315),(#9316,#9317)),.UNSPECIFIED.,.F.,.F.,.F.,(4,1,4),(2,
2),(0.,0.152505944785168,0.325757391592964),(0.,0.5),.UNSPECIFIED.);
#5344=B_SPLINE_SURFACE_WITH_KNOTS('',3,1,((#9331,#9332),(#9333,#9334),(#9335,
#9336),(#9337,#9338),(#9339,#9340)),.UNSPECIFIED.,.F.,.F.,.F.,(4,1,4),(2,
2),(0.,0.139505725923636,0.28070688471598),(0.,0.5),.UNSPECIFIED.);
#5345=B_SPLINE_SURFACE_WITH_KNOTS('',3,1,((#9354,#9355),(#9356,#9357),(#9358,
#9359),(#9360,#9361),(#9362,#9363)),.UNSPECIFIED.,.F.,.F.,.F.,(4,1,4),(2,
2),(0.,0.12841573957997,0.258446613926398),(0.,0.5),.UNSPECIFIED.);
#5346=B_SPLINE_SURFACE_WITH_KNOTS('',3,1,((#9377,#9378),(#9379,#9380),(#9381,
#9382),(#9383,#9384),(#9385,#9386)),.UNSPECIFIED.,.F.,.F.,.F.,(4,1,4),(2,
2),(0.,0.161727112255286,0.300672287639509),(0.,0.5),.UNSPECIFIED.);
#5347=B_SPLINE_SURFACE_WITH_KNOTS('',3,1,((#9406,#9407),(#9408,#9409),(#9410,
#9411),(#9412,#9413),(#9414,#9415)),.UNSPECIFIED.,.F.,.F.,.F.,(4,1,4),(2,
2),(0.,0.286215774499834,0.583385494906592),(0.,0.5),.UNSPECIFIED.);
#5348=B_SPLINE_SURFACE_WITH_KNOTS('',3,1,((#9427,#9428),(#9429,#9430),(#9431,
#9432),(#9433,#9434),(#9435,#9436)),.UNSPECIFIED.,.F.,.F.,.F.,(4,1,4),(2,
2),(0.,0.146132286292464,0.249261855915445),(0.,0.5),.UNSPECIFIED.);
#5349=B_SPLINE_SURFACE_WITH_KNOTS('',3,1,((#9453,#9454),(#9455,#9456),(#9457,
#9458),(#9459,#9460),(#9461,#9462)),.UNSPECIFIED.,.F.,.F.,.F.,(4,1,4),(2,
2),(0.,0.371285951715198,0.607058406791368),(0.,0.5),.UNSPECIFIED.);
#5350=B_SPLINE_SURFACE_WITH_KNOTS('',3,1,((#9476,#9477),(#9478,#9479),(#9480,
#9481),(#9482,#9483),(#9484,#9485)),.UNSPECIFIED.,.F.,.F.,.F.,(4,1,4),(2,
2),(0.,0.25088098910068,0.627107478106993),(0.,0.5),.UNSPECIFIED.);
#5351=B_SPLINE_SURFACE_WITH_KNOTS('',3,1,((#9499,#9500),(#9501,#9502),(#9503,
#9504),(#9505,#9506),(#9507,#9508)),.UNSPECIFIED.,.F.,.F.,.F.,(4,1,4),(2,
2),(0.,0.0982464030786359,0.227683033304708),(0.,0.5),.UNSPECIFIED.);
#5352=B_SPLINE_SURFACE_WITH_KNOTS('',3,1,((#9522,#9523),(#9524,#9525),(#9526,
#9527),(#9528,#9529),(#9530,#9531)),.UNSPECIFIED.,.F.,.F.,.F.,(4,1,4),(2,
2),(0.,0.0834404706314279,0.167360928369074),(0.,0.5),.UNSPECIFIED.);
#5353=B_SPLINE_SURFACE_WITH_KNOTS('',3,1,((#9545,#9546),(#9547,#9548),(#9549,
#9550),(#9551,#9552),(#9553,#9554)),.UNSPECIFIED.,.F.,.F.,.F.,(4,1,4),(2,
2),(0.,0.0830479377058988,0.166242619314804),(0.,0.5),.UNSPECIFIED.);
#5354=B_SPLINE_SURFACE_WITH_KNOTS('',3,1,((#9568,#9569),(#9570,#9571),(#9572,
#9573),(#9574,#9575),(#9576,#9577)),.UNSPECIFIED.,.F.,.F.,.F.,(4,1,4),(2,
2),(0.,0.145932520841144,0.248549984184878),(0.,0.5),.UNSPECIFIED.);
#5355=B_SPLINE_SURFACE_WITH_KNOTS('',3,1,((#9591,#9592),(#9593,#9594),(#9595,
#9596),(#9597,#9598),(#9599,#9600)),.UNSPECIFIED.,.F.,.F.,.F.,(4,1,4),(2,
2),(0.,0.371285951715198,0.60705854130079),(0.,0.5),.UNSPECIFIED.);
#5356=B_SPLINE_SURFACE_WITH_KNOTS('',3,1,((#9614,#9615),(#9616,#9617),(#9618,
#9619),(#9620,#9621),(#9622,#9623)),.UNSPECIFIED.,.F.,.F.,.F.,(4,1,4),(2,
2),(0.,0.252146024278653,0.628798575728296),(0.,0.5),.UNSPECIFIED.);
#5357=B_SPLINE_SURFACE_WITH_KNOTS('',3,1,((#9637,#9638),(#9639,#9640),(#9641,
#9642),(#9643,#9644),(#9645,#9646)),.UNSPECIFIED.,.F.,.F.,.F.,(4,1,4),(2,
2),(0.,0.0982466969008697,0.22768271381365),(0.,0.5),.UNSPECIFIED.);
#5358=B_SPLINE_SURFACE_WITH_KNOTS('',3,1,((#9660,#9661),(#9662,#9663),(#9664,
#9665),(#9666,#9667),(#9668,#9669)),.UNSPECIFIED.,.F.,.F.,.F.,(4,1,4),(2,
2),(0.,0.0834400004142389,0.167360280106507),(0.,0.5),.UNSPECIFIED.);
#5359=B_SPLINE_SURFACE_WITH_KNOTS('',3,1,((#9683,#9684),(#9685,#9686),(#9687,
#9688),(#9689,#9690),(#9691,#9692)),.UNSPECIFIED.,.F.,.F.,.F.,(4,1,4),(2,
2),(0.,0.0833659849439282,0.166595885198523),(0.,0.5),.UNSPECIFIED.);
#5360=B_SPLINE_SURFACE_WITH_KNOTS('',3,1,((#9703,#9704),(#9705,#9706),(#9707,
#9708),(#9709,#9710),(#9711,#9712)),.UNSPECIFIED.,.F.,.F.,.F.,(4,1,4),(2,
2),(0.,0.610190487645046,1.05899767583967),(0.,0.5),.UNSPECIFIED.);
#5361=B_SPLINE_SURFACE_WITH_KNOTS('',3,1,((#9729,#9730),(#9731,#9732),(#9733,
#9734),(#9735,#9736),(#9737,#9738)),.UNSPECIFIED.,.F.,.F.,.F.,(4,1,4),(2,
2),(0.,0.424747476172686,1.03716454605093),(0.,0.5),.UNSPECIFIED.);
#5362=B_SPLINE_SURFACE_WITH_KNOTS('',3,1,((#9752,#9753),(#9754,#9755),(#9756,
#9757),(#9758,#9759),(#9760,#9761)),.UNSPECIFIED.,.F.,.F.,.F.,(4,1,4),(2,
2),(0.,0.336932728017341,0.670449852680917),(0.,0.5),.UNSPECIFIED.);
#5363=B_SPLINE_SURFACE_WITH_KNOTS('',3,1,((#9775,#9776),(#9777,#9778),(#9779,
#9780),(#9781,#9782),(#9783,#9784)),.UNSPECIFIED.,.F.,.F.,.F.,(4,1,4),(2,
2),(0.,0.309611257914311,0.639036231332663),(0.,0.5),.UNSPECIFIED.);
#5364=B_SPLINE_SURFACE_WITH_KNOTS('',3,1,((#9798,#9799),(#9800,#9801),(#9802,
#9803),(#9804,#9805),(#9806,#9807)),.UNSPECIFIED.,.F.,.F.,.F.,(4,1,4),(2,
2),(0.,0.612735317763129,1.06232013261117),(0.,0.5),.UNSPECIFIED.);
#5365=B_SPLINE_SURFACE_WITH_KNOTS('',3,1,((#9821,#9822),(#9823,#9824),(#9825,
#9826),(#9827,#9828),(#9829,#9830)),.UNSPECIFIED.,.F.,.F.,.F.,(4,1,4),(2,
2),(0.,0.447116171568223,1.06023310285392),(0.,0.5),.UNSPECIFIED.);
#5366=B_SPLINE_SURFACE_WITH_KNOTS('',3,1,((#9844,#9845),(#9846,#9847),(#9848,
#9849),(#9850,#9851),(#9852,#9853)),.UNSPECIFIED.,.F.,.F.,.F.,(4,1,4),(2,
2),(0.,0.33000952481341,0.642211961992208),(0.,0.5),.UNSPECIFIED.);
#5367=B_SPLINE_SURFACE_WITH_KNOTS('',3,1,((#9867,#9868),(#9869,#9870),(#9871,
#9872),(#9873,#9874),(#9875,#9876)),.UNSPECIFIED.,.F.,.F.,.F.,(4,1,4),(2,
2),(0.,0.309610735918311,0.639035241570474),(0.,0.5),.UNSPECIFIED.);
#5368=B_SPLINE_SURFACE_WITH_KNOTS('',3,1,((#10028,#10029),(#10030,#10031),
(#10032,#10033),(#10034,#10035),(#10036,#10037)),.UNSPECIFIED.,.F.,.F.,
 .F.,(4,1,4),(2,2),(0.,0.314182939475581,0.605980201028054),(0.,0.5),
 .UNSPECIFIED.);
#5369=B_SPLINE_SURFACE_WITH_KNOTS('',3,1,((#10054,#10055),(#10056,#10057),
(#10058,#10059),(#10060,#10061),(#10062,#10063)),.UNSPECIFIED.,.F.,.F.,
 .F.,(4,1,4),(2,2),(0.,0.321067515082177,0.654843042644137),(0.,0.5),
 .UNSPECIFIED.);
#5370=B_SPLINE_SURFACE_WITH_KNOTS('',3,1,((#10077,#10078),(#10079,#10080),
(#10081,#10082),(#10083,#10084),(#10085,#10086)),.UNSPECIFIED.,.F.,.F.,
 .F.,(4,1,4),(2,2),(0.,0.310696331375548,0.62402175721417),(0.,0.5),
 .UNSPECIFIED.);
#5371=B_SPLINE_SURFACE_WITH_KNOTS('',3,1,((#10100,#10101),(#10102,#10103),
(#10104,#10105),(#10106,#10107),(#10108,#10109)),.UNSPECIFIED.,.F.,.F.,
 .F.,(4,1,4),(2,2),(0.,0.201563075860855,0.414194319399296),(0.,0.5),
 .UNSPECIFIED.);
#5372=B_SPLINE_SURFACE_WITH_KNOTS('',3,1,((#10123,#10124),(#10125,#10126),
(#10127,#10128),(#10129,#10130),(#10131,#10132)),.UNSPECIFIED.,.F.,.F.,
 .F.,(4,1,4),(2,2),(0.,0.207236105299905,0.407083478958246),(0.,0.5),
 .UNSPECIFIED.);
#5373=B_SPLINE_SURFACE_WITH_KNOTS('',3,1,((#10146,#10147),(#10148,#10149),
(#10150,#10151),(#10152,#10153),(#10154,#10155)),.UNSPECIFIED.,.F.,.F.,
 .F.,(4,1,4),(2,2),(0.,0.30924641463545,0.663416755510544),(0.,0.5),
 .UNSPECIFIED.);
#5374=B_SPLINE_SURFACE_WITH_KNOTS('',3,1,((#10169,#10170),(#10171,#10172),
(#10173,#10174),(#10175,#10176),(#10177,#10178)),.UNSPECIFIED.,.F.,.F.,
 .F.,(4,1,4),(2,2),(0.,0.236251032617978,0.460576870135636),(0.,0.5),
 .UNSPECIFIED.);
#5375=B_SPLINE_SURFACE_WITH_KNOTS('',3,1,((#10192,#10193),(#10194,#10195),
(#10196,#10197),(#10198,#10199),(#10200,#10201)),.UNSPECIFIED.,.F.,.F.,
 .F.,(4,1,4),(2,2),(0.,0.322983185223163,0.623095699287531),(0.,0.5),
 .UNSPECIFIED.);
#5376=B_SPLINE_SURFACE_WITH_KNOTS('',3,1,((#10215,#10216),(#10217,#10218),
(#10219,#10220),(#10221,#10222),(#10223,#10224)),.UNSPECIFIED.,.F.,.F.,
 .F.,(4,1,4),(2,2),(0.,0.185644467947985,0.38292575355295),(0.,0.5),
 .UNSPECIFIED.);
#5377=B_SPLINE_SURFACE_WITH_KNOTS('',3,1,((#10238,#10239),(#10240,#10241),
(#10242,#10243),(#10244,#10245),(#10246,#10247)),.UNSPECIFIED.,.F.,.F.,
 .F.,(4,1,4),(2,2),(0.,0.164443072917427,0.338699004890406),(0.,0.5),
 .UNSPECIFIED.);
#5378=B_SPLINE_SURFACE_WITH_KNOTS('',3,1,((#10261,#10262),(#10263,#10264),
(#10265,#10266),(#10267,#10268),(#10269,#10270)),.UNSPECIFIED.,.F.,.F.,
 .F.,(4,1,4),(2,2),(0.,0.212020403639531,0.390010707575725),(0.,0.5),
 .UNSPECIFIED.);
#5379=B_SPLINE_SURFACE_WITH_KNOTS('',3,1,((#10290,#10291),(#10292,#10293),
(#10294,#10295),(#10296,#10297),(#10298,#10299)),.UNSPECIFIED.,.F.,.F.,
 .F.,(4,1,4),(2,2),(0.,0.126046681553022,0.274529394670255),(0.,0.5),
 .UNSPECIFIED.);
#5380=B_SPLINE_SURFACE_WITH_KNOTS('',3,1,((#10313,#10314),(#10315,#10316),
(#10317,#10318),(#10319,#10320),(#10321,#10322)),.UNSPECIFIED.,.F.,.F.,
 .F.,(4,1,4),(2,2),(0.,0.115809292494162,0.231096046304813),(0.,0.5),
 .UNSPECIFIED.);
#5381=B_SPLINE_SURFACE_WITH_KNOTS('',3,1,((#10336,#10337),(#10338,#10339),
(#10340,#10341),(#10342,#10343),(#10344,#10345)),.UNSPECIFIED.,.F.,.F.,
 .F.,(4,1,4),(2,2),(0.,0.103948319832214,0.217631134385835),(0.,0.5),
 .UNSPECIFIED.);
#5382=B_SPLINE_SURFACE_WITH_KNOTS('',3,1,((#10359,#10360),(#10361,#10362),
(#10363,#10364),(#10365,#10366),(#10367,#10368)),.UNSPECIFIED.,.F.,.F.,
 .F.,(4,1,4),(2,2),(0.,0.114945295480484,0.219252288385506),(0.,0.5),
 .UNSPECIFIED.);
#5383=B_SPLINE_SURFACE_WITH_KNOTS('',3,1,((#10382,#10383),(#10384,#10385),
(#10386,#10387),(#10388,#10389),(#10390,#10391)),.UNSPECIFIED.,.F.,.F.,
 .F.,(4,1,4),(2,2),(0.,0.129438750235344,0.26551909047924),(0.,0.5),
 .UNSPECIFIED.);
#5384=B_SPLINE_SURFACE_WITH_KNOTS('',3,1,((#10405,#10406),(#10407,#10408),
(#10409,#10410),(#10411,#10412),(#10413,#10414)),.UNSPECIFIED.,.F.,.F.,
 .F.,(4,1,4),(2,2),(0.,0.172385306456024,0.313979977181904),(0.,0.5),
 .UNSPECIFIED.);
#5385=B_SPLINE_SURFACE_WITH_KNOTS('',3,1,((#10434,#10435),(#10436,#10437),
(#10438,#10439),(#10440,#10441),(#10442,#10443)),.UNSPECIFIED.,.F.,.F.,
 .F.,(4,1,4),(2,2),(0.,0.101435733454756,0.223376661652587),(0.,0.5),
 .UNSPECIFIED.);
#5386=B_SPLINE_SURFACE_WITH_KNOTS('',3,1,((#10457,#10458),(#10459,#10460),
(#10461,#10462),(#10463,#10464),(#10465,#10466)),.UNSPECIFIED.,.F.,.F.,
 .F.,(4,1,4),(2,2),(0.,0.133873849233964,0.265728487679959),(0.,0.5),
 .UNSPECIFIED.);
#5387=B_SPLINE_SURFACE_WITH_KNOTS('',3,1,((#10480,#10481),(#10482,#10483),
(#10484,#10485),(#10486,#10487),(#10488,#10489)),.UNSPECIFIED.,.F.,.F.,
 .F.,(4,1,4),(2,2),(0.,0.163817811989589,0.308082464403044),(0.,0.5),
 .UNSPECIFIED.);
#5388=B_SPLINE_SURFACE_WITH_KNOTS('',3,1,((#10503,#10504),(#10505,#10506),
(#10507,#10508),(#10509,#10510),(#10511,#10512)),.UNSPECIFIED.,.F.,.F.,
 .F.,(4,1,4),(2,2),(0.,0.152506420664196,0.325757867471992),(0.,0.5),
 .UNSPECIFIED.);
#5389=B_SPLINE_SURFACE_WITH_KNOTS('',3,1,((#10526,#10527),(#10528,#10529),
(#10530,#10531),(#10532,#10533),(#10534,#10535)),.UNSPECIFIED.,.F.,.F.,
 .F.,(4,1,4),(2,2),(0.,0.139505725923636,0.28070688471598),(0.,0.5),
 .UNSPECIFIED.);
#5390=B_SPLINE_SURFACE_WITH_KNOTS('',3,1,((#10549,#10550),(#10551,#10552),
(#10553,#10554),(#10555,#10556),(#10557,#10558)),.UNSPECIFIED.,.F.,.F.,
 .F.,(4,1,4),(2,2),(0.,0.12841573957997,0.258446613926398),(0.,0.5),
 .UNSPECIFIED.);
#5391=B_SPLINE_SURFACE_WITH_KNOTS('',3,1,((#10572,#10573),(#10574,#10575),
(#10576,#10577),(#10578,#10579),(#10580,#10581)),.UNSPECIFIED.,.F.,.F.,
 .F.,(4,1,4),(2,2),(0.,0.161726870913877,0.300672584717635),(0.,0.5),
 .UNSPECIFIED.);
#5392=B_SPLINE_SURFACE_WITH_KNOTS('',3,1,((#10601,#10602),(#10603,#10604),
(#10605,#10606),(#10607,#10608),(#10609,#10610)),.UNSPECIFIED.,.F.,.F.,
 .F.,(4,1,4),(2,2),(0.,0.286215774499834,0.583385494906592),(0.,0.5),
 .UNSPECIFIED.);
#5393=B_SPLINE_SURFACE_WITH_KNOTS('',3,1,((#10622,#10623),(#10624,#10625),
(#10626,#10627),(#10628,#10629),(#10630,#10631)),.UNSPECIFIED.,.F.,.F.,
 .F.,(4,1,4),(2,2),(0.,0.138280468646278,0.323851828572972),(0.,0.5),
 .UNSPECIFIED.);
#5394=B_SPLINE_SURFACE_WITH_KNOTS('',3,1,((#10648,#10649),(#10650,#10651),
(#10652,#10653),(#10654,#10655),(#10656,#10657)),.UNSPECIFIED.,.F.,.F.,
 .F.,(4,1,4),(2,2),(0.,0.110550117774543,0.223262511247318),(0.,0.5),
 .UNSPECIFIED.);
#5395=B_SPLINE_SURFACE_WITH_KNOTS('',3,1,((#10671,#10672),(#10673,#10674),
(#10675,#10676),(#10677,#10678),(#10679,#10680)),.UNSPECIFIED.,.F.,.F.,
 .F.,(4,1,4),(2,2),(0.,0.132386483717794,0.248463564996644),(0.,0.5),
 .UNSPECIFIED.);
#5396=B_SPLINE_SURFACE_WITH_KNOTS('',3,1,((#10694,#10695),(#10696,#10697),
(#10698,#10699),(#10700,#10701),(#10702,#10703)),.UNSPECIFIED.,.F.,.F.,
 .F.,(4,1,4),(2,2),(0.,0.152443949864259,0.29706761420742),(0.,0.5),
 .UNSPECIFIED.);
#5397=B_SPLINE_SURFACE_WITH_KNOTS('',3,1,((#10717,#10718),(#10719,#10720),
(#10721,#10722),(#10723,#10724),(#10725,#10726)),.UNSPECIFIED.,.F.,.F.,
 .F.,(4,1,4),(2,2),(0.,0.353104406831259,0.69105867975269),(0.,0.5),
 .UNSPECIFIED.);
#5398=B_SPLINE_SURFACE_WITH_KNOTS('',3,1,((#10770,#10771),(#10772,#10773),
(#10774,#10775),(#10776,#10777),(#10778,#10779)),.UNSPECIFIED.,.F.,.F.,
 .F.,(4,1,4),(2,2),(0.,0.162641590525365,0.418603853212205),(0.,0.5),
 .UNSPECIFIED.);
#5399=B_SPLINE_SURFACE_WITH_KNOTS('',3,1,((#10793,#10794),(#10795,#10796),
(#10797,#10798),(#10799,#10800),(#10801,#10802)),.UNSPECIFIED.,.F.,.F.,
 .F.,(4,1,4),(2,2),(0.,0.115043194854655,0.229161424155311),(0.,0.5),
 .UNSPECIFIED.);
#5400=B_SPLINE_SURFACE_WITH_KNOTS('',3,1,((#10816,#10817),(#10818,#10819),
(#10820,#10821),(#10822,#10823),(#10824,#10825)),.UNSPECIFIED.,.F.,.F.,
 .F.,(4,1,4),(2,2),(0.,0.11931840458437,0.236391841078606),(0.,0.5),
 .UNSPECIFIED.);
#5401=B_SPLINE_SURFACE_WITH_KNOTS('',3,1,((#10839,#10840),(#10841,#10842),
(#10843,#10844),(#10845,#10846),(#10847,#10848)),.UNSPECIFIED.,.F.,.F.,
 .F.,(4,1,4),(2,2),(0.,0.0841051385453452,0.175060344159398),(0.,0.5),
 .UNSPECIFIED.);
#5402=B_SPLINE_SURFACE_WITH_KNOTS('',3,1,((#10862,#10863),(#10864,#10865),
(#10866,#10867),(#10868,#10869),(#10870,#10871)),.UNSPECIFIED.,.F.,.F.,
 .F.,(4,1,4),(2,2),(0.,0.0864833774677218,0.169097449145656),(0.,0.5),
 .UNSPECIFIED.);
#5403=B_SPLINE_SURFACE_WITH_KNOTS('',3,1,((#10885,#10886),(#10887,#10888),
(#10889,#10890),(#10891,#10892),(#10893,#10894)),.UNSPECIFIED.,.F.,.F.,
 .F.,(4,1,4),(2,2),(0.,0.241637873033376,0.381464054850964),(0.,0.5),
 .UNSPECIFIED.);
#5404=B_SPLINE_SURFACE_WITH_KNOTS('',3,1,((#10949,#10950),(#10951,#10952),
(#10953,#10954),(#10955,#10956),(#10957,#10958)),.UNSPECIFIED.,.F.,.F.,
 .F.,(4,1,4),(2,2),(0.,0.145519171793994,0.431594599487885),(0.,0.5),
 .UNSPECIFIED.);
#5405=B_SPLINE_SURFACE_WITH_KNOTS('',3,1,((#10975,#10976),(#10977,#10978),
(#10979,#10980),(#10981,#10982),(#10983,#10984)),.UNSPECIFIED.,.F.,.F.,
 .F.,(4,1,4),(2,2),(0.,0.0985315870285071,0.213063331399778),(0.,0.5),
 .UNSPECIFIED.);
#5406=B_SPLINE_SURFACE_WITH_KNOTS('',3,1,((#10998,#10999),(#11000,#11001),
(#11002,#11003),(#11004,#11005),(#11006,#11007)),.UNSPECIFIED.,.F.,.F.,
 .F.,(4,1,4),(2,2),(0.,0.106299504924425,0.202461800726928),(0.,0.5),
 .UNSPECIFIED.);
#5407=B_SPLINE_SURFACE_WITH_KNOTS('',3,1,((#11021,#11022),(#11023,#11024),
(#11025,#11026),(#11027,#11028),(#11029,#11030)),.UNSPECIFIED.,.F.,.F.,
 .F.,(4,1,4),(2,2),(0.,0.102348100721787,0.213263179729349),(0.,0.5),
 .UNSPECIFIED.);
#5408=B_SPLINE_SURFACE_WITH_KNOTS('',3,1,((#11044,#11045),(#11046,#11047),
(#11048,#11049),(#11050,#11051),(#11052,#11053)),.UNSPECIFIED.,.F.,.F.,
 .F.,(4,1,4),(2,2),(0.,0.119587315431564,0.225830432998573),(0.,0.5),
 .UNSPECIFIED.);
#5409=B_SPLINE_SURFACE_WITH_KNOTS('',3,1,((#11067,#11068),(#11069,#11070),
(#11071,#11072),(#11073,#11074),(#11075,#11076)),.UNSPECIFIED.,.F.,.F.,
 .F.,(4,1,4),(2,2),(0.,0.239180765612272,0.366813711013409),(0.,0.5),
 .UNSPECIFIED.);
#5410=B_SPLINE_SURFACE_WITH_KNOTS('',3,1,((#11105,#11106),(#11107,#11108),
(#11109,#11110),(#11111,#11112),(#11113,#11114)),.UNSPECIFIED.,.F.,.F.,
 .F.,(4,1,4),(2,2),(0.,0.165689015825605,0.449979076832149),(0.,0.5),
 .UNSPECIFIED.);
#5411=B_SPLINE_SURFACE_WITH_KNOTS('',3,1,((#11131,#11132),(#11133,#11134),
(#11135,#11136),(#11137,#11138),(#11139,#11140)),.UNSPECIFIED.,.F.,.F.,
 .F.,(4,1,4),(2,2),(0.,0.0951138403186569,0.197311562602188),(0.,0.5),
 .UNSPECIFIED.);
#5412=B_SPLINE_SURFACE_WITH_KNOTS('',3,1,((#11154,#11155),(#11156,#11157),
(#11158,#11159),(#11160,#11161),(#11162,#11163)),.UNSPECIFIED.,.F.,.F.,
 .F.,(4,1,4),(2,2),(0.,0.104915426355837,0.201035591944669),(0.,0.5),
 .UNSPECIFIED.);
#5413=B_SPLINE_SURFACE_WITH_KNOTS('',3,1,((#11177,#11178),(#11179,#11180),
(#11181,#11182),(#11183,#11184),(#11185,#11186)),.UNSPECIFIED.,.F.,.F.,
 .F.,(4,1,4),(2,2),(0.,0.106843610018555,0.227730974095563),(0.,0.5),
 .UNSPECIFIED.);
#5414=B_SPLINE_SURFACE_WITH_KNOTS('',3,1,((#11200,#11201),(#11202,#11203),
(#11204,#11205),(#11206,#11207),(#11208,#11209)),.UNSPECIFIED.,.F.,.F.,
 .F.,(4,1,4),(2,2),(0.,0.107994165813634,0.211761972158521),(0.,0.5),
 .UNSPECIFIED.);
#5415=B_SPLINE_SURFACE_WITH_KNOTS('',3,1,((#11223,#11224),(#11225,#11226),
(#11227,#11228),(#11229,#11230),(#11231,#11232)),.UNSPECIFIED.,.F.,.F.,
 .F.,(4,1,4),(2,2),(0.,0.223003738109434,0.346749628390724),(0.,0.5),
 .UNSPECIFIED.);
#5416=B_SPLINE_SURFACE_WITH_KNOTS('',3,1,((#11270,#11271),(#11272,#11273),
(#11274,#11275),(#11276,#11277),(#11278,#11279)),.UNSPECIFIED.,.F.,.F.,
 .F.,(4,1,4),(2,2),(0.,0.215581900751119,0.609129875443183),(0.,0.5),
 .UNSPECIFIED.);
#5417=B_SPLINE_SURFACE_WITH_KNOTS('',3,1,((#11293,#11294),(#11295,#11296),
(#11297,#11298),(#11299,#11300),(#11301,#11302)),.UNSPECIFIED.,.F.,.F.,
 .F.,(4,1,4),(2,2),(0.,0.171883586611773,0.36154574834901),(0.,0.5),
 .UNSPECIFIED.);
#5418=B_SPLINE_SURFACE_WITH_KNOTS('',3,1,((#11316,#11317),(#11318,#11319),
(#11320,#11321),(#11322,#11323),(#11324,#11325)),.UNSPECIFIED.,.F.,.F.,
 .F.,(4,1,4),(2,2),(0.,0.172650646950714,0.339214361611393),(0.,0.5),
 .UNSPECIFIED.);
#5419=B_SPLINE_SURFACE_WITH_KNOTS('',3,1,((#11339,#11340),(#11341,#11342),
(#11343,#11344),(#11345,#11346),(#11347,#11348)),.UNSPECIFIED.,.F.,.F.,
 .F.,(4,1,4),(2,2),(0.,0.169351464243411,0.343329993319522),(0.,0.5),
 .UNSPECIFIED.);
#5420=B_SPLINE_SURFACE_WITH_KNOTS('',3,1,((#11362,#11363),(#11364,#11365),
(#11366,#11367),(#11368,#11369),(#11370,#11371)),.UNSPECIFIED.,.F.,.F.,
 .F.,(4,1,4),(2,2),(0.,0.197191959621266,0.402011949104028),(0.,0.5),
 .UNSPECIFIED.);
#5421=B_SPLINE_SURFACE_WITH_KNOTS('',3,1,((#11385,#11386),(#11387,#11388),
(#11389,#11390),(#11391,#11392),(#11393,#11394)),.UNSPECIFIED.,.F.,.F.,
 .F.,(4,1,4),(2,2),(0.,0.2211979384709,0.42366702368335),(0.,0.5),
 .UNSPECIFIED.);
#5422=B_SPLINE_SURFACE_WITH_KNOTS('',3,1,((#11408,#11409),(#11410,#11411),
(#11412,#11413),(#11414,#11415),(#11416,#11417)),.UNSPECIFIED.,.F.,.F.,
 .F.,(4,1,4),(2,2),(0.,0.169989312463852,0.341671353617833),(0.,0.5),
 .UNSPECIFIED.);
#5423=B_SPLINE_SURFACE_WITH_KNOTS('',3,1,((#11431,#11432),(#11433,#11434),
(#11435,#11436),(#11437,#11438),(#11439,#11440)),.UNSPECIFIED.,.F.,.F.,
 .F.,(4,1,4),(2,2),(0.,0.170054564394573,0.339540601695883),(0.,0.5),
 .UNSPECIFIED.);
#5424=B_SPLINE_SURFACE_WITH_KNOTS('',3,1,((#11454,#11455),(#11456,#11457),
(#11458,#11459),(#11460,#11461),(#11462,#11463)),.UNSPECIFIED.,.F.,.F.,
 .F.,(4,1,4),(2,2),(0.,0.14983872682319,0.305146570237955),(0.,0.5),
 .UNSPECIFIED.);
#5425=B_SPLINE_SURFACE_WITH_KNOTS('',3,1,((#11477,#11478),(#11479,#11480),
(#11481,#11482),(#11483,#11484),(#11485,#11486)),.UNSPECIFIED.,.F.,.F.,
 .F.,(4,1,4),(2,2),(0.,0.139629689774957,0.285398719258762),(0.,0.5),
 .UNSPECIFIED.);
#5426=B_SPLINE_SURFACE_WITH_KNOTS('',3,1,((#11500,#11501),(#11502,#11503),
(#11504,#11505),(#11506,#11507),(#11508,#11509)),.UNSPECIFIED.,.F.,.F.,
 .F.,(4,1,4),(2,2),(0.,0.143304207031439,0.282238345079603),(0.,0.5),
 .UNSPECIFIED.);
#5427=B_SPLINE_SURFACE_WITH_KNOTS('',3,1,((#11523,#11524),(#11525,#11526),
(#11527,#11528),(#11529,#11530),(#11531,#11532)),.UNSPECIFIED.,.F.,.F.,
 .F.,(4,1,4),(2,2),(0.,0.259069415830709,0.443539093080581),(0.,0.5),
 .UNSPECIFIED.);
#5428=ADVANCED_FACE('',(#168),#5233,.F.);
#5429=ADVANCED_FACE('',(#169),#5234,.F.);
#5430=ADVANCED_FACE('',(#170),#5235,.F.);
#5431=ADVANCED_FACE('',(#171),#5236,.F.);
#5432=ADVANCED_FACE('',(#172),#5237,.F.);
#5433=ADVANCED_FACE('',(#173),#5238,.F.);
#5434=ADVANCED_FACE('',(#174),#5239,.F.);
#5435=ADVANCED_FACE('',(#175),#5240,.F.);
#5436=ADVANCED_FACE('',(#176),#57,.F.);
#5437=ADVANCED_FACE('',(#177),#5241,.F.);
#5438=ADVANCED_FACE('',(#178),#5242,.F.);
#5439=ADVANCED_FACE('',(#179),#5243,.F.);
#5440=ADVANCED_FACE('',(#180),#58,.F.);
#5441=ADVANCED_FACE('',(#181),#5244,.F.);
#5442=ADVANCED_FACE('',(#182),#5245,.F.);
#5443=ADVANCED_FACE('',(#183),#5246,.F.);
#5444=ADVANCED_FACE('',(#184),#5247,.F.);
#5445=ADVANCED_FACE('',(#185),#5248,.F.);
#5446=ADVANCED_FACE('',(#186),#5249,.F.);
#5447=ADVANCED_FACE('',(#187),#5250,.F.);
#5448=ADVANCED_FACE('',(#188),#5251,.F.);
#5449=ADVANCED_FACE('',(#189),#5252,.F.);
#5450=ADVANCED_FACE('',(#190),#5253,.F.);
#5451=ADVANCED_FACE('',(#191),#59,.F.);
#5452=ADVANCED_FACE('',(#192),#5254,.F.);
#5453=ADVANCED_FACE('',(#193),#5255,.F.);
#5454=ADVANCED_FACE('',(#194),#60,.F.);
#5455=ADVANCED_FACE('',(#195),#5256,.F.);
#5456=ADVANCED_FACE('',(#196),#5257,.F.);
#5457=ADVANCED_FACE('',(#197),#5258,.F.);
#5458=ADVANCED_FACE('',(#198),#5259,.F.);
#5459=ADVANCED_FACE('',(#199),#5260,.F.);
#5460=ADVANCED_FACE('',(#200),#61,.F.);
#5461=ADVANCED_FACE('',(#201),#5261,.F.);
#5462=ADVANCED_FACE('',(#202,#34),#62,.T.);
#5463=ADVANCED_FACE('',(#203),#5262,.F.);
#5464=ADVANCED_FACE('',(#204),#5263,.F.);
#5465=ADVANCED_FACE('',(#205),#5264,.F.);
#5466=ADVANCED_FACE('',(#206),#5265,.F.);
#5467=ADVANCED_FACE('',(#207),#5266,.F.);
#5468=ADVANCED_FACE('',(#208),#5267,.F.);
#5469=ADVANCED_FACE('',(#209),#5268,.F.);
#5470=ADVANCED_FACE('',(#210),#5269,.F.);
#5471=ADVANCED_FACE('',(#211),#63,.F.);
#5472=ADVANCED_FACE('',(#212),#5270,.F.);
#5473=ADVANCED_FACE('',(#213),#5271,.F.);
#5474=ADVANCED_FACE('',(#214),#5272,.F.);
#5475=ADVANCED_FACE('',(#215),#64,.F.);
#5476=ADVANCED_FACE('',(#216),#5273,.F.);
#5477=ADVANCED_FACE('',(#217),#5274,.F.);
#5478=ADVANCED_FACE('',(#218),#5275,.F.);
#5479=ADVANCED_FACE('',(#219),#5276,.F.);
#5480=ADVANCED_FACE('',(#220),#5277,.F.);
#5481=ADVANCED_FACE('',(#221),#5278,.F.);
#5482=ADVANCED_FACE('',(#222),#5279,.F.);
#5483=ADVANCED_FACE('',(#223),#5280,.F.);
#5484=ADVANCED_FACE('',(#224),#5281,.F.);
#5485=ADVANCED_FACE('',(#225),#5282,.F.);
#5486=ADVANCED_FACE('',(#226),#65,.F.);
#5487=ADVANCED_FACE('',(#227),#5283,.F.);
#5488=ADVANCED_FACE('',(#228),#5284,.F.);
#5489=ADVANCED_FACE('',(#229),#66,.F.);
#5490=ADVANCED_FACE('',(#230),#5285,.F.);
#5491=ADVANCED_FACE('',(#231),#5286,.F.);
#5492=ADVANCED_FACE('',(#232),#5287,.F.);
#5493=ADVANCED_FACE('',(#233),#5288,.F.);
#5494=ADVANCED_FACE('',(#234),#5289,.F.);
#5495=ADVANCED_FACE('',(#235),#67,.F.);
#5496=ADVANCED_FACE('',(#236),#5290,.F.);
#5497=ADVANCED_FACE('',(#237,#35),#68,.T.);
#5498=ADVANCED_FACE('',(#238),#5291,.F.);
#5499=ADVANCED_FACE('',(#239),#5292,.F.);
#5500=ADVANCED_FACE('',(#240),#5293,.F.);
#5501=ADVANCED_FACE('',(#241),#5294,.F.);
#5502=ADVANCED_FACE('',(#242),#5295,.F.);
#5503=ADVANCED_FACE('',(#243),#5296,.F.);
#5504=ADVANCED_FACE('',(#244),#5297,.F.);
#5505=ADVANCED_FACE('',(#245),#69,.F.);
#5506=ADVANCED_FACE('',(#246),#5298,.F.);
#5507=ADVANCED_FACE('',(#247),#5299,.F.);
#5508=ADVANCED_FACE('',(#248),#5300,.F.);
#5509=ADVANCED_FACE('',(#249),#5301,.F.);
#5510=ADVANCED_FACE('',(#250),#5302,.F.);
#5511=ADVANCED_FACE('',(#251),#5303,.F.);
#5512=ADVANCED_FACE('',(#252),#5304,.F.);
#5513=ADVANCED_FACE('',(#253),#5305,.F.);
#5514=ADVANCED_FACE('',(#254),#70,.F.);
#5515=ADVANCED_FACE('',(#255),#5306,.F.);
#5516=ADVANCED_FACE('',(#256),#71,.T.);
#5517=ADVANCED_FACE('',(#257),#5307,.F.);
#5518=ADVANCED_FACE('',(#258),#5308,.F.);
#5519=ADVANCED_FACE('',(#259),#5309,.F.);
#5520=ADVANCED_FACE('',(#260),#5310,.F.);
#5521=ADVANCED_FACE('',(#261),#72,.F.);
#5522=ADVANCED_FACE('',(#262),#5311,.F.);
#5523=ADVANCED_FACE('',(#263),#5312,.F.);
#5524=ADVANCED_FACE('',(#264),#5313,.F.);
#5525=ADVANCED_FACE('',(#265),#73,.F.);
#5526=ADVANCED_FACE('',(#266),#5314,.F.);
#5527=ADVANCED_FACE('',(#267),#5315,.F.);
#5528=ADVANCED_FACE('',(#268),#5316,.F.);
#5529=ADVANCED_FACE('',(#269),#5317,.F.);
#5530=ADVANCED_FACE('',(#270),#5318,.F.);
#5531=ADVANCED_FACE('',(#271),#5319,.F.);
#5532=ADVANCED_FACE('',(#272),#5320,.F.);
#5533=ADVANCED_FACE('',(#273),#5321,.F.);
#5534=ADVANCED_FACE('',(#274),#74,.F.);
#5535=ADVANCED_FACE('',(#275),#5322,.F.);
#5536=ADVANCED_FACE('',(#276,#36),#75,.T.);
#5537=ADVANCED_FACE('',(#277),#76,.F.);
#5538=ADVANCED_FACE('',(#278),#77,.F.);
#5539=ADVANCED_FACE('',(#279),#78,.F.);
#5540=ADVANCED_FACE('',(#280),#79,.F.);
#5541=ADVANCED_FACE('',(#281),#80,.F.);
#5542=ADVANCED_FACE('',(#282),#81,.F.);
#5543=ADVANCED_FACE('',(#283),#82,.F.);
#5544=ADVANCED_FACE('',(#284),#83,.F.);
#5545=ADVANCED_FACE('',(#285),#84,.F.);
#5546=ADVANCED_FACE('',(#286),#85,.F.);
#5547=ADVANCED_FACE('',(#287),#86,.F.);
#5548=ADVANCED_FACE('',(#288),#87,.F.);
#5549=ADVANCED_FACE('',(#289),#88,.F.);
#5550=ADVANCED_FACE('',(#290),#5323,.F.);
#5551=ADVANCED_FACE('',(#291),#5324,.F.);
#5552=ADVANCED_FACE('',(#292),#5325,.F.);
#5553=ADVANCED_FACE('',(#293),#5326,.F.);
#5554=ADVANCED_FACE('',(#294),#5327,.F.);
#5555=ADVANCED_FACE('',(#295),#5328,.F.);
#5556=ADVANCED_FACE('',(#296),#5329,.F.);
#5557=ADVANCED_FACE('',(#297),#5330,.F.);
#5558=ADVANCED_FACE('',(#298),#5331,.F.);
#5559=ADVANCED_FACE('',(#299),#5332,.F.);
#5560=ADVANCED_FACE('',(#300),#5333,.F.);
#5561=ADVANCED_FACE('',(#301),#89,.F.);
#5562=ADVANCED_FACE('',(#302),#5334,.F.);
#5563=ADVANCED_FACE('',(#303),#5335,.F.);
#5564=ADVANCED_FACE('',(#304),#5336,.F.);
#5565=ADVANCED_FACE('',(#305),#5337,.F.);
#5566=ADVANCED_FACE('',(#306),#5338,.F.);
#5567=ADVANCED_FACE('',(#307),#5339,.F.);
#5568=ADVANCED_FACE('',(#308),#90,.F.);
#5569=ADVANCED_FACE('',(#309),#5340,.F.);
#5570=ADVANCED_FACE('',(#310),#5341,.F.);
#5571=ADVANCED_FACE('',(#311),#5342,.F.);
#5572=ADVANCED_FACE('',(#312),#5343,.F.);
#5573=ADVANCED_FACE('',(#313),#5344,.F.);
#5574=ADVANCED_FACE('',(#314),#5345,.F.);
#5575=ADVANCED_FACE('',(#315),#5346,.F.);
#5576=ADVANCED_FACE('',(#316),#91,.F.);
#5577=ADVANCED_FACE('',(#317),#5347,.F.);
#5578=ADVANCED_FACE('',(#318),#92,.T.);
#5579=ADVANCED_FACE('',(#319),#5348,.F.);
#5580=ADVANCED_FACE('',(#320),#5349,.F.);
#5581=ADVANCED_FACE('',(#321),#5350,.F.);
#5582=ADVANCED_FACE('',(#322),#5351,.F.);
#5583=ADVANCED_FACE('',(#323),#5352,.F.);
#5584=ADVANCED_FACE('',(#324),#5353,.F.);
#5585=ADVANCED_FACE('',(#325),#5354,.F.);
#5586=ADVANCED_FACE('',(#326),#5355,.F.);
#5587=ADVANCED_FACE('',(#327),#5356,.F.);
#5588=ADVANCED_FACE('',(#328),#5357,.F.);
#5589=ADVANCED_FACE('',(#329),#5358,.F.);
#5590=ADVANCED_FACE('',(#330),#5359,.F.);
#5591=ADVANCED_FACE('',(#331),#5360,.F.);
#5592=ADVANCED_FACE('',(#332),#5361,.F.);
#5593=ADVANCED_FACE('',(#333),#5362,.F.);
#5594=ADVANCED_FACE('',(#334),#5363,.F.);
#5595=ADVANCED_FACE('',(#335),#5364,.F.);
#5596=ADVANCED_FACE('',(#336),#5365,.F.);
#5597=ADVANCED_FACE('',(#337),#5366,.F.);
#5598=ADVANCED_FACE('',(#338),#5367,.F.);
#5599=ADVANCED_FACE('',(#339,#37),#93,.T.);
#5600=ADVANCED_FACE('',(#340),#94,.F.);
#5601=ADVANCED_FACE('',(#341),#95,.F.);
#5602=ADVANCED_FACE('',(#342),#96,.F.);
#5603=ADVANCED_FACE('',(#343),#97,.F.);
#5604=ADVANCED_FACE('',(#344),#98,.F.);
#5605=ADVANCED_FACE('',(#345),#99,.F.);
#5606=ADVANCED_FACE('',(#346),#100,.F.);
#5607=ADVANCED_FACE('',(#347),#101,.F.);
#5608=ADVANCED_FACE('',(#348),#102,.F.);
#5609=ADVANCED_FACE('',(#349),#103,.F.);
#5610=ADVANCED_FACE('',(#350),#104,.F.);
#5611=ADVANCED_FACE('',(#351,#38),#105,.F.);
#5612=ADVANCED_FACE('',(#352),#106,.F.);
#5613=ADVANCED_FACE('',(#353),#107,.F.);
#5614=ADVANCED_FACE('',(#354),#108,.F.);
#5615=ADVANCED_FACE('',(#355),#109,.F.);
#5616=ADVANCED_FACE('',(#356),#110,.F.);
#5617=ADVANCED_FACE('',(#357),#111,.F.);
#5618=ADVANCED_FACE('',(#358),#112,.F.);
#5619=ADVANCED_FACE('',(#359),#113,.F.);
#5620=ADVANCED_FACE('',(#360),#114,.F.);
#5621=ADVANCED_FACE('',(#361),#115,.F.);
#5622=ADVANCED_FACE('',(#362),#116,.F.);
#5623=ADVANCED_FACE('',(#363),#117,.F.);
#5624=ADVANCED_FACE('',(#364),#118,.F.);
#5625=ADVANCED_FACE('',(#365),#5368,.F.);
#5626=ADVANCED_FACE('',(#366),#5369,.F.);
#5627=ADVANCED_FACE('',(#367),#5370,.F.);
#5628=ADVANCED_FACE('',(#368),#5371,.F.);
#5629=ADVANCED_FACE('',(#369),#5372,.F.);
#5630=ADVANCED_FACE('',(#370),#5373,.F.);
#5631=ADVANCED_FACE('',(#371),#5374,.F.);
#5632=ADVANCED_FACE('',(#372),#5375,.F.);
#5633=ADVANCED_FACE('',(#373),#5376,.F.);
#5634=ADVANCED_FACE('',(#374),#5377,.F.);
#5635=ADVANCED_FACE('',(#375),#5378,.F.);
#5636=ADVANCED_FACE('',(#376),#119,.F.);
#5637=ADVANCED_FACE('',(#377),#5379,.F.);
#5638=ADVANCED_FACE('',(#378),#5380,.F.);
#5639=ADVANCED_FACE('',(#379),#5381,.F.);
#5640=ADVANCED_FACE('',(#380),#5382,.F.);
#5641=ADVANCED_FACE('',(#381),#5383,.F.);
#5642=ADVANCED_FACE('',(#382),#5384,.F.);
#5643=ADVANCED_FACE('',(#383),#120,.F.);
#5644=ADVANCED_FACE('',(#384),#5385,.F.);
#5645=ADVANCED_FACE('',(#385),#5386,.F.);
#5646=ADVANCED_FACE('',(#386),#5387,.F.);
#5647=ADVANCED_FACE('',(#387),#5388,.F.);
#5648=ADVANCED_FACE('',(#388),#5389,.F.);
#5649=ADVANCED_FACE('',(#389),#5390,.F.);
#5650=ADVANCED_FACE('',(#390),#5391,.F.);
#5651=ADVANCED_FACE('',(#391),#121,.F.);
#5652=ADVANCED_FACE('',(#392),#5392,.F.);
#5653=ADVANCED_FACE('',(#393),#122,.T.);
#5654=ADVANCED_FACE('',(#394),#5393,.F.);
#5655=ADVANCED_FACE('',(#395),#5394,.F.);
#5656=ADVANCED_FACE('',(#396),#5395,.F.);
#5657=ADVANCED_FACE('',(#397),#5396,.F.);
#5658=ADVANCED_FACE('',(#398),#5397,.F.);
#5659=ADVANCED_FACE('',(#399),#123,.F.);
#5660=ADVANCED_FACE('',(#400),#124,.F.);
#5661=ADVANCED_FACE('',(#401),#125,.F.);
#5662=ADVANCED_FACE('',(#402),#126,.F.);
#5663=ADVANCED_FACE('',(#403),#127,.F.);
#5664=ADVANCED_FACE('',(#404),#5398,.F.);
#5665=ADVANCED_FACE('',(#405),#5399,.F.);
#5666=ADVANCED_FACE('',(#406),#5400,.F.);
#5667=ADVANCED_FACE('',(#407),#5401,.F.);
#5668=ADVANCED_FACE('',(#408),#5402,.F.);
#5669=ADVANCED_FACE('',(#409),#5403,.F.);
#5670=ADVANCED_FACE('',(#410),#128,.F.);
#5671=ADVANCED_FACE('',(#411),#129,.F.);
#5672=ADVANCED_FACE('',(#412),#130,.F.);
#5673=ADVANCED_FACE('',(#413),#131,.T.);
#5674=ADVANCED_FACE('',(#414),#132,.F.);
#5675=ADVANCED_FACE('',(#415),#133,.F.);
#5676=ADVANCED_FACE('',(#416),#134,.F.);
#5677=ADVANCED_FACE('',(#417),#135,.F.);
#5678=ADVANCED_FACE('',(#418),#136,.F.);
#5679=ADVANCED_FACE('',(#419),#5404,.F.);
#5680=ADVANCED_FACE('',(#420),#5405,.F.);
#5681=ADVANCED_FACE('',(#421),#5406,.F.);
#5682=ADVANCED_FACE('',(#422),#5407,.F.);
#5683=ADVANCED_FACE('',(#423),#5408,.F.);
#5684=ADVANCED_FACE('',(#424),#5409,.F.);
#5685=ADVANCED_FACE('',(#425),#137,.F.);
#5686=ADVANCED_FACE('',(#426),#138,.F.);
#5687=ADVANCED_FACE('',(#427),#139,.F.);
#5688=ADVANCED_FACE('',(#428),#5410,.F.);
#5689=ADVANCED_FACE('',(#429),#5411,.F.);
#5690=ADVANCED_FACE('',(#430),#5412,.F.);
#5691=ADVANCED_FACE('',(#431),#5413,.F.);
#5692=ADVANCED_FACE('',(#432),#5414,.F.);
#5693=ADVANCED_FACE('',(#433),#5415,.F.);
#5694=ADVANCED_FACE('',(#434),#140,.F.);
#5695=ADVANCED_FACE('',(#435),#141,.F.);
#5696=ADVANCED_FACE('',(#436),#142,.F.);
#5697=ADVANCED_FACE('',(#437),#143,.F.);
#5698=ADVANCED_FACE('',(#438),#5416,.F.);
#5699=ADVANCED_FACE('',(#439),#5417,.F.);
#5700=ADVANCED_FACE('',(#440),#5418,.F.);
#5701=ADVANCED_FACE('',(#441),#5419,.F.);
#5702=ADVANCED_FACE('',(#442),#5420,.F.);
#5703=ADVANCED_FACE('',(#443),#5421,.F.);
#5704=ADVANCED_FACE('',(#444),#5422,.F.);
#5705=ADVANCED_FACE('',(#445),#5423,.F.);
#5706=ADVANCED_FACE('',(#446),#5424,.F.);
#5707=ADVANCED_FACE('',(#447),#5425,.F.);
#5708=ADVANCED_FACE('',(#448),#5426,.F.);
#5709=ADVANCED_FACE('',(#449),#5427,.F.);
#5710=ADVANCED_FACE('',(#450),#144,.F.);
#5711=ADVANCED_FACE('',(#451),#145,.F.);
#5712=ADVANCED_FACE('',(#452,#39,#40),#146,.T.);
#5713=ADVANCED_FACE('',(#453,#41,#42,#43,#44,#45,#46,#47,#48,#49,#50,#51,
#52,#53),#147,.T.);
#5714=ADVANCED_FACE('',(#454),#148,.T.);
#5715=ADVANCED_FACE('',(#455),#149,.T.);
#5716=ADVANCED_FACE('',(#456),#150,.T.);
#5717=ADVANCED_FACE('',(#457),#151,.T.);
#5718=ADVANCED_FACE('',(#458),#152,.T.);
#5719=ADVANCED_FACE('',(#459),#153,.T.);
#5720=ADVANCED_FACE('',(#460),#29,.T.);
#5721=ADVANCED_FACE('',(#461),#154,.T.);
#5722=ADVANCED_FACE('',(#462),#30,.T.);
#5723=ADVANCED_FACE('',(#463),#155,.T.);
#5724=ADVANCED_FACE('',(#464),#31,.T.);
#5725=ADVANCED_FACE('',(#465),#156,.T.);
#5726=ADVANCED_FACE('',(#466),#32,.T.);
#5727=ADVANCED_FACE('',(#467),#157,.T.);
#5728=ADVANCED_FACE('',(#468),#158,.F.);
#5729=ADVANCED_FACE('',(#469),#33,.T.);
#5730=ADVANCED_FACE('',(#470),#159,.T.);
#5731=ADVANCED_FACE('',(#471),#160,.F.);
#5732=ADVANCED_FACE('',(#472),#161,.T.);
#5733=ADVANCED_FACE('',(#473,#54,#55),#162,.T.);
#5734=ADVANCED_FACE('',(#474),#163,.T.);
#5735=ADVANCED_FACE('',(#475),#164,.T.);
#5736=ADVANCED_FACE('',(#476,#56),#165,.T.);
#5737=ADVANCED_FACE('',(#477),#166,.T.);
#5738=ADVANCED_FACE('',(#478),#167,.T.);
#5739=CLOSED_SHELL('',(#5428,#5429,#5430,#5431,#5432,#5433,#5434,#5435,
#5436,#5437,#5438,#5439,#5440,#5441,#5442,#5443,#5444,#5445,#5446,#5447,
#5448,#5449,#5450,#5451,#5452,#5453,#5454,#5455,#5456,#5457,#5458,#5459,
#5460,#5461,#5462,#5463,#5464,#5465,#5466,#5467,#5468,#5469,#5470,#5471,
#5472,#5473,#5474,#5475,#5476,#5477,#5478,#5479,#5480,#5481,#5482,#5483,
#5484,#5485,#5486,#5487,#5488,#5489,#5490,#5491,#5492,#5493,#5494,#5495,
#5496,#5497,#5498,#5499,#5500,#5501,#5502,#5503,#5504,#5505,#5506,#5507,
#5508,#5509,#5510,#5511,#5512,#5513,#5514,#5515,#5516,#5517,#5518,#5519,
#5520,#5521,#5522,#5523,#5524,#5525,#5526,#5527,#5528,#5529,#5530,#5531,
#5532,#5533,#5534,#5535,#5536,#5537,#5538,#5539,#5540,#5541,#5542,#5543,
#5544,#5545,#5546,#5547,#5548,#5549,#5550,#5551,#5552,#5553,#5554,#5555,
#5556,#5557,#5558,#5559,#5560,#5561,#5562,#5563,#5564,#5565,#5566,#5567,
#5568,#5569,#5570,#5571,#5572,#5573,#5574,#5575,#5576,#5577,#5578,#5579,
#5580,#5581,#5582,#5583,#5584,#5585,#5586,#5587,#5588,#5589,#5590,#5591,
#5592,#5593,#5594,#5595,#5596,#5597,#5598,#5599,#5600,#5601,#5602,#5603,
#5604,#5605,#5606,#5607,#5608,#5609,#5610,#5611,#5612,#5613,#5614,#5615,
#5616,#5617,#5618,#5619,#5620,#5621,#5622,#5623,#5624,#5625,#5626,#5627,
#5628,#5629,#5630,#5631,#5632,#5633,#5634,#5635,#5636,#5637,#5638,#5639,
#5640,#5641,#5642,#5643,#5644,#5645,#5646,#5647,#5648,#5649,#5650,#5651,
#5652,#5653,#5654,#5655,#5656,#5657,#5658,#5659,#5660,#5661,#5662,#5663,
#5664,#5665,#5666,#5667,#5668,#5669,#5670,#5671,#5672,#5673,#5674,#5675,
#5676,#5677,#5678,#5679,#5680,#5681,#5682,#5683,#5684,#5685,#5686,#5687,
#5688,#5689,#5690,#5691,#5692,#5693,#5694,#5695,#5696,#5697,#5698,#5699,
#5700,#5701,#5702,#5703,#5704,#5705,#5706,#5707,#5708,#5709,#5710,#5711,
#5712,#5713,#5714,#5715,#5716,#5717,#5718,#5719,#5720,#5721,#5722,#5723,
#5724,#5725,#5726,#5727,#5728,#5729,#5730,#5731,#5732,#5733,#5734,#5735,
#5736,#5737,#5738));
#5740=DERIVED_UNIT_ELEMENT(#5742,1.);
#5741=DERIVED_UNIT_ELEMENT(#11649,-3.);
#5742=(
MASS_UNIT()
NAMED_UNIT(*)
SI_UNIT(.KILO.,.GRAM.)
);
#5743=DERIVED_UNIT((#5740,#5741));
#5744=MEASURE_REPRESENTATION_ITEM('density measure',
POSITIVE_RATIO_MEASURE(7850.),#5743);
#5745=PROPERTY_DEFINITION_REPRESENTATION(#5750,#5747);
#5746=PROPERTY_DEFINITION_REPRESENTATION(#5751,#5748);
#5747=REPRESENTATION('material name',(#5749),#11646);
#5748=REPRESENTATION('density',(#5744),#11646);
#5749=DESCRIPTIVE_REPRESENTATION_ITEM('Steel','Steel');
#5750=PROPERTY_DEFINITION('material property','material name',#11656);
#5751=PROPERTY_DEFINITION('material property','density of part',#11656);
#5752=AXIS2_PLACEMENT_3D('',#6595,#5883,#5884);
#5753=AXIS2_PLACEMENT_3D('',#6783,#5894,#5895);
#5754=AXIS2_PLACEMENT_3D('',#6858,#5902,#5903);
#5755=AXIS2_PLACEMENT_3D('',#7094,#5917,#5918);
#5756=AXIS2_PLACEMENT_3D('',#7146,#5924,#5925);
#5757=AXIS2_PLACEMENT_3D('',#7267,#5934,#5935);
#5758=AXIS2_PLACEMENT_3D('',#7293,#5939,#5940);
#5759=AXIS2_PLACEMENT_3D('',#7481,#5950,#5951);
#5760=AXIS2_PLACEMENT_3D('',#7556,#5958,#5959);
#5761=AXIS2_PLACEMENT_3D('',#7792,#5973,#5974);
#5762=AXIS2_PLACEMENT_3D('',#7844,#5980,#5981);
#5763=AXIS2_PLACEMENT_3D('',#7965,#5990,#5991);
#5764=AXIS2_PLACEMENT_3D('',#7991,#5995,#5996);
#5765=AXIS2_PLACEMENT_3D('',#8156,#6005,#6006);
#5766=AXIS2_PLACEMENT_3D('',#8346,#6018,#6019);
#5767=AXIS2_PLACEMENT_3D('',#8372,#6023,#6024);
#5768=AXIS2_PLACEMENT_3D('',#8468,#6030,#6031);
#5769=AXIS2_PLACEMENT_3D('',#8543,#6038,#6039);
#5770=AXIS2_PLACEMENT_3D('',#8733,#6051,#6052);
#5771=AXIS2_PLACEMENT_3D('',#8759,#6056,#6057);
#5772=AXIS2_PLACEMENT_3D('',#8760,#6058,#6059);
#5773=AXIS2_PLACEMENT_3D('',#8769,#6064,#6065);
#5774=AXIS2_PLACEMENT_3D('',#8775,#6069,#6070);
#5775=AXIS2_PLACEMENT_3D('',#8781,#6074,#6075);
#5776=AXIS2_PLACEMENT_3D('',#8787,#6079,#6080);
#5777=AXIS2_PLACEMENT_3D('',#8793,#6084,#6085);
#5778=AXIS2_PLACEMENT_3D('',#8799,#6089,#6090);
#5779=AXIS2_PLACEMENT_3D('',#8805,#6094,#6095);
#5780=AXIS2_PLACEMENT_3D('',#8811,#6099,#6100);
#5781=AXIS2_PLACEMENT_3D('',#8817,#6104,#6105);
#5782=AXIS2_PLACEMENT_3D('',#8823,#6109,#6110);
#5783=AXIS2_PLACEMENT_3D('',#8829,#6114,#6115);
#5784=AXIS2_PLACEMENT_3D('',#8832,#6118,#6119);
#5785=AXIS2_PLACEMENT_3D('',#9089,#6132,#6133);
#5786=AXIS2_PLACEMENT_3D('',#9233,#6143,#6144);
#5787=AXIS2_PLACEMENT_3D('',#9400,#6155,#6156);
#5788=AXIS2_PLACEMENT_3D('',#9426,#6160,#6161);
#5789=AXIS2_PLACEMENT_3D('',#9887,#6182,#6183);
#5790=AXIS2_PLACEMENT_3D('',#9888,#6184,#6185);
#5791=AXIS2_PLACEMENT_3D('',#9897,#6190,#6191);
#5792=AXIS2_PLACEMENT_3D('',#9903,#6195,#6196);
#5793=AXIS2_PLACEMENT_3D('',#9906,#6199,#6200);
#5794=AXIS2_PLACEMENT_3D('',#9915,#6205,#6206);
#5795=AXIS2_PLACEMENT_3D('',#9921,#6210,#6211);
#5796=AXIS2_PLACEMENT_3D('',#9927,#6215,#6216);
#5797=AXIS2_PLACEMENT_3D('',#9933,#6220,#6221);
#5798=AXIS2_PLACEMENT_3D('',#9939,#6225,#6226);
#5799=AXIS2_PLACEMENT_3D('',#9945,#6230,#6231);
#5800=AXIS2_PLACEMENT_3D('',#9951,#6235,#6236);
#5801=AXIS2_PLACEMENT_3D('',#9954,#6239,#6240);
#5802=AXIS2_PLACEMENT_3D('',#9955,#6241,#6242);
#5803=AXIS2_PLACEMENT_3D('',#9964,#6247,#6248);
#5804=AXIS2_PLACEMENT_3D('',#9970,#6252,#6253);
#5805=AXIS2_PLACEMENT_3D('',#9976,#6257,#6258);
#5806=AXIS2_PLACEMENT_3D('',#9982,#6262,#6263);
#5807=AXIS2_PLACEMENT_3D('',#9988,#6267,#6268);
#5808=AXIS2_PLACEMENT_3D('',#9994,#6272,#6273);
#5809=AXIS2_PLACEMENT_3D('',#10000,#6277,#6278);
#5810=AXIS2_PLACEMENT_3D('',#10006,#6282,#6283);
#5811=AXIS2_PLACEMENT_3D('',#10012,#6287,#6288);
#5812=AXIS2_PLACEMENT_3D('',#10018,#6292,#6293);
#5813=AXIS2_PLACEMENT_3D('',#10024,#6297,#6298);
#5814=AXIS2_PLACEMENT_3D('',#10027,#6301,#6302);
#5815=AXIS2_PLACEMENT_3D('',#10284,#6315,#6316);
#5816=AXIS2_PLACEMENT_3D('',#10428,#6326,#6327);
#5817=AXIS2_PLACEMENT_3D('',#10595,#6338,#6339);
#5818=AXIS2_PLACEMENT_3D('',#10621,#6343,#6344);
#5819=AXIS2_PLACEMENT_3D('',#10740,#6351,#6352);
#5820=AXIS2_PLACEMENT_3D('',#10746,#6356,#6357);
#5821=AXIS2_PLACEMENT_3D('',#10752,#6361,#6362);
#5822=AXIS2_PLACEMENT_3D('',#10758,#6366,#6367);
#5823=AXIS2_PLACEMENT_3D('',#10764,#6371,#6372);
#5824=AXIS2_PLACEMENT_3D('',#10908,#6382,#6383);
#5825=AXIS2_PLACEMENT_3D('',#10914,#6387,#6388);
#5826=AXIS2_PLACEMENT_3D('',#10920,#6392,#6393);
#5827=AXIS2_PLACEMENT_3D('',#10923,#6396,#6397);
#5828=AXIS2_PLACEMENT_3D('',#10924,#6398,#6399);
#5829=AXIS2_PLACEMENT_3D('',#10933,#6404,#6405);
#5830=AXIS2_PLACEMENT_3D('',#10939,#6409,#6410);
#5831=AXIS2_PLACEMENT_3D('',#10945,#6414,#6415);
#5832=AXIS2_PLACEMENT_3D('',#10948,#6418,#6419);
#5833=AXIS2_PLACEMENT_3D('',#11090,#6427,#6428);
#5834=AXIS2_PLACEMENT_3D('',#11096,#6432,#6433);
#5835=AXIS2_PLACEMENT_3D('',#11102,#6437,#6438);
#5836=AXIS2_PLACEMENT_3D('',#11246,#6448,#6449);
#5837=AXIS2_PLACEMENT_3D('',#11252,#6453,#6454);
#5838=AXIS2_PLACEMENT_3D('',#11258,#6458,#6459);
#5839=AXIS2_PLACEMENT_3D('',#11261,#6462,#6463);
#5840=AXIS2_PLACEMENT_3D('',#11546,#6480,#6481);
#5841=AXIS2_PLACEMENT_3D('',#11552,#6485,#6486);
#5842=AXIS2_PLACEMENT_3D('',#11555,#6489,#6490);
#5843=AXIS2_PLACEMENT_3D('',#11556,#6491,#6492);
#5844=AXIS2_PLACEMENT_3D('',#11565,#6497,#6498);
#5845=AXIS2_PLACEMENT_3D('',#11566,#6499,#6500);
#5846=AXIS2_PLACEMENT_3D('',#11567,#6501,#6502);
#5847=AXIS2_PLACEMENT_3D('',#11568,#6503,#6504);
#5848=AXIS2_PLACEMENT_3D('',#11569,#6505,#6506);
#5849=AXIS2_PLACEMENT_3D('',#11570,#6507,#6508);
#5850=AXIS2_PLACEMENT_3D('',#11571,#6509,#6510);
#5851=AXIS2_PLACEMENT_3D('',#11573,#6511,#6512);
#5852=AXIS2_PLACEMENT_3D('',#11576,#6514,#6515);
#5853=AXIS2_PLACEMENT_3D('',#11577,#6516,#6517);
#5854=AXIS2_PLACEMENT_3D('',#11578,#6518,#6519);
#5855=AXIS2_PLACEMENT_3D('',#11580,#6520,#6521);
#5856=AXIS2_PLACEMENT_3D('',#11583,#6523,#6524);
#5857=AXIS2_PLACEMENT_3D('',#11584,#6525,#6526);
#5858=AXIS2_PLACEMENT_3D('',#11585,#6527,#6528);
#5859=AXIS2_PLACEMENT_3D('',#11587,#6529,#6530);
#5860=AXIS2_PLACEMENT_3D('',#11590,#6532,#6533);
#5861=AXIS2_PLACEMENT_3D('',#11591,#6534,#6535);
#5862=AXIS2_PLACEMENT_3D('',#11592,#6536,#6537);
#5863=AXIS2_PLACEMENT_3D('',#11594,#6538,#6539);
#5864=AXIS2_PLACEMENT_3D('',#11598,#6541,#6542);
#5865=AXIS2_PLACEMENT_3D('',#11600,#6543,#6544);
#5866=AXIS2_PLACEMENT_3D('',#11601,#6545,#6546);
#5867=AXIS2_PLACEMENT_3D('',#11602,#6547,#6548);
#5868=AXIS2_PLACEMENT_3D('',#11603,#6549,#6550);
#5869=AXIS2_PLACEMENT_3D('',#11605,#6552,#6553);
#5870=AXIS2_PLACEMENT_3D('',#11607,#6554,#6555);
#5871=AXIS2_PLACEMENT_3D('',#11611,#6557,#6558);
#5872=AXIS2_PLACEMENT_3D('',#11613,#6559,#6560);
#5873=AXIS2_PLACEMENT_3D('',#11614,#6561,#6562);
#5874=AXIS2_PLACEMENT_3D('',#11615,#6563,#6564);
#5875=AXIS2_PLACEMENT_3D('',#11616,#6565,#6566);
#5876=AXIS2_PLACEMENT_3D('',#11618,#6568,#6569);
#5877=AXIS2_PLACEMENT_3D('',#11626,#6574,#6575);
#5878=AXIS2_PLACEMENT_3D('',#11634,#6581,#6582);
#5879=AXIS2_PLACEMENT_3D('',#11636,#6584,#6585);
#5880=AXIS2_PLACEMENT_3D('',#11637,#6586,#6587);
#5881=AXIS2_PLACEMENT_3D('',#11641,#6590,#6591);
#5882=AXIS2_PLACEMENT_3D('',#11643,#6593,#6594);
#5883=DIRECTION('axis',(0.,0.,1.));
#5884=DIRECTION('refdir',(1.,0.,0.));
#5885=DIRECTION('',(0.,0.252421897147002,-0.967617272396844));
#5886=DIRECTION('',(0.,0.252421897147002,-0.967617272396844));
#5887=DIRECTION('',(0.,0.252421897147002,-0.967617272396844));
#5888=DIRECTION('',(0.,0.252421897147002,-0.967617272396844));
#5889=DIRECTION('',(0.,0.252421897147002,-0.967617272396844));
#5890=DIRECTION('',(0.,0.252421897147002,-0.967617272396844));
#5891=DIRECTION('',(0.,0.252421897147002,-0.967617272396844));
#5892=DIRECTION('',(0.,0.252421897147002,-0.967617272396844));
#5893=DIRECTION('',(0.,0.252421897147002,-0.967617272396844));
#5894=DIRECTION('center_axis',(-1.,0.,0.));
#5895=DIRECTION('ref_axis',(0.,0.967617272396844,0.252421897147003));
#5896=DIRECTION('',(0.,0.967617272396844,0.252421897147003));
#5897=DIRECTION('',(0.,0.967617272396844,0.252421897147003));
#5898=DIRECTION('',(0.,0.252421897147002,-0.967617272396844));
#5899=DIRECTION('',(0.,0.252421897147002,-0.967617272396844));
#5900=DIRECTION('',(0.,0.252421897147002,-0.967617272396844));
#5901=DIRECTION('',(0.,0.252421897147002,-0.967617272396844));
#5902=DIRECTION('center_axis',(-1.,0.,0.));
#5903=DIRECTION('ref_axis',(0.,0.967617272396844,0.252421897147003));
#5904=DIRECTION('',(0.,0.967617272396844,0.252421897147003));
#5905=DIRECTION('',(0.,0.252421897147002,-0.967617272396844));
#5906=DIRECTION('',(0.,0.967617272396844,0.252421897147003));
#5907=DIRECTION('',(0.,0.252421897147002,-0.967617272396844));
#5908=DIRECTION('',(0.,0.252421897147002,-0.967617272396844));
#5909=DIRECTION('',(0.,0.252421897147002,-0.967617272396844));
#5910=DIRECTION('',(0.,0.252421897147002,-0.967617272396844));
#5911=DIRECTION('',(0.,0.252421897147002,-0.967617272396844));
#5912=DIRECTION('',(0.,0.252421897147002,-0.967617272396844));
#5913=DIRECTION('',(0.,0.252421897147002,-0.967617272396844));
#5914=DIRECTION('',(0.,0.252421897147002,-0.967617272396844));
#5915=DIRECTION('',(0.,0.252421897147002,-0.967617272396844));
#5916=DIRECTION('',(0.,0.252421897147002,-0.967617272396844));
#5917=DIRECTION('center_axis',(0.,-0.967617272396844,-0.252421897147002));
#5918=DIRECTION('ref_axis',(-1.,0.,0.));
#5919=DIRECTION('',(-1.,0.,0.));
#5920=DIRECTION('',(0.,0.252421897147002,-0.967617272396844));
#5921=DIRECTION('',(-1.,0.,0.));
#5922=DIRECTION('',(0.,0.252421897147002,-0.967617272396844));
#5923=DIRECTION('',(0.,0.252421897147002,-0.967617272396844));
#5924=DIRECTION('center_axis',(0.999958174444949,-0.00884982993921374,-0.00230865128849054));
#5925=DIRECTION('ref_axis',(-0.00914600244504958,-0.967576801267349,-0.252411339461048));
#5926=DIRECTION('',(-0.00914600244504958,-0.967576801267349,-0.252411339461047));
#5927=DIRECTION('',(0.,0.252421897147002,-0.967617272396844));
#5928=DIRECTION('',(-0.00914600244504958,-0.967576801267349,-0.252411339461048));
#5929=DIRECTION('',(0.,0.252421897147002,-0.967617272396844));
#5930=DIRECTION('',(0.,0.252421897147002,-0.967617272396844));
#5931=DIRECTION('',(0.,0.252421897147002,-0.967617272396844));
#5932=DIRECTION('',(0.,0.252421897147002,-0.967617272396844));
#5933=DIRECTION('',(0.,0.252421897147002,-0.967617272396844));
#5934=DIRECTION('center_axis',(-0.177526946193374,-0.952247581591532,-0.248412412589095));
#5935=DIRECTION('ref_axis',(-0.984115940006692,0.171778139452574,0.0448116885528454));
#5936=DIRECTION('',(-0.984115940006692,0.171778139452574,0.0448116885528454));
#5937=DIRECTION('',(0.,0.252421897147002,-0.967617272396844));
#5938=DIRECTION('',(-0.984115940006692,0.171778139452574,0.0448116885528454));
#5939=DIRECTION('center_axis',(0.,-0.252421897147003,0.967617272396844));
#5940=DIRECTION('ref_axis',(1.,0.,0.));
#5941=DIRECTION('',(0.,0.252421897147002,-0.967617272396844));
#5942=DIRECTION('',(0.,0.252421897147002,-0.967617272396844));
#5943=DIRECTION('',(0.,0.252421897147002,-0.967617272396844));
#5944=DIRECTION('',(0.,0.252421897147002,-0.967617272396844));
#5945=DIRECTION('',(0.,0.252421897147002,-0.967617272396844));
#5946=DIRECTION('',(0.,0.252421897147002,-0.967617272396844));
#5947=DIRECTION('',(0.,0.252421897147002,-0.967617272396844));
#5948=DIRECTION('',(0.,0.252421897147002,-0.967617272396844));
#5949=DIRECTION('',(0.,0.252421897147002,-0.967617272396844));
#5950=DIRECTION('center_axis',(-1.,5.62456815020319E-16,1.46727864787909E-16));
#5951=DIRECTION('ref_axis',(5.8128025518507E-16,0.967617272396844,0.252421897147003));
#5952=DIRECTION('',(5.81280255185071E-16,0.967617272396844,0.252421897147003));
#5953=DIRECTION('',(5.8128025518507E-16,0.967617272396844,0.252421897147003));
#5954=DIRECTION('',(0.,0.252421897147002,-0.967617272396844));
#5955=DIRECTION('',(0.,0.252421897147002,-0.967617272396844));
#5956=DIRECTION('',(0.,0.252421897147002,-0.967617272396844));
#5957=DIRECTION('',(0.,0.252421897147002,-0.967617272396844));
#5958=DIRECTION('center_axis',(-1.,5.62456815020319E-16,1.46727864787909E-16));
#5959=DIRECTION('ref_axis',(5.8128025518507E-16,0.967617272396844,0.252421897147003));
#5960=DIRECTION('',(5.81280255185071E-16,0.967617272396844,0.252421897147003));
#5961=DIRECTION('',(0.,0.252421897147002,-0.967617272396844));
#5962=DIRECTION('',(5.8128025518507E-16,0.967617272396844,0.252421897147003));
#5963=DIRECTION('',(0.,0.252421897147002,-0.967617272396844));
#5964=DIRECTION('',(0.,0.252421897147002,-0.967617272396844));
#5965=DIRECTION('',(0.,0.252421897147002,-0.967617272396844));
#5966=DIRECTION('',(0.,0.252421897147002,-0.967617272396844));
#5967=DIRECTION('',(0.,0.252421897147002,-0.967617272396844));
#5968=DIRECTION('',(0.,0.252421897147002,-0.967617272396844));
#5969=DIRECTION('',(0.,0.252421897147002,-0.967617272396844));
#5970=DIRECTION('',(0.,0.252421897147002,-0.967617272396844));
#5971=DIRECTION('',(0.,0.252421897147002,-0.967617272396844));
#5972=DIRECTION('',(0.,0.252421897147002,-0.967617272396844));
#5973=DIRECTION('center_axis',(0.,-0.967617272396844,-0.252421897147002));
#5974=DIRECTION('ref_axis',(-1.,0.,0.));
#5975=DIRECTION('',(-1.,0.,0.));
#5976=DIRECTION('',(0.,0.252421897147002,-0.967617272396844));
#5977=DIRECTION('',(-1.,0.,0.));
#5978=DIRECTION('',(0.,0.252421897147002,-0.967617272396844));
#5979=DIRECTION('',(0.,0.252421897147002,-0.967617272396844));
#5980=DIRECTION('center_axis',(0.999958174444949,-0.00884982993921345,-0.00230865128849046));
#5981=DIRECTION('ref_axis',(-0.00914600244504928,-0.967576801267349,-0.252411339461048));
#5982=DIRECTION('',(-0.00914600244504928,-0.967576801267349,-0.252411339461047));
#5983=DIRECTION('',(0.,0.252421897147002,-0.967617272396844));
#5984=DIRECTION('',(-0.00914600244504928,-0.967576801267349,-0.252411339461048));
#5985=DIRECTION('',(0.,0.252421897147002,-0.967617272396844));
#5986=DIRECTION('',(0.,0.252421897147002,-0.967617272396844));
#5987=DIRECTION('',(0.,0.252421897147002,-0.967617272396844));
#5988=DIRECTION('',(0.,0.252421897147002,-0.967617272396844));
#5989=DIRECTION('',(0.,0.252421897147002,-0.967617272396844));
#5990=DIRECTION('center_axis',(-0.177526946193374,-0.952247581591532,-0.248412412589095));
#5991=DIRECTION('ref_axis',(-0.984115940006692,0.171778139452574,0.0448116885528454));
#5992=DIRECTION('',(-0.984115940006692,0.171778139452574,0.0448116885528454));
#5993=DIRECTION('',(0.,0.252421897147002,-0.967617272396844));
#5994=DIRECTION('',(-0.984115940006692,0.171778139452574,0.0448116885528454));
#5995=DIRECTION('center_axis',(0.,-0.252421897147003,0.967617272396844));
#5996=DIRECTION('ref_axis',(1.,0.,0.));
#5997=DIRECTION('',(0.,0.252421897147002,-0.967617272396844));
#5998=DIRECTION('',(0.,0.252421897147002,-0.967617272396844));
#5999=DIRECTION('',(0.,0.252421897147002,-0.967617272396844));
#6000=DIRECTION('',(0.,0.252421897147002,-0.967617272396844));
#6001=DIRECTION('',(0.,0.252421897147002,-0.967617272396844));
#6002=DIRECTION('',(0.,0.252421897147002,-0.967617272396844));
#6003=DIRECTION('',(0.,0.252421897147002,-0.967617272396844));
#6004=DIRECTION('',(0.,0.252421897147002,-0.967617272396844));
#6005=DIRECTION('center_axis',(0.167872974344865,0.953885462329263,0.248839685825024));
#6006=DIRECTION('ref_axis',(0.98580863481946,-0.162436789544724,-0.042374814663841));
#6007=DIRECTION('',(0.98580863481946,-0.162436789544724,-0.042374814663841));
#6008=DIRECTION('',(0.,0.252421897147002,-0.967617272396844));
#6009=DIRECTION('',(0.98580863481946,-0.162436789544724,-0.042374814663841));
#6010=DIRECTION('',(0.,0.252421897147002,-0.967617272396844));
#6011=DIRECTION('',(0.,0.252421897147002,-0.967617272396844));
#6012=DIRECTION('',(0.,0.252421897147002,-0.967617272396844));
#6013=DIRECTION('',(0.,0.252421897147002,-0.967617272396844));
#6014=DIRECTION('',(0.,0.252421897147002,-0.967617272396844));
#6015=DIRECTION('',(0.,0.252421897147002,-0.967617272396844));
#6016=DIRECTION('',(0.,0.252421897147002,-0.967617272396844));
#6017=DIRECTION('',(0.,0.252421897147002,-0.967617272396844));
#6018=DIRECTION('center_axis',(0.177634963031004,-0.952228721252668,-0.248407492500695));
#6019=DIRECTION('ref_axis',(-0.984096448478996,-0.171882658410375,-0.0448389543679238));
#6020=DIRECTION('',(-0.984096448478996,-0.171882658410375,-0.0448389543679238));
#6021=DIRECTION('',(0.,0.252421897147002,-0.967617272396844));
#6022=DIRECTION('',(-0.984096448478996,-0.171882658410375,-0.0448389543679238));
#6023=DIRECTION('center_axis',(0.,-0.252421897147003,0.967617272396844));
#6024=DIRECTION('ref_axis',(1.,0.,0.));
#6025=DIRECTION('',(0.,0.252421897147002,-0.967617272396844));
#6026=DIRECTION('',(0.,0.252421897147002,-0.967617272396844));
#6027=DIRECTION('',(0.,0.252421897147002,-0.967617272396844));
#6028=DIRECTION('',(0.,0.252421897147002,-0.967617272396844));
#6029=DIRECTION('',(0.,0.252421897147002,-0.967617272396844));
#6030=DIRECTION('center_axis',(0.,0.967617272396844,0.252421897147002));
#6031=DIRECTION('ref_axis',(1.,0.,0.));
#6032=DIRECTION('',(1.,0.,0.));
#6033=DIRECTION('',(1.,0.,0.));
#6034=DIRECTION('',(0.,0.252421897147002,-0.967617272396844));
#6035=DIRECTION('',(0.,0.252421897147002,-0.967617272396844));
#6036=DIRECTION('',(0.,0.252421897147002,-0.967617272396844));
#6037=DIRECTION('',(0.,0.252421897147002,-0.967617272396844));
#6038=DIRECTION('center_axis',(0.,-0.967617272396844,-0.252421897147002));
#6039=DIRECTION('ref_axis',(-1.,0.,0.));
#6040=DIRECTION('',(-1.,0.,0.));
#6041=DIRECTION('',(0.,0.252421897147002,-0.967617272396844));
#6042=DIRECTION('',(-1.,0.,0.));
#6043=DIRECTION('',(0.,0.252421897147002,-0.967617272396844));
#6044=DIRECTION('',(0.,0.252421897147002,-0.967617272396844));
#6045=DIRECTION('',(0.,0.252421897147002,-0.967617272396844));
#6046=DIRECTION('',(0.,0.252421897147002,-0.967617272396844));
#6047=DIRECTION('',(0.,0.252421897147002,-0.967617272396844));
#6048=DIRECTION('',(0.,0.252421897147002,-0.967617272396844));
#6049=DIRECTION('',(0.,0.252421897147002,-0.967617272396844));
#6050=DIRECTION('',(0.,0.252421897147002,-0.967617272396844));
#6051=DIRECTION('center_axis',(0.165541094369037,0.954266953312118,0.248939205211856));
#6052=DIRECTION('ref_axis',(0.986202892956161,-0.160180422202956,-0.0417861970964233));
#6053=DIRECTION('',(0.986202892956161,-0.160180422202956,-0.0417861970964232));
#6054=DIRECTION('',(0.,0.252421897147002,-0.967617272396844));
#6055=DIRECTION('',(0.986202892956161,-0.160180422202956,-0.0417861970964233));
#6056=DIRECTION('center_axis',(0.,-0.252421897147003,0.967617272396844));
#6057=DIRECTION('ref_axis',(1.,0.,0.));
#6058=DIRECTION('center_axis',(0.841124437023061,-0.523327714181435,-0.136520273264722));
#6059=DIRECTION('ref_axis',(-0.540841641742423,-0.813886533498585,-0.212318226130065));
#6060=DIRECTION('',(-0.540841641742423,-0.813886533498585,-0.212318226130065));
#6061=DIRECTION('',(0.,0.252421897147003,-0.967617272396844));
#6062=DIRECTION('',(-0.540841641742423,-0.813886533498585,-0.212318226130066));
#6063=DIRECTION('',(0.,0.252421897147003,-0.967617272396844));
#6064=DIRECTION('center_axis',(-0.841879257961669,-0.522190074305601,-0.13622349764494));
#6065=DIRECTION('ref_axis',(-0.539665929083827,0.814616911276349,0.212508759463395));
#6066=DIRECTION('',(-0.539665929083827,0.814616911276349,0.212508759463395));
#6067=DIRECTION('',(0.,0.252421897147003,-0.967617272396844));
#6068=DIRECTION('',(-0.539665929083827,0.814616911276349,0.212508759463395));
#6069=DIRECTION('center_axis',(0.,-0.967617272396844,-0.252421897147003));
#6070=DIRECTION('ref_axis',(-1.,0.,0.));
#6071=DIRECTION('',(-1.,0.,0.));
#6072=DIRECTION('',(0.,0.252421897147003,-0.967617272396844));
#6073=DIRECTION('',(-1.,0.,0.));
#6074=DIRECTION('center_axis',(0.83289901390421,0.535503590735475,0.139696588887515));
#6075=DIRECTION('ref_axis',(0.553425001818127,-0.805927472016013,-0.210241949221568));
#6076=DIRECTION('',(0.553425001818127,-0.805927472016013,-0.210241949221568));
#6077=DIRECTION('',(0.,0.252421897147003,-0.967617272396844));
#6078=DIRECTION('',(0.553425001818127,-0.805927472016013,-0.210241949221569));
#6079=DIRECTION('center_axis',(0.842099385539816,-0.521857646066084,-0.136136777234631));
#6080=DIRECTION('ref_axis',(-0.539322375646946,-0.814829910523095,-0.212564324484285));
#6081=DIRECTION('',(-0.539322375646946,-0.814829910523095,-0.212564324484285));
#6082=DIRECTION('',(0.,0.252421897147003,-0.967617272396844));
#6083=DIRECTION('',(-0.539322375646946,-0.814829910523094,-0.212564324484285));
#6084=DIRECTION('center_axis',(0.,0.967617272396844,0.252421897147003));
#6085=DIRECTION('ref_axis',(1.,0.,0.));
#6086=DIRECTION('',(1.,0.,0.));
#6087=DIRECTION('',(0.,0.252421897147003,-0.967617272396844));
#6088=DIRECTION('',(1.,0.,0.));
#6089=DIRECTION('center_axis',(-0.85314739195269,0.504776845644252,0.131680916255022));
#6090=DIRECTION('ref_axis',(0.521669941250522,0.825520152353743,0.215353083222715));
#6091=DIRECTION('',(0.521669941250522,0.825520152353743,0.215353083222715));
#6092=DIRECTION('',(0.,0.252421897147003,-0.967617272396844));
#6093=DIRECTION('',(0.521669941250522,0.825520152353743,0.215353083222715));
#6094=DIRECTION('center_axis',(0.848301716678959,0.512366089505858,0.133660719001528));
#6095=DIRECTION('ref_axis',(0.529513170260694,-0.820831393262455,-0.214129928677162));
#6096=DIRECTION('',(0.529513170260694,-0.820831393262455,-0.214129928677162));
#6097=DIRECTION('',(0.,0.252421897147003,-0.967617272396844));
#6098=DIRECTION('',(0.529513170260694,-0.820831393262455,-0.214129928677162));
#6099=DIRECTION('center_axis',(0.,0.967617272396844,0.252421897147003));
#6100=DIRECTION('ref_axis',(1.,0.,0.));
#6101=DIRECTION('',(1.,0.,0.));
#6102=DIRECTION('',(0.,0.252421897147003,-0.967617272396844));
#6103=DIRECTION('',(1.,0.,0.));
#6104=DIRECTION('center_axis',(-0.839345258672278,-0.525995482563748,-0.137216212842717));
#6105=DIRECTION('ref_axis',(-0.543598690896481,0.812164969795693,0.211869122555398));
#6106=DIRECTION('',(-0.543598690896481,0.812164969795693,0.211869122555398));
#6107=DIRECTION('',(0.,0.252421897147003,-0.967617272396844));
#6108=DIRECTION('',(-0.54359869089648,0.812164969795693,0.211869122555398));
#6109=DIRECTION('center_axis',(-0.836564826955423,0.530126491115796,0.138293867247599));
#6110=DIRECTION('ref_axis',(0.547867949693211,0.809474576041744,0.211167280706542));
#6111=DIRECTION('',(0.547867949693211,0.809474576041744,0.211167280706542));
#6112=DIRECTION('',(0.,0.252421897147003,-0.967617272396844));
#6113=DIRECTION('',(0.547867949693211,0.809474576041744,0.211167280706542));
#6114=DIRECTION('center_axis',(0.,-0.967617272396844,-0.252421897147003));
#6115=DIRECTION('ref_axis',(-1.,0.,0.));
#6116=DIRECTION('',(-1.,0.,0.));
#6117=DIRECTION('',(-1.,0.,0.));
#6118=DIRECTION('center_axis',(0.,0.252421897147003,-0.967617272396844));
#6119=DIRECTION('ref_axis',(-1.,0.,0.));
#6120=DIRECTION('',(0.,0.252421897147003,-0.967617272396844));
#6121=DIRECTION('',(0.,0.252421897147003,-0.967617272396844));
#6122=DIRECTION('',(0.,0.252421897147003,-0.967617272396844));
#6123=DIRECTION('',(0.,0.252421897147003,-0.967617272396844));
#6124=DIRECTION('',(0.,0.252421897147003,-0.967617272396844));
#6125=DIRECTION('',(0.,0.252421897147003,-0.967617272396844));
#6126=DIRECTION('',(0.,0.252421897147003,-0.967617272396844));
#6127=DIRECTION('',(0.,0.252421897147003,-0.967617272396844));
#6128=DIRECTION('',(0.,0.252421897147003,-0.967617272396844));
#6129=DIRECTION('',(0.,0.252421897147003,-0.967617272396844));
#6130=DIRECTION('',(0.,0.252421897147003,-0.967617272396844));
#6131=DIRECTION('',(0.,0.252421897147003,-0.967617272396844));
#6132=DIRECTION('center_axis',(-0.167484578294818,-0.953949384180409,-0.248856361090542));
#6133=DIRECTION('ref_axis',(-0.98587469590887,0.162060970818168,0.0422767749960437));
#6134=DIRECTION('',(-0.98587469590887,0.162060970818168,0.0422767749960437));
#6135=DIRECTION('',(0.,0.252421897147003,-0.967617272396844));
#6136=DIRECTION('',(-0.98587469590887,0.162060970818168,0.0422767749960437));
#6137=DIRECTION('',(0.,0.252421897147003,-0.967617272396844));
#6138=DIRECTION('',(0.,0.252421897147003,-0.967617272396844));
#6139=DIRECTION('',(0.,0.252421897147003,-0.967617272396844));
#6140=DIRECTION('',(0.,0.252421897147003,-0.967617272396844));
#6141=DIRECTION('',(0.,0.252421897147003,-0.967617272396844));
#6142=DIRECTION('',(0.,0.252421897147003,-0.967617272396844));
#6143=DIRECTION('center_axis',(-0.990961320419287,0.1298038336016,0.0338618696352001));
#6144=DIRECTION('ref_axis',(0.134147908790496,0.958871289914885,0.250140336499535));
#6145=DIRECTION('',(0.134147908790496,0.958871289914885,0.250140336499535));
#6146=DIRECTION('',(0.,0.252421897147003,-0.967617272396844));
#6147=DIRECTION('',(0.134147908790496,0.958871289914885,0.250140336499535));
#6148=DIRECTION('',(0.,0.252421897147003,-0.967617272396844));
#6149=DIRECTION('',(0.,0.252421897147003,-0.967617272396844));
#6150=DIRECTION('',(0.,0.252421897147003,-0.967617272396844));
#6151=DIRECTION('',(0.,0.252421897147003,-0.967617272396844));
#6152=DIRECTION('',(0.,0.252421897147003,-0.967617272396844));
#6153=DIRECTION('',(0.,0.252421897147003,-0.967617272396844));
#6154=DIRECTION('',(0.,0.252421897147003,-0.967617272396844));
#6155=DIRECTION('center_axis',(-0.120439926293029,0.960573616033159,0.250584421573868));
#6156=DIRECTION('ref_axis',(0.992720617371539,0.116539752967338,0.0304016746871316));
#6157=DIRECTION('',(0.992720617371539,0.116539752967338,0.0304016746871315));
#6158=DIRECTION('',(0.,0.252421897147003,-0.967617272396844));
#6159=DIRECTION('',(0.992720617371539,0.116539752967338,0.0304016746871316));
#6160=DIRECTION('center_axis',(0.,-0.252421897147003,0.967617272396844));
#6161=DIRECTION('ref_axis',(1.,0.,0.));
#6162=DIRECTION('',(0.,0.252421897147002,-0.967617272396844));
#6163=DIRECTION('',(0.,0.252421897147002,-0.967617272396844));
#6164=DIRECTION('',(0.,0.252421897147002,-0.967617272396844));
#6165=DIRECTION('',(0.,0.252421897147002,-0.967617272396844));
#6166=DIRECTION('',(0.,0.252421897147002,-0.967617272396844));
#6167=DIRECTION('',(0.,0.252421897147002,-0.967617272396844));
#6168=DIRECTION('',(0.,0.252421897147002,-0.967617272396844));
#6169=DIRECTION('',(0.,0.252421897147002,-0.967617272396844));
#6170=DIRECTION('',(0.,0.252421897147002,-0.967617272396844));
#6171=DIRECTION('',(0.,0.252421897147002,-0.967617272396844));
#6172=DIRECTION('',(0.,0.252421897147002,-0.967617272396844));
#6173=DIRECTION('',(0.,0.252421897147002,-0.967617272396844));
#6174=DIRECTION('',(0.,0.252421897147002,-0.967617272396844));
#6175=DIRECTION('',(0.,0.252421897147002,-0.967617272396844));
#6176=DIRECTION('',(0.,0.252421897147002,-0.967617272396844));
#6177=DIRECTION('',(0.,0.252421897147002,-0.967617272396844));
#6178=DIRECTION('',(0.,0.252421897147002,-0.967617272396844));
#6179=DIRECTION('',(0.,0.252421897147002,-0.967617272396844));
#6180=DIRECTION('',(0.,0.252421897147002,-0.967617272396844));
#6181=DIRECTION('',(0.,0.252421897147002,-0.967617272396844));
#6182=DIRECTION('center_axis',(0.,-0.252421897147003,0.967617272396844));
#6183=DIRECTION('ref_axis',(1.,0.,0.));
#6184=DIRECTION('center_axis',(0.939692508746739,-0.330944896046282,-0.0863334511425082));
#6185=DIRECTION('ref_axis',(-0.3420204511506,-0.909262702205267,-0.237198965792678));
#6186=DIRECTION('',(-0.342020451150601,-0.909262702205267,-0.237198965792678));
#6187=DIRECTION('',(0.,0.252421897147002,-0.967617272396844));
#6188=DIRECTION('',(-0.3420204511506,-0.909262702205267,-0.237198965792678));
#6189=DIRECTION('',(0.,0.252421897147002,-0.967617272396844));
#6190=DIRECTION('center_axis',(-0.937457446876135,-0.336827468694239,-0.0878680353115404));
#6191=DIRECTION('ref_axis',(-0.348099892698172,0.907100017734395,0.236634787235059));
#6192=DIRECTION('',(-0.348099892698172,0.907100017734395,0.236634787235059));
#6193=DIRECTION('',(0.,0.252421897147002,-0.967617272396844));
#6194=DIRECTION('',(-0.348099892698172,0.907100017734395,0.23663478723506));
#6195=DIRECTION('center_axis',(0.,0.967617272396844,0.252421897147002));
#6196=DIRECTION('ref_axis',(1.,0.,0.));
#6197=DIRECTION('',(1.,0.,0.));
#6198=DIRECTION('',(1.,0.,0.));
#6199=DIRECTION('center_axis',(0.,0.967617272396844,0.252421897147002));
#6200=DIRECTION('ref_axis',(1.,0.,0.));
#6201=DIRECTION('',(1.,0.,0.));
#6202=DIRECTION('',(0.,0.252421897147002,-0.967617272396844));
#6203=DIRECTION('',(1.,0.,0.));
#6204=DIRECTION('',(0.,0.252421897147002,-0.967617272396844));
#6205=DIRECTION('center_axis',(-0.931813670509583,0.351184133296667,0.0916132521643476));
#6206=DIRECTION('ref_axis',(0.362937024084701,0.901639002240574,0.235210174497541));
#6207=DIRECTION('',(0.362937024084701,0.901639002240574,0.235210174497541));
#6208=DIRECTION('',(0.,0.252421897147002,-0.967617272396844));
#6209=DIRECTION('',(0.362937024084701,0.901639002240574,0.235210174497541));
#6210=DIRECTION('center_axis',(0.,-0.967617272396844,-0.252421897147002));
#6211=DIRECTION('ref_axis',(-1.,0.,0.));
#6212=DIRECTION('',(-1.,0.,0.));
#6213=DIRECTION('',(0.,0.252421897147002,-0.967617272396844));
#6214=DIRECTION('',(-1.,0.,0.));
#6215=DIRECTION('center_axis',(0.939875588935377,-0.330457770732186,-0.0862063749736136));
#6216=DIRECTION('ref_axis',(-0.341517023475225,-0.909439853758027,-0.237245179241224));
#6217=DIRECTION('',(-0.341517023475225,-0.909439853758027,-0.237245179241224));
#6218=DIRECTION('',(0.,0.252421897147002,-0.967617272396844));
#6219=DIRECTION('',(-0.341517023475225,-0.909439853758027,-0.237245179241224));
#6220=DIRECTION('center_axis',(0.,-0.967617272396844,-0.252421897147002));
#6221=DIRECTION('ref_axis',(-1.,0.,0.));
#6222=DIRECTION('',(-1.,0.,0.));
#6223=DIRECTION('',(0.,0.252421897147002,-0.967617272396844));
#6224=DIRECTION('',(-1.,0.,0.));
#6225=DIRECTION('center_axis',(-0.933417663128463,-0.347173022071189,-0.0905668753229187));
#6226=DIRECTION('ref_axis',(-0.358791675153981,0.903191053203399,0.235615057357408));
#6227=DIRECTION('',(-0.358791675153981,0.903191053203399,0.235615057357408));
#6228=DIRECTION('',(0.,0.252421897147002,-0.967617272396844));
#6229=DIRECTION('',(-0.358791675153981,0.903191053203399,0.235615057357408));
#6230=DIRECTION('center_axis',(0.,-0.967617272396844,-0.252421897147002));
#6231=DIRECTION('ref_axis',(-1.,0.,0.));
#6232=DIRECTION('',(-1.,0.,0.));
#6233=DIRECTION('',(0.,0.252421897147002,-0.967617272396844));
#6234=DIRECTION('',(-1.,0.,0.));
#6235=DIRECTION('center_axis',(0.928345602874328,0.359680978653843,0.0938298205183935));
#6236=DIRECTION('ref_axis',(0.371718228802274,-0.898283240094861,-0.234334758285616));
#6237=DIRECTION('',(0.371718228802274,-0.898283240094861,-0.234334758285616));
#6238=DIRECTION('',(0.371718228802274,-0.898283240094861,-0.234334758285616));
#6239=DIRECTION('center_axis',(0.,0.252421897147002,-0.967617272396844));
#6240=DIRECTION('ref_axis',(-1.,0.,0.));
#6241=DIRECTION('center_axis',(1.,0.,0.));
#6242=DIRECTION('ref_axis',(0.,-0.967617272396844,-0.252421897147003));
#6243=DIRECTION('',(0.,-0.967617272396844,-0.252421897147003));
#6244=DIRECTION('',(0.,0.252421897147003,-0.967617272396844));
#6245=DIRECTION('',(0.,-0.967617272396844,-0.252421897147003));
#6246=DIRECTION('',(0.,0.252421897147003,-0.967617272396844));
#6247=DIRECTION('center_axis',(0.,0.967617272396844,0.252421897147003));
#6248=DIRECTION('ref_axis',(1.,0.,0.));
#6249=DIRECTION('',(1.,0.,0.));
#6250=DIRECTION('',(0.,0.252421897147003,-0.967617272396844));
#6251=DIRECTION('',(1.,0.,0.));
#6252=DIRECTION('center_axis',(1.,0.,0.));
#6253=DIRECTION('ref_axis',(0.,-0.967617272396844,-0.252421897147003));
#6254=DIRECTION('',(0.,-0.967617272396844,-0.252421897147003));
#6255=DIRECTION('',(0.,0.252421897147003,-0.967617272396844));
#6256=DIRECTION('',(0.,-0.967617272396844,-0.252421897147003));
#6257=DIRECTION('center_axis',(0.,-0.967617272396844,-0.252421897147003));
#6258=DIRECTION('ref_axis',(-1.,0.,0.));
#6259=DIRECTION('',(-1.,0.,0.));
#6260=DIRECTION('',(0.,0.252421897147003,-0.967617272396844));
#6261=DIRECTION('',(-1.,0.,0.));
#6262=DIRECTION('center_axis',(1.,0.,0.));
#6263=DIRECTION('ref_axis',(0.,-0.967617272396844,-0.252421897147003));
#6264=DIRECTION('',(0.,-0.967617272396844,-0.252421897147003));
#6265=DIRECTION('',(0.,0.252421897147003,-0.967617272396844));
#6266=DIRECTION('',(0.,-0.967617272396844,-0.252421897147003));
#6267=DIRECTION('center_axis',(0.,0.967617272396844,0.252421897147003));
#6268=DIRECTION('ref_axis',(1.,0.,0.));
#6269=DIRECTION('',(1.,0.,0.));
#6270=DIRECTION('',(0.,0.252421897147003,-0.967617272396844));
#6271=DIRECTION('',(1.,0.,0.));
#6272=DIRECTION('center_axis',(1.,0.,0.));
#6273=DIRECTION('ref_axis',(0.,-0.967617272396844,-0.252421897147003));
#6274=DIRECTION('',(0.,-0.967617272396844,-0.252421897147003));
#6275=DIRECTION('',(0.,0.252421897147003,-0.967617272396844));
#6276=DIRECTION('',(0.,-0.967617272396844,-0.252421897147003));
#6277=DIRECTION('center_axis',(0.,-0.967617272396844,-0.252421897147003));
#6278=DIRECTION('ref_axis',(-1.,0.,0.));
#6279=DIRECTION('',(-1.,0.,0.));
#6280=DIRECTION('',(0.,0.252421897147003,-0.967617272396844));
#6281=DIRECTION('',(-1.,0.,0.));
#6282=DIRECTION('center_axis',(1.,0.,0.));
#6283=DIRECTION('ref_axis',(0.,-0.967617272396844,-0.252421897147003));
#6284=DIRECTION('',(0.,-0.967617272396844,-0.252421897147003));
#6285=DIRECTION('',(0.,0.252421897147003,-0.967617272396844));
#6286=DIRECTION('',(0.,-0.967617272396844,-0.252421897147003));
#6287=DIRECTION('center_axis',(0.,0.967617272396844,0.252421897147003));
#6288=DIRECTION('ref_axis',(1.,0.,0.));
#6289=DIRECTION('',(1.,0.,0.));
#6290=DIRECTION('',(0.,0.252421897147003,-0.967617272396844));
#6291=DIRECTION('',(1.,0.,0.));
#6292=DIRECTION('center_axis',(-1.,3.4376671194879E-16,8.96782726822931E-17));
#6293=DIRECTION('ref_axis',(3.5527136788005E-16,0.967617272396844,0.252421897147003));
#6294=DIRECTION('',(3.5527136788005E-16,0.967617272396844,0.252421897147003));
#6295=DIRECTION('',(0.,0.252421897147003,-0.967617272396844));
#6296=DIRECTION('',(3.5527136788005E-16,0.967617272396844,0.252421897147003));
#6297=DIRECTION('center_axis',(0.,-0.967617272396844,-0.252421897147003));
#6298=DIRECTION('ref_axis',(-1.,0.,0.));
#6299=DIRECTION('',(-1.,0.,0.));
#6300=DIRECTION('',(-1.,0.,0.));
#6301=DIRECTION('center_axis',(0.,0.252421897147003,-0.967617272396844));
#6302=DIRECTION('ref_axis',(-1.,0.,0.));
#6303=DIRECTION('',(0.,0.252421897147003,-0.967617272396844));
#6304=DIRECTION('',(0.,0.252421897147003,-0.967617272396844));
#6305=DIRECTION('',(0.,0.252421897147003,-0.967617272396844));
#6306=DIRECTION('',(0.,0.252421897147003,-0.967617272396844));
#6307=DIRECTION('',(0.,0.252421897147003,-0.967617272396844));
#6308=DIRECTION('',(0.,0.252421897147003,-0.967617272396844));
#6309=DIRECTION('',(0.,0.252421897147003,-0.967617272396844));
#6310=DIRECTION('',(0.,0.252421897147003,-0.967617272396844));
#6311=DIRECTION('',(0.,0.252421897147003,-0.967617272396844));
#6312=DIRECTION('',(0.,0.252421897147003,-0.967617272396844));
#6313=DIRECTION('',(0.,0.252421897147003,-0.967617272396844));
#6314=DIRECTION('',(0.,0.252421897147003,-0.967617272396844));
#6315=DIRECTION('center_axis',(-0.167484578294818,-0.953949384180409,-0.248856361090542));
#6316=DIRECTION('ref_axis',(-0.98587469590887,0.162060970818168,0.0422767749960437));
#6317=DIRECTION('',(-0.98587469590887,0.162060970818168,0.0422767749960437));
#6318=DIRECTION('',(0.,0.252421897147003,-0.967617272396844));
#6319=DIRECTION('',(-0.98587469590887,0.162060970818168,0.0422767749960437));
#6320=DIRECTION('',(0.,0.252421897147003,-0.967617272396844));
#6321=DIRECTION('',(0.,0.252421897147003,-0.967617272396844));
#6322=DIRECTION('',(0.,0.252421897147003,-0.967617272396844));
#6323=DIRECTION('',(0.,0.252421897147003,-0.967617272396844));
#6324=DIRECTION('',(0.,0.252421897147003,-0.967617272396844));
#6325=DIRECTION('',(0.,0.252421897147003,-0.967617272396844));
#6326=DIRECTION('center_axis',(-0.990961320419287,0.1298038336016,0.0338618696351999));
#6327=DIRECTION('ref_axis',(0.134147908790495,0.958871289914885,0.250140336499535));
#6328=DIRECTION('',(0.134147908790495,0.958871289914885,0.250140336499535));
#6329=DIRECTION('',(0.,0.252421897147003,-0.967617272396844));
#6330=DIRECTION('',(0.134147908790495,0.958871289914885,0.250140336499535));
#6331=DIRECTION('',(0.,0.252421897147003,-0.967617272396844));
#6332=DIRECTION('',(0.,0.252421897147003,-0.967617272396844));
#6333=DIRECTION('',(0.,0.252421897147003,-0.967617272396844));
#6334=DIRECTION('',(0.,0.252421897147003,-0.967617272396844));
#6335=DIRECTION('',(0.,0.252421897147003,-0.967617272396844));
#6336=DIRECTION('',(0.,0.252421897147003,-0.967617272396844));
#6337=DIRECTION('',(0.,0.252421897147003,-0.967617272396844));
#6338=DIRECTION('center_axis',(-0.120439926293029,0.960573616033159,0.250584421573868));
#6339=DIRECTION('ref_axis',(0.992720617371539,0.116539752967338,0.0304016746871316));
#6340=DIRECTION('',(0.992720617371539,0.116539752967338,0.0304016746871315));
#6341=DIRECTION('',(0.,0.252421897147003,-0.967617272396844));
#6342=DIRECTION('',(0.992720617371539,0.116539752967338,0.0304016746871316));
#6343=DIRECTION('center_axis',(0.,-0.252421897147003,0.967617272396844));
#6344=DIRECTION('ref_axis',(1.,0.,0.));
#6345=DIRECTION('',(0.,0.252421897147002,-0.967617272396844));
#6346=DIRECTION('',(0.,0.252421897147002,-0.967617272396844));
#6347=DIRECTION('',(0.,0.252421897147002,-0.967617272396844));
#6348=DIRECTION('',(0.,0.252421897147002,-0.967617272396844));
#6349=DIRECTION('',(0.,0.252421897147002,-0.967617272396844));
#6350=DIRECTION('',(0.,0.252421897147002,-0.967617272396844));
#6351=DIRECTION('center_axis',(1.,-8.07631591001371E-16,-2.10686502000357E-16));
#6352=DIRECTION('ref_axis',(-8.34660163724466E-16,-0.967617272396844,-0.252421897147003));
#6353=DIRECTION('',(-8.34660163724466E-16,-0.967617272396844,-0.252421897147003));
#6354=DIRECTION('',(0.,0.252421897147002,-0.967617272396844));
#6355=DIRECTION('',(-8.34660163724466E-16,-0.967617272396844,-0.252421897147003));
#6356=DIRECTION('center_axis',(0.,0.967617272396844,0.252421897147002));
#6357=DIRECTION('ref_axis',(1.,0.,0.));
#6358=DIRECTION('',(1.,0.,0.));
#6359=DIRECTION('',(0.,0.252421897147002,-0.967617272396844));
#6360=DIRECTION('',(1.,0.,0.));
#6361=DIRECTION('center_axis',(-1.,5.33858068956693E-16,1.39267322336528E-16));
#6362=DIRECTION('ref_axis',(5.51724410245691E-16,0.967617272396844,0.252421897147003));
#6363=DIRECTION('',(5.51724410245691E-16,0.967617272396844,0.252421897147003));
#6364=DIRECTION('',(0.,0.252421897147002,-0.967617272396844));
#6365=DIRECTION('',(5.51724410245691E-16,0.967617272396844,0.252421897147003));
#6366=DIRECTION('center_axis',(0.,-0.967617272396844,-0.252421897147002));
#6367=DIRECTION('ref_axis',(-1.,0.,0.));
#6368=DIRECTION('',(-1.,0.,0.));
#6369=DIRECTION('',(0.,0.252421897147002,-0.967617272396844));
#6370=DIRECTION('',(-1.,0.,0.));
#6371=DIRECTION('center_axis',(1.,-5.23869019562623E-16,-1.36661483364162E-16));
#6372=DIRECTION('ref_axis',(-5.41401062700099E-16,-0.967617272396844,-0.252421897147003));
#6373=DIRECTION('',(-5.414010627001E-16,-0.967617272396844,-0.252421897147003));
#6374=DIRECTION('',(0.,0.252421897147002,-0.967617272396844));
#6375=DIRECTION('',(-5.41401062700099E-16,-0.967617272396844,-0.252421897147003));
#6376=DIRECTION('',(0.,0.252421897147002,-0.967617272396844));
#6377=DIRECTION('',(0.,0.252421897147002,-0.967617272396844));
#6378=DIRECTION('',(0.,0.252421897147002,-0.967617272396844));
#6379=DIRECTION('',(0.,0.252421897147002,-0.967617272396844));
#6380=DIRECTION('',(0.,0.252421897147002,-0.967617272396844));
#6381=DIRECTION('',(0.,0.252421897147002,-0.967617272396844));
#6382=DIRECTION('center_axis',(-1.,4.64909605123619E-16,1.21280766553987E-16));
#6383=DIRECTION('ref_axis',(4.8046848520181E-16,0.967617272396844,0.252421897147003));
#6384=DIRECTION('',(4.8046848520181E-16,0.967617272396844,0.252421897147003));
#6385=DIRECTION('',(0.,0.252421897147002,-0.967617272396844));
#6386=DIRECTION('',(4.8046848520181E-16,0.967617272396844,0.252421897147003));
#6387=DIRECTION('center_axis',(0.,-0.967617272396844,-0.252421897147002));
#6388=DIRECTION('ref_axis',(-1.,0.,0.));
#6389=DIRECTION('',(-1.,0.,0.));
#6390=DIRECTION('',(0.,0.252421897147002,-0.967617272396844));
#6391=DIRECTION('',(-1.,0.,0.));
#6392=DIRECTION('center_axis',(1.,-3.81789417170955E-16,-9.9597239261988E-17));
#6393=DIRECTION('ref_axis',(-3.94566558558055E-16,-0.967617272396844,-0.252421897147003));
#6394=DIRECTION('',(-3.94566558558055E-16,-0.967617272396844,-0.252421897147003));
#6395=DIRECTION('',(-3.94566558558055E-16,-0.967617272396844,-0.252421897147003));
#6396=DIRECTION('center_axis',(0.,-0.252421897147003,0.967617272396844));
#6397=DIRECTION('ref_axis',(1.,0.,0.));
#6398=DIRECTION('center_axis',(1.,-5.15650067923185E-16,-1.34517409023439E-16));
#6399=DIRECTION('ref_axis',(-5.32907051820075E-16,-0.967617272396844,-0.252421897147003));
#6400=DIRECTION('',(-5.32907051820075E-16,-0.967617272396844,-0.252421897147003));
#6401=DIRECTION('',(0.,0.252421897147002,-0.967617272396844));
#6402=DIRECTION('',(-5.32907051820075E-16,-0.967617272396844,-0.252421897147003));
#6403=DIRECTION('',(0.,0.252421897147002,-0.967617272396844));
#6404=DIRECTION('center_axis',(0.,0.967617272396844,0.252421897147002));
#6405=DIRECTION('ref_axis',(1.,0.,0.));
#6406=DIRECTION('',(1.,0.,0.));
#6407=DIRECTION('',(0.,0.252421897147002,-0.967617272396844));
#6408=DIRECTION('',(1.,0.,0.));
#6409=DIRECTION('center_axis',(-1.,5.15650067923185E-16,1.34517409023439E-16));
#6410=DIRECTION('ref_axis',(5.32907051820075E-16,0.967617272396844,0.252421897147003));
#6411=DIRECTION('',(5.32907051820075E-16,0.967617272396844,0.252421897147003));
#6412=DIRECTION('',(0.,0.252421897147002,-0.967617272396844));
#6413=DIRECTION('',(5.32907051820075E-16,0.967617272396844,0.252421897147003));
#6414=DIRECTION('center_axis',(0.,-0.967617272396844,-0.252421897147002));
#6415=DIRECTION('ref_axis',(-1.,0.,0.));
#6416=DIRECTION('',(-1.,0.,0.));
#6417=DIRECTION('',(-1.,0.,0.));
#6418=DIRECTION('center_axis',(0.,0.252421897147002,-0.967617272396844));
#6419=DIRECTION('ref_axis',(-1.,0.,0.));
#6420=DIRECTION('',(0.,0.252421897147002,-0.967617272396844));
#6421=DIRECTION('',(0.,0.252421897147002,-0.967617272396844));
#6422=DIRECTION('',(0.,0.252421897147002,-0.967617272396844));
#6423=DIRECTION('',(0.,0.252421897147002,-0.967617272396844));
#6424=DIRECTION('',(0.,0.252421897147002,-0.967617272396844));
#6425=DIRECTION('',(0.,0.252421897147002,-0.967617272396844));
#6426=DIRECTION('',(0.,0.252421897147002,-0.967617272396844));
#6427=DIRECTION('center_axis',(0.,0.967617272396844,0.252421897147002));
#6428=DIRECTION('ref_axis',(1.,0.,0.));
#6429=DIRECTION('',(1.,0.,0.));
#6430=DIRECTION('',(0.,0.252421897147002,-0.967617272396844));
#6431=DIRECTION('',(1.,0.,0.));
#6432=DIRECTION('center_axis',(1.,0.,0.));
#6433=DIRECTION('ref_axis',(0.,-0.967617272396844,-0.252421897147003));
#6434=DIRECTION('',(0.,-0.967617272396844,-0.252421897147003));
#6435=DIRECTION('',(0.,0.252421897147002,-0.967617272396844));
#6436=DIRECTION('',(0.,-0.967617272396844,-0.252421897147003));
#6437=DIRECTION('center_axis',(0.,-0.967617272396844,-0.252421897147002));
#6438=DIRECTION('ref_axis',(-1.,0.,0.));
#6439=DIRECTION('',(-1.,0.,0.));
#6440=DIRECTION('',(-1.,0.,0.));
#6441=DIRECTION('',(0.,0.252421897147002,-0.967617272396844));
#6442=DIRECTION('',(0.,0.252421897147002,-0.967617272396844));
#6443=DIRECTION('',(0.,0.252421897147002,-0.967617272396844));
#6444=DIRECTION('',(0.,0.252421897147002,-0.967617272396844));
#6445=DIRECTION('',(0.,0.252421897147002,-0.967617272396844));
#6446=DIRECTION('',(0.,0.252421897147002,-0.967617272396844));
#6447=DIRECTION('',(0.,0.252421897147002,-0.967617272396844));
#6448=DIRECTION('center_axis',(0.,0.967617272396844,0.252421897147002));
#6449=DIRECTION('ref_axis',(1.,0.,0.));
#6450=DIRECTION('',(1.,0.,0.));
#6451=DIRECTION('',(0.,0.252421897147002,-0.967617272396844));
#6452=DIRECTION('',(1.,0.,0.));
#6453=DIRECTION('center_axis',(1.,0.,0.));
#6454=DIRECTION('ref_axis',(0.,-0.967617272396844,-0.252421897147003));
#6455=DIRECTION('',(0.,-0.967617272396844,-0.252421897147003));
#6456=DIRECTION('',(0.,0.252421897147002,-0.967617272396844));
#6457=DIRECTION('',(0.,-0.967617272396844,-0.252421897147003));
#6458=DIRECTION('center_axis',(0.,-0.967617272396844,-0.252421897147002));
#6459=DIRECTION('ref_axis',(-1.,0.,0.));
#6460=DIRECTION('',(-1.,0.,0.));
#6461=DIRECTION('',(-1.,0.,0.));
#6462=DIRECTION('center_axis',(0.,-0.967617272396844,-0.252421897147002));
#6463=DIRECTION('ref_axis',(-1.,0.,0.));
#6464=DIRECTION('',(-1.,0.,0.));
#6465=DIRECTION('',(0.,0.252421897147002,-0.967617272396844));
#6466=DIRECTION('',(-1.,0.,0.));
#6467=DIRECTION('',(0.,0.252421897147002,-0.967617272396844));
#6468=DIRECTION('',(0.,0.252421897147002,-0.967617272396844));
#6469=DIRECTION('',(0.,0.252421897147002,-0.967617272396844));
#6470=DIRECTION('',(0.,0.252421897147002,-0.967617272396844));
#6471=DIRECTION('',(0.,0.252421897147002,-0.967617272396844));
#6472=DIRECTION('',(0.,0.252421897147002,-0.967617272396844));
#6473=DIRECTION('',(0.,0.252421897147002,-0.967617272396844));
#6474=DIRECTION('',(0.,0.252421897147002,-0.967617272396844));
#6475=DIRECTION('',(0.,0.252421897147002,-0.967617272396844));
#6476=DIRECTION('',(0.,0.252421897147002,-0.967617272396844));
#6477=DIRECTION('',(0.,0.252421897147002,-0.967617272396844));
#6478=DIRECTION('',(0.,0.252421897147002,-0.967617272396844));
#6479=DIRECTION('',(0.,0.252421897147002,-0.967617272396844));
#6480=DIRECTION('center_axis',(0.,0.967617272396844,0.252421897147002));
#6481=DIRECTION('ref_axis',(1.,0.,0.));
#6482=DIRECTION('',(1.,0.,0.));
#6483=DIRECTION('',(0.,0.252421897147002,-0.967617272396844));
#6484=DIRECTION('',(1.,0.,0.));
#6485=DIRECTION('center_axis',(-1.,3.4376671194879E-16,8.96782726822928E-17));
#6486=DIRECTION('ref_axis',(3.5527136788005E-16,0.967617272396844,0.252421897147003));
#6487=DIRECTION('',(3.5527136788005E-16,0.967617272396844,0.252421897147003));
#6488=DIRECTION('',(3.5527136788005E-16,0.967617272396844,0.252421897147003));
#6489=DIRECTION('center_axis',(0.,-0.252421897147003,0.967617272396844));
#6490=DIRECTION('ref_axis',(1.,0.,0.));
#6491=DIRECTION('center_axis',(0.,-0.252421897147003,0.967617272396844));
#6492=DIRECTION('ref_axis',(0.,-0.967617272396844,-0.252421897147003));
#6493=DIRECTION('',(1.,0.,0.));
#6494=DIRECTION('',(0.,-0.967617272396844,-0.252421897147003));
#6495=DIRECTION('',(1.,0.,0.));
#6496=DIRECTION('',(0.,0.967617272396844,0.252421897147003));
#6497=DIRECTION('center_axis',(0.,-0.252421897147003,0.967617272396844));
#6498=DIRECTION('ref_axis',(0.,-0.967617272396844,-0.252421897147003));
#6499=DIRECTION('center_axis',(0.,-0.252421897147003,0.967617272396844));
#6500=DIRECTION('ref_axis',(0.,-0.967617272396844,-0.252421897147003));
#6501=DIRECTION('center_axis',(0.,-0.252421897147003,0.967617272396844));
#6502=DIRECTION('ref_axis',(0.,-0.967617272396844,-0.252421897147003));
#6503=DIRECTION('center_axis',(0.,-0.252421897147003,0.967617272396844));
#6504=DIRECTION('ref_axis',(0.,-0.967617272396844,-0.252421897147003));
#6505=DIRECTION('center_axis',(0.,-0.252421897147003,0.967617272396844));
#6506=DIRECTION('ref_axis',(0.,-0.967617272396844,-0.252421897147003));
#6507=DIRECTION('center_axis',(0.,-0.252421897147003,0.967617272396844));
#6508=DIRECTION('ref_axis',(0.,-0.967617272396844,-0.252421897147003));
#6509=DIRECTION('center_axis',(0.,0.,1.));
#6510=DIRECTION('ref_axis',(-1.,0.,0.));
#6511=DIRECTION('center_axis',(0.,0.,1.));
#6512=DIRECTION('ref_axis',(-1.,0.,0.));
#6513=DIRECTION('',(0.,0.,-1.));
#6514=DIRECTION('center_axis',(0.,1.48029736616688E-16,-1.));
#6515=DIRECTION('ref_axis',(-1.,0.,0.));
#6516=DIRECTION('center_axis',(0.,0.,1.));
#6517=DIRECTION('ref_axis',(-1.,0.,0.));
#6518=DIRECTION('center_axis',(0.,0.,-1.));
#6519=DIRECTION('ref_axis',(1.,0.,0.));
#6520=DIRECTION('center_axis',(0.,0.,-1.));
#6521=DIRECTION('ref_axis',(1.,0.,0.));
#6522=DIRECTION('',(0.,0.,1.));
#6523=DIRECTION('center_axis',(0.,0.,1.));
#6524=DIRECTION('ref_axis',(1.,0.,0.));
#6525=DIRECTION('center_axis',(0.,0.,-1.));
#6526=DIRECTION('ref_axis',(1.,0.,0.));
#6527=DIRECTION('center_axis',(0.,0.,-1.));
#6528=DIRECTION('ref_axis',(1.,0.,0.));
#6529=DIRECTION('center_axis',(0.,0.,-1.));
#6530=DIRECTION('ref_axis',(1.,0.,0.));
#6531=DIRECTION('',(0.,0.,1.));
#6532=DIRECTION('center_axis',(0.,0.,1.));
#6533=DIRECTION('ref_axis',(1.,0.,0.));
#6534=DIRECTION('center_axis',(0.,0.,-1.));
#6535=DIRECTION('ref_axis',(1.,0.,0.));
#6536=DIRECTION('center_axis',(0.,0.,-1.));
#6537=DIRECTION('ref_axis',(1.,0.,0.));
#6538=DIRECTION('center_axis',(0.,0.,-1.));
#6539=DIRECTION('ref_axis',(1.,0.,0.));
#6540=DIRECTION('',(0.,0.,1.));
#6541=DIRECTION('center_axis',(0.,0.,1.));
#6542=DIRECTION('ref_axis',(1.,0.,0.));
#6543=DIRECTION('center_axis',(0.,0.,-1.));
#6544=DIRECTION('ref_axis',(1.,0.,0.));
#6545=DIRECTION('center_axis',(0.,0.,1.));
#6546=DIRECTION('ref_axis',(1.,0.,0.));
#6547=DIRECTION('center_axis',(0.,0.,-1.));
#6548=DIRECTION('ref_axis',(1.,0.,0.));
#6549=DIRECTION('center_axis',(0.,0.,-1.));
#6550=DIRECTION('ref_axis',(1.,0.,0.));
#6551=DIRECTION('',(-1.,0.,0.));
#6552=DIRECTION('center_axis',(0.,0.,-1.));
#6553=DIRECTION('ref_axis',(1.,0.,0.));
#6554=DIRECTION('center_axis',(0.,0.,-1.));
#6555=DIRECTION('ref_axis',(1.,0.,0.));
#6556=DIRECTION('',(0.,0.,1.));
#6557=DIRECTION('center_axis',(0.,0.,1.));
#6558=DIRECTION('ref_axis',(1.,0.,0.));
#6559=DIRECTION('center_axis',(0.,0.,-1.));
#6560=DIRECTION('ref_axis',(1.,0.,0.));
#6561=DIRECTION('center_axis',(0.,0.,1.));
#6562=DIRECTION('ref_axis',(1.,0.,0.));
#6563=DIRECTION('center_axis',(0.,0.,-1.));
#6564=DIRECTION('ref_axis',(1.,0.,0.));
#6565=DIRECTION('center_axis',(0.,0.,-1.));
#6566=DIRECTION('ref_axis',(1.,0.,0.));
#6567=DIRECTION('',(-1.,0.,0.));
#6568=DIRECTION('center_axis',(-1.,0.,0.));
#6569=DIRECTION('ref_axis',(0.,0.,1.));
#6570=DIRECTION('',(0.,0.,-1.));
#6571=DIRECTION('',(0.,-1.,0.));
#6572=DIRECTION('',(0.,0.,1.));
#6573=DIRECTION('',(0.,1.,1.48029736616688E-16));
#6574=DIRECTION('center_axis',(0.,0.,-1.));
#6575=DIRECTION('ref_axis',(0.,1.,0.));
#6576=DIRECTION('',(-1.,0.,0.));
#6577=DIRECTION('',(0.,1.,0.));
#6578=DIRECTION('',(1.,0.,0.));
#6579=DIRECTION('',(-1.,0.,0.));
#6580=DIRECTION('',(-1.,0.,0.));
#6581=DIRECTION('center_axis',(0.,-1.,0.));
#6582=DIRECTION('ref_axis',(0.,0.,-1.));
#6583=DIRECTION('',(0.,0.,-1.));
#6584=DIRECTION('center_axis',(0.,-0.252421897147003,0.967617272396844));
#6585=DIRECTION('ref_axis',(0.,-0.967617272396844,-0.252421897147003));
#6586=DIRECTION('center_axis',(0.,-1.48029736616688E-16,1.));
#6587=DIRECTION('ref_axis',(0.,-1.,-1.48029736616688E-16));
#6588=DIRECTION('',(0.,-1.,-1.48029736616688E-16));
#6589=DIRECTION('',(1.,0.,0.));
#6590=DIRECTION('center_axis',(0.,1.,0.));
#6591=DIRECTION('ref_axis',(0.,0.,1.));
#6592=DIRECTION('',(0.,0.,1.));
#6593=DIRECTION('center_axis',(1.,0.,0.));
#6594=DIRECTION('ref_axis',(0.,0.,-1.));
#6595=CARTESIAN_POINT('',(0.,0.,0.));
#6596=CARTESIAN_POINT('Ctrl Pts',(-30.0733315337801,77.8948307375851,60.3203906271961));
#6597=CARTESIAN_POINT('Ctrl Pts',(-30.0733315337801,79.1569402233201,55.4823042652119));
#6598=CARTESIAN_POINT('Ctrl Pts',(-30.0192995691417,78.1815677861176,60.3951915963785));
#6599=CARTESIAN_POINT('Ctrl Pts',(-30.0192995691417,79.4436772718526,55.5571052343943));
#6600=CARTESIAN_POINT('Ctrl Pts',(-29.8786539837113,78.9279463478697,60.5898990472704));
#6601=CARTESIAN_POINT('Ctrl Pts',(-29.8786539837113,80.1900558336047,55.7518126852862));
#6602=CARTESIAN_POINT('Ctrl Pts',(-29.8830417081092,79.6876292914188,60.7880772064571));
#6603=CARTESIAN_POINT('Ctrl Pts',(-29.8830417081092,80.9497387771538,55.9499908444728));
#6604=CARTESIAN_POINT('Ctrl Pts',(-29.885743795743,80.1554640278831,60.9101210507521));
#6605=CARTESIAN_POINT('Ctrl Pts',(-29.885743795743,81.4175735136181,56.0720346887679));
#6606=CARTESIAN_POINT('',(-30.0733315337801,77.8948307375851,60.3203906271961));
#6607=CARTESIAN_POINT('',(-29.885743795743,80.1554640278831,60.9101210507521));
#6608=CARTESIAN_POINT('Ctrl Pts',(-30.0733315337801,77.8948307375851,60.3203906271961));
#6609=CARTESIAN_POINT('Ctrl Pts',(-30.0192995691417,78.1815677861176,60.3951915963785));
#6610=CARTESIAN_POINT('Ctrl Pts',(-29.8786539837113,78.9279463478697,60.5898990472704));
#6611=CARTESIAN_POINT('Ctrl Pts',(-29.8830417081092,79.6876292914188,60.7880772064571));
#6612=CARTESIAN_POINT('Ctrl Pts',(-29.885743795743,80.1554640278831,60.9101210507521));
#6613=CARTESIAN_POINT('',(-30.0733315337801,79.1569402233201,55.4823042652119));
#6614=CARTESIAN_POINT('',(-30.0733315337801,77.8948307375851,60.3203906271961));
#6615=CARTESIAN_POINT('',(-29.885743795743,81.4175735136181,56.0720346887679));
#6616=CARTESIAN_POINT('Ctrl Pts',(-30.0733315337801,79.1569402233201,55.4823042652119));
#6617=CARTESIAN_POINT('Ctrl Pts',(-30.0192995691417,79.4436772718526,55.5571052343943));
#6618=CARTESIAN_POINT('Ctrl Pts',(-29.8786539837113,80.1900558336047,55.7518126852861));
#6619=CARTESIAN_POINT('Ctrl Pts',(-29.8830417081092,80.9497387771538,55.9499908444728));
#6620=CARTESIAN_POINT('Ctrl Pts',(-29.885743795743,81.4175735136181,56.0720346887679));
#6621=CARTESIAN_POINT('',(-29.885743795743,80.1554640278831,60.9101210507521));
#6622=CARTESIAN_POINT('Ctrl Pts',(-31.2158953536653,76.3602407610279,59.9200628072247));
#6623=CARTESIAN_POINT('Ctrl Pts',(-31.2158953536653,77.6223502467629,55.0819764452404));
#6624=CARTESIAN_POINT('Ctrl Pts',(-30.9522624271908,76.5764334901976,59.9764609104863));
#6625=CARTESIAN_POINT('Ctrl Pts',(-30.9522624271908,77.8385429759326,55.1383745485021));
#6626=CARTESIAN_POINT('Ctrl Pts',(-30.4395001367835,76.996925271937,60.0861544187662));
#6627=CARTESIAN_POINT('Ctrl Pts',(-30.4395001367835,78.259034757672,55.2480680567819));
#6628=CARTESIAN_POINT('Ctrl Pts',(-30.1930642420185,77.6012265010058,60.2437982176537));
#6629=CARTESIAN_POINT('Ctrl Pts',(-30.1930642420185,78.8633359867408,55.4057118556695));
#6630=CARTESIAN_POINT('Ctrl Pts',(-30.0733315337801,77.8948307375851,60.3203906271961));
#6631=CARTESIAN_POINT('Ctrl Pts',(-30.0733315337801,79.1569402233201,55.4823042652119));
#6632=CARTESIAN_POINT('',(-31.2158953536653,76.3602407610279,59.9200628072247));
#6633=CARTESIAN_POINT('Ctrl Pts',(-31.2158953536653,76.3602407610279,59.9200628072247));
#6634=CARTESIAN_POINT('Ctrl Pts',(-30.9522624271908,76.5764334901976,59.9764609104863));
#6635=CARTESIAN_POINT('Ctrl Pts',(-30.4395001367835,76.996925271937,60.0861544187662));
#6636=CARTESIAN_POINT('Ctrl Pts',(-30.1930642420185,77.6012265010058,60.2437982176537));
#6637=CARTESIAN_POINT('Ctrl Pts',(-30.0733315337801,77.8948307375851,60.3203906271961));
#6638=CARTESIAN_POINT('',(-31.2158953536653,77.6223502467629,55.0819764452404));
#6639=CARTESIAN_POINT('',(-31.2158953536653,76.3602407610279,59.9200628072247));
#6640=CARTESIAN_POINT('Ctrl Pts',(-31.2158953536653,77.6223502467629,55.0819764452404));
#6641=CARTESIAN_POINT('Ctrl Pts',(-30.9522624271908,77.8385429759326,55.1383745485021));
#6642=CARTESIAN_POINT('Ctrl Pts',(-30.4395001367835,78.259034757672,55.2480680567819));
#6643=CARTESIAN_POINT('Ctrl Pts',(-30.1930642420185,78.8633359867408,55.4057118556695));
#6644=CARTESIAN_POINT('Ctrl Pts',(-30.0733315337801,79.1569402233201,55.4823042652119));
#6645=CARTESIAN_POINT('Ctrl Pts',(-33.6886107314729,75.535191121417,59.7048324664566));
#6646=CARTESIAN_POINT('Ctrl Pts',(-33.6886107314729,76.797300607152,54.8667461044724));
#6647=CARTESIAN_POINT('Ctrl Pts',(-33.2559065586526,75.5736083872875,59.7148543619011));
#6648=CARTESIAN_POINT('Ctrl Pts',(-33.2559065586526,76.8357178730225,54.8767679999169));
#6649=CARTESIAN_POINT('Ctrl Pts',(-32.3630350526008,75.6528812119811,59.7355342292125));
#6650=CARTESIAN_POINT('Ctrl Pts',(-32.3630350526008,76.9149906977161,54.8974478672282));
#6651=CARTESIAN_POINT('Ctrl Pts',(-31.606036568224,76.1196683932065,59.8573047982278));
#6652=CARTESIAN_POINT('Ctrl Pts',(-31.606036568224,77.3817778789415,55.0192184362436));
#6653=CARTESIAN_POINT('Ctrl Pts',(-31.2158953536653,76.3602407610279,59.9200628072247));
#6654=CARTESIAN_POINT('Ctrl Pts',(-31.2158953536653,77.6223502467629,55.0819764452404));
#6655=CARTESIAN_POINT('',(-33.6886107314729,75.535191121417,59.7048324664566));
#6656=CARTESIAN_POINT('Ctrl Pts',(-33.6886107314729,75.535191121417,59.7048324664566));
#6657=CARTESIAN_POINT('Ctrl Pts',(-33.2559065586526,75.5736083872875,59.7148543619011));
#6658=CARTESIAN_POINT('Ctrl Pts',(-32.3630350526008,75.6528812119811,59.7355342292125));
#6659=CARTESIAN_POINT('Ctrl Pts',(-31.606036568224,76.1196683932065,59.8573047982278));
#6660=CARTESIAN_POINT('Ctrl Pts',(-31.2158953536653,76.3602407610279,59.9200628072247));
#6661=CARTESIAN_POINT('',(-33.6886107314729,76.797300607152,54.8667461044724));
#6662=CARTESIAN_POINT('',(-33.6886107314729,75.535191121417,59.7048324664566));
#6663=CARTESIAN_POINT('Ctrl Pts',(-33.6886107314729,76.797300607152,54.8667461044724));
#6664=CARTESIAN_POINT('Ctrl Pts',(-33.2559065586526,76.8357178730225,54.8767679999169));
#6665=CARTESIAN_POINT('Ctrl Pts',(-32.3630350526008,76.9149906977161,54.8974478672282));
#6666=CARTESIAN_POINT('Ctrl Pts',(-31.606036568224,77.3817778789415,55.0192184362435));
#6667=CARTESIAN_POINT('Ctrl Pts',(-31.2158953536653,77.6223502467629,55.0819764452404));
#6668=CARTESIAN_POINT('Ctrl Pts',(-35.5985676635408,76.2447326118531,59.8899302465704));
#6669=CARTESIAN_POINT('Ctrl Pts',(-35.5985676635408,77.5068420975881,55.0518438845862));
#6670=CARTESIAN_POINT('Ctrl Pts',(-35.3262598243672,76.0378283546828,59.8359552229607));
#6671=CARTESIAN_POINT('Ctrl Pts',(-35.3262598243672,77.2999378404178,54.9978688609765));
#6672=CARTESIAN_POINT('Ctrl Pts',(-34.7659616182932,75.6121039815856,59.7248966908484));
#6673=CARTESIAN_POINT('Ctrl Pts',(-34.7659616182932,76.8742134673206,54.8868103288642));
#6674=CARTESIAN_POINT('Ctrl Pts',(-34.0543667808418,75.5613027107099,59.7116441854026));
#6675=CARTESIAN_POINT('Ctrl Pts',(-34.0543667808418,76.8234121964449,54.8735578234184));
#6676=CARTESIAN_POINT('Ctrl Pts',(-33.6886107314729,75.535191121417,59.7048324664566));
#6677=CARTESIAN_POINT('Ctrl Pts',(-33.6886107314729,76.797300607152,54.8667461044724));
#6678=CARTESIAN_POINT('',(-35.5985676635408,76.2447326118531,59.8899302465704));
#6679=CARTESIAN_POINT('Ctrl Pts',(-35.5985676635408,76.2447326118531,59.8899302465704));
#6680=CARTESIAN_POINT('Ctrl Pts',(-35.3262598243672,76.0378283546828,59.8359552229607));
#6681=CARTESIAN_POINT('Ctrl Pts',(-34.7659616182932,75.6121039815856,59.7248966908484));
#6682=CARTESIAN_POINT('Ctrl Pts',(-34.0543667808418,75.5613027107099,59.7116441854026));
#6683=CARTESIAN_POINT('Ctrl Pts',(-33.6886107314729,75.535191121417,59.7048324664566));
#6684=CARTESIAN_POINT('',(-35.5985676635408,77.5068420975881,55.0518438845862));
#6685=CARTESIAN_POINT('',(-35.5985676635408,76.2447326118531,59.8899302465704));
#6686=CARTESIAN_POINT('Ctrl Pts',(-35.5985676635408,77.5068420975881,55.0518438845861));
#6687=CARTESIAN_POINT('Ctrl Pts',(-35.3262598243672,77.2999378404178,54.9978688609765));
#6688=CARTESIAN_POINT('Ctrl Pts',(-34.7659616182932,76.8742134673206,54.8868103288642));
#6689=CARTESIAN_POINT('Ctrl Pts',(-34.0543667808418,76.8234121964449,54.8735578234183));
#6690=CARTESIAN_POINT('Ctrl Pts',(-33.6886107314729,76.797300607152,54.8667461044724));
#6691=CARTESIAN_POINT('Ctrl Pts',(-36.3489090789461,77.927833230705,60.3289999732274));
#6692=CARTESIAN_POINT('Ctrl Pts',(-36.3489090789461,79.18994271644,55.4909136112432));
#6693=CARTESIAN_POINT('Ctrl Pts',(-36.3161955219058,77.6129551750911,60.2468578717629));
#6694=CARTESIAN_POINT('Ctrl Pts',(-36.3161955219058,78.8750646608261,55.4087715097787));
#6695=CARTESIAN_POINT('Ctrl Pts',(-36.2499874405817,76.9756820137669,60.0806126992435));
#6696=CARTESIAN_POINT('Ctrl Pts',(-36.2499874405817,78.2377914995019,55.2425263372593));
#6697=CARTESIAN_POINT('Ctrl Pts',(-35.8174084391454,76.4902909133973,59.9539889339297));
#6698=CARTESIAN_POINT('Ctrl Pts',(-35.8174084391454,77.7524003991323,55.1159025719455));
#6699=CARTESIAN_POINT('Ctrl Pts',(-35.5985676635408,76.2447326118531,59.8899302465704));
#6700=CARTESIAN_POINT('Ctrl Pts',(-35.5985676635408,77.5068420975881,55.0518438845862));
#6701=CARTESIAN_POINT('',(-36.3489090789461,77.927833230705,60.3289999732274));
#6702=CARTESIAN_POINT('Ctrl Pts',(-36.3489090789461,77.927833230705,60.3289999732274));
#6703=CARTESIAN_POINT('Ctrl Pts',(-36.3161955219058,77.6129551750911,60.2468578717629));
#6704=CARTESIAN_POINT('Ctrl Pts',(-36.2499874405817,76.9756820137669,60.0806126992435));
#6705=CARTESIAN_POINT('Ctrl Pts',(-35.8174084391454,76.4902909133973,59.9539889339297));
#6706=CARTESIAN_POINT('Ctrl Pts',(-35.5985676635408,76.2447326118531,59.8899302465704));
#6707=CARTESIAN_POINT('',(-36.3489090789461,79.18994271644,55.4909136112432));
#6708=CARTESIAN_POINT('',(-36.3489090789461,77.927833230705,60.3289999732274));
#6709=CARTESIAN_POINT('Ctrl Pts',(-36.3489090789461,79.18994271644,55.4909136112432));
#6710=CARTESIAN_POINT('Ctrl Pts',(-36.3161955219058,78.8750646608261,55.4087715097787));
#6711=CARTESIAN_POINT('Ctrl Pts',(-36.2499874405817,78.2377914995019,55.2425263372593));
#6712=CARTESIAN_POINT('Ctrl Pts',(-35.8174084391454,77.7524003991323,55.1159025719455));
#6713=CARTESIAN_POINT('Ctrl Pts',(-35.5985676635408,77.5068420975881,55.0518438845861));
#6714=CARTESIAN_POINT('Ctrl Pts',(-35.4109846938753,79.5614295331322,60.7551555303823));
#6715=CARTESIAN_POINT('Ctrl Pts',(-35.4109846938753,80.8235390188672,55.9170691683981));
#6716=CARTESIAN_POINT('Ctrl Pts',(-35.6844491312682,79.338558529931,60.6970152686776));
#6717=CARTESIAN_POINT('Ctrl Pts',(-35.6844491312682,80.600668015666,55.8589289066934));
#6718=CARTESIAN_POINT('Ctrl Pts',(-36.2130945200157,78.9077173966154,60.5846219295518));
#6719=CARTESIAN_POINT('Ctrl Pts',(-36.2130945200157,80.1698268823504,55.7465355675676));
#6720=CARTESIAN_POINT('Ctrl Pts',(-36.3046935600454,78.2468423796471,60.4122197512123));
#6721=CARTESIAN_POINT('Ctrl Pts',(-36.3046935600454,79.5089518653821,55.5741333892281));
#6722=CARTESIAN_POINT('Ctrl Pts',(-36.3489090789461,77.927833230705,60.3289999732274));
#6723=CARTESIAN_POINT('Ctrl Pts',(-36.3489090789461,79.18994271644,55.4909136112432));
#6724=CARTESIAN_POINT('',(-35.4109846938753,79.5614295331322,60.7551555303823));
#6725=CARTESIAN_POINT('Ctrl Pts',(-35.4109846938753,79.5614295331322,60.7551555303823));
#6726=CARTESIAN_POINT('Ctrl Pts',(-35.6844491312682,79.338558529931,60.6970152686776));
#6727=CARTESIAN_POINT('Ctrl Pts',(-36.2130945200157,78.9077173966154,60.5846219295518));
#6728=CARTESIAN_POINT('Ctrl Pts',(-36.3046935600454,78.2468423796471,60.4122197512123));
#6729=CARTESIAN_POINT('Ctrl Pts',(-36.3489090789461,77.927833230705,60.3289999732274));
#6730=CARTESIAN_POINT('',(-35.4109846938753,80.8235390188672,55.9170691683981));
#6731=CARTESIAN_POINT('',(-35.4109846938753,79.5614295331322,60.7551555303823));
#6732=CARTESIAN_POINT('Ctrl Pts',(-35.4109846938753,80.8235390188672,55.9170691683981));
#6733=CARTESIAN_POINT('Ctrl Pts',(-35.6844491312682,80.600668015666,55.8589289066934));
#6734=CARTESIAN_POINT('Ctrl Pts',(-36.2130945200157,80.1698268823504,55.7465355675676));
#6735=CARTESIAN_POINT('Ctrl Pts',(-36.3046935600454,79.5089518653821,55.5741333892281));
#6736=CARTESIAN_POINT('Ctrl Pts',(-36.3489090789461,79.18994271644,55.4909136112432));
#6737=CARTESIAN_POINT('Ctrl Pts',(-32.8018414367342,80.3699773494382,60.9660810476795));
#6738=CARTESIAN_POINT('Ctrl Pts',(-32.8018414367342,81.6320868351732,56.1279946856953));
#6739=CARTESIAN_POINT('Ctrl Pts',(-33.3606926388248,80.2590480822135,60.9371429779687));
#6740=CARTESIAN_POINT('Ctrl Pts',(-33.3606926388248,81.5211575679485,56.0990566159845));
#6741=CARTESIAN_POINT('Ctrl Pts',(-34.2623273759775,80.0800779371684,60.8904551140439));
#6742=CARTESIAN_POINT('Ctrl Pts',(-34.2623273759775,81.3421874229034,56.0523687520597));
#6743=CARTESIAN_POINT('Ctrl Pts',(-35.0945791694665,79.7042947878134,60.7924247272557));
#6744=CARTESIAN_POINT('Ctrl Pts',(-35.0945791694665,80.9664042735484,55.9543383652714));
#6745=CARTESIAN_POINT('Ctrl Pts',(-35.4109846938753,79.5614295331322,60.7551555303823));
#6746=CARTESIAN_POINT('Ctrl Pts',(-35.4109846938753,80.8235390188672,55.9170691683981));
#6747=CARTESIAN_POINT('',(-32.8018414367342,80.3699773494382,60.9660810476795));
#6748=CARTESIAN_POINT('Ctrl Pts',(-32.8018414367342,80.3699773494382,60.9660810476795));
#6749=CARTESIAN_POINT('Ctrl Pts',(-33.3606926388248,80.2590480822135,60.9371429779687));
#6750=CARTESIAN_POINT('Ctrl Pts',(-34.2623273759775,80.0800779371684,60.8904551140439));
#6751=CARTESIAN_POINT('Ctrl Pts',(-35.0945791694665,79.7042947878134,60.7924247272557));
#6752=CARTESIAN_POINT('Ctrl Pts',(-35.4109846938753,79.5614295331322,60.7551555303823));
#6753=CARTESIAN_POINT('',(-32.8018414367342,81.6320868351732,56.1279946856953));
#6754=CARTESIAN_POINT('',(-32.8018414367342,80.3699773494382,60.9660810476795));
#6755=CARTESIAN_POINT('Ctrl Pts',(-32.8018414367342,81.6320868351732,56.1279946856953));
#6756=CARTESIAN_POINT('Ctrl Pts',(-33.3606926388248,81.5211575679485,56.0990566159845));
#6757=CARTESIAN_POINT('Ctrl Pts',(-34.2623273759775,81.3421874229034,56.0523687520597));
#6758=CARTESIAN_POINT('Ctrl Pts',(-35.0945791694665,80.9664042735483,55.9543383652714));
#6759=CARTESIAN_POINT('Ctrl Pts',(-35.4109846938753,80.8235390188672,55.9170691683981));
#6760=CARTESIAN_POINT('Ctrl Pts',(-29.885743795743,81.0795199933639,61.1511791287036));
#6761=CARTESIAN_POINT('Ctrl Pts',(-29.885743795743,82.341629479099,56.3130927667194));
#6762=CARTESIAN_POINT('Ctrl Pts',(-30.2811754002926,80.9669031622772,61.1218008249419));
#6763=CARTESIAN_POINT('Ctrl Pts',(-30.2811754002926,82.2290126480123,56.2837144629577));
#6764=CARTESIAN_POINT('Ctrl Pts',(-31.2432812082358,80.6929005129845,61.0503218729525));
#6765=CARTESIAN_POINT('Ctrl Pts',(-31.2432812082358,81.9550099987195,56.2122355109683));
#6766=CARTESIAN_POINT('Ctrl Pts',(-32.2241285745985,80.4896755565726,60.997306666932));
#6767=CARTESIAN_POINT('Ctrl Pts',(-32.2241285745985,81.7517850423076,56.1592203049478));
#6768=CARTESIAN_POINT('Ctrl Pts',(-32.8018414367342,80.3699773494382,60.9660810476795));
#6769=CARTESIAN_POINT('Ctrl Pts',(-32.8018414367342,81.6320868351732,56.1279946856953));
#6770=CARTESIAN_POINT('',(-29.885743795743,81.0795199933639,61.1511791287036));
#6771=CARTESIAN_POINT('Ctrl Pts',(-29.885743795743,81.0795199933639,61.1511791287036));
#6772=CARTESIAN_POINT('Ctrl Pts',(-30.2811754002926,80.9669031622772,61.1218008249419));
#6773=CARTESIAN_POINT('Ctrl Pts',(-31.2432812082358,80.6929005129845,61.0503218729525));
#6774=CARTESIAN_POINT('Ctrl Pts',(-32.2241285745985,80.4896755565726,60.997306666932));
#6775=CARTESIAN_POINT('Ctrl Pts',(-32.8018414367342,80.3699773494382,60.9660810476795));
#6776=CARTESIAN_POINT('',(-29.885743795743,82.341629479099,56.3130927667194));
#6777=CARTESIAN_POINT('',(-29.885743795743,81.0795199933639,61.1511791287036));
#6778=CARTESIAN_POINT('Ctrl Pts',(-29.885743795743,82.341629479099,56.3130927667194));
#6779=CARTESIAN_POINT('Ctrl Pts',(-30.2811754002926,82.2290126480123,56.2837144629577));
#6780=CARTESIAN_POINT('Ctrl Pts',(-31.2432812082358,81.9550099987195,56.2122355109683));
#6781=CARTESIAN_POINT('Ctrl Pts',(-32.2241285745985,81.7517850423076,56.1592203049478));
#6782=CARTESIAN_POINT('Ctrl Pts',(-32.8018414367342,81.6320868351732,56.1279946856953));
#6783=CARTESIAN_POINT('Origin',(-29.885743795743,80.1554640278831,60.9101210507521));
#6784=CARTESIAN_POINT('',(-29.885743795743,97.5777320139416,65.455060525376));
#6785=CARTESIAN_POINT('',(-29.885743795743,81.4175735136181,56.0720346887679));
#6786=CARTESIAN_POINT('Ctrl Pts',(-33.1429063666963,87.0363725316266,62.7051406604243));
#6787=CARTESIAN_POINT('Ctrl Pts',(-33.1429063666963,88.2984820173616,57.8670542984401));
#6788=CARTESIAN_POINT('Ctrl Pts',(-33.5306089622397,87.0255953132578,62.7023292121542));
#6789=CARTESIAN_POINT('Ctrl Pts',(-33.5306089622397,88.2877047989928,57.86424285017));
#6790=CARTESIAN_POINT('Ctrl Pts',(-34.2352868397188,87.0060069291393,62.6972191989059));
#6791=CARTESIAN_POINT('Ctrl Pts',(-34.2352868397188,88.2681164148743,57.8591328369217));
#6792=CARTESIAN_POINT('Ctrl Pts',(-34.8580172896454,86.6911987001105,62.6150953130723));
#6793=CARTESIAN_POINT('Ctrl Pts',(-34.8580172896454,87.9533081858455,57.7770089510881));
#6794=CARTESIAN_POINT('Ctrl Pts',(-35.1381313193941,86.5495929674187,62.5781546871527));
#6795=CARTESIAN_POINT('Ctrl Pts',(-35.1381313193941,87.8117024531537,57.7400683251685));
#6796=CARTESIAN_POINT('',(-33.1429063666963,87.0363725316266,62.7051406604243));
#6797=CARTESIAN_POINT('',(-35.1381313193941,86.5495929674187,62.5781546871527));
#6798=CARTESIAN_POINT('Ctrl Pts',(-33.1429063666963,87.0363725316266,62.7051406604243));
#6799=CARTESIAN_POINT('Ctrl Pts',(-33.5306089622397,87.0255953132578,62.7023292121542));
#6800=CARTESIAN_POINT('Ctrl Pts',(-34.2352868397188,87.0060069291393,62.6972191989059));
#6801=CARTESIAN_POINT('Ctrl Pts',(-34.8580172896454,86.6911987001105,62.6150953130723));
#6802=CARTESIAN_POINT('Ctrl Pts',(-35.1381313193941,86.5495929674187,62.5781546871527));
#6803=CARTESIAN_POINT('',(-33.1429063666963,88.2984820173616,57.8670542984401));
#6804=CARTESIAN_POINT('',(-33.1429063666963,87.0363725316266,62.7051406604243));
#6805=CARTESIAN_POINT('',(-35.1381313193941,87.8117024531537,57.7400683251685));
#6806=CARTESIAN_POINT('Ctrl Pts',(-33.1429063666963,88.2984820173616,57.8670542984401));
#6807=CARTESIAN_POINT('Ctrl Pts',(-33.5306089622397,88.2877047989928,57.86424285017));
#6808=CARTESIAN_POINT('Ctrl Pts',(-34.2352868397188,88.2681164148743,57.8591328369217));
#6809=CARTESIAN_POINT('Ctrl Pts',(-34.8580172896454,87.9533081858455,57.7770089510881));
#6810=CARTESIAN_POINT('Ctrl Pts',(-35.1381313193941,87.8117024531537,57.7400683251685));
#6811=CARTESIAN_POINT('',(-35.1381313193941,86.5495929674187,62.5781546871527));
#6812=CARTESIAN_POINT('Ctrl Pts',(-30.5678736556673,86.4670884648535,62.55663177344));
#6813=CARTESIAN_POINT('Ctrl Pts',(-30.5678736556673,87.7291979505885,57.7185454114558));
#6814=CARTESIAN_POINT('Ctrl Pts',(-30.8901156788618,86.6316413208157,62.5995586054302));
#6815=CARTESIAN_POINT('Ctrl Pts',(-30.8901156788618,87.8937508065507,57.761472243446));
#6816=CARTESIAN_POINT('Ctrl Pts',(-31.6892308297993,87.0397093903549,62.70601114531));
#6817=CARTESIAN_POINT('Ctrl Pts',(-31.6892308297993,88.3018188760899,57.8679247833258));
#6818=CARTESIAN_POINT('Ctrl Pts',(-32.5996264545012,87.0376196106831,62.7054659853956));
#6819=CARTESIAN_POINT('Ctrl Pts',(-32.5996264545012,88.2997290964181,57.8673796234114));
#6820=CARTESIAN_POINT('Ctrl Pts',(-33.1429063666963,87.0363725316266,62.7051406604243));
#6821=CARTESIAN_POINT('Ctrl Pts',(-33.1429063666963,88.2984820173616,57.8670542984401));
#6822=CARTESIAN_POINT('',(-30.5678736556673,86.4670884648535,62.55663177344));
#6823=CARTESIAN_POINT('Ctrl Pts',(-30.5678736556673,86.4670884648535,62.55663177344));
#6824=CARTESIAN_POINT('Ctrl Pts',(-30.8901156788618,86.6316413208157,62.5995586054302));
#6825=CARTESIAN_POINT('Ctrl Pts',(-31.6892308297993,87.0397093903549,62.70601114531));
#6826=CARTESIAN_POINT('Ctrl Pts',(-32.5996264545012,87.0376196106831,62.7054659853956));
#6827=CARTESIAN_POINT('Ctrl Pts',(-33.1429063666963,87.0363725316266,62.7051406604243));
#6828=CARTESIAN_POINT('',(-30.5678736556673,87.7291979505885,57.7185454114558));
#6829=CARTESIAN_POINT('',(-30.5678736556673,86.4670884648535,62.55663177344));
#6830=CARTESIAN_POINT('Ctrl Pts',(-30.5678736556673,87.7291979505885,57.7185454114558));
#6831=CARTESIAN_POINT('Ctrl Pts',(-30.8901156788618,87.8937508065507,57.761472243446));
#6832=CARTESIAN_POINT('Ctrl Pts',(-31.6892308297993,88.3018188760899,57.8679247833258));
#6833=CARTESIAN_POINT('Ctrl Pts',(-32.5996264545012,88.2997290964181,57.8673796234114));
#6834=CARTESIAN_POINT('Ctrl Pts',(-33.1429063666963,88.2984820173616,57.8670542984401));
#6835=CARTESIAN_POINT('Ctrl Pts',(-29.885743795743,84.5612259197735,62.0594502399409));
#6836=CARTESIAN_POINT('Ctrl Pts',(-29.885743795743,85.8233354055085,57.2213638779567));
#6837=CARTESIAN_POINT('Ctrl Pts',(-29.8976604084083,84.9591698564284,62.163261701677));
#6838=CARTESIAN_POINT('Ctrl Pts',(-29.8976604084083,86.2212793421634,57.3251753396928));
#6839=CARTESIAN_POINT('Ctrl Pts',(-29.9189316701914,85.6695033957734,62.3485661032452));
#6840=CARTESIAN_POINT('Ctrl Pts',(-29.9189316701914,86.9316128815084,57.510479741261));
#6841=CARTESIAN_POINT('Ctrl Pts',(-30.3696550756043,86.2234670265573,62.4930783547541));
#6842=CARTESIAN_POINT('Ctrl Pts',(-30.3696550756043,87.4855765122923,57.6549919927699));
#6843=CARTESIAN_POINT('Ctrl Pts',(-30.5678736556673,86.4670884648535,62.55663177344));
#6844=CARTESIAN_POINT('Ctrl Pts',(-30.5678736556673,87.7291979505885,57.7185454114558));
#6845=CARTESIAN_POINT('',(-29.885743795743,84.5612259197735,62.0594502399409));
#6846=CARTESIAN_POINT('Ctrl Pts',(-29.885743795743,84.5612259197735,62.0594502399409));
#6847=CARTESIAN_POINT('Ctrl Pts',(-29.8976604084083,84.9591698564284,62.163261701677));
#6848=CARTESIAN_POINT('Ctrl Pts',(-29.9189316701914,85.6695033957734,62.3485661032452));
#6849=CARTESIAN_POINT('Ctrl Pts',(-30.3696550756043,86.2234670265573,62.4930783547541));
#6850=CARTESIAN_POINT('Ctrl Pts',(-30.5678736556673,86.4670884648535,62.55663177344));
#6851=CARTESIAN_POINT('',(-29.885743795743,85.8233354055085,57.2213638779567));
#6852=CARTESIAN_POINT('',(-29.885743795743,84.5612259197735,62.0594502399409));
#6853=CARTESIAN_POINT('Ctrl Pts',(-29.885743795743,85.8233354055085,57.2213638779567));
#6854=CARTESIAN_POINT('Ctrl Pts',(-29.8976604084083,86.2212793421634,57.3251753396928));
#6855=CARTESIAN_POINT('Ctrl Pts',(-29.9189316701914,86.9316128815084,57.510479741261));
#6856=CARTESIAN_POINT('Ctrl Pts',(-30.3696550756043,87.4855765122923,57.6549919927698));
#6857=CARTESIAN_POINT('Ctrl Pts',(-30.5678736556673,87.7291979505885,57.7185454114558));
#6858=CARTESIAN_POINT('Origin',(-29.885743795743,84.0991979370331,61.9389212009651));
#6859=CARTESIAN_POINT('',(-29.885743795743,84.0991979370331,61.9389212009651));
#6860=CARTESIAN_POINT('',(-29.885743795743,99.5495989685165,65.9694606004826));
#6861=CARTESIAN_POINT('',(-29.885743795743,85.3613074227681,57.1008348389809));
#6862=CARTESIAN_POINT('',(-29.885743795743,84.0991979370331,61.9389212009651));
#6863=CARTESIAN_POINT('',(-29.885743795743,85.3613074227681,57.1008348389809));
#6864=CARTESIAN_POINT('Ctrl Pts',(-34.5412694800997,82.9606309569765,61.6419037279069));
#6865=CARTESIAN_POINT('Ctrl Pts',(-34.5412694800997,84.2227404427115,56.8038173659227));
#6866=CARTESIAN_POINT('Ctrl Pts',(-33.5865266370438,83.1320040824461,61.6866097606381));
#6867=CARTESIAN_POINT('Ctrl Pts',(-33.5865266370438,84.3941135681811,56.8485233986539));
#6868=CARTESIAN_POINT('Ctrl Pts',(-32.0085104519504,83.4152526740937,61.7605006975897));
#6869=CARTESIAN_POINT('Ctrl Pts',(-32.0085104519504,84.6773621598287,56.9224143356055));
#6870=CARTESIAN_POINT('Ctrl Pts',(-30.4867841640696,83.9055456052753,61.8884032013762));
#6871=CARTESIAN_POINT('Ctrl Pts',(-30.4867841640696,85.1676550910103,57.0503168393919));
#6872=CARTESIAN_POINT('Ctrl Pts',(-29.885743795743,84.0991979370331,61.9389212009651));
#6873=CARTESIAN_POINT('Ctrl Pts',(-29.885743795743,85.3613074227681,57.1008348389809));
#6874=CARTESIAN_POINT('',(-34.5412694800997,82.9606309569765,61.6419037279069));
#6875=CARTESIAN_POINT('Ctrl Pts',(-34.5412694800997,82.9606309569765,61.6419037279069));
#6876=CARTESIAN_POINT('Ctrl Pts',(-33.5865266370438,83.1320040824461,61.6866097606381));
#6877=CARTESIAN_POINT('Ctrl Pts',(-32.0085104519504,83.4152526740937,61.7605006975897));
#6878=CARTESIAN_POINT('Ctrl Pts',(-30.4867841640696,83.9055456052753,61.8884032013762));
#6879=CARTESIAN_POINT('Ctrl Pts',(-29.885743795743,84.0991979370331,61.9389212009651));
#6880=CARTESIAN_POINT('',(-34.5412694800997,84.2227404427115,56.8038173659227));
#6881=CARTESIAN_POINT('',(-34.5412694800997,82.9606309569765,61.6419037279069));
#6882=CARTESIAN_POINT('Ctrl Pts',(-34.5412694800997,84.2227404427115,56.8038173659227));
#6883=CARTESIAN_POINT('Ctrl Pts',(-33.5865266370438,84.3941135681811,56.8485233986539));
#6884=CARTESIAN_POINT('Ctrl Pts',(-32.0085104519504,84.6773621598287,56.9224143356054));
#6885=CARTESIAN_POINT('Ctrl Pts',(-30.4867841640696,85.1676550910103,57.0503168393919));
#6886=CARTESIAN_POINT('Ctrl Pts',(-29.885743795743,85.3613074227681,57.1008348389809));
#6887=CARTESIAN_POINT('Ctrl Pts',(-38.3526598800325,81.8798157445279,61.3599519333551));
#6888=CARTESIAN_POINT('Ctrl Pts',(-38.3526598800325,83.1419252302629,56.5218655713709));
#6889=CARTESIAN_POINT('Ctrl Pts',(-37.8192208207687,82.0872550996636,61.4140665477383));
#6890=CARTESIAN_POINT('Ctrl Pts',(-37.8192208207687,83.3493645853986,56.5759801857541));
#6891=CARTESIAN_POINT('Ctrl Pts',(-36.5860101731819,82.5668158236849,61.5391693453091));
#6892=CARTESIAN_POINT('Ctrl Pts',(-36.5860101731819,83.8289253094199,56.7010829833249));
#6893=CARTESIAN_POINT('Ctrl Pts',(-35.2814994811443,82.8180633553661,61.6047121796607));
#6894=CARTESIAN_POINT('Ctrl Pts',(-35.2814994811443,84.0801728411012,56.7666258176765));
#6895=CARTESIAN_POINT('Ctrl Pts',(-34.5412694800997,82.9606309569765,61.6419037279069));
#6896=CARTESIAN_POINT('Ctrl Pts',(-34.5412694800997,84.2227404427115,56.8038173659227));
#6897=CARTESIAN_POINT('',(-38.3526598800325,81.8798157445279,61.3599519333551));
#6898=CARTESIAN_POINT('Ctrl Pts',(-38.3526598800325,81.8798157445279,61.3599519333551));
#6899=CARTESIAN_POINT('Ctrl Pts',(-37.8192208207687,82.0872550996636,61.4140665477383));
#6900=CARTESIAN_POINT('Ctrl Pts',(-36.5860101731819,82.5668158236849,61.5391693453091));
#6901=CARTESIAN_POINT('Ctrl Pts',(-35.2814994811443,82.8180633553661,61.6047121796607));
#6902=CARTESIAN_POINT('Ctrl Pts',(-34.5412694800997,82.9606309569765,61.6419037279069));
#6903=CARTESIAN_POINT('',(-38.3526598800325,83.1419252302629,56.5218655713709));
#6904=CARTESIAN_POINT('',(-38.3526598800325,81.8798157445279,61.3599519333551));
#6905=CARTESIAN_POINT('Ctrl Pts',(-38.3526598800325,83.1419252302629,56.5218655713709));
#6906=CARTESIAN_POINT('Ctrl Pts',(-37.8192208207687,83.3493645853986,56.5759801857541));
#6907=CARTESIAN_POINT('Ctrl Pts',(-36.5860101731819,83.8289253094199,56.7010829833249));
#6908=CARTESIAN_POINT('Ctrl Pts',(-35.2814994811443,84.0801728411012,56.7666258176765));
#6909=CARTESIAN_POINT('Ctrl Pts',(-34.5412694800997,84.2227404427115,56.8038173659227));
#6910=CARTESIAN_POINT('Ctrl Pts',(-40.4075729240083,80.0977111067854,60.8950550713353));
#6911=CARTESIAN_POINT('Ctrl Pts',(-40.4075729240083,81.3598205925204,56.0569687093511));
#6912=CARTESIAN_POINT('Ctrl Pts',(-40.1362349472906,80.4639088880881,60.9905849273273));
#6913=CARTESIAN_POINT('Ctrl Pts',(-40.1362349472906,81.7260183738231,56.1524985653431));
#6914=CARTESIAN_POINT('Ctrl Pts',(-39.5874743145361,81.2045163349771,61.183786869994));
#6915=CARTESIAN_POINT('Ctrl Pts',(-39.5874743145361,82.4666258207121,56.3457005080098));
#6916=CARTESIAN_POINT('Ctrl Pts',(-38.767296080958,81.6530581250513,61.3007977717525));
#6917=CARTESIAN_POINT('Ctrl Pts',(-38.767296080958,82.9151676107863,56.4627114097683));
#6918=CARTESIAN_POINT('Ctrl Pts',(-38.3526598800325,81.8798157445279,61.3599519333551));
#6919=CARTESIAN_POINT('Ctrl Pts',(-38.3526598800325,83.1419252302629,56.5218655713709));
#6920=CARTESIAN_POINT('',(-40.4075729240083,80.0977111067854,60.8950550713353));
#6921=CARTESIAN_POINT('Ctrl Pts',(-40.4075729240083,80.0977111067854,60.8950550713353));
#6922=CARTESIAN_POINT('Ctrl Pts',(-40.1362349472906,80.4639088880881,60.9905849273273));
#6923=CARTESIAN_POINT('Ctrl Pts',(-39.5874743145361,81.2045163349771,61.183786869994));
#6924=CARTESIAN_POINT('Ctrl Pts',(-38.767296080958,81.6530581250513,61.3007977717525));
#6925=CARTESIAN_POINT('Ctrl Pts',(-38.3526598800325,81.8798157445279,61.3599519333551));
#6926=CARTESIAN_POINT('',(-40.4075729240083,81.3598205925204,56.0569687093511));
#6927=CARTESIAN_POINT('',(-40.4075729240083,80.0977111067854,60.8950550713353));
#6928=CARTESIAN_POINT('Ctrl Pts',(-40.4075729240083,81.3598205925204,56.0569687093511));
#6929=CARTESIAN_POINT('Ctrl Pts',(-40.1362349472906,81.7260183738231,56.1524985653431));
#6930=CARTESIAN_POINT('Ctrl Pts',(-39.5874743145361,82.4666258207121,56.3457005080098));
#6931=CARTESIAN_POINT('Ctrl Pts',(-38.767296080958,82.9151676107863,56.4627114097683));
#6932=CARTESIAN_POINT('Ctrl Pts',(-38.3526598800325,83.1419252302629,56.5218655713709));
#6933=CARTESIAN_POINT('Ctrl Pts',(-41.1408602584505,77.4493045781494,60.2041664116912));
#6934=CARTESIAN_POINT('Ctrl Pts',(-41.1408602584505,78.7114140638844,55.3660800497069));
#6935=CARTESIAN_POINT('Ctrl Pts',(-41.1131836409864,77.9262966488349,60.328599125783));
#6936=CARTESIAN_POINT('Ctrl Pts',(-41.1131836409864,79.1884061345699,55.4905127637988));
#6937=CARTESIAN_POINT('Ctrl Pts',(-41.0590614990858,78.8590635438005,60.5719296201219));
#6938=CARTESIAN_POINT('Ctrl Pts',(-41.0590614990858,80.1211730295355,55.7338432581376));
#6939=CARTESIAN_POINT('Ctrl Pts',(-40.6214174824475,79.69113752852,60.7889923987444));
#6940=CARTESIAN_POINT('Ctrl Pts',(-40.6214174824475,80.9532470142551,55.9509060367601));
#6941=CARTESIAN_POINT('Ctrl Pts',(-40.4075729240083,80.0977111067854,60.8950550713353));
#6942=CARTESIAN_POINT('Ctrl Pts',(-40.4075729240083,81.3598205925204,56.0569687093511));
#6943=CARTESIAN_POINT('',(-41.1408602584505,77.4493045781494,60.2041664116912));
#6944=CARTESIAN_POINT('Ctrl Pts',(-41.1408602584505,77.4493045781494,60.2041664116912));
#6945=CARTESIAN_POINT('Ctrl Pts',(-41.1131836409864,77.9262966488349,60.328599125783));
#6946=CARTESIAN_POINT('Ctrl Pts',(-41.0590614990858,78.8590635438005,60.5719296201219));
#6947=CARTESIAN_POINT('Ctrl Pts',(-40.6214174824475,79.69113752852,60.7889923987444));
#6948=CARTESIAN_POINT('Ctrl Pts',(-40.4075729240083,80.0977111067854,60.8950550713353));
#6949=CARTESIAN_POINT('',(-41.1408602584505,78.7114140638844,55.3660800497069));
#6950=CARTESIAN_POINT('',(-41.1408602584505,77.4493045781494,60.2041664116912));
#6951=CARTESIAN_POINT('Ctrl Pts',(-41.1408602584505,78.7114140638844,55.3660800497069));
#6952=CARTESIAN_POINT('Ctrl Pts',(-41.1131836409864,79.1884061345699,55.4905127637988));
#6953=CARTESIAN_POINT('Ctrl Pts',(-41.0590614990858,80.1211730295355,55.7338432581376));
#6954=CARTESIAN_POINT('Ctrl Pts',(-40.6214174824475,80.953247014255,55.9509060367601));
#6955=CARTESIAN_POINT('Ctrl Pts',(-40.4075729240083,81.3598205925204,56.0569687093511));
#6956=CARTESIAN_POINT('Ctrl Pts',(-39.529331861844,73.7365846603697,59.235630780966));
#6957=CARTESIAN_POINT('Ctrl Pts',(-39.529331861844,74.9986941461047,54.3975444189818));
#6958=CARTESIAN_POINT('Ctrl Pts',(-39.9993379044268,74.263245656498,59.373020606043));
#6959=CARTESIAN_POINT('Ctrl Pts',(-39.9993379044268,75.525355142233,54.5349342440587));
#6960=CARTESIAN_POINT('Ctrl Pts',(-40.9519181700739,75.3306508090808,59.651474124108));
#6961=CARTESIAN_POINT('Ctrl Pts',(-40.9519181700739,76.5927602948158,54.8133877621238));
#6962=CARTESIAN_POINT('Ctrl Pts',(-41.0773280169952,76.7369020426784,60.0183222720031));
#6963=CARTESIAN_POINT('Ctrl Pts',(-41.0773280169952,77.9990115284134,55.1802359100189));
#6964=CARTESIAN_POINT('Ctrl Pts',(-41.1408602584505,77.4493045781494,60.2041664116912));
#6965=CARTESIAN_POINT('Ctrl Pts',(-41.1408602584505,78.7114140638844,55.3660800497069));
#6966=CARTESIAN_POINT('',(-39.529331861844,73.7365846603697,59.235630780966));
#6967=CARTESIAN_POINT('Ctrl Pts',(-39.529331861844,73.7365846603697,59.235630780966));
#6968=CARTESIAN_POINT('Ctrl Pts',(-39.9993379044268,74.263245656498,59.373020606043));
#6969=CARTESIAN_POINT('Ctrl Pts',(-40.9519181700739,75.3306508090808,59.651474124108));
#6970=CARTESIAN_POINT('Ctrl Pts',(-41.0773280169952,76.7369020426784,60.0183222720031));
#6971=CARTESIAN_POINT('Ctrl Pts',(-41.1408602584505,77.4493045781494,60.2041664116912));
#6972=CARTESIAN_POINT('',(-39.529331861844,74.9986941461047,54.3975444189818));
#6973=CARTESIAN_POINT('',(-39.529331861844,73.7365846603697,59.235630780966));
#6974=CARTESIAN_POINT('Ctrl Pts',(-39.529331861844,74.9986941461047,54.3975444189818));
#6975=CARTESIAN_POINT('Ctrl Pts',(-39.9993379044268,75.525355142233,54.5349342440587));
#6976=CARTESIAN_POINT('Ctrl Pts',(-40.9519181700739,76.5927602948158,54.8133877621238));
#6977=CARTESIAN_POINT('Ctrl Pts',(-41.0773280169952,77.9990115284134,55.1802359100188));
#6978=CARTESIAN_POINT('Ctrl Pts',(-41.1408602584505,78.7114140638844,55.3660800497069));
#6979=CARTESIAN_POINT('Ctrl Pts',(-35.121077238431,72.2679985165626,58.8525213521468));
#6980=CARTESIAN_POINT('Ctrl Pts',(-35.121077238431,73.5301080022976,54.0144349901626));
#6981=CARTESIAN_POINT('Ctrl Pts',(-35.9837062726423,72.3117052621424,58.8639231118632));
#6982=CARTESIAN_POINT('Ctrl Pts',(-35.9837062726423,73.5738147478774,54.025836749879));
#6983=CARTESIAN_POINT('Ctrl Pts',(-37.604098454536,72.3938055231174,58.885340571248));
#6984=CARTESIAN_POINT('Ctrl Pts',(-37.604098454536,73.6559150088524,54.0472542092638));
#6985=CARTESIAN_POINT('Ctrl Pts',(-38.9158854193003,73.3087284421353,59.1240161153396));
#6986=CARTESIAN_POINT('Ctrl Pts',(-38.9158854193003,74.5708379278703,54.2859297533554));
#6987=CARTESIAN_POINT('Ctrl Pts',(-39.529331861844,73.7365846603697,59.235630780966));
#6988=CARTESIAN_POINT('Ctrl Pts',(-39.529331861844,74.9986941461047,54.3975444189818));
#6989=CARTESIAN_POINT('',(-35.121077238431,72.2679985165626,58.8525213521468));
#6990=CARTESIAN_POINT('Ctrl Pts',(-35.121077238431,72.2679985165626,58.8525213521468));
#6991=CARTESIAN_POINT('Ctrl Pts',(-35.9837062726423,72.3117052621424,58.8639231118632));
#6992=CARTESIAN_POINT('Ctrl Pts',(-37.604098454536,72.3938055231174,58.885340571248));
#6993=CARTESIAN_POINT('Ctrl Pts',(-38.9158854193003,73.3087284421353,59.1240161153396));
#6994=CARTESIAN_POINT('Ctrl Pts',(-39.529331861844,73.7365846603697,59.235630780966));
#6995=CARTESIAN_POINT('',(-35.121077238431,73.5301080022976,54.0144349901626));
#6996=CARTESIAN_POINT('',(-35.121077238431,72.2679985165626,58.8525213521468));
#6997=CARTESIAN_POINT('Ctrl Pts',(-35.121077238431,73.5301080022976,54.0144349901625));
#6998=CARTESIAN_POINT('Ctrl Pts',(-35.9837062726423,73.5738147478774,54.025836749879));
#6999=CARTESIAN_POINT('Ctrl Pts',(-37.604098454536,73.6559150088524,54.0472542092638));
#7000=CARTESIAN_POINT('Ctrl Pts',(-38.9158854193003,74.5708379278703,54.2859297533554));
#7001=CARTESIAN_POINT('Ctrl Pts',(-39.529331861844,74.9986941461047,54.3975444189818));
#7002=CARTESIAN_POINT('Ctrl Pts',(-32.1367680419588,72.8455323414985,59.0031823499561));
#7003=CARTESIAN_POINT('Ctrl Pts',(-32.1367680419588,74.1076418272335,54.1650959879719));
#7004=CARTESIAN_POINT('Ctrl Pts',(-32.6135195994753,72.6770911793572,58.9592411772236));
#7005=CARTESIAN_POINT('Ctrl Pts',(-32.6135195994753,73.9392006650922,54.1211548152394));
#7006=CARTESIAN_POINT('Ctrl Pts',(-33.57750627857,72.3365049055308,58.8703925840515));
#7007=CARTESIAN_POINT('Ctrl Pts',(-33.57750627857,73.5986143912658,54.0323062220673));
#7008=CARTESIAN_POINT('Ctrl Pts',(-34.6028366883346,72.2909989419575,58.8585214631193));
#7009=CARTESIAN_POINT('Ctrl Pts',(-34.6028366883346,73.5531084276925,54.0204351011351));
#7010=CARTESIAN_POINT('Ctrl Pts',(-35.121077238431,72.2679985165626,58.8525213521468));
#7011=CARTESIAN_POINT('Ctrl Pts',(-35.121077238431,73.5301080022976,54.0144349901626));
#7012=CARTESIAN_POINT('',(-32.1367680419588,72.8455323414985,59.0031823499561));
#7013=CARTESIAN_POINT('Ctrl Pts',(-32.1367680419588,72.8455323414985,59.0031823499561));
#7014=CARTESIAN_POINT('Ctrl Pts',(-32.6135195994753,72.6770911793572,58.9592411772236));
#7015=CARTESIAN_POINT('Ctrl Pts',(-33.57750627857,72.3365049055308,58.8703925840515));
#7016=CARTESIAN_POINT('Ctrl Pts',(-34.6028366883346,72.2909989419575,58.8585214631193));
#7017=CARTESIAN_POINT('Ctrl Pts',(-35.121077238431,72.2679985165626,58.8525213521468));
#7018=CARTESIAN_POINT('',(-32.1367680419588,74.1076418272335,54.1650959879719));
#7019=CARTESIAN_POINT('',(-32.1367680419588,72.8455323414985,59.0031823499561));
#7020=CARTESIAN_POINT('Ctrl Pts',(-32.1367680419588,74.1076418272335,54.1650959879719));
#7021=CARTESIAN_POINT('Ctrl Pts',(-32.6135195994753,73.9392006650922,54.1211548152394));
#7022=CARTESIAN_POINT('Ctrl Pts',(-33.57750627857,73.5986143912658,54.0323062220673));
#7023=CARTESIAN_POINT('Ctrl Pts',(-34.6028366883346,73.5531084276925,54.0204351011351));
#7024=CARTESIAN_POINT('Ctrl Pts',(-35.121077238431,73.5301080022976,54.0144349901625));
#7025=CARTESIAN_POINT('Ctrl Pts',(-29.5105730880403,74.578133816306,59.4551653433842));
#7026=CARTESIAN_POINT('Ctrl Pts',(-29.5105730880403,75.840243302041,54.6170789813999));
#7027=CARTESIAN_POINT('Ctrl Pts',(-29.919422821249,74.2203374691011,59.3618271658525));
#7028=CARTESIAN_POINT('Ctrl Pts',(-29.919422821249,75.4824469548361,54.5237408038683));
#7029=CARTESIAN_POINT('Ctrl Pts',(-30.7129468992557,73.5259013634402,59.1806699208975));
#7030=CARTESIAN_POINT('Ctrl Pts',(-30.7129468992557,74.7880108491752,54.3425835589132));
#7031=CARTESIAN_POINT('Ctrl Pts',(-31.6718994302057,73.0676685306756,59.0611309210458));
#7032=CARTESIAN_POINT('Ctrl Pts',(-31.6718994302057,74.3297780164106,54.2230445590616));
#7033=CARTESIAN_POINT('Ctrl Pts',(-32.1367680419588,72.8455323414985,59.0031823499561));
#7034=CARTESIAN_POINT('Ctrl Pts',(-32.1367680419588,74.1076418272335,54.1650959879719));
#7035=CARTESIAN_POINT('',(-29.5105730880403,74.578133816306,59.4551653433842));
#7036=CARTESIAN_POINT('Ctrl Pts',(-29.5105730880403,74.578133816306,59.4551653433842));
#7037=CARTESIAN_POINT('Ctrl Pts',(-29.919422821249,74.2203374691011,59.3618271658525));
#7038=CARTESIAN_POINT('Ctrl Pts',(-30.7129468992557,73.5259013634402,59.1806699208975));
#7039=CARTESIAN_POINT('Ctrl Pts',(-31.6718994302057,73.0676685306756,59.0611309210458));
#7040=CARTESIAN_POINT('Ctrl Pts',(-32.1367680419588,72.8455323414985,59.0031823499561));
#7041=CARTESIAN_POINT('',(-29.5105730880403,75.840243302041,54.6170789813999));
#7042=CARTESIAN_POINT('',(-29.5105730880403,74.578133816306,59.4551653433842));
#7043=CARTESIAN_POINT('Ctrl Pts',(-29.5105730880403,75.840243302041,54.6170789813999));
#7044=CARTESIAN_POINT('Ctrl Pts',(-29.919422821249,75.4824469548361,54.5237408038682));
#7045=CARTESIAN_POINT('Ctrl Pts',(-30.7129468992557,74.7880108491752,54.3425835589132));
#7046=CARTESIAN_POINT('Ctrl Pts',(-31.6718994302057,74.3297780164106,54.2230445590616));
#7047=CARTESIAN_POINT('Ctrl Pts',(-32.1367680419588,74.1076418272335,54.1650959879719));
#7048=CARTESIAN_POINT('Ctrl Pts',(-29.3400418151522,74.0336013310004,59.3131133906957));
#7049=CARTESIAN_POINT('Ctrl Pts',(-29.3400418151522,75.2957108167354,54.4750270287115));
#7050=CARTESIAN_POINT('Ctrl Pts',(-29.3728935026711,74.1481065417387,59.3429843152362));
#7051=CARTESIAN_POINT('Ctrl Pts',(-29.3728935026711,75.4102160274737,54.504897953252));
#7052=CARTESIAN_POINT('Ctrl Pts',(-29.4253444741383,74.3309254467899,59.3906762035104));
#7053=CARTESIAN_POINT('Ctrl Pts',(-29.4253444741383,75.5930349325249,54.5525898415262));
#7054=CARTESIAN_POINT('Ctrl Pts',(-29.4873889952879,74.5108876004445,59.4376228522899));
#7055=CARTESIAN_POINT('Ctrl Pts',(-29.4873889952879,75.7729970861795,54.5995364903057));
#7056=CARTESIAN_POINT('Ctrl Pts',(-29.5105730880403,74.578133816306,59.4551653433842));
#7057=CARTESIAN_POINT('Ctrl Pts',(-29.5105730880403,75.840243302041,54.6170789813999));
#7058=CARTESIAN_POINT('',(-29.3400418151522,74.0336013310004,59.3131133906957));
#7059=CARTESIAN_POINT('Ctrl Pts',(-29.3400418151522,74.0336013310004,59.3131133906957));
#7060=CARTESIAN_POINT('Ctrl Pts',(-29.3728935026711,74.1481065417387,59.3429843152362));
#7061=CARTESIAN_POINT('Ctrl Pts',(-29.4253444741383,74.3309254467899,59.3906762035104));
#7062=CARTESIAN_POINT('Ctrl Pts',(-29.4873889952879,74.5108876004445,59.4376228522899));
#7063=CARTESIAN_POINT('Ctrl Pts',(-29.5105730880403,74.578133816306,59.4551653433842));
#7064=CARTESIAN_POINT('',(-29.3400418151522,75.2957108167354,54.4750270287115));
#7065=CARTESIAN_POINT('',(-29.3400418151522,74.0336013310004,59.3131133906957));
#7066=CARTESIAN_POINT('Ctrl Pts',(-29.3400418151522,75.2957108167354,54.4750270287115));
#7067=CARTESIAN_POINT('Ctrl Pts',(-29.3728935026711,75.4102160274737,54.504897953252));
#7068=CARTESIAN_POINT('Ctrl Pts',(-29.4253444741383,75.5930349325249,54.5525898415262));
#7069=CARTESIAN_POINT('Ctrl Pts',(-29.4873889952879,75.7729970861795,54.5995364903056));
#7070=CARTESIAN_POINT('Ctrl Pts',(-29.5105730880403,75.840243302041,54.6170789813999));
#7071=CARTESIAN_POINT('Ctrl Pts',(-28.8796054710054,72.6640215130632,58.95583169906));
#7072=CARTESIAN_POINT('Ctrl Pts',(-28.8796054710054,73.9261309987983,54.1177453370758));
#7073=CARTESIAN_POINT('Ctrl Pts',(-28.951012976096,72.8545933701658,59.005546096565));
#7074=CARTESIAN_POINT('Ctrl Pts',(-28.951012976096,74.1167028559008,54.1674597345808));
#7075=CARTESIAN_POINT('Ctrl Pts',(-29.1202005362863,73.3061199639494,59.1233356427694));
#7076=CARTESIAN_POINT('Ctrl Pts',(-29.1202005362863,74.5682294496844,54.2852492807852));
#7077=CARTESIAN_POINT('Ctrl Pts',(-29.2595223396444,73.7671526530324,59.2436050399215));
#7078=CARTESIAN_POINT('Ctrl Pts',(-29.2595223396444,75.0292621387674,54.4055186779373));
#7079=CARTESIAN_POINT('Ctrl Pts',(-29.3400418151522,74.0336013310004,59.3131133906957));
#7080=CARTESIAN_POINT('Ctrl Pts',(-29.3400418151522,75.2957108167354,54.4750270287115));
#7081=CARTESIAN_POINT('',(-28.8796054710054,72.6640215130632,58.95583169906));
#7082=CARTESIAN_POINT('Ctrl Pts',(-28.8796054710054,72.6640215130632,58.95583169906));
#7083=CARTESIAN_POINT('Ctrl Pts',(-28.951012976096,72.8545933701658,59.005546096565));
#7084=CARTESIAN_POINT('Ctrl Pts',(-29.1202005362863,73.3061199639494,59.1233356427694));
#7085=CARTESIAN_POINT('Ctrl Pts',(-29.2595223396444,73.7671526530324,59.2436050399215));
#7086=CARTESIAN_POINT('Ctrl Pts',(-29.3400418151522,74.0336013310004,59.3131133906957));
#7087=CARTESIAN_POINT('',(-28.8796054710054,73.9261309987983,54.1177453370758));
#7088=CARTESIAN_POINT('',(-28.8796054710054,72.6640215130632,58.95583169906));
#7089=CARTESIAN_POINT('Ctrl Pts',(-28.8796054710054,73.9261309987983,54.1177453370757));
#7090=CARTESIAN_POINT('Ctrl Pts',(-28.951012976096,74.1167028559008,54.1674597345808));
#7091=CARTESIAN_POINT('Ctrl Pts',(-29.1202005362863,74.5682294496844,54.2852492807852));
#7092=CARTESIAN_POINT('Ctrl Pts',(-29.2595223396444,75.0292621387674,54.4055186779373));
#7093=CARTESIAN_POINT('Ctrl Pts',(-29.3400418151522,75.2957108167354,54.4750270287115));
#7094=CARTESIAN_POINT('Origin',(-24.1388165343904,72.6640215130632,58.95583169906));
#7095=CARTESIAN_POINT('',(-24.1388165343904,72.6640215130632,58.95583169906));
#7096=CARTESIAN_POINT('',(-12.0694082671952,72.6640215130632,58.95583169906));
#7097=CARTESIAN_POINT('',(-24.1388165343904,73.9261309987983,54.1177453370758));
#7098=CARTESIAN_POINT('',(-24.1388165343904,72.6640215130632,58.95583169906));
#7099=CARTESIAN_POINT('',(-24.1388165343904,73.9261309987983,54.1177453370757));
#7100=CARTESIAN_POINT('Ctrl Pts',(-25.0000035155916,75.0154102175789,59.5692374480641));
#7101=CARTESIAN_POINT('Ctrl Pts',(-25.0000035155916,76.2775197033139,54.7311510860798));
#7102=CARTESIAN_POINT('Ctrl Pts',(-24.9012578067633,74.6327123615036,59.4694032247401));
#7103=CARTESIAN_POINT('Ctrl Pts',(-24.9012578067633,75.8948218472386,54.6313168627558));
#7104=CARTESIAN_POINT('Ctrl Pts',(-24.692193645274,73.8224654420828,59.258034463152));
#7105=CARTESIAN_POINT('Ctrl Pts',(-24.692193645274,75.0845749278178,54.4199481011678));
#7106=CARTESIAN_POINT('Ctrl Pts',(-24.3299593953539,73.064161458326,59.0602160326068));
#7107=CARTESIAN_POINT('Ctrl Pts',(-24.3299593953539,74.326270944061,54.2221296706226));
#7108=CARTESIAN_POINT('Ctrl Pts',(-24.1388165343904,72.6640215130632,58.95583169906));
#7109=CARTESIAN_POINT('Ctrl Pts',(-24.1388165343904,73.9261309987983,54.1177453370758));
#7110=CARTESIAN_POINT('',(-25.0000035155916,75.0154102175789,59.5692374480641));
#7111=CARTESIAN_POINT('Ctrl Pts',(-25.0000035155916,75.0154102175789,59.5692374480641));
#7112=CARTESIAN_POINT('Ctrl Pts',(-24.9012578067633,74.6327123615036,59.4694032247401));
#7113=CARTESIAN_POINT('Ctrl Pts',(-24.692193645274,73.8224654420828,59.258034463152));
#7114=CARTESIAN_POINT('Ctrl Pts',(-24.3299593953539,73.064161458326,59.0602160326068));
#7115=CARTESIAN_POINT('Ctrl Pts',(-24.1388165343904,72.6640215130632,58.95583169906));
#7116=CARTESIAN_POINT('',(-25.0000035155916,76.2775197033139,54.7311510860798));
#7117=CARTESIAN_POINT('',(-25.0000035155916,75.0154102175789,59.5692374480641));
#7118=CARTESIAN_POINT('Ctrl Pts',(-25.0000035155916,76.2775197033139,54.7311510860798));
#7119=CARTESIAN_POINT('Ctrl Pts',(-24.9012578067633,75.8948218472386,54.6313168627558));
#7120=CARTESIAN_POINT('Ctrl Pts',(-24.692193645274,75.0845749278178,54.4199481011678));
#7121=CARTESIAN_POINT('Ctrl Pts',(-24.3299593953539,74.326270944061,54.2221296706226));
#7122=CARTESIAN_POINT('Ctrl Pts',(-24.1388165343904,73.9261309987983,54.1177453370757));
#7123=CARTESIAN_POINT('Ctrl Pts',(-25.2302204955721,78.4228625530756,60.4581380573241));
#7124=CARTESIAN_POINT('Ctrl Pts',(-25.2302204955721,79.6849720388106,55.6200516953399));
#7125=CARTESIAN_POINT('Ctrl Pts',(-25.2294615968131,77.7525773620948,60.2832810509812));
#7126=CARTESIAN_POINT('Ctrl Pts',(-25.2294615968131,79.0146868478298,55.445194688997));
#7127=CARTESIAN_POINT('Ctrl Pts',(-25.2281695569166,76.6114037885676,59.9855835970176));
#7128=CARTESIAN_POINT('Ctrl Pts',(-25.2281695569166,77.8735132743026,55.1474972350334));
#7129=CARTESIAN_POINT('Ctrl Pts',(-25.0666515360022,75.481604974155,59.6908534715187));
#7130=CARTESIAN_POINT('Ctrl Pts',(-25.0666515360022,76.74371445989,54.8527671095345));
#7131=CARTESIAN_POINT('Ctrl Pts',(-25.0000035155916,75.0154102175789,59.5692374480641));
#7132=CARTESIAN_POINT('Ctrl Pts',(-25.0000035155916,76.2775197033139,54.7311510860798));
#7133=CARTESIAN_POINT('',(-25.2302204955721,78.4228625530756,60.4581380573241));
#7134=CARTESIAN_POINT('Ctrl Pts',(-25.2302204955721,78.4228625530756,60.4581380573241));
#7135=CARTESIAN_POINT('Ctrl Pts',(-25.2294615968131,77.7525773620948,60.2832810509812));
#7136=CARTESIAN_POINT('Ctrl Pts',(-25.2281695569166,76.6114037885676,59.9855835970176));
#7137=CARTESIAN_POINT('Ctrl Pts',(-25.0666515360022,75.481604974155,59.6908534715187));
#7138=CARTESIAN_POINT('Ctrl Pts',(-25.0000035155916,75.0154102175789,59.5692374480641));
#7139=CARTESIAN_POINT('',(-25.2302204955721,79.6849720388106,55.6200516953399));
#7140=CARTESIAN_POINT('',(-25.2302204955721,78.4228625530756,60.4581380573241));
#7141=CARTESIAN_POINT('Ctrl Pts',(-25.2302204955721,79.6849720388106,55.6200516953398));
#7142=CARTESIAN_POINT('Ctrl Pts',(-25.2294615968131,79.0146868478298,55.445194688997));
#7143=CARTESIAN_POINT('Ctrl Pts',(-25.2281695569166,77.8735132743026,55.1474972350334));
#7144=CARTESIAN_POINT('Ctrl Pts',(-25.0666515360022,76.74371445989,54.8527671095345));
#7145=CARTESIAN_POINT('Ctrl Pts',(-25.0000035155916,76.2775197033139,54.7311510860798));
#7146=CARTESIAN_POINT('Origin',(-25.1790606368685,83.8351826060326,61.8700476363563));
#7147=CARTESIAN_POINT('',(-25.1790606368685,83.8351826060326,61.8700476363563));
#7148=CARTESIAN_POINT('',(-25.0307274115244,99.5276983868203,65.9637474052575));
#7149=CARTESIAN_POINT('',(-25.1790606368685,85.0972920917677,57.0319612743721));
#7150=CARTESIAN_POINT('',(-25.1790606368685,83.8351826060326,61.8700476363563));
#7151=CARTESIAN_POINT('',(-25.1790606368685,85.0972920917677,57.0319612743721));
#7152=CARTESIAN_POINT('Ctrl Pts',(-25.8185564864778,87.9851789250853,62.9526553717614));
#7153=CARTESIAN_POINT('Ctrl Pts',(-25.8185564864778,89.2472884108203,58.1145690097772));
#7154=CARTESIAN_POINT('Ctrl Pts',(-25.6339680232582,87.4550958512564,62.8143728307625));
#7155=CARTESIAN_POINT('Ctrl Pts',(-25.6339680232582,88.7172053369914,57.9762864687783));
#7156=CARTESIAN_POINT('Ctrl Pts',(-25.1670446637443,86.1142310683948,62.4645820178421));
#7157=CARTESIAN_POINT('Ctrl Pts',(-25.1670446637443,87.3763405541298,57.6264956558579));
#7158=CARTESIAN_POINT('Ctrl Pts',(-25.1745327874926,84.6939718236125,62.0940796061598));
#7159=CARTESIAN_POINT('Ctrl Pts',(-25.1745327874926,85.9560813093475,57.2559932441756));
#7160=CARTESIAN_POINT('Ctrl Pts',(-25.1790606368685,83.8351826060326,61.8700476363563));
#7161=CARTESIAN_POINT('Ctrl Pts',(-25.1790606368685,85.0972920917677,57.0319612743721));
#7162=CARTESIAN_POINT('',(-25.8185564864778,87.9851789250853,62.9526553717614));
#7163=CARTESIAN_POINT('Ctrl Pts',(-25.8185564864778,87.9851789250853,62.9526553717614));
#7164=CARTESIAN_POINT('Ctrl Pts',(-25.6339680232582,87.4550958512564,62.8143728307625));
#7165=CARTESIAN_POINT('Ctrl Pts',(-25.1670446637443,86.1142310683948,62.4645820178421));
#7166=CARTESIAN_POINT('Ctrl Pts',(-25.1745327874926,84.6939718236125,62.0940796061598));
#7167=CARTESIAN_POINT('Ctrl Pts',(-25.1790606368685,83.8351826060326,61.8700476363563));
#7168=CARTESIAN_POINT('',(-25.8185564864778,89.2472884108203,58.1145690097772));
#7169=CARTESIAN_POINT('',(-25.8185564864778,87.9851789250853,62.9526553717614));
#7170=CARTESIAN_POINT('Ctrl Pts',(-25.8185564864778,89.2472884108203,58.1145690097772));
#7171=CARTESIAN_POINT('Ctrl Pts',(-25.6339680232582,88.7172053369914,57.9762864687783));
#7172=CARTESIAN_POINT('Ctrl Pts',(-25.1670446637443,87.3763405541298,57.6264956558579));
#7173=CARTESIAN_POINT('Ctrl Pts',(-25.1745327874926,85.9560813093475,57.2559932441756));
#7174=CARTESIAN_POINT('Ctrl Pts',(-25.1790606368685,85.0972920917677,57.0319612743721));
#7175=CARTESIAN_POINT('Ctrl Pts',(-28.0269467223787,89.8497892188827,63.4390754484042));
#7176=CARTESIAN_POINT('Ctrl Pts',(-28.0269467223787,91.1118987046177,58.60098908642));
#7177=CARTESIAN_POINT('Ctrl Pts',(-27.551969966125,89.6039553861389,63.3749448833406));
#7178=CARTESIAN_POINT('Ctrl Pts',(-27.551969966125,90.8660648718739,58.5368585213564));
#7179=CARTESIAN_POINT('Ctrl Pts',(-26.6656412008418,89.1452179962101,63.2552742598809));
#7180=CARTESIAN_POINT('Ctrl Pts',(-26.6656412008418,90.4073274819451,58.4171878978967));
#7181=CARTESIAN_POINT('Ctrl Pts',(-26.0870739878304,88.3528998714888,63.048582575171));
#7182=CARTESIAN_POINT('Ctrl Pts',(-26.0870739878304,89.6150093572238,58.2104962131868));
#7183=CARTESIAN_POINT('Ctrl Pts',(-25.8185564864778,87.9851789250853,62.9526553717614));
#7184=CARTESIAN_POINT('Ctrl Pts',(-25.8185564864778,89.2472884108203,58.1145690097772));
#7185=CARTESIAN_POINT('',(-28.0269467223787,89.8497892188827,63.4390754484042));
#7186=CARTESIAN_POINT('Ctrl Pts',(-28.0269467223787,89.8497892188827,63.4390754484042));
#7187=CARTESIAN_POINT('Ctrl Pts',(-27.551969966125,89.6039553861389,63.3749448833406));
#7188=CARTESIAN_POINT('Ctrl Pts',(-26.6656412008418,89.1452179962101,63.2552742598809));
#7189=CARTESIAN_POINT('Ctrl Pts',(-26.0870739878304,88.3528998714888,63.048582575171));
#7190=CARTESIAN_POINT('Ctrl Pts',(-25.8185564864778,87.9851789250853,62.9526553717614));
#7191=CARTESIAN_POINT('',(-28.0269467223787,91.1118987046177,58.60098908642));
#7192=CARTESIAN_POINT('',(-28.0269467223787,89.8497892188827,63.4390754484042));
#7193=CARTESIAN_POINT('Ctrl Pts',(-28.0269467223787,91.1118987046177,58.60098908642));
#7194=CARTESIAN_POINT('Ctrl Pts',(-27.551969966125,90.8660648718739,58.5368585213563));
#7195=CARTESIAN_POINT('Ctrl Pts',(-26.6656412008418,90.4073274819451,58.4171878978967));
#7196=CARTESIAN_POINT('Ctrl Pts',(-26.0870739878304,89.6150093572238,58.2104962131868));
#7197=CARTESIAN_POINT('Ctrl Pts',(-25.8185564864778,89.2472884108203,58.1145690097772));
#7198=CARTESIAN_POINT('Ctrl Pts',(-32.8018414367342,90.5840822907862,63.6306301628138));
#7199=CARTESIAN_POINT('Ctrl Pts',(-32.8018414367342,91.8461917765213,58.7925438008296));
#7200=CARTESIAN_POINT('Ctrl Pts',(-31.8597158522977,90.5773212276011,63.6288664072003));
#7201=CARTESIAN_POINT('Ctrl Pts',(-31.8597158522977,91.8394307133361,58.7907800452161));
#7202=CARTESIAN_POINT('Ctrl Pts',(-30.2257653016831,90.5655953567654,63.6258074843736));
#7203=CARTESIAN_POINT('Ctrl Pts',(-30.2257653016831,91.8277048425004,58.7877211223894));
#7204=CARTESIAN_POINT('Ctrl Pts',(-28.6810070898887,90.062712845241,63.4946207422368));
#7205=CARTESIAN_POINT('Ctrl Pts',(-28.6810070898887,91.324822330976,58.6565343802526));
#7206=CARTESIAN_POINT('Ctrl Pts',(-28.0269467223787,89.8497892188827,63.4390754484042));
#7207=CARTESIAN_POINT('Ctrl Pts',(-28.0269467223787,91.1118987046177,58.60098908642));
#7208=CARTESIAN_POINT('',(-32.8018414367342,90.5840822907862,63.6306301628138));
#7209=CARTESIAN_POINT('Ctrl Pts',(-32.8018414367342,90.5840822907862,63.6306301628138));
#7210=CARTESIAN_POINT('Ctrl Pts',(-31.8597158522977,90.5773212276011,63.6288664072003));
#7211=CARTESIAN_POINT('Ctrl Pts',(-30.2257653016831,90.5655953567654,63.6258074843736));
#7212=CARTESIAN_POINT('Ctrl Pts',(-28.6810070898887,90.062712845241,63.4946207422368));
#7213=CARTESIAN_POINT('Ctrl Pts',(-28.0269467223787,89.8497892188827,63.4390754484042));
#7214=CARTESIAN_POINT('',(-32.8018414367342,91.8461917765213,58.7925438008296));
#7215=CARTESIAN_POINT('',(-32.8018414367342,90.5840822907862,63.6306301628138));
#7216=CARTESIAN_POINT('Ctrl Pts',(-32.8018414367342,91.8461917765213,58.7925438008296));
#7217=CARTESIAN_POINT('Ctrl Pts',(-31.8597158522977,91.8394307133361,58.7907800452161));
#7218=CARTESIAN_POINT('Ctrl Pts',(-30.2257653016831,91.8277048425004,58.7877211223894));
#7219=CARTESIAN_POINT('Ctrl Pts',(-28.6810070898887,91.324822330976,58.6565343802526));
#7220=CARTESIAN_POINT('Ctrl Pts',(-28.0269467223787,91.1118987046177,58.60098908642));
#7221=CARTESIAN_POINT('Ctrl Pts',(-38.1224429000521,89.3630096546748,63.3120894751326));
#7222=CARTESIAN_POINT('Ctrl Pts',(-38.1224429000521,90.6251191404098,58.4740031131483));
#7223=CARTESIAN_POINT('Ctrl Pts',(-37.3937805165777,89.7177364016078,63.404626887376));
#7224=CARTESIAN_POINT('Ctrl Pts',(-37.3937805165777,90.9798458873428,58.5665405253917));
#7225=CARTESIAN_POINT('Ctrl Pts',(-35.7276940433319,90.5288190760635,63.6162136720166));
#7226=CARTESIAN_POINT('Ctrl Pts',(-35.7276940433319,91.7909285617985,58.7781273100323));
#7227=CARTESIAN_POINT('Ctrl Pts',(-33.8553285074248,90.5641841311647,63.6254393385647));
#7228=CARTESIAN_POINT('Ctrl Pts',(-33.8553285074248,91.8262936168997,58.7873529765805));
#7229=CARTESIAN_POINT('Ctrl Pts',(-32.8018414367342,90.5840822907862,63.6306301628138));
#7230=CARTESIAN_POINT('Ctrl Pts',(-32.8018414367342,91.8461917765213,58.7925438008296));
#7231=CARTESIAN_POINT('',(-38.1224429000521,89.3630096546748,63.3120894751326));
#7232=CARTESIAN_POINT('Ctrl Pts',(-38.1224429000521,89.3630096546748,63.3120894751326));
#7233=CARTESIAN_POINT('Ctrl Pts',(-37.3937805165777,89.7177364016078,63.404626887376));
#7234=CARTESIAN_POINT('Ctrl Pts',(-35.7276940433319,90.5288190760635,63.6162136720166));
#7235=CARTESIAN_POINT('Ctrl Pts',(-33.8553285074248,90.5641841311647,63.6254393385647));
#7236=CARTESIAN_POINT('Ctrl Pts',(-32.8018414367342,90.5840822907862,63.6306301628138));
#7237=CARTESIAN_POINT('',(-38.1224429000521,90.6251191404098,58.4740031131483));
#7238=CARTESIAN_POINT('',(-38.1224429000521,89.3630096546748,63.3120894751326));
#7239=CARTESIAN_POINT('Ctrl Pts',(-38.1224429000521,90.6251191404098,58.4740031131483));
#7240=CARTESIAN_POINT('Ctrl Pts',(-37.3937805165777,90.9798458873428,58.5665405253917));
#7241=CARTESIAN_POINT('Ctrl Pts',(-35.7276940433319,91.7909285617985,58.7781273100323));
#7242=CARTESIAN_POINT('Ctrl Pts',(-33.8553285074248,91.8262936168997,58.7873529765805));
#7243=CARTESIAN_POINT('Ctrl Pts',(-32.8018414367342,91.8461917765213,58.7925438008296));
#7244=CARTESIAN_POINT('Ctrl Pts',(-40.6463181365633,85.6007877274497,62.330640276726));
#7245=CARTESIAN_POINT('Ctrl Pts',(-40.6463181365633,86.8628972131847,57.4925539147418));
#7246=CARTESIAN_POINT('Ctrl Pts',(-40.3775027174882,86.3787815033626,62.5335951747903));
#7247=CARTESIAN_POINT('Ctrl Pts',(-40.3775027174882,87.6408909890977,57.695508812806));
#7248=CARTESIAN_POINT('Ctrl Pts',(-39.8700602248489,87.8473992718875,62.9167128535359));
#7249=CARTESIAN_POINT('Ctrl Pts',(-39.8700602248489,89.1095087576225,58.0786264915516));
#7250=CARTESIAN_POINT('Ctrl Pts',(-38.6814106248026,88.878248331212,63.1856299994466));
#7251=CARTESIAN_POINT('Ctrl Pts',(-38.6814106248026,90.140357816947,58.3475436374624));
#7252=CARTESIAN_POINT('Ctrl Pts',(-38.1224429000521,89.3630096546748,63.3120894751326));
#7253=CARTESIAN_POINT('Ctrl Pts',(-38.1224429000521,90.6251191404098,58.4740031131483));
#7254=CARTESIAN_POINT('',(-40.6463181365633,85.6007877274497,62.330640276726));
#7255=CARTESIAN_POINT('Ctrl Pts',(-40.6463181365633,85.6007877274497,62.330640276726));
#7256=CARTESIAN_POINT('Ctrl Pts',(-40.3775027174882,86.3787815033626,62.5335951747903));
#7257=CARTESIAN_POINT('Ctrl Pts',(-39.8700602248489,87.8473992718875,62.9167128535359));
#7258=CARTESIAN_POINT('Ctrl Pts',(-38.6814106248026,88.878248331212,63.1856299994466));
#7259=CARTESIAN_POINT('Ctrl Pts',(-38.1224429000521,89.3630096546748,63.3120894751326));
#7260=CARTESIAN_POINT('',(-40.6463181365633,86.8628972131847,57.4925539147418));
#7261=CARTESIAN_POINT('',(-40.6463181365633,85.6007877274497,62.330640276726));
#7262=CARTESIAN_POINT('Ctrl Pts',(-40.6463181365633,86.8628972131847,57.4925539147418));
#7263=CARTESIAN_POINT('Ctrl Pts',(-40.3775027174882,87.6408909890977,57.695508812806));
#7264=CARTESIAN_POINT('Ctrl Pts',(-39.8700602248489,89.1095087576225,58.0786264915516));
#7265=CARTESIAN_POINT('Ctrl Pts',(-38.6814106248026,90.140357816947,58.3475436374624));
#7266=CARTESIAN_POINT('Ctrl Pts',(-38.1224429000521,90.6251191404098,58.4740031131483));
#7267=CARTESIAN_POINT('Origin',(-36.2977492202425,84.841741920589,62.1326283271102));
#7268=CARTESIAN_POINT('',(-36.2977492202425,84.841741920589,62.1326283271102));
#7269=CARTESIAN_POINT('',(-21.4434471651306,82.2489128989635,61.4562381475557));
#7270=CARTESIAN_POINT('',(-36.2977492202425,86.103851406324,57.294541965126));
#7271=CARTESIAN_POINT('',(-36.2977492202425,84.841741920589,62.1326283271102));
#7272=CARTESIAN_POINT('',(-36.2977492202425,86.103851406324,57.294541965126));
#7273=CARTESIAN_POINT('Ctrl Pts',(-35.1381313193941,86.5495929674187,62.5781546871527));
#7274=CARTESIAN_POINT('Ctrl Pts',(-35.1381313193941,87.8117024531537,57.7400683251685));
#7275=CARTESIAN_POINT('Ctrl Pts',(-35.3718621830149,86.3378399868577,62.5229147791803));
#7276=CARTESIAN_POINT('Ctrl Pts',(-35.3718621830149,87.5999494725928,57.6848284171961));
#7277=CARTESIAN_POINT('Ctrl Pts',(-35.8983084787254,85.8608958191297,62.3984945615121));
#7278=CARTESIAN_POINT('Ctrl Pts',(-35.8983084787254,87.1230053048647,57.5604081995279));
#7279=CARTESIAN_POINT('Ctrl Pts',(-36.155014928247,85.2059216224146,62.2276317275864));
#7280=CARTESIAN_POINT('Ctrl Pts',(-36.155014928247,86.4680311081496,57.3895453656022));
#7281=CARTESIAN_POINT('Ctrl Pts',(-36.2977492202425,84.841741920589,62.1326283271102));
#7282=CARTESIAN_POINT('Ctrl Pts',(-36.2977492202425,86.103851406324,57.294541965126));
#7283=CARTESIAN_POINT('Ctrl Pts',(-35.1381313193941,86.5495929674187,62.5781546871527));
#7284=CARTESIAN_POINT('Ctrl Pts',(-35.3718621830149,86.3378399868577,62.5229147791803));
#7285=CARTESIAN_POINT('Ctrl Pts',(-35.8983084787254,85.8608958191297,62.3984945615121));
#7286=CARTESIAN_POINT('Ctrl Pts',(-36.155014928247,85.2059216224146,62.2276317275864));
#7287=CARTESIAN_POINT('Ctrl Pts',(-36.2977492202425,84.841741920589,62.1326283271102));
#7288=CARTESIAN_POINT('Ctrl Pts',(-35.1381313193941,87.8117024531537,57.7400683251685));
#7289=CARTESIAN_POINT('Ctrl Pts',(-35.3718621830149,87.5999494725928,57.6848284171961));
#7290=CARTESIAN_POINT('Ctrl Pts',(-35.8983084787254,87.1230053048647,57.5604081995279));
#7291=CARTESIAN_POINT('Ctrl Pts',(-36.155014928247,86.4680311081496,57.3895453656022));
#7292=CARTESIAN_POINT('Ctrl Pts',(-36.2977492202425,86.103851406324,57.294541965126));
#7293=CARTESIAN_POINT('Origin',(-0.0511645663881133,66.9379675645117,52.2947461803053));
#7294=CARTESIAN_POINT('Ctrl Pts',(-0.946458517422659,77.8948307375851,60.3203906271961));
#7295=CARTESIAN_POINT('Ctrl Pts',(-0.946458517422659,79.1569402233201,55.4823042652119));
#7296=CARTESIAN_POINT('Ctrl Pts',(-0.892426552784276,78.1815677861176,60.3951915963785));
#7297=CARTESIAN_POINT('Ctrl Pts',(-0.892426552784276,79.4436772718526,55.5571052343943));
#7298=CARTESIAN_POINT('Ctrl Pts',(-0.751780967353906,78.9279463478697,60.5898990472704));
#7299=CARTESIAN_POINT('Ctrl Pts',(-0.751780967353906,80.1900558336047,55.7518126852862));
#7300=CARTESIAN_POINT('Ctrl Pts',(-0.756168691751773,79.6876292914188,60.7880772064571));
#7301=CARTESIAN_POINT('Ctrl Pts',(-0.756168691751773,80.9497387771538,55.9499908444728));
#7302=CARTESIAN_POINT('Ctrl Pts',(-0.75887077938555,80.1554640278831,60.9101210507521));
#7303=CARTESIAN_POINT('Ctrl Pts',(-0.75887077938555,81.4175735136181,56.0720346887679));
#7304=CARTESIAN_POINT('',(-0.946458517422659,77.8948307375851,60.3203906271961));
#7305=CARTESIAN_POINT('',(-0.75887077938555,80.1554640278831,60.9101210507521));
#7306=CARTESIAN_POINT('Ctrl Pts',(-0.946458517422659,77.8948307375851,60.3203906271961));
#7307=CARTESIAN_POINT('Ctrl Pts',(-0.892426552784276,78.1815677861176,60.3951915963785));
#7308=CARTESIAN_POINT('Ctrl Pts',(-0.751780967353906,78.9279463478697,60.5898990472704));
#7309=CARTESIAN_POINT('Ctrl Pts',(-0.756168691751773,79.6876292914188,60.7880772064571));
#7310=CARTESIAN_POINT('Ctrl Pts',(-0.75887077938555,80.1554640278831,60.9101210507521));
#7311=CARTESIAN_POINT('',(-0.946458517422659,79.1569402233201,55.4823042652119));
#7312=CARTESIAN_POINT('',(-0.946458517422659,77.8948307375851,60.3203906271961));
#7313=CARTESIAN_POINT('',(-0.75887077938555,81.4175735136181,56.0720346887679));
#7314=CARTESIAN_POINT('Ctrl Pts',(-0.946458517422659,79.1569402233201,55.4823042652119));
#7315=CARTESIAN_POINT('Ctrl Pts',(-0.892426552784276,79.4436772718526,55.5571052343943));
#7316=CARTESIAN_POINT('Ctrl Pts',(-0.751780967353906,80.1900558336047,55.7518126852861));
#7317=CARTESIAN_POINT('Ctrl Pts',(-0.756168691751773,80.9497387771538,55.9499908444728));
#7318=CARTESIAN_POINT('Ctrl Pts',(-0.75887077938555,81.4175735136181,56.0720346887679));
#7319=CARTESIAN_POINT('',(-0.75887077938555,80.1554640278831,60.9101210507521));
#7320=CARTESIAN_POINT('Ctrl Pts',(-2.08902233730791,76.3602407610279,59.9200628072247));
#7321=CARTESIAN_POINT('Ctrl Pts',(-2.08902233730791,77.6223502467629,55.0819764452404));
#7322=CARTESIAN_POINT('Ctrl Pts',(-1.8253899816344,76.5764336050073,59.9764609404367));
#7323=CARTESIAN_POINT('Ctrl Pts',(-1.8253899816344,77.8385430907423,55.1383745784525));
#7324=CARTESIAN_POINT('Ctrl Pts',(-1.31262846013255,76.9969258899301,60.0861545799818));
#7325=CARTESIAN_POINT('Ctrl Pts',(-1.31262846013255,78.2590353756651,55.2480682179975));
#7326=CARTESIAN_POINT('Ctrl Pts',(-1.06619172048672,77.6012265639032,60.2437982340617));
#7327=CARTESIAN_POINT('Ctrl Pts',(-1.06619172048672,78.8633360496382,55.4057118720775));
#7328=CARTESIAN_POINT('Ctrl Pts',(-0.946458517422659,77.8948307375851,60.3203906271961));
#7329=CARTESIAN_POINT('Ctrl Pts',(-0.946458517422659,79.1569402233201,55.4823042652119));
#7330=CARTESIAN_POINT('',(-2.08902233730791,76.3602407610279,59.9200628072247));
#7331=CARTESIAN_POINT('Ctrl Pts',(-2.08902233730791,76.3602407610279,59.9200628072247));
#7332=CARTESIAN_POINT('Ctrl Pts',(-1.8253899816344,76.5764336050073,59.9764609404367));
#7333=CARTESIAN_POINT('Ctrl Pts',(-1.31262846013255,76.9969258899301,60.0861545799818));
#7334=CARTESIAN_POINT('Ctrl Pts',(-1.06619172048672,77.6012265639032,60.2437982340617));
#7335=CARTESIAN_POINT('Ctrl Pts',(-0.946458517422659,77.8948307375851,60.3203906271961));
#7336=CARTESIAN_POINT('',(-2.08902233730791,77.6223502467629,55.0819764452404));
#7337=CARTESIAN_POINT('',(-2.08902233730791,76.3602407610279,59.9200628072247));
#7338=CARTESIAN_POINT('Ctrl Pts',(-2.08902233730791,77.6223502467629,55.0819764452404));
#7339=CARTESIAN_POINT('Ctrl Pts',(-1.8253899816344,77.8385430907423,55.1383745784525));
#7340=CARTESIAN_POINT('Ctrl Pts',(-1.31262846013255,78.2590353756651,55.2480682179975));
#7341=CARTESIAN_POINT('Ctrl Pts',(-1.06619172048672,78.8633360496382,55.4057118720775));
#7342=CARTESIAN_POINT('Ctrl Pts',(-0.946458517422659,79.1569402233201,55.4823042652119));
#7343=CARTESIAN_POINT('Ctrl Pts',(-4.56173771511553,75.535191121417,59.7048324664566));
#7344=CARTESIAN_POINT('Ctrl Pts',(-4.56173771511553,76.797300607152,54.8667461044724));
#7345=CARTESIAN_POINT('Ctrl Pts',(-4.12903485887789,75.5736087042412,59.7148544445847));
#7346=CARTESIAN_POINT('Ctrl Pts',(-4.12903485887789,76.8357181899762,54.8767680826004));
#7347=CARTESIAN_POINT('Ctrl Pts',(-3.23616374082535,75.6528823897151,59.7355345364474));
#7348=CARTESIAN_POINT('Ctrl Pts',(-3.23616374082535,76.9149918754501,54.8974481744632));
#7349=CARTESIAN_POINT('Ctrl Pts',(-2.47916476299566,76.1196684044131,59.8573048011513));
#7350=CARTESIAN_POINT('Ctrl Pts',(-2.47916476299566,77.3817778901482,55.019218439167));
#7351=CARTESIAN_POINT('Ctrl Pts',(-2.08902233730791,76.3602407610279,59.9200628072247));
#7352=CARTESIAN_POINT('Ctrl Pts',(-2.08902233730791,77.6223502467629,55.0819764452404));
#7353=CARTESIAN_POINT('',(-4.56173771511553,75.535191121417,59.7048324664566));
#7354=CARTESIAN_POINT('Ctrl Pts',(-4.56173771511553,75.535191121417,59.7048324664566));
#7355=CARTESIAN_POINT('Ctrl Pts',(-4.12903485887789,75.5736087042412,59.7148544445847));
#7356=CARTESIAN_POINT('Ctrl Pts',(-3.23616374082535,75.6528823897151,59.7355345364474));
#7357=CARTESIAN_POINT('Ctrl Pts',(-2.47916476299566,76.1196684044131,59.8573048011513));
#7358=CARTESIAN_POINT('Ctrl Pts',(-2.08902233730791,76.3602407610279,59.9200628072247));
#7359=CARTESIAN_POINT('',(-4.56173771511553,76.797300607152,54.8667461044724));
#7360=CARTESIAN_POINT('',(-4.56173771511553,75.535191121417,59.7048324664566));
#7361=CARTESIAN_POINT('Ctrl Pts',(-4.56173771511553,76.797300607152,54.8667461044724));
#7362=CARTESIAN_POINT('Ctrl Pts',(-4.12903485887789,76.8357181899762,54.8767680826004));
#7363=CARTESIAN_POINT('Ctrl Pts',(-3.23616374082535,76.9149918754501,54.8974481744632));
#7364=CARTESIAN_POINT('Ctrl Pts',(-2.47916476299566,77.3817778901482,55.019218439167));
#7365=CARTESIAN_POINT('Ctrl Pts',(-2.08902233730791,77.6223502467629,55.0819764452404));
#7366=CARTESIAN_POINT('Ctrl Pts',(-6.47169464718341,76.2447326118531,59.8899302465704));
#7367=CARTESIAN_POINT('Ctrl Pts',(-6.47169464718341,77.5068420975881,55.0518438845862));
#7368=CARTESIAN_POINT('Ctrl Pts',(-6.1993864041199,76.0378283513795,59.835955222099));
#7369=CARTESIAN_POINT('Ctrl Pts',(-6.1993864041199,77.2999378371145,54.9978688601148));
#7370=CARTESIAN_POINT('Ctrl Pts',(-5.63908796657802,75.6121044270506,59.7248968070567));
#7371=CARTESIAN_POINT('Ctrl Pts',(-5.63908796657802,76.8742139127856,54.8868104450725));
#7372=CARTESIAN_POINT('Ctrl Pts',(-4.92749330434357,75.5613028444925,59.7116442203024));
#7373=CARTESIAN_POINT('Ctrl Pts',(-4.92749330434357,76.8234123302275,54.8735578583182));
#7374=CARTESIAN_POINT('Ctrl Pts',(-4.56173771511553,75.535191121417,59.7048324664566));
#7375=CARTESIAN_POINT('Ctrl Pts',(-4.56173771511553,76.797300607152,54.8667461044724));
#7376=CARTESIAN_POINT('',(-6.47169464718341,76.2447326118531,59.8899302465704));
#7377=CARTESIAN_POINT('Ctrl Pts',(-6.47169464718341,76.2447326118531,59.8899302465704));
#7378=CARTESIAN_POINT('Ctrl Pts',(-6.1993864041199,76.0378283513795,59.835955222099));
#7379=CARTESIAN_POINT('Ctrl Pts',(-5.63908796657802,75.6121044270506,59.7248968070567));
#7380=CARTESIAN_POINT('Ctrl Pts',(-4.92749330434357,75.5613028444925,59.7116442203024));
#7381=CARTESIAN_POINT('Ctrl Pts',(-4.56173771511553,75.535191121417,59.7048324664566));
#7382=CARTESIAN_POINT('',(-6.47169464718341,77.5068420975881,55.0518438845862));
#7383=CARTESIAN_POINT('',(-6.47169464718341,76.2447326118531,59.8899302465704));
#7384=CARTESIAN_POINT('Ctrl Pts',(-6.47169464718341,77.5068420975881,55.0518438845861));
#7385=CARTESIAN_POINT('Ctrl Pts',(-6.1993864041199,77.2999378371145,54.9978688601148));
#7386=CARTESIAN_POINT('Ctrl Pts',(-5.63908796657802,76.8742139127856,54.8868104450724));
#7387=CARTESIAN_POINT('Ctrl Pts',(-4.92749330434357,76.8234123302275,54.8735578583182));
#7388=CARTESIAN_POINT('Ctrl Pts',(-4.56173771511553,76.797300607152,54.8667461044724));
#7389=CARTESIAN_POINT('Ctrl Pts',(-7.22203606258867,77.927833230705,60.3289999732274));
#7390=CARTESIAN_POINT('Ctrl Pts',(-7.22203606258867,79.18994271644,55.4909136112432));
#7391=CARTESIAN_POINT('Ctrl Pts',(-7.18932250554836,77.6129551750911,60.2468578717629));
#7392=CARTESIAN_POINT('Ctrl Pts',(-7.18932250554836,78.8750646608261,55.4087715097787));
#7393=CARTESIAN_POINT('Ctrl Pts',(-7.12311442422433,76.9756820137669,60.0806126992435));
#7394=CARTESIAN_POINT('Ctrl Pts',(-7.12311442422433,78.2377914995019,55.2425263372593));
#7395=CARTESIAN_POINT('Ctrl Pts',(-6.69053542278793,76.4902909133973,59.9539889339297));
#7396=CARTESIAN_POINT('Ctrl Pts',(-6.69053542278793,77.7524003991323,55.1159025719455));
#7397=CARTESIAN_POINT('Ctrl Pts',(-6.47169464718341,76.2447326118531,59.8899302465704));
#7398=CARTESIAN_POINT('Ctrl Pts',(-6.47169464718341,77.5068420975881,55.0518438845862));
#7399=CARTESIAN_POINT('',(-7.22203606258867,77.927833230705,60.3289999732274));
#7400=CARTESIAN_POINT('Ctrl Pts',(-7.22203606258867,77.927833230705,60.3289999732274));
#7401=CARTESIAN_POINT('Ctrl Pts',(-7.18932250554836,77.6129551750911,60.2468578717629));
#7402=CARTESIAN_POINT('Ctrl Pts',(-7.12311442422433,76.9756820137669,60.0806126992435));
#7403=CARTESIAN_POINT('Ctrl Pts',(-6.69053542278793,76.4902909133973,59.9539889339297));
#7404=CARTESIAN_POINT('Ctrl Pts',(-6.47169464718341,76.2447326118531,59.8899302465704));
#7405=CARTESIAN_POINT('',(-7.22203606258867,79.18994271644,55.4909136112432));
#7406=CARTESIAN_POINT('',(-7.22203606258867,77.927833230705,60.3289999732274));
#7407=CARTESIAN_POINT('Ctrl Pts',(-7.22203606258867,79.18994271644,55.4909136112432));
#7408=CARTESIAN_POINT('Ctrl Pts',(-7.18932250554836,78.8750646608261,55.4087715097787));
#7409=CARTESIAN_POINT('Ctrl Pts',(-7.12311442422433,78.2377914995019,55.2425263372593));
#7410=CARTESIAN_POINT('Ctrl Pts',(-6.69053542278793,77.7524003991323,55.1159025719455));
#7411=CARTESIAN_POINT('Ctrl Pts',(-6.47169464718341,77.5068420975881,55.0518438845861));
#7412=CARTESIAN_POINT('Ctrl Pts',(-6.28411167751787,79.5614295331322,60.7551555303823));
#7413=CARTESIAN_POINT('Ctrl Pts',(-6.28411167751787,80.8235390188672,55.9170691683981));
#7414=CARTESIAN_POINT('Ctrl Pts',(-6.55757550773089,79.3385584281931,60.6970152421373));
#7415=CARTESIAN_POINT('Ctrl Pts',(-6.55757550773089,80.6006679139281,55.8589288801531));
#7416=CARTESIAN_POINT('Ctrl Pts',(-7.08622000075053,78.9077168716061,60.5846217925929));
#7417=CARTESIAN_POINT('Ctrl Pts',(-7.08622000075053,80.1698263573412,55.7465354306087));
#7418=CARTESIAN_POINT('Ctrl Pts',(-7.17782003759633,78.2468423299918,60.4122197382587));
#7419=CARTESIAN_POINT('Ctrl Pts',(-7.17782003759633,79.5089518157269,55.5741333762745));
#7420=CARTESIAN_POINT('Ctrl Pts',(-7.22203606258867,77.927833230705,60.3289999732274));
#7421=CARTESIAN_POINT('Ctrl Pts',(-7.22203606258867,79.18994271644,55.4909136112432));
#7422=CARTESIAN_POINT('',(-6.28411167751787,79.5614295331322,60.7551555303823));
#7423=CARTESIAN_POINT('Ctrl Pts',(-6.28411167751787,79.5614295331322,60.7551555303823));
#7424=CARTESIAN_POINT('Ctrl Pts',(-6.55757550773089,79.3385584281931,60.6970152421373));
#7425=CARTESIAN_POINT('Ctrl Pts',(-7.08622000075053,78.9077168716061,60.5846217925929));
#7426=CARTESIAN_POINT('Ctrl Pts',(-7.17782003759633,78.2468423299918,60.4122197382587));
#7427=CARTESIAN_POINT('Ctrl Pts',(-7.22203606258867,77.927833230705,60.3289999732274));
#7428=CARTESIAN_POINT('',(-6.28411167751787,80.8235390188672,55.9170691683981));
#7429=CARTESIAN_POINT('',(-6.28411167751787,79.5614295331322,60.7551555303823));
#7430=CARTESIAN_POINT('Ctrl Pts',(-6.28411167751787,80.8235390188672,55.9170691683981));
#7431=CARTESIAN_POINT('Ctrl Pts',(-6.55757550773089,80.6006679139281,55.8589288801531));
#7432=CARTESIAN_POINT('Ctrl Pts',(-7.08622000075053,80.1698263573412,55.7465354306087));
#7433=CARTESIAN_POINT('Ctrl Pts',(-7.17782003759633,79.5089518157269,55.5741333762745));
#7434=CARTESIAN_POINT('Ctrl Pts',(-7.22203606258867,79.18994271644,55.4909136112432));
#7435=CARTESIAN_POINT('Ctrl Pts',(-3.67496842037676,80.3699773494382,60.9660810476795));
#7436=CARTESIAN_POINT('Ctrl Pts',(-3.67496842037676,81.6320868351732,56.1279946856953));
#7437=CARTESIAN_POINT('Ctrl Pts',(-4.23382007071802,80.2590482150806,60.9371430126297));
#7438=CARTESIAN_POINT('Ctrl Pts',(-4.23382007071802,81.5211577008156,56.0990566506455));
#7439=CARTESIAN_POINT('Ctrl Pts',(-5.13545493938155,80.080078401846,60.8904552352642));
#7440=CARTESIAN_POINT('Ctrl Pts',(-5.13545493938155,81.342187887581,56.05236887328));
#7441=CARTESIAN_POINT('Ctrl Pts',(-5.96770655807796,79.7042948050663,60.7924247317564));
#7442=CARTESIAN_POINT('Ctrl Pts',(-5.96770655807796,80.9664042908013,55.9543383697722));
#7443=CARTESIAN_POINT('Ctrl Pts',(-6.28411167751787,79.5614295331322,60.7551555303823));
#7444=CARTESIAN_POINT('Ctrl Pts',(-6.28411167751787,80.8235390188672,55.9170691683981));
#7445=CARTESIAN_POINT('',(-3.67496842037676,80.3699773494382,60.9660810476795));
#7446=CARTESIAN_POINT('Ctrl Pts',(-3.67496842037676,80.3699773494382,60.9660810476795));
#7447=CARTESIAN_POINT('Ctrl Pts',(-4.23382007071802,80.2590482150806,60.9371430126297));
#7448=CARTESIAN_POINT('Ctrl Pts',(-5.13545493938155,80.080078401846,60.8904552352642));
#7449=CARTESIAN_POINT('Ctrl Pts',(-5.96770655807796,79.7042948050663,60.7924247317564));
#7450=CARTESIAN_POINT('Ctrl Pts',(-6.28411167751787,79.5614295331322,60.7551555303823));
#7451=CARTESIAN_POINT('',(-3.67496842037676,81.6320868351732,56.1279946856953));
#7452=CARTESIAN_POINT('',(-3.67496842037676,80.3699773494382,60.9660810476795));
#7453=CARTESIAN_POINT('Ctrl Pts',(-3.67496842037676,81.6320868351732,56.1279946856953));
#7454=CARTESIAN_POINT('Ctrl Pts',(-4.23382007071802,81.5211577008156,56.0990566506455));
#7455=CARTESIAN_POINT('Ctrl Pts',(-5.13545493938155,81.342187887581,56.0523688732799));
#7456=CARTESIAN_POINT('Ctrl Pts',(-5.96770655807796,80.9664042908013,55.9543383697722));
#7457=CARTESIAN_POINT('Ctrl Pts',(-6.28411167751787,80.8235390188672,55.9170691683981));
#7458=CARTESIAN_POINT('Ctrl Pts',(-0.75887077938555,81.0795199933639,61.1511791287036));
#7459=CARTESIAN_POINT('Ctrl Pts',(-0.75887077938555,82.341629479099,56.3130927667194));
#7460=CARTESIAN_POINT('Ctrl Pts',(-1.15430238393515,80.9669031622772,61.1218008249419));
#7461=CARTESIAN_POINT('Ctrl Pts',(-1.15430238393515,82.2290126480123,56.2837144629577));
#7462=CARTESIAN_POINT('Ctrl Pts',(-2.1164081918784,80.6929005129845,61.0503218729525));
#7463=CARTESIAN_POINT('Ctrl Pts',(-2.1164081918784,81.9550099987195,56.2122355109683));
#7464=CARTESIAN_POINT('Ctrl Pts',(-3.09725555824103,80.4896755565726,60.997306666932));
#7465=CARTESIAN_POINT('Ctrl Pts',(-3.09725555824103,81.7517850423076,56.1592203049478));
#7466=CARTESIAN_POINT('Ctrl Pts',(-3.67496842037676,80.3699773494382,60.9660810476795));
#7467=CARTESIAN_POINT('Ctrl Pts',(-3.67496842037676,81.6320868351732,56.1279946856953));
#7468=CARTESIAN_POINT('',(-0.75887077938555,81.0795199933639,61.1511791287036));
#7469=CARTESIAN_POINT('Ctrl Pts',(-0.75887077938555,81.0795199933639,61.1511791287036));
#7470=CARTESIAN_POINT('Ctrl Pts',(-1.15430238393515,80.9669031622772,61.1218008249419));
#7471=CARTESIAN_POINT('Ctrl Pts',(-2.1164081918784,80.6929005129845,61.0503218729525));
#7472=CARTESIAN_POINT('Ctrl Pts',(-3.09725555824103,80.4896755565726,60.997306666932));
#7473=CARTESIAN_POINT('Ctrl Pts',(-3.67496842037676,80.3699773494382,60.9660810476795));
#7474=CARTESIAN_POINT('',(-0.75887077938555,82.341629479099,56.3130927667194));
#7475=CARTESIAN_POINT('',(-0.75887077938555,81.0795199933639,61.1511791287036));
#7476=CARTESIAN_POINT('Ctrl Pts',(-0.75887077938555,82.341629479099,56.3130927667194));
#7477=CARTESIAN_POINT('Ctrl Pts',(-1.15430238393515,82.2290126480123,56.2837144629577));
#7478=CARTESIAN_POINT('Ctrl Pts',(-2.1164081918784,81.9550099987195,56.2122355109683));
#7479=CARTESIAN_POINT('Ctrl Pts',(-3.09725555824103,81.7517850423076,56.1592203049478));
#7480=CARTESIAN_POINT('Ctrl Pts',(-3.67496842037676,81.6320868351732,56.1279946856953));
#7481=CARTESIAN_POINT('Origin',(-0.75887077938555,80.1554640278831,60.9101210507521));
#7482=CARTESIAN_POINT('',(-0.758870779385539,97.5777320139416,65.455060525376));
#7483=CARTESIAN_POINT('',(-0.75887077938555,81.4175735136181,56.0720346887679));
#7484=CARTESIAN_POINT('Ctrl Pts',(-4.01603573452471,87.0363725316266,62.7051406604243));
#7485=CARTESIAN_POINT('Ctrl Pts',(-4.01603573452471,88.2984820173616,57.8670542984401));
#7486=CARTESIAN_POINT('Ctrl Pts',(-4.40373789293759,87.025595193704,62.7023291809663));
#7487=CARTESIAN_POINT('Ctrl Pts',(-4.40373789293759,88.287704679439,57.864242818982));
#7488=CARTESIAN_POINT('Ctrl Pts',(-5.1084156732016,87.006006572904,62.697219105975));
#7489=CARTESIAN_POINT('Ctrl Pts',(-5.1084156732016,88.268116058639,57.8591327439907));
#7490=CARTESIAN_POINT('Ctrl Pts',(-5.73114625784556,86.6911987078004,62.6150953150784));
#7491=CARTESIAN_POINT('Ctrl Pts',(-5.73114625784556,87.9533081935354,57.7770089530942));
#7492=CARTESIAN_POINT('Ctrl Pts',(-6.01126068722246,86.5495929674187,62.5781546871527));
#7493=CARTESIAN_POINT('Ctrl Pts',(-6.01126068722246,87.8117024531537,57.7400683251685));
#7494=CARTESIAN_POINT('',(-4.01603573452471,87.0363725316266,62.7051406604243));
#7495=CARTESIAN_POINT('',(-6.01126068722246,86.5495929674187,62.5781546871527));
#7496=CARTESIAN_POINT('Ctrl Pts',(-4.01603573452471,87.0363725316266,62.7051406604243));
#7497=CARTESIAN_POINT('Ctrl Pts',(-4.40373789293759,87.025595193704,62.7023291809663));
#7498=CARTESIAN_POINT('Ctrl Pts',(-5.1084156732016,87.006006572904,62.697219105975));
#7499=CARTESIAN_POINT('Ctrl Pts',(-5.73114625784556,86.6911987078004,62.6150953150784));
#7500=CARTESIAN_POINT('Ctrl Pts',(-6.01126068722246,86.5495929674187,62.5781546871527));
#7501=CARTESIAN_POINT('',(-4.01603573452471,88.2984820173616,57.8670542984401));
#7502=CARTESIAN_POINT('',(-4.01603573452471,87.0363725316266,62.7051406604243));
#7503=CARTESIAN_POINT('',(-6.01126068722246,87.8117024531537,57.7400683251685));
#7504=CARTESIAN_POINT('Ctrl Pts',(-4.01603573452471,88.2984820173616,57.8670542984401));
#7505=CARTESIAN_POINT('Ctrl Pts',(-4.40373789293759,88.287704679439,57.864242818982));
#7506=CARTESIAN_POINT('Ctrl Pts',(-5.1084156732016,88.268116058639,57.8591327439907));
#7507=CARTESIAN_POINT('Ctrl Pts',(-5.73114625784556,87.9533081935354,57.7770089530941));
#7508=CARTESIAN_POINT('Ctrl Pts',(-6.01126068722246,87.8117024531537,57.7400683251685));
#7509=CARTESIAN_POINT('',(-6.01126068722246,86.5495929674187,62.5781546871527));
#7510=CARTESIAN_POINT('Ctrl Pts',(-1.44100063930987,86.4670884648535,62.55663177344));
#7511=CARTESIAN_POINT('Ctrl Pts',(-1.44100063930987,87.7291979505885,57.7185454114558));
#7512=CARTESIAN_POINT('Ctrl Pts',(-1.76324426227199,86.6316413583627,62.5995586152251));
#7513=CARTESIAN_POINT('Ctrl Pts',(-1.76324426227199,87.8937508440977,57.7614722532408));
#7514=CARTESIAN_POINT('Ctrl Pts',(-2.56236074857508,87.0397081770737,62.7060108288019));
#7515=CARTESIAN_POINT('Ctrl Pts',(-2.56236074857508,88.3018176628088,57.8679244668176));
#7516=CARTESIAN_POINT('Ctrl Pts',(-3.47275678544075,87.0376191555079,62.7054658666542));
#7517=CARTESIAN_POINT('Ctrl Pts',(-3.47275678544075,88.2997286412429,57.86737950467));
#7518=CARTESIAN_POINT('Ctrl Pts',(-4.01603573452471,87.0363725316266,62.7051406604243));
#7519=CARTESIAN_POINT('Ctrl Pts',(-4.01603573452471,88.2984820173616,57.8670542984401));
#7520=CARTESIAN_POINT('',(-1.44100063930987,86.4670884648535,62.55663177344));
#7521=CARTESIAN_POINT('Ctrl Pts',(-1.44100063930987,86.4670884648535,62.55663177344));
#7522=CARTESIAN_POINT('Ctrl Pts',(-1.76324426227199,86.6316413583627,62.5995586152251));
#7523=CARTESIAN_POINT('Ctrl Pts',(-2.56236074857508,87.0397081770737,62.7060108288019));
#7524=CARTESIAN_POINT('Ctrl Pts',(-3.47275678544075,87.0376191555079,62.7054658666542));
#7525=CARTESIAN_POINT('Ctrl Pts',(-4.01603573452471,87.0363725316266,62.7051406604243));
#7526=CARTESIAN_POINT('',(-1.44100063930987,87.7291979505885,57.7185454114558));
#7527=CARTESIAN_POINT('',(-1.44100063930987,86.4670884648535,62.55663177344));
#7528=CARTESIAN_POINT('Ctrl Pts',(-1.44100063930987,87.7291979505885,57.7185454114558));
#7529=CARTESIAN_POINT('Ctrl Pts',(-1.76324426227199,87.8937508440977,57.7614722532408));
#7530=CARTESIAN_POINT('Ctrl Pts',(-2.56236074857508,88.3018176628088,57.8679244668176));
#7531=CARTESIAN_POINT('Ctrl Pts',(-3.47275678544075,88.2997286412429,57.86737950467));
#7532=CARTESIAN_POINT('Ctrl Pts',(-4.01603573452471,88.2984820173616,57.8670542984401));
#7533=CARTESIAN_POINT('Ctrl Pts',(-0.75887077938555,84.5612259197735,62.0594502399409));
#7534=CARTESIAN_POINT('Ctrl Pts',(-0.75887077938555,85.8233354055085,57.2213638779567));
#7535=CARTESIAN_POINT('Ctrl Pts',(-0.770786808897705,84.9591699260097,62.1632617198286));
#7536=CARTESIAN_POINT('Ctrl Pts',(-0.770786808897705,86.2212794117447,57.3251753578444));
#7537=CARTESIAN_POINT('Ctrl Pts',(-0.792057037557603,85.6695038503967,62.3485662218426));
#7538=CARTESIAN_POINT('Ctrl Pts',(-0.792057037557603,86.9316133361317,57.5104798598584));
#7539=CARTESIAN_POINT('Ctrl Pts',(-1.24278150115733,86.2234670862708,62.4930783703315));
#7540=CARTESIAN_POINT('Ctrl Pts',(-1.24278150115733,87.4855765720058,57.6549920083473));
#7541=CARTESIAN_POINT('Ctrl Pts',(-1.44100063930987,86.4670884648535,62.55663177344));
#7542=CARTESIAN_POINT('Ctrl Pts',(-1.44100063930987,87.7291979505885,57.7185454114558));
#7543=CARTESIAN_POINT('',(-0.75887077938555,84.5612259197735,62.0594502399409));
#7544=CARTESIAN_POINT('Ctrl Pts',(-0.75887077938555,84.5612259197735,62.0594502399409));
#7545=CARTESIAN_POINT('Ctrl Pts',(-0.770786808897705,84.9591699260097,62.1632617198286));
#7546=CARTESIAN_POINT('Ctrl Pts',(-0.792057037557603,85.6695038503967,62.3485662218426));
#7547=CARTESIAN_POINT('Ctrl Pts',(-1.24278150115733,86.2234670862708,62.4930783703315));
#7548=CARTESIAN_POINT('Ctrl Pts',(-1.44100063930987,86.4670884648535,62.55663177344));
#7549=CARTESIAN_POINT('',(-0.75887077938555,85.8233354055085,57.2213638779567));
#7550=CARTESIAN_POINT('',(-0.75887077938555,84.5612259197735,62.0594502399409));
#7551=CARTESIAN_POINT('Ctrl Pts',(-0.75887077938555,85.8233354055085,57.2213638779567));
#7552=CARTESIAN_POINT('Ctrl Pts',(-0.770786808897705,86.2212794117447,57.3251753578444));
#7553=CARTESIAN_POINT('Ctrl Pts',(-0.792057037557603,86.9316133361317,57.5104798598584));
#7554=CARTESIAN_POINT('Ctrl Pts',(-1.24278150115733,87.4855765720058,57.6549920083473));
#7555=CARTESIAN_POINT('Ctrl Pts',(-1.44100063930987,87.7291979505885,57.7185454114558));
#7556=CARTESIAN_POINT('Origin',(-0.75887077938555,84.0991979370331,61.9389212009651));
#7557=CARTESIAN_POINT('',(-0.75887077938555,84.0991979370331,61.9389212009651));
#7558=CARTESIAN_POINT('',(-0.75887077938554,99.5495989685165,65.9694606004826));
#7559=CARTESIAN_POINT('',(-0.75887077938555,85.3613074227681,57.1008348389809));
#7560=CARTESIAN_POINT('',(-0.75887077938555,84.0991979370331,61.9389212009651));
#7561=CARTESIAN_POINT('',(-0.75887077938555,85.3613074227681,57.1008348389809));
#7562=CARTESIAN_POINT('Ctrl Pts',(-5.41439407955645,82.9606309569765,61.6419037279069));
#7563=CARTESIAN_POINT('Ctrl Pts',(-5.41439407955645,84.2227404427115,56.8038173659227));
#7564=CARTESIAN_POINT('Ctrl Pts',(-4.45965289854827,83.1320043478378,61.6866098298707));
#7565=CARTESIAN_POINT('Ctrl Pts',(-4.45965289854827,84.3941138335728,56.8485234678865));
#7566=CARTESIAN_POINT('Ctrl Pts',(-2.88163771432173,83.4152536915668,61.7605009630174));
#7567=CARTESIAN_POINT('Ctrl Pts',(-2.88163771432173,84.6773631773018,56.9224146010332));
#7568=CARTESIAN_POINT('Ctrl Pts',(-1.35991195697521,83.9055456580498,61.8884032151434));
#7569=CARTESIAN_POINT('Ctrl Pts',(-1.35991195697521,85.1676551437848,57.0503168531592));
#7570=CARTESIAN_POINT('Ctrl Pts',(-0.75887077938555,84.0991979370331,61.9389212009651));
#7571=CARTESIAN_POINT('Ctrl Pts',(-0.75887077938555,85.3613074227681,57.1008348389809));
#7572=CARTESIAN_POINT('',(-5.41439407955645,82.9606309569765,61.6419037279069));
#7573=CARTESIAN_POINT('Ctrl Pts',(-5.41439407955645,82.9606309569765,61.6419037279069));
#7574=CARTESIAN_POINT('Ctrl Pts',(-4.45965289854827,83.1320043478378,61.6866098298707));
#7575=CARTESIAN_POINT('Ctrl Pts',(-2.88163771432173,83.4152536915668,61.7605009630174));
#7576=CARTESIAN_POINT('Ctrl Pts',(-1.35991195697521,83.9055456580498,61.8884032151434));
#7577=CARTESIAN_POINT('Ctrl Pts',(-0.75887077938555,84.0991979370331,61.9389212009651));
#7578=CARTESIAN_POINT('',(-5.41439407955645,84.2227404427115,56.8038173659227));
#7579=CARTESIAN_POINT('',(-5.41439407955645,82.9606309569765,61.6419037279069));
#7580=CARTESIAN_POINT('Ctrl Pts',(-5.41439407955645,84.2227404427115,56.8038173659227));
#7581=CARTESIAN_POINT('Ctrl Pts',(-4.45965289854827,84.3941138335728,56.8485234678865));
#7582=CARTESIAN_POINT('Ctrl Pts',(-2.88163771432173,84.6773631773018,56.9224146010332));
#7583=CARTESIAN_POINT('Ctrl Pts',(-1.35991195697521,85.1676551437848,57.0503168531592));
#7584=CARTESIAN_POINT('Ctrl Pts',(-0.75887077938555,85.3613074227681,57.1008348389809));
#7585=CARTESIAN_POINT('Ctrl Pts',(-9.2257868636751,81.8798157445279,61.3599519333551));
#7586=CARTESIAN_POINT('Ctrl Pts',(-9.2257868636751,83.1419252302629,56.5218655713709));
#7587=CARTESIAN_POINT('Ctrl Pts',(-8.69234720061702,82.0872550857072,61.4140665440975));
#7588=CARTESIAN_POINT('Ctrl Pts',(-8.69234720061702,83.3493645714422,56.5759801821133));
#7589=CARTESIAN_POINT('Ctrl Pts',(-7.45913565890206,82.5668155823553,61.5391692823536));
#7590=CARTESIAN_POINT('Ctrl Pts',(-7.45913565890206,83.8289250680903,56.7010829203694));
#7591=CARTESIAN_POINT('Ctrl Pts',(-6.15462425497681,82.8180632962101,61.6047121642287));
#7592=CARTESIAN_POINT('Ctrl Pts',(-6.15462425497681,84.0801727819451,56.7666258022445));
#7593=CARTESIAN_POINT('Ctrl Pts',(-5.41439407955645,82.9606309569765,61.6419037279069));
#7594=CARTESIAN_POINT('Ctrl Pts',(-5.41439407955645,84.2227404427115,56.8038173659227));
#7595=CARTESIAN_POINT('',(-9.2257868636751,81.8798157445279,61.3599519333551));
#7596=CARTESIAN_POINT('Ctrl Pts',(-9.2257868636751,81.8798157445279,61.3599519333551));
#7597=CARTESIAN_POINT('Ctrl Pts',(-8.69234720061702,82.0872550857072,61.4140665440975));
#7598=CARTESIAN_POINT('Ctrl Pts',(-7.45913565890206,82.5668155823553,61.5391692823536));
#7599=CARTESIAN_POINT('Ctrl Pts',(-6.15462425497681,82.8180632962101,61.6047121642287));
#7600=CARTESIAN_POINT('Ctrl Pts',(-5.41439407955645,82.9606309569765,61.6419037279069));
#7601=CARTESIAN_POINT('',(-9.2257868636751,83.1419252302629,56.5218655713709));
#7602=CARTESIAN_POINT('',(-9.2257868636751,81.8798157445279,61.3599519333551));
#7603=CARTESIAN_POINT('Ctrl Pts',(-9.2257868636751,83.1419252302629,56.5218655713709));
#7604=CARTESIAN_POINT('Ctrl Pts',(-8.69234720061702,83.3493645714422,56.5759801821133));
#7605=CARTESIAN_POINT('Ctrl Pts',(-7.45913565890206,83.8289250680903,56.7010829203693));
#7606=CARTESIAN_POINT('Ctrl Pts',(-6.15462425497681,84.0801727819451,56.7666258022445));
#7607=CARTESIAN_POINT('Ctrl Pts',(-5.41439407955645,84.2227404427115,56.8038173659227));
#7608=CARTESIAN_POINT('Ctrl Pts',(-11.2806975234651,80.0977111067854,60.8950550713353));
#7609=CARTESIAN_POINT('Ctrl Pts',(-11.2806975234651,81.3598205925204,56.0569687093511));
#7610=CARTESIAN_POINT('Ctrl Pts',(-11.0093601917706,80.4639089113029,60.9905849333834));
#7611=CARTESIAN_POINT('Ctrl Pts',(-11.0093601917706,81.7260183970379,56.1524985713991));
#7612=CARTESIAN_POINT('Ctrl Pts',(-10.4606007315936,81.2045165831997,61.1837869347478));
#7613=CARTESIAN_POINT('Ctrl Pts',(-10.4606007315936,82.4666260689347,56.3457005727635));
#7614=CARTESIAN_POINT('Ctrl Pts',(-9.64042293910912,81.6530581729848,61.3007977842569));
#7615=CARTESIAN_POINT('Ctrl Pts',(-9.64042293910912,82.9151676587198,56.4627114222727));
#7616=CARTESIAN_POINT('Ctrl Pts',(-9.2257868636751,81.8798157445279,61.3599519333551));
#7617=CARTESIAN_POINT('Ctrl Pts',(-9.2257868636751,83.1419252302629,56.5218655713709));
#7618=CARTESIAN_POINT('',(-11.2806975234651,80.0977111067854,60.8950550713353));
#7619=CARTESIAN_POINT('Ctrl Pts',(-11.2806975234651,80.0977111067854,60.8950550713353));
#7620=CARTESIAN_POINT('Ctrl Pts',(-11.0093601917706,80.4639089113029,60.9905849333834));
#7621=CARTESIAN_POINT('Ctrl Pts',(-10.4606007315936,81.2045165831997,61.1837869347478));
#7622=CARTESIAN_POINT('Ctrl Pts',(-9.64042293910912,81.6530581729848,61.3007977842569));
#7623=CARTESIAN_POINT('Ctrl Pts',(-9.2257868636751,81.8798157445279,61.3599519333551));
#7624=CARTESIAN_POINT('',(-11.2806975234651,81.3598205925204,56.0569687093511));
#7625=CARTESIAN_POINT('',(-11.2806975234651,80.0977111067854,60.8950550713353));
#7626=CARTESIAN_POINT('Ctrl Pts',(-11.2806975234651,81.3598205925204,56.0569687093511));
#7627=CARTESIAN_POINT('Ctrl Pts',(-11.0093601917706,81.7260183970379,56.1524985713991));
#7628=CARTESIAN_POINT('Ctrl Pts',(-10.4606007315936,82.4666260689347,56.3457005727635));
#7629=CARTESIAN_POINT('Ctrl Pts',(-9.64042293910912,82.9151676587198,56.4627114222727));
#7630=CARTESIAN_POINT('Ctrl Pts',(-9.2257868636751,83.1419252302629,56.5218655713709));
#7631=CARTESIAN_POINT('Ctrl Pts',(-12.0139872420931,77.4493045781494,60.2041664116912));
#7632=CARTESIAN_POINT('Ctrl Pts',(-12.0139872420931,78.7114140638844,55.3660800497069));
#7633=CARTESIAN_POINT('Ctrl Pts',(-11.9863093517043,77.9262966037328,60.3285991140173));
#7634=CARTESIAN_POINT('Ctrl Pts',(-11.9863093517043,79.1884060894678,55.490512752033));
#7635=CARTESIAN_POINT('Ctrl Pts',(-11.93218473176,78.8590632177548,60.5719295350665));
#7636=CARTESIAN_POINT('Ctrl Pts',(-11.93218473176,80.1211727034898,55.7338431730822));
#7637=CARTESIAN_POINT('Ctrl Pts',(-11.4945416022058,79.6911374805632,60.7889923862339));
#7638=CARTESIAN_POINT('Ctrl Pts',(-11.4945416022058,80.9532469662983,55.9509060242497));
#7639=CARTESIAN_POINT('Ctrl Pts',(-11.2806975234651,80.0977111067854,60.8950550713353));
#7640=CARTESIAN_POINT('Ctrl Pts',(-11.2806975234651,81.3598205925204,56.0569687093511));
#7641=CARTESIAN_POINT('',(-12.0139872420931,77.4493045781494,60.2041664116912));
#7642=CARTESIAN_POINT('Ctrl Pts',(-12.0139872420931,77.4493045781494,60.2041664116912));
#7643=CARTESIAN_POINT('Ctrl Pts',(-11.9863093517043,77.9262966037328,60.3285991140173));
#7644=CARTESIAN_POINT('Ctrl Pts',(-11.93218473176,78.8590632177548,60.5719295350665));
#7645=CARTESIAN_POINT('Ctrl Pts',(-11.4945416022058,79.6911374805632,60.7889923862339));
#7646=CARTESIAN_POINT('Ctrl Pts',(-11.2806975234651,80.0977111067854,60.8950550713353));
#7647=CARTESIAN_POINT('',(-12.0139872420931,78.7114140638844,55.3660800497069));
#7648=CARTESIAN_POINT('',(-12.0139872420931,77.4493045781494,60.2041664116912));
#7649=CARTESIAN_POINT('Ctrl Pts',(-12.0139872420931,78.7114140638844,55.3660800497069));
#7650=CARTESIAN_POINT('Ctrl Pts',(-11.9863093517043,79.1884060894678,55.490512752033));
#7651=CARTESIAN_POINT('Ctrl Pts',(-11.93218473176,80.1211727034898,55.7338431730822));
#7652=CARTESIAN_POINT('Ctrl Pts',(-11.4945416022058,80.9532469662982,55.9509060242497));
#7653=CARTESIAN_POINT('Ctrl Pts',(-11.2806975234651,81.3598205925204,56.0569687093511));
#7654=CARTESIAN_POINT('Ctrl Pts',(-10.4024588454866,73.7365846603697,59.235630780966));
#7655=CARTESIAN_POINT('Ctrl Pts',(-10.4024588454866,74.9986941461047,54.3975444189818));
#7656=CARTESIAN_POINT('Ctrl Pts',(-10.8724660713067,74.2632455033855,59.3730205661006));
#7657=CARTESIAN_POINT('Ctrl Pts',(-10.8724660713067,75.5253549891206,54.5349342041164));
#7658=CARTESIAN_POINT('Ctrl Pts',(-11.825048320289,75.3306498808728,59.6514738819668));
#7659=CARTESIAN_POINT('Ctrl Pts',(-11.825048320289,76.5927593666078,54.8133875199826));
#7660=CARTESIAN_POINT('Ctrl Pts',(-11.9504560832887,76.7369019310979,60.0183222428951));
#7661=CARTESIAN_POINT('Ctrl Pts',(-11.9504560832887,77.9990114168329,55.1802358809109));
#7662=CARTESIAN_POINT('Ctrl Pts',(-12.0139872420931,77.4493045781494,60.2041664116912));
#7663=CARTESIAN_POINT('Ctrl Pts',(-12.0139872420931,78.7114140638844,55.3660800497069));
#7664=CARTESIAN_POINT('',(-10.4024588454866,73.7365846603697,59.235630780966));
#7665=CARTESIAN_POINT('Ctrl Pts',(-10.4024588454866,73.7365846603697,59.235630780966));
#7666=CARTESIAN_POINT('Ctrl Pts',(-10.8724660713067,74.2632455033855,59.3730205661006));
#7667=CARTESIAN_POINT('Ctrl Pts',(-11.825048320289,75.3306498808728,59.6514738819668));
#7668=CARTESIAN_POINT('Ctrl Pts',(-11.9504560832887,76.7369019310979,60.0183222428951));
#7669=CARTESIAN_POINT('Ctrl Pts',(-12.0139872420931,77.4493045781494,60.2041664116912));
#7670=CARTESIAN_POINT('',(-10.4024588454866,74.9986941461047,54.3975444189818));
#7671=CARTESIAN_POINT('',(-10.4024588454866,73.7365846603697,59.235630780966));
#7672=CARTESIAN_POINT('Ctrl Pts',(-10.4024588454866,74.9986941461047,54.3975444189818));
#7673=CARTESIAN_POINT('Ctrl Pts',(-10.8724660713067,75.5253549891206,54.5349342041163));
#7674=CARTESIAN_POINT('Ctrl Pts',(-11.825048320289,76.5927593666078,54.8133875199826));
#7675=CARTESIAN_POINT('Ctrl Pts',(-11.9504560832887,77.9990114168329,55.1802358809109));
#7676=CARTESIAN_POINT('Ctrl Pts',(-12.0139872420931,78.7114140638844,55.3660800497069));
#7677=CARTESIAN_POINT('Ctrl Pts',(-5.99420422207354,72.2679985165626,58.8525213521468));
#7678=CARTESIAN_POINT('Ctrl Pts',(-5.99420422207354,73.5301080022976,54.0144349901626));
#7679=CARTESIAN_POINT('Ctrl Pts',(-6.85683234112971,72.3117055365624,58.8639231834511));
#7680=CARTESIAN_POINT('Ctrl Pts',(-6.85683234112971,73.5738150222974,54.0258368214668));
#7681=CARTESIAN_POINT('Ctrl Pts',(-8.47722420859508,72.3938063841864,58.8853407958747));
#7682=CARTESIAN_POINT('Ctrl Pts',(-8.47722420859508,73.6559158699214,54.0472544338905));
#7683=CARTESIAN_POINT('Ctrl Pts',(-9.7890115986875,73.3087284288216,59.1240161118665));
#7684=CARTESIAN_POINT('Ctrl Pts',(-9.7890115986875,74.5708379145566,54.2859297498823));
#7685=CARTESIAN_POINT('Ctrl Pts',(-10.4024588454866,73.7365846603697,59.235630780966));
#7686=CARTESIAN_POINT('Ctrl Pts',(-10.4024588454866,74.9986941461047,54.3975444189818));
#7687=CARTESIAN_POINT('',(-5.99420422207354,72.2679985165626,58.8525213521468));
#7688=CARTESIAN_POINT('Ctrl Pts',(-5.99420422207354,72.2679985165626,58.8525213521468));
#7689=CARTESIAN_POINT('Ctrl Pts',(-6.85683234112971,72.3117055365624,58.8639231834511));
#7690=CARTESIAN_POINT('Ctrl Pts',(-8.47722420859508,72.3938063841864,58.8853407958747));
#7691=CARTESIAN_POINT('Ctrl Pts',(-9.7890115986875,73.3087284288216,59.1240161118665));
#7692=CARTESIAN_POINT('Ctrl Pts',(-10.4024588454866,73.7365846603697,59.235630780966));
#7693=CARTESIAN_POINT('',(-5.99420422207354,73.5301080022976,54.0144349901626));
#7694=CARTESIAN_POINT('',(-5.99420422207354,72.2679985165626,58.8525213521468));
#7695=CARTESIAN_POINT('Ctrl Pts',(-5.99420422207354,73.5301080022976,54.0144349901625));
#7696=CARTESIAN_POINT('Ctrl Pts',(-6.85683234112971,73.5738150222974,54.0258368214668));
#7697=CARTESIAN_POINT('Ctrl Pts',(-8.47722420859508,73.6559158699214,54.0472544338905));
#7698=CARTESIAN_POINT('Ctrl Pts',(-9.7890115986875,74.5708379145566,54.2859297498823));
#7699=CARTESIAN_POINT('Ctrl Pts',(-10.4024588454866,74.9986941461047,54.3975444189818));
#7700=CARTESIAN_POINT('Ctrl Pts',(-3.00989502560137,72.8455323414985,59.0031823499561));
#7701=CARTESIAN_POINT('Ctrl Pts',(-3.00989502560137,74.1076418272335,54.1650959879719));
#7702=CARTESIAN_POINT('Ctrl Pts',(-3.48664698237242,72.6770911785748,58.9592411770195));
#7703=CARTESIAN_POINT('Ctrl Pts',(-3.48664698237242,73.9392006643098,54.1211548150353));
#7704=CARTESIAN_POINT('Ctrl Pts',(-4.45063372816923,72.336505164823,58.870392651693));
#7705=CARTESIAN_POINT('Ctrl Pts',(-4.45063372816923,73.598614650558,54.0323062897087));
#7706=CARTESIAN_POINT('Ctrl Pts',(-5.47596408719586,72.2909990175276,58.8585214828333));
#7707=CARTESIAN_POINT('Ctrl Pts',(-5.47596408719586,73.5531085032626,54.0204351208491));
#7708=CARTESIAN_POINT('Ctrl Pts',(-5.99420422207354,72.2679985165626,58.8525213521468));
#7709=CARTESIAN_POINT('Ctrl Pts',(-5.99420422207354,73.5301080022976,54.0144349901626));
#7710=CARTESIAN_POINT('',(-3.00989502560137,72.8455323414985,59.0031823499561));
#7711=CARTESIAN_POINT('Ctrl Pts',(-3.00989502560137,72.8455323414985,59.0031823499561));
#7712=CARTESIAN_POINT('Ctrl Pts',(-3.48664698237242,72.6770911785748,58.9592411770195));
#7713=CARTESIAN_POINT('Ctrl Pts',(-4.45063372816923,72.336505164823,58.870392651693));
#7714=CARTESIAN_POINT('Ctrl Pts',(-5.47596408719586,72.2909990175276,58.8585214828333));
#7715=CARTESIAN_POINT('Ctrl Pts',(-5.99420422207354,72.2679985165626,58.8525213521468));
#7716=CARTESIAN_POINT('',(-3.00989502560137,74.1076418272335,54.1650959879719));
#7717=CARTESIAN_POINT('',(-3.00989502560137,72.8455323414985,59.0031823499561));
#7718=CARTESIAN_POINT('Ctrl Pts',(-3.00989502560137,74.1076418272335,54.1650959879719));
#7719=CARTESIAN_POINT('Ctrl Pts',(-3.48664698237242,73.9392006643098,54.1211548150353));
#7720=CARTESIAN_POINT('Ctrl Pts',(-4.45063372816923,73.598614650558,54.0323062897087));
#7721=CARTESIAN_POINT('Ctrl Pts',(-5.47596408719586,73.5531085032626,54.020435120849));
#7722=CARTESIAN_POINT('Ctrl Pts',(-5.99420422207354,73.5301080022976,54.0144349901625));
#7723=CARTESIAN_POINT('Ctrl Pts',(-0.383700071682913,74.578133816306,59.4551653433842));
#7724=CARTESIAN_POINT('Ctrl Pts',(-0.383700071682913,75.840243302041,54.6170789813999));
#7725=CARTESIAN_POINT('Ctrl Pts',(-0.792550251874857,74.2203375379482,59.3618271838126));
#7726=CARTESIAN_POINT('Ctrl Pts',(-0.792550251874857,75.4824470236832,54.5237408218284));
#7727=CARTESIAN_POINT('Ctrl Pts',(-1.58607472242791,73.5259019815877,59.1806700821533));
#7728=CARTESIAN_POINT('Ctrl Pts',(-1.58607472242791,74.7880114673227,54.3425837201691));
#7729=CARTESIAN_POINT('Ctrl Pts',(-2.54502688713888,73.0676686373145,59.0611309488647));
#7730=CARTESIAN_POINT('Ctrl Pts',(-2.54502688713888,74.3297781230495,54.2230445868804));
#7731=CARTESIAN_POINT('Ctrl Pts',(-3.00989502560137,72.8455323414985,59.0031823499561));
#7732=CARTESIAN_POINT('Ctrl Pts',(-3.00989502560137,74.1076418272335,54.1650959879719));
#7733=CARTESIAN_POINT('',(-0.383700071682913,74.578133816306,59.4551653433842));
#7734=CARTESIAN_POINT('Ctrl Pts',(-0.383700071682913,74.578133816306,59.4551653433842));
#7735=CARTESIAN_POINT('Ctrl Pts',(-0.792550251874857,74.2203375379482,59.3618271838126));
#7736=CARTESIAN_POINT('Ctrl Pts',(-1.58607472242791,73.5259019815877,59.1806700821533));
#7737=CARTESIAN_POINT('Ctrl Pts',(-2.54502688713888,73.0676686373145,59.0611309488647));
#7738=CARTESIAN_POINT('Ctrl Pts',(-3.00989502560137,72.8455323414985,59.0031823499561));
#7739=CARTESIAN_POINT('',(-0.383700071682913,75.840243302041,54.6170789813999));
#7740=CARTESIAN_POINT('',(-0.383700071682913,74.578133816306,59.4551653433842));
#7741=CARTESIAN_POINT('Ctrl Pts',(-0.383700071682913,75.840243302041,54.6170789813999));
#7742=CARTESIAN_POINT('Ctrl Pts',(-0.792550251874857,75.4824470236832,54.5237408218283));
#7743=CARTESIAN_POINT('Ctrl Pts',(-1.58607472242791,74.7880114673227,54.3425837201691));
#7744=CARTESIAN_POINT('Ctrl Pts',(-2.54502688713888,74.3297781230495,54.2230445868804));
#7745=CARTESIAN_POINT('Ctrl Pts',(-3.00989502560137,74.1076418272335,54.1650959879719));
#7746=CARTESIAN_POINT('Ctrl Pts',(-0.213168798794729,74.0336013310004,59.3131133906957));
#7747=CARTESIAN_POINT('Ctrl Pts',(-0.213168798794729,75.2957108167354,54.4750270287115));
#7748=CARTESIAN_POINT('Ctrl Pts',(-0.246021184666487,74.1481064507507,59.3429842915002));
#7749=CARTESIAN_POINT('Ctrl Pts',(-0.246021184666487,75.4102159364857,54.5048979295159));
#7750=CARTESIAN_POINT('Ctrl Pts',(-0.298473220502,74.3309250340931,59.3906760958504));
#7751=CARTESIAN_POINT('Ctrl Pts',(-0.298473220502,75.5930345198281,54.5525897338661));
#7752=CARTESIAN_POINT('Ctrl Pts',(-0.360516485731672,74.5108875673724,59.4376228436624));
#7753=CARTESIAN_POINT('Ctrl Pts',(-0.360516485731672,75.7729970531074,54.5995364816782));
#7754=CARTESIAN_POINT('Ctrl Pts',(-0.383700071682913,74.578133816306,59.4551653433842));
#7755=CARTESIAN_POINT('Ctrl Pts',(-0.383700071682913,75.840243302041,54.6170789813999));
#7756=CARTESIAN_POINT('',(-0.213168798794729,74.0336013310004,59.3131133906957));
#7757=CARTESIAN_POINT('Ctrl Pts',(-0.213168798794729,74.0336013310004,59.3131133906957));
#7758=CARTESIAN_POINT('Ctrl Pts',(-0.246021184666487,74.1481064507507,59.3429842915002));
#7759=CARTESIAN_POINT('Ctrl Pts',(-0.298473220502,74.3309250340931,59.3906760958504));
#7760=CARTESIAN_POINT('Ctrl Pts',(-0.360516485731672,74.5108875673724,59.4376228436624));
#7761=CARTESIAN_POINT('Ctrl Pts',(-0.383700071682913,74.578133816306,59.4551653433842));
#7762=CARTESIAN_POINT('',(-0.213168798794729,75.2957108167354,54.4750270287115));
#7763=CARTESIAN_POINT('',(-0.213168798794729,74.0336013310004,59.3131133906957));
#7764=CARTESIAN_POINT('Ctrl Pts',(-0.213168798794729,75.2957108167354,54.4750270287115));
#7765=CARTESIAN_POINT('Ctrl Pts',(-0.246021184666487,75.4102159364857,54.5048979295159));
#7766=CARTESIAN_POINT('Ctrl Pts',(-0.298473220502,75.5930345198281,54.5525897338661));
#7767=CARTESIAN_POINT('Ctrl Pts',(-0.360516485731672,75.7729970531074,54.5995364816781));
#7768=CARTESIAN_POINT('Ctrl Pts',(-0.383700071682913,75.840243302041,54.6170789813999));
#7769=CARTESIAN_POINT('Ctrl Pts',(0.247265161166208,72.6640215130632,58.95583169906));
#7770=CARTESIAN_POINT('Ctrl Pts',(0.247265161166208,73.9261309987983,54.1177453370758));
#7771=CARTESIAN_POINT('Ctrl Pts',(0.175857543234859,72.854593336769,59.0055460878528));
#7772=CARTESIAN_POINT('Ctrl Pts',(0.175857543234859,74.116702822504,54.1674597258686));
#7773=CARTESIAN_POINT('Ctrl Pts',(0.006669794898162,73.3061196400297,59.1233355582686));
#7774=CARTESIAN_POINT('Ctrl Pts',(0.006669794898162,74.5682291257647,54.2852491962844));
#7775=CARTESIAN_POINT('Ctrl Pts',(-0.132650324210051,73.7671525921266,59.243605024033));
#7776=CARTESIAN_POINT('Ctrl Pts',(-0.132650324210051,75.0292620778616,54.4055186620488));
#7777=CARTESIAN_POINT('Ctrl Pts',(-0.213168798794729,74.0336013310004,59.3131133906957));
#7778=CARTESIAN_POINT('Ctrl Pts',(-0.213168798794729,75.2957108167354,54.4750270287115));
#7779=CARTESIAN_POINT('',(0.247265161166208,72.6640215130632,58.95583169906));
#7780=CARTESIAN_POINT('Ctrl Pts',(0.247265161166208,72.6640215130632,58.95583169906));
#7781=CARTESIAN_POINT('Ctrl Pts',(0.175857543234859,72.854593336769,59.0055460878528));
#7782=CARTESIAN_POINT('Ctrl Pts',(0.006669794898162,73.3061196400297,59.1233355582686));
#7783=CARTESIAN_POINT('Ctrl Pts',(-0.132650324210051,73.7671525921266,59.243605024033));
#7784=CARTESIAN_POINT('Ctrl Pts',(-0.213168798794729,74.0336013310004,59.3131133906957));
#7785=CARTESIAN_POINT('',(0.247265161166208,73.9261309987983,54.1177453370758));
#7786=CARTESIAN_POINT('',(0.247265161166208,72.6640215130632,58.95583169906));
#7787=CARTESIAN_POINT('Ctrl Pts',(0.247265161166208,73.9261309987983,54.1177453370757));
#7788=CARTESIAN_POINT('Ctrl Pts',(0.175857543234859,74.116702822504,54.1674597258686));
#7789=CARTESIAN_POINT('Ctrl Pts',(0.006669794898162,74.5682291257647,54.2852491962844));
#7790=CARTESIAN_POINT('Ctrl Pts',(-0.132650324210051,75.0292620778616,54.4055186620488));
#7791=CARTESIAN_POINT('Ctrl Pts',(-0.213168798794729,75.2957108167354,54.4750270287115));
#7792=CARTESIAN_POINT('Origin',(4.98805648196699,72.6640215130632,58.95583169906));
#7793=CARTESIAN_POINT('',(4.98805648196699,72.6640215130632,58.95583169906));
#7794=CARTESIAN_POINT('',(2.49402824098349,72.6640215130632,58.95583169906));
#7795=CARTESIAN_POINT('',(4.98805648196699,73.9261309987983,54.1177453370758));
#7796=CARTESIAN_POINT('',(4.98805648196699,72.6640215130632,58.95583169906));
#7797=CARTESIAN_POINT('',(4.98805648196699,73.9261309987983,54.1177453370757));
#7798=CARTESIAN_POINT('Ctrl Pts',(4.12686950076582,75.0154102175789,59.5692374480641));
#7799=CARTESIAN_POINT('Ctrl Pts',(4.12686950076582,76.2775197033139,54.7311510860798));
#7800=CARTESIAN_POINT('Ctrl Pts',(4.22561630746721,74.6327124626351,59.4694032511222));
#7801=CARTESIAN_POINT('Ctrl Pts',(4.22561630746721,75.8948219483701,54.631316889138));
#7802=CARTESIAN_POINT('Ctrl Pts',(4.43468265986111,73.8224662747517,59.25803468037));
#7803=CARTESIAN_POINT('Ctrl Pts',(4.43468265986111,75.0845757604867,54.4199483183858));
#7804=CARTESIAN_POINT('Ctrl Pts',(4.79691482850447,73.0641615962199,59.0602160685791));
#7805=CARTESIAN_POINT('Ctrl Pts',(4.79691482850447,74.3262710819549,54.2221297065949));
#7806=CARTESIAN_POINT('Ctrl Pts',(4.98805648196699,72.6640215130632,58.95583169906));
#7807=CARTESIAN_POINT('Ctrl Pts',(4.98805648196699,73.9261309987983,54.1177453370758));
#7808=CARTESIAN_POINT('',(4.12686950076582,75.0154102175789,59.5692374480641));
#7809=CARTESIAN_POINT('Ctrl Pts',(4.12686950076582,75.0154102175789,59.5692374480641));
#7810=CARTESIAN_POINT('Ctrl Pts',(4.22561630746721,74.6327124626351,59.4694032511222));
#7811=CARTESIAN_POINT('Ctrl Pts',(4.43468265986111,73.8224662747517,59.25803468037));
#7812=CARTESIAN_POINT('Ctrl Pts',(4.79691482850447,73.0641615962199,59.0602160685791));
#7813=CARTESIAN_POINT('Ctrl Pts',(4.98805648196699,72.6640215130632,58.95583169906));
#7814=CARTESIAN_POINT('',(4.12686950076582,76.2775197033139,54.7311510860798));
#7815=CARTESIAN_POINT('',(4.12686950076582,75.0154102175789,59.5692374480641));
#7816=CARTESIAN_POINT('Ctrl Pts',(4.12686950076582,76.2775197033139,54.7311510860798));
#7817=CARTESIAN_POINT('Ctrl Pts',(4.22561630746721,75.8948219483701,54.6313168891379));
#7818=CARTESIAN_POINT('Ctrl Pts',(4.43468265986111,75.0845757604867,54.4199483183858));
#7819=CARTESIAN_POINT('Ctrl Pts',(4.79691482850447,74.3262710819549,54.2221297065949));
#7820=CARTESIAN_POINT('Ctrl Pts',(4.98805648196699,73.9261309987983,54.1177453370757));
#7821=CARTESIAN_POINT('Ctrl Pts',(3.89665252078535,78.4228625530756,60.4581380573241));
#7822=CARTESIAN_POINT('Ctrl Pts',(3.89665252078535,79.6849720388106,55.6200516953399));
#7823=CARTESIAN_POINT('Ctrl Pts',(3.89741141954437,77.7525773620948,60.2832810509812));
#7824=CARTESIAN_POINT('Ctrl Pts',(3.89741141954437,79.0146868478298,55.445194688997));
#7825=CARTESIAN_POINT('Ctrl Pts',(3.89870345944087,76.6114037885676,59.9855835970176));
#7826=CARTESIAN_POINT('Ctrl Pts',(3.89870345944087,77.8735132743026,55.1474972350334));
#7827=CARTESIAN_POINT('Ctrl Pts',(4.06022148035524,75.481604974155,59.6908534715187));
#7828=CARTESIAN_POINT('Ctrl Pts',(4.06022148035524,76.74371445989,54.8527671095345));
#7829=CARTESIAN_POINT('Ctrl Pts',(4.12686950076582,75.0154102175789,59.5692374480641));
#7830=CARTESIAN_POINT('Ctrl Pts',(4.12686950076582,76.2775197033139,54.7311510860798));
#7831=CARTESIAN_POINT('',(3.89665252078535,78.4228625530756,60.4581380573241));
#7832=CARTESIAN_POINT('Ctrl Pts',(3.89665252078535,78.4228625530756,60.4581380573241));
#7833=CARTESIAN_POINT('Ctrl Pts',(3.89741141954437,77.7525773620948,60.2832810509812));
#7834=CARTESIAN_POINT('Ctrl Pts',(3.89870345944087,76.6114037885676,59.9855835970176));
#7835=CARTESIAN_POINT('Ctrl Pts',(4.06022148035524,75.481604974155,59.6908534715187));
#7836=CARTESIAN_POINT('Ctrl Pts',(4.12686950076582,75.0154102175789,59.5692374480641));
#7837=CARTESIAN_POINT('',(3.89665252078535,79.6849720388106,55.6200516953399));
#7838=CARTESIAN_POINT('',(3.89665252078535,78.4228625530756,60.4581380573241));
#7839=CARTESIAN_POINT('Ctrl Pts',(3.89665252078535,79.6849720388106,55.6200516953398));
#7840=CARTESIAN_POINT('Ctrl Pts',(3.89741141954437,79.0146868478298,55.445194688997));
#7841=CARTESIAN_POINT('Ctrl Pts',(3.89870345944087,77.8735132743026,55.1474972350334));
#7842=CARTESIAN_POINT('Ctrl Pts',(4.06022148035524,76.74371445989,54.8527671095345));
#7843=CARTESIAN_POINT('Ctrl Pts',(4.12686950076582,76.2775197033139,54.7311510860798));
#7844=CARTESIAN_POINT('Origin',(3.94781237948896,83.8351826060326,61.8700476363563));
#7845=CARTESIAN_POINT('',(3.94781237948896,83.8351826060326,61.8700476363563));
#7846=CARTESIAN_POINT('',(4.09492738267914,99.3988198410346,65.9301269150525));
#7847=CARTESIAN_POINT('',(3.94781237948896,85.0972920917677,57.0319612743721));
#7848=CARTESIAN_POINT('',(3.94781237948896,83.8351826060326,61.8700476363563));
#7849=CARTESIAN_POINT('',(3.94781237948896,85.0972920917677,57.0319612743721));
#7850=CARTESIAN_POINT('Ctrl Pts',(3.30831652987959,87.9851789250853,62.9526553717614));
#7851=CARTESIAN_POINT('Ctrl Pts',(3.30831652987959,89.2472884108203,58.1145690097772));
#7852=CARTESIAN_POINT('Ctrl Pts',(3.49290499309919,87.4550958512564,62.8143728307625));
#7853=CARTESIAN_POINT('Ctrl Pts',(3.49290499309919,88.7172053369914,57.9762864687783));
#7854=CARTESIAN_POINT('Ctrl Pts',(3.95982835261316,86.1142310683948,62.4645820178421));
#7855=CARTESIAN_POINT('Ctrl Pts',(3.95982835261316,87.3763405541298,57.6264956558579));
#7856=CARTESIAN_POINT('Ctrl Pts',(3.95234022886479,84.6939718236125,62.0940796061598));
#7857=CARTESIAN_POINT('Ctrl Pts',(3.95234022886479,85.9560813093475,57.2559932441756));
#7858=CARTESIAN_POINT('Ctrl Pts',(3.94781237948896,83.8351826060326,61.8700476363563));
#7859=CARTESIAN_POINT('Ctrl Pts',(3.94781237948896,85.0972920917677,57.0319612743721));
#7860=CARTESIAN_POINT('',(3.30831652987959,87.9851789250853,62.9526553717614));
#7861=CARTESIAN_POINT('Ctrl Pts',(3.30831652987959,87.9851789250853,62.9526553717614));
#7862=CARTESIAN_POINT('Ctrl Pts',(3.49290499309919,87.4550958512564,62.8143728307625));
#7863=CARTESIAN_POINT('Ctrl Pts',(3.95982835261316,86.1142310683948,62.4645820178421));
#7864=CARTESIAN_POINT('Ctrl Pts',(3.95234022886479,84.6939718236125,62.0940796061598));
#7865=CARTESIAN_POINT('Ctrl Pts',(3.94781237948896,83.8351826060326,61.8700476363563));
#7866=CARTESIAN_POINT('',(3.30831652987959,89.2472884108203,58.1145690097772));
#7867=CARTESIAN_POINT('',(3.30831652987959,87.9851789250853,62.9526553717614));
#7868=CARTESIAN_POINT('Ctrl Pts',(3.30831652987959,89.2472884108203,58.1145690097772));
#7869=CARTESIAN_POINT('Ctrl Pts',(3.49290499309919,88.7172053369914,57.9762864687783));
#7870=CARTESIAN_POINT('Ctrl Pts',(3.95982835261316,87.3763405541298,57.6264956558579));
#7871=CARTESIAN_POINT('Ctrl Pts',(3.95234022886479,85.9560813093475,57.2559932441756));
#7872=CARTESIAN_POINT('Ctrl Pts',(3.94781237948896,85.0972920917677,57.0319612743721));
#7873=CARTESIAN_POINT('Ctrl Pts',(1.09992629397872,89.8497892188827,63.4390754484042));
#7874=CARTESIAN_POINT('Ctrl Pts',(1.09992629397872,91.1118987046177,58.60098908642));
#7875=CARTESIAN_POINT('Ctrl Pts',(1.5749025132963,89.6039552433422,63.3749448460893));
#7876=CARTESIAN_POINT('Ctrl Pts',(1.5749025132963,90.8660647290773,58.5368584841051));
#7877=CARTESIAN_POINT('Ctrl Pts',(2.46123076136553,89.145217336064,63.2552740876689));
#7878=CARTESIAN_POINT('Ctrl Pts',(2.46123076136553,90.407326821799,58.4171877256847));
#7879=CARTESIAN_POINT('Ctrl Pts',(3.03979857855605,88.3528998208324,63.0485825619563));
#7880=CARTESIAN_POINT('Ctrl Pts',(3.03979857855605,89.6150093065674,58.2104961999721));
#7881=CARTESIAN_POINT('Ctrl Pts',(3.30831652987959,87.9851789250853,62.9526553717614));
#7882=CARTESIAN_POINT('Ctrl Pts',(3.30831652987959,89.2472884108203,58.1145690097772));
#7883=CARTESIAN_POINT('',(1.09992629397872,89.8497892188827,63.4390754484042));
#7884=CARTESIAN_POINT('Ctrl Pts',(1.09992629397872,89.8497892188827,63.4390754484042));
#7885=CARTESIAN_POINT('Ctrl Pts',(1.5749025132963,89.6039552433422,63.3749448460893));
#7886=CARTESIAN_POINT('Ctrl Pts',(2.46123076136553,89.145217336064,63.2552740876689));
#7887=CARTESIAN_POINT('Ctrl Pts',(3.03979857855605,88.3528998208324,63.0485825619563));
#7888=CARTESIAN_POINT('Ctrl Pts',(3.30831652987959,87.9851789250853,62.9526553717614));
#7889=CARTESIAN_POINT('',(1.09992629397872,91.1118987046177,58.60098908642));
#7890=CARTESIAN_POINT('',(1.09992629397872,89.8497892188827,63.4390754484042));
#7891=CARTESIAN_POINT('Ctrl Pts',(1.09992629397872,91.1118987046177,58.60098908642));
#7892=CARTESIAN_POINT('Ctrl Pts',(1.5749025132963,90.8660647290773,58.5368584841051));
#7893=CARTESIAN_POINT('Ctrl Pts',(2.46123076136553,90.407326821799,58.4171877256847));
#7894=CARTESIAN_POINT('Ctrl Pts',(3.03979857855605,89.6150093065674,58.210496199972));
#7895=CARTESIAN_POINT('Ctrl Pts',(3.30831652987959,89.2472884108203,58.1145690097772));
#7896=CARTESIAN_POINT('Ctrl Pts',(-3.67496842037676,90.5840822907862,63.6306301628138));
#7897=CARTESIAN_POINT('Ctrl Pts',(-3.67496842037676,91.8461917765213,58.7925438008296));
#7898=CARTESIAN_POINT('Ctrl Pts',(-2.73284199971078,90.5773214141921,63.6288664558762));
#7899=CARTESIAN_POINT('Ctrl Pts',(-2.73284199971078,91.8394308999271,58.790780093892));
#7900=CARTESIAN_POINT('Ctrl Pts',(-1.09889135595131,90.5655958767047,63.6258076200099));
#7901=CARTESIAN_POINT('Ctrl Pts',(-1.09889135595131,91.8277053624398,58.7877212580257));
#7902=CARTESIAN_POINT('Ctrl Pts',(0.445866722664547,90.0627128307037,63.4946207384445));
#7903=CARTESIAN_POINT('Ctrl Pts',(0.445866722664547,91.3248223164387,58.6565343764602));
#7904=CARTESIAN_POINT('Ctrl Pts',(1.09992629397872,89.8497892188827,63.4390754484042));
#7905=CARTESIAN_POINT('Ctrl Pts',(1.09992629397872,91.1118987046177,58.60098908642));
#7906=CARTESIAN_POINT('',(-3.67496842037676,90.5840822907862,63.6306301628138));
#7907=CARTESIAN_POINT('Ctrl Pts',(-3.67496842037676,90.5840822907862,63.6306301628138));
#7908=CARTESIAN_POINT('Ctrl Pts',(-2.73284199971078,90.5773214141921,63.6288664558762));
#7909=CARTESIAN_POINT('Ctrl Pts',(-1.09889135595131,90.5655958767047,63.6258076200099));
#7910=CARTESIAN_POINT('Ctrl Pts',(0.445866722664547,90.0627128307037,63.4946207384445));
#7911=CARTESIAN_POINT('Ctrl Pts',(1.09992629397872,89.8497892188827,63.4390754484042));
#7912=CARTESIAN_POINT('',(-3.67496842037676,91.8461917765213,58.7925438008296));
#7913=CARTESIAN_POINT('',(-3.67496842037676,90.5840822907862,63.6306301628138));
#7914=CARTESIAN_POINT('Ctrl Pts',(-3.67496842037676,91.8461917765213,58.7925438008296));
#7915=CARTESIAN_POINT('Ctrl Pts',(-2.73284199971078,91.8394308999271,58.790780093892));
#7916=CARTESIAN_POINT('Ctrl Pts',(-1.09889135595131,91.8277053624398,58.7877212580257));
#7917=CARTESIAN_POINT('Ctrl Pts',(0.445866722664547,91.3248223164387,58.6565343764602));
#7918=CARTESIAN_POINT('Ctrl Pts',(1.09992629397872,91.1118987046177,58.60098908642));
#7919=CARTESIAN_POINT('Ctrl Pts',(-8.99556988369463,89.3630096546748,63.3120894751326));
#7920=CARTESIAN_POINT('Ctrl Pts',(-8.99556988369463,90.6251191404098,58.4740031131483));
#7921=CARTESIAN_POINT('Ctrl Pts',(-8.2669078994447,89.7177363928159,63.4046268850824));
#7922=CARTESIAN_POINT('Ctrl Pts',(-8.2669078994447,90.9798458785509,58.5665405230982));
#7923=CARTESIAN_POINT('Ctrl Pts',(-6.60082155645777,90.528819428138,63.6162137638621));
#7924=CARTESIAN_POINT('Ctrl Pts',(-6.60082155645777,91.790928913873,58.7781274018779));
#7925=CARTESIAN_POINT('Ctrl Pts',(-4.72845592785396,90.5641842532841,63.625439370422));
#7926=CARTESIAN_POINT('Ctrl Pts',(-4.72845592785396,91.8262937390191,58.7873530084377));
#7927=CARTESIAN_POINT('Ctrl Pts',(-3.67496842037676,90.5840822907862,63.6306301628138));
#7928=CARTESIAN_POINT('Ctrl Pts',(-3.67496842037676,91.8461917765213,58.7925438008296));
#7929=CARTESIAN_POINT('',(-8.99556988369463,89.3630096546748,63.3120894751326));
#7930=CARTESIAN_POINT('Ctrl Pts',(-8.99556988369463,89.3630096546748,63.3120894751326));
#7931=CARTESIAN_POINT('Ctrl Pts',(-8.2669078994447,89.7177363928159,63.4046268850824));
#7932=CARTESIAN_POINT('Ctrl Pts',(-6.60082155645777,90.528819428138,63.6162137638621));
#7933=CARTESIAN_POINT('Ctrl Pts',(-4.72845592785396,90.5641842532841,63.625439370422));
#7934=CARTESIAN_POINT('Ctrl Pts',(-3.67496842037676,90.5840822907862,63.6306301628138));
#7935=CARTESIAN_POINT('',(-8.99556988369463,90.6251191404098,58.4740031131483));
#7936=CARTESIAN_POINT('',(-8.99556988369463,89.3630096546748,63.3120894751326));
#7937=CARTESIAN_POINT('Ctrl Pts',(-8.99556988369463,90.6251191404098,58.4740031131483));
#7938=CARTESIAN_POINT('Ctrl Pts',(-8.2669078994447,90.9798458785509,58.5665405230982));
#7939=CARTESIAN_POINT('Ctrl Pts',(-6.60082155645777,91.790928913873,58.7781274018779));
#7940=CARTESIAN_POINT('Ctrl Pts',(-4.72845592785396,91.8262937390191,58.7873530084377));
#7941=CARTESIAN_POINT('Ctrl Pts',(-3.67496842037676,91.8461917765213,58.7925438008296));
#7942=CARTESIAN_POINT('Ctrl Pts',(-11.5194451202059,85.6007877274497,62.330640276726));
#7943=CARTESIAN_POINT('Ctrl Pts',(-11.5194451202059,86.8628972131847,57.4925539147418));
#7944=CARTESIAN_POINT('Ctrl Pts',(-11.2506291822255,86.3787814273932,62.5335951549721));
#7945=CARTESIAN_POINT('Ctrl Pts',(-11.2506291822255,87.6408909131282,57.6955087929879));
#7946=CARTESIAN_POINT('Ctrl Pts',(-10.7431858443185,87.8473986639153,62.9167126949344));
#7947=CARTESIAN_POINT('Ctrl Pts',(-10.7431858443185,89.1095081496503,58.0786263329502));
#7948=CARTESIAN_POINT('Ctrl Pts',(-9.55453705879764,88.8782482350334,63.1856299743566));
#7949=CARTESIAN_POINT('Ctrl Pts',(-9.55453705879764,90.1403577207684,58.3475436123723));
#7950=CARTESIAN_POINT('Ctrl Pts',(-8.99556988369463,89.3630096546748,63.3120894751326));
#7951=CARTESIAN_POINT('Ctrl Pts',(-8.99556988369463,90.6251191404098,58.4740031131483));
#7952=CARTESIAN_POINT('',(-11.5194451202059,85.6007877274497,62.330640276726));
#7953=CARTESIAN_POINT('Ctrl Pts',(-11.5194451202059,85.6007877274497,62.330640276726));
#7954=CARTESIAN_POINT('Ctrl Pts',(-11.2506291822255,86.3787814273932,62.5335951549721));
#7955=CARTESIAN_POINT('Ctrl Pts',(-10.7431858443185,87.8473986639153,62.9167126949344));
#7956=CARTESIAN_POINT('Ctrl Pts',(-9.55453705879764,88.8782482350334,63.1856299743566));
#7957=CARTESIAN_POINT('Ctrl Pts',(-8.99556988369463,89.3630096546748,63.3120894751326));
#7958=CARTESIAN_POINT('',(-11.5194451202059,86.8628972131847,57.4925539147418));
#7959=CARTESIAN_POINT('',(-11.5194451202059,85.6007877274497,62.330640276726));
#7960=CARTESIAN_POINT('Ctrl Pts',(-11.5194451202059,86.8628972131847,57.4925539147418));
#7961=CARTESIAN_POINT('Ctrl Pts',(-11.2506291822255,87.6408909131282,57.6955087929879));
#7962=CARTESIAN_POINT('Ctrl Pts',(-10.7431858443185,89.1095081496503,58.0786263329502));
#7963=CARTESIAN_POINT('Ctrl Pts',(-9.55453705879764,90.1403577207684,58.3475436123723));
#7964=CARTESIAN_POINT('Ctrl Pts',(-8.99556988369463,90.6251191404098,58.4740031131483));
#7965=CARTESIAN_POINT('Origin',(-7.17087620388506,84.841741920589,62.1326283271102));
#7966=CARTESIAN_POINT('',(-7.17087620388506,84.841741920589,62.1326283271102));
#7967=CARTESIAN_POINT('',(-6.421032062534,84.7108560907346,62.0984841975829));
#7968=CARTESIAN_POINT('',(-7.17087620388506,86.103851406324,57.294541965126));
#7969=CARTESIAN_POINT('',(-7.17087620388506,84.841741920589,62.1326283271102));
#7970=CARTESIAN_POINT('',(-7.17087620388506,86.103851406324,57.294541965126));
#7971=CARTESIAN_POINT('Ctrl Pts',(-6.01126068722246,86.5495929674187,62.5781546871527));
#7972=CARTESIAN_POINT('Ctrl Pts',(-6.01126068722246,87.8117024531537,57.7400683251685));
#7973=CARTESIAN_POINT('Ctrl Pts',(-6.24499140924858,86.3378400017028,62.5229147830529));
#7974=CARTESIAN_POINT('Ctrl Pts',(-6.24499140924858,87.5999494874378,57.6848284210687));
#7975=CARTESIAN_POINT('Ctrl Pts',(-6.77143732195085,85.860895925471,62.3984945892533));
#7976=CARTESIAN_POINT('Ctrl Pts',(-6.77143732195085,87.123005411206,57.5604082272691));
#7977=CARTESIAN_POINT('Ctrl Pts',(-7.0281425853006,85.2059216376642,62.2276317315646));
#7978=CARTESIAN_POINT('Ctrl Pts',(-7.0281425853006,86.4680311233992,57.3895453695804));
#7979=CARTESIAN_POINT('Ctrl Pts',(-7.17087620388506,84.841741920589,62.1326283271102));
#7980=CARTESIAN_POINT('Ctrl Pts',(-7.17087620388506,86.103851406324,57.294541965126));
#7981=CARTESIAN_POINT('Ctrl Pts',(-6.01126068722246,86.5495929674187,62.5781546871527));
#7982=CARTESIAN_POINT('Ctrl Pts',(-6.24499140924858,86.3378400017028,62.5229147830529));
#7983=CARTESIAN_POINT('Ctrl Pts',(-6.77143732195085,85.860895925471,62.3984945892533));
#7984=CARTESIAN_POINT('Ctrl Pts',(-7.0281425853006,85.2059216376642,62.2276317315646));
#7985=CARTESIAN_POINT('Ctrl Pts',(-7.17087620388506,84.841741920589,62.1326283271102));
#7986=CARTESIAN_POINT('Ctrl Pts',(-6.01126068722246,87.8117024531537,57.7400683251685));
#7987=CARTESIAN_POINT('Ctrl Pts',(-6.24499140924858,87.5999494874378,57.6848284210687));
#7988=CARTESIAN_POINT('Ctrl Pts',(-6.77143732195085,87.123005411206,57.5604082272691));
#7989=CARTESIAN_POINT('Ctrl Pts',(-7.0281425853006,86.4680311233992,57.3895453695804));
#7990=CARTESIAN_POINT('Ctrl Pts',(-7.17087620388506,86.103851406324,57.294541965126));
#7991=CARTESIAN_POINT('Origin',(-0.0511645663881133,66.9379675645117,52.2947461803053));
#7992=CARTESIAN_POINT('Ctrl Pts',(37.7302039276457,90.5840822907862,63.6306301628138));
#7993=CARTESIAN_POINT('Ctrl Pts',(37.7302039276457,91.8461917765213,58.7925438008296));
#7994=CARTESIAN_POINT('Ctrl Pts',(38.7433621962979,90.5485569413491,63.621362680352));
#7995=CARTESIAN_POINT('Ctrl Pts',(38.7433621962979,91.8106664270841,58.7832763183677));
#7996=CARTESIAN_POINT('Ctrl Pts',(40.6130004481157,90.4830000049139,63.6042608708471));
#7997=CARTESIAN_POINT('Ctrl Pts',(40.6130004481157,91.745109490649,58.7661745088629));
#7998=CARTESIAN_POINT('Ctrl Pts',(42.2439725143656,89.6073740491874,63.3758367084837));
#7999=CARTESIAN_POINT('Ctrl Pts',(42.2439725143656,90.8694835349224,58.5377503464994));
#8000=CARTESIAN_POINT('Ctrl Pts',(42.9911196838713,89.2062504077071,63.2711957585323));
#8001=CARTESIAN_POINT('Ctrl Pts',(42.9911196838713,90.4683598934421,58.4331093965481));
#8002=CARTESIAN_POINT('',(37.7302039276457,90.5840822907862,63.6306301628138));
#8003=CARTESIAN_POINT('',(42.9911196838713,89.2062504077071,63.2711957585323));
#8004=CARTESIAN_POINT('Ctrl Pts',(37.7302039276457,90.5840822907862,63.6306301628138));
#8005=CARTESIAN_POINT('Ctrl Pts',(38.7433621962979,90.5485569413491,63.621362680352));
#8006=CARTESIAN_POINT('Ctrl Pts',(40.6130004481157,90.4830000049139,63.6042608708471));
#8007=CARTESIAN_POINT('Ctrl Pts',(42.2439725143656,89.6073740491874,63.3758367084837));
#8008=CARTESIAN_POINT('Ctrl Pts',(42.9911196838713,89.2062504077071,63.2711957585323));
#8009=CARTESIAN_POINT('',(37.7302039276457,91.8461917765213,58.7925438008296));
#8010=CARTESIAN_POINT('',(37.7302039276457,90.5840822907862,63.6306301628138));
#8011=CARTESIAN_POINT('',(42.9911196838713,90.4683598934421,58.4331093965481));
#8012=CARTESIAN_POINT('Ctrl Pts',(37.7302039276457,91.8461917765213,58.7925438008296));
#8013=CARTESIAN_POINT('Ctrl Pts',(38.7433621962979,91.8106664270841,58.7832763183677));
#8014=CARTESIAN_POINT('Ctrl Pts',(40.6130004481157,91.745109490649,58.7661745088629));
#8015=CARTESIAN_POINT('Ctrl Pts',(42.2439725143656,90.8694835349224,58.5377503464994));
#8016=CARTESIAN_POINT('Ctrl Pts',(42.9911196838713,90.4683598934421,58.4331093965481));
#8017=CARTESIAN_POINT('',(42.9911196838713,89.2062504077071,63.2711957585323));
#8018=CARTESIAN_POINT('Ctrl Pts',(31.3182032715178,88.1666886000308,63.0000057217472));
#8019=CARTESIAN_POINT('Ctrl Pts',(31.3182032715178,89.4287980857658,58.161919359763));
#8020=CARTESIAN_POINT('Ctrl Pts',(32.2060458287877,88.8713685622905,63.1838352771192));
#8021=CARTESIAN_POINT('Ctrl Pts',(32.2060458287877,90.1334780480255,58.345748915135));
#8022=CARTESIAN_POINT('Ctrl Pts',(34.0657579287813,90.347420641239,63.5688923411928));
#8023=CARTESIAN_POINT('Ctrl Pts',(34.0657579287813,91.609530126974,58.7308059792086));
#8024=CARTESIAN_POINT('Ctrl Pts',(36.4724745358722,90.5028541016866,63.60944020044));
#8025=CARTESIAN_POINT('Ctrl Pts',(36.4724745358722,91.7649635874216,58.7713538384558));
#8026=CARTESIAN_POINT('Ctrl Pts',(37.7302039276457,90.5840822907862,63.6306301628138));
#8027=CARTESIAN_POINT('Ctrl Pts',(37.7302039276457,91.8461917765213,58.7925438008296));
#8028=CARTESIAN_POINT('',(31.3182032715178,88.1666886000308,63.0000057217472));
#8029=CARTESIAN_POINT('Ctrl Pts',(31.3182032715178,88.1666886000308,63.0000057217472));
#8030=CARTESIAN_POINT('Ctrl Pts',(32.2060458287877,88.8713685622905,63.1838352771192));
#8031=CARTESIAN_POINT('Ctrl Pts',(34.0657579287813,90.347420641239,63.5688923411928));
#8032=CARTESIAN_POINT('Ctrl Pts',(36.4724745358722,90.5028541016866,63.60944020044));
#8033=CARTESIAN_POINT('Ctrl Pts',(37.7302039276457,90.5840822907862,63.6306301628138));
#8034=CARTESIAN_POINT('',(31.3182032715178,89.4287980857658,58.161919359763));
#8035=CARTESIAN_POINT('',(31.3182032715178,88.1666886000308,63.0000057217472));
#8036=CARTESIAN_POINT('Ctrl Pts',(31.3182032715178,89.4287980857658,58.161919359763));
#8037=CARTESIAN_POINT('Ctrl Pts',(32.2060458287877,90.1334780480255,58.345748915135));
#8038=CARTESIAN_POINT('Ctrl Pts',(34.0657579287813,91.609530126974,58.7308059792086));
#8039=CARTESIAN_POINT('Ctrl Pts',(36.4724745358722,91.7649635874216,58.7713538384558));
#8040=CARTESIAN_POINT('Ctrl Pts',(37.7302039276457,91.8461917765213,58.7925438008296));
#8041=CARTESIAN_POINT('Ctrl Pts',(28.9478076111174,81.4095380036248,61.2372707835543));
#8042=CARTESIAN_POINT('Ctrl Pts',(28.9478076111174,82.6716474893598,56.3991844215701));
#8043=CARTESIAN_POINT('Ctrl Pts',(29.01428580144,82.7410131334176,61.5846121217611));
#8044=CARTESIAN_POINT('Ctrl Pts',(29.01428580144,84.0031226191526,56.7465257597769));
#8045=CARTESIAN_POINT('Ctrl Pts',(29.1381868710652,85.222596822145,62.23198177969));
#8046=CARTESIAN_POINT('Ctrl Pts',(29.1381868710652,86.48470630788,57.3938954177058));
#8047=CARTESIAN_POINT('Ctrl Pts',(30.6278211163689,87.234333950703,62.7567827697486));
#8048=CARTESIAN_POINT('Ctrl Pts',(30.6278211163689,88.496443436438,57.9186964077644));
#8049=CARTESIAN_POINT('Ctrl Pts',(31.3182032715178,88.1666886000308,63.0000057217472));
#8050=CARTESIAN_POINT('Ctrl Pts',(31.3182032715178,89.4287980857658,58.161919359763));
#8051=CARTESIAN_POINT('',(28.9478076111174,81.4095380036248,61.2372707835543));
#8052=CARTESIAN_POINT('Ctrl Pts',(28.9478076111174,81.4095380036248,61.2372707835543));
#8053=CARTESIAN_POINT('Ctrl Pts',(29.01428580144,82.7410131334176,61.5846121217611));
#8054=CARTESIAN_POINT('Ctrl Pts',(29.1381868710652,85.222596822145,62.23198177969));
#8055=CARTESIAN_POINT('Ctrl Pts',(30.6278211163689,87.234333950703,62.7567827697486));
#8056=CARTESIAN_POINT('Ctrl Pts',(31.3182032715178,88.1666886000308,63.0000057217472));
#8057=CARTESIAN_POINT('',(28.9478076111174,82.6716474893598,56.3991844215701));
#8058=CARTESIAN_POINT('',(28.9478076111174,81.4095380036248,61.2372707835543));
#8059=CARTESIAN_POINT('Ctrl Pts',(28.9478076111174,82.6716474893598,56.3991844215701));
#8060=CARTESIAN_POINT('Ctrl Pts',(29.01428580144,84.0031226191526,56.7465257597769));
#8061=CARTESIAN_POINT('Ctrl Pts',(29.1381868710652,86.48470630788,57.3938954177058));
#8062=CARTESIAN_POINT('Ctrl Pts',(30.6278211163689,88.496443436438,57.9186964077644));
#8063=CARTESIAN_POINT('Ctrl Pts',(31.3182032715178,89.4287980857658,58.161919359763));
#8064=CARTESIAN_POINT('Ctrl Pts',(31.3096774231291,74.6936419654808,59.4852979040385));
#8065=CARTESIAN_POINT('Ctrl Pts',(31.3096774231291,75.9557514512158,54.6472115420542));
#8066=CARTESIAN_POINT('Ctrl Pts',(30.621696502679,75.6240183703215,59.7280047922578));
#8067=CARTESIAN_POINT('Ctrl Pts',(30.621696502679,76.8861278560565,54.8899184302736));
#8068=CARTESIAN_POINT('Ctrl Pts',(29.1423952978795,77.6245199768157,60.2498747765606));
#8069=CARTESIAN_POINT('Ctrl Pts',(29.1423952978795,78.8866294625507,55.4117884145764));
#8070=CARTESIAN_POINT('Ctrl Pts',(29.0156221651306,80.0904447264953,60.8931594938683));
#8071=CARTESIAN_POINT('Ctrl Pts',(29.0156221651306,81.3525542122303,56.0550731318841));
#8072=CARTESIAN_POINT('Ctrl Pts',(28.9478076111174,81.4095380036248,61.2372707835543));
#8073=CARTESIAN_POINT('Ctrl Pts',(28.9478076111174,82.6716474893598,56.3991844215701));
#8074=CARTESIAN_POINT('',(31.3096774231291,74.6936419654808,59.4852979040385));
#8075=CARTESIAN_POINT('Ctrl Pts',(31.3096774231291,74.6936419654808,59.4852979040385));
#8076=CARTESIAN_POINT('Ctrl Pts',(30.621696502679,75.6240183703215,59.7280047922578));
#8077=CARTESIAN_POINT('Ctrl Pts',(29.1423952978795,77.6245199768157,60.2498747765606));
#8078=CARTESIAN_POINT('Ctrl Pts',(29.0156221651306,80.0904447264953,60.8931594938683));
#8079=CARTESIAN_POINT('Ctrl Pts',(28.9478076111174,81.4095380036248,61.2372707835543));
#8080=CARTESIAN_POINT('',(31.3096774231291,75.9557514512158,54.6472115420542));
#8081=CARTESIAN_POINT('',(31.3096774231291,74.6936419654808,59.4852979040385));
#8082=CARTESIAN_POINT('Ctrl Pts',(31.3096774231291,75.9557514512158,54.6472115420542));
#8083=CARTESIAN_POINT('Ctrl Pts',(30.621696502679,76.8861278560565,54.8899184302735));
#8084=CARTESIAN_POINT('Ctrl Pts',(29.1423952978795,78.8866294625507,55.4117884145764));
#8085=CARTESIAN_POINT('Ctrl Pts',(29.0156221651306,81.3525542122303,56.0550731318841));
#8086=CARTESIAN_POINT('Ctrl Pts',(28.9478076111174,82.6716474893598,56.3991844215701));
#8087=CARTESIAN_POINT('Ctrl Pts',(37.644945443759,72.2679985165626,58.8525213521468));
#8088=CARTESIAN_POINT('Ctrl Pts',(37.644945443759,73.5301080022976,54.0144349901626));
#8089=CARTESIAN_POINT('Ctrl Pts',(36.4051039928576,72.3516948116522,58.8743551682571));
#8090=CARTESIAN_POINT('Ctrl Pts',(36.4051039928576,73.6138042973872,54.0362688062729));
#8091=CARTESIAN_POINT('Ctrl Pts',(34.0217493002245,72.5125847040758,58.9163264445415));
#8092=CARTESIAN_POINT('Ctrl Pts',(34.0217493002245,73.7746941898108,54.0782400825573));
#8093=CARTESIAN_POINT('Ctrl Pts',(32.1890100666253,73.9864797167642,59.3008207956776));
#8094=CARTESIAN_POINT('Ctrl Pts',(32.1890100666253,75.2485892024992,54.4627344336934));
#8095=CARTESIAN_POINT('Ctrl Pts',(31.3096774231291,74.6936419654808,59.4852979040385));
#8096=CARTESIAN_POINT('Ctrl Pts',(31.3096774231291,75.9557514512158,54.6472115420542));
#8097=CARTESIAN_POINT('',(37.644945443759,72.2679985165626,58.8525213521468));
#8098=CARTESIAN_POINT('Ctrl Pts',(37.644945443759,72.2679985165626,58.8525213521468));
#8099=CARTESIAN_POINT('Ctrl Pts',(36.4051039928576,72.3516948116522,58.8743551682571));
#8100=CARTESIAN_POINT('Ctrl Pts',(34.0217493002245,72.5125847040758,58.9163264445415));
#8101=CARTESIAN_POINT('Ctrl Pts',(32.1890100666253,73.9864797167642,59.3008207956776));
#8102=CARTESIAN_POINT('Ctrl Pts',(31.3096774231291,74.6936419654808,59.4852979040385));
#8103=CARTESIAN_POINT('',(37.644945443759,73.5301080022976,54.0144349901626));
#8104=CARTESIAN_POINT('',(37.644945443759,72.2679985165626,58.8525213521468));
#8105=CARTESIAN_POINT('Ctrl Pts',(37.644945443759,73.5301080022976,54.0144349901625));
#8106=CARTESIAN_POINT('Ctrl Pts',(36.4051039928576,73.6138042973872,54.0362688062729));
#8107=CARTESIAN_POINT('Ctrl Pts',(34.0217493002245,73.7746941898108,54.0782400825573));
#8108=CARTESIAN_POINT('Ctrl Pts',(32.1890100666253,75.2485892024992,54.4627344336934));
#8109=CARTESIAN_POINT('Ctrl Pts',(31.3096774231291,75.9557514512158,54.6472115420542));
#8110=CARTESIAN_POINT('Ctrl Pts',(43.2213366638517,73.8685923258699,59.2700675632704));
#8111=CARTESIAN_POINT('Ctrl Pts',(43.2213366638517,75.130701811605,54.4319812012862));
#8112=CARTESIAN_POINT('Ctrl Pts',(42.4310748183111,73.4024328800553,59.1484607513188));
#8113=CARTESIAN_POINT('Ctrl Pts',(42.4310748183111,74.6645423657903,54.3103743893346));
#8114=CARTESIAN_POINT('Ctrl Pts',(40.7241822421337,72.3955715443274,58.8858012724332));
#8115=CARTESIAN_POINT('Ctrl Pts',(40.7241822421337,73.6576810300624,54.047714910449));
#8116=CARTESIAN_POINT('Ctrl Pts',(38.720797550339,72.3125711557101,58.8641489971418));
#8117=CARTESIAN_POINT('Ctrl Pts',(38.720797550339,73.5746806414451,54.0260626351575));
#8118=CARTESIAN_POINT('Ctrl Pts',(37.644945443759,72.2679985165626,58.8525213521468));
#8119=CARTESIAN_POINT('Ctrl Pts',(37.644945443759,73.5301080022976,54.0144349901626));
#8120=CARTESIAN_POINT('',(43.2213366638517,73.8685923258699,59.2700675632704));
#8121=CARTESIAN_POINT('Ctrl Pts',(43.2213366638517,73.8685923258699,59.2700675632704));
#8122=CARTESIAN_POINT('Ctrl Pts',(42.4310748183111,73.4024328800553,59.1484607513188));
#8123=CARTESIAN_POINT('Ctrl Pts',(40.7241822421337,72.3955715443274,58.8858012724332));
#8124=CARTESIAN_POINT('Ctrl Pts',(38.720797550339,72.3125711557101,58.8641489971418));
#8125=CARTESIAN_POINT('Ctrl Pts',(37.644945443759,72.2679985165626,58.8525213521468));
#8126=CARTESIAN_POINT('',(43.2213366638517,75.1307018116049,54.4319812012862));
#8127=CARTESIAN_POINT('',(43.2213366638517,73.8685923258699,59.2700675632704));
#8128=CARTESIAN_POINT('Ctrl Pts',(43.2213366638517,75.130701811605,54.4319812012862));
#8129=CARTESIAN_POINT('Ctrl Pts',(42.4310748183111,74.6645423657903,54.3103743893346));
#8130=CARTESIAN_POINT('Ctrl Pts',(40.7241822421337,73.6576810300624,54.047714910449));
#8131=CARTESIAN_POINT('Ctrl Pts',(38.720797550339,73.5746806414451,54.0260626351575));
#8132=CARTESIAN_POINT('Ctrl Pts',(37.644945443759,73.5301080022976,54.0144349901625));
#8133=CARTESIAN_POINT('Ctrl Pts',(46.0351241241789,78.6043733815108,60.5054887082202));
#8134=CARTESIAN_POINT('Ctrl Pts',(46.0351241241789,79.8664828672458,55.667402346236));
#8135=CARTESIAN_POINT('Ctrl Pts',(45.7577942936278,77.6419598991027,60.2544243215051));
#8136=CARTESIAN_POINT('Ctrl Pts',(45.7577942936278,78.9040693848377,55.4163379595208));
#8137=CARTESIAN_POINT('Ctrl Pts',(45.2347651811211,75.8268999447946,59.7809304203812));
#8138=CARTESIAN_POINT('Ctrl Pts',(45.2347651811211,77.0890094305296,54.942844058397));
#8139=CARTESIAN_POINT('Ctrl Pts',(43.864864266742,74.4945023082305,59.433348428234));
#8140=CARTESIAN_POINT('Ctrl Pts',(43.864864266742,75.7566117939655,54.5952620662498));
#8141=CARTESIAN_POINT('Ctrl Pts',(43.2213366638517,73.8685923258699,59.2700675632704));
#8142=CARTESIAN_POINT('Ctrl Pts',(43.2213366638517,75.130701811605,54.4319812012862));
#8143=CARTESIAN_POINT('',(46.0351241241789,78.6043733815108,60.5054887082202));
#8144=CARTESIAN_POINT('Ctrl Pts',(46.0351241241789,78.6043733815108,60.5054887082202));
#8145=CARTESIAN_POINT('Ctrl Pts',(45.7577942936278,77.6419598991027,60.2544243215051));
#8146=CARTESIAN_POINT('Ctrl Pts',(45.2347651811211,75.8268999447946,59.7809304203812));
#8147=CARTESIAN_POINT('Ctrl Pts',(43.864864266742,74.4945023082305,59.433348428234));
#8148=CARTESIAN_POINT('Ctrl Pts',(43.2213366638517,73.8685923258699,59.2700675632704));
#8149=CARTESIAN_POINT('',(46.0351241241789,79.8664828672458,55.667402346236));
#8150=CARTESIAN_POINT('',(46.0351241241789,78.6043733815108,60.5054887082202));
#8151=CARTESIAN_POINT('Ctrl Pts',(46.0351241241789,79.8664828672458,55.667402346236));
#8152=CARTESIAN_POINT('Ctrl Pts',(45.7577942936278,78.9040693848377,55.4163379595208));
#8153=CARTESIAN_POINT('Ctrl Pts',(45.2347651811211,77.0890094305296,54.942844058397));
#8154=CARTESIAN_POINT('Ctrl Pts',(43.864864266742,75.7566117939655,54.5952620662498));
#8155=CARTESIAN_POINT('Ctrl Pts',(43.2213366638517,75.130701811605,54.4319812012862));
#8156=CARTESIAN_POINT('Origin',(41.3284361969328,79.379918704697,60.7078048794862));
#8157=CARTESIAN_POINT('',(41.3284361969328,79.379918704697,60.7078048794862));
#8158=CARTESIAN_POINT('',(18.2005296773205,83.1908235306872,61.7019539645271));
#8159=CARTESIAN_POINT('',(41.3284361969328,80.642028190432,55.869718517502));
#8160=CARTESIAN_POINT('',(41.3284361969328,79.379918704697,60.7078048794862));
#8161=CARTESIAN_POINT('',(41.3284361969328,80.642028190432,55.869718517502));
#8162=CARTESIAN_POINT('Ctrl Pts',(40.1005995880461,76.7975148553214,60.0341343100838));
#8163=CARTESIAN_POINT('Ctrl Pts',(40.1005995880461,78.0596243410564,55.1960479480996));
#8164=CARTESIAN_POINT('Ctrl Pts',(40.3745946593848,77.1252722591709,60.1196362415229));
#8165=CARTESIAN_POINT('Ctrl Pts',(40.3745946593848,78.387381744906,55.2815498795386));
#8166=CARTESIAN_POINT('Ctrl Pts',(41.0065848732813,77.8812693315013,60.3168528690873));
#8167=CARTESIAN_POINT('Ctrl Pts',(41.0065848732813,79.1433788172363,55.4787665071031));
#8168=CARTESIAN_POINT('Ctrl Pts',(41.2120494142983,78.8379822078553,60.5664301411797));
#8169=CARTESIAN_POINT('Ctrl Pts',(41.2120494142983,80.1000916935904,55.7283437791954));
#8170=CARTESIAN_POINT('Ctrl Pts',(41.3284361969328,79.379918704697,60.7078048794862));
#8171=CARTESIAN_POINT('Ctrl Pts',(41.3284361969328,80.642028190432,55.869718517502));
#8172=CARTESIAN_POINT('',(40.1005995880461,76.7975148553214,60.0341343100838));
#8173=CARTESIAN_POINT('Ctrl Pts',(40.1005995880461,76.7975148553214,60.0341343100838));
#8174=CARTESIAN_POINT('Ctrl Pts',(40.3745946593848,77.1252722591709,60.1196362415229));
#8175=CARTESIAN_POINT('Ctrl Pts',(41.0065848732813,77.8812693315013,60.3168528690873));
#8176=CARTESIAN_POINT('Ctrl Pts',(41.2120494142983,78.8379822078553,60.5664301411797));
#8177=CARTESIAN_POINT('Ctrl Pts',(41.3284361969328,79.379918704697,60.7078048794862));
#8178=CARTESIAN_POINT('',(40.1005995880461,78.0596243410564,55.1960479480996));
#8179=CARTESIAN_POINT('',(40.1005995880461,76.7975148553214,60.0341343100838));
#8180=CARTESIAN_POINT('Ctrl Pts',(40.1005995880461,78.0596243410564,55.1960479480996));
#8181=CARTESIAN_POINT('Ctrl Pts',(40.3745946593848,78.387381744906,55.2815498795386));
#8182=CARTESIAN_POINT('Ctrl Pts',(41.0065848732813,79.1433788172363,55.4787665071031));
#8183=CARTESIAN_POINT('Ctrl Pts',(41.2120494142983,80.1000916935904,55.7283437791954));
#8184=CARTESIAN_POINT('Ctrl Pts',(41.3284361969328,80.642028190432,55.869718517502));
#8185=CARTESIAN_POINT('Ctrl Pts',(37.8666365753508,76.0467222670924,59.8382753740241));
#8186=CARTESIAN_POINT('Ctrl Pts',(37.8666365753508,77.3088317528275,55.0001890120399));
#8187=CARTESIAN_POINT('Ctrl Pts',(38.2938401147639,76.072206678914,59.8449234814558));
#8188=CARTESIAN_POINT('Ctrl Pts',(38.2938401147639,77.334316164649,55.0068371194716));
#8189=CARTESIAN_POINT('Ctrl Pts',(39.1127176782363,76.12105602386,59.8576667888331));
#8190=CARTESIAN_POINT('Ctrl Pts',(39.1127176782363,77.3831655095951,55.0195804268488));
#8191=CARTESIAN_POINT('Ctrl Pts',(39.7809703488663,76.57864656804,59.9770382351409));
#8192=CARTESIAN_POINT('Ctrl Pts',(39.7809703488663,77.840756053775,55.1389518731566));
#8193=CARTESIAN_POINT('Ctrl Pts',(40.1005995880461,76.7975148553214,60.0341343100838));
#8194=CARTESIAN_POINT('Ctrl Pts',(40.1005995880461,78.0596243410564,55.1960479480996));
#8195=CARTESIAN_POINT('',(37.8666365753508,76.0467222670924,59.8382753740241));
#8196=CARTESIAN_POINT('Ctrl Pts',(37.8666365753508,76.0467222670924,59.8382753740241));
#8197=CARTESIAN_POINT('Ctrl Pts',(38.2938401147639,76.072206678914,59.8449234814558));
#8198=CARTESIAN_POINT('Ctrl Pts',(39.1127176782363,76.12105602386,59.8576667888331));
#8199=CARTESIAN_POINT('Ctrl Pts',(39.7809703488663,76.57864656804,59.9770382351409));
#8200=CARTESIAN_POINT('Ctrl Pts',(40.1005995880461,76.7975148553214,60.0341343100838));
#8201=CARTESIAN_POINT('',(37.8666365753508,77.3088317528275,55.0001890120399));
#8202=CARTESIAN_POINT('',(37.8666365753508,76.0467222670924,59.8382753740241));
#8203=CARTESIAN_POINT('Ctrl Pts',(37.8666365753508,77.3088317528275,55.0001890120399));
#8204=CARTESIAN_POINT('Ctrl Pts',(38.2938401147639,77.334316164649,55.0068371194716));
#8205=CARTESIAN_POINT('Ctrl Pts',(39.1127176782363,77.3831655095951,55.0195804268488));
#8206=CARTESIAN_POINT('Ctrl Pts',(39.7809703488663,77.840756053775,55.1389518731566));
#8207=CARTESIAN_POINT('Ctrl Pts',(40.1005995880461,78.0596243410564,55.1960479480996));
#8208=CARTESIAN_POINT('Ctrl Pts',(34.9590647827482,77.3337975824643,60.1740341519472));
#8209=CARTESIAN_POINT('Ctrl Pts',(34.9590647827482,78.5959070681994,55.335947789963));
#8210=CARTESIAN_POINT('Ctrl Pts',(35.3562165714593,76.9584342621243,60.0761132857716));
#8211=CARTESIAN_POINT('Ctrl Pts',(35.3562165714593,78.2205437478593,55.2380269237873));
#8212=CARTESIAN_POINT('Ctrl Pts',(36.1650347167794,76.1939893491002,59.8766928736783));
#8213=CARTESIAN_POINT('Ctrl Pts',(36.1650347167794,77.4560988348352,55.0386065116941));
#8214=CARTESIAN_POINT('Ctrl Pts',(37.2926905429267,76.0963950839146,59.8512335001516));
#8215=CARTESIAN_POINT('Ctrl Pts',(37.2926905429267,77.3585045696496,55.0131471381674));
#8216=CARTESIAN_POINT('Ctrl Pts',(37.8666365753508,76.0467222670924,59.8382753740241));
#8217=CARTESIAN_POINT('Ctrl Pts',(37.8666365753508,77.3088317528275,55.0001890120399));
#8218=CARTESIAN_POINT('',(34.9590647827482,77.3337975824643,60.1740341519472));
#8219=CARTESIAN_POINT('Ctrl Pts',(34.9590647827482,77.3337975824643,60.1740341519472));
#8220=CARTESIAN_POINT('Ctrl Pts',(35.3562165714593,76.9584342621243,60.0761132857716));
#8221=CARTESIAN_POINT('Ctrl Pts',(36.1650347167794,76.1939893491002,59.8766928736783));
#8222=CARTESIAN_POINT('Ctrl Pts',(37.2926905429267,76.0963950839146,59.8512335001516));
#8223=CARTESIAN_POINT('Ctrl Pts',(37.8666365753508,76.0467222670924,59.8382753740241));
#8224=CARTESIAN_POINT('',(34.9590647827482,78.5959070681994,55.335947789963));
#8225=CARTESIAN_POINT('',(34.9590647827482,77.3337975824643,60.1740341519472));
#8226=CARTESIAN_POINT('Ctrl Pts',(34.9590647827482,78.5959070681994,55.335947789963));
#8227=CARTESIAN_POINT('Ctrl Pts',(35.3562165714593,78.2205437478593,55.2380269237873));
#8228=CARTESIAN_POINT('Ctrl Pts',(36.1650347167794,77.4560988348352,55.0386065116941));
#8229=CARTESIAN_POINT('Ctrl Pts',(37.2926905429267,77.3585045696496,55.0131471381674));
#8230=CARTESIAN_POINT('Ctrl Pts',(37.8666365753508,77.3088317528275,55.0001890120399));
#8231=CARTESIAN_POINT('Ctrl Pts',(33.8761866699553,81.739558320865,61.3233630402257));
#8232=CARTESIAN_POINT('Ctrl Pts',(33.8761866699553,83.0016678066,56.4852766782414));
#8233=CARTESIAN_POINT('Ctrl Pts',(33.8825088519303,80.8309741451445,61.086341081342));
#8234=CARTESIAN_POINT('Ctrl Pts',(33.8825088519303,82.0930836308795,56.2482547193578));
#8235=CARTESIAN_POINT('Ctrl Pts',(33.8933563959732,79.2720334341971,60.6796608958775));
#8236=CARTESIAN_POINT('Ctrl Pts',(33.8933563959732,80.5341429199321,55.8415745338933));
#8237=CARTESIAN_POINT('Ctrl Pts',(34.6453494530499,77.9043610750719,60.3228768021927));
#8238=CARTESIAN_POINT('Ctrl Pts',(34.6453494530499,79.1664705608069,55.4847904402085));
#8239=CARTESIAN_POINT('Ctrl Pts',(34.9590647827482,77.3337975824643,60.1740341519472));
#8240=CARTESIAN_POINT('Ctrl Pts',(34.9590647827482,78.5959070681994,55.335947789963));
#8241=CARTESIAN_POINT('',(33.8761866699553,81.739558320865,61.3233630402257));
#8242=CARTESIAN_POINT('Ctrl Pts',(33.8761866699553,81.739558320865,61.3233630402257));
#8243=CARTESIAN_POINT('Ctrl Pts',(33.8825088519303,80.8309741451445,61.086341081342));
#8244=CARTESIAN_POINT('Ctrl Pts',(33.8933563959732,79.2720334341971,60.6796608958775));
#8245=CARTESIAN_POINT('Ctrl Pts',(34.6453494530499,77.9043610750719,60.3228768021927));
#8246=CARTESIAN_POINT('Ctrl Pts',(34.9590647827482,77.3337975824643,60.1740341519472));
#8247=CARTESIAN_POINT('',(33.8761866699553,83.0016678066,56.4852766782414));
#8248=CARTESIAN_POINT('',(33.8761866699553,81.739558320865,61.3233630402257));
#8249=CARTESIAN_POINT('Ctrl Pts',(33.8761866699553,83.0016678066,56.4852766782414));
#8250=CARTESIAN_POINT('Ctrl Pts',(33.8825088519303,82.0930836308795,56.2482547193578));
#8251=CARTESIAN_POINT('Ctrl Pts',(33.8933563959732,80.5341429199321,55.8415745338933));
#8252=CARTESIAN_POINT('Ctrl Pts',(34.6453494530499,79.1664705608069,55.4847904402085));
#8253=CARTESIAN_POINT('Ctrl Pts',(34.9590647827482,78.5959070681994,55.335947789963));
#8254=CARTESIAN_POINT('Ctrl Pts',(34.9420130859709,85.7410451511127,62.3672291698555));
#8255=CARTESIAN_POINT('Ctrl Pts',(34.9420130859709,87.0031546368477,57.5291428078713));
#8256=CARTESIAN_POINT('Ctrl Pts',(34.6329474283038,85.2200023309466,62.2313049558991));
#8257=CARTESIAN_POINT('Ctrl Pts',(34.6329474283038,86.4821118166817,57.3932185939149));
#8258=CARTESIAN_POINT('Ctrl Pts',(33.9032712217498,83.989867118446,61.9104001178555));
#8259=CARTESIAN_POINT('Ctrl Pts',(33.9032712217498,85.251976604181,57.0723137558713));
#8260=CARTESIAN_POINT('Ctrl Pts',(33.8860903293191,82.5623997680421,61.5380173307936));
#8261=CARTESIAN_POINT('Ctrl Pts',(33.8860903293191,83.8245092537771,56.6999309688094));
#8262=CARTESIAN_POINT('Ctrl Pts',(33.8761866699553,81.739558320865,61.3233630402257));
#8263=CARTESIAN_POINT('Ctrl Pts',(33.8761866699553,83.0016678066,56.4852766782414));
#8264=CARTESIAN_POINT('',(34.9420130859709,85.7410451511127,62.3672291698555));
#8265=CARTESIAN_POINT('Ctrl Pts',(34.9420130859709,85.7410451511127,62.3672291698555));
#8266=CARTESIAN_POINT('Ctrl Pts',(34.6329474283038,85.2200023309466,62.2313049558991));
#8267=CARTESIAN_POINT('Ctrl Pts',(33.9032712217498,83.989867118446,61.9104001178555));
#8268=CARTESIAN_POINT('Ctrl Pts',(33.8860903293191,82.5623997680421,61.5380173307936));
#8269=CARTESIAN_POINT('Ctrl Pts',(33.8761866699553,81.739558320865,61.3233630402257));
#8270=CARTESIAN_POINT('',(34.9420130859709,87.0031546368477,57.5291428078713));
#8271=CARTESIAN_POINT('',(34.9420130859709,85.7410451511127,62.3672291698555));
#8272=CARTESIAN_POINT('Ctrl Pts',(34.9420130859709,87.0031546368477,57.5291428078713));
#8273=CARTESIAN_POINT('Ctrl Pts',(34.6329474283038,86.4821118166817,57.3932185939149));
#8274=CARTESIAN_POINT('Ctrl Pts',(33.9032712217498,85.251976604181,57.0723137558713));
#8275=CARTESIAN_POINT('Ctrl Pts',(33.8860903293191,83.8245092537771,56.6999309688094));
#8276=CARTESIAN_POINT('Ctrl Pts',(33.8761866699553,83.0016678066,56.4852766782414));
#8277=CARTESIAN_POINT('Ctrl Pts',(37.7984202514982,86.9373662057566,62.6793129232409));
#8278=CARTESIAN_POINT('Ctrl Pts',(37.7984202514982,88.1994756914916,57.8412265612566));
#8279=CARTESIAN_POINT('Ctrl Pts',(37.2367766005276,86.8930337142001,62.6677479254435));
#8280=CARTESIAN_POINT('Ctrl Pts',(37.2367766005276,88.1551431999351,57.8296615634593));
#8281=CARTESIAN_POINT('Ctrl Pts',(36.1425606273684,86.8066634324258,62.6452165475893));
#8282=CARTESIAN_POINT('Ctrl Pts',(36.1425606273684,88.0687729181608,57.8071301856051));
#8283=CARTESIAN_POINT('Ctrl Pts',(35.335044185253,86.0899035761877,62.4582357155272));
#8284=CARTESIAN_POINT('Ctrl Pts',(35.335044185253,87.3520130619227,57.620149353543));
#8285=CARTESIAN_POINT('Ctrl Pts',(34.9420130859709,85.7410451511127,62.3672291698555));
#8286=CARTESIAN_POINT('Ctrl Pts',(34.9420130859709,87.0031546368477,57.5291428078713));
#8287=CARTESIAN_POINT('',(37.7984202514982,86.9373662057566,62.6793129232409));
#8288=CARTESIAN_POINT('Ctrl Pts',(37.7984202514982,86.9373662057566,62.6793129232409));
#8289=CARTESIAN_POINT('Ctrl Pts',(37.2367766005276,86.8930337142001,62.6677479254435));
#8290=CARTESIAN_POINT('Ctrl Pts',(36.1425606273684,86.8066634324258,62.6452165475893));
#8291=CARTESIAN_POINT('Ctrl Pts',(35.335044185253,86.0899035761877,62.4582357155272));
#8292=CARTESIAN_POINT('Ctrl Pts',(34.9420130859709,85.7410451511127,62.3672291698555));
#8293=CARTESIAN_POINT('',(37.7984202514982,88.1994756914916,57.8412265612566));
#8294=CARTESIAN_POINT('',(37.7984202514982,86.9373662057566,62.6793129232409));
#8295=CARTESIAN_POINT('Ctrl Pts',(37.7984202514982,88.1994756914916,57.8412265612566));
#8296=CARTESIAN_POINT('Ctrl Pts',(37.2367766005276,88.1551431999351,57.8296615634593));
#8297=CARTESIAN_POINT('Ctrl Pts',(36.1425606273684,88.0687729181608,57.8071301856051));
#8298=CARTESIAN_POINT('Ctrl Pts',(35.335044185253,87.3520130619227,57.620149353543));
#8299=CARTESIAN_POINT('Ctrl Pts',(34.9420130859709,87.0031546368477,57.5291428078713));
#8300=CARTESIAN_POINT('Ctrl Pts',(39.9897540222502,86.2443253851357,62.4985196656876));
#8301=CARTESIAN_POINT('Ctrl Pts',(39.9897540222502,87.5064348708707,57.6604333037034));
#8302=CARTESIAN_POINT('Ctrl Pts',(39.6764782056893,86.4463045140083,62.5512098732195));
#8303=CARTESIAN_POINT('Ctrl Pts',(39.6764782056893,87.7084139997433,57.7131235112353));
#8304=CARTESIAN_POINT('Ctrl Pts',(39.0143883840986,86.8731754000803,62.6625674956731));
#8305=CARTESIAN_POINT('Ctrl Pts',(39.0143883840986,88.1352848858153,57.8244811336889));
#8306=CARTESIAN_POINT('Ctrl Pts',(38.2179920279143,86.9152170641425,62.6735348862981));
#8307=CARTESIAN_POINT('Ctrl Pts',(38.2179920279143,88.1773265498775,57.8354485243138));
#8308=CARTESIAN_POINT('Ctrl Pts',(37.7984202514982,86.9373662057566,62.6793129232409));
#8309=CARTESIAN_POINT('Ctrl Pts',(37.7984202514982,88.1994756914916,57.8412265612566));
#8310=CARTESIAN_POINT('',(39.9897540222502,86.2443253851357,62.4985196656876));
#8311=CARTESIAN_POINT('Ctrl Pts',(39.9897540222502,86.2443253851357,62.4985196656876));
#8312=CARTESIAN_POINT('Ctrl Pts',(39.6764782056893,86.4463045140083,62.5512098732195));
#8313=CARTESIAN_POINT('Ctrl Pts',(39.0143883840986,86.8731754000803,62.6625674956731));
#8314=CARTESIAN_POINT('Ctrl Pts',(38.2179920279143,86.9152170641425,62.6735348862981));
#8315=CARTESIAN_POINT('Ctrl Pts',(37.7984202514982,86.9373662057566,62.6793129232409));
#8316=CARTESIAN_POINT('',(39.9897540222502,87.5064348708707,57.6604333037034));
#8317=CARTESIAN_POINT('',(39.9897540222502,86.2443253851357,62.4985196656876));
#8318=CARTESIAN_POINT('Ctrl Pts',(39.9897540222502,87.5064348708707,57.6604333037034));
#8319=CARTESIAN_POINT('Ctrl Pts',(39.6764782056893,87.7084139997433,57.7131235112353));
#8320=CARTESIAN_POINT('Ctrl Pts',(39.0143883840986,88.1352848858153,57.8244811336889));
#8321=CARTESIAN_POINT('Ctrl Pts',(38.2179920279143,88.1773265498775,57.8354485243138));
#8322=CARTESIAN_POINT('Ctrl Pts',(37.7984202514982,88.1994756914916,57.8412265612566));
#8323=CARTESIAN_POINT('Ctrl Pts',(41.0726416717863,84.1817035930879,61.9604444155882));
#8324=CARTESIAN_POINT('Ctrl Pts',(41.0726416717863,85.443813078823,57.1223580536039));
#8325=CARTESIAN_POINT('Ctrl Pts',(40.9790279774742,84.6003227958857,62.0696494250137));
#8326=CARTESIAN_POINT('Ctrl Pts',(40.9790279774742,85.8624322816207,57.2315630630294));
#8327=CARTESIAN_POINT('Ctrl Pts',(40.8041700721388,85.3822476784811,62.273629829169));
#8328=CARTESIAN_POINT('Ctrl Pts',(40.8041700721388,86.6443571642161,57.4355434671848));
#8329=CARTESIAN_POINT('Ctrl Pts',(40.2481142043472,85.9708453213483,62.4271770403517));
#8330=CARTESIAN_POINT('Ctrl Pts',(40.2481142043472,87.2329548070833,57.5890906783675));
#8331=CARTESIAN_POINT('Ctrl Pts',(39.9897540222502,86.2443253851357,62.4985196656876));
#8332=CARTESIAN_POINT('Ctrl Pts',(39.9897540222502,87.5064348708707,57.6604333037034));
#8333=CARTESIAN_POINT('',(41.0726416717863,84.1817035930879,61.9604444155882));
#8334=CARTESIAN_POINT('Ctrl Pts',(41.0726416717863,84.1817035930879,61.9604444155882));
#8335=CARTESIAN_POINT('Ctrl Pts',(40.9790279774742,84.6003227958857,62.0696494250137));
#8336=CARTESIAN_POINT('Ctrl Pts',(40.8041700721388,85.3822476784811,62.273629829169));
#8337=CARTESIAN_POINT('Ctrl Pts',(40.2481142043472,85.9708453213483,62.4271770403517));
#8338=CARTESIAN_POINT('Ctrl Pts',(39.9897540222502,86.2443253851357,62.4985196656876));
#8339=CARTESIAN_POINT('',(41.0726416717863,85.443813078823,57.1223580536039));
#8340=CARTESIAN_POINT('',(41.0726416717863,84.1817035930879,61.9604444155882));
#8341=CARTESIAN_POINT('Ctrl Pts',(41.0726416717863,85.443813078823,57.1223580536039));
#8342=CARTESIAN_POINT('Ctrl Pts',(40.9790279774742,85.8624322816207,57.2315630630294));
#8343=CARTESIAN_POINT('Ctrl Pts',(40.8041700721388,86.6443571642161,57.4355434671848));
#8344=CARTESIAN_POINT('Ctrl Pts',(40.2481142043472,87.2329548070833,57.5890906783675));
#8345=CARTESIAN_POINT('Ctrl Pts',(39.9897540222502,87.5064348708707,57.6604333037034));
#8346=CARTESIAN_POINT('Origin',(45.7963717590666,85.0067520792091,62.1756744554459));
#8347=CARTESIAN_POINT('',(45.7963717590666,85.0067520792091,62.1756744554459));
#8348=CARTESIAN_POINT('',(26.3300125420269,81.6067504056257,61.2887174971197));
#8349=CARTESIAN_POINT('',(45.7963717590666,86.2688615649441,57.3375880934616));
#8350=CARTESIAN_POINT('',(45.7963717590666,85.0067520792091,62.1756744554459));
#8351=CARTESIAN_POINT('',(45.7963717590666,86.2688615649441,57.3375880934616));
#8352=CARTESIAN_POINT('Ctrl Pts',(42.9911196838713,89.2062504077071,63.2711957585323));
#8353=CARTESIAN_POINT('Ctrl Pts',(42.9911196838713,90.4683598934421,58.4331093965481));
#8354=CARTESIAN_POINT('Ctrl Pts',(43.603576786251,88.6607255093513,63.128884915483));
#8355=CARTESIAN_POINT('Ctrl Pts',(43.603576786251,89.9228349950863,58.2907985534987));
#8356=CARTESIAN_POINT('Ctrl Pts',(44.9090860347158,87.4978884758609,62.8255361241376));
#8357=CARTESIAN_POINT('Ctrl Pts',(44.9090860347158,88.759997961596,57.9874497621534));
#8358=CARTESIAN_POINT('Ctrl Pts',(45.4886827998337,85.8706171726701,62.4010305667835));
#8359=CARTESIAN_POINT('Ctrl Pts',(45.4886827998337,87.1327266584051,57.5629442047993));
#8360=CARTESIAN_POINT('Ctrl Pts',(45.7963717590666,85.0067520792091,62.1756744554459));
#8361=CARTESIAN_POINT('Ctrl Pts',(45.7963717590666,86.2688615649441,57.3375880934616));
#8362=CARTESIAN_POINT('Ctrl Pts',(42.9911196838713,89.2062504077071,63.2711957585323));
#8363=CARTESIAN_POINT('Ctrl Pts',(43.603576786251,88.6607255093513,63.128884915483));
#8364=CARTESIAN_POINT('Ctrl Pts',(44.9090860347158,87.4978884758609,62.8255361241376));
#8365=CARTESIAN_POINT('Ctrl Pts',(45.4886827998337,85.8706171726701,62.4010305667835));
#8366=CARTESIAN_POINT('Ctrl Pts',(45.7963717590666,85.0067520792091,62.1756744554459));
#8367=CARTESIAN_POINT('Ctrl Pts',(42.9911196838713,90.4683598934421,58.4331093965481));
#8368=CARTESIAN_POINT('Ctrl Pts',(43.603576786251,89.9228349950863,58.2907985534987));
#8369=CARTESIAN_POINT('Ctrl Pts',(44.9090860347158,88.759997961596,57.9874497621534));
#8370=CARTESIAN_POINT('Ctrl Pts',(45.4886827998337,87.1327266584051,57.5629442047993));
#8371=CARTESIAN_POINT('Ctrl Pts',(45.7963717590666,86.2688615649441,57.3375880934616));
#8372=CARTESIAN_POINT('Origin',(-0.0511645663881133,66.9379675645117,52.2947461803054));
#8373=CARTESIAN_POINT('Ctrl Pts',(54.0330756317473,85.9308068912003,62.416732232487));
#8374=CARTESIAN_POINT('Ctrl Pts',(54.0330756317473,87.1929163769353,57.5786458705028));
#8375=CARTESIAN_POINT('Ctrl Pts',(53.7358960662285,85.5103026695457,62.3070354790119));
#8376=CARTESIAN_POINT('Ctrl Pts',(53.7358960662285,86.7724121552807,57.4689491170277));
#8377=CARTESIAN_POINT('Ctrl Pts',(53.0983741573226,84.6082196019421,62.0717094613762));
#8378=CARTESIAN_POINT('Ctrl Pts',(53.0983741573226,85.8703290876771,57.233623099392));
#8379=CARTESIAN_POINT('Ctrl Pts',(53.0517959978461,83.5125532734561,61.7858834626407));
#8380=CARTESIAN_POINT('Ctrl Pts',(53.0517959978461,84.7746627591911,56.9477971006565));
#8381=CARTESIAN_POINT('Ctrl Pts',(53.0269301544524,82.9276296173463,61.633294682786));
#8382=CARTESIAN_POINT('Ctrl Pts',(53.0269301544524,84.1897391030813,56.7952083208018));
#8383=CARTESIAN_POINT('',(54.0330756317473,85.9308068912003,62.416732232487));
#8384=CARTESIAN_POINT('',(53.0269301544524,82.9276296173463,61.633294682786));
#8385=CARTESIAN_POINT('Ctrl Pts',(54.0330756317473,85.9308068912003,62.416732232487));
#8386=CARTESIAN_POINT('Ctrl Pts',(53.7358960662285,85.5103026695457,62.3070354790119));
#8387=CARTESIAN_POINT('Ctrl Pts',(53.0983741573226,84.6082196019421,62.0717094613762));
#8388=CARTESIAN_POINT('Ctrl Pts',(53.0517959978461,83.5125532734561,61.7858834626407));
#8389=CARTESIAN_POINT('Ctrl Pts',(53.0269301544524,82.9276296173463,61.633294682786));
#8390=CARTESIAN_POINT('',(54.0330756317473,87.1929163769353,57.5786458705028));
#8391=CARTESIAN_POINT('',(54.0330756317473,85.9308068912003,62.416732232487));
#8392=CARTESIAN_POINT('',(53.0269301544524,84.1897391030813,56.7952083208018));
#8393=CARTESIAN_POINT('Ctrl Pts',(54.0330756317473,87.1929163769353,57.5786458705028));
#8394=CARTESIAN_POINT('Ctrl Pts',(53.7358960662285,86.7724121552807,57.4689491170277));
#8395=CARTESIAN_POINT('Ctrl Pts',(53.0983741573226,85.8703290876771,57.233623099392));
#8396=CARTESIAN_POINT('Ctrl Pts',(53.0517959978461,84.7746627591911,56.9477971006565));
#8397=CARTESIAN_POINT('Ctrl Pts',(53.0269301544524,84.1897391030813,56.7952083208018));
#8398=CARTESIAN_POINT('',(53.0269301544524,82.9276296173463,61.633294682786));
#8399=CARTESIAN_POINT('Ctrl Pts',(56.6251624237395,87.0363725316266,62.7051406604243));
#8400=CARTESIAN_POINT('Ctrl Pts',(56.6251624237395,88.2984820173616,57.8670542984401));
#8401=CARTESIAN_POINT('Ctrl Pts',(56.1260523681791,86.9915124538926,62.6934380314503));
#8402=CARTESIAN_POINT('Ctrl Pts',(56.1260523681791,88.2536219396276,57.855351669466));
#8403=CARTESIAN_POINT('Ctrl Pts',(55.1342555115064,86.9023696213831,62.6701833794912));
#8404=CARTESIAN_POINT('Ctrl Pts',(55.1342555115064,88.1644791071181,57.832097017507));
#8405=CARTESIAN_POINT('Ctrl Pts',(54.3985473495143,86.2532598404823,62.5008503931693));
#8406=CARTESIAN_POINT('Ctrl Pts',(54.3985473495143,87.5153693262173,57.6627640311851));
#8407=CARTESIAN_POINT('Ctrl Pts',(54.0330756317473,85.9308068912003,62.416732232487));
#8408=CARTESIAN_POINT('Ctrl Pts',(54.0330756317473,87.1929163769353,57.5786458705028));
#8409=CARTESIAN_POINT('',(56.6251624237395,87.0363725316266,62.7051406604243));
#8410=CARTESIAN_POINT('Ctrl Pts',(56.6251624237395,87.0363725316266,62.7051406604243));
#8411=CARTESIAN_POINT('Ctrl Pts',(56.1260523681791,86.9915124538926,62.6934380314503));
#8412=CARTESIAN_POINT('Ctrl Pts',(55.1342555115064,86.9023696213831,62.6701833794912));
#8413=CARTESIAN_POINT('Ctrl Pts',(54.3985473495143,86.2532598404823,62.5008503931693));
#8414=CARTESIAN_POINT('Ctrl Pts',(54.0330756317473,85.9308068912003,62.416732232487));
#8415=CARTESIAN_POINT('',(56.6251624237395,88.2984820173616,57.8670542984401));
#8416=CARTESIAN_POINT('',(56.6251624237395,87.0363725316266,62.7051406604243));
#8417=CARTESIAN_POINT('Ctrl Pts',(56.6251624237395,88.2984820173616,57.8670542984401));
#8418=CARTESIAN_POINT('Ctrl Pts',(56.1260523681791,88.2536219396276,57.855351669466));
#8419=CARTESIAN_POINT('Ctrl Pts',(55.1342555115064,88.1644791071181,57.832097017507));
#8420=CARTESIAN_POINT('Ctrl Pts',(54.3985473495143,87.5153693262173,57.6627640311851));
#8421=CARTESIAN_POINT('Ctrl Pts',(54.0330756317473,87.1929163769353,57.5786458705028));
#8422=CARTESIAN_POINT('Ctrl Pts',(59.1149294983244,85.988559812298,62.4317982119038));
#8423=CARTESIAN_POINT('Ctrl Pts',(59.1149294983244,87.250669298033,57.5937118499196));
#8424=CARTESIAN_POINT('Ctrl Pts',(58.7564871125218,86.2941702578471,62.5115226759601));
#8425=CARTESIAN_POINT('Ctrl Pts',(58.7564871125218,87.5562797435821,57.6734363139759));
#8426=CARTESIAN_POINT('Ctrl Pts',(58.0427832153278,86.9026791135261,62.670264116572));
#8427=CARTESIAN_POINT('Ctrl Pts',(58.0427832153278,88.1647885992611,57.8321777545878));
#8428=CARTESIAN_POINT('Ctrl Pts',(57.0962965698537,86.991940667512,62.693549739351));
#8429=CARTESIAN_POINT('Ctrl Pts',(57.0962965698537,88.254050153247,57.8554633773667));
#8430=CARTESIAN_POINT('Ctrl Pts',(56.6251624237395,87.0363725316266,62.7051406604243));
#8431=CARTESIAN_POINT('Ctrl Pts',(56.6251624237395,88.2984820173616,57.8670542984401));
#8432=CARTESIAN_POINT('',(59.1149294983244,85.988559812298,62.4317982119038));
#8433=CARTESIAN_POINT('Ctrl Pts',(59.1149294983244,85.988559812298,62.4317982119038));
#8434=CARTESIAN_POINT('Ctrl Pts',(58.7564871125218,86.2941702578471,62.5115226759601));
#8435=CARTESIAN_POINT('Ctrl Pts',(58.0427832153278,86.9026791135261,62.670264116572));
#8436=CARTESIAN_POINT('Ctrl Pts',(57.0962965698537,86.991940667512,62.693549739351));
#8437=CARTESIAN_POINT('Ctrl Pts',(56.6251624237395,87.0363725316266,62.7051406604243));
#8438=CARTESIAN_POINT('',(59.1149294983244,87.250669298033,57.5937118499196));
#8439=CARTESIAN_POINT('',(59.1149294983244,85.988559812298,62.4317982119038));
#8440=CARTESIAN_POINT('Ctrl Pts',(59.1149294983244,87.250669298033,57.5937118499196));
#8441=CARTESIAN_POINT('Ctrl Pts',(58.7564871125218,87.5562797435821,57.6734363139759));
#8442=CARTESIAN_POINT('Ctrl Pts',(58.0427832153278,88.1647885992611,57.8321777545878));
#8443=CARTESIAN_POINT('Ctrl Pts',(57.0962965698537,88.254050153247,57.8554633773667));
#8444=CARTESIAN_POINT('Ctrl Pts',(56.6251624237395,88.2984820173616,57.8670542984401));
#8445=CARTESIAN_POINT('Ctrl Pts',(60.1892817627287,82.9276296173463,61.633294682786));
#8446=CARTESIAN_POINT('Ctrl Pts',(60.1892817627287,84.1897391030813,56.7952083208018));
#8447=CARTESIAN_POINT('Ctrl Pts',(60.1497060466087,83.5385328420277,61.7926607413985));
#8448=CARTESIAN_POINT('Ctrl Pts',(60.1497060466087,84.8006423277627,56.9545743794143));
#8449=CARTESIAN_POINT('Ctrl Pts',(60.0771839329011,84.6580070415684,62.0846974891048));
#8450=CARTESIAN_POINT('Ctrl Pts',(60.0771839329011,85.9201165273034,57.2466111271206));
#8451=CARTESIAN_POINT('Ctrl Pts',(59.415519852665,85.5729199207568,62.3233704141105));
#8452=CARTESIAN_POINT('Ctrl Pts',(59.415519852665,86.8350294064919,57.4852840521263));
#8453=CARTESIAN_POINT('Ctrl Pts',(59.1149294983244,85.988559812298,62.4317982119038));
#8454=CARTESIAN_POINT('Ctrl Pts',(59.1149294983244,87.250669298033,57.5937118499196));
#8455=CARTESIAN_POINT('',(60.1892817627287,82.9276296173463,61.633294682786));
#8456=CARTESIAN_POINT('Ctrl Pts',(60.1892817627287,82.9276296173463,61.633294682786));
#8457=CARTESIAN_POINT('Ctrl Pts',(60.1497060466087,83.5385328420277,61.7926607413985));
#8458=CARTESIAN_POINT('Ctrl Pts',(60.0771839329011,84.6580070415684,62.0846974891048));
#8459=CARTESIAN_POINT('Ctrl Pts',(59.415519852665,85.5729199207568,62.3233704141105));
#8460=CARTESIAN_POINT('Ctrl Pts',(59.1149294983244,85.988559812298,62.4317982119038));
#8461=CARTESIAN_POINT('',(60.1892817627287,84.1897391030813,56.7952083208018));
#8462=CARTESIAN_POINT('',(60.1892817627287,82.9276296173463,61.633294682786));
#8463=CARTESIAN_POINT('Ctrl Pts',(60.1892817627287,84.1897391030813,56.7952083208018));
#8464=CARTESIAN_POINT('Ctrl Pts',(60.1497060466087,84.8006423277627,56.9545743794143));
#8465=CARTESIAN_POINT('Ctrl Pts',(60.0771839329011,85.9201165273034,57.2466111271206));
#8466=CARTESIAN_POINT('Ctrl Pts',(59.415519852665,86.8350294064919,57.4852840521263));
#8467=CARTESIAN_POINT('Ctrl Pts',(59.1149294983244,87.250669298033,57.5937118499196));
#8468=CARTESIAN_POINT('Origin',(53.0269301544524,82.9276296173463,61.633294682786));
#8469=CARTESIAN_POINT('',(26.5134650772262,82.9276296173462,61.633294682786));
#8470=CARTESIAN_POINT('',(53.0269301544524,84.1897391030813,56.7952083208018));
#8471=CARTESIAN_POINT('Ctrl Pts',(56.8639052521086,75.733203773157,59.7564879408236));
#8472=CARTESIAN_POINT('Ctrl Pts',(56.8639052521086,76.995313258892,54.9184015788394));
#8473=CARTESIAN_POINT('Ctrl Pts',(57.2190315953545,75.7540954816381,59.7619379517317));
#8474=CARTESIAN_POINT('Ctrl Pts',(57.2190315953545,77.0162049673732,54.9238515897475));
#8475=CARTESIAN_POINT('Ctrl Pts',(57.9040264931934,75.7943930095148,59.7724503503082));
#8476=CARTESIAN_POINT('Ctrl Pts',(57.9040264931934,77.0565024952498,54.934363988324));
#8477=CARTESIAN_POINT('Ctrl Pts',(58.4796270332464,76.1540428642099,59.866272051533));
#8478=CARTESIAN_POINT('Ctrl Pts',(58.4796270332464,77.4161523499449,55.0281856895488));
#8479=CARTESIAN_POINT('Ctrl Pts',(58.7568152557707,76.3272371144183,59.911453160283));
#8480=CARTESIAN_POINT('Ctrl Pts',(58.7568152557707,77.5893466001533,55.0733667982988));
#8481=CARTESIAN_POINT('',(56.8639052521086,75.733203773157,59.7564879408236));
#8482=CARTESIAN_POINT('',(58.7568152557707,76.3272371144183,59.911453160283));
#8483=CARTESIAN_POINT('Ctrl Pts',(56.8639052521086,75.733203773157,59.7564879408236));
#8484=CARTESIAN_POINT('Ctrl Pts',(57.2190315953545,75.7540954816381,59.7619379517317));
#8485=CARTESIAN_POINT('Ctrl Pts',(57.9040264931934,75.7943930095148,59.7724503503082));
#8486=CARTESIAN_POINT('Ctrl Pts',(58.4796270332464,76.1540428642099,59.866272051533));
#8487=CARTESIAN_POINT('Ctrl Pts',(58.7568152557707,76.3272371144183,59.911453160283));
#8488=CARTESIAN_POINT('',(56.8639052521086,76.995313258892,54.9184015788394));
#8489=CARTESIAN_POINT('',(56.8639052521086,75.733203773157,59.7564879408236));
#8490=CARTESIAN_POINT('',(58.7568152557707,77.5893466001533,55.0733667982988));
#8491=CARTESIAN_POINT('Ctrl Pts',(56.8639052521086,76.995313258892,54.9184015788393));
#8492=CARTESIAN_POINT('Ctrl Pts',(57.2190315953545,77.0162049673732,54.9238515897475));
#8493=CARTESIAN_POINT('Ctrl Pts',(57.9040264931934,77.0565024952498,54.934363988324));
#8494=CARTESIAN_POINT('Ctrl Pts',(58.4796270332464,77.4161523499449,55.0281856895488));
#8495=CARTESIAN_POINT('Ctrl Pts',(58.7568152557707,77.5893466001533,55.0733667982988));
#8496=CARTESIAN_POINT('',(58.7568152557707,76.3272371144183,59.911453160283));
#8497=CARTESIAN_POINT('Ctrl Pts',(54.1012824188566,76.880021664866,60.0556578256172));
#8498=CARTESIAN_POINT('Ctrl Pts',(54.1012824188566,78.142131150601,55.217571463633));
#8499=CARTESIAN_POINT('Ctrl Pts',(54.4949914626304,76.5455359206101,59.9684006749418));
#8500=CARTESIAN_POINT('Ctrl Pts',(54.4949914626304,77.8076454063452,55.1303143129576));
#8501=CARTESIAN_POINT('Ctrl Pts',(55.2867123560726,75.8729088715905,59.7929327491106));
#8502=CARTESIAN_POINT('Ctrl Pts',(55.2867123560726,77.1350183573255,54.9548463871263));
#8503=CARTESIAN_POINT('Ctrl Pts',(56.3362729199985,75.7799405591769,59.7686801458722));
#8504=CARTESIAN_POINT('Ctrl Pts',(56.3362729199985,77.0420500449119,54.930593783888));
#8505=CARTESIAN_POINT('Ctrl Pts',(56.8639052521086,75.733203773157,59.7564879408236));
#8506=CARTESIAN_POINT('Ctrl Pts',(56.8639052521086,76.995313258892,54.9184015788394));
#8507=CARTESIAN_POINT('',(54.1012824188566,76.880021664866,60.0556578256172));
#8508=CARTESIAN_POINT('Ctrl Pts',(54.1012824188566,76.880021664866,60.0556578256172));
#8509=CARTESIAN_POINT('Ctrl Pts',(54.4949914626304,76.5455359206101,59.9684006749418));
#8510=CARTESIAN_POINT('Ctrl Pts',(55.2867123560726,75.8729088715905,59.7929327491106));
#8511=CARTESIAN_POINT('Ctrl Pts',(56.3362729199985,75.7799405591769,59.7686801458722));
#8512=CARTESIAN_POINT('Ctrl Pts',(56.8639052521086,75.733203773157,59.7564879408236));
#8513=CARTESIAN_POINT('',(54.1012824188566,78.142131150601,55.217571463633));
#8514=CARTESIAN_POINT('',(54.1012824188566,76.880021664866,60.0556578256172));
#8515=CARTESIAN_POINT('Ctrl Pts',(54.1012824188566,78.142131150601,55.217571463633));
#8516=CARTESIAN_POINT('Ctrl Pts',(54.4949914626304,77.8076454063452,55.1303143129576));
#8517=CARTESIAN_POINT('Ctrl Pts',(55.2867123560726,77.1350183573255,54.9548463871263));
#8518=CARTESIAN_POINT('Ctrl Pts',(56.3362729199985,77.0420500449119,54.930593783888));
#8519=CARTESIAN_POINT('Ctrl Pts',(56.8639052521086,76.995313258892,54.9184015788393));
#8520=CARTESIAN_POINT('Ctrl Pts',(52.9416716705656,80.0894613486227,60.8929029605103));
#8521=CARTESIAN_POINT('Ctrl Pts',(52.9416716705656,81.3515708343577,56.0548165985261));
#8522=CARTESIAN_POINT('Ctrl Pts',(52.9872403485697,79.4571658026568,60.7279562963453));
#8523=CARTESIAN_POINT('Ctrl Pts',(52.9872403485697,80.7192752883918,55.889869934361));
#8524=CARTESIAN_POINT('Ctrl Pts',(53.0720301809547,78.2806507991832,60.4210393389174));
#8525=CARTESIAN_POINT('Ctrl Pts',(53.0720301809547,79.5427602849182,55.5829529769331));
#8526=CARTESIAN_POINT('Ctrl Pts',(53.7757591569873,77.3230008954981,60.1712176249125));
#8527=CARTESIAN_POINT('Ctrl Pts',(53.7757591569873,78.5851103812331,55.3331312629283));
#8528=CARTESIAN_POINT('Ctrl Pts',(54.1012824188566,76.880021664866,60.0556578256172));
#8529=CARTESIAN_POINT('Ctrl Pts',(54.1012824188566,78.142131150601,55.217571463633));
#8530=CARTESIAN_POINT('',(52.9416716705656,80.0894613486227,60.8929029605103));
#8531=CARTESIAN_POINT('Ctrl Pts',(52.9416716705656,80.0894613486227,60.8929029605103));
#8532=CARTESIAN_POINT('Ctrl Pts',(52.9872403485697,79.4571658026568,60.7279562963453));
#8533=CARTESIAN_POINT('Ctrl Pts',(53.0720301809547,78.2806507991832,60.4210393389174));
#8534=CARTESIAN_POINT('Ctrl Pts',(53.7757591569873,77.3230008954981,60.1712176249125));
#8535=CARTESIAN_POINT('Ctrl Pts',(54.1012824188566,76.880021664866,60.0556578256172));
#8536=CARTESIAN_POINT('',(52.9416716705656,81.3515708343577,56.0548165985261));
#8537=CARTESIAN_POINT('',(52.9416716705656,80.0894613486227,60.8929029605103));
#8538=CARTESIAN_POINT('Ctrl Pts',(52.9416716705656,81.3515708343577,56.0548165985261));
#8539=CARTESIAN_POINT('Ctrl Pts',(52.9872403485697,80.7192752883918,55.889869934361));
#8540=CARTESIAN_POINT('Ctrl Pts',(53.0720301809547,79.5427602849182,55.5829529769331));
#8541=CARTESIAN_POINT('Ctrl Pts',(53.7757591569873,78.5851103812331,55.3331312629283));
#8542=CARTESIAN_POINT('Ctrl Pts',(54.1012824188566,78.142131150601,55.217571463633));
#8543=CARTESIAN_POINT('Origin',(64.9471247803068,80.0894613486227,60.8929029605103));
#8544=CARTESIAN_POINT('',(64.9471247803068,80.0894613486227,60.8929029605103));
#8545=CARTESIAN_POINT('',(32.4735623901534,80.0894613486227,60.8929029605103));
#8546=CARTESIAN_POINT('',(64.9471247803068,81.3515708343577,56.0548165985261));
#8547=CARTESIAN_POINT('',(64.9471247803068,80.0894613486227,60.8929029605103));
#8548=CARTESIAN_POINT('',(64.9471247803068,81.3515708343577,56.0548165985261));
#8549=CARTESIAN_POINT('Ctrl Pts',(62.7131522308684,88.0016795949004,62.9569598943218));
#8550=CARTESIAN_POINT('Ctrl Pts',(62.7131522308684,89.2637890806354,58.1188735323376));
#8551=CARTESIAN_POINT('Ctrl Pts',(63.3861066983401,86.9399404333953,62.6799844608857));
#8552=CARTESIAN_POINT('Ctrl Pts',(63.3861066983401,88.2020499191303,57.8418980989015));
#8553=CARTESIAN_POINT('Ctrl Pts',(64.9148376082133,84.5280187464592,62.0507874990763));
#8554=CARTESIAN_POINT('Ctrl Pts',(64.9148376082133,85.7901282321942,57.2127011370921));
#8555=CARTESIAN_POINT('Ctrl Pts',(64.935537229007,81.6824163276424,61.308456433298));
#8556=CARTESIAN_POINT('Ctrl Pts',(64.935537229007,82.9445258133774,56.4703700713138));
#8557=CARTESIAN_POINT('Ctrl Pts',(64.9471247803068,80.0894613486227,60.8929029605103));
#8558=CARTESIAN_POINT('Ctrl Pts',(64.9471247803068,81.3515708343577,56.0548165985261));
#8559=CARTESIAN_POINT('',(62.7131522308684,88.0016795949004,62.9569598943218));
#8560=CARTESIAN_POINT('Ctrl Pts',(62.7131522308684,88.0016795949004,62.9569598943218));
#8561=CARTESIAN_POINT('Ctrl Pts',(63.3861066983401,86.9399404333953,62.6799844608857));
#8562=CARTESIAN_POINT('Ctrl Pts',(64.9148376082133,84.5280187464592,62.0507874990763));
#8563=CARTESIAN_POINT('Ctrl Pts',(64.935537229007,81.6824163276424,61.308456433298));
#8564=CARTESIAN_POINT('Ctrl Pts',(64.9471247803068,80.0894613486227,60.8929029605103));
#8565=CARTESIAN_POINT('',(62.7131522308684,89.2637890806354,58.1188735323376));
#8566=CARTESIAN_POINT('',(62.7131522308684,88.0016795949004,62.9569598943218));
#8567=CARTESIAN_POINT('Ctrl Pts',(62.7131522308684,89.2637890806354,58.1188735323376));
#8568=CARTESIAN_POINT('Ctrl Pts',(63.3861066983401,88.2020499191303,57.8418980989015));
#8569=CARTESIAN_POINT('Ctrl Pts',(64.9148376082133,85.7901282321942,57.2127011370921));
#8570=CARTESIAN_POINT('Ctrl Pts',(64.935537229007,82.9445258133774,56.4703700713138));
#8571=CARTESIAN_POINT('Ctrl Pts',(64.9471247803068,81.3515708343577,56.0548165985261));
#8572=CARTESIAN_POINT('Ctrl Pts',(56.3352549682951,90.5840822907862,63.6306301628138));
#8573=CARTESIAN_POINT('Ctrl Pts',(56.3352549682951,91.8461917765213,58.7925438008296));
#8574=CARTESIAN_POINT('Ctrl Pts',(57.5955188924785,90.4934972890286,63.6069992927901));
#8575=CARTESIAN_POINT('Ctrl Pts',(57.5955188924785,91.7556067747636,58.7689129308059));
#8576=CARTESIAN_POINT('Ctrl Pts',(60.0252747558849,90.3188517763436,63.5614395938288));
#8577=CARTESIAN_POINT('Ctrl Pts',(60.0252747558849,91.5809612620786,58.7233532318446));
#8578=CARTESIAN_POINT('Ctrl Pts',(61.8397889024763,88.7545908520831,63.1533715266304));
#8579=CARTESIAN_POINT('Ctrl Pts',(61.8397889024763,90.0167003378181,58.3152851646461));
#8580=CARTESIAN_POINT('Ctrl Pts',(62.7131522308684,88.0016795949004,62.9569598943218));
#8581=CARTESIAN_POINT('Ctrl Pts',(62.7131522308684,89.2637890806354,58.1188735323376));
#8582=CARTESIAN_POINT('',(56.3352549682951,90.5840822907862,63.6306301628138));
#8583=CARTESIAN_POINT('Ctrl Pts',(56.3352549682951,90.5840822907862,63.6306301628138));
#8584=CARTESIAN_POINT('Ctrl Pts',(57.5955188924785,90.4934972890286,63.6069992927901));
#8585=CARTESIAN_POINT('Ctrl Pts',(60.0252747558849,90.3188517763436,63.5614395938288));
#8586=CARTESIAN_POINT('Ctrl Pts',(61.8397889024763,88.7545908520831,63.1533715266304));
#8587=CARTESIAN_POINT('Ctrl Pts',(62.7131522308684,88.0016795949004,62.9569598943218));
#8588=CARTESIAN_POINT('',(56.3352549682951,91.8461917765213,58.7925438008296));
#8589=CARTESIAN_POINT('',(56.3352549682951,90.5840822907862,63.6306301628138));
#8590=CARTESIAN_POINT('Ctrl Pts',(56.3352549682951,91.8461917765213,58.7925438008296));
#8591=CARTESIAN_POINT('Ctrl Pts',(57.5955188924785,91.7556067747636,58.7689129308059));
#8592=CARTESIAN_POINT('Ctrl Pts',(60.0252747558849,91.5809612620786,58.7233532318446));
#8593=CARTESIAN_POINT('Ctrl Pts',(61.8397889024763,90.0167003378181,58.3152851646461));
#8594=CARTESIAN_POINT('Ctrl Pts',(62.7131522308684,89.2637890806354,58.1188735323376));
#8595=CARTESIAN_POINT('Ctrl Pts',(50.3836882721281,88.1171865905855,62.9870921540658));
#8596=CARTESIAN_POINT('Ctrl Pts',(50.3836882721281,89.3792960763205,58.1490057920816));
#8597=CARTESIAN_POINT('Ctrl Pts',(51.2260941459224,88.8366761783499,63.1747850900043));
#8598=CARTESIAN_POINT('Ctrl Pts',(51.2260941459224,90.098785664085,58.3366987280201));
#8599=CARTESIAN_POINT('Ctrl Pts',(52.9285282185117,90.2907063877625,63.5540973185467));
#8600=CARTESIAN_POINT('Ctrl Pts',(52.9285282185117,91.5528158734975,58.7160109565625));
#8601=CARTESIAN_POINT('Ctrl Pts',(55.1918699112265,90.4856177973711,63.6049437732272));
#8602=CARTESIAN_POINT('Ctrl Pts',(55.1918699112265,91.7477272831061,58.766857411243));
#8603=CARTESIAN_POINT('Ctrl Pts',(56.3352549682951,90.5840822907862,63.6306301628138));
#8604=CARTESIAN_POINT('Ctrl Pts',(56.3352549682951,91.8461917765213,58.7925438008296));
#8605=CARTESIAN_POINT('',(50.3836882721281,88.1171865905855,62.9870921540658));
#8606=CARTESIAN_POINT('Ctrl Pts',(50.3836882721281,88.1171865905855,62.9870921540658));
#8607=CARTESIAN_POINT('Ctrl Pts',(51.2260941459224,88.8366761783499,63.1747850900043));
#8608=CARTESIAN_POINT('Ctrl Pts',(52.9285282185117,90.2907063877625,63.5540973185467));
#8609=CARTESIAN_POINT('Ctrl Pts',(55.1918699112265,90.4856177973711,63.6049437732272));
#8610=CARTESIAN_POINT('Ctrl Pts',(56.3352549682951,90.5840822907862,63.6306301628138));
#8611=CARTESIAN_POINT('',(50.3836882721281,89.3792960763205,58.1490057920816));
#8612=CARTESIAN_POINT('',(50.3836882721281,88.1171865905855,62.9870921540658));
#8613=CARTESIAN_POINT('Ctrl Pts',(50.3836882721281,89.3792960763205,58.1490057920816));
#8614=CARTESIAN_POINT('Ctrl Pts',(51.2260941459224,90.098785664085,58.3366987280201));
#8615=CARTESIAN_POINT('Ctrl Pts',(52.9285282185117,91.5528158734975,58.7160109565625));
#8616=CARTESIAN_POINT('Ctrl Pts',(55.1918699112265,91.7477272831061,58.766857411243));
#8617=CARTESIAN_POINT('Ctrl Pts',(56.3352549682951,91.8461917765213,58.7925438008296));
#8618=CARTESIAN_POINT('Ctrl Pts',(48.0303443085051,81.2940321614294,61.2071388247207));
#8619=CARTESIAN_POINT('Ctrl Pts',(48.0303443085051,82.5561416471644,56.3690524627365));
#8620=CARTESIAN_POINT('Ctrl Pts',(48.0969664818859,82.6324243978296,61.5562846255208));
#8621=CARTESIAN_POINT('Ctrl Pts',(48.0969664818859,83.8945338835646,56.7181982635365));
#8622=CARTESIAN_POINT('Ctrl Pts',(48.2212831023448,85.1298571778532,62.2077888290052));
#8623=CARTESIAN_POINT('Ctrl Pts',(48.2212831023448,86.3919666635882,57.369702467021));
#8624=CARTESIAN_POINT('Ctrl Pts',(49.698242203833,87.1702534120707,62.7400661074967));
#8625=CARTESIAN_POINT('Ctrl Pts',(49.698242203833,88.4323628978057,57.9019797455125));
#8626=CARTESIAN_POINT('Ctrl Pts',(50.3836882721281,88.1171865905855,62.9870921540658));
#8627=CARTESIAN_POINT('Ctrl Pts',(50.3836882721281,89.3792960763205,58.1490057920816));
#8628=CARTESIAN_POINT('',(48.0303443085051,81.2940321614294,61.2071388247207));
#8629=CARTESIAN_POINT('Ctrl Pts',(48.0303443085051,81.2940321614294,61.2071388247207));
#8630=CARTESIAN_POINT('Ctrl Pts',(48.0969664818859,82.6324243978296,61.5562846255208));
#8631=CARTESIAN_POINT('Ctrl Pts',(48.2212831023448,85.1298571778532,62.2077888290052));
#8632=CARTESIAN_POINT('Ctrl Pts',(49.698242203833,87.1702534120707,62.7400661074967));
#8633=CARTESIAN_POINT('Ctrl Pts',(50.3836882721281,88.1171865905855,62.9870921540658));
#8634=CARTESIAN_POINT('',(48.0303443085051,82.5561416471644,56.3690524627365));
#8635=CARTESIAN_POINT('',(48.0303443085051,81.2940321614294,61.2071388247207));
#8636=CARTESIAN_POINT('Ctrl Pts',(48.0303443085051,82.5561416471644,56.3690524627365));
#8637=CARTESIAN_POINT('Ctrl Pts',(48.0969664818859,83.8945338835646,56.7181982635365));
#8638=CARTESIAN_POINT('Ctrl Pts',(48.2212831023448,86.3919666635882,57.369702467021));
#8639=CARTESIAN_POINT('Ctrl Pts',(49.698242203833,88.4323628978057,57.9019797455125));
#8640=CARTESIAN_POINT('Ctrl Pts',(50.3836882721281,89.3792960763205,58.1490057920816));
#8641=CARTESIAN_POINT('Ctrl Pts',(49.8209345947599,75.2546739671118,59.631654078377));
#8642=CARTESIAN_POINT('Ctrl Pts',(49.8209345947599,76.5167834528468,54.7935677163928));
#8643=CARTESIAN_POINT('Ctrl Pts',(49.2991281248098,76.1354356252961,59.8614179892077));
#8644=CARTESIAN_POINT('Ctrl Pts',(49.2991281248098,77.3975451110311,55.0233316272235));
#8645=CARTESIAN_POINT('Ctrl Pts',(48.1930714842342,78.0023582046426,60.3484412707763));
#8646=CARTESIAN_POINT('Ctrl Pts',(48.1930714842342,79.2644676903776,55.5103549087921));
#8647=CARTESIAN_POINT('Ctrl Pts',(48.0865905352582,80.1562735852041,60.9103322396185));
#8648=CARTESIAN_POINT('Ctrl Pts',(48.0865905352582,81.4183830709391,56.0722458776343));
#8649=CARTESIAN_POINT('Ctrl Pts',(48.0303443085051,81.2940321614294,61.2071388247207));
#8650=CARTESIAN_POINT('Ctrl Pts',(48.0303443085051,82.5561416471644,56.3690524627365));
#8651=CARTESIAN_POINT('',(49.8209345947599,75.2546739671118,59.631654078377));
#8652=CARTESIAN_POINT('Ctrl Pts',(49.8209345947599,75.2546739671118,59.631654078377));
#8653=CARTESIAN_POINT('Ctrl Pts',(49.2991281248098,76.1354356252961,59.8614179892077));
#8654=CARTESIAN_POINT('Ctrl Pts',(48.1930714842342,78.0023582046426,60.3484412707763));
#8655=CARTESIAN_POINT('Ctrl Pts',(48.0865905352582,80.1562735852041,60.9103322396185));
#8656=CARTESIAN_POINT('Ctrl Pts',(48.0303443085051,81.2940321614294,61.2071388247207));
#8657=CARTESIAN_POINT('',(49.8209345947599,76.5167834528468,54.7935677163928));
#8658=CARTESIAN_POINT('',(49.8209345947599,75.2546739671118,59.631654078377));
#8659=CARTESIAN_POINT('Ctrl Pts',(49.8209345947599,76.5167834528468,54.7935677163928));
#8660=CARTESIAN_POINT('Ctrl Pts',(49.2991281248098,77.3975451110311,55.0233316272235));
#8661=CARTESIAN_POINT('Ctrl Pts',(48.1930714842342,79.2644676903776,55.5103549087921));
#8662=CARTESIAN_POINT('Ctrl Pts',(48.0865905352582,81.4183830709391,56.0722458776343));
#8663=CARTESIAN_POINT('Ctrl Pts',(48.0303443085051,82.5561416471644,56.3690524627365));
#8664=CARTESIAN_POINT('Ctrl Pts',(56.8127501617765,72.2679985165626,58.8525213521468));
#8665=CARTESIAN_POINT('Ctrl Pts',(56.8127501617765,73.5301080022976,54.0144349901626));
#8666=CARTESIAN_POINT('Ctrl Pts',(55.3676388791423,72.3587804845346,58.8762036046612));
#8667=CARTESIAN_POINT('Ctrl Pts',(55.3676388791423,73.6208899702696,54.038117242677));
#8668=CARTESIAN_POINT('Ctrl Pts',(52.6450366704719,72.5298145007228,58.9208211741016));
#8669=CARTESIAN_POINT('Ctrl Pts',(52.6450366704719,73.7919239864578,54.0827348121174));
#8670=CARTESIAN_POINT('Ctrl Pts',(50.7228547887223,74.3844484184032,59.4046387178443));
#8671=CARTESIAN_POINT('Ctrl Pts',(50.7228547887223,75.6465579041382,54.5665523558601));
#8672=CARTESIAN_POINT('Ctrl Pts',(49.8209345947599,75.2546739671118,59.631654078377));
#8673=CARTESIAN_POINT('Ctrl Pts',(49.8209345947599,76.5167834528468,54.7935677163928));
#8674=CARTESIAN_POINT('',(56.8127501617765,72.2679985165626,58.8525213521468));
#8675=CARTESIAN_POINT('Ctrl Pts',(56.8127501617765,72.2679985165626,58.8525213521468));
#8676=CARTESIAN_POINT('Ctrl Pts',(55.3676388791423,72.3587804845346,58.8762036046612));
#8677=CARTESIAN_POINT('Ctrl Pts',(52.6450366704719,72.5298145007228,58.9208211741016));
#8678=CARTESIAN_POINT('Ctrl Pts',(50.7228547887223,74.3844484184032,59.4046387178443));
#8679=CARTESIAN_POINT('Ctrl Pts',(49.8209345947599,75.2546739671118,59.631654078377));
#8680=CARTESIAN_POINT('',(56.8127501617765,73.5301080022976,54.0144349901626));
#8681=CARTESIAN_POINT('',(56.8127501617765,72.2679985165626,58.8525213521468));
#8682=CARTESIAN_POINT('Ctrl Pts',(56.8127501617765,73.5301080022976,54.0144349901625));
#8683=CARTESIAN_POINT('Ctrl Pts',(55.3676388791423,73.6208899702696,54.038117242677));
#8684=CARTESIAN_POINT('Ctrl Pts',(52.6450366704719,73.7919239864578,54.0827348121174));
#8685=CARTESIAN_POINT('Ctrl Pts',(50.7228547887223,75.6465579041382,54.5665523558601));
#8686=CARTESIAN_POINT('Ctrl Pts',(49.8209345947599,76.5167834528468,54.7935677163928));
#8687=CARTESIAN_POINT('Ctrl Pts',(61.7837584625578,73.5963272367068,59.1990418878366));
#8688=CARTESIAN_POINT('Ctrl Pts',(61.7837584625578,74.8584367224418,54.3609555258523));
#8689=CARTESIAN_POINT('Ctrl Pts',(61.0546279484273,73.2092323079275,59.098060602068));
#8690=CARTESIAN_POINT('Ctrl Pts',(61.0546279484273,74.4713417936625,54.2599742400838));
#8691=CARTESIAN_POINT('Ctrl Pts',(59.509107061117,72.3887162463911,58.8840129338411));
#8692=CARTESIAN_POINT('Ctrl Pts',(59.509107061117,73.6508257321261,54.0459265718569));
#8693=CARTESIAN_POINT('Ctrl Pts',(57.7447410676592,72.3097243824546,58.8634063606403));
#8694=CARTESIAN_POINT('Ctrl Pts',(57.7447410676592,73.5718338681896,54.0253199986561));
#8695=CARTESIAN_POINT('Ctrl Pts',(56.8127501617765,72.2679985165626,58.8525213521468));
#8696=CARTESIAN_POINT('Ctrl Pts',(56.8127501617765,73.5301080022976,54.0144349901626));
#8697=CARTESIAN_POINT('',(61.7837584625578,73.5963272367068,59.1990418878366));
#8698=CARTESIAN_POINT('Ctrl Pts',(61.7837584625578,73.5963272367068,59.1990418878366));
#8699=CARTESIAN_POINT('Ctrl Pts',(61.0546279484273,73.2092323079275,59.098060602068));
#8700=CARTESIAN_POINT('Ctrl Pts',(59.509107061117,72.3887162463911,58.8840129338411));
#8701=CARTESIAN_POINT('Ctrl Pts',(57.7447410676592,72.3097243824546,58.8634063606403));
#8702=CARTESIAN_POINT('Ctrl Pts',(56.8127501617765,72.2679985165626,58.8525213521468));
#8703=CARTESIAN_POINT('',(61.7837584625578,74.8584367224418,54.3609555258523));
#8704=CARTESIAN_POINT('',(61.7837584625578,73.5963272367068,59.1990418878366));
#8705=CARTESIAN_POINT('Ctrl Pts',(61.7837584625578,74.8584367224418,54.3609555258523));
#8706=CARTESIAN_POINT('Ctrl Pts',(61.0546279484273,74.4713417936625,54.2599742400838));
#8707=CARTESIAN_POINT('Ctrl Pts',(59.509107061117,73.6508257321261,54.0459265718569));
#8708=CARTESIAN_POINT('Ctrl Pts',(57.7447410676592,73.5718338681896,54.0253199986561));
#8709=CARTESIAN_POINT('Ctrl Pts',(56.8127501617765,73.5301080022976,54.0144349901625));
#8710=CARTESIAN_POINT('Ctrl Pts',(64.6913302551603,77.4658052479646,60.2084709342516));
#8711=CARTESIAN_POINT('Ctrl Pts',(64.6913302551603,78.7279147336996,55.3703845722674));
#8712=CARTESIAN_POINT('Ctrl Pts',(64.3534600725596,76.6785541688803,60.003101087534));
#8713=CARTESIAN_POINT('Ctrl Pts',(64.3534600725596,77.9406636546153,55.1650147255498));
#8714=CARTESIAN_POINT('Ctrl Pts',(63.7025429044902,75.1618910558089,59.6074498406458));
#8715=CARTESIAN_POINT('Ctrl Pts',(63.7025429044902,76.4240005415439,54.7693634786616));
#8716=CARTESIAN_POINT('Ctrl Pts',(62.4068829668316,74.104743480537,59.331672212314));
#8717=CARTESIAN_POINT('Ctrl Pts',(62.4068829668316,75.366852966272,54.4935858503298));
#8718=CARTESIAN_POINT('Ctrl Pts',(61.7837584625578,73.5963272367068,59.1990418878366));
#8719=CARTESIAN_POINT('Ctrl Pts',(61.7837584625578,74.8584367224418,54.3609555258523));
#8720=CARTESIAN_POINT('',(64.6913302551603,77.4658052479646,60.2084709342516));
#8721=CARTESIAN_POINT('Ctrl Pts',(64.6913302551603,77.4658052479646,60.2084709342516));
#8722=CARTESIAN_POINT('Ctrl Pts',(64.3534600725596,76.6785541688803,60.003101087534));
#8723=CARTESIAN_POINT('Ctrl Pts',(63.7025429044902,75.1618910558089,59.6074498406458));
#8724=CARTESIAN_POINT('Ctrl Pts',(62.4068829668316,74.104743480537,59.331672212314));
#8725=CARTESIAN_POINT('Ctrl Pts',(61.7837584625578,73.5963272367068,59.1990418878366));
#8726=CARTESIAN_POINT('',(64.6913302551603,78.7279147336996,55.3703845722674));
#8727=CARTESIAN_POINT('',(64.6913302551603,77.4658052479646,60.2084709342516));
#8728=CARTESIAN_POINT('Ctrl Pts',(64.6913302551603,78.7279147336996,55.3703845722674));
#8729=CARTESIAN_POINT('Ctrl Pts',(64.3534600725596,77.9406636546153,55.1650147255498));
#8730=CARTESIAN_POINT('Ctrl Pts',(63.7025429044902,76.4240005415439,54.7693634786616));
#8731=CARTESIAN_POINT('Ctrl Pts',(62.4068829668316,75.366852966272,54.4935858503298));
#8732=CARTESIAN_POINT('Ctrl Pts',(61.7837584625578,74.8584367224418,54.3609555258523));
#8733=CARTESIAN_POINT('Origin',(59.9164260040617,78.2413517246404,60.4107874064279));
#8734=CARTESIAN_POINT('',(59.9164260040617,78.2413517246404,60.4107874064279));
#8735=CARTESIAN_POINT('',(27.6782102510506,83.4775268030853,61.776746122544));
#8736=CARTESIAN_POINT('',(59.9164260040617,79.5034612103754,55.5727010444437));
#8737=CARTESIAN_POINT('',(59.9164260040617,78.2413517246404,60.4107874064279));
#8738=CARTESIAN_POINT('',(59.9164260040617,79.5034612103754,55.5727010444437));
#8739=CARTESIAN_POINT('Ctrl Pts',(58.7568152557707,76.3272371144183,59.911453160283));
#8740=CARTESIAN_POINT('Ctrl Pts',(58.7568152557707,77.5893466001533,55.0733667982988));
#8741=CARTESIAN_POINT('Ctrl Pts',(59.0019496355198,76.5736593555152,59.9757372231779));
#8742=CARTESIAN_POINT('Ctrl Pts',(59.0019496355198,77.8357688412502,55.1376508611937));
#8743=CARTESIAN_POINT('Ctrl Pts',(59.545162805229,77.1197264017209,60.1181894961011));
#8744=CARTESIAN_POINT('Ctrl Pts',(59.545162805229,78.3818358874559,55.2801031341169));
#8745=CARTESIAN_POINT('Ctrl Pts',(59.784883459535,77.8439478089108,60.3071168197159));
#8746=CARTESIAN_POINT('Ctrl Pts',(59.784883459535,79.1060572946458,55.4690304577316));
#8747=CARTESIAN_POINT('Ctrl Pts',(59.9164260040617,78.2413517246404,60.4107874064279));
#8748=CARTESIAN_POINT('Ctrl Pts',(59.9164260040617,79.5034612103754,55.5727010444437));
#8749=CARTESIAN_POINT('Ctrl Pts',(58.7568152557707,76.3272371144183,59.911453160283));
#8750=CARTESIAN_POINT('Ctrl Pts',(59.0019496355198,76.5736593555152,59.9757372231779));
#8751=CARTESIAN_POINT('Ctrl Pts',(59.545162805229,77.1197264017209,60.1181894961011));
#8752=CARTESIAN_POINT('Ctrl Pts',(59.784883459535,77.8439478089108,60.3071168197159));
#8753=CARTESIAN_POINT('Ctrl Pts',(59.9164260040617,78.2413517246404,60.4107874064279));
#8754=CARTESIAN_POINT('Ctrl Pts',(58.7568152557707,77.5893466001533,55.0733667982988));
#8755=CARTESIAN_POINT('Ctrl Pts',(59.0019496355198,77.8357688412502,55.1376508611936));
#8756=CARTESIAN_POINT('Ctrl Pts',(59.545162805229,78.3818358874559,55.2801031341169));
#8757=CARTESIAN_POINT('Ctrl Pts',(59.784883459535,79.1060572946458,55.4690304577316));
#8758=CARTESIAN_POINT('Ctrl Pts',(59.9164260040617,79.5034612103754,55.5727010444437));
#8759=CARTESIAN_POINT('Origin',(-0.0511645663881133,66.9379675645117,52.2947461803054));
#8760=CARTESIAN_POINT('Origin',(-30.7639824737215,43.2757806647609,51.2893340864594));
#8761=CARTESIAN_POINT('',(-30.7639824737215,43.2757806647609,51.2893340864594));
#8762=CARTESIAN_POINT('',(-36.3233291495943,34.9097876543745,49.1069011272281));
#8763=CARTESIAN_POINT('',(-9.40440603835022,75.4187783192604,59.6744639093723));
#8764=CARTESIAN_POINT('',(-30.7639824737215,44.5378901504959,46.4512477244751));
#8765=CARTESIAN_POINT('',(-30.7639824737215,43.2757806647609,51.2893340864594));
#8766=CARTESIAN_POINT('',(-36.3233291495943,36.1718971401095,44.2688147652439));
#8767=CARTESIAN_POINT('',(-30.7639824737215,44.5378901504959,46.4512477244751));
#8768=CARTESIAN_POINT('',(-36.3233291495943,34.9097876543745,49.1069011272281));
#8769=CARTESIAN_POINT('Origin',(-25.2216946471834,34.9097876543745,49.1069011272281));
#8770=CARTESIAN_POINT('',(-25.2216946471834,34.9097876543745,49.1069011272281));
#8771=CARTESIAN_POINT('',(-40.3516387515327,57.7481913219781,55.0647455622551));
#8772=CARTESIAN_POINT('',(-25.2216946471834,36.1718971401095,44.2688147652439));
#8773=CARTESIAN_POINT('',(-25.2216946471834,34.9097876543745,49.1069011272281));
#8774=CARTESIAN_POINT('',(-25.2216946471834,36.1718971401095,44.2688147652439));
#8775=CARTESIAN_POINT('Origin',(-19.1336953033114,34.9097876543745,49.1069011272281));
#8776=CARTESIAN_POINT('',(-19.1336953033114,34.9097876543745,49.1069011272281));
#8777=CARTESIAN_POINT('',(-9.56684765165568,34.9097876543745,49.1069011272281));
#8778=CARTESIAN_POINT('',(-19.1336953033114,36.1718971401095,44.2688147652439));
#8779=CARTESIAN_POINT('',(-19.1336953033114,34.9097876543745,49.1069011272281));
#8780=CARTESIAN_POINT('',(-19.1336953033114,36.1718971401095,44.2688147652439));
#8781=CARTESIAN_POINT('Origin',(-27.6773535598421,47.35152569988,52.3525719217078));
#8782=CARTESIAN_POINT('',(-27.6773535598421,47.35152569988,52.3525719217078));
#8783=CARTESIAN_POINT('',(-39.551821399871,64.6437691229462,56.8635919451164));
#8784=CARTESIAN_POINT('',(-27.6773535598421,48.613635185615,47.5144855597236));
#8785=CARTESIAN_POINT('',(-27.6773535598421,47.35152569988,52.3525719217078));
#8786=CARTESIAN_POINT('',(-27.6773535598421,48.613635185615,47.5144855597236));
#8787=CARTESIAN_POINT('Origin',(-19.901088415494,59.1002194642956,55.4174485559032));
#8788=CARTESIAN_POINT('',(-19.901088415494,59.1002194642956,55.4174485559032));
#8789=CARTESIAN_POINT('',(-3.88816331423983,83.2931899706952,61.7286582532248));
#8790=CARTESIAN_POINT('',(-19.901088415494,60.3623289500306,50.579362193919));
#8791=CARTESIAN_POINT('',(-19.901088415494,59.1002194642956,55.4174485559032));
#8792=CARTESIAN_POINT('',(-19.901088415494,60.3623289500306,50.579362193919));
#8793=CARTESIAN_POINT('Origin',(-25.7503401626253,59.1002194642956,55.4174485559032));
#8794=CARTESIAN_POINT('',(-25.7503401626253,59.1002194642956,55.4174485559032));
#8795=CARTESIAN_POINT('',(-12.8751700813127,59.1002194642956,55.4174485559032));
#8796=CARTESIAN_POINT('',(-25.7503401626253,60.3623289500306,50.579362193919));
#8797=CARTESIAN_POINT('',(-25.7503401626253,59.1002194642956,55.4174485559032));
#8798=CARTESIAN_POINT('',(-25.7503401626253,60.3623289500306,50.579362193919));
#8799=CARTESIAN_POINT('Origin',(-30.6616651405001,51.3282597951705,53.3899808161314));
#8800=CARTESIAN_POINT('',(-30.6616651405001,51.3282597951705,53.3899808161314));
#8801=CARTESIAN_POINT('',(-11.8464408062717,81.1025397196159,61.1571842746824));
#8802=CARTESIAN_POINT('',(-30.6616651405001,52.5903692809055,48.5518944541472));
#8803=CARTESIAN_POINT('',(-30.6616651405001,51.3282597951705,53.3899808161314));
#8804=CARTESIAN_POINT('',(-30.6616651405001,52.5903692809055,48.5518944541472));
#8805=CARTESIAN_POINT('Origin',(-35.6753074515963,59.1002194642956,55.4174485559032));
#8806=CARTESIAN_POINT('',(-35.6753074515963,59.1002194642956,55.4174485559032));
#8807=CARTESIAN_POINT('',(-43.6487989212648,71.4604259327997,58.641850243339));
#8808=CARTESIAN_POINT('',(-35.6753074515963,60.3623289500306,50.579362193919));
#8809=CARTESIAN_POINT('',(-35.6753074515963,59.1002194642956,55.4174485559032));
#8810=CARTESIAN_POINT('',(-35.6753074515963,60.3623289500306,50.579362193919));
#8811=CARTESIAN_POINT('Origin',(-41.5757166732454,59.1002194642956,55.4174485559032));
#8812=CARTESIAN_POINT('',(-41.5757166732454,59.1002194642956,55.4174485559032));
#8813=CARTESIAN_POINT('',(-20.7878583366227,59.1002194642956,55.4174485559032));
#8814=CARTESIAN_POINT('',(-41.5757166732454,60.3623289500306,50.579362193919));
#8815=CARTESIAN_POINT('',(-41.5757166732454,59.1002194642956,55.4174485559032));
#8816=CARTESIAN_POINT('',(-41.5757166732454,60.3623289500306,50.579362193919));
#8817=CARTESIAN_POINT('Origin',(-33.8335620750093,47.5330342213359,52.3999219707833));
#8818=CARTESIAN_POINT('',(-33.8335620750093,47.5330342213359,52.3999219707833));
#8819=CARTESIAN_POINT('',(-44.7412338179616,63.8296681904989,56.6512177888258));
#8820=CARTESIAN_POINT('',(-33.8335620750093,48.7951437070709,47.5618356087991));
#8821=CARTESIAN_POINT('',(-33.8335620750093,47.5330342213359,52.3999219707833));
#8822=CARTESIAN_POINT('',(-33.8335620750093,48.7951437070709,47.5618356087991));
#8823=CARTESIAN_POINT('Origin',(-42.3772179473543,34.9097876543745,49.1069011272281));
#8824=CARTESIAN_POINT('',(-42.3772179473543,34.9097876543745,49.1069011272281));
#8825=CARTESIAN_POINT('',(-17.0492691914849,72.3318171646699,58.8691696951313));
#8826=CARTESIAN_POINT('',(-42.3772179473543,36.1718971401095,44.2688147652439));
#8827=CARTESIAN_POINT('',(-42.3772179473543,34.9097876543745,49.1069011272281));
#8828=CARTESIAN_POINT('',(-42.3772179473543,36.1718971401095,44.2688147652439));
#8829=CARTESIAN_POINT('Origin',(-36.3233291495943,34.9097876543745,49.1069011272281));
#8830=CARTESIAN_POINT('',(-18.1616645747972,34.9097876543745,49.1069011272281));
#8831=CARTESIAN_POINT('',(-36.3233291495943,36.1718971401095,44.2688147652439));
#8832=CARTESIAN_POINT('Origin',(-0.0511645663881133,66.9379675645117,52.2947461803054));
#8833=CARTESIAN_POINT('Ctrl Pts',(15.6718886505461,34.4972628345691,48.9992859568441));
#8834=CARTESIAN_POINT('Ctrl Pts',(15.6718886505461,35.7593723203041,44.1611995948599));
#8835=CARTESIAN_POINT('Ctrl Pts',(14.6039601878144,34.563684326448,49.0166133025517));
#8836=CARTESIAN_POINT('Ctrl Pts',(14.6039601878144,35.825793812183,44.1785269405674));
#8837=CARTESIAN_POINT('Ctrl Pts',(12.5441936530374,34.6917947485752,49.0500334126718));
#8838=CARTESIAN_POINT('Ctrl Pts',(12.5441936530374,35.9539042343102,44.2119470506876));
#8839=CARTESIAN_POINT('Ctrl Pts',(10.8568421173189,35.8357672188665,49.3484610136173));
#8840=CARTESIAN_POINT('Ctrl Pts',(10.8568421173189,37.0978767046015,44.5103746516331));
#8841=CARTESIAN_POINT('Ctrl Pts',(10.0443328033781,36.3866235563443,49.4921626668724));
#8842=CARTESIAN_POINT('Ctrl Pts',(10.0443328033781,37.6487330420793,44.6540763048882));
#8843=CARTESIAN_POINT('',(15.6718886505461,34.4972628345691,48.9992859568441));
#8844=CARTESIAN_POINT('',(10.0443328033781,36.3866235563443,49.4921626668724));
#8845=CARTESIAN_POINT('Ctrl Pts',(15.6718886505461,34.4972628345691,48.9992859568441));
#8846=CARTESIAN_POINT('Ctrl Pts',(14.6039601878144,34.563684326448,49.0166133025517));
#8847=CARTESIAN_POINT('Ctrl Pts',(12.5441936530374,34.6917947485752,49.0500334126718));
#8848=CARTESIAN_POINT('Ctrl Pts',(10.8568421173189,35.8357672188665,49.3484610136173));
#8849=CARTESIAN_POINT('Ctrl Pts',(10.0443328033781,36.3866235563443,49.4921626668724));
#8850=CARTESIAN_POINT('',(15.6718886505461,35.7593723203041,44.1611995948599));
#8851=CARTESIAN_POINT('',(15.6718886505461,34.4972628345691,48.9992859568441));
#8852=CARTESIAN_POINT('',(10.0443328033781,37.6487330420793,44.6540763048882));
#8853=CARTESIAN_POINT('Ctrl Pts',(15.6718886505461,35.7593723203041,44.1611995948599));
#8854=CARTESIAN_POINT('Ctrl Pts',(14.6039601878144,35.825793812183,44.1785269405674));
#8855=CARTESIAN_POINT('Ctrl Pts',(12.5441936530374,35.9539042343102,44.2119470506876));
#8856=CARTESIAN_POINT('Ctrl Pts',(10.8568421173189,37.0978767046015,44.5103746516331));
#8857=CARTESIAN_POINT('Ctrl Pts',(10.0443328033781,37.6487330420793,44.6540763048882));
#8858=CARTESIAN_POINT('',(10.0443328033781,36.3866235563443,49.4921626668724));
#8859=CARTESIAN_POINT('Ctrl Pts',(21.6575682770109,36.741395455052,49.5847118578397));
#8860=CARTESIAN_POINT('Ctrl Pts',(21.6575682770109,38.003504940787,44.7466254958554));
#8861=CARTESIAN_POINT('Ctrl Pts',(20.7958621217258,36.0869241535177,49.4139802139611));
#8862=CARTESIAN_POINT('Ctrl Pts',(20.7958621217258,37.3490336392527,44.5758938519769));
#8863=CARTESIAN_POINT('Ctrl Pts',(19.0383430514838,34.7520772497122,49.0657592825336));
#8864=CARTESIAN_POINT('Ctrl Pts',(19.0383430514838,36.0141867354472,44.2276729205494));
#8865=CARTESIAN_POINT('Ctrl Pts',(16.808464603648,34.5832927943614,49.0217285550508));
#8866=CARTESIAN_POINT('Ctrl Pts',(16.808464603648,35.8454022800964,44.1836421930666));
#8867=CARTESIAN_POINT('Ctrl Pts',(15.6718886505461,34.4972628345691,48.9992859568441));
#8868=CARTESIAN_POINT('Ctrl Pts',(15.6718886505461,35.7593723203041,44.1611995948599));
#8869=CARTESIAN_POINT('',(21.6575682770109,36.741395455052,49.5847118578397));
#8870=CARTESIAN_POINT('Ctrl Pts',(21.6575682770109,36.741395455052,49.5847118578397));
#8871=CARTESIAN_POINT('Ctrl Pts',(20.7958621217258,36.0869241535177,49.4139802139611));
#8872=CARTESIAN_POINT('Ctrl Pts',(19.0383430514838,34.7520772497122,49.0657592825336));
#8873=CARTESIAN_POINT('Ctrl Pts',(16.808464603648,34.5832927943614,49.0217285550508));
#8874=CARTESIAN_POINT('Ctrl Pts',(15.6718886505461,34.4972628345691,48.9992859568441));
#8875=CARTESIAN_POINT('',(21.6575682770109,38.003504940787,44.7466254958554));
#8876=CARTESIAN_POINT('',(21.6575682770109,36.741395455052,49.5847118578397));
#8877=CARTESIAN_POINT('Ctrl Pts',(21.6575682770109,38.003504940787,44.7466254958554));
#8878=CARTESIAN_POINT('Ctrl Pts',(20.7958621217258,37.3490336392527,44.5758938519769));
#8879=CARTESIAN_POINT('Ctrl Pts',(19.0383430514838,36.0141867354472,44.2276729205494));
#8880=CARTESIAN_POINT('Ctrl Pts',(16.808464603648,35.8454022800964,44.1836421930666));
#8881=CARTESIAN_POINT('Ctrl Pts',(15.6718886505461,35.7593723203041,44.1611995948599));
#8882=CARTESIAN_POINT('Ctrl Pts',(24.062067330966,42.1702161778242,51.0009259594324));
#8883=CARTESIAN_POINT('Ctrl Pts',(24.062067330966,43.4323256635592,46.1628395974482));
#8884=CARTESIAN_POINT('Ctrl Pts',(23.9602044560592,41.1462832374909,50.7338130184759));
#8885=CARTESIAN_POINT('Ctrl Pts',(23.9602044560592,42.408392723226,45.8957266564917));
#8886=CARTESIAN_POINT('Ctrl Pts',(23.7556167484643,39.0897528952517,50.1973268422396));
#8887=CARTESIAN_POINT('Ctrl Pts',(23.7556167484643,40.3518623809867,45.3592404802554));
#8888=CARTESIAN_POINT('Ctrl Pts',(22.3588793201692,37.526376845379,49.789489611838));
#8889=CARTESIAN_POINT('Ctrl Pts',(22.3588793201692,38.788486331114,44.9514032498538));
#8890=CARTESIAN_POINT('Ctrl Pts',(21.6575682770109,36.741395455052,49.5847118578397));
#8891=CARTESIAN_POINT('Ctrl Pts',(21.6575682770109,38.003504940787,44.7466254958554));
#8892=CARTESIAN_POINT('',(24.062067330966,42.1702161778242,51.0009259594324));
#8893=CARTESIAN_POINT('Ctrl Pts',(24.062067330966,42.1702161778242,51.0009259594324));
#8894=CARTESIAN_POINT('Ctrl Pts',(23.9602044560592,41.1462832374909,50.7338130184759));
#8895=CARTESIAN_POINT('Ctrl Pts',(23.7556167484643,39.0897528952517,50.1973268422396));
#8896=CARTESIAN_POINT('Ctrl Pts',(22.3588793201692,37.526376845379,49.789489611838));
#8897=CARTESIAN_POINT('Ctrl Pts',(21.6575682770109,36.741395455052,49.5847118578397));
#8898=CARTESIAN_POINT('',(24.062067330966,43.4323256635592,46.1628395974482));
#8899=CARTESIAN_POINT('',(24.062067330966,42.1702161778242,51.0009259594324));
#8900=CARTESIAN_POINT('Ctrl Pts',(24.062067330966,43.4323256635592,46.1628395974482));
#8901=CARTESIAN_POINT('Ctrl Pts',(23.9602044560592,42.4083927232259,45.8957266564917));
#8902=CARTESIAN_POINT('Ctrl Pts',(23.7556167484643,40.3518623809867,45.3592404802554));
#8903=CARTESIAN_POINT('Ctrl Pts',(22.3588793201692,38.788486331114,44.9514032498538));
#8904=CARTESIAN_POINT('Ctrl Pts',(21.6575682770109,38.003504940787,44.7466254958554));
#8905=CARTESIAN_POINT('Ctrl Pts',(22.7745497833586,45.9159385887238,51.9780709361888));
#8906=CARTESIAN_POINT('Ctrl Pts',(22.7745497833586,47.1780480744588,47.1399845742046));
#8907=CARTESIAN_POINT('Ctrl Pts',(23.1499987707388,45.3627908584531,51.8337715282921));
#8908=CARTESIAN_POINT('Ctrl Pts',(23.1499987707388,46.6249003441881,46.9956851663079));
#8909=CARTESIAN_POINT('Ctrl Pts',(23.9215132811865,44.2261211252283,51.53724898919));
#8910=CARTESIAN_POINT('Ctrl Pts',(23.9215132811865,45.4882306109633,46.6991626272058));
#8911=CARTESIAN_POINT('Ctrl Pts',(24.0143887036795,42.86761853569,51.1828570093105));
#8912=CARTESIAN_POINT('Ctrl Pts',(24.0143887036795,44.1297280214251,46.3447706473262));
#8913=CARTESIAN_POINT('Ctrl Pts',(24.062067330966,42.1702161778242,51.0009259594324));
#8914=CARTESIAN_POINT('Ctrl Pts',(24.062067330966,43.4323256635592,46.1628395974482));
#8915=CARTESIAN_POINT('',(22.7745497833586,45.9159385887238,51.9780709361888));
#8916=CARTESIAN_POINT('Ctrl Pts',(22.7745497833586,45.9159385887238,51.9780709361888));
#8917=CARTESIAN_POINT('Ctrl Pts',(23.1499987707388,45.3627908584531,51.8337715282921));
#8918=CARTESIAN_POINT('Ctrl Pts',(23.9215132811865,44.2261211252283,51.53724898919));
#8919=CARTESIAN_POINT('Ctrl Pts',(24.0143887036795,42.86761853569,51.1828570093105));
#8920=CARTESIAN_POINT('Ctrl Pts',(24.062067330966,42.1702161778242,51.0009259594324));
#8921=CARTESIAN_POINT('',(22.7745497833586,47.1780480744588,47.1399845742046));
#8922=CARTESIAN_POINT('',(22.7745497833586,45.9159385887238,51.9780709361888));
#8923=CARTESIAN_POINT('Ctrl Pts',(22.7745497833586,47.1780480744588,47.1399845742046));
#8924=CARTESIAN_POINT('Ctrl Pts',(23.1499987707388,46.6249003441881,46.9956851663079));
#8925=CARTESIAN_POINT('Ctrl Pts',(23.9215132811865,45.4882306109633,46.6991626272058));
#8926=CARTESIAN_POINT('Ctrl Pts',(24.0143887036795,44.1297280214251,46.3447706473262));
#8927=CARTESIAN_POINT('Ctrl Pts',(24.062067330966,43.4323256635592,46.1628395974482));
#8928=CARTESIAN_POINT('Ctrl Pts',(19.3383277069426,47.9125553945317,52.4989274942257));
#8929=CARTESIAN_POINT('Ctrl Pts',(19.3383277069426,49.1746648802668,47.6608411322415));
#8930=CARTESIAN_POINT('Ctrl Pts',(20.0146183467849,47.7228167052577,52.4494304448498));
#8931=CARTESIAN_POINT('Ctrl Pts',(20.0146183467849,48.9849261909927,47.6113440828656));
#8932=CARTESIAN_POINT('Ctrl Pts',(21.3430822300426,47.3501056530745,52.3522014747151));
#8933=CARTESIAN_POINT('Ctrl Pts',(21.3430822300426,48.6122151388095,47.5141151127309));
#8934=CARTESIAN_POINT('Ctrl Pts',(22.3032040610566,46.3881731910955,52.1012625715901));
#8935=CARTESIAN_POINT('Ctrl Pts',(22.3032040610566,47.6502826768305,47.2631762096059));
#8936=CARTESIAN_POINT('Ctrl Pts',(22.7745497833586,45.9159385887238,51.9780709361888));
#8937=CARTESIAN_POINT('Ctrl Pts',(22.7745497833586,47.1780480744588,47.1399845742046));
#8938=CARTESIAN_POINT('',(19.3383277069426,47.9125553945317,52.4989274942257));
#8939=CARTESIAN_POINT('Ctrl Pts',(19.3383277069426,47.9125553945317,52.4989274942257));
#8940=CARTESIAN_POINT('Ctrl Pts',(20.0146183467849,47.7228167052577,52.4494304448498));
#8941=CARTESIAN_POINT('Ctrl Pts',(21.3430822300426,47.3501056530745,52.3522014747151));
#8942=CARTESIAN_POINT('Ctrl Pts',(22.3032040610566,46.3881731910955,52.1012625715901));
#8943=CARTESIAN_POINT('Ctrl Pts',(22.7745497833586,45.9159385887238,51.9780709361888));
#8944=CARTESIAN_POINT('',(19.3383277069426,49.1746648802668,47.6608411322415));
#8945=CARTESIAN_POINT('',(19.3383277069426,47.9125553945317,52.4989274942257));
#8946=CARTESIAN_POINT('Ctrl Pts',(19.3383277069426,49.1746648802667,47.6608411322415));
#8947=CARTESIAN_POINT('Ctrl Pts',(20.0146183467849,48.9849261909927,47.6113440828656));
#8948=CARTESIAN_POINT('Ctrl Pts',(21.3430822300426,48.6122151388095,47.5141151127309));
#8949=CARTESIAN_POINT('Ctrl Pts',(22.3032040610566,47.6502826768305,47.2631762096059));
#8950=CARTESIAN_POINT('Ctrl Pts',(22.7745497833586,47.1780480744588,47.1399845742046));
#8951=CARTESIAN_POINT('Ctrl Pts',(22.9365599762297,52.9948585907176,53.8247457193176));
#8952=CARTESIAN_POINT('Ctrl Pts',(22.9365599762297,54.2569680764526,48.9866593573334));
#8953=CARTESIAN_POINT('Ctrl Pts',(22.7498849796959,51.9686823909212,53.5570475802403));
#8954=CARTESIAN_POINT('Ctrl Pts',(22.7498849796959,53.2307918766562,48.7189612182561));
#8955=CARTESIAN_POINT('Ctrl Pts',(22.3494168912256,49.767258371653,52.9827630534747));
#8956=CARTESIAN_POINT('Ctrl Pts',(22.3494168912256,51.029367857388,48.1446766914905));
#8957=CARTESIAN_POINT('Ctrl Pts',(20.3863347881946,48.5580832200734,52.6673260574104));
#8958=CARTESIAN_POINT('Ctrl Pts',(20.3863347881946,49.8201927058084,47.8292396954262));
#8959=CARTESIAN_POINT('Ctrl Pts',(19.3383277069426,47.9125553945317,52.4989274942257));
#8960=CARTESIAN_POINT('Ctrl Pts',(19.3383277069426,49.1746648802668,47.6608411322415));
#8961=CARTESIAN_POINT('',(22.9365599762297,52.9948585907176,53.8247457193176));
#8962=CARTESIAN_POINT('Ctrl Pts',(22.9365599762297,52.9948585907176,53.8247457193176));
#8963=CARTESIAN_POINT('Ctrl Pts',(22.7498849796959,51.9686823909212,53.5570475802403));
#8964=CARTESIAN_POINT('Ctrl Pts',(22.3494168912256,49.767258371653,52.9827630534747));
#8965=CARTESIAN_POINT('Ctrl Pts',(20.3863347881946,48.5580832200734,52.6673260574104));
#8966=CARTESIAN_POINT('Ctrl Pts',(19.3383277069426,47.9125553945317,52.4989274942257));
#8967=CARTESIAN_POINT('',(22.9365599762297,54.2569680764526,48.9866593573334));
#8968=CARTESIAN_POINT('',(22.9365599762297,52.9948585907176,53.8247457193176));
#8969=CARTESIAN_POINT('Ctrl Pts',(22.9365599762297,54.2569680764526,48.9866593573334));
#8970=CARTESIAN_POINT('Ctrl Pts',(22.7498849796959,53.2307918766562,48.7189612182561));
#8971=CARTESIAN_POINT('Ctrl Pts',(22.3494168912256,51.029367857388,48.1446766914905));
#8972=CARTESIAN_POINT('Ctrl Pts',(20.3863347881946,49.8201927058084,47.8292396954262));
#8973=CARTESIAN_POINT('Ctrl Pts',(19.3383277069426,49.1746648802667,47.6608411322415));
#8974=CARTESIAN_POINT('Ctrl Pts',(21.1800730835295,57.0210958489431,54.875068482333));
#8975=CARTESIAN_POINT('Ctrl Pts',(21.1800730835295,58.2832053346781,50.0369821203488));
#8976=CARTESIAN_POINT('Ctrl Pts',(21.692282238124,56.4179804856669,54.7177340397392));
#8977=CARTESIAN_POINT('Ctrl Pts',(21.692282238124,57.6800899714019,49.879647677755));
#8978=CARTESIAN_POINT('Ctrl Pts',(22.6908458704763,55.2421930900721,54.4110068930623));
#8979=CARTESIAN_POINT('Ctrl Pts',(22.6908458704763,56.5043025758071,49.5729205310781));
#8980=CARTESIAN_POINT('Ctrl Pts',(22.8560813594172,53.7309269229299,54.0167635451121));
#8981=CARTESIAN_POINT('Ctrl Pts',(22.8560813594172,54.9930364086649,49.1786771831279));
#8982=CARTESIAN_POINT('Ctrl Pts',(22.9365599762297,52.9948585907176,53.8247457193176));
#8983=CARTESIAN_POINT('Ctrl Pts',(22.9365599762297,54.2569680764526,48.9866593573334));
#8984=CARTESIAN_POINT('',(21.1800730835295,57.0210958489431,54.875068482333));
#8985=CARTESIAN_POINT('Ctrl Pts',(21.1800730835295,57.0210958489431,54.875068482333));
#8986=CARTESIAN_POINT('Ctrl Pts',(21.692282238124,56.4179804856669,54.7177340397392));
#8987=CARTESIAN_POINT('Ctrl Pts',(22.6908458704763,55.2421930900721,54.4110068930623));
#8988=CARTESIAN_POINT('Ctrl Pts',(22.8560813594172,53.7309269229299,54.0167635451121));
#8989=CARTESIAN_POINT('Ctrl Pts',(22.9365599762297,52.9948585907176,53.8247457193176));
#8990=CARTESIAN_POINT('',(21.1800730835295,58.2832053346781,50.0369821203488));
#8991=CARTESIAN_POINT('',(21.1800730835295,57.0210958489431,54.875068482333));
#8992=CARTESIAN_POINT('Ctrl Pts',(21.1800730835295,58.2832053346781,50.0369821203488));
#8993=CARTESIAN_POINT('Ctrl Pts',(21.692282238124,57.6800899714019,49.879647677755));
#8994=CARTESIAN_POINT('Ctrl Pts',(22.6908458704763,56.5043025758071,49.5729205310781));
#8995=CARTESIAN_POINT('Ctrl Pts',(22.8560813594172,54.9930364086649,49.1786771831279));
#8996=CARTESIAN_POINT('Ctrl Pts',(22.9365599762297,54.2569680764526,48.9866593573334));
#8997=CARTESIAN_POINT('Ctrl Pts',(15.5184138428068,59.1992234831862,55.443275691266));
#8998=CARTESIAN_POINT('Ctrl Pts',(15.5184138428068,60.4613329689213,50.6051893292818));
#8999=CARTESIAN_POINT('Ctrl Pts',(16.6226238412638,59.1225535465551,55.4232748382318));
#9000=CARTESIAN_POINT('Ctrl Pts',(16.6226238412638,60.3846630322901,50.5851884762476));
#9001=CARTESIAN_POINT('Ctrl Pts',(18.7528567750685,58.9746425293822,55.384689355491));
#9002=CARTESIAN_POINT('Ctrl Pts',(18.7528567750685,60.2367520151172,50.5466029935068));
#9003=CARTESIAN_POINT('Ctrl Pts',(20.3910433898755,57.6561469292413,55.0407339815412));
#9004=CARTESIAN_POINT('Ctrl Pts',(20.3910433898755,58.9182564149764,50.202647619557));
#9005=CARTESIAN_POINT('Ctrl Pts',(21.1800730835295,57.0210958489431,54.875068482333));
#9006=CARTESIAN_POINT('Ctrl Pts',(21.1800730835295,58.2832053346781,50.0369821203488));
#9007=CARTESIAN_POINT('',(15.5184138428068,59.1992234831862,55.443275691266));
#9008=CARTESIAN_POINT('Ctrl Pts',(15.5184138428068,59.1992234831862,55.443275691266));
#9009=CARTESIAN_POINT('Ctrl Pts',(16.6226238412638,59.1225535465551,55.4232748382318));
#9010=CARTESIAN_POINT('Ctrl Pts',(18.7528567750685,58.9746425293822,55.384689355491));
#9011=CARTESIAN_POINT('Ctrl Pts',(20.3910433898755,57.6561469292413,55.0407339815412));
#9012=CARTESIAN_POINT('Ctrl Pts',(21.1800730835295,57.0210958489431,54.875068482333));
#9013=CARTESIAN_POINT('',(15.5184138428068,60.4613329689213,50.6051893292818));
#9014=CARTESIAN_POINT('',(15.5184138428068,59.1992234831862,55.443275691266));
#9015=CARTESIAN_POINT('Ctrl Pts',(15.5184138428068,60.4613329689212,50.6051893292817));
#9016=CARTESIAN_POINT('Ctrl Pts',(16.6226238412638,60.3846630322901,50.5851884762475));
#9017=CARTESIAN_POINT('Ctrl Pts',(18.7528567750685,60.2367520151172,50.5466029935068));
#9018=CARTESIAN_POINT('Ctrl Pts',(20.3910433898755,58.9182564149763,50.202647619557));
#9019=CARTESIAN_POINT('Ctrl Pts',(21.1800730835295,58.2832053346781,50.0369821203488));
#9020=CARTESIAN_POINT('Ctrl Pts',(11.7922843109465,58.4484308949572,55.2474167552062));
#9021=CARTESIAN_POINT('Ctrl Pts',(11.7922843109465,59.7105403806923,50.409330393222));
#9022=CARTESIAN_POINT('Ctrl Pts',(12.3730763024039,58.6673559905626,55.304527649712));
#9023=CARTESIAN_POINT('Ctrl Pts',(12.3730763024039,59.9294654762976,50.4664412877278));
#9024=CARTESIAN_POINT('Ctrl Pts',(13.5710662745515,59.1189291407511,55.4223293410655));
#9025=CARTESIAN_POINT('Ctrl Pts',(13.5710662745515,60.3810386264861,50.5842429790813));
#9026=CARTESIAN_POINT('Ctrl Pts',(14.8562791118275,59.1719218993837,55.4361535389697));
#9027=CARTESIAN_POINT('Ctrl Pts',(14.8562791118275,60.4340313851187,50.5980671769854));
#9028=CARTESIAN_POINT('Ctrl Pts',(15.5184138428068,59.1992234831862,55.443275691266));
#9029=CARTESIAN_POINT('Ctrl Pts',(15.5184138428068,60.4613329689213,50.6051893292818));
#9030=CARTESIAN_POINT('',(11.7922843109465,58.4484308949572,55.2474167552062));
#9031=CARTESIAN_POINT('Ctrl Pts',(11.7922843109465,58.4484308949572,55.2474167552062));
#9032=CARTESIAN_POINT('Ctrl Pts',(12.3730763024039,58.6673559905626,55.304527649712));
#9033=CARTESIAN_POINT('Ctrl Pts',(13.5710662745515,59.1189291407511,55.4223293410655));
#9034=CARTESIAN_POINT('Ctrl Pts',(14.8562791118275,59.1719218993837,55.4361535389697));
#9035=CARTESIAN_POINT('Ctrl Pts',(15.5184138428068,59.1992234831862,55.443275691266));
#9036=CARTESIAN_POINT('',(11.7922843109465,59.7105403806923,50.409330393222));
#9037=CARTESIAN_POINT('',(11.7922843109465,58.4484308949572,55.2474167552062));
#9038=CARTESIAN_POINT('Ctrl Pts',(11.7922843109465,59.7105403806923,50.409330393222));
#9039=CARTESIAN_POINT('Ctrl Pts',(12.3730763024039,59.9294654762976,50.4664412877278));
#9040=CARTESIAN_POINT('Ctrl Pts',(13.5710662745515,60.3810386264861,50.5842429790813));
#9041=CARTESIAN_POINT('Ctrl Pts',(14.8562791118275,60.4340313851187,50.5980671769854));
#9042=CARTESIAN_POINT('Ctrl Pts',(15.5184138428068,60.4613329689212,50.6051893292817));
#9043=CARTESIAN_POINT('Ctrl Pts',(9.20019751895429,56.3858044889508,54.7093403014654));
#9044=CARTESIAN_POINT('Ctrl Pts',(9.20019751895429,57.6479139746858,49.8712539394812));
#9045=CARTESIAN_POINT('Ctrl Pts',(9.54817883306594,56.8030881540135,54.8181969097427));
#9046=CARTESIAN_POINT('Ctrl Pts',(9.54817883306594,58.0651976397485,49.9801105477584));
#9047=CARTESIAN_POINT('Ctrl Pts',(10.2649082310679,57.6625580678505,55.0424064524827));
#9048=CARTESIAN_POINT('Ctrl Pts',(10.2649082310679,58.9246675535855,50.2043200904985));
#9049=CARTESIAN_POINT('Ctrl Pts',(11.2734186391748,58.181461654221,55.177772605449));
#9050=CARTESIAN_POINT('Ctrl Pts',(11.2734186391748,59.443571139956,50.3396862434647));
#9051=CARTESIAN_POINT('Ctrl Pts',(11.7922843109465,58.4484308949572,55.2474167552062));
#9052=CARTESIAN_POINT('Ctrl Pts',(11.7922843109465,59.7105403806923,50.409330393222));
#9053=CARTESIAN_POINT('',(9.20019751895429,56.3858044889508,54.7093403014654));
#9054=CARTESIAN_POINT('Ctrl Pts',(9.20019751895429,56.3858044889508,54.7093403014654));
#9055=CARTESIAN_POINT('Ctrl Pts',(9.54817883306594,56.8030881540135,54.8181969097427));
#9056=CARTESIAN_POINT('Ctrl Pts',(10.2649082310679,57.6625580678505,55.0424064524827));
#9057=CARTESIAN_POINT('Ctrl Pts',(11.2734186391748,58.181461654221,55.177772605449));
#9058=CARTESIAN_POINT('Ctrl Pts',(11.7922843109465,58.4484308949572,55.2474167552062));
#9059=CARTESIAN_POINT('',(9.20019751895429,57.6479139746858,49.8712539394812));
#9060=CARTESIAN_POINT('',(9.20019751895429,56.3858044889508,54.7093403014654));
#9061=CARTESIAN_POINT('Ctrl Pts',(9.20019751895429,57.6479139746858,49.8712539394812));
#9062=CARTESIAN_POINT('Ctrl Pts',(9.54817883306594,58.0651976397485,49.9801105477584));
#9063=CARTESIAN_POINT('Ctrl Pts',(10.2649082310679,58.9246675535855,50.2043200904985));
#9064=CARTESIAN_POINT('Ctrl Pts',(11.2734186391748,59.443571139956,50.3396862434647));
#9065=CARTESIAN_POINT('Ctrl Pts',(11.7922843109465,59.7105403806923,50.409330393222));
#9066=CARTESIAN_POINT('Ctrl Pts',(7.81036502231121,52.8793527485222,53.794613760484));
#9067=CARTESIAN_POINT('Ctrl Pts',(7.81036502231121,54.1414622342572,48.9565273984998));
#9068=CARTESIAN_POINT('Ctrl Pts',(7.96760924828799,53.5507737266454,53.9697670591249));
#9069=CARTESIAN_POINT('Ctrl Pts',(7.96760924828799,54.8128832123804,49.1316806971407));
#9070=CARTESIAN_POINT('Ctrl Pts',(8.25685995557521,54.7858524177911,54.2919615002933));
#9071=CARTESIAN_POINT('Ctrl Pts',(8.25685995557521,56.0479619035261,49.4538751383091));
#9072=CARTESIAN_POINT('Ctrl Pts',(8.90459028470345,55.8844384615075,54.5785491638715));
#9073=CARTESIAN_POINT('Ctrl Pts',(8.90459028470345,57.1465479472425,49.7404628018873));
#9074=CARTESIAN_POINT('Ctrl Pts',(9.20019751895429,56.3858044889508,54.7093403014654));
#9075=CARTESIAN_POINT('Ctrl Pts',(9.20019751895429,57.6479139746858,49.8712539394812));
#9076=CARTESIAN_POINT('',(7.81036502231121,52.8793527485222,53.794613760484));
#9077=CARTESIAN_POINT('Ctrl Pts',(7.81036502231121,52.8793527485222,53.794613760484));
#9078=CARTESIAN_POINT('Ctrl Pts',(7.96760924828799,53.5507737266454,53.9697670591249));
#9079=CARTESIAN_POINT('Ctrl Pts',(8.25685995557521,54.7858524177911,54.2919615002933));
#9080=CARTESIAN_POINT('Ctrl Pts',(8.90459028470345,55.8844384615075,54.5785491638715));
#9081=CARTESIAN_POINT('Ctrl Pts',(9.20019751895429,56.3858044889508,54.7093403014654));
#9082=CARTESIAN_POINT('',(7.81036502231121,54.1414622342572,48.9565273984998));
#9083=CARTESIAN_POINT('',(7.81036502231121,52.8793527485222,53.794613760484));
#9084=CARTESIAN_POINT('Ctrl Pts',(7.81036502231121,54.1414622342572,48.9565273984998));
#9085=CARTESIAN_POINT('Ctrl Pts',(7.96760924828799,54.8128832123804,49.1316806971407));
#9086=CARTESIAN_POINT('Ctrl Pts',(8.25685995557521,56.0479619035261,49.4538751383091));
#9087=CARTESIAN_POINT('Ctrl Pts',(8.90459028470345,57.1465479472425,49.7404628018873));
#9088=CARTESIAN_POINT('Ctrl Pts',(9.20019751895429,57.6479139746858,49.8712539394812));
#9089=CARTESIAN_POINT('Origin',(12.227145494113,52.1533094347813,53.6052111568995));
#9090=CARTESIAN_POINT('',(12.227145494113,52.1533094347813,53.6052111568995));
#9091=CARTESIAN_POINT('',(0.922836184669692,54.0115449171601,54.0899682392591));
#9092=CARTESIAN_POINT('',(12.227145494113,53.4154189205164,48.7671247949153));
#9093=CARTESIAN_POINT('',(12.227145494113,52.1533094347813,53.6052111568995));
#9094=CARTESIAN_POINT('',(12.227145494113,53.4154189205164,48.7671247949153));
#9095=CARTESIAN_POINT('Ctrl Pts',(13.2844412933683,54.5624510603947,54.2336828853204));
#9096=CARTESIAN_POINT('Ctrl Pts',(13.2844412933683,55.8245605461297,49.3955965233361));
#9097=CARTESIAN_POINT('Ctrl Pts',(13.0211428017889,54.2370997013471,54.1488086177427));
#9098=CARTESIAN_POINT('Ctrl Pts',(13.0211428017889,55.4992091870821,49.3107222557585));
#9099=CARTESIAN_POINT('Ctrl Pts',(12.4476795075626,53.5284854551308,53.9639527274254));
#9100=CARTESIAN_POINT('Ctrl Pts',(12.4476795075626,54.7905949408658,49.1258663654412));
#9101=CARTESIAN_POINT('Ctrl Pts',(12.3045557632076,52.6360138671842,53.7311340523089));
#9102=CARTESIAN_POINT('Ctrl Pts',(12.3045557632076,53.8981233529192,48.8930476903247));
#9103=CARTESIAN_POINT('Ctrl Pts',(12.227145494113,52.1533094347813,53.6052111568995));
#9104=CARTESIAN_POINT('Ctrl Pts',(12.227145494113,53.4154189205164,48.7671247949153));
#9105=CARTESIAN_POINT('',(13.2844412933683,54.5624510603947,54.2336828853204));
#9106=CARTESIAN_POINT('Ctrl Pts',(13.2844412933683,54.5624510603947,54.2336828853204));
#9107=CARTESIAN_POINT('Ctrl Pts',(13.0211428017889,54.2370997013471,54.1488086177427));
#9108=CARTESIAN_POINT('Ctrl Pts',(12.4476795075626,53.5284854551308,53.9639527274254));
#9109=CARTESIAN_POINT('Ctrl Pts',(12.3045557632076,52.6360138671842,53.7311340523089));
#9110=CARTESIAN_POINT('Ctrl Pts',(12.227145494113,52.1533094347813,53.6052111568995));
#9111=CARTESIAN_POINT('',(13.2844412933683,55.8245605461297,49.3955965233361));
#9112=CARTESIAN_POINT('',(13.2844412933683,54.5624510603947,54.2336828853204));
#9113=CARTESIAN_POINT('Ctrl Pts',(13.2844412933683,55.8245605461297,49.3955965233361));
#9114=CARTESIAN_POINT('Ctrl Pts',(13.0211428017889,55.4992091870821,49.3107222557585));
#9115=CARTESIAN_POINT('Ctrl Pts',(12.4476795075626,54.7905949408658,49.1258663654412));
#9116=CARTESIAN_POINT('Ctrl Pts',(12.3045557632076,53.8981233529192,48.8930476903247));
#9117=CARTESIAN_POINT('Ctrl Pts',(12.227145494113,53.4154189205164,48.7671247949153));
#9118=CARTESIAN_POINT('Ctrl Pts',(15.3819907318449,55.3875007000055,54.4489132260884));
#9119=CARTESIAN_POINT('Ctrl Pts',(15.3819907318449,56.6496101857406,49.6108268641042));
#9120=CARTESIAN_POINT('Ctrl Pts',(14.9879630807689,55.3534356130077,54.4400266816542));
#9121=CARTESIAN_POINT('Ctrl Pts',(14.9879630807689,56.6155450987427,49.60194031967));
#9122=CARTESIAN_POINT('Ctrl Pts',(14.2016856557253,55.2854591427893,54.4222936894233));
#9123=CARTESIAN_POINT('Ctrl Pts',(14.2016856557253,56.5475686285243,49.5842073274391));
#9124=CARTESIAN_POINT('Ctrl Pts',(13.5897281752574,54.803090187887,54.2964583098836));
#9125=CARTESIAN_POINT('Ctrl Pts',(13.5897281752574,56.0651996736221,49.4583719478994));
#9126=CARTESIAN_POINT('Ctrl Pts',(13.2844412933683,54.5624510603947,54.2336828853204));
#9127=CARTESIAN_POINT('Ctrl Pts',(13.2844412933683,55.8245605461297,49.3955965233361));
#9128=CARTESIAN_POINT('',(15.3819907318449,55.3875007000055,54.4489132260884));
#9129=CARTESIAN_POINT('Ctrl Pts',(15.3819907318449,55.3875007000055,54.4489132260884));
#9130=CARTESIAN_POINT('Ctrl Pts',(14.9879630807689,55.3534356130077,54.4400266816542));
#9131=CARTESIAN_POINT('Ctrl Pts',(14.2016856557253,55.2854591427893,54.4222936894233));
#9132=CARTESIAN_POINT('Ctrl Pts',(13.5897281752574,54.803090187887,54.2964583098836));
#9133=CARTESIAN_POINT('Ctrl Pts',(13.2844412933683,54.5624510603947,54.2336828853204));
#9134=CARTESIAN_POINT('',(15.3819907318449,56.6496101857406,49.6108268641042));
#9135=CARTESIAN_POINT('',(15.3819907318449,55.3875007000055,54.4489132260884));
#9136=CARTESIAN_POINT('Ctrl Pts',(15.3819907318449,56.6496101857406,49.6108268641042));
#9137=CARTESIAN_POINT('Ctrl Pts',(14.9879630807689,56.6155450987427,49.6019403196699));
#9138=CARTESIAN_POINT('Ctrl Pts',(14.2016856557253,56.5475686285243,49.5842073274391));
#9139=CARTESIAN_POINT('Ctrl Pts',(13.5897281752574,56.065199673622,49.4583719478994));
#9140=CARTESIAN_POINT('Ctrl Pts',(13.2844412933683,55.8245605461297,49.3955965233361));
#9141=CARTESIAN_POINT('Ctrl Pts',(17.3772109161711,54.6614573862647,54.2595106225038));
#9142=CARTESIAN_POINT('Ctrl Pts',(17.3772109161711,55.9235668719997,49.4214242605196));
#9143=CARTESIAN_POINT('Ctrl Pts',(17.0979267036827,54.8731030312034,54.3147225298792));
#9144=CARTESIAN_POINT('Ctrl Pts',(17.0979267036827,56.1352125169384,49.4766361678949));
#9145=CARTESIAN_POINT('Ctrl Pts',(16.5132040253556,55.3162143952946,54.4303167987725));
#9146=CARTESIAN_POINT('Ctrl Pts',(16.5132040253556,56.5783238810296,49.5922304367883));
#9147=CARTESIAN_POINT('Ctrl Pts',(15.7701407372353,55.3630404326832,54.4425322867869));
#9148=CARTESIAN_POINT('Ctrl Pts',(15.7701407372353,56.6251499184182,49.6044459248027));
#9149=CARTESIAN_POINT('Ctrl Pts',(15.3819907318449,55.3875007000055,54.4489132260884));
#9150=CARTESIAN_POINT('Ctrl Pts',(15.3819907318449,56.6496101857406,49.6108268641042));
#9151=CARTESIAN_POINT('',(17.3772109161711,54.6614573862647,54.2595106225038));
#9152=CARTESIAN_POINT('Ctrl Pts',(17.3772109161711,54.6614573862647,54.2595106225038));
#9153=CARTESIAN_POINT('Ctrl Pts',(17.0979267036827,54.8731030312034,54.3147225298792));
#9154=CARTESIAN_POINT('Ctrl Pts',(16.5132040253556,55.3162143952946,54.4303167987725));
#9155=CARTESIAN_POINT('Ctrl Pts',(15.7701407372353,55.3630404326832,54.4425322867869));
#9156=CARTESIAN_POINT('Ctrl Pts',(15.3819907318449,55.3875007000055,54.4489132260884));
#9157=CARTESIAN_POINT('',(17.3772109161711,55.9235668719997,49.4214242605196));
#9158=CARTESIAN_POINT('',(17.3772109161711,54.6614573862647,54.2595106225038));
#9159=CARTESIAN_POINT('Ctrl Pts',(17.3772109161711,55.9235668719997,49.4214242605196));
#9160=CARTESIAN_POINT('Ctrl Pts',(17.0979267036827,56.1352125169384,49.4766361678949));
#9161=CARTESIAN_POINT('Ctrl Pts',(16.5132040253556,56.5783238810296,49.5922304367883));
#9162=CARTESIAN_POINT('Ctrl Pts',(15.7701407372353,56.6251499184182,49.6044459248027));
#9163=CARTESIAN_POINT('Ctrl Pts',(15.3819907318449,56.6496101857406,49.6108268641042));
#9164=CARTESIAN_POINT('Ctrl Pts',(18.1275523315763,52.714339129433,53.7515667294173));
#9165=CARTESIAN_POINT('Ctrl Pts',(18.1275523315763,53.9764486151681,48.9134803674331));
#9166=CARTESIAN_POINT('Ctrl Pts',(18.1028188853097,53.0941667194074,53.8506521876715));
#9167=CARTESIAN_POINT('Ctrl Pts',(18.1028188853097,54.3562762051425,49.0125658256873));
#9168=CARTESIAN_POINT('Ctrl Pts',(18.0556410980766,53.8186684743138,54.0396526454732));
#9169=CARTESIAN_POINT('Ctrl Pts',(18.0556410980766,55.0807779600488,49.2015662834889));
#9170=CARTESIAN_POINT('Ctrl Pts',(17.5959189436099,54.3897644318587,54.1886341996153));
#9171=CARTESIAN_POINT('Ctrl Pts',(17.5959189436099,55.6518739175937,49.3505478376311));
#9172=CARTESIAN_POINT('Ctrl Pts',(17.3772109161711,54.6614573862647,54.2595106225038));
#9173=CARTESIAN_POINT('Ctrl Pts',(17.3772109161711,55.9235668719997,49.4214242605196));
#9174=CARTESIAN_POINT('',(18.1275523315763,52.714339129433,53.7515667294173));
#9175=CARTESIAN_POINT('Ctrl Pts',(18.1275523315763,52.714339129433,53.7515667294173));
#9176=CARTESIAN_POINT('Ctrl Pts',(18.1028188853097,53.0941667194074,53.8506521876715));
#9177=CARTESIAN_POINT('Ctrl Pts',(18.0556410980766,53.8186684743138,54.0396526454732));
#9178=CARTESIAN_POINT('Ctrl Pts',(17.5959189436099,54.3897644318587,54.1886341996153));
#9179=CARTESIAN_POINT('Ctrl Pts',(17.3772109161711,54.6614573862647,54.2595106225038));
#9180=CARTESIAN_POINT('',(18.1275523315763,53.9764486151681,48.9134803674331));
#9181=CARTESIAN_POINT('',(18.1275523315763,52.714339129433,53.7515667294173));
#9182=CARTESIAN_POINT('Ctrl Pts',(18.1275523315763,53.9764486151681,48.9134803674331));
#9183=CARTESIAN_POINT('Ctrl Pts',(18.1028188853097,54.3562762051424,49.0125658256873));
#9184=CARTESIAN_POINT('Ctrl Pts',(18.0556410980766,55.0807779600488,49.2015662834889));
#9185=CARTESIAN_POINT('Ctrl Pts',(17.5959189436099,55.6518739175937,49.3505478376311));
#9186=CARTESIAN_POINT('Ctrl Pts',(17.3772109161711,55.9235668719997,49.4214242605196));
#9187=CARTESIAN_POINT('Ctrl Pts',(17.1043646942472,50.4124535878524,53.151074849005));
#9188=CARTESIAN_POINT('Ctrl Pts',(17.1043646942472,51.6745630735874,48.3129884870208));
#9189=CARTESIAN_POINT('Ctrl Pts',(17.4027411961052,50.7306621304132,53.2340857731513));
#9190=CARTESIAN_POINT('Ctrl Pts',(17.4027411961052,51.9927716161482,48.3959994111671));
#9191=CARTESIAN_POINT('Ctrl Pts',(18.0148049920932,51.3834076625272,53.4043672163114));
#9192=CARTESIAN_POINT('Ctrl Pts',(18.0148049920932,52.6455171482622,48.5662808543272));
#9193=CARTESIAN_POINT('Ctrl Pts',(18.089348317322,52.2633579801989,53.6339194730954));
#9194=CARTESIAN_POINT('Ctrl Pts',(18.089348317322,53.5254674659339,48.7958331111111));
#9195=CARTESIAN_POINT('Ctrl Pts',(18.1275523315763,52.714339129433,53.7515667294173));
#9196=CARTESIAN_POINT('Ctrl Pts',(18.1275523315763,53.9764486151681,48.9134803674331));
#9197=CARTESIAN_POINT('',(17.1043646942472,50.4124535878524,53.151074849005));
#9198=CARTESIAN_POINT('Ctrl Pts',(17.1043646942472,50.4124535878524,53.151074849005));
#9199=CARTESIAN_POINT('Ctrl Pts',(17.4027411961052,50.7306621304132,53.2340857731513));
#9200=CARTESIAN_POINT('Ctrl Pts',(18.0148049920932,51.3834076625272,53.4043672163114));
#9201=CARTESIAN_POINT('Ctrl Pts',(18.089348317322,52.2633579801989,53.6339194730954));
#9202=CARTESIAN_POINT('Ctrl Pts',(18.1275523315763,52.714339129433,53.7515667294173));
#9203=CARTESIAN_POINT('',(17.1043646942472,51.6745630735874,48.3129884870208));
#9204=CARTESIAN_POINT('',(17.1043646942472,50.4124535878524,53.151074849005));
#9205=CARTESIAN_POINT('Ctrl Pts',(17.1043646942472,51.6745630735874,48.3129884870208));
#9206=CARTESIAN_POINT('Ctrl Pts',(17.4027411961052,51.9927716161482,48.3959994111671));
#9207=CARTESIAN_POINT('Ctrl Pts',(18.0148049920932,52.6455171482622,48.5662808543272));
#9208=CARTESIAN_POINT('Ctrl Pts',(18.089348317322,53.5254674659339,48.7958331111111));
#9209=CARTESIAN_POINT('Ctrl Pts',(18.1275523315763,53.9764486151681,48.9134803674331));
#9210=CARTESIAN_POINT('Ctrl Pts',(14.1371024261808,49.5956537064043,52.937996619062));
#9211=CARTESIAN_POINT('Ctrl Pts',(14.1371024261808,50.8577631921393,48.0999102570778));
#9212=CARTESIAN_POINT('Ctrl Pts',(14.7255763828146,49.6008881424347,52.9393621241134));
#9213=CARTESIAN_POINT('Ctrl Pts',(14.7255763828146,50.8629976281698,48.1012757621292));
#9214=CARTESIAN_POINT('Ctrl Pts',(15.7974139035094,49.6104220646651,52.9418492342604));
#9215=CARTESIAN_POINT('Ctrl Pts',(15.7974139035094,50.8725315504001,48.1037628722762));
#9216=CARTESIAN_POINT('Ctrl Pts',(16.69815844963,50.1631785459706,53.0860465772097));
#9217=CARTESIAN_POINT('Ctrl Pts',(16.69815844963,51.4252880317056,48.2479602152255));
#9218=CARTESIAN_POINT('Ctrl Pts',(17.1043646942472,50.4124535878524,53.151074849005));
#9219=CARTESIAN_POINT('Ctrl Pts',(17.1043646942472,51.6745630735874,48.3129884870208));
#9220=CARTESIAN_POINT('',(14.1371024261808,49.5956537064043,52.937996619062));
#9221=CARTESIAN_POINT('Ctrl Pts',(14.1371024261808,49.5956537064043,52.937996619062));
#9222=CARTESIAN_POINT('Ctrl Pts',(14.7255763828146,49.6008881424347,52.9393621241134));
#9223=CARTESIAN_POINT('Ctrl Pts',(15.7974139035094,49.6104220646651,52.9418492342604));
#9224=CARTESIAN_POINT('Ctrl Pts',(16.69815844963,50.1631785459706,53.0860465772097));
#9225=CARTESIAN_POINT('Ctrl Pts',(17.1043646942472,50.4124535878524,53.151074849005));
#9226=CARTESIAN_POINT('',(14.1371024261808,50.8577631921393,48.0999102570778));
#9227=CARTESIAN_POINT('',(14.1371024261808,49.5956537064043,52.937996619062));
#9228=CARTESIAN_POINT('Ctrl Pts',(14.1371024261808,50.8577631921393,48.0999102570778));
#9229=CARTESIAN_POINT('Ctrl Pts',(14.7255763828146,50.8629976281697,48.1012757621292));
#9230=CARTESIAN_POINT('Ctrl Pts',(15.7974139035094,50.8725315504001,48.1037628722762));
#9231=CARTESIAN_POINT('Ctrl Pts',(16.69815844963,51.4252880317056,48.2479602152255));
#9232=CARTESIAN_POINT('Ctrl Pts',(17.1043646942472,51.6745630735874,48.3129884870208));
#9233=CARTESIAN_POINT('Origin',(13.6084521423674,45.8169322628538,51.9522431990053));
#9234=CARTESIAN_POINT('',(13.6084521423674,45.8169322628538,51.9522431990053));
#9235=CARTESIAN_POINT('',(18.23833808722,78.9107370647831,60.5854096690739));
#9236=CARTESIAN_POINT('',(13.6084521423674,47.0790417485888,47.1141568370211));
#9237=CARTESIAN_POINT('',(13.6084521423674,45.8169322628538,51.9522431990053));
#9238=CARTESIAN_POINT('',(13.6084521423674,47.0790417485888,47.1141568370211));
#9239=CARTESIAN_POINT('Ctrl Pts',(15.8083212982512,46.1634544033988,52.0426402791475));
#9240=CARTESIAN_POINT('Ctrl Pts',(15.8083212982512,47.4255638891338,47.2045539171633));
#9241=CARTESIAN_POINT('Ctrl Pts',(15.4699325937608,46.1443848544307,52.0376656141993));
#9242=CARTESIAN_POINT('Ctrl Pts',(15.4699325937608,47.4064943401657,47.1995792522151));
#9243=CARTESIAN_POINT('Ctrl Pts',(14.7247538471367,46.1023910691473,52.0267107136906));
#9244=CARTESIAN_POINT('Ctrl Pts',(14.7247538471367,47.3645005548823,47.1886243517064));
#9245=CARTESIAN_POINT('Ctrl Pts',(14.0026472125365,45.917735167388,51.9785396088838));
#9246=CARTESIAN_POINT('Ctrl Pts',(14.0026472125365,47.179844653123,47.1404532468996));
#9247=CARTESIAN_POINT('Ctrl Pts',(13.6084521423674,45.8169322628538,51.9522431990053));
#9248=CARTESIAN_POINT('Ctrl Pts',(13.6084521423674,47.0790417485888,47.1141568370211));
#9249=CARTESIAN_POINT('',(15.8083212982512,46.1634544033988,52.0426402791475));
#9250=CARTESIAN_POINT('Ctrl Pts',(15.8083212982512,46.1634544033988,52.0426402791475));
#9251=CARTESIAN_POINT('Ctrl Pts',(15.4699325937608,46.1443848544307,52.0376656141993));
#9252=CARTESIAN_POINT('Ctrl Pts',(14.7247538471367,46.1023910691473,52.0267107136906));
#9253=CARTESIAN_POINT('Ctrl Pts',(14.0026472125365,45.917735167388,51.9785396088838));
#9254=CARTESIAN_POINT('Ctrl Pts',(13.6084521423674,45.8169322628538,51.9522431990053));
#9255=CARTESIAN_POINT('',(15.8083212982512,47.4255638891338,47.2045539171633));
#9256=CARTESIAN_POINT('',(15.8083212982512,46.1634544033988,52.0426402791475));
#9257=CARTESIAN_POINT('Ctrl Pts',(15.8083212982512,47.4255638891338,47.2045539171633));
#9258=CARTESIAN_POINT('Ctrl Pts',(15.4699325937608,47.4064943401657,47.1995792522151));
#9259=CARTESIAN_POINT('Ctrl Pts',(14.7247538471367,47.3645005548823,47.1886243517064));
#9260=CARTESIAN_POINT('Ctrl Pts',(14.0026472125365,47.179844653123,47.1404532468996));
#9261=CARTESIAN_POINT('Ctrl Pts',(13.6084521423674,47.0790417485888,47.1141568370211));
#9262=CARTESIAN_POINT('Ctrl Pts',(18.1787169586515,45.1403921120479,51.7757544640125));
#9263=CARTESIAN_POINT('Ctrl Pts',(18.1787169586515,46.402501597783,46.9376681020283));
#9264=CARTESIAN_POINT('Ctrl Pts',(17.8387351079544,45.4387803115062,51.8535948638712));
#9265=CARTESIAN_POINT('Ctrl Pts',(17.8387351079544,46.7008897972412,47.015508501887));
#9266=CARTESIAN_POINT('Ctrl Pts',(17.1639036259131,46.0310523708859,52.008100618492));
#9267=CARTESIAN_POINT('Ctrl Pts',(17.1639036259131,47.2931618566209,47.1700142565077));
#9268=CARTESIAN_POINT('Ctrl Pts',(16.2578852612259,46.1195447261864,52.0311855807443));
#9269=CARTESIAN_POINT('Ctrl Pts',(16.2578852612259,47.3816542119214,47.1930992187601));
#9270=CARTESIAN_POINT('Ctrl Pts',(15.8083212982512,46.1634544033988,52.0426402791475));
#9271=CARTESIAN_POINT('Ctrl Pts',(15.8083212982512,47.4255638891338,47.2045539171633));
#9272=CARTESIAN_POINT('',(18.1787169586515,45.1403921120479,51.7757544640125));
#9273=CARTESIAN_POINT('Ctrl Pts',(18.1787169586515,45.1403921120479,51.7757544640125));
#9274=CARTESIAN_POINT('Ctrl Pts',(17.8387351079544,45.4387803115062,51.8535948638712));
#9275=CARTESIAN_POINT('Ctrl Pts',(17.1639036259131,46.0310523708859,52.008100618492));
#9276=CARTESIAN_POINT('Ctrl Pts',(16.2578852612259,46.1195447261864,52.0311855807443));
#9277=CARTESIAN_POINT('Ctrl Pts',(15.8083212982512,46.1634544033988,52.0426402791475));
#9278=CARTESIAN_POINT('',(18.1787169586515,46.402501597783,46.9376681020283));
#9279=CARTESIAN_POINT('',(18.1787169586515,45.1403921120479,51.7757544640125));
#9280=CARTESIAN_POINT('Ctrl Pts',(18.1787169586515,46.402501597783,46.9376681020283));
#9281=CARTESIAN_POINT('Ctrl Pts',(17.8387351079544,46.7008897972412,47.015508501887));
#9282=CARTESIAN_POINT('Ctrl Pts',(17.1639036259131,47.2931618566209,47.1700142565077));
#9283=CARTESIAN_POINT('Ctrl Pts',(16.2578852612259,47.3816542119214,47.1930992187601));
#9284=CARTESIAN_POINT('Ctrl Pts',(15.8083212982512,47.4255638891338,47.2045539171633));
#9285=CARTESIAN_POINT('Ctrl Pts',(19.1507399689054,42.3682288295642,51.0525814337993));
#9286=CARTESIAN_POINT('Ctrl Pts',(19.1507399689054,43.6303383152992,46.2144950718151));
#9287=CARTESIAN_POINT('Ctrl Pts',(19.1215667929637,42.9084619123014,51.1935118032091));
#9288=CARTESIAN_POINT('Ctrl Pts',(19.1215667929637,44.1705713980365,46.3554254412249));
#9289=CARTESIAN_POINT('Ctrl Pts',(19.0667026990626,43.9244431218534,51.4585503796139));
#9290=CARTESIAN_POINT('Ctrl Pts',(19.0667026990626,45.1865526075884,46.6204640176297));
#9291=CARTESIAN_POINT('Ctrl Pts',(18.461916827649,44.7525969267657,51.6745905026345));
#9292=CARTESIAN_POINT('Ctrl Pts',(18.461916827649,46.0147064125007,46.8365041406503));
#9293=CARTESIAN_POINT('Ctrl Pts',(18.1787169586515,45.1403921120479,51.7757544640125));
#9294=CARTESIAN_POINT('Ctrl Pts',(18.1787169586515,46.402501597783,46.9376681020283));
#9295=CARTESIAN_POINT('',(19.1507399689054,42.3682288295642,51.0525814337993));
#9296=CARTESIAN_POINT('Ctrl Pts',(19.1507399689054,42.3682288295642,51.0525814337993));
#9297=CARTESIAN_POINT('Ctrl Pts',(19.1215667929637,42.9084619123014,51.1935118032091));
#9298=CARTESIAN_POINT('Ctrl Pts',(19.0667026990626,43.9244431218534,51.4585503796139));
#9299=CARTESIAN_POINT('Ctrl Pts',(18.461916827649,44.7525969267657,51.6745905026345));
#9300=CARTESIAN_POINT('Ctrl Pts',(18.1787169586515,45.1403921120479,51.7757544640125));
#9301=CARTESIAN_POINT('',(19.1507399689054,43.6303383152992,46.2144950718151));
#9302=CARTESIAN_POINT('',(19.1507399689054,42.3682288295642,51.0525814337993));
#9303=CARTESIAN_POINT('Ctrl Pts',(19.1507399689054,43.6303383152992,46.2144950718151));
#9304=CARTESIAN_POINT('Ctrl Pts',(19.1215667929637,44.1705713980365,46.3554254412249));
#9305=CARTESIAN_POINT('Ctrl Pts',(19.0667026990626,45.1865526075884,46.6204640176297));
#9306=CARTESIAN_POINT('Ctrl Pts',(18.461916827649,46.0147064125007,46.8365041406503));
#9307=CARTESIAN_POINT('Ctrl Pts',(18.1787169586515,46.402501597783,46.9376681020283));
#9308=CARTESIAN_POINT('Ctrl Pts',(18.136078179965,39.4310565419499,50.2863625761609));
#9309=CARTESIAN_POINT('Ctrl Pts',(18.136078179965,40.693166027685,45.4482762141766));
#9310=CARTESIAN_POINT('Ctrl Pts',(18.4316976633301,39.8432141904106,50.3938819627158));
#9311=CARTESIAN_POINT('Ctrl Pts',(18.4316976633301,41.1053236761457,45.5557956007316));
#9312=CARTESIAN_POINT('Ctrl Pts',(19.0631499778004,40.7235956121106,50.6235466814201));
#9313=CARTESIAN_POINT('Ctrl Pts',(19.0631499778004,41.9857050978456,45.7854603194359));
#9314=CARTESIAN_POINT('Ctrl Pts',(19.1203295001581,41.7972267501117,50.9036243695944));
#9315=CARTESIAN_POINT('Ctrl Pts',(19.1203295001581,43.0593362358467,46.0655380076101));
#9316=CARTESIAN_POINT('Ctrl Pts',(19.1507399689054,42.3682288295642,51.0525814337993));
#9317=CARTESIAN_POINT('Ctrl Pts',(19.1507399689054,43.6303383152992,46.2144950718151));
#9318=CARTESIAN_POINT('',(18.136078179965,39.4310565419499,50.2863625761609));
#9319=CARTESIAN_POINT('Ctrl Pts',(18.136078179965,39.4310565419499,50.2863625761609));
#9320=CARTESIAN_POINT('Ctrl Pts',(18.4316976633301,39.8432141904106,50.3938819627158));
#9321=CARTESIAN_POINT('Ctrl Pts',(19.0631499778004,40.7235956121106,50.6235466814201));
#9322=CARTESIAN_POINT('Ctrl Pts',(19.1203295001581,41.7972267501117,50.9036243695944));
#9323=CARTESIAN_POINT('Ctrl Pts',(19.1507399689054,42.3682288295642,51.0525814337993));
#9324=CARTESIAN_POINT('',(18.136078179965,40.693166027685,45.4482762141766));
#9325=CARTESIAN_POINT('',(18.136078179965,39.4310565419499,50.2863625761609));
#9326=CARTESIAN_POINT('Ctrl Pts',(18.136078179965,40.693166027685,45.4482762141766));
#9327=CARTESIAN_POINT('Ctrl Pts',(18.4316976633301,41.1053236761457,45.5557956007316));
#9328=CARTESIAN_POINT('Ctrl Pts',(19.0631499778004,41.9857050978456,45.7854603194359));
#9329=CARTESIAN_POINT('Ctrl Pts',(19.1203295001581,43.0593362358467,46.0655380076101));
#9330=CARTESIAN_POINT('Ctrl Pts',(19.1507399689054,43.6303383152992,46.2144950718151));
#9331=CARTESIAN_POINT('Ctrl Pts',(15.6377852569914,38.3419915713387,50.002258670784));
#9332=CARTESIAN_POINT('Ctrl Pts',(15.6377852569914,39.6041010570737,45.1641723087998));
#9333=CARTESIAN_POINT('Ctrl Pts',(16.1137951143891,38.3884551330256,50.0143795999197));
#9334=CARTESIAN_POINT('Ctrl Pts',(16.1137951143891,39.6505646187607,45.1762932379355));
#9335=CARTESIAN_POINT('Ctrl Pts',(17.0715998444785,38.4819469346531,50.0387687655617));
#9336=CARTESIAN_POINT('Ctrl Pts',(17.0715998444785,39.7440564203881,45.2006824035775));
#9337=CARTESIAN_POINT('Ctrl Pts',(17.7798262032779,39.1134153439845,50.2034996549525));
#9338=CARTESIAN_POINT('Ctrl Pts',(17.7798262032779,40.3755248297195,45.3654132929682));
#9339=CARTESIAN_POINT('Ctrl Pts',(18.136078179965,39.4310565419499,50.2863625761609));
#9340=CARTESIAN_POINT('Ctrl Pts',(18.136078179965,40.693166027685,45.4482762141766));
#9341=CARTESIAN_POINT('',(15.6377852569914,38.3419915713387,50.002258670784));
#9342=CARTESIAN_POINT('Ctrl Pts',(15.6377852569914,38.3419915713387,50.002258670784));
#9343=CARTESIAN_POINT('Ctrl Pts',(16.1137951143891,38.3884551330256,50.0143795999197));
#9344=CARTESIAN_POINT('Ctrl Pts',(17.0715998444785,38.4819469346531,50.0387687655617));
#9345=CARTESIAN_POINT('Ctrl Pts',(17.7798262032779,39.1134153439845,50.2034996549525));
#9346=CARTESIAN_POINT('Ctrl Pts',(18.136078179965,39.4310565419499,50.2863625761609));
#9347=CARTESIAN_POINT('',(15.6377852569914,39.6041010570737,45.1641723087998));
#9348=CARTESIAN_POINT('',(15.6377852569914,38.3419915713387,50.002258670784));
#9349=CARTESIAN_POINT('Ctrl Pts',(15.6377852569914,39.6041010570737,45.1641723087998));
#9350=CARTESIAN_POINT('Ctrl Pts',(16.1137951143891,39.6505646187607,45.1762932379355));
#9351=CARTESIAN_POINT('Ctrl Pts',(17.0715998444785,39.7440564203881,45.2006824035775));
#9352=CARTESIAN_POINT('Ctrl Pts',(17.7798262032779,40.3755248297195,45.3654132929682));
#9353=CARTESIAN_POINT('Ctrl Pts',(18.136078179965,40.693166027685,45.4482762141766));
#9354=CARTESIAN_POINT('Ctrl Pts',(13.2844412933683,39.2495434065354,50.239011323444));
#9355=CARTESIAN_POINT('Ctrl Pts',(13.2844412933683,40.5116528922704,45.4009249614598));
#9356=CARTESIAN_POINT('Ctrl Pts',(13.6269276082899,38.9848454463604,50.1699596816593));
#9357=CARTESIAN_POINT('Ctrl Pts',(13.6269276082899,40.2469549320955,45.331873319675));
#9358=CARTESIAN_POINT('Ctrl Pts',(14.3162078218924,38.4521203166824,50.0309879086998));
#9359=CARTESIAN_POINT('Ctrl Pts',(14.3162078218924,39.7142298024174,45.1929015467156));
#9360=CARTESIAN_POINT('Ctrl Pts',(15.1954279143138,38.3788537769491,50.0118748983345));
#9361=CARTESIAN_POINT('Ctrl Pts',(15.1954279143138,39.6409632626841,45.1737885363503));
#9362=CARTESIAN_POINT('Ctrl Pts',(15.6377852569914,38.3419915713387,50.002258670784));
#9363=CARTESIAN_POINT('Ctrl Pts',(15.6377852569914,39.6041010570737,45.1641723087998));
#9364=CARTESIAN_POINT('',(13.2844412933683,39.2495434065354,50.239011323444));
#9365=CARTESIAN_POINT('Ctrl Pts',(13.2844412933683,39.2495434065354,50.239011323444));
#9366=CARTESIAN_POINT('Ctrl Pts',(13.6269276082899,38.9848454463604,50.1699596816593));
#9367=CARTESIAN_POINT('Ctrl Pts',(14.3162078218924,38.4521203166824,50.0309879086998));
#9368=CARTESIAN_POINT('Ctrl Pts',(15.1954279143138,38.3788537769491,50.0118748983345));
#9369=CARTESIAN_POINT('Ctrl Pts',(15.6377852569914,38.3419915713387,50.002258670784));
#9370=CARTESIAN_POINT('',(13.2844412933683,40.5116528922704,45.4009249614598));
#9371=CARTESIAN_POINT('',(13.2844412933683,39.2495434065354,50.239011323444));
#9372=CARTESIAN_POINT('Ctrl Pts',(13.2844412933683,40.5116528922704,45.4009249614598));
#9373=CARTESIAN_POINT('Ctrl Pts',(13.6269276082899,40.2469549320955,45.331873319675));
#9374=CARTESIAN_POINT('Ctrl Pts',(14.3162078218924,39.7142298024174,45.1929015467155));
#9375=CARTESIAN_POINT('Ctrl Pts',(15.1954279143138,39.6409632626841,45.1737885363503));
#9376=CARTESIAN_POINT('Ctrl Pts',(15.6377852569914,39.6041010570737,45.1641723087998));
#9377=CARTESIAN_POINT('Ctrl Pts',(12.0907176147795,41.8731972002142,50.923442747882));
#9378=CARTESIAN_POINT('Ctrl Pts',(12.0907176147795,43.1353066859492,46.0853563858977));
#9379=CARTESIAN_POINT('Ctrl Pts',(12.181980726821,41.3486138081838,50.7865949064827));
#9380=CARTESIAN_POINT('Ctrl Pts',(12.181980726821,42.6107232939189,45.9485085444985));
#9381=CARTESIAN_POINT('Ctrl Pts',(12.3516510331288,40.373343265478,50.5321765040377));
#9382=CARTESIAN_POINT('Ctrl Pts',(12.3516510331288,41.635452751213,45.6940901420535));
#9383=CARTESIAN_POINT('Ctrl Pts',(12.9896242826558,39.6047307719861,50.3316688970399));
#9384=CARTESIAN_POINT('Ctrl Pts',(12.9896242826558,40.8668402577212,45.4935825350557));
#9385=CARTESIAN_POINT('Ctrl Pts',(13.2844412933683,39.2495434065354,50.239011323444));
#9386=CARTESIAN_POINT('Ctrl Pts',(13.2844412933683,40.5116528922704,45.4009249614598));
#9387=CARTESIAN_POINT('',(12.0907176147795,41.8731972002142,50.923442747882));
#9388=CARTESIAN_POINT('Ctrl Pts',(12.0907176147795,41.8731972002142,50.923442747882));
#9389=CARTESIAN_POINT('Ctrl Pts',(12.181980726821,41.3486138081838,50.7865949064827));
#9390=CARTESIAN_POINT('Ctrl Pts',(12.3516510331288,40.373343265478,50.5321765040377));
#9391=CARTESIAN_POINT('Ctrl Pts',(12.9896242826558,39.6047307719861,50.3316688970399));
#9392=CARTESIAN_POINT('Ctrl Pts',(13.2844412933683,39.2495434065354,50.239011323444));
#9393=CARTESIAN_POINT('',(12.0907176147795,43.1353066859492,46.0853563858977));
#9394=CARTESIAN_POINT('',(12.0907176147795,41.8731972002142,50.923442747882));
#9395=CARTESIAN_POINT('Ctrl Pts',(12.0907176147795,43.1353066859492,46.0853563858977));
#9396=CARTESIAN_POINT('Ctrl Pts',(12.181980726821,42.6107232939189,45.9485085444985));
#9397=CARTESIAN_POINT('Ctrl Pts',(12.3516510331288,41.635452751213,45.6940901420535));
#9398=CARTESIAN_POINT('Ctrl Pts',(12.9896242826558,40.8668402577212,45.4935825350556));
#9399=CARTESIAN_POINT('Ctrl Pts',(13.2844412933683,40.5116528922704,45.4009249614598));
#9400=CARTESIAN_POINT('Origin',(7.45224601138592,41.3286670218879,50.7813913970142));
#9401=CARTESIAN_POINT('',(7.45224601138592,41.3286670218879,50.7813913970142));
#9402=CARTESIAN_POINT('',(8.33175606050335,41.4319164981885,50.8083260430057));
#9403=CARTESIAN_POINT('',(7.45224601138592,42.5907765076229,45.94330503503));
#9404=CARTESIAN_POINT('',(7.45224601138592,41.3286670218879,50.7813913970142));
#9405=CARTESIAN_POINT('',(7.45224601138592,42.5907765076229,45.94330503503));
#9406=CARTESIAN_POINT('Ctrl Pts',(10.0443328033781,36.3866235563443,49.4921626668724));
#9407=CARTESIAN_POINT('Ctrl Pts',(10.0443328033781,37.6487330420793,44.6540763048882));
#9408=CARTESIAN_POINT('Ctrl Pts',(9.37681312127397,37.0741173189818,49.6715088658213));
#9409=CARTESIAN_POINT('Ctrl Pts',(9.37681312127397,38.3362268047168,44.8334225038371));
#9410=CARTESIAN_POINT('Ctrl Pts',(8.01622668684447,38.4754163552153,50.0370651361431));
#9411=CARTESIAN_POINT('Ctrl Pts',(8.01622668684447,39.7375258409504,45.1989787741589));
#9412=CARTESIAN_POINT('Ctrl Pts',(7.64257817537315,40.3657521607639,50.5301962158514));
#9413=CARTESIAN_POINT('Ctrl Pts',(7.64257817537315,41.6278616464989,45.6921098538672));
#9414=CARTESIAN_POINT('Ctrl Pts',(7.45224601138592,41.3286670218879,50.7813913970142));
#9415=CARTESIAN_POINT('Ctrl Pts',(7.45224601138592,42.5907765076229,45.94330503503));
#9416=CARTESIAN_POINT('Ctrl Pts',(10.0443328033781,36.3866235563443,49.4921626668724));
#9417=CARTESIAN_POINT('Ctrl Pts',(9.37681312127397,37.0741173189818,49.6715088658213));
#9418=CARTESIAN_POINT('Ctrl Pts',(8.01622668684447,38.4754163552153,50.0370651361431));
#9419=CARTESIAN_POINT('Ctrl Pts',(7.64257817537315,40.3657521607639,50.5301962158514));
#9420=CARTESIAN_POINT('Ctrl Pts',(7.45224601138592,41.3286670218879,50.7813913970142));
#9421=CARTESIAN_POINT('Ctrl Pts',(10.0443328033781,37.6487330420793,44.6540763048882));
#9422=CARTESIAN_POINT('Ctrl Pts',(9.37681312127397,38.3362268047168,44.8334225038371));
#9423=CARTESIAN_POINT('Ctrl Pts',(8.01622668684447,39.7375258409504,45.1989787741589));
#9424=CARTESIAN_POINT('Ctrl Pts',(7.64257817537315,41.6278616464989,45.6921098538672));
#9425=CARTESIAN_POINT('Ctrl Pts',(7.45224601138592,42.5907765076229,45.94330503503));
#9426=CARTESIAN_POINT('Origin',(-0.0511645663881133,66.9379675645117,52.2947461803054));
#9427=CARTESIAN_POINT('Ctrl Pts',(37.8069556366301,52.6895898549449,53.7451103969422));
#9428=CARTESIAN_POINT('Ctrl Pts',(37.8069556366301,53.9516993406799,48.9070240349579));
#9429=CARTESIAN_POINT('Ctrl Pts',(37.6763235047875,53.1513528540259,53.8655703097459));
#9430=CARTESIAN_POINT('Ctrl Pts',(37.6763235047875,54.4134623397609,49.0274839477617));
#9431=CARTESIAN_POINT('Ctrl Pts',(37.4535006882053,53.9389946891345,54.0710420928177));
#9432=CARTESIAN_POINT('Ctrl Pts',(37.4535006882053,55.2011041748695,49.2329557308335));
#9433=CARTESIAN_POINT('Ctrl Pts',(36.9134249852344,54.5609035313507,54.2332791820915));
#9434=CARTESIAN_POINT('Ctrl Pts',(36.9134249852344,55.8230130170857,49.3951928201073));
#9435=CARTESIAN_POINT('Ctrl Pts',(36.6899741302824,54.8182120192737,54.3004031354627));
#9436=CARTESIAN_POINT('Ctrl Pts',(36.6899741302824,56.0803215050087,49.4623167734785));
#9437=CARTESIAN_POINT('',(37.8069556366301,52.6895898549449,53.7451103969422));
#9438=CARTESIAN_POINT('',(36.6899741302824,54.8182120192737,54.3004031354627));
#9439=CARTESIAN_POINT('Ctrl Pts',(37.8069556366301,52.6895898549449,53.7451103969422));
#9440=CARTESIAN_POINT('Ctrl Pts',(37.6763235047875,53.1513528540259,53.8655703097459));
#9441=CARTESIAN_POINT('Ctrl Pts',(37.4535006882053,53.9389946891345,54.0710420928177));
#9442=CARTESIAN_POINT('Ctrl Pts',(36.9134249852344,54.5609035313507,54.2332791820915));
#9443=CARTESIAN_POINT('Ctrl Pts',(36.6899741302824,54.8182120192737,54.3004031354627));
#9444=CARTESIAN_POINT('',(37.8069556366301,53.9516993406799,48.9070240349579));
#9445=CARTESIAN_POINT('',(37.8069556366301,52.6895898549449,53.7451103969422));
#9446=CARTESIAN_POINT('',(36.6899741302824,56.0803215050087,49.4623167734785));
#9447=CARTESIAN_POINT('Ctrl Pts',(37.8069556366301,53.9516993406799,48.9070240349579));
#9448=CARTESIAN_POINT('Ctrl Pts',(37.6763235047875,54.4134623397609,49.0274839477617));
#9449=CARTESIAN_POINT('Ctrl Pts',(37.4535006882053,55.2011041748695,49.2329557308335));
#9450=CARTESIAN_POINT('Ctrl Pts',(36.9134249852344,55.8230130170857,49.3951928201073));
#9451=CARTESIAN_POINT('Ctrl Pts',(36.6899741302824,56.0803215050087,49.4623167734785));
#9452=CARTESIAN_POINT('',(36.6899741302824,54.8182120192737,54.3004031354627));
#9453=CARTESIAN_POINT('Ctrl Pts',(38.2503378998136,46.8399945542046,52.2191290141403));
#9454=CARTESIAN_POINT('Ctrl Pts',(38.2503378998136,48.1021040399396,47.3810426521561));
#9455=CARTESIAN_POINT('Ctrl Pts',(38.2554706445647,48.0405006665106,52.5323045216984));
#9456=CARTESIAN_POINT('Ctrl Pts',(38.2554706445647,49.3026101522456,47.6942181597142));
#9457=CARTESIAN_POINT('Ctrl Pts',(38.2638627634603,50.0033471585825,53.0443514326737));
#9458=CARTESIAN_POINT('Ctrl Pts',(38.2638627634603,51.2654566443175,48.2062650706895));
#9459=CARTESIAN_POINT('Ctrl Pts',(37.9347702669532,51.9381436702995,53.5490809574694));
#9460=CARTESIAN_POINT('Ctrl Pts',(37.9347702669532,53.2002531560345,48.7109945954852));
#9461=CARTESIAN_POINT('Ctrl Pts',(37.8069556366301,52.6895898549449,53.7451103969422));
#9462=CARTESIAN_POINT('Ctrl Pts',(37.8069556366301,53.9516993406799,48.9070240349579));
#9463=CARTESIAN_POINT('',(38.2503378998136,46.8399945542046,52.2191290141403));
#9464=CARTESIAN_POINT('Ctrl Pts',(38.2503378998136,46.8399945542046,52.2191290141403));
#9465=CARTESIAN_POINT('Ctrl Pts',(38.2554706445647,48.0405006665106,52.5323045216984));
#9466=CARTESIAN_POINT('Ctrl Pts',(38.2638627634603,50.0033471585825,53.0443514326737));
#9467=CARTESIAN_POINT('Ctrl Pts',(37.9347702669532,51.9381436702995,53.5490809574694));
#9468=CARTESIAN_POINT('Ctrl Pts',(37.8069556366301,52.6895898549449,53.7451103969422));
#9469=CARTESIAN_POINT('',(38.2503378998136,48.1021040399396,47.3810426521561));
#9470=CARTESIAN_POINT('',(38.2503378998136,46.8399945542046,52.2191290141403));
#9471=CARTESIAN_POINT('Ctrl Pts',(38.2503378998136,48.1021040399396,47.3810426521561));
#9472=CARTESIAN_POINT('Ctrl Pts',(38.2554706445647,49.3026101522456,47.6942181597142));
#9473=CARTESIAN_POINT('Ctrl Pts',(38.2638627634603,51.2654566443175,48.2062650706895));
#9474=CARTESIAN_POINT('Ctrl Pts',(37.9347702669532,53.2002531560345,48.7109945954852));
#9475=CARTESIAN_POINT('Ctrl Pts',(37.8069556366301,53.9516993406799,48.9070240349579));
#9476=CARTESIAN_POINT('Ctrl Pts',(37.755800546298,40.8006363598871,50.6436442677966));
#9477=CARTESIAN_POINT('Ctrl Pts',(37.755800546298,42.0627458456221,45.8055579058124));
#9478=CARTESIAN_POINT('Ctrl Pts',(37.8986684185211,41.5992424056037,50.8519762797227));
#9479=CARTESIAN_POINT('Ctrl Pts',(37.8986684185211,42.8613518913388,46.0138899177385));
#9480=CARTESIAN_POINT('Ctrl Pts',(38.2557840029802,43.5954551323059,51.3727274258189));
#9481=CARTESIAN_POINT('Ctrl Pts',(38.2557840029802,44.8575646180409,46.5346410638347));
#9482=CARTESIAN_POINT('Ctrl Pts',(38.2523800595932,45.6233690684199,51.9017484526313));
#9483=CARTESIAN_POINT('Ctrl Pts',(38.2523800595932,46.8854785541549,47.0636620906471));
#9484=CARTESIAN_POINT('Ctrl Pts',(38.2503378998136,46.8399945542046,52.2191290141403));
#9485=CARTESIAN_POINT('Ctrl Pts',(38.2503378998136,48.1021040399396,47.3810426521561));
#9486=CARTESIAN_POINT('',(37.755800546298,40.8006363598871,50.6436442677966));
#9487=CARTESIAN_POINT('Ctrl Pts',(37.755800546298,40.8006363598871,50.6436442677966));
#9488=CARTESIAN_POINT('Ctrl Pts',(37.8986684185211,41.5992424056037,50.8519762797227));
#9489=CARTESIAN_POINT('Ctrl Pts',(38.2557840029802,43.5954551323059,51.3727274258189));
#9490=CARTESIAN_POINT('Ctrl Pts',(38.2523800595932,45.6233690684199,51.9017484526313));
#9491=CARTESIAN_POINT('Ctrl Pts',(38.2503378998136,46.8399945542046,52.2191290141403));
#9492=CARTESIAN_POINT('',(37.755800546298,42.0627458456221,45.8055579058124));
#9493=CARTESIAN_POINT('',(37.755800546298,40.8006363598871,50.6436442677966));
#9494=CARTESIAN_POINT('Ctrl Pts',(37.755800546298,42.0627458456221,45.8055579058124));
#9495=CARTESIAN_POINT('Ctrl Pts',(37.8986684185211,42.8613518913388,46.0138899177385));
#9496=CARTESIAN_POINT('Ctrl Pts',(38.2557840029802,44.8575646180409,46.5346410638347));
#9497=CARTESIAN_POINT('Ctrl Pts',(38.2523800595932,46.8854785541549,47.0636620906471));
#9498=CARTESIAN_POINT('Ctrl Pts',(38.2503378998136,48.1021040399396,47.3810426521561));
#9499=CARTESIAN_POINT('Ctrl Pts',(36.6984999786711,38.8782719915022,50.1421579108267));
#9500=CARTESIAN_POINT('Ctrl Pts',(36.6984999786711,40.1403814772373,45.3040715488425));
#9501=CARTESIAN_POINT('Ctrl Pts',(36.9191628158282,39.1176296228235,50.2045990320409));
#9502=CARTESIAN_POINT('Ctrl Pts',(36.9191628158282,40.3797391085585,45.3665126700567));
#9503=CARTESIAN_POINT('Ctrl Pts',(37.4305421898023,39.6723336103093,50.3493044200807));
#9504=CARTESIAN_POINT('Ctrl Pts',(37.4305421898023,40.9344430960443,45.5112180580965));
#9505=CARTESIAN_POINT('Ctrl Pts',(37.6379119226321,40.3916874256944,50.5369619371377));
#9506=CARTESIAN_POINT('Ctrl Pts',(37.6379119226321,41.6537969114294,45.6988755751535));
#9507=CARTESIAN_POINT('Ctrl Pts',(37.755800546298,40.8006363598871,50.6436442677966));
#9508=CARTESIAN_POINT('Ctrl Pts',(37.755800546298,42.0627458456221,45.8055579058124));
#9509=CARTESIAN_POINT('',(36.6984999786711,38.8782719915022,50.1421579108267));
#9510=CARTESIAN_POINT('Ctrl Pts',(36.6984999786711,38.8782719915022,50.1421579108267));
#9511=CARTESIAN_POINT('Ctrl Pts',(36.9191628158282,39.1176296228235,50.2045990320409));
#9512=CARTESIAN_POINT('Ctrl Pts',(37.4305421898023,39.6723336103093,50.3493044200807));
#9513=CARTESIAN_POINT('Ctrl Pts',(37.6379119226321,40.3916874256944,50.5369619371377));
#9514=CARTESIAN_POINT('Ctrl Pts',(37.755800546298,40.8006363598871,50.6436442677966));
#9515=CARTESIAN_POINT('',(36.6984999786711,40.1403814772373,45.3040715488425));
#9516=CARTESIAN_POINT('',(36.6984999786711,38.8782719915022,50.1421579108267));
#9517=CARTESIAN_POINT('Ctrl Pts',(36.6984999786711,40.1403814772373,45.3040715488425));
#9518=CARTESIAN_POINT('Ctrl Pts',(36.9191628158282,40.3797391085585,45.3665126700567));
#9519=CARTESIAN_POINT('Ctrl Pts',(37.4305421898023,40.9344430960443,45.5112180580965));
#9520=CARTESIAN_POINT('Ctrl Pts',(37.6379119226321,41.6537969114294,45.6988755751535));
#9521=CARTESIAN_POINT('Ctrl Pts',(37.755800546298,42.0627458456221,45.8055579058124));
#9522=CARTESIAN_POINT('Ctrl Pts',(35.1466525207853,38.3419915713387,50.002258670784));
#9523=CARTESIAN_POINT('Ctrl Pts',(35.1466525207853,39.6041010570737,45.1641723087998));
#9524=CARTESIAN_POINT('Ctrl Pts',(35.4290662932504,38.3645906778289,50.0081540898684));
#9525=CARTESIAN_POINT('Ctrl Pts',(35.4290662932504,39.6267001635639,45.1700677278842));
#9526=CARTESIAN_POINT('Ctrl Pts',(35.9955184091875,38.4099188910316,50.0199788411387));
#9527=CARTESIAN_POINT('Ctrl Pts',(35.9955184091875,39.6720283767667,45.1818924791545));
#9528=CARTESIAN_POINT('Ctrl Pts',(36.4637251869277,38.7218560818986,50.1013537604953));
#9529=CARTESIAN_POINT('Ctrl Pts',(36.4637251869277,39.9839655676336,45.2632673985111));
#9530=CARTESIAN_POINT('Ctrl Pts',(36.6984999786711,38.8782719915022,50.1421579108267));
#9531=CARTESIAN_POINT('Ctrl Pts',(36.6984999786711,40.1403814772373,45.3040715488425));
#9532=CARTESIAN_POINT('',(35.1466525207853,38.3419915713387,50.002258670784));
#9533=CARTESIAN_POINT('Ctrl Pts',(35.1466525207853,38.3419915713387,50.002258670784));
#9534=CARTESIAN_POINT('Ctrl Pts',(35.4290662932504,38.3645906778289,50.0081540898684));
#9535=CARTESIAN_POINT('Ctrl Pts',(35.9955184091875,38.4099188910316,50.0199788411387));
#9536=CARTESIAN_POINT('Ctrl Pts',(36.4637251869277,38.7218560818986,50.1013537604953));
#9537=CARTESIAN_POINT('Ctrl Pts',(36.6984999786711,38.8782719915022,50.1421579108267));
#9538=CARTESIAN_POINT('',(35.1466525207853,39.6041010570737,45.1641723087998));
#9539=CARTESIAN_POINT('',(35.1466525207853,38.3419915713387,50.002258670784));
#9540=CARTESIAN_POINT('Ctrl Pts',(35.1466525207853,39.6041010570737,45.1641723087998));
#9541=CARTESIAN_POINT('Ctrl Pts',(35.4290662932504,39.6267001635639,45.1700677278842));
#9542=CARTESIAN_POINT('Ctrl Pts',(35.9955184091875,39.6720283767667,45.1818924791545));
#9543=CARTESIAN_POINT('Ctrl Pts',(36.4637251869277,39.9839655676336,45.2632673985111));
#9544=CARTESIAN_POINT('Ctrl Pts',(36.6984999786711,40.1403814772373,45.3040715488425));
#9545=CARTESIAN_POINT('Ctrl Pts',(33.6033404480314,38.8700222333395,50.1400058000016));
#9546=CARTESIAN_POINT('Ctrl Pts',(33.6033404480314,40.1321317190745,45.3019194380174));
#9547=CARTESIAN_POINT('Ctrl Pts',(33.8361726661538,38.7160144773229,50.0998298636495));
#9548=CARTESIAN_POINT('Ctrl Pts',(33.8361726661538,39.9781239630579,45.2617435016652));
#9549=CARTESIAN_POINT('Ctrl Pts',(34.3022485118734,38.4077268369282,50.0194070009378));
#9550=CARTESIAN_POINT('Ctrl Pts',(34.3022485118734,39.6698363226632,45.1813206389536));
#9551=CARTESIAN_POINT('Ctrl Pts',(34.8650189302575,38.3639162172154,50.0079781436214));
#9552=CARTESIAN_POINT('Ctrl Pts',(34.8650189302575,39.6260257029504,45.1698917816372));
#9553=CARTESIAN_POINT('Ctrl Pts',(35.1466525207853,38.3419915713387,50.002258670784));
#9554=CARTESIAN_POINT('Ctrl Pts',(35.1466525207853,39.6041010570737,45.1641723087998));
#9555=CARTESIAN_POINT('',(33.6033404480314,38.8700222333395,50.1400058000016));
#9556=CARTESIAN_POINT('Ctrl Pts',(33.6033404480314,38.8700222333395,50.1400058000016));
#9557=CARTESIAN_POINT('Ctrl Pts',(33.8361726661538,38.7160144773229,50.0998298636495));
#9558=CARTESIAN_POINT('Ctrl Pts',(34.3022485118734,38.4077268369282,50.0194070009378));
#9559=CARTESIAN_POINT('Ctrl Pts',(34.8650189302575,38.3639162172154,50.0079781436214));
#9560=CARTESIAN_POINT('Ctrl Pts',(35.1466525207853,38.3419915713387,50.002258670784));
#9561=CARTESIAN_POINT('',(33.6033404480314,40.1321317190745,45.3019194380174));
#9562=CARTESIAN_POINT('',(33.6033404480314,38.8700222333395,50.1400058000016));
#9563=CARTESIAN_POINT('Ctrl Pts',(33.6033404480314,40.1321317190745,45.3019194380174));
#9564=CARTESIAN_POINT('Ctrl Pts',(33.8361726661538,39.9781239630579,45.2617435016652));
#9565=CARTESIAN_POINT('Ctrl Pts',(34.3022485118734,39.6698363226632,45.1813206389536));
#9566=CARTESIAN_POINT('Ctrl Pts',(34.8650189302575,39.6260257029504,45.1698917816372));
#9567=CARTESIAN_POINT('Ctrl Pts',(35.1466525207853,39.6041010570737,45.1641723087998));
#9568=CARTESIAN_POINT('Ctrl Pts',(32.4863589416838,40.9903992534643,50.6931476313385));
#9569=CARTESIAN_POINT('Ctrl Pts',(32.4863589416838,42.2525087391993,45.8550612693543));
#9570=CARTESIAN_POINT('Ctrl Pts',(32.6166278698187,40.5290355104308,50.5727918722863));
#9571=CARTESIAN_POINT('Ctrl Pts',(32.6166278698187,41.7911449961658,45.7347055103021));
#9572=CARTESIAN_POINT('Ctrl Pts',(32.8384998681992,39.7432480082791,50.3678038282467));
#9573=CARTESIAN_POINT('Ctrl Pts',(32.8384998681992,41.0053574940141,45.5297174662625));
#9574=CARTESIAN_POINT('Ctrl Pts',(33.3798402326296,39.1251945580561,50.2065724934059));
#9575=CARTESIAN_POINT('Ctrl Pts',(33.3798402326296,40.3873040437911,45.3684861314217));
#9576=CARTESIAN_POINT('Ctrl Pts',(33.6033404480314,38.8700222333395,50.1400058000016));
#9577=CARTESIAN_POINT('Ctrl Pts',(33.6033404480314,40.1321317190745,45.3019194380174));
#9578=CARTESIAN_POINT('',(32.4863589416838,40.9903992534643,50.6931476313385));
#9579=CARTESIAN_POINT('Ctrl Pts',(32.4863589416838,40.9903992534643,50.6931476313385));
#9580=CARTESIAN_POINT('Ctrl Pts',(32.6166278698187,40.5290355104308,50.5727918722863));
#9581=CARTESIAN_POINT('Ctrl Pts',(32.8384998681992,39.7432480082791,50.3678038282467));
#9582=CARTESIAN_POINT('Ctrl Pts',(33.3798402326296,39.1251945580561,50.2065724934059));
#9583=CARTESIAN_POINT('Ctrl Pts',(33.6033404480314,38.8700222333395,50.1400058000016));
#9584=CARTESIAN_POINT('',(32.4863589416838,42.2525087391993,45.8550612693543));
#9585=CARTESIAN_POINT('',(32.4863589416838,40.9903992534643,50.6931476313385));
#9586=CARTESIAN_POINT('Ctrl Pts',(32.4863589416838,42.2525087391993,45.8550612693543));
#9587=CARTESIAN_POINT('Ctrl Pts',(32.6166278698187,41.7911449961658,45.7347055103021));
#9588=CARTESIAN_POINT('Ctrl Pts',(32.8384998681992,41.0053574940141,45.5297174662625));
#9589=CARTESIAN_POINT('Ctrl Pts',(33.3798402326296,40.3873040437911,45.3684861314217));
#9590=CARTESIAN_POINT('Ctrl Pts',(33.6033404480314,40.1321317190745,45.3019194380174));
#9591=CARTESIAN_POINT('Ctrl Pts',(32.042967141757,46.8399945542046,52.2191290141403));
#9592=CARTESIAN_POINT('Ctrl Pts',(32.042967141757,48.1021040399396,47.3810426521561));
#9593=CARTESIAN_POINT('Ctrl Pts',(32.037832905901,45.6394882358334,51.9059534528261));
#9594=CARTESIAN_POINT('Ctrl Pts',(32.037832905901,46.9015977215684,47.0678670908419));
#9595=CARTESIAN_POINT('Ctrl Pts',(32.0294383471651,43.6766409719222,51.3939063405015));
#9596=CARTESIAN_POINT('Ctrl Pts',(32.0294383471651,44.9387504576573,46.5558199785172));
#9597=CARTESIAN_POINT('Ctrl Pts',(32.3585405118029,41.7418453534056,50.8891770487145));
#9598=CARTESIAN_POINT('Ctrl Pts',(32.3585405118029,43.0039548391406,46.0510906867303));
#9599=CARTESIAN_POINT('Ctrl Pts',(32.4863589416838,40.9903992534643,50.6931476313385));
#9600=CARTESIAN_POINT('Ctrl Pts',(32.4863589416838,42.2525087391993,45.8550612693543));
#9601=CARTESIAN_POINT('',(32.042967141757,46.8399945542046,52.2191290141403));
#9602=CARTESIAN_POINT('Ctrl Pts',(32.042967141757,46.8399945542046,52.2191290141403));
#9603=CARTESIAN_POINT('Ctrl Pts',(32.037832905901,45.6394882358334,51.9059534528261));
#9604=CARTESIAN_POINT('Ctrl Pts',(32.0294383471651,43.6766409719222,51.3939063405015));
#9605=CARTESIAN_POINT('Ctrl Pts',(32.3585405118029,41.7418453534056,50.8891770487145));
#9606=CARTESIAN_POINT('Ctrl Pts',(32.4863589416838,40.9903992534643,50.6931476313385));
#9607=CARTESIAN_POINT('',(32.042967141757,48.1021040399396,47.3810426521561));
#9608=CARTESIAN_POINT('',(32.042967141757,46.8399945542046,52.2191290141403));
#9609=CARTESIAN_POINT('Ctrl Pts',(32.042967141757,48.1021040399396,47.3810426521561));
#9610=CARTESIAN_POINT('Ctrl Pts',(32.037832905901,46.9015977215684,47.0678670908419));
#9611=CARTESIAN_POINT('Ctrl Pts',(32.0294383471651,44.9387504576573,46.5558199785172));
#9612=CARTESIAN_POINT('Ctrl Pts',(32.3585405118029,43.0039548391406,46.0510906867303));
#9613=CARTESIAN_POINT('Ctrl Pts',(32.4863589416838,42.2525087391993,45.8550612693543));
#9614=CARTESIAN_POINT('Ctrl Pts',(32.5375140320158,52.8958522648476,53.7989179821342));
#9615=CARTESIAN_POINT('Ctrl Pts',(32.5375140320158,54.1579617505826,48.9608316201499));
#9616=CARTESIAN_POINT('Ctrl Pts',(32.3946188675762,52.0931161024181,53.5895085484569));
#9617=CARTESIAN_POINT('Ctrl Pts',(32.3946188675762,53.3552255881531,48.7514221864727));
#9618=CARTESIAN_POINT('Ctrl Pts',(32.0382687084366,50.0912627832342,53.0672859434524));
#9619=CARTESIAN_POINT('Ctrl Pts',(32.0382687084366,51.3533722689692,48.2291995814682));
#9620=CARTESIAN_POINT('Ctrl Pts',(32.0412070592924,48.0579537774921,52.5368575071719));
#9621=CARTESIAN_POINT('Ctrl Pts',(32.0412070592924,49.3200632632271,47.6987711451876));
#9622=CARTESIAN_POINT('Ctrl Pts',(32.042967141757,46.8399945542046,52.2191290141403));
#9623=CARTESIAN_POINT('Ctrl Pts',(32.042967141757,48.1021040399396,47.3810426521561));
#9624=CARTESIAN_POINT('',(32.5375140320158,52.8958522648476,53.7989179821342));
#9625=CARTESIAN_POINT('Ctrl Pts',(32.5375140320158,52.8958522648476,53.7989179821342));
#9626=CARTESIAN_POINT('Ctrl Pts',(32.3946188675762,52.0931161024181,53.5895085484569));
#9627=CARTESIAN_POINT('Ctrl Pts',(32.0382687084366,50.0912627832342,53.0672859434524));
#9628=CARTESIAN_POINT('Ctrl Pts',(32.0412070592924,48.0579537774921,52.5368575071719));
#9629=CARTESIAN_POINT('Ctrl Pts',(32.042967141757,46.8399945542046,52.2191290141403));
#9630=CARTESIAN_POINT('',(32.5375140320158,54.1579617505826,48.9608316201499));
#9631=CARTESIAN_POINT('',(32.5375140320158,52.8958522648476,53.7989179821342));
#9632=CARTESIAN_POINT('Ctrl Pts',(32.5375140320158,54.1579617505826,48.9608316201499));
#9633=CARTESIAN_POINT('Ctrl Pts',(32.3946188675762,53.3552255881531,48.7514221864727));
#9634=CARTESIAN_POINT('Ctrl Pts',(32.0382687084366,51.3533722689692,48.2291995814682));
#9635=CARTESIAN_POINT('Ctrl Pts',(32.0412070592924,49.3200632632271,47.6987711451876));
#9636=CARTESIAN_POINT('Ctrl Pts',(32.042967141757,48.1021040399396,47.3810426521561));
#9637=CARTESIAN_POINT('Ctrl Pts',(33.5948145996428,54.8182120192737,54.3004031354627));
#9638=CARTESIAN_POINT('Ctrl Pts',(33.5948145996428,56.0803215050087,49.4623167734785));
#9639=CARTESIAN_POINT('Ctrl Pts',(33.3741496775629,54.5788546761556,54.2379620894319));
#9640=CARTESIAN_POINT('Ctrl Pts',(33.3741496775629,55.8409641618906,49.3998757274477));
#9641=CARTESIAN_POINT('Ctrl Pts',(32.8627677188055,54.024153793872,54.0932575114449));
#9642=CARTESIAN_POINT('Ctrl Pts',(32.8627677188055,55.286263279607,49.2551711494606));
#9643=CARTESIAN_POINT('Ctrl Pts',(32.6554007125005,53.3047998871032,53.9055999705487));
#9644=CARTESIAN_POINT('Ctrl Pts',(32.6554007125005,54.5669093728382,49.0675136085645));
#9645=CARTESIAN_POINT('Ctrl Pts',(32.5375140320158,52.8958522648476,53.7989179821342));
#9646=CARTESIAN_POINT('Ctrl Pts',(32.5375140320158,54.1579617505826,48.9608316201499));
#9647=CARTESIAN_POINT('',(33.5948145996428,54.8182120192737,54.3004031354627));
#9648=CARTESIAN_POINT('Ctrl Pts',(33.5948145996428,54.8182120192737,54.3004031354627));
#9649=CARTESIAN_POINT('Ctrl Pts',(33.3741496775629,54.5788546761556,54.2379620894319));
#9650=CARTESIAN_POINT('Ctrl Pts',(32.8627677188055,54.024153793872,54.0932575114449));
#9651=CARTESIAN_POINT('Ctrl Pts',(32.6554007125005,53.3047998871032,53.9055999705487));
#9652=CARTESIAN_POINT('Ctrl Pts',(32.5375140320158,52.8958522648476,53.7989179821342));
#9653=CARTESIAN_POINT('',(33.5948145996428,56.0803215050087,49.4623167734785));
#9654=CARTESIAN_POINT('',(33.5948145996428,54.8182120192737,54.3004031354627));
#9655=CARTESIAN_POINT('Ctrl Pts',(33.5948145996428,56.0803215050087,49.4623167734785));
#9656=CARTESIAN_POINT('Ctrl Pts',(33.3741496775629,55.8409641618906,49.3998757274477));
#9657=CARTESIAN_POINT('Ctrl Pts',(32.8627677188055,55.286263279607,49.2551711494606));
#9658=CARTESIAN_POINT('Ctrl Pts',(32.6554007125005,54.5669093728382,49.0675136085645));
#9659=CARTESIAN_POINT('Ctrl Pts',(32.5375140320158,54.1579617505826,48.9608316201499));
#9660=CARTESIAN_POINT('Ctrl Pts',(35.1466525207853,55.354497053396,54.4403035791468));
#9661=CARTESIAN_POINT('Ctrl Pts',(35.1466525207853,56.616606539131,49.6022172171626));
#9662=CARTESIAN_POINT('Ctrl Pts',(34.8642401427481,55.3318981724195,54.434408218892));
#9663=CARTESIAN_POINT('Ctrl Pts',(34.8642401427481,56.5940076581545,49.5963218569078));
#9664=CARTESIAN_POINT('Ctrl Pts',(34.2977898256436,55.2865703316772,54.4225835647853));
#9665=CARTESIAN_POINT('Ctrl Pts',(34.2977898256436,56.5486798174122,49.5844972028011));
#9666=CARTESIAN_POINT('Ctrl Pts',(33.8295875467819,54.9746298520124,54.3412077874815));
#9667=CARTESIAN_POINT('Ctrl Pts',(33.8295875467819,56.2367393377474,49.5031214254973));
#9668=CARTESIAN_POINT('Ctrl Pts',(33.5948145996428,54.8182120192737,54.3004031354627));
#9669=CARTESIAN_POINT('Ctrl Pts',(33.5948145996428,56.0803215050087,49.4623167734785));
#9670=CARTESIAN_POINT('',(35.1466525207853,55.354497053396,54.4403035791468));
#9671=CARTESIAN_POINT('Ctrl Pts',(35.1466525207853,55.354497053396,54.4403035791468));
#9672=CARTESIAN_POINT('Ctrl Pts',(34.8642401427481,55.3318981724195,54.434408218892));
#9673=CARTESIAN_POINT('Ctrl Pts',(34.2977898256436,55.2865703316772,54.4225835647853));
#9674=CARTESIAN_POINT('Ctrl Pts',(33.8295875467819,54.9746298520124,54.3412077874815));
#9675=CARTESIAN_POINT('Ctrl Pts',(33.5948145996428,54.8182120192737,54.3004031354627));
#9676=CARTESIAN_POINT('',(35.1466525207853,56.616606539131,49.6022172171626));
#9677=CARTESIAN_POINT('',(35.1466525207853,55.354497053396,54.4403035791468));
#9678=CARTESIAN_POINT('Ctrl Pts',(35.1466525207853,56.616606539131,49.6022172171626));
#9679=CARTESIAN_POINT('Ctrl Pts',(34.8642401427481,56.5940076581545,49.5963218569078));
#9680=CARTESIAN_POINT('Ctrl Pts',(34.2977898256436,56.5486798174122,49.5844972028011));
#9681=CARTESIAN_POINT('Ctrl Pts',(33.8295875467819,56.2367393377474,49.5031214254973));
#9682=CARTESIAN_POINT('Ctrl Pts',(33.5948145996428,56.0803215050087,49.4623167734785));
#9683=CARTESIAN_POINT('Ctrl Pts',(36.6899741302824,54.8182120192737,54.3004031354627));
#9684=CARTESIAN_POINT('Ctrl Pts',(36.6899741302824,56.0803215050087,49.4623167734785));
#9685=CARTESIAN_POINT('Ctrl Pts',(36.4573842630703,54.974627880656,54.3412072732146));
#9686=CARTESIAN_POINT('Ctrl Pts',(36.4573842630703,56.2367373663911,49.5031209112304));
#9687=CARTESIAN_POINT('Ctrl Pts',(35.9925842029203,55.2872042738169,54.4227489409957));
#9688=CARTESIAN_POINT('Ctrl Pts',(35.9925842029203,56.5493137595519,49.5846625790115));
#9689=CARTESIAN_POINT('Ctrl Pts',(35.428476149994,55.3320783454069,54.4344552205409));
#9690=CARTESIAN_POINT('Ctrl Pts',(35.428476149994,56.5941878311419,49.5963688585567));
#9691=CARTESIAN_POINT('Ctrl Pts',(35.1466525207853,55.354497053396,54.4403035791468));
#9692=CARTESIAN_POINT('Ctrl Pts',(35.1466525207853,56.616606539131,49.6022172171626));
#9693=CARTESIAN_POINT('Ctrl Pts',(36.6899741302824,54.8182120192737,54.3004031354627));
#9694=CARTESIAN_POINT('Ctrl Pts',(36.4573842630703,54.974627880656,54.3412072732146));
#9695=CARTESIAN_POINT('Ctrl Pts',(35.9925842029203,55.2872042738169,54.4227489409957));
#9696=CARTESIAN_POINT('Ctrl Pts',(35.428476149994,55.3320783454069,54.4344552205409));
#9697=CARTESIAN_POINT('Ctrl Pts',(35.1466525207853,55.354497053396,54.4403035791468));
#9698=CARTESIAN_POINT('Ctrl Pts',(36.6899741302824,56.0803215050087,49.4623167734785));
#9699=CARTESIAN_POINT('Ctrl Pts',(36.4573842630703,56.2367373663911,49.5031209112304));
#9700=CARTESIAN_POINT('Ctrl Pts',(35.9925842029203,56.5493137595519,49.5846625790115));
#9701=CARTESIAN_POINT('Ctrl Pts',(35.428476149994,56.5941878311419,49.5963688585567));
#9702=CARTESIAN_POINT('Ctrl Pts',(35.1466525207853,56.616606539131,49.6022172171626));
#9703=CARTESIAN_POINT('Ctrl Pts',(27.0293295990324,46.8894931031809,52.2320416790907));
#9704=CARTESIAN_POINT('Ctrl Pts',(27.0293295990324,48.1516025889159,47.3939553171065));
#9705=CARTESIAN_POINT('Ctrl Pts',(27.0524588759014,48.894673475814,52.7551322110819));
#9706=CARTESIAN_POINT('Ctrl Pts',(27.0524588759014,50.156782961549,47.9170458490977));
#9707=CARTESIAN_POINT('Ctrl Pts',(27.0926001939717,52.3747037241601,53.6629661889113));
#9708=CARTESIAN_POINT('Ctrl Pts',(27.0926001939717,53.6368132098951,48.8248798269271));
#9709=CARTESIAN_POINT('Ctrl Pts',(28.7728830862065,55.4294597898037,54.459859075601));
#9710=CARTESIAN_POINT('Ctrl Pts',(28.7728830862065,56.6915692755387,49.6217727136167));
#9711=CARTESIAN_POINT('Ctrl Pts',(29.4849932800627,56.7240768713331,54.7975852707825));
#9712=CARTESIAN_POINT('Ctrl Pts',(29.4849932800627,57.9861863570681,49.9594989087983));
#9713=CARTESIAN_POINT('',(27.0293295990324,46.8894931031809,52.2320416790907));
#9714=CARTESIAN_POINT('',(29.4849932800627,56.7240768713331,54.7975852707825));
#9715=CARTESIAN_POINT('Ctrl Pts',(27.0293295990324,46.8894931031809,52.2320416790907));
#9716=CARTESIAN_POINT('Ctrl Pts',(27.0524588759014,48.894673475814,52.7551322110819));
#9717=CARTESIAN_POINT('Ctrl Pts',(27.0926001939717,52.3747037241601,53.6629661889113));
#9718=CARTESIAN_POINT('Ctrl Pts',(28.7728830862065,55.4294597898037,54.459859075601));
#9719=CARTESIAN_POINT('Ctrl Pts',(29.4849932800627,56.7240768713331,54.7975852707825));
#9720=CARTESIAN_POINT('',(27.0293295990324,48.1516025889159,47.3939553171065));
#9721=CARTESIAN_POINT('',(27.0293295990324,46.8894931031809,52.2320416790907));
#9722=CARTESIAN_POINT('',(29.4849932800627,57.9861863570681,49.9594989087983));
#9723=CARTESIAN_POINT('Ctrl Pts',(27.0293295990324,48.1516025889159,47.3939553171065));
#9724=CARTESIAN_POINT('Ctrl Pts',(27.0524588759014,50.156782961549,47.9170458490977));
#9725=CARTESIAN_POINT('Ctrl Pts',(27.0926001939717,53.6368132098951,48.8248798269271));
#9726=CARTESIAN_POINT('Ctrl Pts',(28.7728830862065,56.6915692755387,49.6217727136167));
#9727=CARTESIAN_POINT('Ctrl Pts',(29.4849932800627,57.9861863570681,49.9594989087983));
#9728=CARTESIAN_POINT('',(29.4849932800627,56.7240768713331,54.7975852707825));
#9729=CARTESIAN_POINT('Ctrl Pts',(29.2633021484709,37.2116731959552,49.7073930076405));
#9730=CARTESIAN_POINT('Ctrl Pts',(29.2633021484709,38.4737826816902,44.8693066456563));
#9731=CARTESIAN_POINT('Ctrl Pts',(28.6168870555662,38.4489811633684,50.0301689991396));
#9732=CARTESIAN_POINT('Ctrl Pts',(28.6168870555662,39.7110906491035,45.1920826371554));
#9733=CARTESIAN_POINT('Ctrl Pts',(27.0384460900444,41.4702868292923,50.818335694598));
#9734=CARTESIAN_POINT('Ctrl Pts',(27.0384460900444,42.7323963150273,45.9802493326138));
#9735=CARTESIAN_POINT('Ctrl Pts',(27.0327141510056,44.8775802670578,51.7071948522759));
#9736=CARTESIAN_POINT('Ctrl Pts',(27.0327141510056,46.1396897527928,46.8691084902917));
#9737=CARTESIAN_POINT('Ctrl Pts',(27.0293295990324,46.8894931031809,52.2320416790907));
#9738=CARTESIAN_POINT('Ctrl Pts',(27.0293295990324,48.1516025889159,47.3939553171065));
#9739=CARTESIAN_POINT('',(29.2633021484709,37.2116731959552,49.7073930076405));
#9740=CARTESIAN_POINT('Ctrl Pts',(29.2633021484709,37.2116731959552,49.7073930076405));
#9741=CARTESIAN_POINT('Ctrl Pts',(28.6168870555662,38.4489811633684,50.0301689991396));
#9742=CARTESIAN_POINT('Ctrl Pts',(27.0384460900444,41.4702868292923,50.818335694598));
#9743=CARTESIAN_POINT('Ctrl Pts',(27.0327141510056,44.8775802670578,51.7071948522759));
#9744=CARTESIAN_POINT('Ctrl Pts',(27.0293295990324,46.8894931031809,52.2320416790907));
#9745=CARTESIAN_POINT('',(29.2633021484709,38.4737826816902,44.8693066456563));
#9746=CARTESIAN_POINT('',(29.2633021484709,37.2116731959552,49.7073930076405));
#9747=CARTESIAN_POINT('Ctrl Pts',(29.2633021484709,38.4737826816902,44.8693066456563));
#9748=CARTESIAN_POINT('Ctrl Pts',(28.6168870555662,39.7110906491035,45.1920826371554));
#9749=CARTESIAN_POINT('Ctrl Pts',(27.0384460900444,42.7323963150273,45.9802493326138));
#9750=CARTESIAN_POINT('Ctrl Pts',(27.0327141510056,46.1396897527928,46.8691084902917));
#9751=CARTESIAN_POINT('Ctrl Pts',(27.0293295990324,48.1516025889159,47.3939553171065));
#9752=CARTESIAN_POINT('Ctrl Pts',(35.1466525207853,34.4972628345691,48.9992859568441));
#9753=CARTESIAN_POINT('Ctrl Pts',(35.1466525207853,35.7593723203041,44.1611995948599));
#9754=CARTESIAN_POINT('Ctrl Pts',(33.9910854035159,34.6080408054494,49.0281845579433));
#9755=CARTESIAN_POINT('Ctrl Pts',(33.9910854035159,35.8701502911844,44.1900981959591));
#9756=CARTESIAN_POINT('Ctrl Pts',(31.6916655516803,34.8284737526851,49.0856888050483));
#9757=CARTESIAN_POINT('Ctrl Pts',(31.6916655516803,36.0905832384201,44.2476024430641));
#9758=CARTESIAN_POINT('Ctrl Pts',(30.0700027652769,36.4199760149168,49.5008633082392));
#9759=CARTESIAN_POINT('Ctrl Pts',(30.0700027652769,37.6820855006518,44.662776946255));
#9760=CARTESIAN_POINT('Ctrl Pts',(29.2633021484709,37.2116731959552,49.7073930076405));
#9761=CARTESIAN_POINT('Ctrl Pts',(29.2633021484709,38.4737826816902,44.8693066456563));
#9762=CARTESIAN_POINT('',(35.1466525207853,34.4972628345691,48.9992859568441));
#9763=CARTESIAN_POINT('Ctrl Pts',(35.1466525207853,34.4972628345691,48.9992859568441));
#9764=CARTESIAN_POINT('Ctrl Pts',(33.9910854035159,34.6080408054494,49.0281845579433));
#9765=CARTESIAN_POINT('Ctrl Pts',(31.6916655516803,34.8284737526851,49.0856888050483));
#9766=CARTESIAN_POINT('Ctrl Pts',(30.0700027652769,36.4199760149168,49.5008633082392));
#9767=CARTESIAN_POINT('Ctrl Pts',(29.2633021484709,37.2116731959552,49.7073930076405));
#9768=CARTESIAN_POINT('',(35.1466525207853,35.7593723203041,44.1611995948599));
#9769=CARTESIAN_POINT('',(35.1466525207853,34.4972628345691,48.9992859568441));
#9770=CARTESIAN_POINT('Ctrl Pts',(35.1466525207853,35.7593723203041,44.1611995948599));
#9771=CARTESIAN_POINT('Ctrl Pts',(33.9910854035159,35.8701502911844,44.1900981959591));
#9772=CARTESIAN_POINT('Ctrl Pts',(31.6916655516803,36.0905832384201,44.2476024430641));
#9773=CARTESIAN_POINT('Ctrl Pts',(30.0700027652769,37.6820855006518,44.662776946255));
#9774=CARTESIAN_POINT('Ctrl Pts',(29.2633021484709,38.4737826816902,44.8693066456563));
#9775=CARTESIAN_POINT('Ctrl Pts',(40.8083212982511,36.9724117534016,49.6449769791482));
#9776=CARTESIAN_POINT('Ctrl Pts',(40.8083212982511,38.2345212391366,44.806890617164));
#9777=CARTESIAN_POINT('Ctrl Pts',(40.0473179321883,36.2506856455998,49.4567006032));
#9778=CARTESIAN_POINT('Ctrl Pts',(40.0473179321883,37.5127951313348,44.6186142412157));
#9779=CARTESIAN_POINT('Ctrl Pts',(38.4766104380348,34.7610462342589,49.0680990176327));
#9780=CARTESIAN_POINT('Ctrl Pts',(38.4766104380348,36.0231557199939,44.2300126556485));
#9781=CARTESIAN_POINT('Ctrl Pts',(36.2793476592097,34.5869895463927,49.0226929251459));
#9782=CARTESIAN_POINT('Ctrl Pts',(36.2793476592097,35.8490990321277,44.1846065631617));
#9783=CARTESIAN_POINT('Ctrl Pts',(35.1466525207853,34.4972628345691,48.9992859568441));
#9784=CARTESIAN_POINT('Ctrl Pts',(35.1466525207853,35.7593723203041,44.1611995948599));
#9785=CARTESIAN_POINT('',(40.8083212982511,36.9724117534016,49.6449769791482));
#9786=CARTESIAN_POINT('Ctrl Pts',(40.8083212982511,36.9724117534016,49.6449769791482));
#9787=CARTESIAN_POINT('Ctrl Pts',(40.0473179321883,36.2506856455998,49.4567006032));
#9788=CARTESIAN_POINT('Ctrl Pts',(38.4766104380348,34.7610462342589,49.0680990176327));
#9789=CARTESIAN_POINT('Ctrl Pts',(36.2793476592097,34.5869895463927,49.0226929251459));
#9790=CARTESIAN_POINT('Ctrl Pts',(35.1466525207853,34.4972628345691,48.9992859568441));
#9791=CARTESIAN_POINT('',(40.8083212982511,38.2345212391366,44.806890617164));
#9792=CARTESIAN_POINT('',(40.8083212982511,36.9724117534016,49.6449769791482));
#9793=CARTESIAN_POINT('Ctrl Pts',(40.8083212982511,38.2345212391366,44.806890617164));
#9794=CARTESIAN_POINT('Ctrl Pts',(40.0473179321883,37.5127951313348,44.6186142412157));
#9795=CARTESIAN_POINT('Ctrl Pts',(38.4766104380348,36.0231557199939,44.2300126556485));
#9796=CARTESIAN_POINT('Ctrl Pts',(36.2793476592097,35.8490990321277,44.1846065631617));
#9797=CARTESIAN_POINT('Ctrl Pts',(35.1466525207853,35.7593723203041,44.1611995948599));
#9798=CARTESIAN_POINT('Ctrl Pts',(43.2639849792814,46.8399945542046,52.2191290141403));
#9799=CARTESIAN_POINT('Ctrl Pts',(43.2639849792814,48.1021040399396,47.3810426521561));
#9800=CARTESIAN_POINT('Ctrl Pts',(43.2416284718491,44.8264772892297,51.6938636406686));
#9801=CARTESIAN_POINT('Ctrl Pts',(43.2416284718491,46.0885867749647,46.8557772786844));
#9802=CARTESIAN_POINT('Ctrl Pts',(43.2028682319025,41.3355736870811,50.7831931357603));
#9803=CARTESIAN_POINT('Ctrl Pts',(43.2028682319025,42.5976831728161,45.9451067737761));
#9804=CARTESIAN_POINT('Ctrl Pts',(41.520371312784,38.2698553217964,49.9834405187295));
#9805=CARTESIAN_POINT('Ctrl Pts',(41.520371312784,39.5319648075315,45.1453541567453));
#9806=CARTESIAN_POINT('Ctrl Pts',(40.8083212982511,36.9724117534016,49.6449769791482));
#9807=CARTESIAN_POINT('Ctrl Pts',(40.8083212982511,38.2345212391366,44.806890617164));
#9808=CARTESIAN_POINT('',(43.2639849792814,46.8399945542046,52.2191290141403));
#9809=CARTESIAN_POINT('Ctrl Pts',(43.2639849792814,46.8399945542046,52.2191290141403));
#9810=CARTESIAN_POINT('Ctrl Pts',(43.2416284718491,44.8264772892297,51.6938636406686));
#9811=CARTESIAN_POINT('Ctrl Pts',(43.2028682319025,41.3355736870811,50.7831931357603));
#9812=CARTESIAN_POINT('Ctrl Pts',(41.520371312784,38.2698553217964,49.9834405187295));
#9813=CARTESIAN_POINT('Ctrl Pts',(40.8083212982511,36.9724117534016,49.6449769791482));
#9814=CARTESIAN_POINT('',(43.2639849792814,48.1021040399396,47.3810426521561));
#9815=CARTESIAN_POINT('',(43.2639849792814,46.8399945542046,52.2191290141403));
#9816=CARTESIAN_POINT('Ctrl Pts',(43.2639849792814,48.1021040399396,47.3810426521561));
#9817=CARTESIAN_POINT('Ctrl Pts',(43.2416284718491,46.0885867749647,46.8557772786844));
#9818=CARTESIAN_POINT('Ctrl Pts',(43.2028682319025,42.5976831728161,45.9451067737761));
#9819=CARTESIAN_POINT('Ctrl Pts',(41.520371312784,39.5319648075315,45.1453541567453));
#9820=CARTESIAN_POINT('Ctrl Pts',(40.8083212982511,38.2345212391366,44.806890617164));
#9821=CARTESIAN_POINT('Ctrl Pts',(40.8253729950285,56.6910732247235,54.7889756238409));
#9822=CARTESIAN_POINT('Ctrl Pts',(40.8253729950285,57.9531827104585,49.9508892618567));
#9823=CARTESIAN_POINT('Ctrl Pts',(41.5323264211806,55.4002188697645,54.4522310095038));
#9824=CARTESIAN_POINT('Ctrl Pts',(41.5323264211806,56.6623283554995,49.6141446475196));
#9825=CARTESIAN_POINT('Ctrl Pts',(43.2087037750873,52.33925484046,53.653718654033));
#9826=CARTESIAN_POINT('Ctrl Pts',(43.2087037750873,53.601364326195,48.8156322920488));
#9827=CARTESIAN_POINT('Ctrl Pts',(43.2437298972114,48.8549283829082,52.7447639259761));
#9828=CARTESIAN_POINT('Ctrl Pts',(43.2437298972114,50.1170378686432,47.9066775639918));
#9829=CARTESIAN_POINT('Ctrl Pts',(43.2639849792814,46.8399945542046,52.2191290141403));
#9830=CARTESIAN_POINT('Ctrl Pts',(43.2639849792814,48.1021040399396,47.3810426521561));
#9831=CARTESIAN_POINT('',(40.8253729950285,56.6910732247235,54.7889756238409));
#9832=CARTESIAN_POINT('Ctrl Pts',(40.8253729950285,56.6910732247235,54.7889756238409));
#9833=CARTESIAN_POINT('Ctrl Pts',(41.5323264211806,55.4002188697645,54.4522310095038));
#9834=CARTESIAN_POINT('Ctrl Pts',(43.2087037750873,52.33925484046,53.653718654033));
#9835=CARTESIAN_POINT('Ctrl Pts',(43.2437298972114,48.8549283829082,52.7447639259761));
#9836=CARTESIAN_POINT('Ctrl Pts',(43.2639849792814,46.8399945542046,52.2191290141403));
#9837=CARTESIAN_POINT('',(40.8253729950285,57.9531827104585,49.9508892618567));
#9838=CARTESIAN_POINT('',(40.8253729950285,56.6910732247235,54.7889756238409));
#9839=CARTESIAN_POINT('Ctrl Pts',(40.8253729950285,57.9531827104585,49.9508892618567));
#9840=CARTESIAN_POINT('Ctrl Pts',(41.5323264211806,56.6623283554995,49.6141446475196));
#9841=CARTESIAN_POINT('Ctrl Pts',(43.2087037750873,53.601364326195,48.8156322920488));
#9842=CARTESIAN_POINT('Ctrl Pts',(43.2437298972114,50.1170378686432,47.9066775639918));
#9843=CARTESIAN_POINT('Ctrl Pts',(43.2639849792814,48.1021040399396,47.3810426521561));
#9844=CARTESIAN_POINT('Ctrl Pts',(35.1466525207853,59.1992234831862,55.443275691266));
#9845=CARTESIAN_POINT('Ctrl Pts',(35.1466525207853,60.4613329689212,50.6051893292818));
#9846=CARTESIAN_POINT('Ctrl Pts',(36.2812477331379,59.106804238986,55.4191663232137));
#9847=CARTESIAN_POINT('Ctrl Pts',(36.2812477331379,60.368913724721,50.5810799612295));
#9848=CARTESIAN_POINT('Ctrl Pts',(38.4892161783029,58.9269526296204,55.3722485120749));
#9849=CARTESIAN_POINT('Ctrl Pts',(38.4892161783029,60.1890621153554,50.5341621500907));
#9850=CARTESIAN_POINT('Ctrl Pts',(40.0611830871152,57.4224609741676,54.9797724280437));
#9851=CARTESIAN_POINT('Ctrl Pts',(40.0611830871152,58.6845704599026,50.1416860660595));
#9852=CARTESIAN_POINT('Ctrl Pts',(40.8253729950285,56.6910732247235,54.7889756238409));
#9853=CARTESIAN_POINT('Ctrl Pts',(40.8253729950285,57.9531827104585,49.9508892618567));
#9854=CARTESIAN_POINT('',(35.1466525207853,59.1992234831862,55.443275691266));
#9855=CARTESIAN_POINT('Ctrl Pts',(35.1466525207853,59.1992234831862,55.443275691266));
#9856=CARTESIAN_POINT('Ctrl Pts',(36.2812477331379,59.106804238986,55.4191663232137));
#9857=CARTESIAN_POINT('Ctrl Pts',(38.4892161783029,58.9269526296204,55.3722485120749));
#9858=CARTESIAN_POINT('Ctrl Pts',(40.0611830871152,57.4224609741676,54.9797724280437));
#9859=CARTESIAN_POINT('Ctrl Pts',(40.8253729950285,56.6910732247235,54.7889756238409));
#9860=CARTESIAN_POINT('',(35.1466525207853,60.4613329689212,50.6051893292818));
#9861=CARTESIAN_POINT('',(35.1466525207853,59.1992234831862,55.443275691266));
#9862=CARTESIAN_POINT('Ctrl Pts',(35.1466525207853,60.4613329689212,50.6051893292818));
#9863=CARTESIAN_POINT('Ctrl Pts',(36.2812477331379,60.368913724721,50.5810799612295));
#9864=CARTESIAN_POINT('Ctrl Pts',(38.4892161783029,60.1890621153554,50.5341621500907));
#9865=CARTESIAN_POINT('Ctrl Pts',(40.0611830871152,58.6845704599026,50.1416860660595));
#9866=CARTESIAN_POINT('Ctrl Pts',(40.8253729950285,57.9531827104585,49.9508892618567));
#9867=CARTESIAN_POINT('Ctrl Pts',(29.4849932800627,56.7240768713331,54.7975852707825));
#9868=CARTESIAN_POINT('Ctrl Pts',(29.4849932800627,57.9861863570681,49.9594989087983));
#9869=CARTESIAN_POINT('Ctrl Pts',(30.2459951054761,57.4458020222304,54.9858613971036));
#9870=CARTESIAN_POINT('Ctrl Pts',(30.2459951054761,58.7079115079655,50.1477750351194));
#9871=CARTESIAN_POINT('Ctrl Pts',(31.8166996351373,58.9354396628091,55.3744625207328));
#9872=CARTESIAN_POINT('Ctrl Pts',(31.8166996351373,60.1975491485441,50.5363761587486));
#9873=CARTESIAN_POINT('Ctrl Pts',(34.0139589975434,59.1094966206336,55.4198686836436));
#9874=CARTESIAN_POINT('Ctrl Pts',(34.0139589975434,60.3716061063686,50.5817823216593));
#9875=CARTESIAN_POINT('Ctrl Pts',(35.1466525207853,59.1992234831862,55.443275691266));
#9876=CARTESIAN_POINT('Ctrl Pts',(35.1466525207853,60.4613329689212,50.6051893292818));
#9877=CARTESIAN_POINT('Ctrl Pts',(29.4849932800627,56.7240768713331,54.7975852707825));
#9878=CARTESIAN_POINT('Ctrl Pts',(30.2459951054761,57.4458020222304,54.9858613971036));
#9879=CARTESIAN_POINT('Ctrl Pts',(31.8166996351373,58.9354396628091,55.3744625207328));
#9880=CARTESIAN_POINT('Ctrl Pts',(34.0139589975434,59.1094966206336,55.4198686836436));
#9881=CARTESIAN_POINT('Ctrl Pts',(35.1466525207853,59.1992234831862,55.443275691266));
#9882=CARTESIAN_POINT('Ctrl Pts',(29.4849932800627,57.9861863570681,49.9594989087983));
#9883=CARTESIAN_POINT('Ctrl Pts',(30.2459951054761,58.7079115079655,50.1477750351194));
#9884=CARTESIAN_POINT('Ctrl Pts',(31.8166996351373,60.1975491485441,50.5363761587486));
#9885=CARTESIAN_POINT('Ctrl Pts',(34.0139589975434,60.3716061063686,50.5817823216593));
#9886=CARTESIAN_POINT('Ctrl Pts',(35.1466525207853,60.4613329689212,50.6051893292818));
#9887=CARTESIAN_POINT('Origin',(-0.0511645663881133,66.9379675645117,52.2947461803054));
#9888=CARTESIAN_POINT('Origin',(-6.73601978909015,53.456886573458,53.9452747582934));
#9889=CARTESIAN_POINT('',(-6.73601978909015,53.456886573458,53.9452747582934));
#9890=CARTESIAN_POINT('',(-10.1125561584139,44.4803514775675,51.6035699506698));
#9891=CARTESIAN_POINT('',(3.87873512210501,81.6762538695677,61.3068488355394));
#9892=CARTESIAN_POINT('',(-6.73601978909015,54.718996059193,49.1071883963092));
#9893=CARTESIAN_POINT('',(-6.73601978909015,53.456886573458,53.9452747582934));
#9894=CARTESIAN_POINT('',(-10.1125561584139,45.7424609633025,46.7654835886856));
#9895=CARTESIAN_POINT('',(-6.73601978909015,54.718996059193,49.1071883963092));
#9896=CARTESIAN_POINT('',(-10.1125561584139,44.4803514775675,51.6035699506698));
#9897=CARTESIAN_POINT('Origin',(-3.29127186428547,44.4803514775675,51.6035699506698));
#9898=CARTESIAN_POINT('',(-3.29127186428547,44.4803514775675,51.6035699506698));
#9899=CARTESIAN_POINT('',(-14.9832368495986,74.9479898422924,59.5516495240763));
#9900=CARTESIAN_POINT('',(-3.29127186428547,45.7424609633025,46.7654835886856));
#9901=CARTESIAN_POINT('',(-3.29127186428547,44.4803514775675,51.6035699506698));
#9902=CARTESIAN_POINT('',(-3.29127186428547,45.7424609633025,46.7654835886856));
#9903=CARTESIAN_POINT('Origin',(-10.1125561584139,44.4803514775675,51.6035699506698));
#9904=CARTESIAN_POINT('',(-5.05627807920694,44.4803514775675,51.6035699506698));
#9905=CARTESIAN_POINT('',(-10.1125561584139,45.7424609633025,46.7654835886856));
#9906=CARTESIAN_POINT('Origin',(-9.34515827785969,59.1002194642956,55.4174485559032));
#9907=CARTESIAN_POINT('',(-9.34515827785969,59.1002194642956,55.4174485559032));
#9908=CARTESIAN_POINT('',(-4.00750511776447,59.1002194642956,55.4174485559032));
#9909=CARTESIAN_POINT('',(-4.67257913892984,59.1002194642956,55.4174485559032));
#9910=CARTESIAN_POINT('',(-9.34515827785969,60.3623289500306,50.579362193919));
#9911=CARTESIAN_POINT('',(-9.34515827785969,59.1002194642956,55.4174485559032));
#9912=CARTESIAN_POINT('',(-4.00750511776447,60.3623289500306,50.579362193919));
#9913=CARTESIAN_POINT('',(-9.34515827785969,60.3623289500306,50.579362193919));
#9914=CARTESIAN_POINT('',(-4.00750511776447,59.1002194642956,55.4174485559032));
#9915=CARTESIAN_POINT('Origin',(-19.0825402129793,34.9097876543745,49.1069011272281));
#9916=CARTESIAN_POINT('',(-19.0825402129793,34.9097876543745,49.1069011272281));
#9917=CARTESIAN_POINT('',(-3.8296601121113,72.8022887849073,58.9919014221497));
#9918=CARTESIAN_POINT('',(-19.0825402129793,36.1718971401095,44.2688147652439));
#9919=CARTESIAN_POINT('',(-19.0825402129793,34.9097876543745,49.1069011272281));
#9920=CARTESIAN_POINT('',(-19.0825402129793,36.1718971401095,44.2688147652439));
#9921=CARTESIAN_POINT('Origin',(-13.7278353561068,34.9097876543745,49.1069011272281));
#9922=CARTESIAN_POINT('',(-13.7278353561068,34.9097876543745,49.1069011272281));
#9923=CARTESIAN_POINT('',(-6.86391767805338,34.9097876543745,49.1069011272281));
#9924=CARTESIAN_POINT('',(-13.7278353561068,36.1718971401095,44.2688147652439));
#9925=CARTESIAN_POINT('',(-13.7278353561068,34.9097876543745,49.1069011272281));
#9926=CARTESIAN_POINT('',(-13.7278353561068,36.1718971401095,44.2688147652439));
#9927=CARTESIAN_POINT('Origin',(-11.6643940795565,40.4046110564071,50.5403333190627));
#9928=CARTESIAN_POINT('',(-11.6643940795565,40.4046110564071,50.5403333190627));
#9929=CARTESIAN_POINT('',(1.38844134865487,75.1635481722351,59.6078821318874));
#9930=CARTESIAN_POINT('',(-11.6643940795565,41.6667205421421,45.7022469570785));
#9931=CARTESIAN_POINT('',(-11.6643940795565,40.4046110564071,50.5403333190627));
#9932=CARTESIAN_POINT('',(-11.6643940795565,41.6667205421421,45.7022469570785));
#9933=CARTESIAN_POINT('Origin',(-1.67121761929036,40.4046110564071,50.5403333190627));
#9934=CARTESIAN_POINT('',(-1.67121761929036,40.4046110564071,50.5403333190627));
#9935=CARTESIAN_POINT('',(-0.835608809645179,40.4046110564071,50.5403333190627));
#9936=CARTESIAN_POINT('',(-1.67121761929036,41.6667205421421,45.7022469570785));
#9937=CARTESIAN_POINT('',(-1.67121761929036,40.4046110564071,50.5403333190627));
#9938=CARTESIAN_POINT('',(-1.67121761929035,41.6667205421421,45.7022469570785));
#9939=CARTESIAN_POINT('Origin',(0.511595071444502,34.9097876543745,49.1069011272281));
#9940=CARTESIAN_POINT('',(0.511595071444502,34.9097876543745,49.1069011272281));
#9941=CARTESIAN_POINT('',(-13.3813653857468,69.882721689309,58.230275223298));
#9942=CARTESIAN_POINT('',(0.511595071444502,36.1718971401095,44.2688147652439));
#9943=CARTESIAN_POINT('',(0.511595071444502,34.9097876543745,49.1069011272281));
#9944=CARTESIAN_POINT('',(0.511595071444502,36.1718971401095,44.2688147652439));
#9945=CARTESIAN_POINT('Origin',(6.00272780765056,34.9097876543745,49.1069011272281));
#9946=CARTESIAN_POINT('',(6.00272780765056,34.9097876543745,49.1069011272281));
#9947=CARTESIAN_POINT('',(3.00136390382528,34.9097876543745,49.1069011272281));
#9948=CARTESIAN_POINT('',(6.00272780765056,36.1718971401095,44.2688147652439));
#9949=CARTESIAN_POINT('',(6.00272780765056,34.9097876543745,49.1069011272281));
#9950=CARTESIAN_POINT('',(6.00272780765056,36.1718971401095,44.2688147652439));
#9951=CARTESIAN_POINT('Origin',(-4.00750511776447,59.1002194642956,55.4174485559032));
#9952=CARTESIAN_POINT('',(-13.6984543308907,82.5190797306083,61.526716451463));
#9953=CARTESIAN_POINT('',(-4.00750511776447,60.3623289500306,50.579362193919));
#9954=CARTESIAN_POINT('Origin',(-0.0511645663881133,66.9379675645117,52.2947461803054));
#9955=CARTESIAN_POINT('Origin',(-44.116643606534,38.985528075535,50.1701377588352));
#9956=CARTESIAN_POINT('',(-44.116643606534,38.985528075535,50.1701377588352));
#9957=CARTESIAN_POINT('',(-44.116643606534,34.9097876543745,49.1069011272281));
#9958=CARTESIAN_POINT('',(-44.116643606534,76.9927640377675,60.0850688794176));
#9959=CARTESIAN_POINT('',(-44.116643606534,40.24763756127,45.332051396851));
#9960=CARTESIAN_POINT('',(-44.116643606534,38.985528075535,50.1701377588352));
#9961=CARTESIAN_POINT('',(-44.116643606534,36.1718971401095,44.2688147652439));
#9962=CARTESIAN_POINT('',(-44.116643606534,40.24763756127,45.332051396851));
#9963=CARTESIAN_POINT('',(-44.116643606534,34.9097876543745,49.1069011272281));
#9964=CARTESIAN_POINT('Origin',(-58.0832194675112,38.985528075535,50.1701377588352));
#9965=CARTESIAN_POINT('',(-58.0832194675112,38.985528075535,50.1701377588352));
#9966=CARTESIAN_POINT('',(-29.0416097337556,38.985528075535,50.1701377588352));
#9967=CARTESIAN_POINT('',(-58.0832194675112,40.24763756127,45.332051396851));
#9968=CARTESIAN_POINT('',(-58.0832194675112,38.985528075535,50.1701377588352));
#9969=CARTESIAN_POINT('',(-58.0832194675112,40.24763756127,45.332051396851));
#9970=CARTESIAN_POINT('Origin',(-58.0832194675112,45.5694210621375,51.887675059688));
#9971=CARTESIAN_POINT('',(-58.0832194675112,45.5694210621375,51.887675059688));
#9972=CARTESIAN_POINT('',(-58.0832194675112,80.2847105310688,60.943837529844));
#9973=CARTESIAN_POINT('',(-58.0832194675112,46.8315305478725,47.0495886977038));
#9974=CARTESIAN_POINT('',(-58.0832194675112,45.5694210621375,51.887675059688));
#9975=CARTESIAN_POINT('',(-58.0832194675112,46.8315305478725,47.0495886977038));
#9976=CARTESIAN_POINT('Origin',(-45.5320608009005,45.5694210621375,51.887675059688));
#9977=CARTESIAN_POINT('',(-45.5320608009005,45.5694210621375,51.887675059688));
#9978=CARTESIAN_POINT('',(-22.7660304004502,45.5694210621375,51.887675059688));
#9979=CARTESIAN_POINT('',(-45.5320608009005,46.8315305478725,47.0495886977038));
#9980=CARTESIAN_POINT('',(-45.5320608009005,45.5694210621375,51.887675059688));
#9981=CARTESIAN_POINT('',(-45.5320608009005,46.8315305478725,47.0495886977038));
#9982=CARTESIAN_POINT('Origin',(-45.5320608009005,49.645161483298,52.9509116912951));
#9983=CARTESIAN_POINT('',(-45.5320608009005,49.645161483298,52.9509116912951));
#9984=CARTESIAN_POINT('',(-45.5320608009005,82.322580741649,61.4754558456475));
#9985=CARTESIAN_POINT('',(-45.5320608009005,50.907270969033,48.1128253293109));
#9986=CARTESIAN_POINT('',(-45.5320608009005,49.645161483298,52.9509116912951));
#9987=CARTESIAN_POINT('',(-45.5320608009005,50.907270969033,48.1128253293109));
#9988=CARTESIAN_POINT('Origin',(-58.0832194675112,49.645161483298,52.9509116912951));
#9989=CARTESIAN_POINT('',(-58.0832194675112,49.645161483298,52.9509116912951));
#9990=CARTESIAN_POINT('',(-29.0416097337556,49.645161483298,52.9509116912951));
#9991=CARTESIAN_POINT('',(-58.0832194675112,50.907270969033,48.1128253293109));
#9992=CARTESIAN_POINT('',(-58.0832194675112,49.645161483298,52.9509116912951));
#9993=CARTESIAN_POINT('',(-58.0832194675112,50.907270969033,48.1128253293109));
#9994=CARTESIAN_POINT('Origin',(-58.0832194675112,55.007974912851,54.3499064990046));
#9995=CARTESIAN_POINT('',(-58.0832194675112,55.007974912851,54.3499064990046));
#9996=CARTESIAN_POINT('',(-58.0832194675112,85.0039874564255,62.1749532495023));
#9997=CARTESIAN_POINT('',(-58.0832194675112,56.270084398586,49.5118201370204));
#9998=CARTESIAN_POINT('',(-58.0832194675112,55.007974912851,54.3499064990046));
#9999=CARTESIAN_POINT('',(-58.0832194675112,56.270084398586,49.5118201370204));
#10000=CARTESIAN_POINT('Origin',(-44.5941340316439,55.007974912851,54.3499064990046));
#10001=CARTESIAN_POINT('',(-44.5941340316439,55.007974912851,54.3499064990046));
#10002=CARTESIAN_POINT('',(-22.2970670158219,55.007974912851,54.3499064990046));
#10003=CARTESIAN_POINT('',(-44.5941340316439,56.270084398586,49.5118201370204));
#10004=CARTESIAN_POINT('',(-44.5941340316439,55.007974912851,54.3499064990046));
#10005=CARTESIAN_POINT('',(-44.5941340316439,56.270084398586,49.5118201370204));
#10006=CARTESIAN_POINT('Origin',(-44.5941340316439,59.1002194642956,55.4174485559032));
#10007=CARTESIAN_POINT('',(-44.5941340316439,59.1002194642956,55.4174485559032));
#10008=CARTESIAN_POINT('',(-44.5941340316439,87.0501097321478,62.7087242779516));
#10009=CARTESIAN_POINT('',(-44.5941340316439,60.3623289500306,50.579362193919));
#10010=CARTESIAN_POINT('',(-44.5941340316439,59.1002194642956,55.4174485559032));
#10011=CARTESIAN_POINT('',(-44.5941340316439,60.3623289500306,50.579362193919));
#10012=CARTESIAN_POINT('Origin',(-63.1309687484407,59.1002194642956,55.4174485559032));
#10013=CARTESIAN_POINT('',(-63.1309687484407,59.1002194642956,55.4174485559032));
#10014=CARTESIAN_POINT('',(-31.5654843742204,59.1002194642956,55.4174485559032));
#10015=CARTESIAN_POINT('',(-63.1309687484407,60.3623289500306,50.579362193919));
#10016=CARTESIAN_POINT('',(-63.1309687484407,59.1002194642956,55.4174485559032));
#10017=CARTESIAN_POINT('',(-63.1309687484407,60.3623289500306,50.579362193919));
#10018=CARTESIAN_POINT('Origin',(-63.1309687484408,34.9097876543745,49.1069011272281));
#10019=CARTESIAN_POINT('',(-63.1309687484408,34.9097876543745,49.1069011272281));
#10020=CARTESIAN_POINT('',(-63.1309687484407,74.9548938271872,59.5534505636141));
#10021=CARTESIAN_POINT('',(-63.1309687484408,36.1718971401095,44.2688147652439));
#10022=CARTESIAN_POINT('',(-63.1309687484408,34.9097876543745,49.1069011272281));
#10023=CARTESIAN_POINT('',(-63.1309687484408,36.1718971401095,44.2688147652439));
#10024=CARTESIAN_POINT('Origin',(-44.116643606534,34.9097876543745,49.1069011272281));
#10025=CARTESIAN_POINT('',(-22.058321803267,34.9097876543745,49.1069011272281));
#10026=CARTESIAN_POINT('',(-44.116643606534,36.1718971401095,44.2688147652439));
#10027=CARTESIAN_POINT('Origin',(-0.0511645663881133,66.9379675645117,52.2947461803054));
#10028=CARTESIAN_POINT('Ctrl Pts',(54.5190966736174,34.4972628345691,48.9992859568441));
#10029=CARTESIAN_POINT('Ctrl Pts',(54.5190966736174,35.7593723203041,44.1611995948599));
#10030=CARTESIAN_POINT('Ctrl Pts',(53.4511682108857,34.563684326448,49.0166133025517));
#10031=CARTESIAN_POINT('Ctrl Pts',(53.4511682108857,35.825793812183,44.1785269405674));
#10032=CARTESIAN_POINT('Ctrl Pts',(51.3914016761087,34.6917947485752,49.0500334126718));
#10033=CARTESIAN_POINT('Ctrl Pts',(51.3914016761087,35.9539042343102,44.2119470506876));
#10034=CARTESIAN_POINT('Ctrl Pts',(49.7040501403902,35.8357672188665,49.3484610136173));
#10035=CARTESIAN_POINT('Ctrl Pts',(49.7040501403902,37.0978767046015,44.5103746516331));
#10036=CARTESIAN_POINT('Ctrl Pts',(48.8915408264494,36.3866235563443,49.4921626668724));
#10037=CARTESIAN_POINT('Ctrl Pts',(48.8915408264494,37.6487330420793,44.6540763048882));
#10038=CARTESIAN_POINT('',(54.5190966736174,34.4972628345691,48.9992859568441));
#10039=CARTESIAN_POINT('',(48.8915408264494,36.3866235563443,49.4921626668724));
#10040=CARTESIAN_POINT('Ctrl Pts',(54.5190966736174,34.4972628345691,48.9992859568441));
#10041=CARTESIAN_POINT('Ctrl Pts',(53.4511682108857,34.563684326448,49.0166133025517));
#10042=CARTESIAN_POINT('Ctrl Pts',(51.3914016761087,34.6917947485752,49.0500334126718));
#10043=CARTESIAN_POINT('Ctrl Pts',(49.7040501403902,35.8357672188665,49.3484610136173));
#10044=CARTESIAN_POINT('Ctrl Pts',(48.8915408264494,36.3866235563443,49.4921626668724));
#10045=CARTESIAN_POINT('',(54.5190966736174,35.7593723203041,44.1611995948599));
#10046=CARTESIAN_POINT('',(54.5190966736174,34.4972628345691,48.9992859568441));
#10047=CARTESIAN_POINT('',(48.8915408264494,37.6487330420793,44.6540763048882));
#10048=CARTESIAN_POINT('Ctrl Pts',(54.5190966736174,35.7593723203041,44.1611995948599));
#10049=CARTESIAN_POINT('Ctrl Pts',(53.4511682108857,35.825793812183,44.1785269405674));
#10050=CARTESIAN_POINT('Ctrl Pts',(51.3914016761087,35.9539042343102,44.2119470506876));
#10051=CARTESIAN_POINT('Ctrl Pts',(49.7040501403902,37.0978767046015,44.5103746516331));
#10052=CARTESIAN_POINT('Ctrl Pts',(48.8915408264494,37.6487330420793,44.6540763048882));
#10053=CARTESIAN_POINT('',(48.8915408264494,36.3866235563443,49.4921626668724));
#10054=CARTESIAN_POINT('Ctrl Pts',(60.5047763000822,36.741395455052,49.5847118578397));
#10055=CARTESIAN_POINT('Ctrl Pts',(60.5047763000822,38.003504940787,44.7466254958554));
#10056=CARTESIAN_POINT('Ctrl Pts',(59.6430701447971,36.0869241535177,49.4139802139611));
#10057=CARTESIAN_POINT('Ctrl Pts',(59.6430701447971,37.3490336392527,44.5758938519769));
#10058=CARTESIAN_POINT('Ctrl Pts',(57.8855510745551,34.7520772497122,49.0657592825336));
#10059=CARTESIAN_POINT('Ctrl Pts',(57.8855510745551,36.0141867354472,44.2276729205494));
#10060=CARTESIAN_POINT('Ctrl Pts',(55.6556726267193,34.5832927943614,49.0217285550508));
#10061=CARTESIAN_POINT('Ctrl Pts',(55.6556726267193,35.8454022800964,44.1836421930666));
#10062=CARTESIAN_POINT('Ctrl Pts',(54.5190966736174,34.4972628345691,48.9992859568441));
#10063=CARTESIAN_POINT('Ctrl Pts',(54.5190966736174,35.7593723203041,44.1611995948599));
#10064=CARTESIAN_POINT('',(60.5047763000822,36.741395455052,49.5847118578397));
#10065=CARTESIAN_POINT('Ctrl Pts',(60.5047763000822,36.741395455052,49.5847118578397));
#10066=CARTESIAN_POINT('Ctrl Pts',(59.6430701447971,36.0869241535177,49.4139802139611));
#10067=CARTESIAN_POINT('Ctrl Pts',(57.8855510745551,34.7520772497122,49.0657592825336));
#10068=CARTESIAN_POINT('Ctrl Pts',(55.6556726267193,34.5832927943614,49.0217285550508));
#10069=CARTESIAN_POINT('Ctrl Pts',(54.5190966736174,34.4972628345691,48.9992859568441));
#10070=CARTESIAN_POINT('',(60.5047763000822,38.003504940787,44.7466254958554));
#10071=CARTESIAN_POINT('',(60.5047763000822,36.741395455052,49.5847118578397));
#10072=CARTESIAN_POINT('Ctrl Pts',(60.5047763000822,38.003504940787,44.7466254958554));
#10073=CARTESIAN_POINT('Ctrl Pts',(59.6430701447971,37.3490336392527,44.5758938519769));
#10074=CARTESIAN_POINT('Ctrl Pts',(57.8855510745551,36.0141867354472,44.2276729205494));
#10075=CARTESIAN_POINT('Ctrl Pts',(55.6556726267193,35.8454022800964,44.1836421930666));
#10076=CARTESIAN_POINT('Ctrl Pts',(54.5190966736174,35.7593723203041,44.1611995948599));
#10077=CARTESIAN_POINT('Ctrl Pts',(62.9092753540373,42.1702161778242,51.0009259594324));
#10078=CARTESIAN_POINT('Ctrl Pts',(62.9092753540373,43.4323256635592,46.1628395974482));
#10079=CARTESIAN_POINT('Ctrl Pts',(62.8074124791304,41.1462832374909,50.7338130184759));
#10080=CARTESIAN_POINT('Ctrl Pts',(62.8074124791304,42.408392723226,45.8957266564917));
#10081=CARTESIAN_POINT('Ctrl Pts',(62.6028247715356,39.0897528952517,50.1973268422396));
#10082=CARTESIAN_POINT('Ctrl Pts',(62.6028247715356,40.3518623809867,45.3592404802554));
#10083=CARTESIAN_POINT('Ctrl Pts',(61.2060873432405,37.526376845379,49.789489611838));
#10084=CARTESIAN_POINT('Ctrl Pts',(61.2060873432405,38.788486331114,44.9514032498538));
#10085=CARTESIAN_POINT('Ctrl Pts',(60.5047763000822,36.741395455052,49.5847118578397));
#10086=CARTESIAN_POINT('Ctrl Pts',(60.5047763000822,38.003504940787,44.7466254958554));
#10087=CARTESIAN_POINT('',(62.9092753540373,42.1702161778242,51.0009259594324));
#10088=CARTESIAN_POINT('Ctrl Pts',(62.9092753540373,42.1702161778242,51.0009259594324));
#10089=CARTESIAN_POINT('Ctrl Pts',(62.8074124791304,41.1462832374909,50.7338130184759));
#10090=CARTESIAN_POINT('Ctrl Pts',(62.6028247715356,39.0897528952517,50.1973268422396));
#10091=CARTESIAN_POINT('Ctrl Pts',(61.2060873432405,37.526376845379,49.789489611838));
#10092=CARTESIAN_POINT('Ctrl Pts',(60.5047763000822,36.741395455052,49.5847118578397));
#10093=CARTESIAN_POINT('',(62.9092753540373,43.4323256635592,46.1628395974482));
#10094=CARTESIAN_POINT('',(62.9092753540373,42.1702161778242,51.0009259594324));
#10095=CARTESIAN_POINT('Ctrl Pts',(62.9092753540373,43.4323256635592,46.1628395974482));
#10096=CARTESIAN_POINT('Ctrl Pts',(62.8074124791304,42.4083927232259,45.8957266564917));
#10097=CARTESIAN_POINT('Ctrl Pts',(62.6028247715356,40.3518623809867,45.3592404802554));
#10098=CARTESIAN_POINT('Ctrl Pts',(61.2060873432405,38.788486331114,44.9514032498538));
#10099=CARTESIAN_POINT('Ctrl Pts',(60.5047763000822,38.003504940787,44.7466254958554));
#10100=CARTESIAN_POINT('Ctrl Pts',(61.6217578064299,45.9159385887238,51.9780709361888));
#10101=CARTESIAN_POINT('Ctrl Pts',(61.6217578064299,47.1780480744588,47.1399845742046));
#10102=CARTESIAN_POINT('Ctrl Pts',(61.9972067938101,45.3627908584531,51.8337715282921));
#10103=CARTESIAN_POINT('Ctrl Pts',(61.9972067938101,46.6249003441881,46.9956851663079));
#10104=CARTESIAN_POINT('Ctrl Pts',(62.7687213042578,44.2261211252283,51.53724898919));
#10105=CARTESIAN_POINT('Ctrl Pts',(62.7687213042578,45.4882306109633,46.6991626272058));
#10106=CARTESIAN_POINT('Ctrl Pts',(62.8615967267508,42.86761853569,51.1828570093105));
#10107=CARTESIAN_POINT('Ctrl Pts',(62.8615967267508,44.1297280214251,46.3447706473262));
#10108=CARTESIAN_POINT('Ctrl Pts',(62.9092753540373,42.1702161778242,51.0009259594324));
#10109=CARTESIAN_POINT('Ctrl Pts',(62.9092753540373,43.4323256635592,46.1628395974482));
#10110=CARTESIAN_POINT('',(61.6217578064299,45.9159385887238,51.9780709361888));
#10111=CARTESIAN_POINT('Ctrl Pts',(61.6217578064299,45.9159385887238,51.9780709361888));
#10112=CARTESIAN_POINT('Ctrl Pts',(61.9972067938101,45.3627908584531,51.8337715282921));
#10113=CARTESIAN_POINT('Ctrl Pts',(62.7687213042578,44.2261211252283,51.53724898919));
#10114=CARTESIAN_POINT('Ctrl Pts',(62.8615967267508,42.86761853569,51.1828570093105));
#10115=CARTESIAN_POINT('Ctrl Pts',(62.9092753540373,42.1702161778242,51.0009259594324));
#10116=CARTESIAN_POINT('',(61.6217578064299,47.1780480744588,47.1399845742046));
#10117=CARTESIAN_POINT('',(61.6217578064299,45.9159385887238,51.9780709361888));
#10118=CARTESIAN_POINT('Ctrl Pts',(61.6217578064299,47.1780480744588,47.1399845742046));
#10119=CARTESIAN_POINT('Ctrl Pts',(61.9972067938101,46.6249003441881,46.9956851663079));
#10120=CARTESIAN_POINT('Ctrl Pts',(62.7687213042578,45.4882306109633,46.6991626272058));
#10121=CARTESIAN_POINT('Ctrl Pts',(62.8615967267508,44.1297280214251,46.3447706473262));
#10122=CARTESIAN_POINT('Ctrl Pts',(62.9092753540373,43.4323256635592,46.1628395974482));
#10123=CARTESIAN_POINT('Ctrl Pts',(58.1855357300139,47.9125553945317,52.4989274942257));
#10124=CARTESIAN_POINT('Ctrl Pts',(58.1855357300139,49.1746648802668,47.6608411322415));
#10125=CARTESIAN_POINT('Ctrl Pts',(58.8618224617405,47.722815624349,52.4494301628737));
#10126=CARTESIAN_POINT('Ctrl Pts',(58.8618224617405,48.984925110084,47.6113438008894));
#10127=CARTESIAN_POINT('Ctrl Pts',(60.1902838084068,47.3501010067347,52.3522002626264));
#10128=CARTESIAN_POINT('Ctrl Pts',(60.1902838084068,48.6122104924697,47.5141139006422));
#10129=CARTESIAN_POINT('Ctrl Pts',(61.150408693542,46.3881729320651,52.101262504017));
#10130=CARTESIAN_POINT('Ctrl Pts',(61.150408693542,47.6502824178001,47.2631761420328));
#10131=CARTESIAN_POINT('Ctrl Pts',(61.6217578064299,45.9159385887238,51.9780709361888));
#10132=CARTESIAN_POINT('Ctrl Pts',(61.6217578064299,47.1780480744588,47.1399845742046));
#10133=CARTESIAN_POINT('',(58.1855357300139,47.9125553945317,52.4989274942257));
#10134=CARTESIAN_POINT('Ctrl Pts',(58.1855357300139,47.9125553945317,52.4989274942257));
#10135=CARTESIAN_POINT('Ctrl Pts',(58.8618224617405,47.722815624349,52.4494301628737));
#10136=CARTESIAN_POINT('Ctrl Pts',(60.1902838084068,47.3501010067347,52.3522002626264));
#10137=CARTESIAN_POINT('Ctrl Pts',(61.150408693542,46.3881729320651,52.101262504017));
#10138=CARTESIAN_POINT('Ctrl Pts',(61.6217578064299,45.9159385887238,51.9780709361888));
#10139=CARTESIAN_POINT('',(58.1855357300139,49.1746648802668,47.6608411322415));
#10140=CARTESIAN_POINT('',(58.1855357300139,47.9125553945317,52.4989274942257));
#10141=CARTESIAN_POINT('Ctrl Pts',(58.1855357300139,49.1746648802667,47.6608411322415));
#10142=CARTESIAN_POINT('Ctrl Pts',(58.8618224617405,48.984925110084,47.6113438008894));
#10143=CARTESIAN_POINT('Ctrl Pts',(60.1902838084068,48.6122104924697,47.5141139006422));
#10144=CARTESIAN_POINT('Ctrl Pts',(61.150408693542,47.6502824178001,47.2631761420328));
#10145=CARTESIAN_POINT('Ctrl Pts',(61.6217578064299,47.1780480744588,47.1399845742046));
#10146=CARTESIAN_POINT('Ctrl Pts',(61.783767999301,52.9948585907176,53.8247457193176));
#10147=CARTESIAN_POINT('Ctrl Pts',(61.783767999301,54.2569680764526,48.9866593573334));
#10148=CARTESIAN_POINT('Ctrl Pts',(61.5970930027672,51.9686823909212,53.5570475802403));
#10149=CARTESIAN_POINT('Ctrl Pts',(61.5970930027672,53.2307918766562,48.7189612182561));
#10150=CARTESIAN_POINT('Ctrl Pts',(61.1966249142969,49.767258371653,52.9827630534747));
#10151=CARTESIAN_POINT('Ctrl Pts',(61.1966249142969,51.029367857388,48.1446766914905));
#10152=CARTESIAN_POINT('Ctrl Pts',(59.2335428112659,48.5580832200734,52.6673260574104));
#10153=CARTESIAN_POINT('Ctrl Pts',(59.2335428112659,49.8201927058084,47.8292396954262));
#10154=CARTESIAN_POINT('Ctrl Pts',(58.1855357300139,47.9125553945317,52.4989274942257));
#10155=CARTESIAN_POINT('Ctrl Pts',(58.1855357300139,49.1746648802668,47.6608411322415));
#10156=CARTESIAN_POINT('',(61.783767999301,52.9948585907176,53.8247457193176));
#10157=CARTESIAN_POINT('Ctrl Pts',(61.783767999301,52.9948585907176,53.8247457193176));
#10158=CARTESIAN_POINT('Ctrl Pts',(61.5970930027672,51.9686823909212,53.5570475802403));
#10159=CARTESIAN_POINT('Ctrl Pts',(61.1966249142969,49.767258371653,52.9827630534747));
#10160=CARTESIAN_POINT('Ctrl Pts',(59.2335428112659,48.5580832200734,52.6673260574104));
#10161=CARTESIAN_POINT('Ctrl Pts',(58.1855357300139,47.9125553945317,52.4989274942257));
#10162=CARTESIAN_POINT('',(61.783767999301,54.2569680764526,48.9866593573334));
#10163=CARTESIAN_POINT('',(61.783767999301,52.9948585907176,53.8247457193176));
#10164=CARTESIAN_POINT('Ctrl Pts',(61.783767999301,54.2569680764526,48.9866593573334));
#10165=CARTESIAN_POINT('Ctrl Pts',(61.5970930027672,53.2307918766562,48.7189612182561));
#10166=CARTESIAN_POINT('Ctrl Pts',(61.1966249142969,51.029367857388,48.1446766914905));
#10167=CARTESIAN_POINT('Ctrl Pts',(59.2335428112659,49.8201927058084,47.8292396954262));
#10168=CARTESIAN_POINT('Ctrl Pts',(58.1855357300139,49.1746648802667,47.6608411322415));
#10169=CARTESIAN_POINT('Ctrl Pts',(60.0272811066008,57.0210958489431,54.875068482333));
#10170=CARTESIAN_POINT('Ctrl Pts',(60.0272811066008,58.2832053346781,50.0369821203488));
#10171=CARTESIAN_POINT('Ctrl Pts',(60.5394902611953,56.4179804856669,54.7177340397392));
#10172=CARTESIAN_POINT('Ctrl Pts',(60.5394902611953,57.6800899714019,49.879647677755));
#10173=CARTESIAN_POINT('Ctrl Pts',(61.5380538935476,55.2421930900721,54.4110068930623));
#10174=CARTESIAN_POINT('Ctrl Pts',(61.5380538935476,56.5043025758071,49.5729205310781));
#10175=CARTESIAN_POINT('Ctrl Pts',(61.7032893824885,53.7309269229299,54.0167635451121));
#10176=CARTESIAN_POINT('Ctrl Pts',(61.7032893824885,54.9930364086649,49.1786771831279));
#10177=CARTESIAN_POINT('Ctrl Pts',(61.783767999301,52.9948585907176,53.8247457193176));
#10178=CARTESIAN_POINT('Ctrl Pts',(61.783767999301,54.2569680764526,48.9866593573334));
#10179=CARTESIAN_POINT('',(60.0272811066008,57.0210958489431,54.875068482333));
#10180=CARTESIAN_POINT('Ctrl Pts',(60.0272811066008,57.0210958489431,54.875068482333));
#10181=CARTESIAN_POINT('Ctrl Pts',(60.5394902611953,56.4179804856669,54.7177340397392));
#10182=CARTESIAN_POINT('Ctrl Pts',(61.5380538935476,55.2421930900721,54.4110068930623));
#10183=CARTESIAN_POINT('Ctrl Pts',(61.7032893824885,53.7309269229299,54.0167635451121));
#10184=CARTESIAN_POINT('Ctrl Pts',(61.783767999301,52.9948585907176,53.8247457193176));
#10185=CARTESIAN_POINT('',(60.0272811066008,58.2832053346781,50.0369821203488));
#10186=CARTESIAN_POINT('',(60.0272811066008,57.0210958489431,54.875068482333));
#10187=CARTESIAN_POINT('Ctrl Pts',(60.0272811066008,58.2832053346781,50.0369821203488));
#10188=CARTESIAN_POINT('Ctrl Pts',(60.5394902611953,57.6800899714019,49.879647677755));
#10189=CARTESIAN_POINT('Ctrl Pts',(61.5380538935476,56.5043025758071,49.5729205310781));
#10190=CARTESIAN_POINT('Ctrl Pts',(61.7032893824885,54.9930364086649,49.1786771831279));
#10191=CARTESIAN_POINT('Ctrl Pts',(61.783767999301,54.2569680764526,48.9866593573334));
#10192=CARTESIAN_POINT('Ctrl Pts',(54.3656218658781,59.1992234831862,55.443275691266));
#10193=CARTESIAN_POINT('Ctrl Pts',(54.3656218658781,60.4613329689213,50.6051893292818));
#10194=CARTESIAN_POINT('Ctrl Pts',(55.4698337294033,59.122554106622,55.4232749843362));
#10195=CARTESIAN_POINT('Ctrl Pts',(55.4698337294033,60.384663592357,50.585188622352));
#10196=CARTESIAN_POINT('Ctrl Pts',(57.6000674218767,58.9746443670756,55.3846898348893));
#10197=CARTESIAN_POINT('Ctrl Pts',(57.6000674218767,60.2367538528106,50.5466034729051));
#10198=CARTESIAN_POINT('Ctrl Pts',(59.2382530297716,57.6561469117958,55.0407339769902));
#10199=CARTESIAN_POINT('Ctrl Pts',(59.2382530297716,58.9182563975308,50.202647615006));
#10200=CARTESIAN_POINT('Ctrl Pts',(60.0272811066008,57.0210958489431,54.875068482333));
#10201=CARTESIAN_POINT('Ctrl Pts',(60.0272811066008,58.2832053346781,50.0369821203488));
#10202=CARTESIAN_POINT('',(54.3656218658781,59.1992234831862,55.443275691266));
#10203=CARTESIAN_POINT('Ctrl Pts',(54.3656218658781,59.1992234831862,55.443275691266));
#10204=CARTESIAN_POINT('Ctrl Pts',(55.4698337294033,59.122554106622,55.4232749843362));
#10205=CARTESIAN_POINT('Ctrl Pts',(57.6000674218767,58.9746443670756,55.3846898348893));
#10206=CARTESIAN_POINT('Ctrl Pts',(59.2382530297716,57.6561469117958,55.0407339769902));
#10207=CARTESIAN_POINT('Ctrl Pts',(60.0272811066008,57.0210958489431,54.875068482333));
#10208=CARTESIAN_POINT('',(54.3656218658781,60.4613329689213,50.6051893292818));
#10209=CARTESIAN_POINT('',(54.3656218658781,59.1992234831862,55.443275691266));
#10210=CARTESIAN_POINT('Ctrl Pts',(54.3656218658781,60.4613329689212,50.6051893292817));
#10211=CARTESIAN_POINT('Ctrl Pts',(55.4698337294033,60.384663592357,50.585188622352));
#10212=CARTESIAN_POINT('Ctrl Pts',(57.6000674218767,60.2367538528106,50.5466034729051));
#10213=CARTESIAN_POINT('Ctrl Pts',(59.2382530297716,58.9182563975308,50.202647615006));
#10214=CARTESIAN_POINT('Ctrl Pts',(60.0272811066008,58.2832053346781,50.0369821203488));
#10215=CARTESIAN_POINT('Ctrl Pts',(50.6394923340178,58.4484308949572,55.2474167552062));
#10216=CARTESIAN_POINT('Ctrl Pts',(50.6394923340178,59.7105403806923,50.409330393222));
#10217=CARTESIAN_POINT('Ctrl Pts',(51.2202843254752,58.6673559905626,55.304527649712));
#10218=CARTESIAN_POINT('Ctrl Pts',(51.2202843254752,59.9294654762976,50.4664412877278));
#10219=CARTESIAN_POINT('Ctrl Pts',(52.4182742976228,59.1189291407511,55.4223293410655));
#10220=CARTESIAN_POINT('Ctrl Pts',(52.4182742976228,60.3810386264861,50.5842429790813));
#10221=CARTESIAN_POINT('Ctrl Pts',(53.7034871348988,59.1719218993837,55.4361535389697));
#10222=CARTESIAN_POINT('Ctrl Pts',(53.7034871348988,60.4340313851187,50.5980671769854));
#10223=CARTESIAN_POINT('Ctrl Pts',(54.3656218658781,59.1992234831862,55.443275691266));
#10224=CARTESIAN_POINT('Ctrl Pts',(54.3656218658781,60.4613329689213,50.6051893292818));
#10225=CARTESIAN_POINT('',(50.6394923340178,58.4484308949572,55.2474167552062));
#10226=CARTESIAN_POINT('Ctrl Pts',(50.6394923340178,58.4484308949572,55.2474167552062));
#10227=CARTESIAN_POINT('Ctrl Pts',(51.2202843254752,58.6673559905626,55.304527649712));
#10228=CARTESIAN_POINT('Ctrl Pts',(52.4182742976228,59.1189291407511,55.4223293410655));
#10229=CARTESIAN_POINT('Ctrl Pts',(53.7034871348988,59.1719218993837,55.4361535389697));
#10230=CARTESIAN_POINT('Ctrl Pts',(54.3656218658781,59.1992234831862,55.443275691266));
#10231=CARTESIAN_POINT('',(50.6394923340178,59.7105403806923,50.409330393222));
#10232=CARTESIAN_POINT('',(50.6394923340178,58.4484308949572,55.2474167552062));
#10233=CARTESIAN_POINT('Ctrl Pts',(50.6394923340178,59.7105403806923,50.409330393222));
#10234=CARTESIAN_POINT('Ctrl Pts',(51.2202843254752,59.9294654762976,50.4664412877278));
#10235=CARTESIAN_POINT('Ctrl Pts',(52.4182742976228,60.3810386264861,50.5842429790813));
#10236=CARTESIAN_POINT('Ctrl Pts',(53.7034871348988,60.4340313851187,50.5980671769854));
#10237=CARTESIAN_POINT('Ctrl Pts',(54.3656218658781,60.4613329689212,50.6051893292817));
#10238=CARTESIAN_POINT('Ctrl Pts',(48.0474055420256,56.3858044889508,54.7093403014654));
#10239=CARTESIAN_POINT('Ctrl Pts',(48.0474055420256,57.6479139746858,49.8712539394812));
#10240=CARTESIAN_POINT('Ctrl Pts',(48.395388660933,56.8030879214317,54.8181968490691));
#10241=CARTESIAN_POINT('Ctrl Pts',(48.395388660933,58.0651974071667,49.9801104870849));
#10242=CARTESIAN_POINT('Ctrl Pts',(49.1121201960569,57.6625554613596,55.0424057725286));
#10243=CARTESIAN_POINT('Ctrl Pts',(49.1121201960569,58.9246649470947,50.2043194105444));
#10244=CARTESIAN_POINT('Ctrl Pts',(50.1206287141501,58.1814611355207,55.1777724701358));
#10245=CARTESIAN_POINT('Ctrl Pts',(50.1206287141501,59.4435706212557,50.3396861081516));
#10246=CARTESIAN_POINT('Ctrl Pts',(50.6394923340178,58.4484308949572,55.2474167552062));
#10247=CARTESIAN_POINT('Ctrl Pts',(50.6394923340178,59.7105403806923,50.409330393222));
#10248=CARTESIAN_POINT('',(48.0474055420256,56.3858044889508,54.7093403014654));
#10249=CARTESIAN_POINT('Ctrl Pts',(48.0474055420256,56.3858044889508,54.7093403014654));
#10250=CARTESIAN_POINT('Ctrl Pts',(48.395388660933,56.8030879214317,54.8181968490691));
#10251=CARTESIAN_POINT('Ctrl Pts',(49.1121201960569,57.6625554613596,55.0424057725286));
#10252=CARTESIAN_POINT('Ctrl Pts',(50.1206287141501,58.1814611355207,55.1777724701358));
#10253=CARTESIAN_POINT('Ctrl Pts',(50.6394923340178,58.4484308949572,55.2474167552062));
#10254=CARTESIAN_POINT('',(48.0474055420256,57.6479139746858,49.8712539394812));
#10255=CARTESIAN_POINT('',(48.0474055420256,56.3858044889508,54.7093403014654));
#10256=CARTESIAN_POINT('Ctrl Pts',(48.0474055420256,57.6479139746858,49.8712539394812));
#10257=CARTESIAN_POINT('Ctrl Pts',(48.395388660933,58.0651974071667,49.9801104870849));
#10258=CARTESIAN_POINT('Ctrl Pts',(49.1121201960569,58.9246649470947,50.2043194105444));
#10259=CARTESIAN_POINT('Ctrl Pts',(50.1206287141501,59.4435706212557,50.3396861081516));
#10260=CARTESIAN_POINT('Ctrl Pts',(50.6394923340178,59.7105403806923,50.409330393222));
#10261=CARTESIAN_POINT('Ctrl Pts',(46.6575682770109,52.8793527485222,53.794613760484));
#10262=CARTESIAN_POINT('Ctrl Pts',(46.6575682770109,54.1414622342572,48.9565273984998));
#10263=CARTESIAN_POINT('Ctrl Pts',(46.8148191522796,53.5507730444919,53.9697668811718));
#10264=CARTESIAN_POINT('Ctrl Pts',(46.8148191522796,54.8128825302269,49.1316805191876));
#10265=CARTESIAN_POINT('Ctrl Pts',(47.1040815255119,54.785848066597,54.2919603651992));
#10266=CARTESIAN_POINT('Ctrl Pts',(47.1040815255119,56.0479575523321,49.453874003215));
#10267=CARTESIAN_POINT('Ctrl Pts',(47.7518030254691,55.8844378995826,54.5785490172824));
#10268=CARTESIAN_POINT('Ctrl Pts',(47.7518030254691,57.1465473853176,49.7404626552982));
#10269=CARTESIAN_POINT('Ctrl Pts',(48.0474055420256,56.3858044889508,54.7093403014654));
#10270=CARTESIAN_POINT('Ctrl Pts',(48.0474055420256,57.6479139746858,49.8712539394812));
#10271=CARTESIAN_POINT('',(46.6575682770109,52.8793527485222,53.794613760484));
#10272=CARTESIAN_POINT('Ctrl Pts',(46.6575682770109,52.8793527485222,53.794613760484));
#10273=CARTESIAN_POINT('Ctrl Pts',(46.8148191522796,53.5507730444919,53.9697668811718));
#10274=CARTESIAN_POINT('Ctrl Pts',(47.1040815255119,54.785848066597,54.2919603651992));
#10275=CARTESIAN_POINT('Ctrl Pts',(47.7518030254691,55.8844378995826,54.5785490172824));
#10276=CARTESIAN_POINT('Ctrl Pts',(48.0474055420256,56.3858044889508,54.7093403014654));
#10277=CARTESIAN_POINT('',(46.6575682770109,54.1414622342572,48.9565273984998));
#10278=CARTESIAN_POINT('',(46.6575682770109,52.8793527485222,53.794613760484));
#10279=CARTESIAN_POINT('Ctrl Pts',(46.6575682770109,54.1414622342572,48.9565273984998));
#10280=CARTESIAN_POINT('Ctrl Pts',(46.8148191522796,54.8128825302269,49.1316805191876));
#10281=CARTESIAN_POINT('Ctrl Pts',(47.1040815255119,56.0479575523321,49.453874003215));
#10282=CARTESIAN_POINT('Ctrl Pts',(47.7518030254691,57.1465473853176,49.7404626552982));
#10283=CARTESIAN_POINT('Ctrl Pts',(48.0474055420256,57.6479139746858,49.8712539394812));
#10284=CARTESIAN_POINT('Origin',(51.0743487488127,52.1533094347813,53.6052111568995));
#10285=CARTESIAN_POINT('',(51.0743487488127,52.1533094347813,53.6052111568995));
#10286=CARTESIAN_POINT('',(20.891290892202,57.1148889121751,54.8995362379587));
#10287=CARTESIAN_POINT('',(51.0743487488127,53.4154189205164,48.7671247949153));
#10288=CARTESIAN_POINT('',(51.0743487488127,52.1533094347813,53.6052111568995));
#10289=CARTESIAN_POINT('',(51.0743487488127,53.4154189205164,48.7671247949153));
#10290=CARTESIAN_POINT('Ctrl Pts',(52.1316493164396,54.5624510603947,54.2336828853204));
#10291=CARTESIAN_POINT('Ctrl Pts',(52.1316493164396,55.8245605461297,49.3955965233361));
#10292=CARTESIAN_POINT('Ctrl Pts',(51.8683511292636,54.2370996257794,54.1488085980294));
#10293=CARTESIAN_POINT('Ctrl Pts',(51.8683511292636,55.4992091115144,49.3107222360452));
#10294=CARTESIAN_POINT('Ctrl Pts',(51.2948882577893,53.5284849181208,53.9639525873359));
#10295=CARTESIAN_POINT('Ctrl Pts',(51.2948882577893,54.7905944038558,49.1258662253516));
#10296=CARTESIAN_POINT('Ctrl Pts',(51.1517609647742,52.6360137900929,53.7311340321981));
#10297=CARTESIAN_POINT('Ctrl Pts',(51.1517609647742,53.8981232758279,48.8930476702139));
#10298=CARTESIAN_POINT('Ctrl Pts',(51.0743487488127,52.1533094347813,53.6052111568995));
#10299=CARTESIAN_POINT('Ctrl Pts',(51.0743487488127,53.4154189205164,48.7671247949153));
#10300=CARTESIAN_POINT('',(52.1316493164396,54.5624510603947,54.2336828853204));
#10301=CARTESIAN_POINT('Ctrl Pts',(52.1316493164396,54.5624510603947,54.2336828853204));
#10302=CARTESIAN_POINT('Ctrl Pts',(51.8683511292636,54.2370996257794,54.1488085980294));
#10303=CARTESIAN_POINT('Ctrl Pts',(51.2948882577893,53.5284849181208,53.9639525873359));
#10304=CARTESIAN_POINT('Ctrl Pts',(51.1517609647742,52.6360137900929,53.7311340321981));
#10305=CARTESIAN_POINT('Ctrl Pts',(51.0743487488127,52.1533094347813,53.6052111568995));
#10306=CARTESIAN_POINT('',(52.1316493164396,55.8245605461297,49.3955965233361));
#10307=CARTESIAN_POINT('',(52.1316493164396,54.5624510603947,54.2336828853204));
#10308=CARTESIAN_POINT('Ctrl Pts',(52.1316493164396,55.8245605461297,49.3955965233361));
#10309=CARTESIAN_POINT('Ctrl Pts',(51.8683511292636,55.4992091115144,49.3107222360452));
#10310=CARTESIAN_POINT('Ctrl Pts',(51.2948882577893,54.7905944038558,49.1258662253516));
#10311=CARTESIAN_POINT('Ctrl Pts',(51.1517609647742,53.8981232758279,48.8930476702139));
#10312=CARTESIAN_POINT('Ctrl Pts',(51.0743487488127,53.4154189205164,48.7671247949153));
#10313=CARTESIAN_POINT('Ctrl Pts',(54.2291987549162,55.3875007000055,54.4489132260884));
#10314=CARTESIAN_POINT('Ctrl Pts',(54.2291987549162,56.6496101857406,49.6108268641042));
#10315=CARTESIAN_POINT('Ctrl Pts',(53.8351711038402,55.3534356130077,54.4400266816542));
#10316=CARTESIAN_POINT('Ctrl Pts',(53.8351711038402,56.6155450987427,49.60194031967));
#10317=CARTESIAN_POINT('Ctrl Pts',(53.0488936787966,55.2854591427893,54.4222936894233));
#10318=CARTESIAN_POINT('Ctrl Pts',(53.0488936787966,56.5475686285243,49.5842073274391));
#10319=CARTESIAN_POINT('Ctrl Pts',(52.4369361983287,54.803090187887,54.2964583098836));
#10320=CARTESIAN_POINT('Ctrl Pts',(52.4369361983287,56.0651996736221,49.4583719478994));
#10321=CARTESIAN_POINT('Ctrl Pts',(52.1316493164396,54.5624510603947,54.2336828853204));
#10322=CARTESIAN_POINT('Ctrl Pts',(52.1316493164396,55.8245605461297,49.3955965233361));
#10323=CARTESIAN_POINT('',(54.2291987549162,55.3875007000055,54.4489132260884));
#10324=CARTESIAN_POINT('Ctrl Pts',(54.2291987549162,55.3875007000055,54.4489132260884));
#10325=CARTESIAN_POINT('Ctrl Pts',(53.8351711038402,55.3534356130077,54.4400266816542));
#10326=CARTESIAN_POINT('Ctrl Pts',(53.0488936787966,55.2854591427893,54.4222936894233));
#10327=CARTESIAN_POINT('Ctrl Pts',(52.4369361983287,54.803090187887,54.2964583098836));
#10328=CARTESIAN_POINT('Ctrl Pts',(52.1316493164396,54.5624510603947,54.2336828853204));
#10329=CARTESIAN_POINT('',(54.2291987549162,56.6496101857406,49.6108268641042));
#10330=CARTESIAN_POINT('',(54.2291987549162,55.3875007000055,54.4489132260884));
#10331=CARTESIAN_POINT('Ctrl Pts',(54.2291987549162,56.6496101857406,49.6108268641042));
#10332=CARTESIAN_POINT('Ctrl Pts',(53.8351711038402,56.6155450987427,49.6019403196699));
#10333=CARTESIAN_POINT('Ctrl Pts',(53.0488936787966,56.5475686285243,49.5842073274391));
#10334=CARTESIAN_POINT('Ctrl Pts',(52.4369361983287,56.065199673622,49.4583719478994));
#10335=CARTESIAN_POINT('Ctrl Pts',(52.1316493164396,55.8245605461297,49.3955965233361));
#10336=CARTESIAN_POINT('Ctrl Pts',(56.2244189392424,54.6614573862647,54.2595106225038));
#10337=CARTESIAN_POINT('Ctrl Pts',(56.2244189392424,55.9235668719997,49.4214242605196));
#10338=CARTESIAN_POINT('Ctrl Pts',(55.945134726754,54.8731030312034,54.3147225298792));
#10339=CARTESIAN_POINT('Ctrl Pts',(55.945134726754,56.1352125169384,49.4766361678949));
#10340=CARTESIAN_POINT('Ctrl Pts',(55.3604120484269,55.3162143952946,54.4303167987725));
#10341=CARTESIAN_POINT('Ctrl Pts',(55.3604120484269,56.5783238810296,49.5922304367883));
#10342=CARTESIAN_POINT('Ctrl Pts',(54.6173487603066,55.3630404326832,54.4425322867869));
#10343=CARTESIAN_POINT('Ctrl Pts',(54.6173487603066,56.6251499184182,49.6044459248027));
#10344=CARTESIAN_POINT('Ctrl Pts',(54.2291987549162,55.3875007000055,54.4489132260884));
#10345=CARTESIAN_POINT('Ctrl Pts',(54.2291987549162,56.6496101857406,49.6108268641042));
#10346=CARTESIAN_POINT('',(56.2244189392424,54.6614573862647,54.2595106225038));
#10347=CARTESIAN_POINT('Ctrl Pts',(56.2244189392424,54.6614573862647,54.2595106225038));
#10348=CARTESIAN_POINT('Ctrl Pts',(55.945134726754,54.8731030312034,54.3147225298792));
#10349=CARTESIAN_POINT('Ctrl Pts',(55.3604120484269,55.3162143952946,54.4303167987725));
#10350=CARTESIAN_POINT('Ctrl Pts',(54.6173487603066,55.3630404326832,54.4425322867869));
#10351=CARTESIAN_POINT('Ctrl Pts',(54.2291987549162,55.3875007000055,54.4489132260884));
#10352=CARTESIAN_POINT('',(56.2244189392424,55.9235668719997,49.4214242605196));
#10353=CARTESIAN_POINT('',(56.2244189392424,54.6614573862647,54.2595106225038));
#10354=CARTESIAN_POINT('Ctrl Pts',(56.2244189392424,55.9235668719997,49.4214242605196));
#10355=CARTESIAN_POINT('Ctrl Pts',(55.945134726754,56.1352125169384,49.4766361678949));
#10356=CARTESIAN_POINT('Ctrl Pts',(55.3604120484269,56.5783238810296,49.5922304367883));
#10357=CARTESIAN_POINT('Ctrl Pts',(54.6173487603066,56.6251499184182,49.6044459248027));
#10358=CARTESIAN_POINT('Ctrl Pts',(54.2291987549162,56.6496101857406,49.6108268641042));
#10359=CARTESIAN_POINT('Ctrl Pts',(56.9747603546476,52.714339129433,53.7515667294173));
#10360=CARTESIAN_POINT('Ctrl Pts',(56.9747603546476,53.9764486151681,48.9134803674331));
#10361=CARTESIAN_POINT('Ctrl Pts',(56.950026908381,53.0941667194074,53.8506521876715));
#10362=CARTESIAN_POINT('Ctrl Pts',(56.950026908381,54.3562762051425,49.0125658256873));
#10363=CARTESIAN_POINT('Ctrl Pts',(56.9028491211478,53.8186684743138,54.0396526454732));
#10364=CARTESIAN_POINT('Ctrl Pts',(56.9028491211478,55.0807779600488,49.2015662834889));
#10365=CARTESIAN_POINT('Ctrl Pts',(56.4431269666812,54.3897644318587,54.1886341996153));
#10366=CARTESIAN_POINT('Ctrl Pts',(56.4431269666812,55.6518739175937,49.3505478376311));
#10367=CARTESIAN_POINT('Ctrl Pts',(56.2244189392424,54.6614573862647,54.2595106225038));
#10368=CARTESIAN_POINT('Ctrl Pts',(56.2244189392424,55.9235668719997,49.4214242605196));
#10369=CARTESIAN_POINT('',(56.9747603546476,52.714339129433,53.7515667294173));
#10370=CARTESIAN_POINT('Ctrl Pts',(56.9747603546476,52.714339129433,53.7515667294173));
#10371=CARTESIAN_POINT('Ctrl Pts',(56.950026908381,53.0941667194074,53.8506521876715));
#10372=CARTESIAN_POINT('Ctrl Pts',(56.9028491211478,53.8186684743138,54.0396526454732));
#10373=CARTESIAN_POINT('Ctrl Pts',(56.4431269666812,54.3897644318587,54.1886341996153));
#10374=CARTESIAN_POINT('Ctrl Pts',(56.2244189392424,54.6614573862647,54.2595106225038));
#10375=CARTESIAN_POINT('',(56.9747603546476,53.9764486151681,48.9134803674331));
#10376=CARTESIAN_POINT('',(56.9747603546476,52.714339129433,53.7515667294173));
#10377=CARTESIAN_POINT('Ctrl Pts',(56.9747603546476,53.9764486151681,48.9134803674331));
#10378=CARTESIAN_POINT('Ctrl Pts',(56.950026908381,54.3562762051424,49.0125658256873));
#10379=CARTESIAN_POINT('Ctrl Pts',(56.9028491211478,55.0807779600488,49.2015662834889));
#10380=CARTESIAN_POINT('Ctrl Pts',(56.4431269666812,55.6518739175937,49.3505478376311));
#10381=CARTESIAN_POINT('Ctrl Pts',(56.2244189392424,55.9235668719997,49.4214242605196));
#10382=CARTESIAN_POINT('Ctrl Pts',(55.9515727173185,50.4124535878524,53.151074849005));
#10383=CARTESIAN_POINT('Ctrl Pts',(55.9515727173185,51.6745630735874,48.3129884870208));
#10384=CARTESIAN_POINT('Ctrl Pts',(56.2499515704127,50.7306618200685,53.2340856921918));
#10385=CARTESIAN_POINT('Ctrl Pts',(56.2499515704127,51.9927713058036,48.3959993302076));
#10386=CARTESIAN_POINT('Ctrl Pts',(56.8620192977954,51.3834057645784,53.4043667211944));
#10387=CARTESIAN_POINT('Ctrl Pts',(56.8620192977954,52.6455152503134,48.5662803592102));
#10388=CARTESIAN_POINT('Ctrl Pts',(56.9365585042409,52.263357750288,53.6339194131186));
#10389=CARTESIAN_POINT('Ctrl Pts',(56.9365585042409,53.525467236023,48.7958330511344));
#10390=CARTESIAN_POINT('Ctrl Pts',(56.9747603546476,52.714339129433,53.7515667294173));
#10391=CARTESIAN_POINT('Ctrl Pts',(56.9747603546476,53.9764486151681,48.9134803674331));
#10392=CARTESIAN_POINT('',(55.9515727173185,50.4124535878524,53.151074849005));
#10393=CARTESIAN_POINT('Ctrl Pts',(55.9515727173185,50.4124535878524,53.151074849005));
#10394=CARTESIAN_POINT('Ctrl Pts',(56.2499515704127,50.7306618200685,53.2340856921918));
#10395=CARTESIAN_POINT('Ctrl Pts',(56.8620192977954,51.3834057645784,53.4043667211944));
#10396=CARTESIAN_POINT('Ctrl Pts',(56.9365585042409,52.263357750288,53.6339194131186));
#10397=CARTESIAN_POINT('Ctrl Pts',(56.9747603546476,52.714339129433,53.7515667294173));
#10398=CARTESIAN_POINT('',(55.9515727173185,51.6745630735874,48.3129884870208));
#10399=CARTESIAN_POINT('',(55.9515727173185,50.4124535878524,53.151074849005));
#10400=CARTESIAN_POINT('Ctrl Pts',(55.9515727173185,51.6745630735874,48.3129884870208));
#10401=CARTESIAN_POINT('Ctrl Pts',(56.2499515704127,51.9927713058036,48.3959993302076));
#10402=CARTESIAN_POINT('Ctrl Pts',(56.8620192977954,52.6455152503134,48.5662803592101));
#10403=CARTESIAN_POINT('Ctrl Pts',(56.9365585042409,53.525467236023,48.7958330511344));
#10404=CARTESIAN_POINT('Ctrl Pts',(56.9747603546476,53.9764486151681,48.9134803674331));
#10405=CARTESIAN_POINT('Ctrl Pts',(52.9843104492521,49.5956537064043,52.937996619062));
#10406=CARTESIAN_POINT('Ctrl Pts',(52.9843104492521,50.8577631921393,48.0999102570778));
#10407=CARTESIAN_POINT('Ctrl Pts',(53.5727844058859,49.6008881424347,52.9393621241134));
#10408=CARTESIAN_POINT('Ctrl Pts',(53.5727844058859,50.8629976281698,48.1012757621292));
#10409=CARTESIAN_POINT('Ctrl Pts',(54.6446219265807,49.6104220646651,52.9418492342604));
#10410=CARTESIAN_POINT('Ctrl Pts',(54.6446219265807,50.8725315504001,48.1037628722762));
#10411=CARTESIAN_POINT('Ctrl Pts',(55.5453664727013,50.1631785459706,53.0860465772097));
#10412=CARTESIAN_POINT('Ctrl Pts',(55.5453664727013,51.4252880317056,48.2479602152255));
#10413=CARTESIAN_POINT('Ctrl Pts',(55.9515727173185,50.4124535878524,53.151074849005));
#10414=CARTESIAN_POINT('Ctrl Pts',(55.9515727173185,51.6745630735874,48.3129884870208));
#10415=CARTESIAN_POINT('',(52.9843104492521,49.5956537064043,52.937996619062));
#10416=CARTESIAN_POINT('Ctrl Pts',(52.9843104492521,49.5956537064043,52.937996619062));
#10417=CARTESIAN_POINT('Ctrl Pts',(53.5727844058859,49.6008881424347,52.9393621241134));
#10418=CARTESIAN_POINT('Ctrl Pts',(54.6446219265807,49.6104220646651,52.9418492342604));
#10419=CARTESIAN_POINT('Ctrl Pts',(55.5453664727013,50.1631785459706,53.0860465772097));
#10420=CARTESIAN_POINT('Ctrl Pts',(55.9515727173185,50.4124535878524,53.151074849005));
#10421=CARTESIAN_POINT('',(52.9843104492521,50.8577631921393,48.0999102570778));
#10422=CARTESIAN_POINT('',(52.9843104492521,49.5956537064043,52.937996619062));
#10423=CARTESIAN_POINT('Ctrl Pts',(52.9843104492521,50.8577631921393,48.0999102570778));
#10424=CARTESIAN_POINT('Ctrl Pts',(53.5727844058859,50.8629976281697,48.1012757621292));
#10425=CARTESIAN_POINT('Ctrl Pts',(54.6446219265807,50.8725315504001,48.1037628722762));
#10426=CARTESIAN_POINT('Ctrl Pts',(55.5453664727013,51.4252880317056,48.2479602152255));
#10427=CARTESIAN_POINT('Ctrl Pts',(55.9515727173185,51.6745630735874,48.3129884870208));
#10428=CARTESIAN_POINT('Origin',(52.4556601654386,45.8169322628538,51.9522431990053));
#10429=CARTESIAN_POINT('',(52.4556601654386,45.8169322628538,51.9522431990053));
#10430=CARTESIAN_POINT('',(56.7360055086937,76.4122676473064,59.9336350384278));
#10431=CARTESIAN_POINT('',(52.4556601654386,47.0790417485888,47.1141568370211));
#10432=CARTESIAN_POINT('',(52.4556601654386,45.8169322628538,51.9522431990053));
#10433=CARTESIAN_POINT('',(52.4556601654386,47.0790417485888,47.1141568370211));
#10434=CARTESIAN_POINT('Ctrl Pts',(54.6555197845793,46.1634544033988,52.0426402791475));
#10435=CARTESIAN_POINT('Ctrl Pts',(54.6555197845793,47.4255638891338,47.2045539171633));
#10436=CARTESIAN_POINT('Ctrl Pts',(54.3171342875851,46.1443846510654,52.0376655611475));
#10437=CARTESIAN_POINT('Ctrl Pts',(54.3171342875851,47.4064941368005,47.1995791991633));
#10438=CARTESIAN_POINT('Ctrl Pts',(53.5719587947307,46.1023902032542,52.0267104878054));
#10439=CARTESIAN_POINT('Ctrl Pts',(53.5719587947307,47.3644996889892,47.1886241258212));
#10440=CARTESIAN_POINT('Ctrl Pts',(52.8498552339864,45.917735138922,51.9785396014579));
#10441=CARTESIAN_POINT('Ctrl Pts',(52.8498552339864,47.179844624657,47.1404532394737));
#10442=CARTESIAN_POINT('Ctrl Pts',(52.4556601654386,45.8169322628538,51.9522431990053));
#10443=CARTESIAN_POINT('Ctrl Pts',(52.4556601654386,47.0790417485888,47.1141568370211));
#10444=CARTESIAN_POINT('',(54.6555197845793,46.1634544033988,52.0426402791475));
#10445=CARTESIAN_POINT('Ctrl Pts',(54.6555197845793,46.1634544033988,52.0426402791475));
#10446=CARTESIAN_POINT('Ctrl Pts',(54.3171342875851,46.1443846510654,52.0376655611475));
#10447=CARTESIAN_POINT('Ctrl Pts',(53.5719587947307,46.1023902032542,52.0267104878054));
#10448=CARTESIAN_POINT('Ctrl Pts',(52.8498552339864,45.917735138922,51.9785396014579));
#10449=CARTESIAN_POINT('Ctrl Pts',(52.4556601654386,45.8169322628538,51.9522431990053));
#10450=CARTESIAN_POINT('',(54.6555197845793,47.4255638891338,47.2045539171633));
#10451=CARTESIAN_POINT('',(54.6555197845793,46.1634544033988,52.0426402791475));
#10452=CARTESIAN_POINT('Ctrl Pts',(54.6555197845793,47.4255638891338,47.2045539171633));
#10453=CARTESIAN_POINT('Ctrl Pts',(54.3171342875851,47.4064941368004,47.1995791991633));
#10454=CARTESIAN_POINT('Ctrl Pts',(53.5719587947307,47.3644996889892,47.1886241258212));
#10455=CARTESIAN_POINT('Ctrl Pts',(52.8498552339864,47.179844624657,47.1404532394737));
#10456=CARTESIAN_POINT('Ctrl Pts',(52.4556601654386,47.0790417485888,47.1141568370211));
#10457=CARTESIAN_POINT('Ctrl Pts',(57.0259154449797,45.1403921120479,51.7757544640125));
#10458=CARTESIAN_POINT('Ctrl Pts',(57.0259154449797,46.402501597783,46.9376681020283));
#10459=CARTESIAN_POINT('Ctrl Pts',(56.685936850082,45.4387803199138,51.8535948660645));
#10460=CARTESIAN_POINT('Ctrl Pts',(56.685936850082,46.7008898056488,47.0155085040803));
#10461=CARTESIAN_POINT('Ctrl Pts',(56.0111075358982,46.0310561652071,52.0081016083149));
#10462=CARTESIAN_POINT('Ctrl Pts',(56.0111075358982,47.2931656509422,47.1700152463307));
#10463=CARTESIAN_POINT('Ctrl Pts',(55.1050874877502,46.1195457949079,52.0311858595412));
#10464=CARTESIAN_POINT('Ctrl Pts',(55.1050874877502,47.3816552806429,47.193099497557));
#10465=CARTESIAN_POINT('Ctrl Pts',(54.6555197845793,46.1634544033988,52.0426402791475));
#10466=CARTESIAN_POINT('Ctrl Pts',(54.6555197845793,47.4255638891338,47.2045539171633));
#10467=CARTESIAN_POINT('',(57.0259154449797,45.1403921120479,51.7757544640125));
#10468=CARTESIAN_POINT('Ctrl Pts',(57.0259154449797,45.1403921120479,51.7757544640125));
#10469=CARTESIAN_POINT('Ctrl Pts',(56.685936850082,45.4387803199138,51.8535948660645));
#10470=CARTESIAN_POINT('Ctrl Pts',(56.0111075358982,46.0310561652071,52.0081016083149));
#10471=CARTESIAN_POINT('Ctrl Pts',(55.1050874877502,46.1195457949079,52.0311858595412));
#10472=CARTESIAN_POINT('Ctrl Pts',(54.6555197845793,46.1634544033988,52.0426402791475));
#10473=CARTESIAN_POINT('',(57.0259154449797,46.402501597783,46.9376681020283));
#10474=CARTESIAN_POINT('',(57.0259154449797,45.1403921120479,51.7757544640125));
#10475=CARTESIAN_POINT('Ctrl Pts',(57.0259154449797,46.402501597783,46.9376681020283));
#10476=CARTESIAN_POINT('Ctrl Pts',(56.685936850082,46.7008898056488,47.0155085040802));
#10477=CARTESIAN_POINT('Ctrl Pts',(56.0111075358982,47.2931656509421,47.1700152463307));
#10478=CARTESIAN_POINT('Ctrl Pts',(55.1050874877502,47.3816552806429,47.193099497557));
#10479=CARTESIAN_POINT('Ctrl Pts',(54.6555197845793,47.4255638891338,47.2045539171633));
#10480=CARTESIAN_POINT('Ctrl Pts',(57.9979575287199,42.3682288295642,51.0525814337993));
#10481=CARTESIAN_POINT('Ctrl Pts',(57.9979575287199,43.6303383152992,46.2144950718151));
#10482=CARTESIAN_POINT('Ctrl Pts',(57.9687856199034,42.9084626668241,51.1935120000411));
#10483=CARTESIAN_POINT('Ctrl Pts',(57.9687856199034,44.1705721525592,46.3554256380569));
#10484=CARTESIAN_POINT('Ctrl Pts',(57.9139237373623,43.9244484739569,51.4585517758148));
#10485=CARTESIAN_POINT('Ctrl Pts',(57.9139237373623,45.1865579596919,46.6204654138306));
#10486=CARTESIAN_POINT('Ctrl Pts',(57.3091231915934,44.7525976953661,51.674590703139));
#10487=CARTESIAN_POINT('Ctrl Pts',(57.3091231915934,46.0147071811011,46.8365043411548));
#10488=CARTESIAN_POINT('Ctrl Pts',(57.0259154449797,45.1403921120479,51.7757544640125));
#10489=CARTESIAN_POINT('Ctrl Pts',(57.0259154449797,46.402501597783,46.9376681020283));
#10490=CARTESIAN_POINT('',(57.9979575287199,42.3682288295642,51.0525814337993));
#10491=CARTESIAN_POINT('Ctrl Pts',(57.9979575287199,42.3682288295642,51.0525814337993));
#10492=CARTESIAN_POINT('Ctrl Pts',(57.9687856199034,42.9084626668241,51.1935120000411));
#10493=CARTESIAN_POINT('Ctrl Pts',(57.9139237373623,43.9244484739569,51.4585517758148));
#10494=CARTESIAN_POINT('Ctrl Pts',(57.3091231915934,44.7525976953661,51.674590703139));
#10495=CARTESIAN_POINT('Ctrl Pts',(57.0259154449797,45.1403921120479,51.7757544640125));
#10496=CARTESIAN_POINT('',(57.9979575287199,43.6303383152992,46.2144950718151));
#10497=CARTESIAN_POINT('',(57.9979575287199,42.3682288295642,51.0525814337993));
#10498=CARTESIAN_POINT('Ctrl Pts',(57.9979575287199,43.6303383152992,46.2144950718151));
#10499=CARTESIAN_POINT('Ctrl Pts',(57.9687856199034,44.1705721525591,46.3554256380569));
#10500=CARTESIAN_POINT('Ctrl Pts',(57.9139237373623,45.1865579596919,46.6204654138306));
#10501=CARTESIAN_POINT('Ctrl Pts',(57.3091231915934,46.0147071811011,46.8365043411548));
#10502=CARTESIAN_POINT('Ctrl Pts',(57.0259154449797,46.402501597783,46.9376681020283));
#10503=CARTESIAN_POINT('Ctrl Pts',(56.9832862030363,39.4310565419499,50.2863625761609));
#10504=CARTESIAN_POINT('Ctrl Pts',(56.9832862030363,40.693166027685,45.4482762141766));
#10505=CARTESIAN_POINT('Ctrl Pts',(57.2789096246946,39.843213811565,50.3938818638865));
#10506=CARTESIAN_POINT('Ctrl Pts',(57.2789096246946,41.1053232973,45.5557955019023));
#10507=CARTESIAN_POINT('Ctrl Pts',(57.9103693035381,40.723592963001,50.6235459903481));
#10508=CARTESIAN_POINT('Ctrl Pts',(57.9103693035381,41.985702448736,45.7854596283639));
#10509=CARTESIAN_POINT('Ctrl Pts',(57.9675477020857,41.7972263748999,50.903624271713));
#10510=CARTESIAN_POINT('Ctrl Pts',(57.9675477020857,43.059335860635,46.0655379097288));
#10511=CARTESIAN_POINT('Ctrl Pts',(57.9979575287199,42.3682288295642,51.0525814337993));
#10512=CARTESIAN_POINT('Ctrl Pts',(57.9979575287199,43.6303383152992,46.2144950718151));
#10513=CARTESIAN_POINT('',(56.9832862030363,39.4310565419499,50.2863625761609));
#10514=CARTESIAN_POINT('Ctrl Pts',(56.9832862030363,39.4310565419499,50.2863625761609));
#10515=CARTESIAN_POINT('Ctrl Pts',(57.2789096246946,39.843213811565,50.3938818638865));
#10516=CARTESIAN_POINT('Ctrl Pts',(57.9103693035381,40.723592963001,50.6235459903481));
#10517=CARTESIAN_POINT('Ctrl Pts',(57.9675477020857,41.7972263748999,50.903624271713));
#10518=CARTESIAN_POINT('Ctrl Pts',(57.9979575287199,42.3682288295642,51.0525814337993));
#10519=CARTESIAN_POINT('',(56.9832862030363,40.693166027685,45.4482762141766));
#10520=CARTESIAN_POINT('',(56.9832862030363,39.4310565419499,50.2863625761609));
#10521=CARTESIAN_POINT('Ctrl Pts',(56.9832862030363,40.693166027685,45.4482762141766));
#10522=CARTESIAN_POINT('Ctrl Pts',(57.2789096246946,41.1053232973,45.5557955019023));
#10523=CARTESIAN_POINT('Ctrl Pts',(57.9103693035381,41.985702448736,45.7854596283639));
#10524=CARTESIAN_POINT('Ctrl Pts',(57.9675477020857,43.059335860635,46.0655379097288));
#10525=CARTESIAN_POINT('Ctrl Pts',(57.9979575287199,43.6303383152992,46.2144950718151));
#10526=CARTESIAN_POINT('Ctrl Pts',(54.4849932800627,38.3419915713387,50.002258670784));
#10527=CARTESIAN_POINT('Ctrl Pts',(54.4849932800627,39.6041010570737,45.1641723087998));
#10528=CARTESIAN_POINT('Ctrl Pts',(54.9610031374604,38.3884551330256,50.0143795999197));
#10529=CARTESIAN_POINT('Ctrl Pts',(54.9610031374604,39.6505646187607,45.1762932379355));
#10530=CARTESIAN_POINT('Ctrl Pts',(55.9188078675498,38.4819469346531,50.0387687655617));
#10531=CARTESIAN_POINT('Ctrl Pts',(55.9188078675498,39.7440564203881,45.2006824035775));
#10532=CARTESIAN_POINT('Ctrl Pts',(56.6270342263492,39.1134153439845,50.2034996549525));
#10533=CARTESIAN_POINT('Ctrl Pts',(56.6270342263492,40.3755248297195,45.3654132929682));
#10534=CARTESIAN_POINT('Ctrl Pts',(56.9832862030363,39.4310565419499,50.2863625761609));
#10535=CARTESIAN_POINT('Ctrl Pts',(56.9832862030363,40.693166027685,45.4482762141766));
#10536=CARTESIAN_POINT('',(54.4849932800627,38.3419915713387,50.002258670784));
#10537=CARTESIAN_POINT('Ctrl Pts',(54.4849932800627,38.3419915713387,50.002258670784));
#10538=CARTESIAN_POINT('Ctrl Pts',(54.9610031374604,38.3884551330256,50.0143795999197));
#10539=CARTESIAN_POINT('Ctrl Pts',(55.9188078675498,38.4819469346531,50.0387687655617));
#10540=CARTESIAN_POINT('Ctrl Pts',(56.6270342263492,39.1134153439845,50.2034996549525));
#10541=CARTESIAN_POINT('Ctrl Pts',(56.9832862030363,39.4310565419499,50.2863625761609));
#10542=CARTESIAN_POINT('',(54.4849932800627,39.6041010570737,45.1641723087998));
#10543=CARTESIAN_POINT('',(54.4849932800627,38.3419915713387,50.002258670784));
#10544=CARTESIAN_POINT('Ctrl Pts',(54.4849932800627,39.6041010570737,45.1641723087998));
#10545=CARTESIAN_POINT('Ctrl Pts',(54.9610031374604,39.6505646187607,45.1762932379355));
#10546=CARTESIAN_POINT('Ctrl Pts',(55.9188078675498,39.7440564203881,45.2006824035775));
#10547=CARTESIAN_POINT('Ctrl Pts',(56.6270342263492,40.3755248297195,45.3654132929682));
#10548=CARTESIAN_POINT('Ctrl Pts',(56.9832862030363,40.693166027685,45.4482762141766));
#10549=CARTESIAN_POINT('Ctrl Pts',(52.1316493164396,39.2495434065354,50.239011323444));
#10550=CARTESIAN_POINT('Ctrl Pts',(52.1316493164396,40.5116528922704,45.4009249614598));
#10551=CARTESIAN_POINT('Ctrl Pts',(52.4741356313612,38.9848454463604,50.1699596816593));
#10552=CARTESIAN_POINT('Ctrl Pts',(52.4741356313612,40.2469549320955,45.331873319675));
#10553=CARTESIAN_POINT('Ctrl Pts',(53.1634158449637,38.4521203166824,50.0309879086998));
#10554=CARTESIAN_POINT('Ctrl Pts',(53.1634158449637,39.7142298024174,45.1929015467156));
#10555=CARTESIAN_POINT('Ctrl Pts',(54.0426359373851,38.3788537769491,50.0118748983345));
#10556=CARTESIAN_POINT('Ctrl Pts',(54.0426359373851,39.6409632626841,45.1737885363503));
#10557=CARTESIAN_POINT('Ctrl Pts',(54.4849932800627,38.3419915713387,50.002258670784));
#10558=CARTESIAN_POINT('Ctrl Pts',(54.4849932800627,39.6041010570737,45.1641723087998));
#10559=CARTESIAN_POINT('',(52.1316493164396,39.2495434065354,50.239011323444));
#10560=CARTESIAN_POINT('Ctrl Pts',(52.1316493164396,39.2495434065354,50.239011323444));
#10561=CARTESIAN_POINT('Ctrl Pts',(52.4741356313612,38.9848454463604,50.1699596816593));
#10562=CARTESIAN_POINT('Ctrl Pts',(53.1634158449637,38.4521203166824,50.0309879086998));
#10563=CARTESIAN_POINT('Ctrl Pts',(54.0426359373851,38.3788537769491,50.0118748983345));
#10564=CARTESIAN_POINT('Ctrl Pts',(54.4849932800627,38.3419915713387,50.002258670784));
#10565=CARTESIAN_POINT('',(52.1316493164396,40.5116528922704,45.4009249614598));
#10566=CARTESIAN_POINT('',(52.1316493164396,39.2495434065354,50.239011323444));
#10567=CARTESIAN_POINT('Ctrl Pts',(52.1316493164396,40.5116528922704,45.4009249614598));
#10568=CARTESIAN_POINT('Ctrl Pts',(52.4741356313612,40.2469549320955,45.331873319675));
#10569=CARTESIAN_POINT('Ctrl Pts',(53.1634158449637,39.7142298024174,45.1929015467155));
#10570=CARTESIAN_POINT('Ctrl Pts',(54.0426359373851,39.6409632626841,45.1737885363503));
#10571=CARTESIAN_POINT('Ctrl Pts',(54.4849932800627,39.6041010570737,45.1641723087998));
#10572=CARTESIAN_POINT('Ctrl Pts',(50.9379256378508,41.8731972002142,50.923442747882));
#10573=CARTESIAN_POINT('Ctrl Pts',(50.9379256378508,43.1353066859492,46.0853563858977));
#10574=CARTESIAN_POINT('Ctrl Pts',(51.0291842722711,41.3486132361243,50.7865947572498));
#10575=CARTESIAN_POINT('Ctrl Pts',(51.0291842722711,42.6107227218593,45.9485083952656));
#10576=CARTESIAN_POINT('Ctrl Pts',(51.1988466749004,40.3733392108924,50.5321754463198));
#10577=CARTESIAN_POINT('Ctrl Pts',(51.1988466749004,41.6354486966275,45.6940890843356));
#10578=CARTESIAN_POINT('Ctrl Pts',(51.8368278103681,39.6047301918244,50.3316687456933));
#10579=CARTESIAN_POINT('Ctrl Pts',(51.8368278103681,40.8668396775595,45.4935823837091));
#10580=CARTESIAN_POINT('Ctrl Pts',(52.1316493164396,39.2495434065354,50.239011323444));
#10581=CARTESIAN_POINT('Ctrl Pts',(52.1316493164396,40.5116528922704,45.4009249614598));
#10582=CARTESIAN_POINT('',(50.9379256378508,41.8731972002142,50.923442747882));
#10583=CARTESIAN_POINT('Ctrl Pts',(50.9379256378508,41.8731972002142,50.923442747882));
#10584=CARTESIAN_POINT('Ctrl Pts',(51.0291842722711,41.3486132361243,50.7865947572498));
#10585=CARTESIAN_POINT('Ctrl Pts',(51.1988466749004,40.3733392108924,50.5321754463198));
#10586=CARTESIAN_POINT('Ctrl Pts',(51.8368278103681,39.6047301918244,50.3316687456933));
#10587=CARTESIAN_POINT('Ctrl Pts',(52.1316493164396,39.2495434065354,50.239011323444));
#10588=CARTESIAN_POINT('',(50.9379256378508,43.1353066859492,46.0853563858977));
#10589=CARTESIAN_POINT('',(50.9379256378508,41.8731972002142,50.923442747882));
#10590=CARTESIAN_POINT('Ctrl Pts',(50.9379256378508,43.1353066859492,46.0853563858977));
#10591=CARTESIAN_POINT('Ctrl Pts',(51.0291842722711,42.6107227218593,45.9485083952656));
#10592=CARTESIAN_POINT('Ctrl Pts',(51.1988466749004,41.6354486966274,45.6940890843355));
#10593=CARTESIAN_POINT('Ctrl Pts',(51.8368278103681,40.8668396775595,45.4935823837091));
#10594=CARTESIAN_POINT('Ctrl Pts',(52.1316493164396,40.5116528922704,45.4009249614598));
#10595=CARTESIAN_POINT('Origin',(46.2994540344572,41.3286670218879,50.7813913970142));
#10596=CARTESIAN_POINT('',(46.2994540344572,41.3286670218879,50.7813913970142));
#10597=CARTESIAN_POINT('',(28.0371145179415,39.1847722557093,50.2221145014894));
#10598=CARTESIAN_POINT('',(46.2994540344572,42.5907765076229,45.94330503503));
#10599=CARTESIAN_POINT('',(46.2994540344572,41.3286670218879,50.7813913970142));
#10600=CARTESIAN_POINT('',(46.2994540344572,42.5907765076229,45.94330503503));
#10601=CARTESIAN_POINT('Ctrl Pts',(48.8915408264494,36.3866235563443,49.4921626668724));
#10602=CARTESIAN_POINT('Ctrl Pts',(48.8915408264494,37.6487330420793,44.6540763048882));
#10603=CARTESIAN_POINT('Ctrl Pts',(48.2240211443453,37.0741173189818,49.6715088658213));
#10604=CARTESIAN_POINT('Ctrl Pts',(48.2240211443453,38.3362268047168,44.8334225038371));
#10605=CARTESIAN_POINT('Ctrl Pts',(46.8634347099158,38.4754163552153,50.0370651361431));
#10606=CARTESIAN_POINT('Ctrl Pts',(46.8634347099158,39.7375258409504,45.1989787741589));
#10607=CARTESIAN_POINT('Ctrl Pts',(46.4897861984444,40.3657521607639,50.5301962158514));
#10608=CARTESIAN_POINT('Ctrl Pts',(46.4897861984444,41.6278616464989,45.6921098538672));
#10609=CARTESIAN_POINT('Ctrl Pts',(46.2994540344572,41.3286670218879,50.7813913970142));
#10610=CARTESIAN_POINT('Ctrl Pts',(46.2994540344572,42.5907765076229,45.94330503503));
#10611=CARTESIAN_POINT('Ctrl Pts',(48.8915408264494,36.3866235563443,49.4921626668724));
#10612=CARTESIAN_POINT('Ctrl Pts',(48.2240211443453,37.0741173189818,49.6715088658213));
#10613=CARTESIAN_POINT('Ctrl Pts',(46.8634347099158,38.4754163552153,50.0370651361431));
#10614=CARTESIAN_POINT('Ctrl Pts',(46.4897861984444,40.3657521607639,50.5301962158514));
#10615=CARTESIAN_POINT('Ctrl Pts',(46.2994540344572,41.3286670218879,50.7813913970142));
#10616=CARTESIAN_POINT('Ctrl Pts',(48.8915408264494,37.6487330420793,44.6540763048882));
#10617=CARTESIAN_POINT('Ctrl Pts',(48.2240211443453,38.3362268047168,44.8334225038371));
#10618=CARTESIAN_POINT('Ctrl Pts',(46.8634347099158,39.7375258409504,45.1989787741589));
#10619=CARTESIAN_POINT('Ctrl Pts',(46.4897861984444,41.6278616464989,45.6921098538672));
#10620=CARTESIAN_POINT('Ctrl Pts',(46.2994540344572,42.5907765076229,45.94330503503));
#10621=CARTESIAN_POINT('Origin',(-0.0511645663881133,66.9379675645117,52.2947461803054));
#10622=CARTESIAN_POINT('Ctrl Pts',(24.8806250702238,86.6733508747562,62.6104393586321));
#10623=CARTESIAN_POINT('Ctrl Pts',(24.8806250702238,87.9354603604912,57.7723529966478));
#10624=CARTESIAN_POINT('Ctrl Pts',(24.9573103458446,86.2328728223385,62.4955320406101));
#10625=CARTESIAN_POINT('Ctrl Pts',(24.9573103458446,87.4949823080735,57.6574456786258));
#10626=CARTESIAN_POINT('Ctrl Pts',(25.1369066907048,85.201276501338,62.2264199568708));
#10627=CARTESIAN_POINT('Ctrl Pts',(25.1369066907048,86.463385987073,57.3883335948866));
#10628=CARTESIAN_POINT('Ctrl Pts',(25.1420231703363,84.1544886608878,61.9533448680577));
#10629=CARTESIAN_POINT('Ctrl Pts',(25.1420231703363,85.4165981466228,57.1152585060735));
#10630=CARTESIAN_POINT('Ctrl Pts',(25.1449549805021,83.5546654517274,61.7968692482767));
#10631=CARTESIAN_POINT('Ctrl Pts',(25.1449549805021,84.8167749374624,56.9587828862925));
#10632=CARTESIAN_POINT('',(24.8806250702238,86.6733508747562,62.6104393586321));
#10633=CARTESIAN_POINT('',(25.1449549805021,83.5546654517274,61.7968692482767));
#10634=CARTESIAN_POINT('Ctrl Pts',(24.8806250702238,86.6733508747562,62.6104393586321));
#10635=CARTESIAN_POINT('Ctrl Pts',(24.9573103458446,86.2328728223385,62.4955320406101));
#10636=CARTESIAN_POINT('Ctrl Pts',(25.1369066907048,85.201276501338,62.2264199568708));
#10637=CARTESIAN_POINT('Ctrl Pts',(25.1420231703363,84.1544886608878,61.9533448680577));
#10638=CARTESIAN_POINT('Ctrl Pts',(25.1449549805021,83.5546654517274,61.7968692482767));
#10639=CARTESIAN_POINT('',(24.8806250702238,87.9354603604912,57.7723529966478));
#10640=CARTESIAN_POINT('',(24.8806250702238,86.6733508747562,62.6104393586321));
#10641=CARTESIAN_POINT('',(25.1449549805021,84.8167749374624,56.9587828862925));
#10642=CARTESIAN_POINT('Ctrl Pts',(24.8806250702238,87.9354603604912,57.7723529966478));
#10643=CARTESIAN_POINT('Ctrl Pts',(24.9573103458446,87.4949823080735,57.6574456786258));
#10644=CARTESIAN_POINT('Ctrl Pts',(25.1369066907048,86.463385987073,57.3883335948866));
#10645=CARTESIAN_POINT('Ctrl Pts',(25.1420231703363,85.4165981466228,57.1152585060735));
#10646=CARTESIAN_POINT('Ctrl Pts',(25.1449549805021,84.8167749374624,56.9587828862925));
#10647=CARTESIAN_POINT('',(25.1449549805021,83.5546654517274,61.7968692482767));
#10648=CARTESIAN_POINT('Ctrl Pts',(23.9427054535246,88.6204656711188,63.1183823489875));
#10649=CARTESIAN_POINT('Ctrl Pts',(23.9427054535246,89.8825751568538,58.2802959870033));
#10650=CARTESIAN_POINT('Ctrl Pts',(24.1506005478622,88.3230973089794,63.0408079936468));
#10651=CARTESIAN_POINT('Ctrl Pts',(24.1506005478622,89.5852067947144,58.2027216316626));
#10652=CARTESIAN_POINT('Ctrl Pts',(24.5704570054777,87.7225442871168,62.8841419879435));
#10653=CARTESIAN_POINT('Ctrl Pts',(24.5704570054777,88.9846537728518,58.0460556259593));
#10654=CARTESIAN_POINT('Ctrl Pts',(24.7765703195112,87.0253328206148,62.7022607358126));
#10655=CARTESIAN_POINT('Ctrl Pts',(24.7765703195112,88.2874423063498,57.8641743738283));
#10656=CARTESIAN_POINT('Ctrl Pts',(24.8806250702238,86.6733508747562,62.6104393586321));
#10657=CARTESIAN_POINT('Ctrl Pts',(24.8806250702238,87.9354603604912,57.7723529966478));
#10658=CARTESIAN_POINT('',(23.9427054535246,88.6204656711188,63.1183823489875));
#10659=CARTESIAN_POINT('Ctrl Pts',(23.9427054535246,88.6204656711188,63.1183823489875));
#10660=CARTESIAN_POINT('Ctrl Pts',(24.1506005478622,88.3230973089794,63.0408079936468));
#10661=CARTESIAN_POINT('Ctrl Pts',(24.5704570054777,87.7225442871168,62.8841419879435));
#10662=CARTESIAN_POINT('Ctrl Pts',(24.7765703195112,87.0253328206148,62.7022607358126));
#10663=CARTESIAN_POINT('Ctrl Pts',(24.8806250702238,86.6733508747562,62.6104393586321));
#10664=CARTESIAN_POINT('',(23.9427054535246,89.8825751568538,58.2802959870033));
#10665=CARTESIAN_POINT('',(23.9427054535246,88.6204656711188,63.1183823489875));
#10666=CARTESIAN_POINT('Ctrl Pts',(23.9427054535246,89.8825751568538,58.2802959870033));
#10667=CARTESIAN_POINT('Ctrl Pts',(24.1506005478622,89.5852067947144,58.2027216316626));
#10668=CARTESIAN_POINT('Ctrl Pts',(24.5704570054777,88.9846537728518,58.0460556259593));
#10669=CARTESIAN_POINT('Ctrl Pts',(24.7765703195112,88.2874423063498,57.8641743738283));
#10670=CARTESIAN_POINT('Ctrl Pts',(24.8806250702238,87.9354603604912,57.7723529966478));
#10671=CARTESIAN_POINT('Ctrl Pts',(21.956001580844,90.0312988938282,63.48642579839));
#10672=CARTESIAN_POINT('Ctrl Pts',(21.956001580844,91.2934083795632,58.6483394364058));
#10673=CARTESIAN_POINT('Ctrl Pts',(22.3584028567215,89.8449074797376,63.4378019512359));
#10674=CARTESIAN_POINT('Ctrl Pts',(22.3584028567215,91.1070169654726,58.5997155892517));
#10675=CARTESIAN_POINT('Ctrl Pts',(23.1136314325997,89.4950872116168,63.346544489987));
#10676=CARTESIAN_POINT('Ctrl Pts',(23.1136314325997,90.7571966973518,58.5084581280028));
#10677=CARTESIAN_POINT('Ctrl Pts',(23.678711593042,88.8989627788677,63.1910337684003));
#10678=CARTESIAN_POINT('Ctrl Pts',(23.678711593042,90.1610722646027,58.352947406416));
#10679=CARTESIAN_POINT('Ctrl Pts',(23.9427054535246,88.6204656711188,63.1183823489875));
#10680=CARTESIAN_POINT('Ctrl Pts',(23.9427054535246,89.8825751568538,58.2802959870033));
#10681=CARTESIAN_POINT('',(21.956001580844,90.0312988938282,63.48642579839));
#10682=CARTESIAN_POINT('Ctrl Pts',(21.956001580844,90.0312988938282,63.48642579839));
#10683=CARTESIAN_POINT('Ctrl Pts',(22.3584028567215,89.8449074797376,63.4378019512359));
#10684=CARTESIAN_POINT('Ctrl Pts',(23.1136314325997,89.4950872116168,63.346544489987));
#10685=CARTESIAN_POINT('Ctrl Pts',(23.678711593042,88.8989627788677,63.1910337684003));
#10686=CARTESIAN_POINT('Ctrl Pts',(23.9427054535246,88.6204656711188,63.1183823489875));
#10687=CARTESIAN_POINT('',(21.956001580844,91.2934083795632,58.6483394364058));
#10688=CARTESIAN_POINT('',(21.956001580844,90.0312988938282,63.48642579839));
#10689=CARTESIAN_POINT('Ctrl Pts',(21.956001580844,91.2934083795632,58.6483394364058));
#10690=CARTESIAN_POINT('Ctrl Pts',(22.3584028567215,91.1070169654726,58.5997155892517));
#10691=CARTESIAN_POINT('Ctrl Pts',(23.1136314325997,90.7571966973518,58.5084581280028));
#10692=CARTESIAN_POINT('Ctrl Pts',(23.678711593042,90.1610722646027,58.352947406416));
#10693=CARTESIAN_POINT('Ctrl Pts',(23.9427054535246,89.8825751568538,58.2802959870033));
#10694=CARTESIAN_POINT('Ctrl Pts',(19.0569556366301,90.5840811372966,63.6306298619035));
#10695=CARTESIAN_POINT('Ctrl Pts',(19.0569556366301,91.8461906230316,58.7925434999192));
#10696=CARTESIAN_POINT('Ctrl Pts',(19.5681468161638,90.5635722290111,63.6252797119159));
#10697=CARTESIAN_POINT('Ctrl Pts',(19.5681468161638,91.8256817147461,58.7871933499317));
#10698=CARTESIAN_POINT('Ctrl Pts',(20.564305366524,90.5236065074471,63.6148538715079));
#10699=CARTESIAN_POINT('Ctrl Pts',(20.564305366524,91.7857159931822,58.7767675095237));
#10700=CARTESIAN_POINT('Ctrl Pts',(21.5003163184409,90.1924959437207,63.5284772027098));
#10701=CARTESIAN_POINT('Ctrl Pts',(21.5003163184409,91.4546054294557,58.6903908407255));
#10702=CARTESIAN_POINT('Ctrl Pts',(21.956001580844,90.0312988938282,63.48642579839));
#10703=CARTESIAN_POINT('Ctrl Pts',(21.956001580844,91.2934083795632,58.6483394364058));
#10704=CARTESIAN_POINT('',(19.0569556366301,90.5840811372966,63.6306298619035));
#10705=CARTESIAN_POINT('Ctrl Pts',(19.0569556366301,90.5840811372966,63.6306298619035));
#10706=CARTESIAN_POINT('Ctrl Pts',(19.5681468161638,90.5635722290111,63.6252797119159));
#10707=CARTESIAN_POINT('Ctrl Pts',(20.564305366524,90.5236065074471,63.6148538715079));
#10708=CARTESIAN_POINT('Ctrl Pts',(21.5003163184409,90.1924959437207,63.5284772027098));
#10709=CARTESIAN_POINT('Ctrl Pts',(21.956001580844,90.0312988938282,63.48642579839));
#10710=CARTESIAN_POINT('',(19.0569556366301,91.8461906230316,58.7925434999192));
#10711=CARTESIAN_POINT('',(19.0569556366301,90.5840811372966,63.6306298619035));
#10712=CARTESIAN_POINT('Ctrl Pts',(19.0569556366301,91.8461906230316,58.7925434999192));
#10713=CARTESIAN_POINT('Ctrl Pts',(19.5681468161638,91.8256817147461,58.7871933499317));
#10714=CARTESIAN_POINT('Ctrl Pts',(20.564305366524,91.7857159931822,58.7767675095237));
#10715=CARTESIAN_POINT('Ctrl Pts',(21.5003163184409,91.4546054294557,58.6903908407255));
#10716=CARTESIAN_POINT('Ctrl Pts',(21.956001580844,91.2934083795632,58.6483394364058));
#10717=CARTESIAN_POINT('Ctrl Pts',(13.0883372436857,87.6139063565625,62.8558016582337));
#10718=CARTESIAN_POINT('Ctrl Pts',(13.0883372436857,88.8760158422975,58.0177152962495));
#10719=CARTESIAN_POINT('Ctrl Pts',(13.9159433452301,88.4800858533807,63.0817615269689));
#10720=CARTESIAN_POINT('Ctrl Pts',(13.9159433452301,89.7421953391157,58.2436751649847));
#10721=CARTESIAN_POINT('Ctrl Pts',(15.5356466647693,90.1752809512605,63.5239863351114));
#10722=CARTESIAN_POINT('Ctrl Pts',(15.5356466647693,91.4373904369955,58.6858999731272));
#10723=CARTESIAN_POINT('Ctrl Pts',(17.900467362868,90.4498206605135,63.5956053896992));
#10724=CARTESIAN_POINT('Ctrl Pts',(17.900467362868,91.7119301462485,58.757519027715));
#10725=CARTESIAN_POINT('Ctrl Pts',(19.0569556366301,90.5840811372966,63.6306298619035));
#10726=CARTESIAN_POINT('Ctrl Pts',(19.0569556366301,91.8461906230316,58.7925434999192));
#10727=CARTESIAN_POINT('',(13.0883372436857,87.6139063565625,62.8558016582337));
#10728=CARTESIAN_POINT('Ctrl Pts',(13.0883372436857,87.6139063565625,62.8558016582337));
#10729=CARTESIAN_POINT('Ctrl Pts',(13.9159433452301,88.4800858533807,63.0817615269689));
#10730=CARTESIAN_POINT('Ctrl Pts',(15.5356466647693,90.1752809512605,63.5239863351114));
#10731=CARTESIAN_POINT('Ctrl Pts',(17.900467362868,90.4498206605135,63.5956053896992));
#10732=CARTESIAN_POINT('Ctrl Pts',(19.0569556366301,90.5840811372966,63.6306298619035));
#10733=CARTESIAN_POINT('',(13.0883372436857,88.8760158422975,58.0177152962495));
#10734=CARTESIAN_POINT('',(13.0883372436857,87.6139063565625,62.8558016582337));
#10735=CARTESIAN_POINT('Ctrl Pts',(13.0883372436857,88.8760158422975,58.0177152962495));
#10736=CARTESIAN_POINT('Ctrl Pts',(13.9159433452301,89.7421953391157,58.2436751649847));
#10737=CARTESIAN_POINT('Ctrl Pts',(15.5356466647693,91.4373904369955,58.6858999731272));
#10738=CARTESIAN_POINT('Ctrl Pts',(17.900467362868,91.7119301462485,58.757519027715));
#10739=CARTESIAN_POINT('Ctrl Pts',(19.0569556366301,91.8461906230316,58.7925434999192));
#10740=CARTESIAN_POINT('Origin',(13.0883372436857,90.1880581407959,63.5273195149902));
#10741=CARTESIAN_POINT('',(13.0883372436857,90.1880581407959,63.5273195149902));
#10742=CARTESIAN_POINT('',(13.0883372436858,102.594029070398,66.7636597574951));
#10743=CARTESIAN_POINT('',(13.0883372436857,91.4501676265309,58.689233153006));
#10744=CARTESIAN_POINT('',(13.0883372436857,90.1880581407959,63.5273195149902));
#10745=CARTESIAN_POINT('',(13.0883372436857,91.4501676265309,58.689233153006));
#10746=CARTESIAN_POINT('Origin',(8.63744860995772,90.1880581407959,63.5273195149902));
#10747=CARTESIAN_POINT('',(8.63744860995772,90.1880581407959,63.5273195149902));
#10748=CARTESIAN_POINT('',(4.31872430497886,90.1880581407959,63.5273195149902));
#10749=CARTESIAN_POINT('',(8.63744860995772,91.4501676265309,58.689233153006));
#10750=CARTESIAN_POINT('',(8.63744860995772,90.1880581407959,63.5273195149902));
#10751=CARTESIAN_POINT('',(8.63744860995772,91.4501676265309,58.689233153006));
#10752=CARTESIAN_POINT('Origin',(8.63744860995771,72.6640215130632,58.95583169906));
#10753=CARTESIAN_POINT('',(8.63744860995771,72.6640215130632,58.95583169906));
#10754=CARTESIAN_POINT('',(8.63744860995772,93.8320107565316,64.47791584953));
#10755=CARTESIAN_POINT('',(8.63744860995771,73.9261309987983,54.1177453370758));
#10756=CARTESIAN_POINT('',(8.63744860995771,72.6640215130632,58.95583169906));
#10757=CARTESIAN_POINT('',(8.63744860995771,73.9261309987983,54.1177453370758));
#10758=CARTESIAN_POINT('Origin',(13.4293997894621,72.6640215130632,58.95583169906));
#10759=CARTESIAN_POINT('',(13.4293997894621,72.6640215130632,58.95583169906));
#10760=CARTESIAN_POINT('',(6.71469989473105,72.6640215130632,58.95583169906));
#10761=CARTESIAN_POINT('',(13.4293997894621,73.9261309987983,54.1177453370758));
#10762=CARTESIAN_POINT('',(13.4293997894621,72.6640215130632,58.95583169906));
#10763=CARTESIAN_POINT('',(13.4293997894621,73.9261309987983,54.1177453370758));
#10764=CARTESIAN_POINT('Origin',(13.4293997894621,80.6009913408084,61.0263455671674));
#10765=CARTESIAN_POINT('',(13.4293997894621,80.6009913408084,61.0263455671674));
#10766=CARTESIAN_POINT('',(13.4293997894621,97.8004956704042,65.5131727835837));
#10767=CARTESIAN_POINT('',(13.4293997894621,81.8631008265434,56.1882592051832));
#10768=CARTESIAN_POINT('',(13.4293997894621,80.6009913408084,61.0263455671674));
#10769=CARTESIAN_POINT('',(13.4293997894621,81.8631008265434,56.1882592051832));
#10770=CARTESIAN_POINT('Ctrl Pts',(13.7960398804045,84.6272297525236,62.0766686310931));
#10771=CARTESIAN_POINT('Ctrl Pts',(13.7960398804045,85.8893392382586,57.2385822691089));
#10772=CARTESIAN_POINT('Ctrl Pts',(13.6903438073528,84.1116009164028,61.9421567608007));
#10773=CARTESIAN_POINT('Ctrl Pts',(13.6903438073528,85.3737104021378,57.1040703988165));
#10774=CARTESIAN_POINT('Ctrl Pts',(13.4183052512498,82.7844851588017,61.5959526501222));
#10775=CARTESIAN_POINT('Ctrl Pts',(13.4183052512498,84.0465946445367,56.757866288138));
#10776=CARTESIAN_POINT('Ctrl Pts',(13.4251899973641,81.4295120818353,61.2424814126527));
#10777=CARTESIAN_POINT('Ctrl Pts',(13.4251899973641,82.6916215675703,56.4043950506685));
#10778=CARTESIAN_POINT('Ctrl Pts',(13.4293997894621,80.6009913408084,61.0263455671674));
#10779=CARTESIAN_POINT('Ctrl Pts',(13.4293997894621,81.8631008265434,56.1882592051832));
#10780=CARTESIAN_POINT('',(13.7960398804045,84.6272297525236,62.0766686310931));
#10781=CARTESIAN_POINT('Ctrl Pts',(13.7960398804045,84.6272297525236,62.0766686310931));
#10782=CARTESIAN_POINT('Ctrl Pts',(13.6903438073528,84.1116009164028,61.9421567608007));
#10783=CARTESIAN_POINT('Ctrl Pts',(13.4183052512498,82.7844851588017,61.5959526501222));
#10784=CARTESIAN_POINT('Ctrl Pts',(13.4251899973641,81.4295120818353,61.2424814126527));
#10785=CARTESIAN_POINT('Ctrl Pts',(13.4293997894621,80.6009913408084,61.0263455671674));
#10786=CARTESIAN_POINT('',(13.7960398804045,85.8893392382586,57.2385822691089));
#10787=CARTESIAN_POINT('',(13.7960398804045,84.6272297525236,62.0766686310931));
#10788=CARTESIAN_POINT('Ctrl Pts',(13.7960398804045,85.8893392382586,57.2385822691089));
#10789=CARTESIAN_POINT('Ctrl Pts',(13.6903438073528,85.3737104021378,57.1040703988165));
#10790=CARTESIAN_POINT('Ctrl Pts',(13.4183052512498,84.0465946445367,56.757866288138));
#10791=CARTESIAN_POINT('Ctrl Pts',(13.4251899973641,82.6916215675703,56.4043950506685));
#10792=CARTESIAN_POINT('Ctrl Pts',(13.4293997894621,81.8631008265434,56.1882592051832));
#10793=CARTESIAN_POINT('Ctrl Pts',(15.1517737518645,86.3763330506359,62.532956447992));
#10794=CARTESIAN_POINT('Ctrl Pts',(15.1517737518645,87.6384425363709,57.6948700860078));
#10795=CARTESIAN_POINT('Ctrl Pts',(14.8482620836213,86.1391818621099,62.4710909205504));
#10796=CARTESIAN_POINT('Ctrl Pts',(14.8482620836213,87.4012913478449,57.6330045585662));
#10797=CARTESIAN_POINT('Ctrl Pts',(14.2436790291413,85.6667862182703,62.3478572743314));
#10798=CARTESIAN_POINT('Ctrl Pts',(14.2436790291413,86.9288957040053,57.5097709123472));
#10799=CARTESIAN_POINT('Ctrl Pts',(13.9448508760613,84.9728148809596,62.1668212732938));
#10800=CARTESIAN_POINT('Ctrl Pts',(13.9448508760613,86.2349243666947,57.3287349113096));
#10801=CARTESIAN_POINT('Ctrl Pts',(13.7960398804045,84.6272297525236,62.0766686310931));
#10802=CARTESIAN_POINT('Ctrl Pts',(13.7960398804045,85.8893392382586,57.2385822691089));
#10803=CARTESIAN_POINT('',(15.1517737518645,86.3763330506359,62.532956447992));
#10804=CARTESIAN_POINT('Ctrl Pts',(15.1517737518645,86.3763330506359,62.532956447992));
#10805=CARTESIAN_POINT('Ctrl Pts',(14.8482620836213,86.1391818621099,62.4710909205504));
#10806=CARTESIAN_POINT('Ctrl Pts',(14.2436790291413,85.6667862182703,62.3478572743314));
#10807=CARTESIAN_POINT('Ctrl Pts',(13.9448508760613,84.9728148809596,62.1668212732938));
#10808=CARTESIAN_POINT('Ctrl Pts',(13.7960398804045,84.6272297525236,62.0766686310931));
#10809=CARTESIAN_POINT('',(15.1517737518645,87.6384425363709,57.6948700860078));
#10810=CARTESIAN_POINT('',(15.1517737518645,86.3763330506359,62.532956447992));
#10811=CARTESIAN_POINT('Ctrl Pts',(15.1517737518645,87.6384425363709,57.6948700860078));
#10812=CARTESIAN_POINT('Ctrl Pts',(14.8482620836213,87.4012913478449,57.6330045585662));
#10813=CARTESIAN_POINT('Ctrl Pts',(14.2436790291413,86.9288957040053,57.5097709123472));
#10814=CARTESIAN_POINT('Ctrl Pts',(13.9448508760613,86.2349243666947,57.3287349113096));
#10815=CARTESIAN_POINT('Ctrl Pts',(13.7960398804045,85.8893392382586,57.2385822691089));
#10816=CARTESIAN_POINT('Ctrl Pts',(17.3857463013029,87.0363713781369,62.705140359514));
#10817=CARTESIAN_POINT('Ctrl Pts',(17.3857463013029,88.298480863872,57.8670539975298));
#10818=CARTESIAN_POINT('Ctrl Pts',(16.9830407200716,87.0099298057927,62.6982425580329));
#10819=CARTESIAN_POINT('Ctrl Pts',(16.9830407200716,88.2720392915277,57.8601561960486));
#10820=CARTESIAN_POINT('Ctrl Pts',(16.1852064371586,86.9575441575831,62.6845767367608));
#10821=CARTESIAN_POINT('Ctrl Pts',(16.1852064371586,88.2196536433181,57.8464903747766));
#10822=CARTESIAN_POINT('Ctrl Pts',(15.494063429322,86.5688396020182,62.5831755483526));
#10823=CARTESIAN_POINT('Ctrl Pts',(15.494063429322,87.8309490877532,57.7450891863683));
#10824=CARTESIAN_POINT('Ctrl Pts',(15.1517737518645,86.3763330506359,62.532956447992));
#10825=CARTESIAN_POINT('Ctrl Pts',(15.1517737518645,87.6384425363709,57.6948700860078));
#10826=CARTESIAN_POINT('',(17.3857463013029,87.0363713781369,62.705140359514));
#10827=CARTESIAN_POINT('Ctrl Pts',(17.3857463013029,87.0363713781369,62.705140359514));
#10828=CARTESIAN_POINT('Ctrl Pts',(16.9830407200716,87.0099298057927,62.6982425580329));
#10829=CARTESIAN_POINT('Ctrl Pts',(16.1852064371586,86.9575441575831,62.6845767367608));
#10830=CARTESIAN_POINT('Ctrl Pts',(15.494063429322,86.5688396020182,62.5831755483526));
#10831=CARTESIAN_POINT('Ctrl Pts',(15.1517737518645,86.3763330506359,62.532956447992));
#10832=CARTESIAN_POINT('',(17.3857463013029,88.298480863872,57.8670539975298));
#10833=CARTESIAN_POINT('',(17.3857463013029,87.0363713781369,62.705140359514));
#10834=CARTESIAN_POINT('Ctrl Pts',(17.3857463013029,88.298480863872,57.8670539975298));
#10835=CARTESIAN_POINT('Ctrl Pts',(16.9830407200716,88.2720392915277,57.8601561960486));
#10836=CARTESIAN_POINT('Ctrl Pts',(16.1852064371586,88.2196536433181,57.8464903747766));
#10837=CARTESIAN_POINT('Ctrl Pts',(15.494063429322,87.8309490877532,57.7450891863683));
#10838=CARTESIAN_POINT('Ctrl Pts',(15.1517737518645,87.6384425363709,57.6948700860078));
#10839=CARTESIAN_POINT('Ctrl Pts',(19.0484297882414,86.5743445488862,62.5846116214486));
#10840=CARTESIAN_POINT('Ctrl Pts',(19.0484297882414,87.8364540346212,57.7465252594644));
#10841=CARTESIAN_POINT('Ctrl Pts',(18.8005910538367,86.7090460635006,62.6197511470002));
#10842=CARTESIAN_POINT('Ctrl Pts',(18.8005910538367,87.9711555492356,57.781664785016));
#10843=CARTESIAN_POINT('Ctrl Pts',(18.2847279937276,86.9894200562797,62.6928921885947));
#10844=CARTESIAN_POINT('Ctrl Pts',(18.2847279937276,88.2515295420147,57.8548058266105));
#10845=CARTESIAN_POINT('Ctrl Pts',(17.6931233127122,87.0203179288667,62.7009525031826));
#10846=CARTESIAN_POINT('Ctrl Pts',(17.6931233127122,88.2824274146017,57.8628661411984));
#10847=CARTESIAN_POINT('Ctrl Pts',(17.3857463013029,87.0363713781369,62.705140359514));
#10848=CARTESIAN_POINT('Ctrl Pts',(17.3857463013029,88.298480863872,57.8670539975298));
#10849=CARTESIAN_POINT('',(19.0484297882414,86.5743445488862,62.5846116214486));
#10850=CARTESIAN_POINT('Ctrl Pts',(19.0484297882414,86.5743445488862,62.5846116214486));
#10851=CARTESIAN_POINT('Ctrl Pts',(18.8005910538367,86.7090460635006,62.6197511470002));
#10852=CARTESIAN_POINT('Ctrl Pts',(18.2847279937276,86.9894200562797,62.6928921885947));
#10853=CARTESIAN_POINT('Ctrl Pts',(17.6931233127122,87.0203179288667,62.7009525031826));
#10854=CARTESIAN_POINT('Ctrl Pts',(17.3857463013029,87.0363713781369,62.705140359514));
#10855=CARTESIAN_POINT('',(19.0484297882414,87.8364540346212,57.7465252594644));
#10856=CARTESIAN_POINT('',(19.0484297882414,86.5743445488862,62.5846116214486));
#10857=CARTESIAN_POINT('Ctrl Pts',(19.0484297882414,87.8364540346212,57.7465252594644));
#10858=CARTESIAN_POINT('Ctrl Pts',(18.8005910538367,87.9711555492356,57.781664785016));
#10859=CARTESIAN_POINT('Ctrl Pts',(18.2847279937276,88.2515295420147,57.8548058266105));
#10860=CARTESIAN_POINT('Ctrl Pts',(17.6931233127122,88.2824274146017,57.8628661411984));
#10861=CARTESIAN_POINT('Ctrl Pts',(17.3857463013029,88.298480863872,57.8670539975298));
#10862=CARTESIAN_POINT('Ctrl Pts',(20.0460398804045,85.2790183218619,62.2467004317901));
#10863=CARTESIAN_POINT('Ctrl Pts',(20.0460398804045,86.5411278075969,57.4086140698059));
#10864=CARTESIAN_POINT('Ctrl Pts',(19.9304743693422,85.5394535286555,62.3146400509536));
#10865=CARTESIAN_POINT('Ctrl Pts',(19.9304743693422,86.8015630143905,57.4765536889694));
#10866=CARTESIAN_POINT('Ctrl Pts',(19.7045138009411,86.0486719521952,62.4474796397031));
#10867=CARTESIAN_POINT('Ctrl Pts',(19.7045138009411,87.3107814379303,57.6093932777189));
#10868=CARTESIAN_POINT('Ctrl Pts',(19.2637626878821,86.4018138937932,62.5396036244678));
#10869=CARTESIAN_POINT('Ctrl Pts',(19.2637626878821,87.6639233795282,57.7015172624836));
#10870=CARTESIAN_POINT('Ctrl Pts',(19.0484297882414,86.5743445488862,62.5846116214486));
#10871=CARTESIAN_POINT('Ctrl Pts',(19.0484297882414,87.8364540346212,57.7465252594644));
#10872=CARTESIAN_POINT('',(20.0460398804045,85.2790183218619,62.2467004317901));
#10873=CARTESIAN_POINT('Ctrl Pts',(20.0460398804045,85.2790183218619,62.2467004317901));
#10874=CARTESIAN_POINT('Ctrl Pts',(19.9304743693422,85.5394535286555,62.3146400509536));
#10875=CARTESIAN_POINT('Ctrl Pts',(19.7045138009411,86.0486719521952,62.4474796397031));
#10876=CARTESIAN_POINT('Ctrl Pts',(19.2637626878821,86.4018138937932,62.5396036244678));
#10877=CARTESIAN_POINT('Ctrl Pts',(19.0484297882414,86.5743445488862,62.5846116214486));
#10878=CARTESIAN_POINT('',(20.0460398804045,86.5411278075969,57.4086140698059));
#10879=CARTESIAN_POINT('',(20.0460398804045,85.2790183218619,62.2467004317901));
#10880=CARTESIAN_POINT('Ctrl Pts',(20.0460398804045,86.5411278075969,57.4086140698059));
#10881=CARTESIAN_POINT('Ctrl Pts',(19.9304743693422,86.8015630143905,57.4765536889694));
#10882=CARTESIAN_POINT('Ctrl Pts',(19.7045138009411,87.3107814379303,57.6093932777189));
#10883=CARTESIAN_POINT('Ctrl Pts',(19.2637626878821,87.6639233795282,57.7015172624836));
#10884=CARTESIAN_POINT('Ctrl Pts',(19.0484297882414,87.8364540346212,57.7465252594644));
#10885=CARTESIAN_POINT('Ctrl Pts',(20.3529990326262,81.6075506553648,61.2889262579213));
#10886=CARTESIAN_POINT('Ctrl Pts',(20.3529990326262,82.8696601410998,56.450839895937));
#10887=CARTESIAN_POINT('Ctrl Pts',(20.3613216232551,82.3897785405305,61.4929857062253));
#10888=CARTESIAN_POINT('Ctrl Pts',(20.3613216232551,83.6518880262655,56.6548993442411));
#10889=CARTESIAN_POINT('Ctrl Pts',(20.3744601645291,83.6246504467717,61.8151262035057));
#10890=CARTESIAN_POINT('Ctrl Pts',(20.3744601645291,84.8867599325067,56.9770398415215));
#10891=CARTESIAN_POINT('Ctrl Pts',(20.1341323692531,84.8352656347334,62.1309388612348));
#10892=CARTESIAN_POINT('Ctrl Pts',(20.1341323692531,86.0973751204684,57.2928524992506));
#10893=CARTESIAN_POINT('Ctrl Pts',(20.0460398804045,85.2790183218619,62.2467004317901));
#10894=CARTESIAN_POINT('Ctrl Pts',(20.0460398804045,86.5411278075969,57.4086140698059));
#10895=CARTESIAN_POINT('',(20.3529990326262,81.6075506553648,61.2889262579213));
#10896=CARTESIAN_POINT('Ctrl Pts',(20.3529990326262,81.6075506553648,61.2889262579213));
#10897=CARTESIAN_POINT('Ctrl Pts',(20.3613216232551,82.3897785405305,61.4929857062253));
#10898=CARTESIAN_POINT('Ctrl Pts',(20.3744601645291,83.6246504467717,61.8151262035057));
#10899=CARTESIAN_POINT('Ctrl Pts',(20.1341323692531,84.8352656347334,62.1309388612348));
#10900=CARTESIAN_POINT('Ctrl Pts',(20.0460398804045,85.2790183218619,62.2467004317901));
#10901=CARTESIAN_POINT('',(20.3529990326262,82.8696601410998,56.450839895937));
#10902=CARTESIAN_POINT('',(20.3529990326262,81.6075506553648,61.2889262579213));
#10903=CARTESIAN_POINT('Ctrl Pts',(20.3529990326262,82.8696601410998,56.450839895937));
#10904=CARTESIAN_POINT('Ctrl Pts',(20.3613216232551,83.6518880262655,56.6548993442411));
#10905=CARTESIAN_POINT('Ctrl Pts',(20.3744601645291,84.8867599325067,56.9770398415215));
#10906=CARTESIAN_POINT('Ctrl Pts',(20.1341323692531,86.0973751204684,57.2928524992506));
#10907=CARTESIAN_POINT('Ctrl Pts',(20.0460398804045,86.5411278075969,57.4086140698059));
#10908=CARTESIAN_POINT('Origin',(20.3529990326262,72.6640215130632,58.95583169906));
#10909=CARTESIAN_POINT('',(20.3529990326262,72.6640215130632,58.95583169906));
#10910=CARTESIAN_POINT('',(20.3529990326262,93.8320107565316,64.47791584953));
#10911=CARTESIAN_POINT('',(20.3529990326262,73.9261309987983,54.1177453370758));
#10912=CARTESIAN_POINT('',(20.3529990326262,72.6640215130632,58.95583169906));
#10913=CARTESIAN_POINT('',(20.3529990326262,73.9261309987983,54.1177453370758));
#10914=CARTESIAN_POINT('Origin',(25.1449549805021,72.6640215130632,58.95583169906));
#10915=CARTESIAN_POINT('',(25.1449549805021,72.6640215130632,58.95583169906));
#10916=CARTESIAN_POINT('',(12.5724774902511,72.6640215130632,58.95583169906));
#10917=CARTESIAN_POINT('',(25.1449549805021,73.9261309987983,54.1177453370758));
#10918=CARTESIAN_POINT('',(25.1449549805021,72.6640215130632,58.95583169906));
#10919=CARTESIAN_POINT('',(25.1449549805021,73.9261309987983,54.1177453370758));
#10920=CARTESIAN_POINT('Origin',(25.1449549805021,83.5546654517274,61.7968692482767));
#10921=CARTESIAN_POINT('',(25.1449549805022,99.2773327258637,65.8984346241383));
#10922=CARTESIAN_POINT('',(25.1449549805021,84.8167749374624,56.9587828862925));
#10923=CARTESIAN_POINT('Origin',(-0.0511645663881133,66.9379675645117,52.2947461803054));
#10924=CARTESIAN_POINT('Origin',(-15.6633746017122,96.8544533229843,65.266379127735));
#10925=CARTESIAN_POINT('',(-15.6633746017122,96.8544533229843,65.266379127735));
#10926=CARTESIAN_POINT('',(-15.6633746017122,72.6640215130632,58.95583169906));
#10927=CARTESIAN_POINT('',(-15.6633746017122,105.927226661492,67.6331895638675));
#10928=CARTESIAN_POINT('',(-15.6633746017122,98.1165628087194,60.4282927657508));
#10929=CARTESIAN_POINT('',(-15.6633746017122,96.8544533229843,65.266379127735));
#10930=CARTESIAN_POINT('',(-15.6633746017122,73.9261309987983,54.1177453370758));
#10931=CARTESIAN_POINT('',(-15.6633746017122,98.1165628087194,60.4282927657508));
#10932=CARTESIAN_POINT('',(-15.6633746017122,72.6640215130632,58.95583169906));
#10933=CARTESIAN_POINT('Origin',(-20.4553257812166,96.8544533229843,65.266379127735));
#10934=CARTESIAN_POINT('',(-20.4553257812166,96.8544533229843,65.266379127735));
#10935=CARTESIAN_POINT('',(-10.2276628906083,96.8544533229843,65.266379127735));
#10936=CARTESIAN_POINT('',(-20.4553257812166,98.1165628087194,60.4282927657508));
#10937=CARTESIAN_POINT('',(-20.4553257812166,96.8544533229843,65.266379127735));
#10938=CARTESIAN_POINT('',(-20.4553257812166,98.1165628087194,60.4282927657508));
#10939=CARTESIAN_POINT('Origin',(-20.4553257812166,72.6640215130632,58.95583169906));
#10940=CARTESIAN_POINT('',(-20.4553257812166,72.6640215130632,58.95583169906));
#10941=CARTESIAN_POINT('',(-20.4553257812166,93.8320107565316,64.47791584953));
#10942=CARTESIAN_POINT('',(-20.4553257812166,73.9261309987983,54.1177453370758));
#10943=CARTESIAN_POINT('',(-20.4553257812166,72.6640215130632,58.95583169906));
#10944=CARTESIAN_POINT('',(-20.4553257812166,73.9261309987983,54.1177453370758));
#10945=CARTESIAN_POINT('Origin',(-15.6633746017122,72.6640215130632,58.95583169906));
#10946=CARTESIAN_POINT('',(-7.83168730085611,72.6640215130632,58.95583169906));
#10947=CARTESIAN_POINT('',(-15.6633746017122,73.9261309987983,54.1177453370758));
#10948=CARTESIAN_POINT('Origin',(-0.0511645663881133,66.9379675645117,52.2947461803054));
#10949=CARTESIAN_POINT('Ctrl Pts',(-52.788199125638,92.7457092552143,64.1945328491863));
#10950=CARTESIAN_POINT('Ctrl Pts',(-52.788199125638,94.0078187409493,59.3564464872021));
#10951=CARTESIAN_POINT('Ctrl Pts',(-53.272717695274,92.7692230082771,64.2006668717245));
#10952=CARTESIAN_POINT('Ctrl Pts',(-53.272717695274,94.0313324940121,59.3625805097402));
#10953=CARTESIAN_POINT('Ctrl Pts',(-54.7097489498399,92.8389623334153,64.2188597391518));
#10954=CARTESIAN_POINT('Ctrl Pts',(-54.7097489498399,94.1010718191503,59.3807733771676));
#10955=CARTESIAN_POINT('Ctrl Pts',(-56.1488050555857,92.8324983220718,64.2171734753231));
#10956=CARTESIAN_POINT('Ctrl Pts',(-56.1488050555857,94.0946078078068,59.3790871133389));
#10957=CARTESIAN_POINT('Ctrl Pts',(-57.1026598800325,92.8282137577795,64.216055762899));
#10958=CARTESIAN_POINT('Ctrl Pts',(-57.1026598800325,94.0903232435145,59.3779694009148));
#10959=CARTESIAN_POINT('',(-52.788199125638,92.7457092552143,64.1945328491863));
#10960=CARTESIAN_POINT('',(-57.1026598800325,92.8282137577795,64.216055762899));
#10961=CARTESIAN_POINT('Ctrl Pts',(-52.788199125638,92.7457092552143,64.1945328491863));
#10962=CARTESIAN_POINT('Ctrl Pts',(-53.272717695274,92.7692230082771,64.2006668717245));
#10963=CARTESIAN_POINT('Ctrl Pts',(-54.7097489498399,92.8389623334153,64.2188597391518));
#10964=CARTESIAN_POINT('Ctrl Pts',(-56.1488050555857,92.8324983220718,64.2171734753231));
#10965=CARTESIAN_POINT('Ctrl Pts',(-57.1026598800325,92.8282137577795,64.216055762899));
#10966=CARTESIAN_POINT('',(-52.788199125638,94.0078187409493,59.3564464872021));
#10967=CARTESIAN_POINT('',(-52.788199125638,92.7457092552143,64.1945328491863));
#10968=CARTESIAN_POINT('',(-57.1026598800325,94.0903232435145,59.3779694009148));
#10969=CARTESIAN_POINT('Ctrl Pts',(-52.788199125638,94.0078187409493,59.3564464872021));
#10970=CARTESIAN_POINT('Ctrl Pts',(-53.272717695274,94.0313324940121,59.3625805097402));
#10971=CARTESIAN_POINT('Ctrl Pts',(-54.7097489498399,94.1010718191503,59.3807733771676));
#10972=CARTESIAN_POINT('Ctrl Pts',(-56.1488050555857,94.0946078078068,59.3790871133389));
#10973=CARTESIAN_POINT('Ctrl Pts',(-57.1026598800325,94.0903232435145,59.3779694009148));
#10974=CARTESIAN_POINT('',(-57.1026598800325,92.8282137577795,64.216055762899));
#10975=CARTESIAN_POINT('Ctrl Pts',(-50.8867668498659,91.8959091876256,63.9728458750328));
#10976=CARTESIAN_POINT('Ctrl Pts',(-50.8867668498659,93.1580186733606,59.1347595130486));
#10977=CARTESIAN_POINT('Ctrl Pts',(-51.1397269670552,92.1079976079719,64.0281732890361));
#10978=CARTESIAN_POINT('Ctrl Pts',(-51.1397269670552,93.3701070937069,59.1900869270519));
#10979=CARTESIAN_POINT('Ctrl Pts',(-51.6867244011272,92.5666146540692,64.1478125184528));
#10980=CARTESIAN_POINT('Ctrl Pts',(-51.6867244011272,93.8287241398042,59.3097261564686));
#10981=CARTESIAN_POINT('Ctrl Pts',(-52.4031084117982,92.6830953193108,64.1781987789506));
#10982=CARTESIAN_POINT('Ctrl Pts',(-52.4031084117982,93.9452048050458,59.3401124169664));
#10983=CARTESIAN_POINT('Ctrl Pts',(-52.788199125638,92.7457092552143,64.1945328491863));
#10984=CARTESIAN_POINT('Ctrl Pts',(-52.788199125638,94.0078187409493,59.3564464872021));
#10985=CARTESIAN_POINT('',(-50.8867668498659,91.8959091876256,63.9728458750328));
#10986=CARTESIAN_POINT('Ctrl Pts',(-50.8867668498659,91.8959091876256,63.9728458750328));
#10987=CARTESIAN_POINT('Ctrl Pts',(-51.1397269670552,92.1079976079719,64.0281732890361));
#10988=CARTESIAN_POINT('Ctrl Pts',(-51.6867244011272,92.5666146540692,64.1478125184528));
#10989=CARTESIAN_POINT('Ctrl Pts',(-52.4031084117982,92.6830953193108,64.1781987789506));
#10990=CARTESIAN_POINT('Ctrl Pts',(-52.788199125638,92.7457092552143,64.1945328491863));
#10991=CARTESIAN_POINT('',(-50.8867668498659,93.1580186733606,59.1347595130486));
#10992=CARTESIAN_POINT('',(-50.8867668498659,91.8959091876256,63.9728458750328));
#10993=CARTESIAN_POINT('Ctrl Pts',(-50.8867668498659,93.1580186733606,59.1347595130486));
#10994=CARTESIAN_POINT('Ctrl Pts',(-51.1397269670552,93.3701070937069,59.1900869270519));
#10995=CARTESIAN_POINT('Ctrl Pts',(-51.6867244011272,93.8287241398042,59.3097261564686));
#10996=CARTESIAN_POINT('Ctrl Pts',(-52.4031084117982,93.9452048050458,59.3401124169664));
#10997=CARTESIAN_POINT('Ctrl Pts',(-52.788199125638,94.0078187409493,59.3564464872021));
#10998=CARTESIAN_POINT('Ctrl Pts',(-50.2472710002565,90.0725511451108,63.4971872552463));
#10999=CARTESIAN_POINT('Ctrl Pts',(-50.2472710002565,91.3346606308458,58.6591008932621));
#11000=CARTESIAN_POINT('Ctrl Pts',(-50.2681581694816,90.4224792555033,63.5884728492617));
#11001=CARTESIAN_POINT('Ctrl Pts',(-50.2681581694816,91.6845887412383,58.7503864872775));
#11002=CARTESIAN_POINT('Ctrl Pts',(-50.3079406115202,91.0889647241365,63.7623386236878));
#11003=CARTESIAN_POINT('Ctrl Pts',(-50.3079406115202,92.3510742098715,58.9242522617036));
#11004=CARTESIAN_POINT('Ctrl Pts',(-50.7003744568978,91.6360586494538,63.9050587781184));
#11005=CARTESIAN_POINT('Ctrl Pts',(-50.7003744568978,92.8981681351889,59.0669724161342));
#11006=CARTESIAN_POINT('Ctrl Pts',(-50.8867668498659,91.8959091876256,63.9728458750328));
#11007=CARTESIAN_POINT('Ctrl Pts',(-50.8867668498659,93.1580186733606,59.1347595130486));
#11008=CARTESIAN_POINT('',(-50.2472710002565,90.0725511451108,63.4971872552463));
#11009=CARTESIAN_POINT('Ctrl Pts',(-50.2472710002565,90.0725511451108,63.4971872552463));
#11010=CARTESIAN_POINT('Ctrl Pts',(-50.2681581694816,90.4224792555033,63.5884728492617));
#11011=CARTESIAN_POINT('Ctrl Pts',(-50.3079406115202,91.0889647241365,63.7623386236878));
#11012=CARTESIAN_POINT('Ctrl Pts',(-50.7003744568978,91.6360586494538,63.9050587781184));
#11013=CARTESIAN_POINT('Ctrl Pts',(-50.8867668498659,91.8959091876256,63.9728458750328));
#11014=CARTESIAN_POINT('',(-50.2472710002565,91.3346606308458,58.6591008932621));
#11015=CARTESIAN_POINT('',(-50.2472710002565,90.0725511451108,63.4971872552463));
#11016=CARTESIAN_POINT('Ctrl Pts',(-50.2472710002565,91.3346606308458,58.6591008932621));
#11017=CARTESIAN_POINT('Ctrl Pts',(-50.2681581694816,91.6845887412383,58.7503864872775));
#11018=CARTESIAN_POINT('Ctrl Pts',(-50.3079406115202,92.3510742098715,58.9242522617036));
#11019=CARTESIAN_POINT('Ctrl Pts',(-50.7003744568978,92.8981681351889,59.0669724161342));
#11020=CARTESIAN_POINT('Ctrl Pts',(-50.8867668498659,93.1580186733606,59.1347595130486));
#11021=CARTESIAN_POINT('Ctrl Pts',(-50.9890853751802,88.1831892698459,63.0043102443076));
#11022=CARTESIAN_POINT('Ctrl Pts',(-50.9890853751802,89.4452987555809,58.1662238823234));
#11023=CARTESIAN_POINT('Ctrl Pts',(-50.7728188974838,88.4486575741048,63.0735628454186));
#11024=CARTESIAN_POINT('Ctrl Pts',(-50.7728188974838,89.7107670598398,58.2354764834344));
#11025=CARTESIAN_POINT('Ctrl Pts',(-50.3221835034007,89.0018150268015,63.2178647896004));
#11026=CARTESIAN_POINT('Ctrl Pts',(-50.3221835034007,90.2639245125365,58.3797784276162));
#11027=CARTESIAN_POINT('Ctrl Pts',(-50.2729017326729,89.7062070799004,63.4016192382349));
#11028=CARTESIAN_POINT('Ctrl Pts',(-50.2729017326729,90.9683165656354,58.5635328762507));
#11029=CARTESIAN_POINT('Ctrl Pts',(-50.2472710002565,90.0725511451108,63.4971872552463));
#11030=CARTESIAN_POINT('Ctrl Pts',(-50.2472710002565,91.3346606308458,58.6591008932621));
#11031=CARTESIAN_POINT('',(-50.9890853751802,88.1831892698459,63.0043102443076));
#11032=CARTESIAN_POINT('Ctrl Pts',(-50.9890853751802,88.1831892698459,63.0043102443076));
#11033=CARTESIAN_POINT('Ctrl Pts',(-50.7728188974838,88.4486575741048,63.0735628454186));
#11034=CARTESIAN_POINT('Ctrl Pts',(-50.3221835034007,89.0018150268015,63.2178647896004));
#11035=CARTESIAN_POINT('Ctrl Pts',(-50.2729017326729,89.7062070799004,63.4016192382349));
#11036=CARTESIAN_POINT('Ctrl Pts',(-50.2472710002565,90.0725511451108,63.4971872552463));
#11037=CARTESIAN_POINT('',(-50.9890853751802,89.4452987555809,58.1662238823234));
#11038=CARTESIAN_POINT('',(-50.9890853751802,88.1831892698459,63.0043102443076));
#11039=CARTESIAN_POINT('Ctrl Pts',(-50.9890853751802,89.4452987555809,58.1662238823234));
#11040=CARTESIAN_POINT('Ctrl Pts',(-50.7728188974838,89.7107670598398,58.2354764834344));
#11041=CARTESIAN_POINT('Ctrl Pts',(-50.3221835034007,90.2639245125365,58.3797784276162));
#11042=CARTESIAN_POINT('Ctrl Pts',(-50.2729017326729,90.9683165656354,58.5635328762507));
#11043=CARTESIAN_POINT('Ctrl Pts',(-50.2472710002565,91.3346606308458,58.6591008932621));
#11044=CARTESIAN_POINT('Ctrl Pts',(-53.0269443381929,87.3168885324421,62.7783187475936));
#11045=CARTESIAN_POINT('Ctrl Pts',(-53.0269443381929,88.5789980181772,57.9402323856094));
#11046=CARTESIAN_POINT('Ctrl Pts',(-52.6264172514963,87.3823306598347,62.7953906069134));
#11047=CARTESIAN_POINT('Ctrl Pts',(-52.6264172514963,88.6444401455697,57.9573042449292));
#11048=CARTESIAN_POINT('Ctrl Pts',(-51.870056051398,87.505912528966,62.8276293553824));
#11049=CARTESIAN_POINT('Ctrl Pts',(-51.870056051398,88.768022014701,57.9895429933982));
#11050=CARTESIAN_POINT('Ctrl Pts',(-51.2709418222447,87.9665023573106,62.9477832236462));
#11051=CARTESIAN_POINT('Ctrl Pts',(-51.2709418222447,89.2286118430456,58.109696861662));
#11052=CARTESIAN_POINT('Ctrl Pts',(-50.9890853751802,88.1831892698459,63.0043102443076));
#11053=CARTESIAN_POINT('Ctrl Pts',(-50.9890853751802,89.4452987555809,58.1662238823234));
#11054=CARTESIAN_POINT('',(-53.0269443381929,87.3168885324421,62.7783187475936));
#11055=CARTESIAN_POINT('Ctrl Pts',(-53.0269443381929,87.3168885324421,62.7783187475936));
#11056=CARTESIAN_POINT('Ctrl Pts',(-52.6264172514963,87.3823306598347,62.7953906069134));
#11057=CARTESIAN_POINT('Ctrl Pts',(-51.870056051398,87.505912528966,62.8276293553824));
#11058=CARTESIAN_POINT('Ctrl Pts',(-51.2709418222447,87.9665023573106,62.9477832236462));
#11059=CARTESIAN_POINT('Ctrl Pts',(-50.9890853751802,88.1831892698459,63.0043102443076));
#11060=CARTESIAN_POINT('',(-53.0269443381929,88.5789980181772,57.9402323856094));
#11061=CARTESIAN_POINT('',(-53.0269443381929,87.3168885324421,62.7783187475936));
#11062=CARTESIAN_POINT('Ctrl Pts',(-53.0269443381929,88.5789980181772,57.9402323856094));
#11063=CARTESIAN_POINT('Ctrl Pts',(-52.6264172514963,88.6444401455697,57.9573042449292));
#11064=CARTESIAN_POINT('Ctrl Pts',(-51.870056051398,88.768022014701,57.9895429933982));
#11065=CARTESIAN_POINT('Ctrl Pts',(-51.2709418222447,89.2286118430456,58.109696861662));
#11066=CARTESIAN_POINT('Ctrl Pts',(-50.9890853751802,89.4452987555809,58.1662238823234));
#11067=CARTESIAN_POINT('Ctrl Pts',(-56.6933833945894,87.2343840298769,62.7567958338809));
#11068=CARTESIAN_POINT('Ctrl Pts',(-56.6933833945894,88.496493515612,57.9187094718967));
#11069=CARTESIAN_POINT('Ctrl Pts',(-55.8958296923037,87.2308991705163,62.7558867401347));
#11070=CARTESIAN_POINT('Ctrl Pts',(-55.8958296923037,88.4930086562513,57.9178003781505));
#11071=CARTESIAN_POINT('Ctrl Pts',(-54.6726810310013,87.2255547014862,62.7544925308225));
#11072=CARTESIAN_POINT('Ctrl Pts',(-54.6726810310013,88.4876641872212,57.9164061688383));
#11073=CARTESIAN_POINT('Ctrl Pts',(-53.4517631103149,87.2933122665125,62.7721684173511));
#11074=CARTESIAN_POINT('Ctrl Pts',(-53.4517631103149,88.5554217522475,57.9340820553669));
#11075=CARTESIAN_POINT('Ctrl Pts',(-53.0269443381929,87.3168885324421,62.7783187475936));
#11076=CARTESIAN_POINT('Ctrl Pts',(-53.0269443381929,88.5789980181772,57.9402323856094));
#11077=CARTESIAN_POINT('',(-56.6933833945894,87.2343840298769,62.7567958338809));
#11078=CARTESIAN_POINT('Ctrl Pts',(-56.6933833945894,87.2343840298769,62.7567958338809));
#11079=CARTESIAN_POINT('Ctrl Pts',(-55.8958296923037,87.2308991705163,62.7558867401347));
#11080=CARTESIAN_POINT('Ctrl Pts',(-54.6726810310013,87.2255547014862,62.7544925308225));
#11081=CARTESIAN_POINT('Ctrl Pts',(-53.4517631103149,87.2933122665125,62.7721684173511));
#11082=CARTESIAN_POINT('Ctrl Pts',(-53.0269443381929,87.3168885324421,62.7783187475936));
#11083=CARTESIAN_POINT('',(-56.6933833945894,88.496493515612,57.9187094718967));
#11084=CARTESIAN_POINT('',(-56.6933833945894,87.2343840298769,62.7567958338809));
#11085=CARTESIAN_POINT('Ctrl Pts',(-56.6933833945894,88.496493515612,57.9187094718967));
#11086=CARTESIAN_POINT('Ctrl Pts',(-55.8958296923037,88.4930086562513,57.9178003781505));
#11087=CARTESIAN_POINT('Ctrl Pts',(-54.6726810310013,88.4876641872212,57.9164061688383));
#11088=CARTESIAN_POINT('Ctrl Pts',(-53.4517631103149,88.5554217522475,57.9340820553669));
#11089=CARTESIAN_POINT('Ctrl Pts',(-53.0269443381929,88.5789980181772,57.9402323856094));
#11090=CARTESIAN_POINT('Origin',(-60.0017058242464,87.2343840298769,62.7567958338809));
#11091=CARTESIAN_POINT('',(-60.0017058242464,87.2343840298769,62.7567958338809));
#11092=CARTESIAN_POINT('',(-30.0008529121232,87.2343840298769,62.7567958338809));
#11093=CARTESIAN_POINT('',(-60.0017058242464,88.496493515612,57.9187094718967));
#11094=CARTESIAN_POINT('',(-60.0017058242464,87.2343840298769,62.7567958338809));
#11095=CARTESIAN_POINT('',(-60.0017058242464,88.496493515612,57.9187094718967));
#11096=CARTESIAN_POINT('Origin',(-60.0017058242464,92.8282137577795,64.216055762899));
#11097=CARTESIAN_POINT('',(-60.0017058242464,92.8282137577795,64.216055762899));
#11098=CARTESIAN_POINT('',(-60.0017058242464,103.91410687889,67.1080278814495));
#11099=CARTESIAN_POINT('',(-60.0017058242464,94.0903232435145,59.3779694009148));
#11100=CARTESIAN_POINT('',(-60.0017058242464,92.8282137577795,64.216055762899));
#11101=CARTESIAN_POINT('',(-60.0017058242464,94.0903232435145,59.3779694009148));
#11102=CARTESIAN_POINT('Origin',(-57.1026598800325,92.8282137577795,64.216055762899));
#11103=CARTESIAN_POINT('',(-28.5513299400163,92.8282137577795,64.216055762899));
#11104=CARTESIAN_POINT('',(-57.1026598800325,94.0903232435145,59.3779694009148));
#11105=CARTESIAN_POINT('Ctrl Pts',(-51.4495229114198,82.8616246311065,61.6160759907234));
#11106=CARTESIAN_POINT('Ctrl Pts',(-51.4495229114198,84.1237341168415,56.7779896287392));
#11107=CARTESIAN_POINT('Ctrl Pts',(-51.9932203635927,82.9611055272947,61.6420275288595));
#11108=CARTESIAN_POINT('Ctrl Pts',(-51.9932203635927,84.2232150130298,56.8039411668753));
#11109=CARTESIAN_POINT('Ctrl Pts',(-53.4697966857204,83.2312762541,61.7125068488956));
#11110=CARTESIAN_POINT('Ctrl Pts',(-53.4697966857204,84.493385739835,56.8744204869114));
#11111=CARTESIAN_POINT('Ctrl Pts',(-54.9750147778145,83.2171012034685,61.7088090096005));
#11112=CARTESIAN_POINT('Ctrl Pts',(-54.9750147778145,84.4792106892035,56.8707226476163));
#11113=CARTESIAN_POINT('Ctrl Pts',(-55.9259890903139,83.2081456181618,61.7064727699553));
#11114=CARTESIAN_POINT('Ctrl Pts',(-55.9259890903139,84.4702551038968,56.868386407971));
#11115=CARTESIAN_POINT('',(-51.4495229114198,82.8616246311065,61.6160759907234));
#11116=CARTESIAN_POINT('',(-55.9259890903139,83.2081456181618,61.7064727699553));
#11117=CARTESIAN_POINT('Ctrl Pts',(-51.4495229114198,82.8616246311065,61.6160759907234));
#11118=CARTESIAN_POINT('Ctrl Pts',(-51.9932203635927,82.9611055272947,61.6420275288595));
#11119=CARTESIAN_POINT('Ctrl Pts',(-53.4697966857204,83.2312762541,61.7125068488956));
#11120=CARTESIAN_POINT('Ctrl Pts',(-54.9750147778145,83.2171012034685,61.7088090096005));
#11121=CARTESIAN_POINT('Ctrl Pts',(-55.9259890903139,83.2081456181618,61.7064727699553));
#11122=CARTESIAN_POINT('',(-51.4495229114198,84.1237341168415,56.7779896287392));
#11123=CARTESIAN_POINT('',(-51.4495229114198,82.8616246311065,61.6160759907234));
#11124=CARTESIAN_POINT('',(-55.9259890903139,84.4702551038968,56.868386407971));
#11125=CARTESIAN_POINT('Ctrl Pts',(-51.4495229114198,84.1237341168415,56.7779896287392));
#11126=CARTESIAN_POINT('Ctrl Pts',(-51.9932203635927,84.2232150130298,56.8039411668753));
#11127=CARTESIAN_POINT('Ctrl Pts',(-53.4697966857204,84.493385739835,56.8744204869114));
#11128=CARTESIAN_POINT('Ctrl Pts',(-54.9750147778145,84.4792106892035,56.8707226476163));
#11129=CARTESIAN_POINT('Ctrl Pts',(-55.9259890903139,84.4702551038968,56.868386407971));
#11130=CARTESIAN_POINT('',(-55.9259890903139,83.2081456181618,61.7064727699553));
#11131=CARTESIAN_POINT('Ctrl Pts',(-49.8721014846468,81.7560601441698,61.3276678636965));
#11132=CARTESIAN_POINT('Ctrl Pts',(-49.8721014846468,83.0181696299048,56.4895815017123));
#11133=CARTESIAN_POINT('Ctrl Pts',(-50.0800486727532,81.99377345671,61.3896800321852));
#11134=CARTESIAN_POINT('Ctrl Pts',(-50.0800486727532,83.255882942445,56.551593670201));
#11135=CARTESIAN_POINT('Ctrl Pts',(-50.5114305251371,82.4869044773008,61.518322907122));
#11136=CARTESIAN_POINT('Ctrl Pts',(-50.5114305251371,83.7490139630358,56.6802365451377));
#11137=CARTESIAN_POINT('Ctrl Pts',(-51.1294296455092,82.7337636660373,61.5827209563576));
#11138=CARTESIAN_POINT('Ctrl Pts',(-51.1294296455092,83.9958731517723,56.7446345943733));
#11139=CARTESIAN_POINT('Ctrl Pts',(-51.4495229114198,82.8616246311065,61.6160759907234));
#11140=CARTESIAN_POINT('Ctrl Pts',(-51.4495229114198,84.1237341168415,56.7779896287392));
#11141=CARTESIAN_POINT('',(-49.8721014846468,81.7560601441698,61.3276678636965));
#11142=CARTESIAN_POINT('Ctrl Pts',(-49.8721014846468,81.7560601441698,61.3276678636965));
#11143=CARTESIAN_POINT('Ctrl Pts',(-50.0800486727532,81.99377345671,61.3896800321852));
#11144=CARTESIAN_POINT('Ctrl Pts',(-50.5114305251371,82.4869044773008,61.518322907122));
#11145=CARTESIAN_POINT('Ctrl Pts',(-51.1294296455092,82.7337636660373,61.5827209563576));
#11146=CARTESIAN_POINT('Ctrl Pts',(-51.4495229114198,82.8616246311065,61.6160759907234));
#11147=CARTESIAN_POINT('',(-49.8721014846468,83.0181696299048,56.4895815017123));
#11148=CARTESIAN_POINT('',(-49.8721014846468,81.7560601441698,61.3276678636965));
#11149=CARTESIAN_POINT('Ctrl Pts',(-49.8721014846468,83.0181696299048,56.4895815017123));
#11150=CARTESIAN_POINT('Ctrl Pts',(-50.0800486727532,83.255882942445,56.551593670201));
#11151=CARTESIAN_POINT('Ctrl Pts',(-50.5114305251371,83.7490139630358,56.6802365451377));
#11152=CARTESIAN_POINT('Ctrl Pts',(-51.1294296455092,83.9958731517723,56.7446345943733));
#11153=CARTESIAN_POINT('Ctrl Pts',(-51.4495229114198,84.1237341168415,56.7779896287392));
#11154=CARTESIAN_POINT('Ctrl Pts',(-49.3263983119631,79.9079505201875,60.8455523096141));
#11155=CARTESIAN_POINT('Ctrl Pts',(-49.3263983119631,81.1700600059225,56.0074659476299));
#11156=CARTESIAN_POINT('Ctrl Pts',(-49.3448836543921,80.2511254708049,60.9350762097752));
#11157=CARTESIAN_POINT('Ctrl Pts',(-49.3448836543921,81.5132349565399,56.096989847791));
#11158=CARTESIAN_POINT('Ctrl Pts',(-49.3803046776544,80.9087063598531,61.1066190503965));
#11159=CARTESIAN_POINT('Ctrl Pts',(-49.3803046776544,82.1708158455881,56.2685326884122));
#11160=CARTESIAN_POINT('Ctrl Pts',(-49.7130213075823,81.4819689176127,61.2561658045946));
#11161=CARTESIAN_POINT('Ctrl Pts',(-49.7130213075823,82.7440784033478,56.4180794426104));
#11162=CARTESIAN_POINT('Ctrl Pts',(-49.8721014846468,81.7560601441698,61.3276678636965));
#11163=CARTESIAN_POINT('Ctrl Pts',(-49.8721014846468,83.0181696299048,56.4895815017123));
#11164=CARTESIAN_POINT('',(-49.3263983119631,79.9079505201875,60.8455523096141));
#11165=CARTESIAN_POINT('Ctrl Pts',(-49.3263983119631,79.9079505201875,60.8455523096141));
#11166=CARTESIAN_POINT('Ctrl Pts',(-49.3448836543921,80.2511254708049,60.9350762097752));
#11167=CARTESIAN_POINT('Ctrl Pts',(-49.3803046776544,80.9087063598531,61.1066190503965));
#11168=CARTESIAN_POINT('Ctrl Pts',(-49.7130213075823,81.4819689176127,61.2561658045946));
#11169=CARTESIAN_POINT('Ctrl Pts',(-49.8721014846468,81.7560601441698,61.3276678636965));
#11170=CARTESIAN_POINT('',(-49.3263983119631,81.1700600059225,56.0074659476299));
#11171=CARTESIAN_POINT('',(-49.3263983119631,79.9079505201875,60.8455523096141));
#11172=CARTESIAN_POINT('Ctrl Pts',(-49.3263983119631,81.1700600059225,56.0074659476299));
#11173=CARTESIAN_POINT('Ctrl Pts',(-49.3448836543921,81.5132349565399,56.096989847791));
#11174=CARTESIAN_POINT('Ctrl Pts',(-49.3803046776544,82.1708158455881,56.2685326884122));
#11175=CARTESIAN_POINT('Ctrl Pts',(-49.7130213075823,82.7440784033478,56.4180794426104));
#11176=CARTESIAN_POINT('Ctrl Pts',(-49.8721014846468,83.0181696299048,56.4895815017123));
#11177=CARTESIAN_POINT('Ctrl Pts',(-50.0341069091463,77.8535784863025,60.3096291703398));
#11178=CARTESIAN_POINT('Ctrl Pts',(-50.0341069091463,79.1156879720375,55.4715428083556));
#11179=CARTESIAN_POINT('Ctrl Pts',(-49.8279030132239,78.142848182606,60.385090830245));
#11180=CARTESIAN_POINT('Ctrl Pts',(-49.8279030132239,79.404957668341,55.5470044682608));
#11181=CARTESIAN_POINT('Ctrl Pts',(-49.38839133749,78.7594098066852,60.5459329930483));
#11182=CARTESIAN_POINT('Ctrl Pts',(-49.38839133749,80.0215192924202,55.7078466310641));
#11183=CARTESIAN_POINT('Ctrl Pts',(-49.3478950969182,79.5096809967934,60.741655912207));
#11184=CARTESIAN_POINT('Ctrl Pts',(-49.3478950969182,80.7717904825284,55.9035695502228));
#11185=CARTESIAN_POINT('Ctrl Pts',(-49.3263983119631,79.9079505201875,60.8455523096141));
#11186=CARTESIAN_POINT('Ctrl Pts',(-49.3263983119631,81.1700600059225,56.0074659476299));
#11187=CARTESIAN_POINT('',(-50.0341069091463,77.8535784863025,60.3096291703398));
#11188=CARTESIAN_POINT('Ctrl Pts',(-50.0341069091463,77.8535784863025,60.3096291703398));
#11189=CARTESIAN_POINT('Ctrl Pts',(-49.8279030132239,78.142848182606,60.385090830245));
#11190=CARTESIAN_POINT('Ctrl Pts',(-49.38839133749,78.7594098066852,60.5459329930483));
#11191=CARTESIAN_POINT('Ctrl Pts',(-49.3478950969182,79.5096809967934,60.741655912207));
#11192=CARTESIAN_POINT('Ctrl Pts',(-49.3263983119631,79.9079505201875,60.8455523096141));
#11193=CARTESIAN_POINT('',(-50.0341069091463,79.1156879720375,55.4715428083556));
#11194=CARTESIAN_POINT('',(-50.0341069091463,77.8535784863025,60.3096291703398));
#11195=CARTESIAN_POINT('Ctrl Pts',(-50.0341069091463,79.1156879720375,55.4715428083556));
#11196=CARTESIAN_POINT('Ctrl Pts',(-49.8279030132239,79.404957668341,55.5470044682608));
#11197=CARTESIAN_POINT('Ctrl Pts',(-49.38839133749,80.0215192924202,55.7078466310641));
#11198=CARTESIAN_POINT('Ctrl Pts',(-49.3478950969182,80.7717904825284,55.9035695502228));
#11199=CARTESIAN_POINT('Ctrl Pts',(-49.3263983119631,81.1700600059225,56.0074659476299));
#11200=CARTESIAN_POINT('Ctrl Pts',(-51.8673264373445,76.8882714230287,60.0578099364423));
#11201=CARTESIAN_POINT('Ctrl Pts',(-51.8673264373445,78.1503809087637,55.2197235744581));
#11202=CARTESIAN_POINT('Ctrl Pts',(-51.5120283682905,76.975358465205,60.0805282952709));
#11203=CARTESIAN_POINT('Ctrl Pts',(-51.5120283682905,78.23746795094,55.2424419332866));
#11204=CARTESIAN_POINT('Ctrl Pts',(-50.8153368457426,77.1461243918803,60.1250759283166));
#11205=CARTESIAN_POINT('Ctrl Pts',(-50.8153368457426,78.4082338776153,55.2869895663324));
#11206=CARTESIAN_POINT('Ctrl Pts',(-50.2910288299744,77.6209191163498,60.2489354216565));
#11207=CARTESIAN_POINT('Ctrl Pts',(-50.2910288299744,78.8830286020848,55.4108490596723));
#11208=CARTESIAN_POINT('Ctrl Pts',(-50.0341069091463,77.8535784863025,60.3096291703398));
#11209=CARTESIAN_POINT('Ctrl Pts',(-50.0341069091463,79.1156879720375,55.4715428083556));
#11210=CARTESIAN_POINT('',(-51.8673264373445,76.8882714230287,60.0578099364423));
#11211=CARTESIAN_POINT('Ctrl Pts',(-51.8673264373445,76.8882714230287,60.0578099364423));
#11212=CARTESIAN_POINT('Ctrl Pts',(-51.5120283682905,76.975358465205,60.0805282952709));
#11213=CARTESIAN_POINT('Ctrl Pts',(-50.8153368457426,77.1461243918803,60.1250759283166));
#11214=CARTESIAN_POINT('Ctrl Pts',(-50.2910288299744,77.6209191163498,60.2489354216565));
#11215=CARTESIAN_POINT('Ctrl Pts',(-50.0341069091463,77.8535784863025,60.3096291703398));
#11216=CARTESIAN_POINT('',(-51.8673264373445,78.1503809087637,55.2197235744581));
#11217=CARTESIAN_POINT('',(-51.8673264373445,76.8882714230287,60.0578099364423));
#11218=CARTESIAN_POINT('Ctrl Pts',(-51.8673264373445,78.1503809087637,55.2197235744581));
#11219=CARTESIAN_POINT('Ctrl Pts',(-51.5120283682905,78.23746795094,55.2424419332866));
#11220=CARTESIAN_POINT('Ctrl Pts',(-50.8153368457426,78.4082338776153,55.2869895663324));
#11221=CARTESIAN_POINT('Ctrl Pts',(-50.2910288299744,78.8830286020848,55.4108490596723));
#11222=CARTESIAN_POINT('Ctrl Pts',(-50.0341069091463,79.1156879720375,55.4715428083556));
#11223=CARTESIAN_POINT('Ctrl Pts',(-55.3291272510195,76.7397619342237,60.0190683306671));
#11224=CARTESIAN_POINT('Ctrl Pts',(-55.3291272510195,78.0018714199587,55.1809819686828));
#11225=CARTESIAN_POINT('Ctrl Pts',(-54.5848905021687,76.7346030349767,60.0177225308635));
#11226=CARTESIAN_POINT('Ctrl Pts',(-54.5848905021687,77.9967125207117,55.1796361688793));
#11227=CARTESIAN_POINT('Ctrl Pts',(-53.4276730569074,76.7265814367202,60.015629940014));
#11228=CARTESIAN_POINT('Ctrl Pts',(-53.4276730569074,77.9886909224552,55.1775435780297));
#11229=CARTESIAN_POINT('Ctrl Pts',(-52.277716066836,76.8457450428375,60.0467160981315));
#11230=CARTESIAN_POINT('Ctrl Pts',(-52.277716066836,78.1078545285725,55.2086297361473));
#11231=CARTESIAN_POINT('Ctrl Pts',(-51.8673264373445,76.8882714230287,60.0578099364423));
#11232=CARTESIAN_POINT('Ctrl Pts',(-51.8673264373445,78.1503809087637,55.2197235744581));
#11233=CARTESIAN_POINT('',(-55.3291272510195,76.7397619342237,60.0190683306671));
#11234=CARTESIAN_POINT('Ctrl Pts',(-55.3291272510195,76.7397619342237,60.0190683306671));
#11235=CARTESIAN_POINT('Ctrl Pts',(-54.5848905021687,76.7346030349767,60.0177225308635));
#11236=CARTESIAN_POINT('Ctrl Pts',(-53.4276730569074,76.7265814367202,60.015629940014));
#11237=CARTESIAN_POINT('Ctrl Pts',(-52.277716066836,76.8457450428375,60.0467160981315));
#11238=CARTESIAN_POINT('Ctrl Pts',(-51.8673264373445,76.8882714230287,60.0578099364423));
#11239=CARTESIAN_POINT('',(-55.3291272510195,78.0018714199587,55.1809819686828));
#11240=CARTESIAN_POINT('',(-55.3291272510195,76.7397619342237,60.0190683306671));
#11241=CARTESIAN_POINT('Ctrl Pts',(-55.3291272510195,78.0018714199587,55.1809819686828));
#11242=CARTESIAN_POINT('Ctrl Pts',(-54.5848905021687,77.9967125207117,55.1796361688793));
#11243=CARTESIAN_POINT('Ctrl Pts',(-53.4276730569074,77.9886909224552,55.1775435780297));
#11244=CARTESIAN_POINT('Ctrl Pts',(-52.277716066836,78.1078545285725,55.2086297361473));
#11245=CARTESIAN_POINT('Ctrl Pts',(-51.8673264373445,78.1503809087637,55.2197235744581));
#11246=CARTESIAN_POINT('Origin',(-60.0017058242464,76.7397619342237,60.0190683306671));
#11247=CARTESIAN_POINT('',(-60.0017058242464,76.7397619342237,60.0190683306671));
#11248=CARTESIAN_POINT('',(-30.0008529121232,76.7397619342237,60.019068330667));
#11249=CARTESIAN_POINT('',(-60.0017058242464,78.0018714199587,55.1809819686828));
#11250=CARTESIAN_POINT('',(-60.0017058242464,76.7397619342237,60.0190683306671));
#11251=CARTESIAN_POINT('',(-60.0017058242464,78.0018714199587,55.1809819686828));
#11252=CARTESIAN_POINT('Origin',(-60.0017058242464,83.2081456181618,61.7064727699553));
#11253=CARTESIAN_POINT('',(-60.0017058242464,83.2081456181618,61.7064727699553));
#11254=CARTESIAN_POINT('',(-60.0017058242464,99.1040728090809,65.8532363849776));
#11255=CARTESIAN_POINT('',(-60.0017058242464,84.4702551038968,56.868386407971));
#11256=CARTESIAN_POINT('',(-60.0017058242464,83.2081456181618,61.7064727699553));
#11257=CARTESIAN_POINT('',(-60.0017058242464,84.4702551038968,56.868386407971));
#11258=CARTESIAN_POINT('Origin',(-55.9259890903139,83.2081456181618,61.7064727699553));
#11259=CARTESIAN_POINT('',(-27.9629945451569,83.2081456181618,61.7064727699552));
#11260=CARTESIAN_POINT('',(-55.9259890903139,84.4702551038968,56.868386407971));
#11261=CARTESIAN_POINT('Origin',(-56.5399050105715,72.6640215130632,58.95583169906));
#11262=CARTESIAN_POINT('',(-56.5399050105715,72.6640215130632,58.95583169906));
#11263=CARTESIAN_POINT('',(-65.0494539130831,72.6640215130632,58.95583169906));
#11264=CARTESIAN_POINT('',(-28.2699525052857,72.6640215130632,58.95583169906));
#11265=CARTESIAN_POINT('',(-56.5399050105715,73.9261309987983,54.1177453370758));
#11266=CARTESIAN_POINT('',(-56.5399050105715,72.6640215130632,58.95583169906));
#11267=CARTESIAN_POINT('',(-65.0494539130831,73.9261309987983,54.1177453370758));
#11268=CARTESIAN_POINT('',(-56.5399050105715,73.9261309987983,54.1177453370758));
#11269=CARTESIAN_POINT('',(-65.0494539130831,72.6640215130632,58.95583169906));
#11270=CARTESIAN_POINT('Ctrl Pts',(-50.451910435071,72.8290305181937,58.9988775264853));
#11271=CARTESIAN_POINT('Ctrl Pts',(-50.451910435071,74.0911400039287,54.1607911645011));
#11272=CARTESIAN_POINT('Ctrl Pts',(-51.1694126753576,72.7888179714099,58.9883872968895));
#11273=CARTESIAN_POINT('Ctrl Pts',(-51.1694126753576,74.050927457145,54.1503009349053));
#11274=CARTESIAN_POINT('Ctrl Pts',(-53.196725955059,72.6751968208018,58.9587469967309));
#11275=CARTESIAN_POINT('Ctrl Pts',(-53.196725955059,73.9373063065368,54.1206606347467));
#11276=CARTESIAN_POINT('Ctrl Pts',(-55.2277175057289,72.668407787006,58.9569759444364));
#11277=CARTESIAN_POINT('Ctrl Pts',(-55.2277175057289,73.930517272741,54.1188895824521));
#11278=CARTESIAN_POINT('Ctrl Pts',(-56.5399050105715,72.6640215130632,58.95583169906));
#11279=CARTESIAN_POINT('Ctrl Pts',(-56.5399050105715,73.9261309987983,54.1177453370758));
#11280=CARTESIAN_POINT('',(-50.451910435071,72.8290305181937,58.9988775264853));
#11281=CARTESIAN_POINT('Ctrl Pts',(-50.451910435071,72.8290305181937,58.9988775264853));
#11282=CARTESIAN_POINT('Ctrl Pts',(-51.1694126753576,72.7888179714099,58.9883872968895));
#11283=CARTESIAN_POINT('Ctrl Pts',(-53.196725955059,72.6751968208018,58.9587469967309));
#11284=CARTESIAN_POINT('Ctrl Pts',(-55.2277175057289,72.668407787006,58.9569759444364));
#11285=CARTESIAN_POINT('Ctrl Pts',(-56.5399050105715,72.6640215130632,58.95583169906));
#11286=CARTESIAN_POINT('',(-50.451910435071,74.0911400039287,54.1607911645011));
#11287=CARTESIAN_POINT('',(-50.451910435071,72.8290305181937,58.9988775264853));
#11288=CARTESIAN_POINT('Ctrl Pts',(-50.451910435071,74.0911400039287,54.1607911645011));
#11289=CARTESIAN_POINT('Ctrl Pts',(-51.1694126753576,74.050927457145,54.1503009349053));
#11290=CARTESIAN_POINT('Ctrl Pts',(-53.196725955059,73.9373063065368,54.1206606347467));
#11291=CARTESIAN_POINT('Ctrl Pts',(-55.2277175057289,73.930517272741,54.1188895824521));
#11292=CARTESIAN_POINT('Ctrl Pts',(-56.5399050105715,73.9261309987983,54.1177453370758));
#11293=CARTESIAN_POINT('Ctrl Pts',(-47.0668494094515,73.9758484099027,59.298047411279));
#11294=CARTESIAN_POINT('Ctrl Pts',(-47.0668494094515,75.2379578956377,54.4599610492947));
#11295=CARTESIAN_POINT('Ctrl Pts',(-47.5661577733674,73.6935336123587,59.2244000727892));
#11296=CARTESIAN_POINT('Ctrl Pts',(-47.5661577733674,74.9556430980938,54.386313710805));
#11297=CARTESIAN_POINT('Ctrl Pts',(-48.616419870217,73.0997031206868,59.0694877706139));
#11298=CARTESIAN_POINT('Ctrl Pts',(-48.616419870217,74.3618126064218,54.2314014086297));
#11299=CARTESIAN_POINT('Ctrl Pts',(-49.8203463700269,72.9221647965168,59.0231734251783));
#11300=CARTESIAN_POINT('Ctrl Pts',(-49.8203463700269,74.1842742822518,54.1850870631941));
#11301=CARTESIAN_POINT('Ctrl Pts',(-50.451910435071,72.8290305181937,58.9988775264853));
#11302=CARTESIAN_POINT('Ctrl Pts',(-50.451910435071,74.0911400039287,54.1607911645011));
#11303=CARTESIAN_POINT('',(-47.0668494094515,73.9758484099027,59.298047411279));
#11304=CARTESIAN_POINT('Ctrl Pts',(-47.0668494094515,73.9758484099027,59.298047411279));
#11305=CARTESIAN_POINT('Ctrl Pts',(-47.5661577733674,73.6935336123587,59.2244000727892));
#11306=CARTESIAN_POINT('Ctrl Pts',(-48.616419870217,73.0997031206868,59.0694877706139));
#11307=CARTESIAN_POINT('Ctrl Pts',(-49.8203463700269,72.9221647965168,59.0231734251783));
#11308=CARTESIAN_POINT('Ctrl Pts',(-50.451910435071,72.8290305181937,58.9988775264853));
#11309=CARTESIAN_POINT('',(-47.0668494094515,75.2379578956377,54.4599610492947));
#11310=CARTESIAN_POINT('',(-47.0668494094515,73.9758484099027,59.298047411279));
#11311=CARTESIAN_POINT('Ctrl Pts',(-47.0668494094515,75.2379578956377,54.4599610492947));
#11312=CARTESIAN_POINT('Ctrl Pts',(-47.5661577733674,74.9556430980938,54.386313710805));
#11313=CARTESIAN_POINT('Ctrl Pts',(-48.616419870217,74.3618126064218,54.2314014086297));
#11314=CARTESIAN_POINT('Ctrl Pts',(-49.8203463700269,74.1842742822518,54.1850870631941));
#11315=CARTESIAN_POINT('Ctrl Pts',(-50.451910435071,74.0911400039287,54.1607911645011));
#11316=CARTESIAN_POINT('Ctrl Pts',(-44.9010907996797,76.4674968450606,59.9480426552332));
#11317=CARTESIAN_POINT('Ctrl Pts',(-44.9010907996797,77.7296063307956,55.109956293249));
#11318=CARTESIAN_POINT('Ctrl Pts',(-45.1853348212418,75.9767497568269,59.820021675694));
#11319=CARTESIAN_POINT('Ctrl Pts',(-45.1853348212418,77.2388592425619,54.9819353137098));
#11320=CARTESIAN_POINT('Ctrl Pts',(-45.7438016212158,75.0125572490782,59.5684931954117));
#11321=CARTESIAN_POINT('Ctrl Pts',(-45.7438016212158,76.2746667348132,54.7304068334275));
#11322=CARTESIAN_POINT('Ctrl Pts',(-46.6311410135747,74.317259165678,59.3871110866986));
#11323=CARTESIAN_POINT('Ctrl Pts',(-46.6311410135747,75.579368651413,54.5490247247144));
#11324=CARTESIAN_POINT('Ctrl Pts',(-47.0668494094515,73.9758484099027,59.298047411279));
#11325=CARTESIAN_POINT('Ctrl Pts',(-47.0668494094515,75.2379578956377,54.4599610492947));
#11326=CARTESIAN_POINT('',(-44.9010907996797,76.4674968450606,59.9480426552332));
#11327=CARTESIAN_POINT('Ctrl Pts',(-44.9010907996797,76.4674968450606,59.9480426552332));
#11328=CARTESIAN_POINT('Ctrl Pts',(-45.1853348212418,75.9767497568269,59.820021675694));
#11329=CARTESIAN_POINT('Ctrl Pts',(-45.7438016212158,75.0125572490782,59.5684931954117));
#11330=CARTESIAN_POINT('Ctrl Pts',(-46.6311410135747,74.317259165678,59.3871110866986));
#11331=CARTESIAN_POINT('Ctrl Pts',(-47.0668494094515,73.9758484099027,59.298047411279));
#11332=CARTESIAN_POINT('',(-44.9010907996797,77.7296063307956,55.109956293249));
#11333=CARTESIAN_POINT('',(-44.9010907996797,76.4674968450606,59.9480426552332));
#11334=CARTESIAN_POINT('Ctrl Pts',(-44.9010907996797,77.7296063307956,55.109956293249));
#11335=CARTESIAN_POINT('Ctrl Pts',(-45.1853348212418,77.2388592425619,54.9819353137098));
#11336=CARTESIAN_POINT('Ctrl Pts',(-45.7438016212158,76.2746667348132,54.7304068334275));
#11337=CARTESIAN_POINT('Ctrl Pts',(-46.6311410135747,75.579368651413,54.5490247247144));
#11338=CARTESIAN_POINT('Ctrl Pts',(-47.0668494094515,75.2379578956377,54.4599610492947));
#11339=CARTESIAN_POINT('Ctrl Pts',(-44.1081177581453,79.6769365288173,60.7852877901263));
#11340=CARTESIAN_POINT('Ctrl Pts',(-44.1081177581453,80.9390460145523,55.947201428142));
#11341=CARTESIAN_POINT('Ctrl Pts',(-44.1429039255448,79.1272778773173,60.6418985766915));
#11342=CARTESIAN_POINT('Ctrl Pts',(-44.1429039255448,80.3893873630523,55.8038122147072));
#11343=CARTESIAN_POINT('Ctrl Pts',(-44.2134266970735,78.0129426574206,60.3512024323706));
#11344=CARTESIAN_POINT('Ctrl Pts',(-44.2134266970735,79.2750521431556,55.5131160703864));
#11345=CARTESIAN_POINT('Ctrl Pts',(-44.6698191621745,76.9872531946295,60.0836312681642));
#11346=CARTESIAN_POINT('Ctrl Pts',(-44.6698191621745,78.2493626803645,55.24554490618));
#11347=CARTESIAN_POINT('Ctrl Pts',(-44.9010907996797,76.4674968450606,59.9480426552332));
#11348=CARTESIAN_POINT('Ctrl Pts',(-44.9010907996797,77.7296063307956,55.109956293249));
#11349=CARTESIAN_POINT('',(-44.1081177581453,79.6769365288173,60.7852877901263));
#11350=CARTESIAN_POINT('Ctrl Pts',(-44.1081177581453,79.6769365288173,60.7852877901263));
#11351=CARTESIAN_POINT('Ctrl Pts',(-44.1429039255448,79.1272778773173,60.6418985766915));
#11352=CARTESIAN_POINT('Ctrl Pts',(-44.2134266970735,78.0129426574206,60.3512024323706));
#11353=CARTESIAN_POINT('Ctrl Pts',(-44.6698191621745,76.9872531946295,60.0836312681642));
#11354=CARTESIAN_POINT('Ctrl Pts',(-44.9010907996797,76.4674968450606,59.9480426552332));
#11355=CARTESIAN_POINT('',(-44.1081177581453,80.9390460145523,55.947201428142));
#11356=CARTESIAN_POINT('',(-44.1081177581453,79.6769365288173,60.7852877901263));
#11357=CARTESIAN_POINT('Ctrl Pts',(-44.1081177581453,80.9390460145523,55.947201428142));
#11358=CARTESIAN_POINT('Ctrl Pts',(-44.1429039255448,80.3893873630523,55.8038122147072));
#11359=CARTESIAN_POINT('Ctrl Pts',(-44.2134266970735,79.2750521431556,55.5131160703864));
#11360=CARTESIAN_POINT('Ctrl Pts',(-44.6698191621745,78.2493626803645,55.24554490618));
#11361=CARTESIAN_POINT('Ctrl Pts',(-44.9010907996797,77.7296063307956,55.109956293249));
#11362=CARTESIAN_POINT('Ctrl Pts',(-45.3359495986604,83.3236526138469,61.7366050296992));
#11363=CARTESIAN_POINT('Ctrl Pts',(-45.3359495986604,84.5857620995819,56.898518667715));
#11364=CARTESIAN_POINT('Ctrl Pts',(-44.9778681312418,82.777536375258,61.5941399239804));
#11365=CARTESIAN_POINT('Ctrl Pts',(-44.9778681312418,84.039645860993,56.7560535619961));
#11366=CARTESIAN_POINT('Ctrl Pts',(-44.2478534342356,81.6641783360451,61.3036986963596));
#11367=CARTESIAN_POINT('Ctrl Pts',(-44.2478534342356,82.9262878217801,56.4656123343754));
#11368=CARTESIAN_POINT('Ctrl Pts',(-44.1552818210221,80.3476771740839,60.9602636106306));
#11369=CARTESIAN_POINT('Ctrl Pts',(-44.1552818210221,81.6097866598189,56.1221772486464));
#11370=CARTESIAN_POINT('Ctrl Pts',(-44.1081177581453,79.6769365288173,60.7852877901263));
#11371=CARTESIAN_POINT('Ctrl Pts',(-44.1081177581453,80.9390460145523,55.947201428142));
#11372=CARTESIAN_POINT('',(-45.3359495986604,83.3236526138469,61.7366050296992));
#11373=CARTESIAN_POINT('Ctrl Pts',(-45.3359495986604,83.3236526138469,61.7366050296992));
#11374=CARTESIAN_POINT('Ctrl Pts',(-44.9778681312418,82.777536375258,61.5941399239804));
#11375=CARTESIAN_POINT('Ctrl Pts',(-44.2478534342356,81.6641783360451,61.3036986963596));
#11376=CARTESIAN_POINT('Ctrl Pts',(-44.1552818210221,80.3476771740839,60.9602636106306));
#11377=CARTESIAN_POINT('Ctrl Pts',(-44.1081177581453,79.6769365288173,60.7852877901263));
#11378=CARTESIAN_POINT('',(-45.3359495986604,84.5857620995819,56.898518667715));
#11379=CARTESIAN_POINT('',(-45.3359495986604,83.3236526138469,61.7366050296992));
#11380=CARTESIAN_POINT('Ctrl Pts',(-45.3359495986604,84.5857620995819,56.898518667715));
#11381=CARTESIAN_POINT('Ctrl Pts',(-44.9778681312418,84.039645860993,56.7560535619961));
#11382=CARTESIAN_POINT('Ctrl Pts',(-44.2478534342356,82.9262878217801,56.4656123343754));
#11383=CARTESIAN_POINT('Ctrl Pts',(-44.1552818210221,81.6097866598189,56.1221772486464));
#11384=CARTESIAN_POINT('Ctrl Pts',(-44.1081177581453,80.9390460145523,55.947201428142));
#11385=CARTESIAN_POINT('Ctrl Pts',(-48.8489090789461,85.5182820713949,62.309117062103));
#11386=CARTESIAN_POINT('Ctrl Pts',(-48.8489090789461,86.7803915571299,57.4710307001188));
#11387=CARTESIAN_POINT('Ctrl Pts',(-48.1413165645492,85.2782856171332,62.2465092914261));
#11388=CARTESIAN_POINT('Ctrl Pts',(-48.1413165645492,86.5403951028682,57.4084229294418));
#11389=CARTESIAN_POINT('Ctrl Pts',(-46.7860434701095,84.8186132342236,62.126594756754));
#11390=CARTESIAN_POINT('Ctrl Pts',(-46.7860434701095,86.0807227199586,57.2885083947698));
#11391=CARTESIAN_POINT('Ctrl Pts',(-45.8048559202304,83.8070671701006,61.8627131748089));
#11392=CARTESIAN_POINT('Ctrl Pts',(-45.8048559202304,85.0691766558356,57.0246268128246));
#11393=CARTESIAN_POINT('Ctrl Pts',(-45.3359495986604,83.3236526138469,61.7366050296992));
#11394=CARTESIAN_POINT('Ctrl Pts',(-45.3359495986604,84.5857620995819,56.898518667715));
#11395=CARTESIAN_POINT('',(-48.8489090789461,85.5182820713949,62.309117062103));
#11396=CARTESIAN_POINT('Ctrl Pts',(-48.8489090789461,85.5182820713949,62.309117062103));
#11397=CARTESIAN_POINT('Ctrl Pts',(-48.1413165645492,85.2782856171332,62.2465092914261));
#11398=CARTESIAN_POINT('Ctrl Pts',(-46.7860434701095,84.8186132342236,62.126594756754));
#11399=CARTESIAN_POINT('Ctrl Pts',(-45.8048559202304,83.8070671701006,61.8627131748089));
#11400=CARTESIAN_POINT('Ctrl Pts',(-45.3359495986604,83.3236526138469,61.7366050296992));
#11401=CARTESIAN_POINT('',(-48.8489090789461,86.7803915571299,57.4710307001188));
#11402=CARTESIAN_POINT('',(-48.8489090789461,85.5182820713949,62.309117062103));
#11403=CARTESIAN_POINT('Ctrl Pts',(-48.8489090789461,86.7803915571299,57.4710307001188));
#11404=CARTESIAN_POINT('Ctrl Pts',(-48.1413165645492,86.5403951028682,57.4084229294418));
#11405=CARTESIAN_POINT('Ctrl Pts',(-46.7860434701095,86.0807227199586,57.2885083947698));
#11406=CARTESIAN_POINT('Ctrl Pts',(-45.8048559202304,85.0691766558356,57.0246268128246));
#11407=CARTESIAN_POINT('Ctrl Pts',(-45.3359495986604,84.5857620995819,56.898518667715));
#11408=CARTESIAN_POINT('Ctrl Pts',(-46.2824022163057,87.6469076961927,62.8644107033546));
#11409=CARTESIAN_POINT('Ctrl Pts',(-46.2824022163057,88.9090171819277,58.0263243413704));
#11410=CARTESIAN_POINT('Ctrl Pts',(-46.6272790333794,87.2028654171323,62.748573587078));
#11411=CARTESIAN_POINT('Ctrl Pts',(-46.6272790333794,88.4649749028673,57.9104872250938));
#11412=CARTESIAN_POINT('Ctrl Pts',(-47.3204669003873,86.3103591509965,62.5157458654774));
#11413=CARTESIAN_POINT('Ctrl Pts',(-47.3204669003873,87.5724686367315,57.6776595034931));
#11414=CARTESIAN_POINT('Ctrl Pts',(-48.337748393786,85.7831783614793,62.378220442125));
#11415=CARTESIAN_POINT('Ctrl Pts',(-48.337748393786,87.0452878472143,57.5401340801408));
#11416=CARTESIAN_POINT('Ctrl Pts',(-48.8489090789461,85.5182820713949,62.309117062103));
#11417=CARTESIAN_POINT('Ctrl Pts',(-48.8489090789461,86.7803915571299,57.4710307001188));
#11418=CARTESIAN_POINT('',(-46.2824022163057,87.6469076961927,62.8644107033546));
#11419=CARTESIAN_POINT('Ctrl Pts',(-46.2824022163057,87.6469076961927,62.8644107033546));
#11420=CARTESIAN_POINT('Ctrl Pts',(-46.6272790333794,87.2028654171323,62.748573587078));
#11421=CARTESIAN_POINT('Ctrl Pts',(-47.3204669003873,86.3103591509965,62.5157458654774));
#11422=CARTESIAN_POINT('Ctrl Pts',(-48.337748393786,85.7831783614793,62.378220442125));
#11423=CARTESIAN_POINT('Ctrl Pts',(-48.8489090789461,85.5182820713949,62.309117062103));
#11424=CARTESIAN_POINT('',(-46.2824022163057,88.9090171819277,58.0263243413704));
#11425=CARTESIAN_POINT('',(-46.2824022163057,87.6469076961927,62.8644107033546));
#11426=CARTESIAN_POINT('Ctrl Pts',(-46.2824022163057,88.9090171819277,58.0263243413704));
#11427=CARTESIAN_POINT('Ctrl Pts',(-46.6272790333794,88.4649749028673,57.9104872250938));
#11428=CARTESIAN_POINT('Ctrl Pts',(-47.3204669003873,87.5724686367315,57.6776595034931));
#11429=CARTESIAN_POINT('Ctrl Pts',(-48.337748393786,87.0452878472143,57.5401340801408));
#11430=CARTESIAN_POINT('Ctrl Pts',(-48.8489090789461,86.7803915571299,57.4710307001188));
#11431=CARTESIAN_POINT('Ctrl Pts',(-45.3359495986604,90.7655919657318,63.6779805127996));
#11432=CARTESIAN_POINT('Ctrl Pts',(-45.3359495986604,92.0277014514668,58.8398941508154));
#11433=CARTESIAN_POINT('Ctrl Pts',(-45.375120336389,90.2111440230501,63.5333419190566));
#11434=CARTESIAN_POINT('Ctrl Pts',(-45.375120336389,91.4732535087851,58.6952555570723));
#11435=CARTESIAN_POINT('Ctrl Pts',(-45.4533308560805,89.1041017702449,63.24454828789));
#11436=CARTESIAN_POINT('Ctrl Pts',(-45.4533308560805,90.3662112559799,58.4064619259058));
#11437=CARTESIAN_POINT('Ctrl Pts',(-46.0063537569139,88.1320965453983,62.9909817074952));
#11438=CARTESIAN_POINT('Ctrl Pts',(-46.0063537569139,89.3942060311333,58.152895345511));
#11439=CARTESIAN_POINT('Ctrl Pts',(-46.2824022163057,87.6469076961927,62.8644107033546));
#11440=CARTESIAN_POINT('Ctrl Pts',(-46.2824022163057,88.9090171819277,58.0263243413704));
#11441=CARTESIAN_POINT('',(-45.3359495986604,90.7655919657318,63.6779805127996));
#11442=CARTESIAN_POINT('Ctrl Pts',(-45.3359495986604,90.7655919657318,63.6779805127996));
#11443=CARTESIAN_POINT('Ctrl Pts',(-45.375120336389,90.2111440230501,63.5333419190566));
#11444=CARTESIAN_POINT('Ctrl Pts',(-45.4533308560805,89.1041017702449,63.24454828789));
#11445=CARTESIAN_POINT('Ctrl Pts',(-46.0063537569139,88.1320965453983,62.9909817074952));
#11446=CARTESIAN_POINT('Ctrl Pts',(-46.2824022163057,87.6469076961927,62.8644107033546));
#11447=CARTESIAN_POINT('',(-45.3359495986604,92.0277014514668,58.8398941508154));
#11448=CARTESIAN_POINT('',(-45.3359495986604,90.7655919657318,63.6779805127996));
#11449=CARTESIAN_POINT('Ctrl Pts',(-45.3359495986604,92.0277014514668,58.8398941508154));
#11450=CARTESIAN_POINT('Ctrl Pts',(-45.375120336389,91.4732535087851,58.6952555570723));
#11451=CARTESIAN_POINT('Ctrl Pts',(-45.4533308560805,90.3662112559799,58.4064619259058));
#11452=CARTESIAN_POINT('Ctrl Pts',(-46.0063537569139,89.3942060311333,58.152895345511));
#11453=CARTESIAN_POINT('Ctrl Pts',(-46.2824022163057,88.9090171819277,58.0263243413704));
#11454=CARTESIAN_POINT('Ctrl Pts',(-46.1033427108431,93.5955104762926,64.4162201242503));
#11455=CARTESIAN_POINT('Ctrl Pts',(-46.1033427108431,94.8576199620277,59.578133762266));
#11456=CARTESIAN_POINT('Ctrl Pts',(-45.879539900625,93.1574899263176,64.301953893822));
#11457=CARTESIAN_POINT('Ctrl Pts',(-45.879539900625,94.4195994120526,59.4638675318378));
#11458=CARTESIAN_POINT('Ctrl Pts',(-45.4237654730418,92.2654610673407,64.0692507132193));
#11459=CARTESIAN_POINT('Ctrl Pts',(-45.4237654730418,93.5275705530757,59.2311643512351));
#11460=CARTESIAN_POINT('Ctrl Pts',(-45.3655692388753,91.2714866399243,63.809953036502));
#11461=CARTESIAN_POINT('Ctrl Pts',(-45.3655692388753,92.5335961256593,58.9718666745178));
#11462=CARTESIAN_POINT('Ctrl Pts',(-45.3359495986604,90.7655919657318,63.6779805127996));
#11463=CARTESIAN_POINT('Ctrl Pts',(-45.3359495986604,92.0277014514668,58.8398941508154));
#11464=CARTESIAN_POINT('',(-46.1033427108431,93.5955104762926,64.4162201242503));
#11465=CARTESIAN_POINT('Ctrl Pts',(-46.1033427108431,93.5955104762926,64.4162201242503));
#11466=CARTESIAN_POINT('Ctrl Pts',(-45.879539900625,93.1574899263176,64.301953893822));
#11467=CARTESIAN_POINT('Ctrl Pts',(-45.4237654730418,92.2654610673407,64.0692507132193));
#11468=CARTESIAN_POINT('Ctrl Pts',(-45.3655692388753,91.2714866399243,63.809953036502));
#11469=CARTESIAN_POINT('Ctrl Pts',(-45.3359495986604,90.7655919657318,63.6779805127996));
#11470=CARTESIAN_POINT('',(-46.1033427108431,94.8576199620277,59.578133762266));
#11471=CARTESIAN_POINT('',(-46.1033427108431,93.5955104762926,64.4162201242503));
#11472=CARTESIAN_POINT('Ctrl Pts',(-46.1033427108431,94.8576199620277,59.578133762266));
#11473=CARTESIAN_POINT('Ctrl Pts',(-45.879539900625,94.4195994120526,59.4638675318378));
#11474=CARTESIAN_POINT('Ctrl Pts',(-45.4237654730418,93.5275705530757,59.2311643512351));
#11475=CARTESIAN_POINT('Ctrl Pts',(-45.3655692388753,92.5335961256593,58.9718666745178));
#11476=CARTESIAN_POINT('Ctrl Pts',(-45.3359495986604,92.0277014514668,58.8398941508154));
#11477=CARTESIAN_POINT('Ctrl Pts',(-48.0218278754854,95.6168788635681,64.943533616583));
#11478=CARTESIAN_POINT('Ctrl Pts',(-48.0218278754854,96.8789883493031,60.1054472545988));
#11479=CARTESIAN_POINT('Ctrl Pts',(-47.6514976390337,95.3385398934441,64.8709234504637));
#11480=CARTESIAN_POINT('Ctrl Pts',(-47.6514976390337,96.6006493791791,60.0328370884795));
#11481=CARTESIAN_POINT('Ctrl Pts',(-46.8945542170691,94.7696237430092,64.7225105416546));
#11482=CARTESIAN_POINT('Ctrl Pts',(-46.8945542170691,96.0317332287442,59.8844241796704));
#11483=CARTESIAN_POINT('Ctrl Pts',(-46.3708351977356,93.9924542456086,64.5197706727675));
#11484=CARTESIAN_POINT('Ctrl Pts',(-46.3708351977356,95.2545637313436,59.6816843107832));
#11485=CARTESIAN_POINT('Ctrl Pts',(-46.1033427108431,93.5955104762926,64.4162201242503));
#11486=CARTESIAN_POINT('Ctrl Pts',(-46.1033427108431,94.8576199620277,59.578133762266));
#11487=CARTESIAN_POINT('',(-48.0218278754854,95.6168788635681,64.943533616583));
#11488=CARTESIAN_POINT('Ctrl Pts',(-48.0218278754854,95.6168788635681,64.943533616583));
#11489=CARTESIAN_POINT('Ctrl Pts',(-47.6514976390337,95.3385398934441,64.8709234504637));
#11490=CARTESIAN_POINT('Ctrl Pts',(-46.8945542170691,94.7696237430092,64.7225105416546));
#11491=CARTESIAN_POINT('Ctrl Pts',(-46.3708351977356,93.9924542456086,64.5197706727675));
#11492=CARTESIAN_POINT('Ctrl Pts',(-46.1033427108431,93.5955104762926,64.4162201242503));
#11493=CARTESIAN_POINT('',(-48.0218278754854,96.8789883493031,60.1054472545988));
#11494=CARTESIAN_POINT('',(-48.0218278754854,95.6168788635681,64.943533616583));
#11495=CARTESIAN_POINT('Ctrl Pts',(-48.0218278754854,96.8789883493031,60.1054472545988));
#11496=CARTESIAN_POINT('Ctrl Pts',(-47.6514976390337,96.6006493791791,60.0328370884795));
#11497=CARTESIAN_POINT('Ctrl Pts',(-46.8945542170691,96.0317332287442,59.8844241796704));
#11498=CARTESIAN_POINT('Ctrl Pts',(-46.3708351977356,95.2545637313436,59.6816843107832));
#11499=CARTESIAN_POINT('Ctrl Pts',(-46.1033427108431,94.8576199620277,59.578133762266));
#11500=CARTESIAN_POINT('Ctrl Pts',(-50.6309687484407,96.6151895734514,65.2039624974221));
#11501=CARTESIAN_POINT('Ctrl Pts',(-50.6309687484407,97.8772990591864,60.3658761354379));
#11502=CARTESIAN_POINT('Ctrl Pts',(-50.160812514864,96.5157866364878,65.1780312964751));
#11503=CARTESIAN_POINT('Ctrl Pts',(-50.160812514864,97.7778961222228,60.3399449344909));
#11504=CARTESIAN_POINT('Ctrl Pts',(-49.2348374856422,96.3200120601105,65.1269596678549));
#11505=CARTESIAN_POINT('Ctrl Pts',(-49.2348374856422,97.5821215458455,60.2888733058707));
#11506=CARTESIAN_POINT('Ctrl Pts',(-48.4219690323334,95.848824701694,65.0040412265289));
#11507=CARTESIAN_POINT('Ctrl Pts',(-48.4219690323334,97.1109341874291,60.1659548645447));
#11508=CARTESIAN_POINT('Ctrl Pts',(-48.0218278754854,95.6168788635681,64.943533616583));
#11509=CARTESIAN_POINT('Ctrl Pts',(-48.0218278754854,96.8789883493031,60.1054472545988));
#11510=CARTESIAN_POINT('',(-50.6309687484407,96.6151895734514,65.2039624974221));
#11511=CARTESIAN_POINT('Ctrl Pts',(-50.6309687484407,96.6151895734514,65.2039624974221));
#11512=CARTESIAN_POINT('Ctrl Pts',(-50.160812514864,96.5157866364878,65.1780312964751));
#11513=CARTESIAN_POINT('Ctrl Pts',(-49.2348374856422,96.3200120601105,65.1269596678549));
#11514=CARTESIAN_POINT('Ctrl Pts',(-48.4219690323334,95.848824701694,65.0040412265289));
#11515=CARTESIAN_POINT('Ctrl Pts',(-48.0218278754854,95.6168788635681,64.943533616583));
#11516=CARTESIAN_POINT('',(-50.6309687484407,97.8772990591864,60.3658761354379));
#11517=CARTESIAN_POINT('',(-50.6309687484407,96.6151895734514,65.2039624974221));
#11518=CARTESIAN_POINT('Ctrl Pts',(-50.6309687484407,97.8772990591864,60.3658761354379));
#11519=CARTESIAN_POINT('Ctrl Pts',(-50.160812514864,97.7778961222228,60.3399449344909));
#11520=CARTESIAN_POINT('Ctrl Pts',(-49.2348374856422,97.5821215458455,60.2888733058707));
#11521=CARTESIAN_POINT('Ctrl Pts',(-48.4219690323334,97.1109341874291,60.1659548645447));
#11522=CARTESIAN_POINT('Ctrl Pts',(-48.0218278754854,96.8789883493031,60.1054472545988));
#11523=CARTESIAN_POINT('Ctrl Pts',(-55.056276260724,96.8544533229843,65.266379127735));
#11524=CARTESIAN_POINT('Ctrl Pts',(-55.056276260724,98.1165628087194,60.4282927657508));
#11525=CARTESIAN_POINT('Ctrl Pts',(-54.1917514963682,96.8532252940028,65.2660587723486));
#11526=CARTESIAN_POINT('Ctrl Pts',(-54.1917514963682,98.1153347797378,60.4279724103643));
#11527=CARTESIAN_POINT('Ctrl Pts',(-52.7116442104558,96.8511228503045,65.2655103087751));
#11528=CARTESIAN_POINT('Ctrl Pts',(-52.7116442104558,98.1132323360395,60.4274239467909));
#11529=CARTESIAN_POINT('Ctrl Pts',(-51.2421409948692,96.6844920059806,65.2220413928645));
#11530=CARTESIAN_POINT('Ctrl Pts',(-51.2421409948692,97.9466014917157,60.3839550308803));
#11531=CARTESIAN_POINT('Ctrl Pts',(-50.6309687484407,96.6151895734514,65.2039624974221));
#11532=CARTESIAN_POINT('Ctrl Pts',(-50.6309687484407,97.8772990591864,60.3658761354379));
#11533=CARTESIAN_POINT('',(-55.056276260724,96.8544533229843,65.266379127735));
#11534=CARTESIAN_POINT('Ctrl Pts',(-55.056276260724,96.8544533229843,65.266379127735));
#11535=CARTESIAN_POINT('Ctrl Pts',(-54.1917514963682,96.8532252940028,65.2660587723486));
#11536=CARTESIAN_POINT('Ctrl Pts',(-52.7116442104558,96.8511228503045,65.2655103087751));
#11537=CARTESIAN_POINT('Ctrl Pts',(-51.2421409948692,96.6844920059806,65.2220413928645));
#11538=CARTESIAN_POINT('Ctrl Pts',(-50.6309687484407,96.6151895734514,65.2039624974221));
#11539=CARTESIAN_POINT('',(-55.056276260724,98.1165628087194,60.4282927657508));
#11540=CARTESIAN_POINT('',(-55.056276260724,96.8544533229843,65.266379127735));
#11541=CARTESIAN_POINT('Ctrl Pts',(-55.056276260724,98.1165628087194,60.4282927657508));
#11542=CARTESIAN_POINT('Ctrl Pts',(-54.1917514963682,98.1153347797378,60.4279724103643));
#11543=CARTESIAN_POINT('Ctrl Pts',(-52.7116442104558,98.1132323360395,60.4274239467909));
#11544=CARTESIAN_POINT('Ctrl Pts',(-51.2421409948692,97.9466014917157,60.3839550308803));
#11545=CARTESIAN_POINT('Ctrl Pts',(-50.6309687484407,97.8772990591864,60.3658761354379));
#11546=CARTESIAN_POINT('Origin',(-65.0494539130831,96.8544533229843,65.266379127735));
#11547=CARTESIAN_POINT('',(-65.0494539130831,96.8544533229843,65.266379127735));
#11548=CARTESIAN_POINT('',(-32.5247269565415,96.8544533229843,65.266379127735));
#11549=CARTESIAN_POINT('',(-65.0494539130831,98.1165628087194,60.4282927657508));
#11550=CARTESIAN_POINT('',(-65.0494539130831,96.8544533229843,65.266379127735));
#11551=CARTESIAN_POINT('',(-65.0494539130831,98.1165628087194,60.4282927657508));
#11552=CARTESIAN_POINT('Origin',(-65.0494539130831,72.6640215130632,58.95583169906));
#11553=CARTESIAN_POINT('',(-65.0494539130831,93.8320107565316,64.47791584953));
#11554=CARTESIAN_POINT('',(-65.0494539130831,73.9261309987983,54.1177453370758));
#11555=CARTESIAN_POINT('Origin',(-0.0511645663881133,66.9379675645117,52.2947461803054));
#11556=CARTESIAN_POINT('Origin',(0.,115.,70.));
#11557=CARTESIAN_POINT('',(-100.,0.,40.));
#11558=CARTESIAN_POINT('',(100.,0.,40.));
#11559=CARTESIAN_POINT('',(0.,0.,40.));
#11560=CARTESIAN_POINT('',(100.,115.,70.));
#11561=CARTESIAN_POINT('',(100.,0.,40.));
#11562=CARTESIAN_POINT('',(-100.,115.,70.));
#11563=CARTESIAN_POINT('',(0.,115.,70.));
#11564=CARTESIAN_POINT('',(-100.,0.,40.));
#11565=CARTESIAN_POINT('Origin',(0.,115.,70.));
#11566=CARTESIAN_POINT('Origin',(0.,115.,70.));
#11567=CARTESIAN_POINT('Origin',(0.,115.,70.));
#11568=CARTESIAN_POINT('Origin',(0.,115.,70.));
#11569=CARTESIAN_POINT('Origin',(0.,115.,70.));
#11570=CARTESIAN_POINT('Origin',(0.,115.,70.));
#11571=CARTESIAN_POINT('Origin',(0.,205.,70.));
#11572=CARTESIAN_POINT('',(5.,205.,80.));
#11573=CARTESIAN_POINT('Origin',(0.,205.,80.));
#11574=CARTESIAN_POINT('',(5.,205.,70.));
#11575=CARTESIAN_POINT('',(5.,205.,70.));
#11576=CARTESIAN_POINT('Origin',(0.,205.,70.));
#11577=CARTESIAN_POINT('Origin',(0.,205.,80.));
#11578=CARTESIAN_POINT('Origin',(70.,80.,0.));
#11579=CARTESIAN_POINT('',(45.,80.,-15.));
#11580=CARTESIAN_POINT('Origin',(70.,80.,-15.));
#11581=CARTESIAN_POINT('',(45.,80.,0.));
#11582=CARTESIAN_POINT('',(45.,80.,0.));
#11583=CARTESIAN_POINT('Origin',(70.,80.,0.));
#11584=CARTESIAN_POINT('Origin',(70.,80.,-15.));
#11585=CARTESIAN_POINT('Origin',(-70.,80.,0.));
#11586=CARTESIAN_POINT('',(-95.,80.,-15.));
#11587=CARTESIAN_POINT('Origin',(-70.,80.,-15.));
#11588=CARTESIAN_POINT('',(-95.,80.,0.));
#11589=CARTESIAN_POINT('',(-95.,80.,0.));
#11590=CARTESIAN_POINT('Origin',(-70.,80.,0.));
#11591=CARTESIAN_POINT('Origin',(-70.,80.,-15.));
#11592=CARTESIAN_POINT('Origin',(70.,275.,0.));
#11593=CARTESIAN_POINT('',(45.,275.,-15.));
#11594=CARTESIAN_POINT('Origin',(70.,275.,-15.));
#11595=CARTESIAN_POINT('',(45.,275.,0.));
#11596=CARTESIAN_POINT('',(45.,275.,0.));
#11597=CARTESIAN_POINT('',(55.,295.,0.));
#11598=CARTESIAN_POINT('Origin',(70.,275.,0.));
#11599=CARTESIAN_POINT('',(85.,295.,0.));
#11600=CARTESIAN_POINT('Origin',(70.,275.,0.));
#11601=CARTESIAN_POINT('Origin',(70.,275.,0.));
#11602=CARTESIAN_POINT('Origin',(70.,275.,-15.));
#11603=CARTESIAN_POINT('Origin',(70.,275.,0.));
#11604=CARTESIAN_POINT('',(0.,295.,0.));
#11605=CARTESIAN_POINT('Origin',(-70.,275.,0.));
#11606=CARTESIAN_POINT('',(-95.,275.,-15.));
#11607=CARTESIAN_POINT('Origin',(-70.,275.,-15.));
#11608=CARTESIAN_POINT('',(-95.,275.,0.));
#11609=CARTESIAN_POINT('',(-95.,275.,0.));
#11610=CARTESIAN_POINT('',(-85.,295.,0.));
#11611=CARTESIAN_POINT('Origin',(-70.,275.,0.));
#11612=CARTESIAN_POINT('',(-55.,295.,0.));
#11613=CARTESIAN_POINT('Origin',(-70.,275.,0.));
#11614=CARTESIAN_POINT('Origin',(-70.,275.,0.));
#11615=CARTESIAN_POINT('Origin',(-70.,275.,-15.));
#11616=CARTESIAN_POINT('Origin',(-70.,275.,0.));
#11617=CARTESIAN_POINT('',(0.,295.,0.));
#11618=CARTESIAN_POINT('Origin',(-100.,147.5,35.));
#11619=CARTESIAN_POINT('',(-100.,295.,70.));
#11620=CARTESIAN_POINT('',(-100.,295.,0.));
#11621=CARTESIAN_POINT('',(-100.,295.,70.));
#11622=CARTESIAN_POINT('',(-100.,0.,0.));
#11623=CARTESIAN_POINT('',(-100.,295.,0.));
#11624=CARTESIAN_POINT('',(-100.,0.,0.));
#11625=CARTESIAN_POINT('',(-100.,115.,70.));
#11626=CARTESIAN_POINT('Origin',(0.,0.,0.));
#11627=CARTESIAN_POINT('',(100.,295.,0.));
#11628=CARTESIAN_POINT('',(0.,295.,0.));
#11629=CARTESIAN_POINT('',(100.,0.,0.));
#11630=CARTESIAN_POINT('',(100.,295.,0.));
#11631=CARTESIAN_POINT('',(0.,0.,0.));
#11632=CARTESIAN_POINT('',(0.,295.,0.));
#11633=CARTESIAN_POINT('',(0.,295.,0.));
#11634=CARTESIAN_POINT('Origin',(0.,0.,40.));
#11635=CARTESIAN_POINT('',(100.,0.,0.));
#11636=CARTESIAN_POINT('Origin',(0.,115.,70.));
#11637=CARTESIAN_POINT('Origin',(0.,295.,70.));
#11638=CARTESIAN_POINT('',(100.,295.,70.));
#11639=CARTESIAN_POINT('',(100.,115.,70.));
#11640=CARTESIAN_POINT('',(0.,295.,70.));
#11641=CARTESIAN_POINT('Origin',(0.,295.,0.));
#11642=CARTESIAN_POINT('',(100.,295.,70.));
#11643=CARTESIAN_POINT('Origin',(100.,147.5,35.));
#11644=UNCERTAINTY_MEASURE_WITH_UNIT(LENGTH_MEASURE(0.01),#11648,
'DISTANCE_ACCURACY_VALUE',
'Maximum model space distance between geometric entities at asserted c
onnectivities');
#11645=UNCERTAINTY_MEASURE_WITH_UNIT(LENGTH_MEASURE(0.01),#11648,
'DISTANCE_ACCURACY_VALUE',
'Maximum model space distance between geometric entities at asserted c
onnectivities');
#11646=(
GEOMETRIC_REPRESENTATION_CONTEXT(3)
GLOBAL_UNCERTAINTY_ASSIGNED_CONTEXT((#11644))
GLOBAL_UNIT_ASSIGNED_CONTEXT((#11648,#11650,#11651))
REPRESENTATION_CONTEXT('','3D')
);
#11647=(
GEOMETRIC_REPRESENTATION_CONTEXT(3)
GLOBAL_UNCERTAINTY_ASSIGNED_CONTEXT((#11645))
GLOBAL_UNIT_ASSIGNED_CONTEXT((#11648,#11650,#11651))
REPRESENTATION_CONTEXT('','3D')
);
#11648=(
LENGTH_UNIT()
NAMED_UNIT(*)
SI_UNIT(.MILLI.,.METRE.)
);
#11649=(
LENGTH_UNIT()
NAMED_UNIT(*)
SI_UNIT($,.METRE.)
);
#11650=(
NAMED_UNIT(*)
PLANE_ANGLE_UNIT()
SI_UNIT($,.RADIAN.)
);
#11651=(
NAMED_UNIT(*)
SI_UNIT($,.STERADIAN.)
SOLID_ANGLE_UNIT()
);
#11652=SHAPE_DEFINITION_REPRESENTATION(#11653,#11654);
#11653=PRODUCT_DEFINITION_SHAPE('',$,#11656);
#11654=SHAPE_REPRESENTATION('',(#5752),#11646);
#11655=PRODUCT_DEFINITION_CONTEXT('part definition',#11660,'design');
#11656=PRODUCT_DEFINITION('Balance_EXA303','Balance_EXA303 v1',#11657,#11655);
#11657=PRODUCT_DEFINITION_FORMATION('',$,#11662);
#11658=PRODUCT_RELATED_PRODUCT_CATEGORY('Balance_EXA303 v1',
'Balance_EXA303 v1',(#11662));
#11659=APPLICATION_PROTOCOL_DEFINITION('international standard',
'automotive_design',2009,#11660);
#11660=APPLICATION_CONTEXT(
'Core Data for Automotive Mechanical Design Process');
#11661=PRODUCT_CONTEXT('part definition',#11660,'mechanical');
#11662=PRODUCT('Balance_EXA303','Balance_EXA303 v1',$,(#11661));
#11663=PRESENTATION_STYLE_ASSIGNMENT((#11664));
#11664=SURFACE_STYLE_USAGE(.BOTH.,#11665);
#11665=SURFACE_SIDE_STYLE('',(#11666));
#11666=SURFACE_STYLE_FILL_AREA(#11667);
#11667=FILL_AREA_STYLE('Steel - Satin',(#11668));
#11668=FILL_AREA_STYLE_COLOUR('Steel - Satin',#11669);
#11669=COLOUR_RGB('Steel - Satin',0.627450980392157,0.627450980392157,0.627450980392157);
ENDSEC;
END-ISO-10303-21;
