ISO-10303-21;
HEADER;
/* Generated by software containing ST-Developer
 * from STEP Tools, Inc. (www.steptools.com) 
 */

FILE_DESCRIPTION(
/* description */ (''),
/* implementation_level */ '2;1');

FILE_NAME(
/* name */ 'ASM_toolchanger motor with CNC.step',
/* time_stamp */ '2026-10-02T15:46:29-04:00',
/* author */ (''),
/* organization */ (''),
/* preprocessor_version */ 'ST-DEVELOPER v20.2',
/* originating_system */ 'Autodesk Translation Framework v15.15.0.0',
/* authorisation */ '');

FILE_SCHEMA (('AUTOMOTIVE_DESIGN { 1 0 10303 214 3 1 1 }'));
ENDSEC;

DATA;
#10=MECHANICAL_DESIGN_GEOMETRIC_PRESENTATION_REPRESENTATION('',(#50,#51,
#52),#5192);
#11=ITEM_DEFINED_TRANSFORMATION($,$,#2976,#3272);
#12=ITEM_DEFINED_TRANSFORMATION($,$,#3027,#3273);
#13=ITEM_DEFINED_TRANSFORMATION($,$,#3211,#3274);
#14=(
REPRESENTATION_RELATIONSHIP($,$,#5209,#5208)
REPRESENTATION_RELATIONSHIP_WITH_TRANSFORMATION(#11)
SHAPE_REPRESENTATION_RELATIONSHIP()
);
#15=(
REPRESENTATION_RELATIONSHIP($,$,#5210,#5208)
REPRESENTATION_RELATIONSHIP_WITH_TRANSFORMATION(#12)
SHAPE_REPRESENTATION_RELATIONSHIP()
);
#16=(
REPRESENTATION_RELATIONSHIP($,$,#5211,#5208)
REPRESENTATION_RELATIONSHIP_WITH_TRANSFORMATION(#13)
SHAPE_REPRESENTATION_RELATIONSHIP()
);
#17=CONTEXT_DEPENDENT_SHAPE_REPRESENTATION(#14,#5205);
#18=CONTEXT_DEPENDENT_SHAPE_REPRESENTATION(#15,#5206);
#19=CONTEXT_DEPENDENT_SHAPE_REPRESENTATION(#16,#5207);
#20=NEXT_ASSEMBLY_USAGE_OCCURRENCE(
'lock_actuator_motor_clip_with CNC v2:1',
'lock_actuator_motor_clip_with CNC v2:1',
'lock_actuator_motor_clip_with CNC v2:1',#5213,#5214,
'lock_actuator_motor_clip_with CNC v2:1');
#21=NEXT_ASSEMBLY_USAGE_OCCURRENCE(
'lock_actuator_base_plate_with CNC v4:1',
'lock_actuator_base_plate_with CNC v4:1',
'lock_actuator_base_plate_with CNC v4:1',#5213,#5215,
'lock_actuator_base_plate_with CNC v4:1');
#22=NEXT_ASSEMBLY_USAGE_OCCURRENCE('Base attached with CNC v5:1',
'Base attached with CNC v5:1','Base attached with CNC v5:1',#5213,#5216,
'Base attached with CNC v5:1');
#23=ELLIPSE('',#3214,2.09538182678003,2.);
#24=ELLIPSE('',#3226,2.09538182678003,2.);
#25=CONICAL_SURFACE('',#3040,1.80020909913894,0.0872977573345662);
#26=CONICAL_SURFACE('',#3042,1.80020909913894,0.0872977573345669);
#27=CONICAL_SURFACE('',#3106,2.8,0.785398163397451);
#28=CONICAL_SURFACE('',#3110,2.8,0.785398163397451);
#29=CONICAL_SURFACE('',#3116,1.85,0.785398163397448);
#30=CONICAL_SURFACE('',#3144,1.85,0.785398163397444);
#31=CONICAL_SURFACE('',#3151,1.85,0.785398163397448);
#32=B_SPLINE_CURVE_WITH_KNOTS('',3,(#4310,#4311,#4312,#4313,#4314,#4315,
#4316,#4317,#4318),.UNSPECIFIED.,.F.,.F.,(4,1,1,1,1,1,4),(-1.5555546114105,
-0.657956710384842,0.239641190640814,1.13723909166647,2.03483699269212,
2.93243489371778,3.22257506473441),.UNSPECIFIED.);
#33=B_SPLINE_CURVE_WITH_KNOTS('',3,(#4319,#4320,#4321,#4322,#4323),
 .UNSPECIFIED.,.F.,.F.,(4,1,4),(3.22257506473441,3.83003279474343,4.72763069576909),
 .UNSPECIFIED.);
#34=B_SPLINE_CURVE_WITH_KNOTS('',3,(#4324,#4325,#4326,#4327,#4328,#4329,
#4330,#4331,#4332,#4333),.UNSPECIFIED.,.T.,.F.,(4,1,1,1,1,1,1,4),(-4.72763069576909,
-3.83003279474343,-2.93243489371778,-2.03483699269212,-1.13723909166647,
-0.239641190640814,0.657956710384842,1.5555546114105),.UNSPECIFIED.);
#35=B_SPLINE_CURVE_WITH_KNOTS('',3,(#4360,#4361,#4362,#4363,#4364,#4365,
#4366,#4367,#4368,#4369),.UNSPECIFIED.,.T.,.F.,(4,1,1,1,1,1,1,4),(-7.86922334935893,
-6.97162544833327,-6.07402754730762,-5.17642964628196,-4.2788317452563,
-3.38123384423065,-2.48363594320499,-1.58603804217934),.UNSPECIFIED.);
#36=B_SPLINE_CURVE_WITH_KNOTS('',3,(#4431,#4432,#4433,#4434,#4435),
 .UNSPECIFIED.,.F.,.F.,(4,1,4),(1.58603804217934,2.48363594320499,3.2225750647338),
 .UNSPECIFIED.);
#37=B_SPLINE_CURVE_WITH_KNOTS('',3,(#4436,#4437,#4438,#4439,#4440,#4441,
#4442,#4443,#4444),.UNSPECIFIED.,.F.,.F.,(4,1,1,1,1,1,4),(3.2225750647338,
3.38123384423065,4.2788317452563,5.17642964628196,6.07402754730762,6.97162544833327,
7.86922334935893),.UNSPECIFIED.);
#38=B_SPLINE_CURVE_WITH_KNOTS('',3,(#4883,#4884,#4885,#4886,#4887,#4888,
#4889,#4890,#4891,#4892,#4893,#4894,#4895,#4896,#4897,#4898,#4899,#4900),
 .UNSPECIFIED.,.F.,.F.,(4,2,2,2,2,2,2,2,4),(0.,0.050372017449306,0.100744034898612,
0.160495972140682,0.220247909382752,0.281936638775003,0.343625368167255,
0.394267150869124,0.444908933570994),.UNSPECIFIED.);
#39=B_SPLINE_CURVE_WITH_KNOTS('',3,(#4901,#4902,#4903,#4904,#4905,#4906,
#4907,#4908,#4909,#4910,#4911,#4912,#4913,#4914,#4915,#4916,#4917,#4918),
 .UNSPECIFIED.,.F.,.F.,(4,2,2,2,2,2,2,2,4),(0.444908933570994,0.495550716272863,
0.546192498974733,0.607881228366984,0.669569957759236,0.729321895001306,
0.789073832243375,0.839445849692682,0.889817867141988),.UNSPECIFIED.);
#40=B_SPLINE_CURVE_WITH_KNOTS('',3,(#4923,#4924,#4925,#4926,#4927,#4928,
#4929,#4930,#4931,#4932,#4933,#4934,#4935,#4936,#4937,#4938,#4939,#4940),
 .UNSPECIFIED.,.F.,.F.,(4,2,2,2,2,2,2,2,4),(0.,0.0506417827018697,0.101283565403739,
0.162972294795991,0.224661024188243,0.284412961430313,0.344164898672383,
0.394536916121689,0.444908933570995),.UNSPECIFIED.);
#41=B_SPLINE_CURVE_WITH_KNOTS('',3,(#4941,#4942,#4943,#4944,#4945,#4946,
#4947,#4948,#4949,#4950,#4951,#4952,#4953,#4954,#4955,#4956,#4957,#4958),
 .UNSPECIFIED.,.F.,.F.,(4,2,2,2,2,2,2,2,4),(0.444908933570995,0.495280951020302,
0.545652968469608,0.605404905711678,0.665156842953748,0.726845572346,0.788534301738252,
0.839176084440121,0.889817867141991),.UNSPECIFIED.);
#42=B_SPLINE_SURFACE_WITH_KNOTS('',3,3,((#4266,#4267,#4268,#4269,#4270,
#4271,#4272,#4273,#4274,#4275),(#4276,#4277,#4278,#4279,#4280,#4281,#4282,
#4283,#4284,#4285),(#4286,#4287,#4288,#4289,#4290,#4291,#4292,#4293,#4294,
#4295),(#4296,#4297,#4298,#4299,#4300,#4301,#4302,#4303,#4304,#4305)),
 .UNSPECIFIED.,.F.,.T.,.F.,(4,4),(4,1,1,1,1,1,1,4),(0.,1.),(-1.5555546114105,
-0.657956710384842,0.239641190640814,1.13723909166647,2.03483699269212,
2.93243489371778,3.83003279474343,4.72763069576909),.UNSPECIFIED.);
#43=B_SPLINE_SURFACE_WITH_KNOTS('',3,3,((#4388,#4389,#4390,#4391,#4392,
#4393,#4394,#4395,#4396,#4397),(#4398,#4399,#4400,#4401,#4402,#4403,#4404,
#4405,#4406,#4407),(#4408,#4409,#4410,#4411,#4412,#4413,#4414,#4415,#4416,
#4417),(#4418,#4419,#4420,#4421,#4422,#4423,#4424,#4425,#4426,#4427)),
 .UNSPECIFIED.,.F.,.T.,.F.,(4,4),(4,1,1,1,1,1,1,4),(0.,1.),(1.58603804217934,
2.48363594320499,3.38123384423065,4.2788317452563,5.17642964628196,6.07402754730762,
6.97162544833327,7.86922334935893),.UNSPECIFIED.);
#44=SHAPE_REPRESENTATION_RELATIONSHIP('SRR','None',#5209,#47);
#45=SHAPE_REPRESENTATION_RELATIONSHIP('SRR','None',#5210,#48);
#46=SHAPE_REPRESENTATION_RELATIONSHIP('SRR','None',#5211,#49);
#47=ADVANCED_BREP_SHAPE_REPRESENTATION('',(#53),#5189);
#48=ADVANCED_BREP_SHAPE_REPRESENTATION('',(#54),#5190);
#49=ADVANCED_BREP_SHAPE_REPRESENTATION('',(#55),#5191);
#50=STYLED_ITEM('',(#5232),#53);
#51=STYLED_ITEM('',(#5232),#54);
#52=STYLED_ITEM('',(#5232),#55);
#53=MANIFOLD_SOLID_BREP('Body1',#2938);
#54=MANIFOLD_SOLID_BREP('Body1',#2939);
#55=MANIFOLD_SOLID_BREP('Body1',#2940);
#56=FACE_BOUND('',#938,.T.);
#57=FACE_BOUND('',#939,.T.);
#58=FACE_BOUND('',#942,.T.);
#59=FACE_BOUND('',#960,.T.);
#60=FACE_BOUND('',#961,.T.);
#61=FACE_BOUND('',#964,.T.);
#62=FACE_BOUND('',#965,.T.);
#63=FACE_BOUND('',#968,.T.);
#64=FACE_BOUND('',#969,.T.);
#65=FACE_BOUND('',#970,.T.);
#66=FACE_BOUND('',#971,.T.);
#67=FACE_BOUND('',#972,.T.);
#68=FACE_BOUND('',#973,.T.);
#69=FACE_BOUND('',#974,.T.);
#70=FACE_BOUND('',#975,.T.);
#71=FACE_BOUND('',#976,.T.);
#72=FACE_BOUND('',#982,.T.);
#73=FACE_BOUND('',#983,.T.);
#74=FACE_BOUND('',#986,.T.);
#75=FACE_BOUND('',#987,.T.);
#76=FACE_BOUND('',#995,.T.);
#77=FACE_BOUND('',#998,.T.);
#78=FACE_BOUND('',#1022,.T.);
#79=FACE_BOUND('',#1023,.T.);
#80=FACE_BOUND('',#1072,.T.);
#81=FACE_BOUND('',#1073,.T.);
#82=FACE_BOUND('',#1079,.T.);
#83=FACE_BOUND('',#1080,.T.);
#84=FACE_BOUND('',#1083,.T.);
#85=FACE_BOUND('',#1094,.T.);
#86=FACE_BOUND('',#1095,.T.);
#87=FACE_BOUND('',#1096,.T.);
#88=FACE_BOUND('',#1125,.T.);
#89=FACE_BOUND('',#1126,.T.);
#90=PLANE('',#2984);
#91=PLANE('',#2993);
#92=PLANE('',#2997);
#93=PLANE('',#3002);
#94=PLANE('',#3005);
#95=PLANE('',#3016);
#96=PLANE('',#3019);
#97=PLANE('',#3022);
#98=PLANE('',#3023);
#99=PLANE('',#3024);
#100=PLANE('',#3025);
#101=PLANE('',#3026);
#102=PLANE('',#3028);
#103=PLANE('',#3047);
#104=PLANE('',#3053);
#105=PLANE('',#3056);
#106=PLANE('',#3062);
#107=PLANE('',#3066);
#108=PLANE('',#3072);
#109=PLANE('',#3073);
#110=PLANE('',#3083);
#111=PLANE('',#3087);
#112=PLANE('',#3090);
#113=PLANE('',#3091);
#114=PLANE('',#3103);
#115=PLANE('',#3114);
#116=PLANE('',#3115);
#117=PLANE('',#3124);
#118=PLANE('',#3126);
#119=PLANE('',#3127);
#120=PLANE('',#3128);
#121=PLANE('',#3129);
#122=PLANE('',#3130);
#123=PLANE('',#3131);
#124=PLANE('',#3132);
#125=PLANE('',#3134);
#126=PLANE('',#3135);
#127=PLANE('',#3136);
#128=PLANE('',#3138);
#129=PLANE('',#3143);
#130=PLANE('',#3158);
#131=PLANE('',#3159);
#132=PLANE('',#3160);
#133=PLANE('',#3161);
#134=PLANE('',#3162);
#135=PLANE('',#3163);
#136=PLANE('',#3164);
#137=PLANE('',#3165);
#138=PLANE('',#3166);
#139=PLANE('',#3167);
#140=PLANE('',#3168);
#141=PLANE('',#3169);
#142=PLANE('',#3170);
#143=PLANE('',#3172);
#144=PLANE('',#3174);
#145=PLANE('',#3175);
#146=PLANE('',#3176);
#147=PLANE('',#3178);
#148=PLANE('',#3179);
#149=PLANE('',#3181);
#150=PLANE('',#3182);
#151=PLANE('',#3185);
#152=PLANE('',#3188);
#153=PLANE('',#3192);
#154=PLANE('',#3197);
#155=PLANE('',#3201);
#156=PLANE('',#3202);
#157=PLANE('',#3204);
#158=PLANE('',#3205);
#159=PLANE('',#3209);
#160=PLANE('',#3210);
#161=PLANE('',#3215);
#162=PLANE('',#3219);
#163=PLANE('',#3223);
#164=PLANE('',#3227);
#165=PLANE('',#3231);
#166=PLANE('',#3237);
#167=PLANE('',#3242);
#168=PLANE('',#3244);
#169=PLANE('',#3246);
#170=PLANE('',#3249);
#171=PLANE('',#3252);
#172=PLANE('',#3253);
#173=PLANE('',#3254);
#174=PLANE('',#3255);
#175=PLANE('',#3256);
#176=PLANE('',#3257);
#177=PLANE('',#3258);
#178=PLANE('',#3259);
#179=PLANE('',#3260);
#180=PLANE('',#3261);
#181=PLANE('',#3262);
#182=PLANE('',#3263);
#183=PLANE('',#3264);
#184=PLANE('',#3265);
#185=PLANE('',#3266);
#186=PLANE('',#3267);
#187=PLANE('',#3268);
#188=PLANE('',#3269);
#189=PLANE('',#3270);
#190=PLANE('',#3271);
#191=LINE('',#4157,#460);
#192=LINE('',#4160,#461);
#193=LINE('',#4163,#462);
#194=LINE('',#4167,#463);
#195=LINE('',#4171,#464);
#196=LINE('',#4183,#465);
#197=LINE('',#4187,#466);
#198=LINE('',#4190,#467);
#199=LINE('',#4195,#468);
#200=LINE('',#4197,#469);
#201=LINE('',#4199,#470);
#202=LINE('',#4201,#471);
#203=LINE('',#4202,#472);
#204=LINE('',#4206,#473);
#205=LINE('',#4209,#474);
#206=LINE('',#4213,#475);
#207=LINE('',#4214,#476);
#208=LINE('',#4217,#477);
#209=LINE('',#4220,#478);
#210=LINE('',#4223,#479);
#211=LINE('',#4225,#480);
#212=LINE('',#4227,#481);
#213=LINE('',#4228,#482);
#214=LINE('',#4235,#483);
#215=LINE('',#4241,#484);
#216=LINE('',#4245,#485);
#217=LINE('',#4250,#486);
#218=LINE('',#4255,#487);
#219=LINE('',#4259,#488);
#220=LINE('',#4260,#489);
#221=LINE('',#4262,#490);
#222=LINE('',#4308,#491);
#223=LINE('',#4339,#492);
#224=LINE('',#4343,#493);
#225=LINE('',#4347,#494);
#226=LINE('',#4349,#495);
#227=LINE('',#4351,#496);
#228=LINE('',#4353,#497);
#229=LINE('',#4355,#498);
#230=LINE('',#4358,#499);
#231=LINE('',#4386,#500);
#232=LINE('',#4429,#501);
#233=LINE('',#4447,#502);
#234=LINE('',#4454,#503);
#235=LINE('',#4457,#504);
#236=LINE('',#4460,#505);
#237=LINE('',#4461,#506);
#238=LINE('',#4463,#507);
#239=LINE('',#4465,#508);
#240=LINE('',#4468,#509);
#241=LINE('',#4476,#510);
#242=LINE('',#4479,#511);
#243=LINE('',#4481,#512);
#244=LINE('',#4483,#513);
#245=LINE('',#4484,#514);
#246=LINE('',#4487,#515);
#247=LINE('',#4489,#516);
#248=LINE('',#4491,#517);
#249=LINE('',#4492,#518);
#250=LINE('',#4495,#519);
#251=LINE('',#4497,#520);
#252=LINE('',#4499,#521);
#253=LINE('',#4500,#522);
#254=LINE('',#4504,#523);
#255=LINE('',#4507,#524);
#256=LINE('',#4508,#525);
#257=LINE('',#4512,#526);
#258=LINE('',#4518,#527);
#259=LINE('',#4521,#528);
#260=LINE('',#4523,#529);
#261=LINE('',#4524,#530);
#262=LINE('',#4530,#531);
#263=LINE('',#4533,#532);
#264=LINE('',#4537,#533);
#265=LINE('',#4543,#534);
#266=LINE('',#4547,#535);
#267=LINE('',#4549,#536);
#268=LINE('',#4550,#537);
#269=LINE('',#4553,#538);
#270=LINE('',#4562,#539);
#271=LINE('',#4568,#540);
#272=LINE('',#4571,#541);
#273=LINE('',#4574,#542);
#274=LINE('',#4579,#543);
#275=LINE('',#4593,#544);
#276=LINE('',#4597,#545);
#277=LINE('',#4607,#546);
#278=LINE('',#4611,#547);
#279=LINE('',#4615,#548);
#280=LINE('',#4619,#549);
#281=LINE('',#4627,#550);
#282=LINE('',#4631,#551);
#283=LINE('',#4645,#552);
#284=LINE('',#4647,#553);
#285=LINE('',#4648,#554);
#286=LINE('',#4650,#555);
#287=LINE('',#4651,#556);
#288=LINE('',#4655,#557);
#289=LINE('',#4657,#558);
#290=LINE('',#4658,#559);
#291=LINE('',#4660,#560);
#292=LINE('',#4661,#561);
#293=LINE('',#4663,#562);
#294=LINE('',#4665,#563);
#295=LINE('',#4667,#564);
#296=LINE('',#4669,#565);
#297=LINE('',#4672,#566);
#298=LINE('',#4675,#567);
#299=LINE('',#4679,#568);
#300=LINE('',#4681,#569);
#301=LINE('',#4682,#570);
#302=LINE('',#4683,#571);
#303=LINE('',#4686,#572);
#304=LINE('',#4688,#573);
#305=LINE('',#4690,#574);
#306=LINE('',#4691,#575);
#307=LINE('',#4699,#576);
#308=LINE('',#4704,#577);
#309=LINE('',#4708,#578);
#310=LINE('',#4718,#579);
#311=LINE('',#4722,#580);
#312=LINE('',#4733,#581);
#313=LINE('',#4735,#582);
#314=LINE('',#4736,#583);
#315=LINE('',#4738,#584);
#316=LINE('',#4739,#585);
#317=LINE('',#4743,#586);
#318=LINE('',#4745,#587);
#319=LINE('',#4746,#588);
#320=LINE('',#4748,#589);
#321=LINE('',#4749,#590);
#322=LINE('',#4751,#591);
#323=LINE('',#4753,#592);
#324=LINE('',#4755,#593);
#325=LINE('',#4757,#594);
#326=LINE('',#4761,#595);
#327=LINE('',#4763,#596);
#328=LINE('',#4764,#597);
#329=LINE('',#4766,#598);
#330=LINE('',#4767,#599);
#331=LINE('',#4771,#600);
#332=LINE('',#4773,#601);
#333=LINE('',#4774,#602);
#334=LINE('',#4776,#603);
#335=LINE('',#4777,#604);
#336=LINE('',#4779,#605);
#337=LINE('',#4781,#606);
#338=LINE('',#4783,#607);
#339=LINE('',#4785,#608);
#340=LINE('',#4788,#609);
#341=LINE('',#4791,#610);
#342=LINE('',#4794,#611);
#343=LINE('',#4797,#612);
#344=LINE('',#4801,#613);
#345=LINE('',#4803,#614);
#346=LINE('',#4804,#615);
#347=LINE('',#4805,#616);
#348=LINE('',#4808,#617);
#349=LINE('',#4810,#618);
#350=LINE('',#4812,#619);
#351=LINE('',#4813,#620);
#352=LINE('',#4819,#621);
#353=LINE('',#4821,#622);
#354=LINE('',#4822,#623);
#355=LINE('',#4823,#624);
#356=LINE('',#4827,#625);
#357=LINE('',#4830,#626);
#358=LINE('',#4832,#627);
#359=LINE('',#4833,#628);
#360=LINE('',#4845,#629);
#361=LINE('',#4849,#630);
#362=LINE('',#4850,#631);
#363=LINE('',#4855,#632);
#364=LINE('',#4862,#633);
#365=LINE('',#4869,#634);
#366=LINE('',#4871,#635);
#367=LINE('',#4872,#636);
#368=LINE('',#4875,#637);
#369=LINE('',#4876,#638);
#370=LINE('',#4878,#639);
#371=LINE('',#4881,#640);
#372=LINE('',#4921,#641);
#373=LINE('',#4960,#642);
#374=LINE('',#4962,#643);
#375=LINE('',#4970,#644);
#376=LINE('',#4973,#645);
#377=LINE('',#4976,#646);
#378=LINE('',#4978,#647);
#379=LINE('',#4980,#648);
#380=LINE('',#4981,#649);
#381=LINE('',#4986,#650);
#382=LINE('',#4990,#651);
#383=LINE('',#4992,#652);
#384=LINE('',#4993,#653);
#385=LINE('',#4998,#654);
#386=LINE('',#5002,#655);
#387=LINE('',#5004,#656);
#388=LINE('',#5005,#657);
#389=LINE('',#5011,#658);
#390=LINE('',#5014,#659);
#391=LINE('',#5016,#660);
#392=LINE('',#5017,#661);
#393=LINE('',#5023,#662);
#394=LINE('',#5026,#663);
#395=LINE('',#5032,#664);
#396=LINE('',#5034,#665);
#397=LINE('',#5036,#666);
#398=LINE('',#5039,#667);
#399=LINE('',#5045,#668);
#400=LINE('',#5047,#669);
#401=LINE('',#5050,#670);
#402=LINE('',#5051,#671);
#403=LINE('',#5058,#672);
#404=LINE('',#5059,#673);
#405=LINE('',#5062,#674);
#406=LINE('',#5064,#675);
#407=LINE('',#5065,#676);
#408=LINE('',#5067,#677);
#409=LINE('',#5071,#678);
#410=LINE('',#5072,#679);
#411=LINE('',#5074,#680);
#412=LINE('',#5076,#681);
#413=LINE('',#5078,#682);
#414=LINE('',#5081,#683);
#415=LINE('',#5086,#684);
#416=LINE('',#5092,#685);
#417=LINE('',#5094,#686);
#418=LINE('',#5096,#687);
#419=LINE('',#5097,#688);
#420=LINE('',#5100,#689);
#421=LINE('',#5102,#690);
#422=LINE('',#5103,#691);
#423=LINE('',#5106,#692);
#424=LINE('',#5108,#693);
#425=LINE('',#5109,#694);
#426=LINE('',#5112,#695);
#427=LINE('',#5114,#696);
#428=LINE('',#5115,#697);
#429=LINE('',#5118,#698);
#430=LINE('',#5120,#699);
#431=LINE('',#5121,#700);
#432=LINE('',#5123,#701);
#433=LINE('',#5124,#702);
#434=LINE('',#5129,#703);
#435=LINE('',#5131,#704);
#436=LINE('',#5133,#705);
#437=LINE('',#5134,#706);
#438=LINE('',#5137,#707);
#439=LINE('',#5139,#708);
#440=LINE('',#5140,#709);
#441=LINE('',#5143,#710);
#442=LINE('',#5145,#711);
#443=LINE('',#5146,#712);
#444=LINE('',#5149,#713);
#445=LINE('',#5151,#714);
#446=LINE('',#5152,#715);
#447=LINE('',#5155,#716);
#448=LINE('',#5157,#717);
#449=LINE('',#5158,#718);
#450=LINE('',#5160,#719);
#451=LINE('',#5161,#720);
#452=LINE('',#5166,#721);
#453=LINE('',#5168,#722);
#454=LINE('',#5170,#723);
#455=LINE('',#5171,#724);
#456=LINE('',#5173,#725);
#457=LINE('',#5174,#726);
#458=LINE('',#5176,#727);
#459=LINE('',#5177,#728);
#460=VECTOR('',#3291,10.);
#461=VECTOR('',#3294,10.);
#462=VECTOR('',#3297,10.);
#463=VECTOR('',#3300,10.);
#464=VECTOR('',#3303,10.);
#465=VECTOR('',#3318,10.);
#466=VECTOR('',#3321,10.);
#467=VECTOR('',#3324,10.);
#468=VECTOR('',#3329,10.);
#469=VECTOR('',#3330,10.);
#470=VECTOR('',#3331,10.);
#471=VECTOR('',#3332,10.);
#472=VECTOR('',#3333,10.);
#473=VECTOR('',#3338,10.);
#474=VECTOR('',#3341,10.);
#475=VECTOR('',#3346,10.);
#476=VECTOR('',#3347,10.);
#477=VECTOR('',#3350,10.);
#478=VECTOR('',#3353,10.);
#479=VECTOR('',#3356,10.);
#480=VECTOR('',#3357,10.);
#481=VECTOR('',#3358,10.);
#482=VECTOR('',#3359,10.);
#483=VECTOR('',#3368,1.75);
#484=VECTOR('',#3375,1.75);
#485=VECTOR('',#3380,2.55);
#486=VECTOR('',#3387,2.55);
#487=VECTOR('',#3394,2.55);
#488=VECTOR('',#3401,10.);
#489=VECTOR('',#3402,10.);
#490=VECTOR('',#3405,10.);
#491=VECTOR('',#3412,10.);
#492=VECTOR('',#3417,10.);
#493=VECTOR('',#3420,10.);
#494=VECTOR('',#3423,10.);
#495=VECTOR('',#3424,10.);
#496=VECTOR('',#3425,10.);
#497=VECTOR('',#3426,10.);
#498=VECTOR('',#3427,10.);
#499=VECTOR('',#3430,10.);
#500=VECTOR('',#3447,1.80020909913894);
#501=VECTOR('',#3450,10.);
#502=VECTOR('',#3453,1.80020909913894);
#503=VECTOR('',#3460,10.);
#504=VECTOR('',#3463,10.);
#505=VECTOR('',#3466,10.);
#506=VECTOR('',#3467,10.);
#507=VECTOR('',#3468,10.);
#508=VECTOR('',#3469,10.);
#509=VECTOR('',#3472,10.);
#510=VECTOR('',#3481,10.);
#511=VECTOR('',#3484,10.);
#512=VECTOR('',#3485,10.);
#513=VECTOR('',#3486,10.);
#514=VECTOR('',#3487,10.);
#515=VECTOR('',#3488,10.);
#516=VECTOR('',#3489,10.);
#517=VECTOR('',#3490,10.);
#518=VECTOR('',#3491,10.);
#519=VECTOR('',#3492,10.);
#520=VECTOR('',#3493,10.);
#521=VECTOR('',#3494,10.);
#522=VECTOR('',#3495,10.);
#523=VECTOR('',#3500,10.);
#524=VECTOR('',#3503,10.);
#525=VECTOR('',#3504,10.);
#526=VECTOR('',#3509,10.);
#527=VECTOR('',#3514,10.);
#528=VECTOR('',#3517,10.);
#529=VECTOR('',#3520,10.);
#530=VECTOR('',#3521,10.);
#531=VECTOR('',#3528,10.);
#532=VECTOR('',#3531,10.);
#533=VECTOR('',#3534,10.);
#534=VECTOR('',#3541,10.);
#535=VECTOR('',#3546,10.);
#536=VECTOR('',#3547,10.);
#537=VECTOR('',#3548,10.);
#538=VECTOR('',#3551,10.);
#539=VECTOR('',#3564,10.);
#540=VECTOR('',#3573,10.);
#541=VECTOR('',#3576,10.);
#542=VECTOR('',#3579,1.5);
#543=VECTOR('',#3586,1.5);
#544=VECTOR('',#3605,10.);
#545=VECTOR('',#3610,10.);
#546=VECTOR('',#3625,2.8);
#547=VECTOR('',#3630,2.55);
#548=VECTOR('',#3635,2.8);
#549=VECTOR('',#3640,2.55);
#550=VECTOR('',#3651,1.85);
#551=VECTOR('',#3656,1.6);
#552=VECTOR('',#3671,10.);
#553=VECTOR('',#3672,10.);
#554=VECTOR('',#3673,10.);
#555=VECTOR('',#3674,10.);
#556=VECTOR('',#3675,10.);
#557=VECTOR('',#3678,10.);
#558=VECTOR('',#3679,10.);
#559=VECTOR('',#3680,10.);
#560=VECTOR('',#3681,10.);
#561=VECTOR('',#3682,10.);
#562=VECTOR('',#3685,10.);
#563=VECTOR('',#3688,10.);
#564=VECTOR('',#3691,10.);
#565=VECTOR('',#3694,10.);
#566=VECTOR('',#3697,10.);
#567=VECTOR('',#3700,10.);
#568=VECTOR('',#3703,10.);
#569=VECTOR('',#3704,10.);
#570=VECTOR('',#3705,10.);
#571=VECTOR('',#3706,10.);
#572=VECTOR('',#3709,10.);
#573=VECTOR('',#3710,10.);
#574=VECTOR('',#3711,10.);
#575=VECTOR('',#3712,10.);
#576=VECTOR('',#3725,3.);
#577=VECTOR('',#3732,1.85);
#578=VECTOR('',#3737,1.6);
#579=VECTOR('',#3748,1.85);
#580=VECTOR('',#3753,1.6);
#581=VECTOR('',#3764,10.);
#582=VECTOR('',#3765,10.);
#583=VECTOR('',#3766,10.);
#584=VECTOR('',#3767,10.);
#585=VECTOR('',#3768,10.);
#586=VECTOR('',#3771,10.);
#587=VECTOR('',#3772,10.);
#588=VECTOR('',#3773,10.);
#589=VECTOR('',#3774,10.);
#590=VECTOR('',#3775,10.);
#591=VECTOR('',#3778,10.);
#592=VECTOR('',#3781,10.);
#593=VECTOR('',#3784,10.);
#594=VECTOR('',#3787,10.);
#595=VECTOR('',#3790,10.);
#596=VECTOR('',#3791,10.);
#597=VECTOR('',#3792,10.);
#598=VECTOR('',#3793,10.);
#599=VECTOR('',#3794,10.);
#600=VECTOR('',#3797,10.);
#601=VECTOR('',#3798,10.);
#602=VECTOR('',#3799,10.);
#603=VECTOR('',#3800,10.);
#604=VECTOR('',#3801,10.);
#605=VECTOR('',#3804,10.);
#606=VECTOR('',#3807,10.);
#607=VECTOR('',#3810,10.);
#608=VECTOR('',#3813,10.);
#609=VECTOR('',#3816,10.);
#610=VECTOR('',#3819,10.);
#611=VECTOR('',#3822,10.);
#612=VECTOR('',#3825,10.);
#613=VECTOR('',#3828,10.);
#614=VECTOR('',#3829,10.);
#615=VECTOR('',#3830,10.);
#616=VECTOR('',#3831,10.);
#617=VECTOR('',#3834,10.);
#618=VECTOR('',#3835,10.);
#619=VECTOR('',#3836,10.);
#620=VECTOR('',#3837,10.);
#621=VECTOR('',#3844,10.);
#622=VECTOR('',#3845,10.);
#623=VECTOR('',#3846,10.);
#624=VECTOR('',#3847,10.);
#625=VECTOR('',#3852,10.);
#626=VECTOR('',#3855,10.);
#627=VECTOR('',#3856,10.);
#628=VECTOR('',#3857,10.);
#629=VECTOR('',#3876,3.);
#630=VECTOR('',#3883,3.);
#631=VECTOR('',#3884,3.);
#632=VECTOR('',#3889,0.800000000000001);
#633=VECTOR('',#3898,0.800000000000001);
#634=VECTOR('',#3907,10.);
#635=VECTOR('',#3908,10.);
#636=VECTOR('',#3909,10.);
#637=VECTOR('',#3912,10.);
#638=VECTOR('',#3913,10.);
#639=VECTOR('',#3916,10.);
#640=VECTOR('',#3919,1.35);
#641=VECTOR('',#3922,1.35);
#642=VECTOR('',#3925,10.);
#643=VECTOR('',#3928,10.);
#644=VECTOR('',#3937,10.);
#645=VECTOR('',#3940,10.);
#646=VECTOR('',#3943,10.);
#647=VECTOR('',#3944,10.);
#648=VECTOR('',#3945,10.);
#649=VECTOR('',#3946,10.);
#650=VECTOR('',#3951,10.);
#651=VECTOR('',#3956,10.);
#652=VECTOR('',#3957,10.);
#653=VECTOR('',#3958,10.);
#654=VECTOR('',#3963,10.);
#655=VECTOR('',#3968,10.);
#656=VECTOR('',#3969,10.);
#657=VECTOR('',#3970,10.);
#658=VECTOR('',#3975,10.);
#659=VECTOR('',#3978,10.);
#660=VECTOR('',#3981,10.);
#661=VECTOR('',#3982,10.);
#662=VECTOR('',#3987,10.);
#663=VECTOR('',#3990,10.);
#664=VECTOR('',#3995,10.);
#665=VECTOR('',#3996,10.);
#666=VECTOR('',#3997,10.);
#667=VECTOR('',#4000,10.);
#668=VECTOR('',#4005,10.);
#669=VECTOR('',#4008,10.);
#670=VECTOR('',#4011,10.);
#671=VECTOR('',#4012,10.);
#672=VECTOR('',#4021,10.);
#673=VECTOR('',#4022,10.);
#674=VECTOR('',#4025,10.);
#675=VECTOR('',#4026,10.);
#676=VECTOR('',#4027,10.);
#677=VECTOR('',#4028,10.);
#678=VECTOR('',#4031,10.);
#679=VECTOR('',#4032,10.);
#680=VECTOR('',#4035,10.);
#681=VECTOR('',#4038,10.);
#682=VECTOR('',#4041,10.);
#683=VECTOR('',#4044,2.4);
#684=VECTOR('',#4051,2.4);
#685=VECTOR('',#4058,10.);
#686=VECTOR('',#4059,10.);
#687=VECTOR('',#4060,10.);
#688=VECTOR('',#4061,10.);
#689=VECTOR('',#4064,10.);
#690=VECTOR('',#4065,10.);
#691=VECTOR('',#4066,10.);
#692=VECTOR('',#4069,10.);
#693=VECTOR('',#4070,10.);
#694=VECTOR('',#4071,10.);
#695=VECTOR('',#4074,10.);
#696=VECTOR('',#4075,10.);
#697=VECTOR('',#4076,10.);
#698=VECTOR('',#4079,10.);
#699=VECTOR('',#4080,10.);
#700=VECTOR('',#4081,10.);
#701=VECTOR('',#4084,10.);
#702=VECTOR('',#4085,10.);
#703=VECTOR('',#4090,10.);
#704=VECTOR('',#4091,10.);
#705=VECTOR('',#4092,10.);
#706=VECTOR('',#4093,10.);
#707=VECTOR('',#4096,10.);
#708=VECTOR('',#4097,10.);
#709=VECTOR('',#4098,10.);
#710=VECTOR('',#4101,10.);
#711=VECTOR('',#4102,10.);
#712=VECTOR('',#4103,10.);
#713=VECTOR('',#4106,10.);
#714=VECTOR('',#4107,10.);
#715=VECTOR('',#4108,10.);
#716=VECTOR('',#4111,10.);
#717=VECTOR('',#4112,10.);
#718=VECTOR('',#4113,10.);
#719=VECTOR('',#4116,10.);
#720=VECTOR('',#4117,10.);
#721=VECTOR('',#4122,10.);
#722=VECTOR('',#4123,10.);
#723=VECTOR('',#4124,10.);
#724=VECTOR('',#4125,10.);
#725=VECTOR('',#4128,10.);
#726=VECTOR('',#4129,10.);
#727=VECTOR('',#4132,10.);
#728=VECTOR('',#4133,10.);
#729=CYLINDRICAL_SURFACE('',#2982,14.);
#730=CYLINDRICAL_SURFACE('',#2998,2.);
#731=CYLINDRICAL_SURFACE('',#3000,2.);
#732=CYLINDRICAL_SURFACE('',#3003,2.);
#733=CYLINDRICAL_SURFACE('',#3006,2.);
#734=CYLINDRICAL_SURFACE('',#3008,1.75);
#735=CYLINDRICAL_SURFACE('',#3011,1.75);
#736=CYLINDRICAL_SURFACE('',#3014,2.55);
#737=CYLINDRICAL_SURFACE('',#3017,2.55);
#738=CYLINDRICAL_SURFACE('',#3020,2.55);
#739=CYLINDRICAL_SURFACE('',#3044,2.);
#740=CYLINDRICAL_SURFACE('',#3051,2.);
#741=CYLINDRICAL_SURFACE('',#3054,2.);
#742=CYLINDRICAL_SURFACE('',#3057,2.);
#743=CYLINDRICAL_SURFACE('',#3059,2.);
#744=CYLINDRICAL_SURFACE('',#3063,2.);
#745=CYLINDRICAL_SURFACE('',#3070,2.);
#746=CYLINDRICAL_SURFACE('',#3078,14.);
#747=CYLINDRICAL_SURFACE('',#3085,1.5);
#748=CYLINDRICAL_SURFACE('',#3088,1.5);
#749=CYLINDRICAL_SURFACE('',#3097,4.);
#750=CYLINDRICAL_SURFACE('',#3099,4.);
#751=CYLINDRICAL_SURFACE('',#3101,2.);
#752=CYLINDRICAL_SURFACE('',#3108,2.55);
#753=CYLINDRICAL_SURFACE('',#3112,2.55);
#754=CYLINDRICAL_SURFACE('',#3119,1.6);
#755=CYLINDRICAL_SURFACE('',#3141,3.);
#756=CYLINDRICAL_SURFACE('',#3146,1.6);
#757=CYLINDRICAL_SURFACE('',#3153,1.6);
#758=CYLINDRICAL_SURFACE('',#3190,3.);
#759=CYLINDRICAL_SURFACE('',#3193,3.);
#760=CYLINDRICAL_SURFACE('',#3194,0.800000000000001);
#761=CYLINDRICAL_SURFACE('',#3198,0.800000000000001);
#762=CYLINDRICAL_SURFACE('',#3206,1.35);
#763=CYLINDRICAL_SURFACE('',#3207,1.35);
#764=CYLINDRICAL_SURFACE('',#3208,24.9999998450275);
#765=CYLINDRICAL_SURFACE('',#3212,2.);
#766=CYLINDRICAL_SURFACE('',#3216,2.);
#767=CYLINDRICAL_SURFACE('',#3220,2.);
#768=CYLINDRICAL_SURFACE('',#3224,2.);
#769=CYLINDRICAL_SURFACE('',#3228,2.);
#770=CYLINDRICAL_SURFACE('',#3238,2.);
#771=CYLINDRICAL_SURFACE('',#3240,2.);
#772=CYLINDRICAL_SURFACE('',#3245,2.);
#773=CYLINDRICAL_SURFACE('',#3247,2.4);
#774=CYLINDRICAL_SURFACE('',#3250,2.4);
#775=FACE_OUTER_BOUND('',#935,.T.);
#776=FACE_OUTER_BOUND('',#936,.T.);
#777=FACE_OUTER_BOUND('',#937,.T.);
#778=FACE_OUTER_BOUND('',#940,.T.);
#779=FACE_OUTER_BOUND('',#941,.T.);
#780=FACE_OUTER_BOUND('',#943,.T.);
#781=FACE_OUTER_BOUND('',#944,.T.);
#782=FACE_OUTER_BOUND('',#945,.T.);
#783=FACE_OUTER_BOUND('',#946,.T.);
#784=FACE_OUTER_BOUND('',#947,.T.);
#785=FACE_OUTER_BOUND('',#948,.T.);
#786=FACE_OUTER_BOUND('',#949,.T.);
#787=FACE_OUTER_BOUND('',#950,.T.);
#788=FACE_OUTER_BOUND('',#951,.T.);
#789=FACE_OUTER_BOUND('',#952,.T.);
#790=FACE_OUTER_BOUND('',#953,.T.);
#791=FACE_OUTER_BOUND('',#954,.T.);
#792=FACE_OUTER_BOUND('',#955,.T.);
#793=FACE_OUTER_BOUND('',#956,.T.);
#794=FACE_OUTER_BOUND('',#957,.T.);
#795=FACE_OUTER_BOUND('',#958,.T.);
#796=FACE_OUTER_BOUND('',#959,.T.);
#797=FACE_OUTER_BOUND('',#962,.T.);
#798=FACE_OUTER_BOUND('',#963,.T.);
#799=FACE_OUTER_BOUND('',#966,.T.);
#800=FACE_OUTER_BOUND('',#967,.T.);
#801=FACE_OUTER_BOUND('',#977,.T.);
#802=FACE_OUTER_BOUND('',#978,.T.);
#803=FACE_OUTER_BOUND('',#979,.T.);
#804=FACE_OUTER_BOUND('',#980,.T.);
#805=FACE_OUTER_BOUND('',#981,.T.);
#806=FACE_OUTER_BOUND('',#984,.T.);
#807=FACE_OUTER_BOUND('',#985,.T.);
#808=FACE_OUTER_BOUND('',#988,.T.);
#809=FACE_OUTER_BOUND('',#989,.T.);
#810=FACE_OUTER_BOUND('',#990,.T.);
#811=FACE_OUTER_BOUND('',#991,.T.);
#812=FACE_OUTER_BOUND('',#992,.T.);
#813=FACE_OUTER_BOUND('',#993,.T.);
#814=FACE_OUTER_BOUND('',#994,.T.);
#815=FACE_OUTER_BOUND('',#996,.T.);
#816=FACE_OUTER_BOUND('',#997,.T.);
#817=FACE_OUTER_BOUND('',#999,.T.);
#818=FACE_OUTER_BOUND('',#1000,.T.);
#819=FACE_OUTER_BOUND('',#1001,.T.);
#820=FACE_OUTER_BOUND('',#1002,.T.);
#821=FACE_OUTER_BOUND('',#1003,.T.);
#822=FACE_OUTER_BOUND('',#1004,.T.);
#823=FACE_OUTER_BOUND('',#1005,.T.);
#824=FACE_OUTER_BOUND('',#1006,.T.);
#825=FACE_OUTER_BOUND('',#1007,.T.);
#826=FACE_OUTER_BOUND('',#1008,.T.);
#827=FACE_OUTER_BOUND('',#1009,.T.);
#828=FACE_OUTER_BOUND('',#1010,.T.);
#829=FACE_OUTER_BOUND('',#1011,.T.);
#830=FACE_OUTER_BOUND('',#1012,.T.);
#831=FACE_OUTER_BOUND('',#1013,.T.);
#832=FACE_OUTER_BOUND('',#1014,.T.);
#833=FACE_OUTER_BOUND('',#1015,.T.);
#834=FACE_OUTER_BOUND('',#1016,.T.);
#835=FACE_OUTER_BOUND('',#1017,.T.);
#836=FACE_OUTER_BOUND('',#1018,.T.);
#837=FACE_OUTER_BOUND('',#1019,.T.);
#838=FACE_OUTER_BOUND('',#1020,.T.);
#839=FACE_OUTER_BOUND('',#1021,.T.);
#840=FACE_OUTER_BOUND('',#1024,.T.);
#841=FACE_OUTER_BOUND('',#1025,.T.);
#842=FACE_OUTER_BOUND('',#1026,.T.);
#843=FACE_OUTER_BOUND('',#1027,.T.);
#844=FACE_OUTER_BOUND('',#1028,.T.);
#845=FACE_OUTER_BOUND('',#1029,.T.);
#846=FACE_OUTER_BOUND('',#1030,.T.);
#847=FACE_OUTER_BOUND('',#1031,.T.);
#848=FACE_OUTER_BOUND('',#1032,.T.);
#849=FACE_OUTER_BOUND('',#1033,.T.);
#850=FACE_OUTER_BOUND('',#1034,.T.);
#851=FACE_OUTER_BOUND('',#1035,.T.);
#852=FACE_OUTER_BOUND('',#1036,.T.);
#853=FACE_OUTER_BOUND('',#1037,.T.);
#854=FACE_OUTER_BOUND('',#1038,.T.);
#855=FACE_OUTER_BOUND('',#1039,.T.);
#856=FACE_OUTER_BOUND('',#1040,.T.);
#857=FACE_OUTER_BOUND('',#1041,.T.);
#858=FACE_OUTER_BOUND('',#1042,.T.);
#859=FACE_OUTER_BOUND('',#1043,.T.);
#860=FACE_OUTER_BOUND('',#1044,.T.);
#861=FACE_OUTER_BOUND('',#1045,.T.);
#862=FACE_OUTER_BOUND('',#1046,.T.);
#863=FACE_OUTER_BOUND('',#1047,.T.);
#864=FACE_OUTER_BOUND('',#1048,.T.);
#865=FACE_OUTER_BOUND('',#1049,.T.);
#866=FACE_OUTER_BOUND('',#1050,.T.);
#867=FACE_OUTER_BOUND('',#1051,.T.);
#868=FACE_OUTER_BOUND('',#1052,.T.);
#869=FACE_OUTER_BOUND('',#1053,.T.);
#870=FACE_OUTER_BOUND('',#1054,.T.);
#871=FACE_OUTER_BOUND('',#1055,.T.);
#872=FACE_OUTER_BOUND('',#1056,.T.);
#873=FACE_OUTER_BOUND('',#1057,.T.);
#874=FACE_OUTER_BOUND('',#1058,.T.);
#875=FACE_OUTER_BOUND('',#1059,.T.);
#876=FACE_OUTER_BOUND('',#1060,.T.);
#877=FACE_OUTER_BOUND('',#1061,.T.);
#878=FACE_OUTER_BOUND('',#1062,.T.);
#879=FACE_OUTER_BOUND('',#1063,.T.);
#880=FACE_OUTER_BOUND('',#1064,.T.);
#881=FACE_OUTER_BOUND('',#1065,.T.);
#882=FACE_OUTER_BOUND('',#1066,.T.);
#883=FACE_OUTER_BOUND('',#1067,.T.);
#884=FACE_OUTER_BOUND('',#1068,.T.);
#885=FACE_OUTER_BOUND('',#1069,.T.);
#886=FACE_OUTER_BOUND('',#1070,.T.);
#887=FACE_OUTER_BOUND('',#1071,.T.);
#888=FACE_OUTER_BOUND('',#1074,.T.);
#889=FACE_OUTER_BOUND('',#1075,.T.);
#890=FACE_OUTER_BOUND('',#1076,.T.);
#891=FACE_OUTER_BOUND('',#1077,.T.);
#892=FACE_OUTER_BOUND('',#1078,.T.);
#893=FACE_OUTER_BOUND('',#1081,.T.);
#894=FACE_OUTER_BOUND('',#1082,.T.);
#895=FACE_OUTER_BOUND('',#1084,.T.);
#896=FACE_OUTER_BOUND('',#1085,.T.);
#897=FACE_OUTER_BOUND('',#1086,.T.);
#898=FACE_OUTER_BOUND('',#1087,.T.);
#899=FACE_OUTER_BOUND('',#1088,.T.);
#900=FACE_OUTER_BOUND('',#1089,.T.);
#901=FACE_OUTER_BOUND('',#1090,.T.);
#902=FACE_OUTER_BOUND('',#1091,.T.);
#903=FACE_OUTER_BOUND('',#1092,.T.);
#904=FACE_OUTER_BOUND('',#1093,.T.);
#905=FACE_OUTER_BOUND('',#1097,.T.);
#906=FACE_OUTER_BOUND('',#1098,.T.);
#907=FACE_OUTER_BOUND('',#1099,.T.);
#908=FACE_OUTER_BOUND('',#1100,.T.);
#909=FACE_OUTER_BOUND('',#1101,.T.);
#910=FACE_OUTER_BOUND('',#1102,.T.);
#911=FACE_OUTER_BOUND('',#1103,.T.);
#912=FACE_OUTER_BOUND('',#1104,.T.);
#913=FACE_OUTER_BOUND('',#1105,.T.);
#914=FACE_OUTER_BOUND('',#1106,.T.);
#915=FACE_OUTER_BOUND('',#1107,.T.);
#916=FACE_OUTER_BOUND('',#1108,.T.);
#917=FACE_OUTER_BOUND('',#1109,.T.);
#918=FACE_OUTER_BOUND('',#1110,.T.);
#919=FACE_OUTER_BOUND('',#1111,.T.);
#920=FACE_OUTER_BOUND('',#1112,.T.);
#921=FACE_OUTER_BOUND('',#1113,.T.);
#922=FACE_OUTER_BOUND('',#1114,.T.);
#923=FACE_OUTER_BOUND('',#1115,.T.);
#924=FACE_OUTER_BOUND('',#1116,.T.);
#925=FACE_OUTER_BOUND('',#1117,.T.);
#926=FACE_OUTER_BOUND('',#1118,.T.);
#927=FACE_OUTER_BOUND('',#1119,.T.);
#928=FACE_OUTER_BOUND('',#1120,.T.);
#929=FACE_OUTER_BOUND('',#1121,.T.);
#930=FACE_OUTER_BOUND('',#1122,.T.);
#931=FACE_OUTER_BOUND('',#1123,.T.);
#932=FACE_OUTER_BOUND('',#1124,.T.);
#933=FACE_OUTER_BOUND('',#1127,.T.);
#934=FACE_OUTER_BOUND('',#1128,.T.);
#935=EDGE_LOOP('',(#1946,#1947,#1948,#1949));
#936=EDGE_LOOP('',(#1950,#1951,#1952,#1953));
#937=EDGE_LOOP('',(#1954,#1955,#1956,#1957,#1958,#1959,#1960,#1961));
#938=EDGE_LOOP('',(#1962));
#939=EDGE_LOOP('',(#1963));
#940=EDGE_LOOP('',(#1964,#1965,#1966,#1967));
#941=EDGE_LOOP('',(#1968,#1969,#1970,#1971,#1972,#1973,#1974,#1975));
#942=EDGE_LOOP('',(#1976));
#943=EDGE_LOOP('',(#1977,#1978,#1979,#1980,#1981,#1982,#1983,#1984));
#944=EDGE_LOOP('',(#1985,#1986,#1987,#1988));
#945=EDGE_LOOP('',(#1989,#1990,#1991,#1992));
#946=EDGE_LOOP('',(#1993,#1994,#1995,#1996));
#947=EDGE_LOOP('',(#1997,#1998,#1999,#2000));
#948=EDGE_LOOP('',(#2001,#2002,#2003,#2004,#2005,#2006,#2007,#2008));
#949=EDGE_LOOP('',(#2009,#2010,#2011,#2012));
#950=EDGE_LOOP('',(#2013,#2014,#2015,#2016));
#951=EDGE_LOOP('',(#2017,#2018,#2019,#2020));
#952=EDGE_LOOP('',(#2021,#2022,#2023,#2024));
#953=EDGE_LOOP('',(#2025));
#954=EDGE_LOOP('',(#2026,#2027,#2028,#2029));
#955=EDGE_LOOP('',(#2030));
#956=EDGE_LOOP('',(#2031,#2032,#2033,#2034));
#957=EDGE_LOOP('',(#2035));
#958=EDGE_LOOP('',(#2036,#2037,#2038,#2039));
#959=EDGE_LOOP('',(#2040,#2041,#2042,#2043,#2044,#2045));
#960=EDGE_LOOP('',(#2046));
#961=EDGE_LOOP('',(#2047));
#962=EDGE_LOOP('',(#2048,#2049,#2050,#2051));
#963=EDGE_LOOP('',(#2052,#2053,#2054,#2055,#2056,#2057));
#964=EDGE_LOOP('',(#2058));
#965=EDGE_LOOP('',(#2059));
#966=EDGE_LOOP('',(#2060,#2061,#2062,#2063,#2064));
#967=EDGE_LOOP('',(#2065,#2066,#2067,#2068,#2069,#2070,#2071,#2072,#2073,
#2074,#2075,#2076));
#968=EDGE_LOOP('',(#2077));
#969=EDGE_LOOP('',(#2078));
#970=EDGE_LOOP('',(#2079));
#971=EDGE_LOOP('',(#2080));
#972=EDGE_LOOP('',(#2081));
#973=EDGE_LOOP('',(#2082));
#974=EDGE_LOOP('',(#2083));
#975=EDGE_LOOP('',(#2084));
#976=EDGE_LOOP('',(#2085));
#977=EDGE_LOOP('',(#2086,#2087,#2088,#2089,#2090));
#978=EDGE_LOOP('',(#2091,#2092,#2093,#2094,#2095));
#979=EDGE_LOOP('',(#2096,#2097,#2098,#2099,#2100));
#980=EDGE_LOOP('',(#2101,#2102,#2103,#2104));
#981=EDGE_LOOP('',(#2105,#2106,#2107,#2108,#2109,#2110,#2111,#2112));
#982=EDGE_LOOP('',(#2113));
#983=EDGE_LOOP('',(#2114));
#984=EDGE_LOOP('',(#2115,#2116,#2117,#2118));
#985=EDGE_LOOP('',(#2119,#2120,#2121,#2122,#2123,#2124));
#986=EDGE_LOOP('',(#2125,#2126,#2127,#2128));
#987=EDGE_LOOP('',(#2129,#2130,#2131,#2132));
#988=EDGE_LOOP('',(#2133,#2134,#2135,#2136));
#989=EDGE_LOOP('',(#2137,#2138,#2139,#2140));
#990=EDGE_LOOP('',(#2141,#2142,#2143,#2144));
#991=EDGE_LOOP('',(#2145,#2146,#2147,#2148));
#992=EDGE_LOOP('',(#2149,#2150,#2151,#2152));
#993=EDGE_LOOP('',(#2153,#2154,#2155,#2156));
#994=EDGE_LOOP('',(#2157,#2158,#2159,#2160,#2161,#2162,#2163,#2164));
#995=EDGE_LOOP('',(#2165));
#996=EDGE_LOOP('',(#2166,#2167,#2168,#2169));
#997=EDGE_LOOP('',(#2170,#2171,#2172,#2173,#2174,#2175));
#998=EDGE_LOOP('',(#2176));
#999=EDGE_LOOP('',(#2177,#2178,#2179,#2180,#2181));
#1000=EDGE_LOOP('',(#2182,#2183,#2184,#2185));
#1001=EDGE_LOOP('',(#2186,#2187,#2188,#2189));
#1002=EDGE_LOOP('',(#2190,#2191,#2192,#2193));
#1003=EDGE_LOOP('',(#2194,#2195,#2196,#2197,#2198,#2199,#2200,#2201));
#1004=EDGE_LOOP('',(#2202,#2203,#2204,#2205));
#1005=EDGE_LOOP('',(#2206));
#1006=EDGE_LOOP('',(#2207,#2208,#2209,#2210));
#1007=EDGE_LOOP('',(#2211));
#1008=EDGE_LOOP('',(#2212,#2213,#2214,#2215,#2216,#2217,#2218));
#1009=EDGE_LOOP('',(#2219,#2220,#2221,#2222));
#1010=EDGE_LOOP('',(#2223,#2224,#2225,#2226));
#1011=EDGE_LOOP('',(#2227,#2228,#2229,#2230));
#1012=EDGE_LOOP('',(#2231,#2232,#2233,#2234,#2235,#2236,#2237));
#1013=EDGE_LOOP('',(#2238,#2239,#2240,#2241));
#1014=EDGE_LOOP('',(#2242,#2243,#2244,#2245));
#1015=EDGE_LOOP('',(#2246,#2247,#2248,#2249));
#1016=EDGE_LOOP('',(#2250,#2251,#2252,#2253));
#1017=EDGE_LOOP('',(#2254));
#1018=EDGE_LOOP('',(#2255));
#1019=EDGE_LOOP('',(#2256,#2257,#2258,#2259));
#1020=EDGE_LOOP('',(#2260,#2261,#2262,#2263,#2264,#2265,#2266));
#1021=EDGE_LOOP('',(#2267,#2268,#2269,#2270,#2271,#2272,#2273,#2274));
#1022=EDGE_LOOP('',(#2275));
#1023=EDGE_LOOP('',(#2276));
#1024=EDGE_LOOP('',(#2277,#2278,#2279,#2280,#2281));
#1025=EDGE_LOOP('',(#2282,#2283,#2284,#2285,#2286));
#1026=EDGE_LOOP('',(#2287,#2288,#2289));
#1027=EDGE_LOOP('',(#2290,#2291,#2292));
#1028=EDGE_LOOP('',(#2293,#2294,#2295));
#1029=EDGE_LOOP('',(#2296,#2297,#2298));
#1030=EDGE_LOOP('',(#2299,#2300,#2301,#2302));
#1031=EDGE_LOOP('',(#2303,#2304,#2305,#2306,#2307,#2308,#2309,#2310,#2311));
#1032=EDGE_LOOP('',(#2312,#2313,#2314,#2315,#2316,#2317,#2318,#2319,#2320));
#1033=EDGE_LOOP('',(#2321,#2322,#2323,#2324));
#1034=EDGE_LOOP('',(#2325,#2326,#2327));
#1035=EDGE_LOOP('',(#2328,#2329,#2330,#2331,#2332,#2333,#2334,#2335,#2336,
#2337,#2338,#2339));
#1036=EDGE_LOOP('',(#2340,#2341));
#1037=EDGE_LOOP('',(#2342,#2343,#2344,#2345));
#1038=EDGE_LOOP('',(#2346,#2347,#2348,#2349,#2350,#2351,#2352));
#1039=EDGE_LOOP('',(#2353,#2354,#2355,#2356));
#1040=EDGE_LOOP('',(#2357,#2358,#2359,#2360,#2361,#2362,#2363));
#1041=EDGE_LOOP('',(#2364,#2365,#2366,#2367,#2368));
#1042=EDGE_LOOP('',(#2369,#2370,#2371,#2372,#2373));
#1043=EDGE_LOOP('',(#2374,#2375,#2376));
#1044=EDGE_LOOP('',(#2377,#2378,#2379));
#1045=EDGE_LOOP('',(#2380,#2381,#2382));
#1046=EDGE_LOOP('',(#2383,#2384,#2385));
#1047=EDGE_LOOP('',(#2386,#2387,#2388,#2389,#2390));
#1048=EDGE_LOOP('',(#2391,#2392,#2393,#2394,#2395));
#1049=EDGE_LOOP('',(#2396,#2397,#2398));
#1050=EDGE_LOOP('',(#2399,#2400,#2401));
#1051=EDGE_LOOP('',(#2402,#2403,#2404));
#1052=EDGE_LOOP('',(#2405,#2406,#2407));
#1053=EDGE_LOOP('',(#2408,#2409,#2410,#2411));
#1054=EDGE_LOOP('',(#2412,#2413,#2414,#2415));
#1055=EDGE_LOOP('',(#2416,#2417,#2418,#2419,#2420,#2421,#2422,#2423,#2424));
#1056=EDGE_LOOP('',(#2425,#2426,#2427,#2428,#2429,#2430,#2431,#2432,#2433));
#1057=EDGE_LOOP('',(#2434,#2435,#2436,#2437));
#1058=EDGE_LOOP('',(#2438,#2439,#2440,#2441,#2442,#2443,#2444,#2445,#2446));
#1059=EDGE_LOOP('',(#2447,#2448,#2449,#2450));
#1060=EDGE_LOOP('',(#2451,#2452,#2453,#2454,#2455,#2456,#2457,#2458,#2459));
#1061=EDGE_LOOP('',(#2460,#2461,#2462));
#1062=EDGE_LOOP('',(#2463,#2464,#2465));
#1063=EDGE_LOOP('',(#2466,#2467));
#1064=EDGE_LOOP('',(#2468,#2469,#2470,#2471,#2472,#2473,#2474,#2475,#2476,
#2477,#2478,#2479));
#1065=EDGE_LOOP('',(#2480,#2481));
#1066=EDGE_LOOP('',(#2482,#2483,#2484,#2485,#2486,#2487,#2488,#2489,#2490,
#2491,#2492,#2493,#2494,#2495,#2496,#2497,#2498,#2499,#2500,#2501));
#1067=EDGE_LOOP('',(#2502,#2503,#2504,#2505));
#1068=EDGE_LOOP('',(#2506));
#1069=EDGE_LOOP('',(#2507,#2508,#2509,#2510));
#1070=EDGE_LOOP('',(#2511));
#1071=EDGE_LOOP('',(#2512,#2513,#2514,#2515,#2516));
#1072=EDGE_LOOP('',(#2517));
#1073=EDGE_LOOP('',(#2518));
#1074=EDGE_LOOP('',(#2519,#2520,#2521,#2522));
#1075=EDGE_LOOP('',(#2523,#2524,#2525,#2526));
#1076=EDGE_LOOP('',(#2527,#2528,#2529,#2530,#2531));
#1077=EDGE_LOOP('',(#2532,#2533,#2534,#2535,#2536));
#1078=EDGE_LOOP('',(#2537,#2538,#2539,#2540,#2541,#2542));
#1079=EDGE_LOOP('',(#2543,#2544));
#1080=EDGE_LOOP('',(#2545,#2546));
#1081=EDGE_LOOP('',(#2547,#2548,#2549,#2550));
#1082=EDGE_LOOP('',(#2551,#2552,#2553,#2554,#2555,#2556,#2557,#2558,#2559,
#2560,#2561,#2562));
#1083=EDGE_LOOP('',(#2563));
#1084=EDGE_LOOP('',(#2564,#2565,#2566,#2567));
#1085=EDGE_LOOP('',(#2568,#2569,#2570,#2571,#2572));
#1086=EDGE_LOOP('',(#2573,#2574,#2575,#2576));
#1087=EDGE_LOOP('',(#2577,#2578,#2579,#2580));
#1088=EDGE_LOOP('',(#2581,#2582,#2583,#2584));
#1089=EDGE_LOOP('',(#2585,#2586,#2587,#2588));
#1090=EDGE_LOOP('',(#2589,#2590,#2591,#2592));
#1091=EDGE_LOOP('',(#2593,#2594,#2595,#2596));
#1092=EDGE_LOOP('',(#2597,#2598,#2599,#2600));
#1093=EDGE_LOOP('',(#2601,#2602,#2603,#2604,#2605,#2606));
#1094=EDGE_LOOP('',(#2607));
#1095=EDGE_LOOP('',(#2608));
#1096=EDGE_LOOP('',(#2609,#2610,#2611,#2612,#2613,#2614,#2615,#2616,#2617,
#2618,#2619,#2620));
#1097=EDGE_LOOP('',(#2621,#2622,#2623,#2624));
#1098=EDGE_LOOP('',(#2625,#2626,#2627,#2628));
#1099=EDGE_LOOP('',(#2629,#2630,#2631,#2632));
#1100=EDGE_LOOP('',(#2633,#2634,#2635,#2636,#2637,#2638,#2639,#2640,#2641,
#2642,#2643,#2644,#2645,#2646,#2647,#2648));
#1101=EDGE_LOOP('',(#2649,#2650,#2651,#2652));
#1102=EDGE_LOOP('',(#2653,#2654,#2655,#2656));
#1103=EDGE_LOOP('',(#2657,#2658,#2659,#2660,#2661));
#1104=EDGE_LOOP('',(#2662,#2663,#2664,#2665));
#1105=EDGE_LOOP('',(#2666));
#1106=EDGE_LOOP('',(#2667,#2668,#2669,#2670));
#1107=EDGE_LOOP('',(#2671));
#1108=EDGE_LOOP('',(#2672,#2673,#2674,#2675));
#1109=EDGE_LOOP('',(#2676,#2677,#2678,#2679));
#1110=EDGE_LOOP('',(#2680,#2681,#2682,#2683));
#1111=EDGE_LOOP('',(#2684,#2685,#2686,#2687));
#1112=EDGE_LOOP('',(#2688,#2689,#2690,#2691));
#1113=EDGE_LOOP('',(#2692,#2693,#2694,#2695));
#1114=EDGE_LOOP('',(#2696,#2697,#2698,#2699,#2700,#2701));
#1115=EDGE_LOOP('',(#2702,#2703,#2704,#2705));
#1116=EDGE_LOOP('',(#2706,#2707,#2708,#2709));
#1117=EDGE_LOOP('',(#2710,#2711,#2712,#2713));
#1118=EDGE_LOOP('',(#2714,#2715,#2716,#2717));
#1119=EDGE_LOOP('',(#2718,#2719,#2720,#2721));
#1120=EDGE_LOOP('',(#2722,#2723,#2724,#2725));
#1121=EDGE_LOOP('',(#2726,#2727,#2728,#2729,#2730,#2731));
#1122=EDGE_LOOP('',(#2732,#2733,#2734,#2735));
#1123=EDGE_LOOP('',(#2736,#2737,#2738,#2739,#2740,#2741,#2742,#2743,#2744,
#2745));
#1124=EDGE_LOOP('',(#2746,#2747,#2748,#2749));
#1125=EDGE_LOOP('',(#2750,#2751,#2752,#2753,#2754,#2755));
#1126=EDGE_LOOP('',(#2756,#2757,#2758,#2759,#2760,#2761));
#1127=EDGE_LOOP('',(#2762,#2763,#2764,#2765,#2766,#2767));
#1128=EDGE_LOOP('',(#2768,#2769,#2770,#2771,#2772,#2773));
#1129=CIRCLE('',#2978,0.5);
#1130=CIRCLE('',#2979,14.5);
#1131=CIRCLE('',#2980,0.5);
#1132=CIRCLE('',#2981,14.);
#1133=CIRCLE('',#2983,14.);
#1134=CIRCLE('',#2985,2.);
#1135=CIRCLE('',#2986,2.);
#1136=CIRCLE('',#2987,0.5);
#1137=CIRCLE('',#2988,2.55);
#1138=CIRCLE('',#2989,2.55);
#1139=CIRCLE('',#2991,14.5);
#1140=CIRCLE('',#2992,0.5);
#1141=CIRCLE('',#2994,2.);
#1142=CIRCLE('',#2995,2.);
#1143=CIRCLE('',#2996,2.55);
#1144=CIRCLE('',#2999,2.);
#1145=CIRCLE('',#3001,2.);
#1146=CIRCLE('',#3004,2.);
#1147=CIRCLE('',#3007,2.);
#1148=CIRCLE('',#3009,1.75);
#1149=CIRCLE('',#3010,1.75);
#1150=CIRCLE('',#3012,1.75);
#1151=CIRCLE('',#3013,1.75);
#1152=CIRCLE('',#3015,2.55);
#1153=CIRCLE('',#3018,2.55);
#1154=CIRCLE('',#3021,2.55);
#1155=CIRCLE('',#3029,2.);
#1156=CIRCLE('',#3030,2.);
#1157=CIRCLE('',#3031,2.);
#1158=CIRCLE('',#3032,2.);
#1159=CIRCLE('',#3033,1.35);
#1160=CIRCLE('',#3034,1.35);
#1161=CIRCLE('',#3035,3.);
#1162=CIRCLE('',#3036,3.);
#1163=CIRCLE('',#3037,3.);
#1164=CIRCLE('',#3038,1.5);
#1165=CIRCLE('',#3039,1.5);
#1166=CIRCLE('',#3041,0.999999999999993);
#1167=CIRCLE('',#3043,0.999999999999996);
#1168=CIRCLE('',#3045,2.);
#1169=CIRCLE('',#3046,2.);
#1170=CIRCLE('',#3048,14.5);
#1171=CIRCLE('',#3049,3.05);
#1172=CIRCLE('',#3050,3.05);
#1173=CIRCLE('',#3052,2.);
#1174=CIRCLE('',#3055,2.);
#1175=CIRCLE('',#3058,2.);
#1176=CIRCLE('',#3060,2.);
#1177=CIRCLE('',#3061,2.);
#1178=CIRCLE('',#3064,2.);
#1179=CIRCLE('',#3065,2.);
#1180=CIRCLE('',#3067,0.5);
#1181=CIRCLE('',#3068,0.5);
#1182=CIRCLE('',#3069,2.1);
#1183=CIRCLE('',#3071,2.);
#1184=CIRCLE('',#3074,24.9999998450275);
#1185=CIRCLE('',#3076,0.5);
#1186=CIRCLE('',#3077,14.);
#1187=CIRCLE('',#3079,14.);
#1188=CIRCLE('',#3081,14.5);
#1189=CIRCLE('',#3082,0.5);
#1190=CIRCLE('',#3084,24.9999998450275);
#1191=CIRCLE('',#3086,1.5);
#1192=CIRCLE('',#3089,1.5);
#1193=CIRCLE('',#3092,3.);
#1194=CIRCLE('',#3093,4.);
#1195=CIRCLE('',#3094,2.);
#1196=CIRCLE('',#3095,4.);
#1197=CIRCLE('',#3096,3.);
#1198=CIRCLE('',#3098,4.);
#1199=CIRCLE('',#3100,4.);
#1200=CIRCLE('',#3102,2.);
#1201=CIRCLE('',#3104,3.);
#1202=CIRCLE('',#3105,3.);
#1203=CIRCLE('',#3107,2.55);
#1204=CIRCLE('',#3109,2.55);
#1205=CIRCLE('',#3111,2.55);
#1206=CIRCLE('',#3113,2.55);
#1207=CIRCLE('',#3117,2.1);
#1208=CIRCLE('',#3118,1.6);
#1209=CIRCLE('',#3120,1.6);
#1210=CIRCLE('',#3121,1.6);
#1211=CIRCLE('',#3122,1.6);
#1212=CIRCLE('',#3123,1.6);
#1213=CIRCLE('',#3125,2.1);
#1214=CIRCLE('',#3133,3.);
#1215=CIRCLE('',#3137,3.);
#1216=CIRCLE('',#3139,3.);
#1217=CIRCLE('',#3140,3.);
#1218=CIRCLE('',#3142,3.);
#1219=CIRCLE('',#3145,1.6);
#1220=CIRCLE('',#3147,1.6);
#1221=CIRCLE('',#3148,1.6);
#1222=CIRCLE('',#3149,1.6);
#1223=CIRCLE('',#3150,1.6);
#1224=CIRCLE('',#3152,1.6);
#1225=CIRCLE('',#3154,1.6);
#1226=CIRCLE('',#3155,1.6);
#1227=CIRCLE('',#3156,1.6);
#1228=CIRCLE('',#3157,1.6);
#1229=CIRCLE('',#3171,3.);
#1230=CIRCLE('',#3173,3.);
#1231=CIRCLE('',#3177,3.);
#1232=CIRCLE('',#3180,3.);
#1233=CIRCLE('',#3183,3.);
#1234=CIRCLE('',#3184,3.);
#1235=CIRCLE('',#3186,3.);
#1236=CIRCLE('',#3187,3.);
#1237=CIRCLE('',#3189,3.);
#1238=CIRCLE('',#3191,3.);
#1239=CIRCLE('',#3195,0.800000000000001);
#1240=CIRCLE('',#3196,0.800000000000001);
#1241=CIRCLE('',#3199,0.800000000000001);
#1242=CIRCLE('',#3200,0.800000000000001);
#1243=CIRCLE('',#3203,24.9999998450275);
#1244=CIRCLE('',#3213,2.);
#1245=CIRCLE('',#3217,2.);
#1246=CIRCLE('',#3218,2.);
#1247=CIRCLE('',#3221,2.);
#1248=CIRCLE('',#3222,2.);
#1249=CIRCLE('',#3225,2.);
#1250=CIRCLE('',#3229,2.);
#1251=CIRCLE('',#3230,2.);
#1252=CIRCLE('',#3232,2.);
#1253=CIRCLE('',#3233,2.);
#1254=CIRCLE('',#3234,2.4);
#1255=CIRCLE('',#3235,2.4);
#1256=CIRCLE('',#3236,2.);
#1257=CIRCLE('',#3239,2.);
#1258=CIRCLE('',#3241,2.);
#1259=CIRCLE('',#3243,2.);
#1260=CIRCLE('',#3248,2.4);
#1261=CIRCLE('',#3251,2.4);
#1262=VERTEX_POINT('',#4147);
#1263=VERTEX_POINT('',#4148);
#1264=VERTEX_POINT('',#4150);
#1265=VERTEX_POINT('',#4152);
#1266=VERTEX_POINT('',#4156);
#1267=VERTEX_POINT('',#4158);
#1268=VERTEX_POINT('',#4162);
#1269=VERTEX_POINT('',#4164);
#1270=VERTEX_POINT('',#4166);
#1271=VERTEX_POINT('',#4168);
#1272=VERTEX_POINT('',#4170);
#1273=VERTEX_POINT('',#4173);
#1274=VERTEX_POINT('',#4175);
#1275=VERTEX_POINT('',#4178);
#1276=VERTEX_POINT('',#4182);
#1277=VERTEX_POINT('',#4184);
#1278=VERTEX_POINT('',#4186);
#1279=VERTEX_POINT('',#4188);
#1280=VERTEX_POINT('',#4191);
#1281=VERTEX_POINT('',#4194);
#1282=VERTEX_POINT('',#4196);
#1283=VERTEX_POINT('',#4198);
#1284=VERTEX_POINT('',#4200);
#1285=VERTEX_POINT('',#4204);
#1286=VERTEX_POINT('',#4208);
#1287=VERTEX_POINT('',#4212);
#1288=VERTEX_POINT('',#4216);
#1289=VERTEX_POINT('',#4218);
#1290=VERTEX_POINT('',#4222);
#1291=VERTEX_POINT('',#4224);
#1292=VERTEX_POINT('',#4226);
#1293=VERTEX_POINT('',#4232);
#1294=VERTEX_POINT('',#4234);
#1295=VERTEX_POINT('',#4238);
#1296=VERTEX_POINT('',#4240);
#1297=VERTEX_POINT('',#4244);
#1298=VERTEX_POINT('',#4249);
#1299=VERTEX_POINT('',#4254);
#1300=VERTEX_POINT('',#4306);
#1301=VERTEX_POINT('',#4307);
#1302=VERTEX_POINT('',#4309);
#1303=VERTEX_POINT('',#4335);
#1304=VERTEX_POINT('',#4336);
#1305=VERTEX_POINT('',#4338);
#1306=VERTEX_POINT('',#4340);
#1307=VERTEX_POINT('',#4342);
#1308=VERTEX_POINT('',#4344);
#1309=VERTEX_POINT('',#4346);
#1310=VERTEX_POINT('',#4348);
#1311=VERTEX_POINT('',#4350);
#1312=VERTEX_POINT('',#4352);
#1313=VERTEX_POINT('',#4354);
#1314=VERTEX_POINT('',#4356);
#1315=VERTEX_POINT('',#4359);
#1316=VERTEX_POINT('',#4370);
#1317=VERTEX_POINT('',#4372);
#1318=VERTEX_POINT('',#4374);
#1319=VERTEX_POINT('',#4376);
#1320=VERTEX_POINT('',#4378);
#1321=VERTEX_POINT('',#4380);
#1322=VERTEX_POINT('',#4382);
#1323=VERTEX_POINT('',#4385);
#1324=VERTEX_POINT('',#4428);
#1325=VERTEX_POINT('',#4430);
#1326=VERTEX_POINT('',#4446);
#1327=VERTEX_POINT('',#4450);
#1328=VERTEX_POINT('',#4451);
#1329=VERTEX_POINT('',#4453);
#1330=VERTEX_POINT('',#4455);
#1331=VERTEX_POINT('',#4459);
#1332=VERTEX_POINT('',#4462);
#1333=VERTEX_POINT('',#4464);
#1334=VERTEX_POINT('',#4466);
#1335=VERTEX_POINT('',#4469);
#1336=VERTEX_POINT('',#4471);
#1337=VERTEX_POINT('',#4474);
#1338=VERTEX_POINT('',#4478);
#1339=VERTEX_POINT('',#4480);
#1340=VERTEX_POINT('',#4482);
#1341=VERTEX_POINT('',#4485);
#1342=VERTEX_POINT('',#4486);
#1343=VERTEX_POINT('',#4488);
#1344=VERTEX_POINT('',#4490);
#1345=VERTEX_POINT('',#4493);
#1346=VERTEX_POINT('',#4494);
#1347=VERTEX_POINT('',#4496);
#1348=VERTEX_POINT('',#4498);
#1349=VERTEX_POINT('',#4502);
#1350=VERTEX_POINT('',#4506);
#1351=VERTEX_POINT('',#4510);
#1352=VERTEX_POINT('',#4514);
#1353=VERTEX_POINT('',#4515);
#1354=VERTEX_POINT('',#4517);
#1355=VERTEX_POINT('',#4519);
#1356=VERTEX_POINT('',#4526);
#1357=VERTEX_POINT('',#4528);
#1358=VERTEX_POINT('',#4532);
#1359=VERTEX_POINT('',#4534);
#1360=VERTEX_POINT('',#4536);
#1361=VERTEX_POINT('',#4539);
#1362=VERTEX_POINT('',#4542);
#1363=VERTEX_POINT('',#4546);
#1364=VERTEX_POINT('',#4548);
#1365=VERTEX_POINT('',#4552);
#1366=VERTEX_POINT('',#4556);
#1367=VERTEX_POINT('',#4560);
#1368=VERTEX_POINT('',#4564);
#1369=VERTEX_POINT('',#4569);
#1370=VERTEX_POINT('',#4573);
#1371=VERTEX_POINT('',#4578);
#1372=VERTEX_POINT('',#4583);
#1373=VERTEX_POINT('',#4584);
#1374=VERTEX_POINT('',#4588);
#1375=VERTEX_POINT('',#4592);
#1376=VERTEX_POINT('',#4596);
#1377=VERTEX_POINT('',#4602);
#1378=VERTEX_POINT('',#4606);
#1379=VERTEX_POINT('',#4610);
#1380=VERTEX_POINT('',#4614);
#1381=VERTEX_POINT('',#4618);
#1382=VERTEX_POINT('',#4624);
#1383=VERTEX_POINT('',#4626);
#1384=VERTEX_POINT('',#4630);
#1385=VERTEX_POINT('',#4632);
#1386=VERTEX_POINT('',#4634);
#1387=VERTEX_POINT('',#4636);
#1388=VERTEX_POINT('',#4640);
#1389=VERTEX_POINT('',#4643);
#1390=VERTEX_POINT('',#4644);
#1391=VERTEX_POINT('',#4646);
#1392=VERTEX_POINT('',#4649);
#1393=VERTEX_POINT('',#4653);
#1394=VERTEX_POINT('',#4654);
#1395=VERTEX_POINT('',#4656);
#1396=VERTEX_POINT('',#4659);
#1397=VERTEX_POINT('',#4671);
#1398=VERTEX_POINT('',#4673);
#1399=VERTEX_POINT('',#4677);
#1400=VERTEX_POINT('',#4678);
#1401=VERTEX_POINT('',#4680);
#1402=VERTEX_POINT('',#4685);
#1403=VERTEX_POINT('',#4687);
#1404=VERTEX_POINT('',#4689);
#1405=VERTEX_POINT('',#4695);
#1406=VERTEX_POINT('',#4703);
#1407=VERTEX_POINT('',#4707);
#1408=VERTEX_POINT('',#4709);
#1409=VERTEX_POINT('',#4711);
#1410=VERTEX_POINT('',#4713);
#1411=VERTEX_POINT('',#4717);
#1412=VERTEX_POINT('',#4721);
#1413=VERTEX_POINT('',#4723);
#1414=VERTEX_POINT('',#4725);
#1415=VERTEX_POINT('',#4727);
#1416=VERTEX_POINT('',#4731);
#1417=VERTEX_POINT('',#4732);
#1418=VERTEX_POINT('',#4734);
#1419=VERTEX_POINT('',#4737);
#1420=VERTEX_POINT('',#4741);
#1421=VERTEX_POINT('',#4742);
#1422=VERTEX_POINT('',#4744);
#1423=VERTEX_POINT('',#4747);
#1424=VERTEX_POINT('',#4759);
#1425=VERTEX_POINT('',#4760);
#1426=VERTEX_POINT('',#4762);
#1427=VERTEX_POINT('',#4765);
#1428=VERTEX_POINT('',#4769);
#1429=VERTEX_POINT('',#4770);
#1430=VERTEX_POINT('',#4772);
#1431=VERTEX_POINT('',#4775);
#1432=VERTEX_POINT('',#4787);
#1433=VERTEX_POINT('',#4789);
#1434=VERTEX_POINT('',#4793);
#1435=VERTEX_POINT('',#4795);
#1436=VERTEX_POINT('',#4799);
#1437=VERTEX_POINT('',#4800);
#1438=VERTEX_POINT('',#4802);
#1439=VERTEX_POINT('',#4807);
#1440=VERTEX_POINT('',#4809);
#1441=VERTEX_POINT('',#4811);
#1442=VERTEX_POINT('',#4817);
#1443=VERTEX_POINT('',#4818);
#1444=VERTEX_POINT('',#4820);
#1445=VERTEX_POINT('',#4825);
#1446=VERTEX_POINT('',#4829);
#1447=VERTEX_POINT('',#4831);
#1448=VERTEX_POINT('',#4835);
#1449=VERTEX_POINT('',#4839);
#1450=VERTEX_POINT('',#4852);
#1451=VERTEX_POINT('',#4854);
#1452=VERTEX_POINT('',#4859);
#1453=VERTEX_POINT('',#4861);
#1454=VERTEX_POINT('',#4866);
#1455=VERTEX_POINT('',#4867);
#1456=VERTEX_POINT('',#4870);
#1457=VERTEX_POINT('',#4874);
#1458=VERTEX_POINT('',#4880);
#1459=VERTEX_POINT('',#4882);
#1460=VERTEX_POINT('',#4920);
#1461=VERTEX_POINT('',#4922);
#1462=VERTEX_POINT('',#4966);
#1463=VERTEX_POINT('',#4967);
#1464=VERTEX_POINT('',#4969);
#1465=VERTEX_POINT('',#4971);
#1466=VERTEX_POINT('',#4975);
#1467=VERTEX_POINT('',#4977);
#1468=VERTEX_POINT('',#4979);
#1469=VERTEX_POINT('',#4983);
#1470=VERTEX_POINT('',#4985);
#1471=VERTEX_POINT('',#4989);
#1472=VERTEX_POINT('',#4991);
#1473=VERTEX_POINT('',#4995);
#1474=VERTEX_POINT('',#4997);
#1475=VERTEX_POINT('',#5001);
#1476=VERTEX_POINT('',#5003);
#1477=VERTEX_POINT('',#5007);
#1478=VERTEX_POINT('',#5008);
#1479=VERTEX_POINT('',#5010);
#1480=VERTEX_POINT('',#5012);
#1481=VERTEX_POINT('',#5019);
#1482=VERTEX_POINT('',#5020);
#1483=VERTEX_POINT('',#5022);
#1484=VERTEX_POINT('',#5024);
#1485=VERTEX_POINT('',#5028);
#1486=VERTEX_POINT('',#5029);
#1487=VERTEX_POINT('',#5031);
#1488=VERTEX_POINT('',#5033);
#1489=VERTEX_POINT('',#5035);
#1490=VERTEX_POINT('',#5037);
#1491=VERTEX_POINT('',#5040);
#1492=VERTEX_POINT('',#5042);
#1493=VERTEX_POINT('',#5044);
#1494=VERTEX_POINT('',#5049);
#1495=VERTEX_POINT('',#5055);
#1496=VERTEX_POINT('',#5056);
#1497=VERTEX_POINT('',#5061);
#1498=VERTEX_POINT('',#5063);
#1499=VERTEX_POINT('',#5066);
#1500=VERTEX_POINT('',#5068);
#1501=VERTEX_POINT('',#5070);
#1502=VERTEX_POINT('',#5080);
#1503=VERTEX_POINT('',#5085);
#1504=VERTEX_POINT('',#5090);
#1505=VERTEX_POINT('',#5091);
#1506=VERTEX_POINT('',#5093);
#1507=VERTEX_POINT('',#5095);
#1508=VERTEX_POINT('',#5099);
#1509=VERTEX_POINT('',#5101);
#1510=VERTEX_POINT('',#5105);
#1511=VERTEX_POINT('',#5107);
#1512=VERTEX_POINT('',#5111);
#1513=VERTEX_POINT('',#5113);
#1514=VERTEX_POINT('',#5117);
#1515=VERTEX_POINT('',#5119);
#1516=VERTEX_POINT('',#5127);
#1517=VERTEX_POINT('',#5128);
#1518=VERTEX_POINT('',#5130);
#1519=VERTEX_POINT('',#5132);
#1520=VERTEX_POINT('',#5136);
#1521=VERTEX_POINT('',#5138);
#1522=VERTEX_POINT('',#5142);
#1523=VERTEX_POINT('',#5144);
#1524=VERTEX_POINT('',#5148);
#1525=VERTEX_POINT('',#5150);
#1526=VERTEX_POINT('',#5154);
#1527=VERTEX_POINT('',#5156);
#1528=VERTEX_POINT('',#5164);
#1529=VERTEX_POINT('',#5165);
#1530=VERTEX_POINT('',#5167);
#1531=VERTEX_POINT('',#5169);
#1532=EDGE_CURVE('',#1262,#1263,#1129,.T.);
#1533=EDGE_CURVE('',#1263,#1264,#1130,.T.);
#1534=EDGE_CURVE('',#1264,#1265,#1131,.T.);
#1535=EDGE_CURVE('',#1265,#1262,#1132,.T.);
#1536=EDGE_CURVE('',#1266,#1265,#191,.T.);
#1537=EDGE_CURVE('',#1267,#1266,#1133,.T.);
#1538=EDGE_CURVE('',#1267,#1262,#192,.T.);
#1539=EDGE_CURVE('',#1268,#1264,#193,.T.);
#1540=EDGE_CURVE('',#1269,#1268,#1134,.T.);
#1541=EDGE_CURVE('',#1270,#1269,#194,.T.);
#1542=EDGE_CURVE('',#1271,#1270,#1135,.T.);
#1543=EDGE_CURVE('',#1271,#1272,#195,.T.);
#1544=EDGE_CURVE('',#1266,#1272,#1136,.T.);
#1545=EDGE_CURVE('',#1273,#1273,#1137,.T.);
#1546=EDGE_CURVE('',#1274,#1274,#1138,.T.);
#1547=EDGE_CURVE('',#1272,#1275,#1139,.T.);
#1548=EDGE_CURVE('',#1275,#1267,#1140,.T.);
#1549=EDGE_CURVE('',#1276,#1275,#196,.T.);
#1550=EDGE_CURVE('',#1277,#1276,#1141,.T.);
#1551=EDGE_CURVE('',#1277,#1278,#197,.T.);
#1552=EDGE_CURVE('',#1279,#1278,#1142,.T.);
#1553=EDGE_CURVE('',#1263,#1279,#198,.T.);
#1554=EDGE_CURVE('',#1280,#1280,#1143,.T.);
#1555=EDGE_CURVE('',#1281,#1271,#199,.T.);
#1556=EDGE_CURVE('',#1282,#1281,#200,.T.);
#1557=EDGE_CURVE('',#1282,#1283,#201,.T.);
#1558=EDGE_CURVE('',#1283,#1284,#202,.T.);
#1559=EDGE_CURVE('',#1276,#1284,#203,.T.);
#1560=EDGE_CURVE('',#1284,#1285,#1144,.F.);
#1561=EDGE_CURVE('',#1285,#1277,#204,.T.);
#1562=EDGE_CURVE('',#1270,#1286,#205,.T.);
#1563=EDGE_CURVE('',#1286,#1281,#1145,.T.);
#1564=EDGE_CURVE('',#1287,#1269,#206,.T.);
#1565=EDGE_CURVE('',#1286,#1287,#207,.T.);
#1566=EDGE_CURVE('',#1278,#1288,#208,.T.);
#1567=EDGE_CURVE('',#1288,#1289,#1146,.F.);
#1568=EDGE_CURVE('',#1289,#1279,#209,.T.);
#1569=EDGE_CURVE('',#1289,#1290,#210,.T.);
#1570=EDGE_CURVE('',#1290,#1291,#211,.T.);
#1571=EDGE_CURVE('',#1291,#1292,#212,.T.);
#1572=EDGE_CURVE('',#1268,#1292,#213,.T.);
#1573=EDGE_CURVE('',#1292,#1287,#1147,.T.);
#1574=EDGE_CURVE('',#1293,#1293,#1148,.T.);
#1575=EDGE_CURVE('',#1293,#1294,#214,.T.);
#1576=EDGE_CURVE('',#1294,#1294,#1149,.T.);
#1577=EDGE_CURVE('',#1295,#1295,#1150,.T.);
#1578=EDGE_CURVE('',#1295,#1296,#215,.T.);
#1579=EDGE_CURVE('',#1296,#1296,#1151,.T.);
#1580=EDGE_CURVE('',#1280,#1297,#216,.T.);
#1581=EDGE_CURVE('',#1297,#1297,#1152,.T.);
#1582=EDGE_CURVE('',#1274,#1298,#217,.T.);
#1583=EDGE_CURVE('',#1298,#1298,#1153,.T.);
#1584=EDGE_CURVE('',#1273,#1299,#218,.T.);
#1585=EDGE_CURVE('',#1299,#1299,#1154,.T.);
#1586=EDGE_CURVE('',#1282,#1291,#219,.T.);
#1587=EDGE_CURVE('',#1283,#1290,#220,.T.);
#1588=EDGE_CURVE('',#1285,#1288,#221,.T.);
#1589=EDGE_CURVE('',#1300,#1301,#222,.T.);
#1590=EDGE_CURVE('',#1301,#1302,#32,.T.);
#1591=EDGE_CURVE('',#1302,#1301,#33,.T.);
#1592=EDGE_CURVE('',#1300,#1300,#34,.T.);
#1593=EDGE_CURVE('',#1303,#1304,#1155,.T.);
#1594=EDGE_CURVE('',#1305,#1303,#223,.T.);
#1595=EDGE_CURVE('',#1306,#1305,#1156,.T.);
#1596=EDGE_CURVE('',#1307,#1306,#224,.T.);
#1597=EDGE_CURVE('',#1308,#1307,#1157,.T.);
#1598=EDGE_CURVE('',#1309,#1308,#225,.T.);
#1599=EDGE_CURVE('',#1309,#1310,#226,.T.);
#1600=EDGE_CURVE('',#1310,#1311,#227,.T.);
#1601=EDGE_CURVE('',#1311,#1312,#228,.T.);
#1602=EDGE_CURVE('',#1313,#1312,#229,.T.);
#1603=EDGE_CURVE('',#1314,#1313,#1158,.T.);
#1604=EDGE_CURVE('',#1304,#1314,#230,.T.);
#1605=EDGE_CURVE('',#1315,#1315,#35,.T.);
#1606=EDGE_CURVE('',#1316,#1316,#1159,.T.);
#1607=EDGE_CURVE('',#1317,#1317,#1160,.T.);
#1608=EDGE_CURVE('',#1318,#1318,#1161,.T.);
#1609=EDGE_CURVE('',#1319,#1319,#1162,.T.);
#1610=EDGE_CURVE('',#1320,#1320,#1163,.T.);
#1611=EDGE_CURVE('',#1321,#1321,#1164,.T.);
#1612=EDGE_CURVE('',#1322,#1322,#1165,.T.);
#1613=EDGE_CURVE('',#1302,#1323,#231,.T.);
#1614=EDGE_CURVE('',#1323,#1323,#1166,.T.);
#1615=EDGE_CURVE('',#1315,#1324,#232,.T.);
#1616=EDGE_CURVE('',#1324,#1325,#36,.T.);
#1617=EDGE_CURVE('',#1325,#1324,#37,.T.);
#1618=EDGE_CURVE('',#1325,#1326,#233,.T.);
#1619=EDGE_CURVE('',#1326,#1326,#1167,.T.);
#1620=EDGE_CURVE('',#1327,#1328,#1168,.T.);
#1621=EDGE_CURVE('',#1328,#1329,#234,.T.);
#1622=EDGE_CURVE('',#1329,#1330,#1169,.F.);
#1623=EDGE_CURVE('',#1330,#1327,#235,.T.);
#1624=EDGE_CURVE('',#1330,#1331,#236,.T.);
#1625=EDGE_CURVE('',#1305,#1331,#237,.T.);
#1626=EDGE_CURVE('',#1332,#1303,#238,.T.);
#1627=EDGE_CURVE('',#1332,#1333,#239,.T.);
#1628=EDGE_CURVE('',#1334,#1333,#1170,.T.);
#1629=EDGE_CURVE('',#1334,#1327,#240,.T.);
#1630=EDGE_CURVE('',#1335,#1335,#1171,.T.);
#1631=EDGE_CURVE('',#1336,#1336,#1172,.T.);
#1632=EDGE_CURVE('',#1337,#1332,#1173,.T.);
#1633=EDGE_CURVE('',#1304,#1337,#241,.T.);
#1634=EDGE_CURVE('',#1338,#1314,#242,.T.);
#1635=EDGE_CURVE('',#1339,#1338,#243,.T.);
#1636=EDGE_CURVE('',#1340,#1339,#244,.T.);
#1637=EDGE_CURVE('',#1340,#1337,#245,.T.);
#1638=EDGE_CURVE('',#1341,#1342,#246,.T.);
#1639=EDGE_CURVE('',#1342,#1343,#247,.T.);
#1640=EDGE_CURVE('',#1343,#1344,#248,.T.);
#1641=EDGE_CURVE('',#1344,#1341,#249,.T.);
#1642=EDGE_CURVE('',#1345,#1346,#250,.T.);
#1643=EDGE_CURVE('',#1346,#1347,#251,.T.);
#1644=EDGE_CURVE('',#1347,#1348,#252,.T.);
#1645=EDGE_CURVE('',#1348,#1345,#253,.T.);
#1646=EDGE_CURVE('',#1331,#1349,#1174,.T.);
#1647=EDGE_CURVE('',#1349,#1306,#254,.T.);
#1648=EDGE_CURVE('',#1350,#1349,#255,.T.);
#1649=EDGE_CURVE('',#1307,#1350,#256,.T.);
#1650=EDGE_CURVE('',#1350,#1351,#1175,.T.);
#1651=EDGE_CURVE('',#1351,#1308,#257,.T.);
#1652=EDGE_CURVE('',#1352,#1353,#1176,.T.);
#1653=EDGE_CURVE('',#1353,#1354,#258,.T.);
#1654=EDGE_CURVE('',#1354,#1355,#1177,.F.);
#1655=EDGE_CURVE('',#1355,#1352,#259,.T.);
#1656=EDGE_CURVE('',#1352,#1328,#260,.T.);
#1657=EDGE_CURVE('',#1355,#1329,#261,.T.);
#1658=EDGE_CURVE('',#1356,#1340,#1178,.T.);
#1659=EDGE_CURVE('',#1339,#1357,#1179,.F.);
#1660=EDGE_CURVE('',#1357,#1356,#262,.T.);
#1661=EDGE_CURVE('',#1356,#1358,#263,.T.);
#1662=EDGE_CURVE('',#1359,#1358,#1180,.T.);
#1663=EDGE_CURVE('',#1359,#1360,#264,.T.);
#1664=EDGE_CURVE('',#1333,#1360,#1181,.T.);
#1665=EDGE_CURVE('',#1361,#1361,#1182,.T.);
#1666=EDGE_CURVE('',#1313,#1362,#265,.T.);
#1667=EDGE_CURVE('',#1362,#1338,#1183,.T.);
#1668=EDGE_CURVE('',#1363,#1362,#266,.T.);
#1669=EDGE_CURVE('',#1364,#1363,#267,.T.);
#1670=EDGE_CURVE('',#1357,#1364,#268,.T.);
#1671=EDGE_CURVE('',#1312,#1365,#269,.T.);
#1672=EDGE_CURVE('',#1365,#1363,#1184,.T.);
#1673=EDGE_CURVE('',#1366,#1334,#1185,.T.);
#1674=EDGE_CURVE('',#1360,#1366,#1186,.T.);
#1675=EDGE_CURVE('',#1367,#1359,#1187,.T.);
#1676=EDGE_CURVE('',#1367,#1366,#270,.T.);
#1677=EDGE_CURVE('',#1358,#1368,#1188,.T.);
#1678=EDGE_CURVE('',#1368,#1367,#1189,.T.);
#1679=EDGE_CURVE('',#1353,#1368,#271,.T.);
#1680=EDGE_CURVE('',#1364,#1369,#1190,.T.);
#1681=EDGE_CURVE('',#1369,#1354,#272,.T.);
#1682=EDGE_CURVE('',#1322,#1370,#273,.T.);
#1683=EDGE_CURVE('',#1370,#1370,#1191,.T.);
#1684=EDGE_CURVE('',#1321,#1371,#274,.T.);
#1685=EDGE_CURVE('',#1371,#1371,#1192,.T.);
#1686=EDGE_CURVE('',#1372,#1373,#1193,.T.);
#1687=EDGE_CURVE('',#1343,#1372,#1194,.T.);
#1688=EDGE_CURVE('',#1342,#1345,#1195,.T.);
#1689=EDGE_CURVE('',#1374,#1348,#1196,.T.);
#1690=EDGE_CURVE('',#1373,#1374,#1197,.T.);
#1691=EDGE_CURVE('',#1374,#1375,#275,.T.);
#1692=EDGE_CURVE('',#1347,#1375,#1198,.T.);
#1693=EDGE_CURVE('',#1376,#1372,#276,.T.);
#1694=EDGE_CURVE('',#1376,#1344,#1199,.T.);
#1695=EDGE_CURVE('',#1341,#1346,#1200,.T.);
#1696=EDGE_CURVE('',#1375,#1377,#1201,.T.);
#1697=EDGE_CURVE('',#1377,#1376,#1202,.T.);
#1698=EDGE_CURVE('',#1335,#1378,#277,.T.);
#1699=EDGE_CURVE('',#1378,#1378,#1203,.T.);
#1700=EDGE_CURVE('',#1378,#1379,#278,.T.);
#1701=EDGE_CURVE('',#1379,#1379,#1204,.T.);
#1702=EDGE_CURVE('',#1336,#1380,#279,.T.);
#1703=EDGE_CURVE('',#1380,#1380,#1205,.T.);
#1704=EDGE_CURVE('',#1380,#1381,#280,.T.);
#1705=EDGE_CURVE('',#1381,#1381,#1206,.T.);
#1706=EDGE_CURVE('',#1382,#1382,#1207,.T.);
#1707=EDGE_CURVE('',#1382,#1383,#281,.T.);
#1708=EDGE_CURVE('',#1383,#1383,#1208,.T.);
#1709=EDGE_CURVE('',#1383,#1384,#282,.T.);
#1710=EDGE_CURVE('',#1384,#1385,#1209,.T.);
#1711=EDGE_CURVE('',#1385,#1386,#1210,.T.);
#1712=EDGE_CURVE('',#1386,#1387,#1211,.T.);
#1713=EDGE_CURVE('',#1387,#1384,#1212,.T.);
#1714=EDGE_CURVE('',#1388,#1388,#1213,.T.);
#1715=EDGE_CURVE('',#1389,#1390,#283,.T.);
#1716=EDGE_CURVE('',#1389,#1391,#284,.T.);
#1717=EDGE_CURVE('',#1391,#1385,#285,.T.);
#1718=EDGE_CURVE('',#1385,#1392,#286,.T.);
#1719=EDGE_CURVE('',#1390,#1392,#287,.T.);
#1720=EDGE_CURVE('',#1393,#1394,#288,.T.);
#1721=EDGE_CURVE('',#1393,#1395,#289,.T.);
#1722=EDGE_CURVE('',#1395,#1387,#290,.T.);
#1723=EDGE_CURVE('',#1387,#1396,#291,.T.);
#1724=EDGE_CURVE('',#1394,#1396,#292,.T.);
#1725=EDGE_CURVE('',#1392,#1384,#293,.T.);
#1726=EDGE_CURVE('',#1386,#1391,#294,.T.);
#1727=EDGE_CURVE('',#1396,#1386,#295,.T.);
#1728=EDGE_CURVE('',#1384,#1395,#296,.T.);
#1729=EDGE_CURVE('',#1397,#1394,#297,.T.);
#1730=EDGE_CURVE('',#1398,#1397,#1214,.T.);
#1731=EDGE_CURVE('',#1393,#1398,#298,.T.);
#1732=EDGE_CURVE('',#1399,#1400,#299,.T.);
#1733=EDGE_CURVE('',#1399,#1401,#300,.T.);
#1734=EDGE_CURVE('',#1401,#1390,#301,.T.);
#1735=EDGE_CURVE('',#1400,#1398,#302,.T.);
#1736=EDGE_CURVE('',#1389,#1402,#303,.T.);
#1737=EDGE_CURVE('',#1403,#1402,#304,.T.);
#1738=EDGE_CURVE('',#1404,#1403,#305,.T.);
#1739=EDGE_CURVE('',#1404,#1397,#306,.T.);
#1740=EDGE_CURVE('',#1402,#1401,#1215,.T.);
#1741=EDGE_CURVE('',#1405,#1400,#1216,.T.);
#1742=EDGE_CURVE('',#1399,#1405,#1217,.T.);
#1743=EDGE_CURVE('',#1405,#1320,#307,.T.);
#1744=EDGE_CURVE('',#1404,#1403,#1218,.T.);
#1745=EDGE_CURVE('',#1361,#1406,#308,.T.);
#1746=EDGE_CURVE('',#1406,#1406,#1219,.T.);
#1747=EDGE_CURVE('',#1406,#1407,#309,.T.);
#1748=EDGE_CURVE('',#1407,#1408,#1220,.T.);
#1749=EDGE_CURVE('',#1408,#1409,#1221,.T.);
#1750=EDGE_CURVE('',#1409,#1410,#1222,.T.);
#1751=EDGE_CURVE('',#1410,#1407,#1223,.T.);
#1752=EDGE_CURVE('',#1388,#1411,#310,.T.);
#1753=EDGE_CURVE('',#1411,#1411,#1224,.T.);
#1754=EDGE_CURVE('',#1411,#1412,#311,.T.);
#1755=EDGE_CURVE('',#1412,#1413,#1225,.T.);
#1756=EDGE_CURVE('',#1413,#1414,#1226,.T.);
#1757=EDGE_CURVE('',#1414,#1415,#1227,.T.);
#1758=EDGE_CURVE('',#1415,#1412,#1228,.T.);
#1759=EDGE_CURVE('',#1416,#1417,#312,.T.);
#1760=EDGE_CURVE('',#1416,#1418,#313,.T.);
#1761=EDGE_CURVE('',#1418,#1413,#314,.T.);
#1762=EDGE_CURVE('',#1413,#1419,#315,.T.);
#1763=EDGE_CURVE('',#1417,#1419,#316,.T.);
#1764=EDGE_CURVE('',#1420,#1421,#317,.T.);
#1765=EDGE_CURVE('',#1420,#1422,#318,.T.);
#1766=EDGE_CURVE('',#1422,#1415,#319,.T.);
#1767=EDGE_CURVE('',#1415,#1423,#320,.T.);
#1768=EDGE_CURVE('',#1421,#1423,#321,.T.);
#1769=EDGE_CURVE('',#1419,#1412,#322,.T.);
#1770=EDGE_CURVE('',#1414,#1418,#323,.T.);
#1771=EDGE_CURVE('',#1423,#1414,#324,.T.);
#1772=EDGE_CURVE('',#1412,#1422,#325,.T.);
#1773=EDGE_CURVE('',#1424,#1425,#326,.T.);
#1774=EDGE_CURVE('',#1424,#1426,#327,.T.);
#1775=EDGE_CURVE('',#1426,#1408,#328,.T.);
#1776=EDGE_CURVE('',#1408,#1427,#329,.T.);
#1777=EDGE_CURVE('',#1425,#1427,#330,.T.);
#1778=EDGE_CURVE('',#1428,#1429,#331,.T.);
#1779=EDGE_CURVE('',#1428,#1430,#332,.T.);
#1780=EDGE_CURVE('',#1430,#1410,#333,.T.);
#1781=EDGE_CURVE('',#1410,#1431,#334,.T.);
#1782=EDGE_CURVE('',#1429,#1431,#335,.T.);
#1783=EDGE_CURVE('',#1409,#1426,#336,.T.);
#1784=EDGE_CURVE('',#1427,#1407,#337,.T.);
#1785=EDGE_CURVE('',#1407,#1430,#338,.T.);
#1786=EDGE_CURVE('',#1431,#1409,#339,.T.);
#1787=EDGE_CURVE('',#1432,#1421,#340,.T.);
#1788=EDGE_CURVE('',#1433,#1432,#1229,.T.);
#1789=EDGE_CURVE('',#1420,#1433,#341,.T.);
#1790=EDGE_CURVE('',#1434,#1429,#342,.T.);
#1791=EDGE_CURVE('',#1435,#1434,#1230,.T.);
#1792=EDGE_CURVE('',#1428,#1435,#343,.T.);
#1793=EDGE_CURVE('',#1436,#1437,#344,.T.);
#1794=EDGE_CURVE('',#1436,#1438,#345,.T.);
#1795=EDGE_CURVE('',#1438,#1417,#346,.T.);
#1796=EDGE_CURVE('',#1437,#1433,#347,.T.);
#1797=EDGE_CURVE('',#1416,#1439,#348,.T.);
#1798=EDGE_CURVE('',#1440,#1439,#349,.T.);
#1799=EDGE_CURVE('',#1441,#1440,#350,.T.);
#1800=EDGE_CURVE('',#1441,#1432,#351,.T.);
#1801=EDGE_CURVE('',#1439,#1438,#1231,.T.);
#1802=EDGE_CURVE('',#1442,#1443,#352,.T.);
#1803=EDGE_CURVE('',#1442,#1444,#353,.T.);
#1804=EDGE_CURVE('',#1444,#1425,#354,.T.);
#1805=EDGE_CURVE('',#1443,#1435,#355,.T.);
#1806=EDGE_CURVE('',#1445,#1444,#1232,.T.);
#1807=EDGE_CURVE('',#1424,#1445,#356,.T.);
#1808=EDGE_CURVE('',#1446,#1445,#357,.T.);
#1809=EDGE_CURVE('',#1447,#1446,#358,.T.);
#1810=EDGE_CURVE('',#1447,#1434,#359,.T.);
#1811=EDGE_CURVE('',#1448,#1437,#1233,.T.);
#1812=EDGE_CURVE('',#1436,#1448,#1234,.T.);
#1813=EDGE_CURVE('',#1449,#1443,#1235,.T.);
#1814=EDGE_CURVE('',#1442,#1449,#1236,.T.);
#1815=EDGE_CURVE('',#1447,#1446,#1237,.T.);
#1816=EDGE_CURVE('',#1448,#1319,#360,.T.);
#1817=EDGE_CURVE('',#1441,#1440,#1238,.T.);
#1818=EDGE_CURVE('',#1449,#1373,#361,.T.);
#1819=EDGE_CURVE('',#1377,#1318,#362,.T.);
#1820=EDGE_CURVE('',#1450,#1450,#1239,.T.);
#1821=EDGE_CURVE('',#1450,#1451,#363,.T.);
#1822=EDGE_CURVE('',#1451,#1451,#1240,.T.);
#1823=EDGE_CURVE('',#1452,#1452,#1241,.T.);
#1824=EDGE_CURVE('',#1452,#1453,#364,.T.);
#1825=EDGE_CURVE('',#1453,#1453,#1242,.T.);
#1826=EDGE_CURVE('',#1454,#1455,#1243,.T.);
#1827=EDGE_CURVE('',#1311,#1454,#365,.T.);
#1828=EDGE_CURVE('',#1310,#1456,#366,.T.);
#1829=EDGE_CURVE('',#1455,#1456,#367,.T.);
#1830=EDGE_CURVE('',#1456,#1457,#368,.T.);
#1831=EDGE_CURVE('',#1457,#1309,#369,.T.);
#1832=EDGE_CURVE('',#1365,#1454,#370,.T.);
#1833=EDGE_CURVE('',#1316,#1458,#371,.T.);
#1834=EDGE_CURVE('',#1459,#1458,#38,.T.);
#1835=EDGE_CURVE('',#1458,#1459,#39,.T.);
#1836=EDGE_CURVE('',#1317,#1460,#372,.T.);
#1837=EDGE_CURVE('',#1461,#1460,#40,.T.);
#1838=EDGE_CURVE('',#1460,#1461,#41,.T.);
#1839=EDGE_CURVE('',#1369,#1455,#373,.T.);
#1840=EDGE_CURVE('',#1351,#1457,#374,.T.);
#1841=EDGE_CURVE('',#1462,#1463,#1244,.T.);
#1842=EDGE_CURVE('',#1463,#1464,#375,.T.);
#1843=EDGE_CURVE('',#1464,#1465,#23,.T.);
#1844=EDGE_CURVE('',#1465,#1462,#376,.T.);
#1845=EDGE_CURVE('',#1466,#1463,#377,.T.);
#1846=EDGE_CURVE('',#1467,#1466,#378,.T.);
#1847=EDGE_CURVE('',#1468,#1467,#379,.T.);
#1848=EDGE_CURVE('',#1464,#1468,#380,.T.);
#1849=EDGE_CURVE('',#1466,#1469,#1245,.T.);
#1850=EDGE_CURVE('',#1469,#1470,#381,.T.);
#1851=EDGE_CURVE('',#1470,#1467,#1246,.T.);
#1852=EDGE_CURVE('',#1471,#1469,#382,.T.);
#1853=EDGE_CURVE('',#1472,#1471,#383,.T.);
#1854=EDGE_CURVE('',#1470,#1472,#384,.T.);
#1855=EDGE_CURVE('',#1471,#1473,#1247,.T.);
#1856=EDGE_CURVE('',#1473,#1474,#385,.T.);
#1857=EDGE_CURVE('',#1474,#1472,#1248,.T.);
#1858=EDGE_CURVE('',#1475,#1473,#386,.T.);
#1859=EDGE_CURVE('',#1476,#1475,#387,.T.);
#1860=EDGE_CURVE('',#1474,#1476,#388,.T.);
#1861=EDGE_CURVE('',#1477,#1478,#1249,.T.);
#1862=EDGE_CURVE('',#1478,#1479,#389,.T.);
#1863=EDGE_CURVE('',#1479,#1480,#24,.T.);
#1864=EDGE_CURVE('',#1480,#1477,#390,.T.);
#1865=EDGE_CURVE('',#1479,#1465,#391,.T.);
#1866=EDGE_CURVE('',#1462,#1478,#392,.T.);
#1867=EDGE_CURVE('',#1481,#1482,#1250,.T.);
#1868=EDGE_CURVE('',#1482,#1483,#393,.T.);
#1869=EDGE_CURVE('',#1483,#1484,#1251,.T.);
#1870=EDGE_CURVE('',#1484,#1481,#394,.T.);
#1871=EDGE_CURVE('',#1485,#1486,#1252,.T.);
#1872=EDGE_CURVE('',#1487,#1485,#395,.T.);
#1873=EDGE_CURVE('',#1488,#1487,#396,.T.);
#1874=EDGE_CURVE('',#1489,#1488,#397,.T.);
#1875=EDGE_CURVE('',#1490,#1489,#1253,.T.);
#1876=EDGE_CURVE('',#1490,#1486,#398,.T.);
#1877=EDGE_CURVE('',#1491,#1491,#1254,.T.);
#1878=EDGE_CURVE('',#1492,#1492,#1255,.T.);
#1879=EDGE_CURVE('',#1483,#1493,#399,.T.);
#1880=EDGE_CURVE('',#1475,#1493,#1256,.T.);
#1881=EDGE_CURVE('',#1477,#1484,#400,.T.);
#1882=EDGE_CURVE('',#1494,#1482,#401,.T.);
#1883=EDGE_CURVE('',#1493,#1494,#402,.T.);
#1884=EDGE_CURVE('',#1494,#1476,#1257,.T.);
#1885=EDGE_CURVE('',#1495,#1496,#1258,.T.);
#1886=EDGE_CURVE('',#1496,#1485,#403,.T.);
#1887=EDGE_CURVE('',#1486,#1495,#404,.T.);
#1888=EDGE_CURVE('',#1481,#1497,#405,.T.);
#1889=EDGE_CURVE('',#1497,#1498,#406,.T.);
#1890=EDGE_CURVE('',#1496,#1498,#407,.T.);
#1891=EDGE_CURVE('',#1499,#1495,#408,.T.);
#1892=EDGE_CURVE('',#1500,#1499,#1259,.T.);
#1893=EDGE_CURVE('',#1501,#1500,#409,.T.);
#1894=EDGE_CURVE('',#1501,#1468,#410,.T.);
#1895=EDGE_CURVE('',#1499,#1490,#411,.T.);
#1896=EDGE_CURVE('',#1489,#1500,#412,.T.);
#1897=EDGE_CURVE('',#1497,#1480,#413,.T.);
#1898=EDGE_CURVE('',#1492,#1502,#414,.T.);
#1899=EDGE_CURVE('',#1502,#1502,#1260,.T.);
#1900=EDGE_CURVE('',#1491,#1503,#415,.T.);
#1901=EDGE_CURVE('',#1503,#1503,#1261,.T.);
#1902=EDGE_CURVE('',#1504,#1505,#416,.T.);
#1903=EDGE_CURVE('',#1504,#1506,#417,.T.);
#1904=EDGE_CURVE('',#1506,#1507,#418,.T.);
#1905=EDGE_CURVE('',#1505,#1507,#419,.T.);
#1906=EDGE_CURVE('',#1508,#1504,#420,.T.);
#1907=EDGE_CURVE('',#1508,#1509,#421,.T.);
#1908=EDGE_CURVE('',#1509,#1506,#422,.T.);
#1909=EDGE_CURVE('',#1510,#1508,#423,.T.);
#1910=EDGE_CURVE('',#1510,#1511,#424,.T.);
#1911=EDGE_CURVE('',#1511,#1509,#425,.T.);
#1912=EDGE_CURVE('',#1512,#1510,#426,.T.);
#1913=EDGE_CURVE('',#1512,#1513,#427,.T.);
#1914=EDGE_CURVE('',#1513,#1511,#428,.T.);
#1915=EDGE_CURVE('',#1514,#1512,#429,.T.);
#1916=EDGE_CURVE('',#1514,#1515,#430,.T.);
#1917=EDGE_CURVE('',#1515,#1513,#431,.T.);
#1918=EDGE_CURVE('',#1505,#1514,#432,.T.);
#1919=EDGE_CURVE('',#1507,#1515,#433,.T.);
#1920=EDGE_CURVE('',#1516,#1517,#434,.T.);
#1921=EDGE_CURVE('',#1516,#1518,#435,.T.);
#1922=EDGE_CURVE('',#1518,#1519,#436,.T.);
#1923=EDGE_CURVE('',#1517,#1519,#437,.T.);
#1924=EDGE_CURVE('',#1520,#1516,#438,.T.);
#1925=EDGE_CURVE('',#1520,#1521,#439,.T.);
#1926=EDGE_CURVE('',#1521,#1518,#440,.T.);
#1927=EDGE_CURVE('',#1522,#1520,#441,.T.);
#1928=EDGE_CURVE('',#1522,#1523,#442,.T.);
#1929=EDGE_CURVE('',#1523,#1521,#443,.T.);
#1930=EDGE_CURVE('',#1524,#1522,#444,.T.);
#1931=EDGE_CURVE('',#1524,#1525,#445,.T.);
#1932=EDGE_CURVE('',#1525,#1523,#446,.T.);
#1933=EDGE_CURVE('',#1526,#1524,#447,.T.);
#1934=EDGE_CURVE('',#1526,#1527,#448,.T.);
#1935=EDGE_CURVE('',#1527,#1525,#449,.T.);
#1936=EDGE_CURVE('',#1517,#1526,#450,.T.);
#1937=EDGE_CURVE('',#1519,#1527,#451,.T.);
#1938=EDGE_CURVE('',#1528,#1529,#452,.T.);
#1939=EDGE_CURVE('',#1528,#1530,#453,.T.);
#1940=EDGE_CURVE('',#1531,#1530,#454,.T.);
#1941=EDGE_CURVE('',#1529,#1531,#455,.T.);
#1942=EDGE_CURVE('',#1529,#1501,#456,.T.);
#1943=EDGE_CURVE('',#1498,#1531,#457,.T.);
#1944=EDGE_CURVE('',#1528,#1488,#458,.T.);
#1945=EDGE_CURVE('',#1530,#1487,#459,.T.);
#1946=ORIENTED_EDGE('',*,*,#1532,.T.);
#1947=ORIENTED_EDGE('',*,*,#1533,.T.);
#1948=ORIENTED_EDGE('',*,*,#1534,.T.);
#1949=ORIENTED_EDGE('',*,*,#1535,.T.);
#1950=ORIENTED_EDGE('',*,*,#1535,.F.);
#1951=ORIENTED_EDGE('',*,*,#1536,.F.);
#1952=ORIENTED_EDGE('',*,*,#1537,.F.);
#1953=ORIENTED_EDGE('',*,*,#1538,.T.);
#1954=ORIENTED_EDGE('',*,*,#1534,.F.);
#1955=ORIENTED_EDGE('',*,*,#1539,.F.);
#1956=ORIENTED_EDGE('',*,*,#1540,.F.);
#1957=ORIENTED_EDGE('',*,*,#1541,.F.);
#1958=ORIENTED_EDGE('',*,*,#1542,.F.);
#1959=ORIENTED_EDGE('',*,*,#1543,.T.);
#1960=ORIENTED_EDGE('',*,*,#1544,.F.);
#1961=ORIENTED_EDGE('',*,*,#1536,.T.);
#1962=ORIENTED_EDGE('',*,*,#1545,.T.);
#1963=ORIENTED_EDGE('',*,*,#1546,.T.);
#1964=ORIENTED_EDGE('',*,*,#1544,.T.);
#1965=ORIENTED_EDGE('',*,*,#1547,.T.);
#1966=ORIENTED_EDGE('',*,*,#1548,.T.);
#1967=ORIENTED_EDGE('',*,*,#1537,.T.);
#1968=ORIENTED_EDGE('',*,*,#1532,.F.);
#1969=ORIENTED_EDGE('',*,*,#1538,.F.);
#1970=ORIENTED_EDGE('',*,*,#1548,.F.);
#1971=ORIENTED_EDGE('',*,*,#1549,.F.);
#1972=ORIENTED_EDGE('',*,*,#1550,.F.);
#1973=ORIENTED_EDGE('',*,*,#1551,.T.);
#1974=ORIENTED_EDGE('',*,*,#1552,.F.);
#1975=ORIENTED_EDGE('',*,*,#1553,.F.);
#1976=ORIENTED_EDGE('',*,*,#1554,.T.);
#1977=ORIENTED_EDGE('',*,*,#1547,.F.);
#1978=ORIENTED_EDGE('',*,*,#1543,.F.);
#1979=ORIENTED_EDGE('',*,*,#1555,.F.);
#1980=ORIENTED_EDGE('',*,*,#1556,.F.);
#1981=ORIENTED_EDGE('',*,*,#1557,.T.);
#1982=ORIENTED_EDGE('',*,*,#1558,.T.);
#1983=ORIENTED_EDGE('',*,*,#1559,.F.);
#1984=ORIENTED_EDGE('',*,*,#1549,.T.);
#1985=ORIENTED_EDGE('',*,*,#1550,.T.);
#1986=ORIENTED_EDGE('',*,*,#1559,.T.);
#1987=ORIENTED_EDGE('',*,*,#1560,.T.);
#1988=ORIENTED_EDGE('',*,*,#1561,.T.);
#1989=ORIENTED_EDGE('',*,*,#1542,.T.);
#1990=ORIENTED_EDGE('',*,*,#1562,.T.);
#1991=ORIENTED_EDGE('',*,*,#1563,.T.);
#1992=ORIENTED_EDGE('',*,*,#1555,.T.);
#1993=ORIENTED_EDGE('',*,*,#1562,.F.);
#1994=ORIENTED_EDGE('',*,*,#1541,.T.);
#1995=ORIENTED_EDGE('',*,*,#1564,.F.);
#1996=ORIENTED_EDGE('',*,*,#1565,.F.);
#1997=ORIENTED_EDGE('',*,*,#1552,.T.);
#1998=ORIENTED_EDGE('',*,*,#1566,.T.);
#1999=ORIENTED_EDGE('',*,*,#1567,.T.);
#2000=ORIENTED_EDGE('',*,*,#1568,.T.);
#2001=ORIENTED_EDGE('',*,*,#1533,.F.);
#2002=ORIENTED_EDGE('',*,*,#1553,.T.);
#2003=ORIENTED_EDGE('',*,*,#1568,.F.);
#2004=ORIENTED_EDGE('',*,*,#1569,.T.);
#2005=ORIENTED_EDGE('',*,*,#1570,.T.);
#2006=ORIENTED_EDGE('',*,*,#1571,.T.);
#2007=ORIENTED_EDGE('',*,*,#1572,.F.);
#2008=ORIENTED_EDGE('',*,*,#1539,.T.);
#2009=ORIENTED_EDGE('',*,*,#1540,.T.);
#2010=ORIENTED_EDGE('',*,*,#1572,.T.);
#2011=ORIENTED_EDGE('',*,*,#1573,.T.);
#2012=ORIENTED_EDGE('',*,*,#1564,.T.);
#2013=ORIENTED_EDGE('',*,*,#1574,.F.);
#2014=ORIENTED_EDGE('',*,*,#1575,.T.);
#2015=ORIENTED_EDGE('',*,*,#1576,.F.);
#2016=ORIENTED_EDGE('',*,*,#1575,.F.);
#2017=ORIENTED_EDGE('',*,*,#1577,.F.);
#2018=ORIENTED_EDGE('',*,*,#1578,.T.);
#2019=ORIENTED_EDGE('',*,*,#1579,.F.);
#2020=ORIENTED_EDGE('',*,*,#1578,.F.);
#2021=ORIENTED_EDGE('',*,*,#1554,.F.);
#2022=ORIENTED_EDGE('',*,*,#1580,.T.);
#2023=ORIENTED_EDGE('',*,*,#1581,.T.);
#2024=ORIENTED_EDGE('',*,*,#1580,.F.);
#2025=ORIENTED_EDGE('',*,*,#1581,.F.);
#2026=ORIENTED_EDGE('',*,*,#1546,.F.);
#2027=ORIENTED_EDGE('',*,*,#1582,.T.);
#2028=ORIENTED_EDGE('',*,*,#1583,.T.);
#2029=ORIENTED_EDGE('',*,*,#1582,.F.);
#2030=ORIENTED_EDGE('',*,*,#1583,.F.);
#2031=ORIENTED_EDGE('',*,*,#1545,.F.);
#2032=ORIENTED_EDGE('',*,*,#1584,.T.);
#2033=ORIENTED_EDGE('',*,*,#1585,.T.);
#2034=ORIENTED_EDGE('',*,*,#1584,.F.);
#2035=ORIENTED_EDGE('',*,*,#1585,.F.);
#2036=ORIENTED_EDGE('',*,*,#1557,.F.);
#2037=ORIENTED_EDGE('',*,*,#1586,.T.);
#2038=ORIENTED_EDGE('',*,*,#1570,.F.);
#2039=ORIENTED_EDGE('',*,*,#1587,.F.);
#2040=ORIENTED_EDGE('',*,*,#1558,.F.);
#2041=ORIENTED_EDGE('',*,*,#1587,.T.);
#2042=ORIENTED_EDGE('',*,*,#1569,.F.);
#2043=ORIENTED_EDGE('',*,*,#1567,.F.);
#2044=ORIENTED_EDGE('',*,*,#1588,.F.);
#2045=ORIENTED_EDGE('',*,*,#1560,.F.);
#2046=ORIENTED_EDGE('',*,*,#1574,.T.);
#2047=ORIENTED_EDGE('',*,*,#1577,.T.);
#2048=ORIENTED_EDGE('',*,*,#1561,.F.);
#2049=ORIENTED_EDGE('',*,*,#1588,.T.);
#2050=ORIENTED_EDGE('',*,*,#1566,.F.);
#2051=ORIENTED_EDGE('',*,*,#1551,.F.);
#2052=ORIENTED_EDGE('',*,*,#1563,.F.);
#2053=ORIENTED_EDGE('',*,*,#1565,.T.);
#2054=ORIENTED_EDGE('',*,*,#1573,.F.);
#2055=ORIENTED_EDGE('',*,*,#1571,.F.);
#2056=ORIENTED_EDGE('',*,*,#1586,.F.);
#2057=ORIENTED_EDGE('',*,*,#1556,.T.);
#2058=ORIENTED_EDGE('',*,*,#1576,.T.);
#2059=ORIENTED_EDGE('',*,*,#1579,.T.);
#2060=ORIENTED_EDGE('',*,*,#1589,.T.);
#2061=ORIENTED_EDGE('',*,*,#1590,.T.);
#2062=ORIENTED_EDGE('',*,*,#1591,.T.);
#2063=ORIENTED_EDGE('',*,*,#1589,.F.);
#2064=ORIENTED_EDGE('',*,*,#1592,.T.);
#2065=ORIENTED_EDGE('',*,*,#1593,.F.);
#2066=ORIENTED_EDGE('',*,*,#1594,.F.);
#2067=ORIENTED_EDGE('',*,*,#1595,.F.);
#2068=ORIENTED_EDGE('',*,*,#1596,.F.);
#2069=ORIENTED_EDGE('',*,*,#1597,.F.);
#2070=ORIENTED_EDGE('',*,*,#1598,.F.);
#2071=ORIENTED_EDGE('',*,*,#1599,.T.);
#2072=ORIENTED_EDGE('',*,*,#1600,.T.);
#2073=ORIENTED_EDGE('',*,*,#1601,.T.);
#2074=ORIENTED_EDGE('',*,*,#1602,.F.);
#2075=ORIENTED_EDGE('',*,*,#1603,.F.);
#2076=ORIENTED_EDGE('',*,*,#1604,.F.);
#2077=ORIENTED_EDGE('',*,*,#1605,.F.);
#2078=ORIENTED_EDGE('',*,*,#1606,.T.);
#2079=ORIENTED_EDGE('',*,*,#1607,.T.);
#2080=ORIENTED_EDGE('',*,*,#1608,.T.);
#2081=ORIENTED_EDGE('',*,*,#1609,.T.);
#2082=ORIENTED_EDGE('',*,*,#1610,.T.);
#2083=ORIENTED_EDGE('',*,*,#1611,.T.);
#2084=ORIENTED_EDGE('',*,*,#1612,.T.);
#2085=ORIENTED_EDGE('',*,*,#1592,.F.);
#2086=ORIENTED_EDGE('',*,*,#1590,.F.);
#2087=ORIENTED_EDGE('',*,*,#1591,.F.);
#2088=ORIENTED_EDGE('',*,*,#1613,.T.);
#2089=ORIENTED_EDGE('',*,*,#1614,.F.);
#2090=ORIENTED_EDGE('',*,*,#1613,.F.);
#2091=ORIENTED_EDGE('',*,*,#1615,.T.);
#2092=ORIENTED_EDGE('',*,*,#1616,.T.);
#2093=ORIENTED_EDGE('',*,*,#1617,.T.);
#2094=ORIENTED_EDGE('',*,*,#1615,.F.);
#2095=ORIENTED_EDGE('',*,*,#1605,.T.);
#2096=ORIENTED_EDGE('',*,*,#1616,.F.);
#2097=ORIENTED_EDGE('',*,*,#1617,.F.);
#2098=ORIENTED_EDGE('',*,*,#1618,.T.);
#2099=ORIENTED_EDGE('',*,*,#1619,.F.);
#2100=ORIENTED_EDGE('',*,*,#1618,.F.);
#2101=ORIENTED_EDGE('',*,*,#1620,.T.);
#2102=ORIENTED_EDGE('',*,*,#1621,.T.);
#2103=ORIENTED_EDGE('',*,*,#1622,.T.);
#2104=ORIENTED_EDGE('',*,*,#1623,.T.);
#2105=ORIENTED_EDGE('',*,*,#1623,.F.);
#2106=ORIENTED_EDGE('',*,*,#1624,.T.);
#2107=ORIENTED_EDGE('',*,*,#1625,.F.);
#2108=ORIENTED_EDGE('',*,*,#1594,.T.);
#2109=ORIENTED_EDGE('',*,*,#1626,.F.);
#2110=ORIENTED_EDGE('',*,*,#1627,.T.);
#2111=ORIENTED_EDGE('',*,*,#1628,.F.);
#2112=ORIENTED_EDGE('',*,*,#1629,.T.);
#2113=ORIENTED_EDGE('',*,*,#1630,.F.);
#2114=ORIENTED_EDGE('',*,*,#1631,.F.);
#2115=ORIENTED_EDGE('',*,*,#1632,.T.);
#2116=ORIENTED_EDGE('',*,*,#1626,.T.);
#2117=ORIENTED_EDGE('',*,*,#1593,.T.);
#2118=ORIENTED_EDGE('',*,*,#1633,.T.);
#2119=ORIENTED_EDGE('',*,*,#1633,.F.);
#2120=ORIENTED_EDGE('',*,*,#1604,.T.);
#2121=ORIENTED_EDGE('',*,*,#1634,.F.);
#2122=ORIENTED_EDGE('',*,*,#1635,.F.);
#2123=ORIENTED_EDGE('',*,*,#1636,.F.);
#2124=ORIENTED_EDGE('',*,*,#1637,.T.);
#2125=ORIENTED_EDGE('',*,*,#1638,.T.);
#2126=ORIENTED_EDGE('',*,*,#1639,.T.);
#2127=ORIENTED_EDGE('',*,*,#1640,.T.);
#2128=ORIENTED_EDGE('',*,*,#1641,.T.);
#2129=ORIENTED_EDGE('',*,*,#1642,.T.);
#2130=ORIENTED_EDGE('',*,*,#1643,.T.);
#2131=ORIENTED_EDGE('',*,*,#1644,.T.);
#2132=ORIENTED_EDGE('',*,*,#1645,.T.);
#2133=ORIENTED_EDGE('',*,*,#1595,.T.);
#2134=ORIENTED_EDGE('',*,*,#1625,.T.);
#2135=ORIENTED_EDGE('',*,*,#1646,.T.);
#2136=ORIENTED_EDGE('',*,*,#1647,.T.);
#2137=ORIENTED_EDGE('',*,*,#1647,.F.);
#2138=ORIENTED_EDGE('',*,*,#1648,.F.);
#2139=ORIENTED_EDGE('',*,*,#1649,.F.);
#2140=ORIENTED_EDGE('',*,*,#1596,.T.);
#2141=ORIENTED_EDGE('',*,*,#1650,.T.);
#2142=ORIENTED_EDGE('',*,*,#1651,.T.);
#2143=ORIENTED_EDGE('',*,*,#1597,.T.);
#2144=ORIENTED_EDGE('',*,*,#1649,.T.);
#2145=ORIENTED_EDGE('',*,*,#1652,.T.);
#2146=ORIENTED_EDGE('',*,*,#1653,.T.);
#2147=ORIENTED_EDGE('',*,*,#1654,.T.);
#2148=ORIENTED_EDGE('',*,*,#1655,.T.);
#2149=ORIENTED_EDGE('',*,*,#1621,.F.);
#2150=ORIENTED_EDGE('',*,*,#1656,.F.);
#2151=ORIENTED_EDGE('',*,*,#1655,.F.);
#2152=ORIENTED_EDGE('',*,*,#1657,.T.);
#2153=ORIENTED_EDGE('',*,*,#1658,.T.);
#2154=ORIENTED_EDGE('',*,*,#1636,.T.);
#2155=ORIENTED_EDGE('',*,*,#1659,.T.);
#2156=ORIENTED_EDGE('',*,*,#1660,.T.);
#2157=ORIENTED_EDGE('',*,*,#1632,.F.);
#2158=ORIENTED_EDGE('',*,*,#1637,.F.);
#2159=ORIENTED_EDGE('',*,*,#1658,.F.);
#2160=ORIENTED_EDGE('',*,*,#1661,.T.);
#2161=ORIENTED_EDGE('',*,*,#1662,.F.);
#2162=ORIENTED_EDGE('',*,*,#1663,.T.);
#2163=ORIENTED_EDGE('',*,*,#1664,.F.);
#2164=ORIENTED_EDGE('',*,*,#1627,.F.);
#2165=ORIENTED_EDGE('',*,*,#1665,.F.);
#2166=ORIENTED_EDGE('',*,*,#1603,.T.);
#2167=ORIENTED_EDGE('',*,*,#1666,.T.);
#2168=ORIENTED_EDGE('',*,*,#1667,.T.);
#2169=ORIENTED_EDGE('',*,*,#1634,.T.);
#2170=ORIENTED_EDGE('',*,*,#1667,.F.);
#2171=ORIENTED_EDGE('',*,*,#1668,.F.);
#2172=ORIENTED_EDGE('',*,*,#1669,.F.);
#2173=ORIENTED_EDGE('',*,*,#1670,.F.);
#2174=ORIENTED_EDGE('',*,*,#1659,.F.);
#2175=ORIENTED_EDGE('',*,*,#1635,.T.);
#2176=ORIENTED_EDGE('',*,*,#1614,.T.);
#2177=ORIENTED_EDGE('',*,*,#1666,.F.);
#2178=ORIENTED_EDGE('',*,*,#1602,.T.);
#2179=ORIENTED_EDGE('',*,*,#1671,.T.);
#2180=ORIENTED_EDGE('',*,*,#1672,.T.);
#2181=ORIENTED_EDGE('',*,*,#1668,.T.);
#2182=ORIENTED_EDGE('',*,*,#1673,.T.);
#2183=ORIENTED_EDGE('',*,*,#1628,.T.);
#2184=ORIENTED_EDGE('',*,*,#1664,.T.);
#2185=ORIENTED_EDGE('',*,*,#1674,.T.);
#2186=ORIENTED_EDGE('',*,*,#1674,.F.);
#2187=ORIENTED_EDGE('',*,*,#1663,.F.);
#2188=ORIENTED_EDGE('',*,*,#1675,.F.);
#2189=ORIENTED_EDGE('',*,*,#1676,.T.);
#2190=ORIENTED_EDGE('',*,*,#1662,.T.);
#2191=ORIENTED_EDGE('',*,*,#1677,.T.);
#2192=ORIENTED_EDGE('',*,*,#1678,.T.);
#2193=ORIENTED_EDGE('',*,*,#1675,.T.);
#2194=ORIENTED_EDGE('',*,*,#1653,.F.);
#2195=ORIENTED_EDGE('',*,*,#1679,.T.);
#2196=ORIENTED_EDGE('',*,*,#1677,.F.);
#2197=ORIENTED_EDGE('',*,*,#1661,.F.);
#2198=ORIENTED_EDGE('',*,*,#1660,.F.);
#2199=ORIENTED_EDGE('',*,*,#1670,.T.);
#2200=ORIENTED_EDGE('',*,*,#1680,.T.);
#2201=ORIENTED_EDGE('',*,*,#1681,.T.);
#2202=ORIENTED_EDGE('',*,*,#1612,.F.);
#2203=ORIENTED_EDGE('',*,*,#1682,.T.);
#2204=ORIENTED_EDGE('',*,*,#1683,.T.);
#2205=ORIENTED_EDGE('',*,*,#1682,.F.);
#2206=ORIENTED_EDGE('',*,*,#1683,.F.);
#2207=ORIENTED_EDGE('',*,*,#1611,.F.);
#2208=ORIENTED_EDGE('',*,*,#1684,.T.);
#2209=ORIENTED_EDGE('',*,*,#1685,.T.);
#2210=ORIENTED_EDGE('',*,*,#1684,.F.);
#2211=ORIENTED_EDGE('',*,*,#1685,.F.);
#2212=ORIENTED_EDGE('',*,*,#1686,.F.);
#2213=ORIENTED_EDGE('',*,*,#1687,.F.);
#2214=ORIENTED_EDGE('',*,*,#1639,.F.);
#2215=ORIENTED_EDGE('',*,*,#1688,.T.);
#2216=ORIENTED_EDGE('',*,*,#1645,.F.);
#2217=ORIENTED_EDGE('',*,*,#1689,.F.);
#2218=ORIENTED_EDGE('',*,*,#1690,.F.);
#2219=ORIENTED_EDGE('',*,*,#1691,.F.);
#2220=ORIENTED_EDGE('',*,*,#1689,.T.);
#2221=ORIENTED_EDGE('',*,*,#1644,.F.);
#2222=ORIENTED_EDGE('',*,*,#1692,.T.);
#2223=ORIENTED_EDGE('',*,*,#1693,.F.);
#2224=ORIENTED_EDGE('',*,*,#1694,.T.);
#2225=ORIENTED_EDGE('',*,*,#1640,.F.);
#2226=ORIENTED_EDGE('',*,*,#1687,.T.);
#2227=ORIENTED_EDGE('',*,*,#1688,.F.);
#2228=ORIENTED_EDGE('',*,*,#1638,.F.);
#2229=ORIENTED_EDGE('',*,*,#1695,.T.);
#2230=ORIENTED_EDGE('',*,*,#1642,.F.);
#2231=ORIENTED_EDGE('',*,*,#1696,.F.);
#2232=ORIENTED_EDGE('',*,*,#1692,.F.);
#2233=ORIENTED_EDGE('',*,*,#1643,.F.);
#2234=ORIENTED_EDGE('',*,*,#1695,.F.);
#2235=ORIENTED_EDGE('',*,*,#1641,.F.);
#2236=ORIENTED_EDGE('',*,*,#1694,.F.);
#2237=ORIENTED_EDGE('',*,*,#1697,.F.);
#2238=ORIENTED_EDGE('',*,*,#1630,.T.);
#2239=ORIENTED_EDGE('',*,*,#1698,.T.);
#2240=ORIENTED_EDGE('',*,*,#1699,.T.);
#2241=ORIENTED_EDGE('',*,*,#1698,.F.);
#2242=ORIENTED_EDGE('',*,*,#1699,.F.);
#2243=ORIENTED_EDGE('',*,*,#1700,.T.);
#2244=ORIENTED_EDGE('',*,*,#1701,.T.);
#2245=ORIENTED_EDGE('',*,*,#1700,.F.);
#2246=ORIENTED_EDGE('',*,*,#1631,.T.);
#2247=ORIENTED_EDGE('',*,*,#1702,.T.);
#2248=ORIENTED_EDGE('',*,*,#1703,.T.);
#2249=ORIENTED_EDGE('',*,*,#1702,.F.);
#2250=ORIENTED_EDGE('',*,*,#1703,.F.);
#2251=ORIENTED_EDGE('',*,*,#1704,.T.);
#2252=ORIENTED_EDGE('',*,*,#1705,.T.);
#2253=ORIENTED_EDGE('',*,*,#1704,.F.);
#2254=ORIENTED_EDGE('',*,*,#1705,.F.);
#2255=ORIENTED_EDGE('',*,*,#1701,.F.);
#2256=ORIENTED_EDGE('',*,*,#1706,.T.);
#2257=ORIENTED_EDGE('',*,*,#1707,.T.);
#2258=ORIENTED_EDGE('',*,*,#1708,.T.);
#2259=ORIENTED_EDGE('',*,*,#1707,.F.);
#2260=ORIENTED_EDGE('',*,*,#1708,.F.);
#2261=ORIENTED_EDGE('',*,*,#1709,.T.);
#2262=ORIENTED_EDGE('',*,*,#1710,.T.);
#2263=ORIENTED_EDGE('',*,*,#1711,.T.);
#2264=ORIENTED_EDGE('',*,*,#1712,.T.);
#2265=ORIENTED_EDGE('',*,*,#1713,.T.);
#2266=ORIENTED_EDGE('',*,*,#1709,.F.);
#2267=ORIENTED_EDGE('',*,*,#1620,.F.);
#2268=ORIENTED_EDGE('',*,*,#1629,.F.);
#2269=ORIENTED_EDGE('',*,*,#1673,.F.);
#2270=ORIENTED_EDGE('',*,*,#1676,.F.);
#2271=ORIENTED_EDGE('',*,*,#1678,.F.);
#2272=ORIENTED_EDGE('',*,*,#1679,.F.);
#2273=ORIENTED_EDGE('',*,*,#1652,.F.);
#2274=ORIENTED_EDGE('',*,*,#1656,.T.);
#2275=ORIENTED_EDGE('',*,*,#1714,.F.);
#2276=ORIENTED_EDGE('',*,*,#1706,.F.);
#2277=ORIENTED_EDGE('',*,*,#1715,.F.);
#2278=ORIENTED_EDGE('',*,*,#1716,.T.);
#2279=ORIENTED_EDGE('',*,*,#1717,.T.);
#2280=ORIENTED_EDGE('',*,*,#1718,.T.);
#2281=ORIENTED_EDGE('',*,*,#1719,.F.);
#2282=ORIENTED_EDGE('',*,*,#1720,.F.);
#2283=ORIENTED_EDGE('',*,*,#1721,.T.);
#2284=ORIENTED_EDGE('',*,*,#1722,.T.);
#2285=ORIENTED_EDGE('',*,*,#1723,.T.);
#2286=ORIENTED_EDGE('',*,*,#1724,.F.);
#2287=ORIENTED_EDGE('',*,*,#1725,.F.);
#2288=ORIENTED_EDGE('',*,*,#1718,.F.);
#2289=ORIENTED_EDGE('',*,*,#1710,.F.);
#2290=ORIENTED_EDGE('',*,*,#1726,.F.);
#2291=ORIENTED_EDGE('',*,*,#1711,.F.);
#2292=ORIENTED_EDGE('',*,*,#1717,.F.);
#2293=ORIENTED_EDGE('',*,*,#1727,.F.);
#2294=ORIENTED_EDGE('',*,*,#1723,.F.);
#2295=ORIENTED_EDGE('',*,*,#1712,.F.);
#2296=ORIENTED_EDGE('',*,*,#1722,.F.);
#2297=ORIENTED_EDGE('',*,*,#1728,.F.);
#2298=ORIENTED_EDGE('',*,*,#1713,.F.);
#2299=ORIENTED_EDGE('',*,*,#1720,.T.);
#2300=ORIENTED_EDGE('',*,*,#1729,.F.);
#2301=ORIENTED_EDGE('',*,*,#1730,.F.);
#2302=ORIENTED_EDGE('',*,*,#1731,.F.);
#2303=ORIENTED_EDGE('',*,*,#1732,.F.);
#2304=ORIENTED_EDGE('',*,*,#1733,.T.);
#2305=ORIENTED_EDGE('',*,*,#1734,.T.);
#2306=ORIENTED_EDGE('',*,*,#1719,.T.);
#2307=ORIENTED_EDGE('',*,*,#1725,.T.);
#2308=ORIENTED_EDGE('',*,*,#1728,.T.);
#2309=ORIENTED_EDGE('',*,*,#1721,.F.);
#2310=ORIENTED_EDGE('',*,*,#1731,.T.);
#2311=ORIENTED_EDGE('',*,*,#1735,.F.);
#2312=ORIENTED_EDGE('',*,*,#1736,.T.);
#2313=ORIENTED_EDGE('',*,*,#1737,.F.);
#2314=ORIENTED_EDGE('',*,*,#1738,.F.);
#2315=ORIENTED_EDGE('',*,*,#1739,.T.);
#2316=ORIENTED_EDGE('',*,*,#1729,.T.);
#2317=ORIENTED_EDGE('',*,*,#1724,.T.);
#2318=ORIENTED_EDGE('',*,*,#1727,.T.);
#2319=ORIENTED_EDGE('',*,*,#1726,.T.);
#2320=ORIENTED_EDGE('',*,*,#1716,.F.);
#2321=ORIENTED_EDGE('',*,*,#1715,.T.);
#2322=ORIENTED_EDGE('',*,*,#1734,.F.);
#2323=ORIENTED_EDGE('',*,*,#1740,.F.);
#2324=ORIENTED_EDGE('',*,*,#1736,.F.);
#2325=ORIENTED_EDGE('',*,*,#1732,.T.);
#2326=ORIENTED_EDGE('',*,*,#1741,.F.);
#2327=ORIENTED_EDGE('',*,*,#1742,.F.);
#2328=ORIENTED_EDGE('',*,*,#1742,.T.);
#2329=ORIENTED_EDGE('',*,*,#1743,.T.);
#2330=ORIENTED_EDGE('',*,*,#1610,.F.);
#2331=ORIENTED_EDGE('',*,*,#1743,.F.);
#2332=ORIENTED_EDGE('',*,*,#1741,.T.);
#2333=ORIENTED_EDGE('',*,*,#1735,.T.);
#2334=ORIENTED_EDGE('',*,*,#1730,.T.);
#2335=ORIENTED_EDGE('',*,*,#1739,.F.);
#2336=ORIENTED_EDGE('',*,*,#1744,.T.);
#2337=ORIENTED_EDGE('',*,*,#1737,.T.);
#2338=ORIENTED_EDGE('',*,*,#1740,.T.);
#2339=ORIENTED_EDGE('',*,*,#1733,.F.);
#2340=ORIENTED_EDGE('',*,*,#1738,.T.);
#2341=ORIENTED_EDGE('',*,*,#1744,.F.);
#2342=ORIENTED_EDGE('',*,*,#1665,.T.);
#2343=ORIENTED_EDGE('',*,*,#1745,.T.);
#2344=ORIENTED_EDGE('',*,*,#1746,.T.);
#2345=ORIENTED_EDGE('',*,*,#1745,.F.);
#2346=ORIENTED_EDGE('',*,*,#1746,.F.);
#2347=ORIENTED_EDGE('',*,*,#1747,.T.);
#2348=ORIENTED_EDGE('',*,*,#1748,.T.);
#2349=ORIENTED_EDGE('',*,*,#1749,.T.);
#2350=ORIENTED_EDGE('',*,*,#1750,.T.);
#2351=ORIENTED_EDGE('',*,*,#1751,.T.);
#2352=ORIENTED_EDGE('',*,*,#1747,.F.);
#2353=ORIENTED_EDGE('',*,*,#1714,.T.);
#2354=ORIENTED_EDGE('',*,*,#1752,.T.);
#2355=ORIENTED_EDGE('',*,*,#1753,.T.);
#2356=ORIENTED_EDGE('',*,*,#1752,.F.);
#2357=ORIENTED_EDGE('',*,*,#1753,.F.);
#2358=ORIENTED_EDGE('',*,*,#1754,.T.);
#2359=ORIENTED_EDGE('',*,*,#1755,.T.);
#2360=ORIENTED_EDGE('',*,*,#1756,.T.);
#2361=ORIENTED_EDGE('',*,*,#1757,.T.);
#2362=ORIENTED_EDGE('',*,*,#1758,.T.);
#2363=ORIENTED_EDGE('',*,*,#1754,.F.);
#2364=ORIENTED_EDGE('',*,*,#1759,.F.);
#2365=ORIENTED_EDGE('',*,*,#1760,.T.);
#2366=ORIENTED_EDGE('',*,*,#1761,.T.);
#2367=ORIENTED_EDGE('',*,*,#1762,.T.);
#2368=ORIENTED_EDGE('',*,*,#1763,.F.);
#2369=ORIENTED_EDGE('',*,*,#1764,.F.);
#2370=ORIENTED_EDGE('',*,*,#1765,.T.);
#2371=ORIENTED_EDGE('',*,*,#1766,.T.);
#2372=ORIENTED_EDGE('',*,*,#1767,.T.);
#2373=ORIENTED_EDGE('',*,*,#1768,.F.);
#2374=ORIENTED_EDGE('',*,*,#1769,.F.);
#2375=ORIENTED_EDGE('',*,*,#1762,.F.);
#2376=ORIENTED_EDGE('',*,*,#1755,.F.);
#2377=ORIENTED_EDGE('',*,*,#1770,.F.);
#2378=ORIENTED_EDGE('',*,*,#1756,.F.);
#2379=ORIENTED_EDGE('',*,*,#1761,.F.);
#2380=ORIENTED_EDGE('',*,*,#1771,.F.);
#2381=ORIENTED_EDGE('',*,*,#1767,.F.);
#2382=ORIENTED_EDGE('',*,*,#1757,.F.);
#2383=ORIENTED_EDGE('',*,*,#1766,.F.);
#2384=ORIENTED_EDGE('',*,*,#1772,.F.);
#2385=ORIENTED_EDGE('',*,*,#1758,.F.);
#2386=ORIENTED_EDGE('',*,*,#1773,.F.);
#2387=ORIENTED_EDGE('',*,*,#1774,.T.);
#2388=ORIENTED_EDGE('',*,*,#1775,.T.);
#2389=ORIENTED_EDGE('',*,*,#1776,.T.);
#2390=ORIENTED_EDGE('',*,*,#1777,.F.);
#2391=ORIENTED_EDGE('',*,*,#1778,.F.);
#2392=ORIENTED_EDGE('',*,*,#1779,.T.);
#2393=ORIENTED_EDGE('',*,*,#1780,.T.);
#2394=ORIENTED_EDGE('',*,*,#1781,.T.);
#2395=ORIENTED_EDGE('',*,*,#1782,.F.);
#2396=ORIENTED_EDGE('',*,*,#1783,.F.);
#2397=ORIENTED_EDGE('',*,*,#1749,.F.);
#2398=ORIENTED_EDGE('',*,*,#1775,.F.);
#2399=ORIENTED_EDGE('',*,*,#1784,.F.);
#2400=ORIENTED_EDGE('',*,*,#1776,.F.);
#2401=ORIENTED_EDGE('',*,*,#1748,.F.);
#2402=ORIENTED_EDGE('',*,*,#1780,.F.);
#2403=ORIENTED_EDGE('',*,*,#1785,.F.);
#2404=ORIENTED_EDGE('',*,*,#1751,.F.);
#2405=ORIENTED_EDGE('',*,*,#1786,.F.);
#2406=ORIENTED_EDGE('',*,*,#1781,.F.);
#2407=ORIENTED_EDGE('',*,*,#1750,.F.);
#2408=ORIENTED_EDGE('',*,*,#1764,.T.);
#2409=ORIENTED_EDGE('',*,*,#1787,.F.);
#2410=ORIENTED_EDGE('',*,*,#1788,.F.);
#2411=ORIENTED_EDGE('',*,*,#1789,.F.);
#2412=ORIENTED_EDGE('',*,*,#1778,.T.);
#2413=ORIENTED_EDGE('',*,*,#1790,.F.);
#2414=ORIENTED_EDGE('',*,*,#1791,.F.);
#2415=ORIENTED_EDGE('',*,*,#1792,.F.);
#2416=ORIENTED_EDGE('',*,*,#1793,.F.);
#2417=ORIENTED_EDGE('',*,*,#1794,.T.);
#2418=ORIENTED_EDGE('',*,*,#1795,.T.);
#2419=ORIENTED_EDGE('',*,*,#1763,.T.);
#2420=ORIENTED_EDGE('',*,*,#1769,.T.);
#2421=ORIENTED_EDGE('',*,*,#1772,.T.);
#2422=ORIENTED_EDGE('',*,*,#1765,.F.);
#2423=ORIENTED_EDGE('',*,*,#1789,.T.);
#2424=ORIENTED_EDGE('',*,*,#1796,.F.);
#2425=ORIENTED_EDGE('',*,*,#1797,.T.);
#2426=ORIENTED_EDGE('',*,*,#1798,.F.);
#2427=ORIENTED_EDGE('',*,*,#1799,.F.);
#2428=ORIENTED_EDGE('',*,*,#1800,.T.);
#2429=ORIENTED_EDGE('',*,*,#1787,.T.);
#2430=ORIENTED_EDGE('',*,*,#1768,.T.);
#2431=ORIENTED_EDGE('',*,*,#1771,.T.);
#2432=ORIENTED_EDGE('',*,*,#1770,.T.);
#2433=ORIENTED_EDGE('',*,*,#1760,.F.);
#2434=ORIENTED_EDGE('',*,*,#1759,.T.);
#2435=ORIENTED_EDGE('',*,*,#1795,.F.);
#2436=ORIENTED_EDGE('',*,*,#1801,.F.);
#2437=ORIENTED_EDGE('',*,*,#1797,.F.);
#2438=ORIENTED_EDGE('',*,*,#1802,.F.);
#2439=ORIENTED_EDGE('',*,*,#1803,.T.);
#2440=ORIENTED_EDGE('',*,*,#1804,.T.);
#2441=ORIENTED_EDGE('',*,*,#1777,.T.);
#2442=ORIENTED_EDGE('',*,*,#1784,.T.);
#2443=ORIENTED_EDGE('',*,*,#1785,.T.);
#2444=ORIENTED_EDGE('',*,*,#1779,.F.);
#2445=ORIENTED_EDGE('',*,*,#1792,.T.);
#2446=ORIENTED_EDGE('',*,*,#1805,.F.);
#2447=ORIENTED_EDGE('',*,*,#1773,.T.);
#2448=ORIENTED_EDGE('',*,*,#1804,.F.);
#2449=ORIENTED_EDGE('',*,*,#1806,.F.);
#2450=ORIENTED_EDGE('',*,*,#1807,.F.);
#2451=ORIENTED_EDGE('',*,*,#1807,.T.);
#2452=ORIENTED_EDGE('',*,*,#1808,.F.);
#2453=ORIENTED_EDGE('',*,*,#1809,.F.);
#2454=ORIENTED_EDGE('',*,*,#1810,.T.);
#2455=ORIENTED_EDGE('',*,*,#1790,.T.);
#2456=ORIENTED_EDGE('',*,*,#1782,.T.);
#2457=ORIENTED_EDGE('',*,*,#1786,.T.);
#2458=ORIENTED_EDGE('',*,*,#1783,.T.);
#2459=ORIENTED_EDGE('',*,*,#1774,.F.);
#2460=ORIENTED_EDGE('',*,*,#1793,.T.);
#2461=ORIENTED_EDGE('',*,*,#1811,.F.);
#2462=ORIENTED_EDGE('',*,*,#1812,.F.);
#2463=ORIENTED_EDGE('',*,*,#1802,.T.);
#2464=ORIENTED_EDGE('',*,*,#1813,.F.);
#2465=ORIENTED_EDGE('',*,*,#1814,.F.);
#2466=ORIENTED_EDGE('',*,*,#1809,.T.);
#2467=ORIENTED_EDGE('',*,*,#1815,.F.);
#2468=ORIENTED_EDGE('',*,*,#1812,.T.);
#2469=ORIENTED_EDGE('',*,*,#1816,.T.);
#2470=ORIENTED_EDGE('',*,*,#1609,.F.);
#2471=ORIENTED_EDGE('',*,*,#1816,.F.);
#2472=ORIENTED_EDGE('',*,*,#1811,.T.);
#2473=ORIENTED_EDGE('',*,*,#1796,.T.);
#2474=ORIENTED_EDGE('',*,*,#1788,.T.);
#2475=ORIENTED_EDGE('',*,*,#1800,.F.);
#2476=ORIENTED_EDGE('',*,*,#1817,.T.);
#2477=ORIENTED_EDGE('',*,*,#1798,.T.);
#2478=ORIENTED_EDGE('',*,*,#1801,.T.);
#2479=ORIENTED_EDGE('',*,*,#1794,.F.);
#2480=ORIENTED_EDGE('',*,*,#1799,.T.);
#2481=ORIENTED_EDGE('',*,*,#1817,.F.);
#2482=ORIENTED_EDGE('',*,*,#1814,.T.);
#2483=ORIENTED_EDGE('',*,*,#1818,.T.);
#2484=ORIENTED_EDGE('',*,*,#1690,.T.);
#2485=ORIENTED_EDGE('',*,*,#1691,.T.);
#2486=ORIENTED_EDGE('',*,*,#1696,.T.);
#2487=ORIENTED_EDGE('',*,*,#1819,.T.);
#2488=ORIENTED_EDGE('',*,*,#1608,.F.);
#2489=ORIENTED_EDGE('',*,*,#1819,.F.);
#2490=ORIENTED_EDGE('',*,*,#1697,.T.);
#2491=ORIENTED_EDGE('',*,*,#1693,.T.);
#2492=ORIENTED_EDGE('',*,*,#1686,.T.);
#2493=ORIENTED_EDGE('',*,*,#1818,.F.);
#2494=ORIENTED_EDGE('',*,*,#1813,.T.);
#2495=ORIENTED_EDGE('',*,*,#1805,.T.);
#2496=ORIENTED_EDGE('',*,*,#1791,.T.);
#2497=ORIENTED_EDGE('',*,*,#1810,.F.);
#2498=ORIENTED_EDGE('',*,*,#1815,.T.);
#2499=ORIENTED_EDGE('',*,*,#1808,.T.);
#2500=ORIENTED_EDGE('',*,*,#1806,.T.);
#2501=ORIENTED_EDGE('',*,*,#1803,.F.);
#2502=ORIENTED_EDGE('',*,*,#1820,.F.);
#2503=ORIENTED_EDGE('',*,*,#1821,.T.);
#2504=ORIENTED_EDGE('',*,*,#1822,.T.);
#2505=ORIENTED_EDGE('',*,*,#1821,.F.);
#2506=ORIENTED_EDGE('',*,*,#1822,.F.);
#2507=ORIENTED_EDGE('',*,*,#1823,.F.);
#2508=ORIENTED_EDGE('',*,*,#1824,.T.);
#2509=ORIENTED_EDGE('',*,*,#1825,.T.);
#2510=ORIENTED_EDGE('',*,*,#1824,.F.);
#2511=ORIENTED_EDGE('',*,*,#1825,.F.);
#2512=ORIENTED_EDGE('',*,*,#1826,.F.);
#2513=ORIENTED_EDGE('',*,*,#1827,.F.);
#2514=ORIENTED_EDGE('',*,*,#1600,.F.);
#2515=ORIENTED_EDGE('',*,*,#1828,.T.);
#2516=ORIENTED_EDGE('',*,*,#1829,.F.);
#2517=ORIENTED_EDGE('',*,*,#1820,.T.);
#2518=ORIENTED_EDGE('',*,*,#1823,.T.);
#2519=ORIENTED_EDGE('',*,*,#1830,.F.);
#2520=ORIENTED_EDGE('',*,*,#1828,.F.);
#2521=ORIENTED_EDGE('',*,*,#1599,.F.);
#2522=ORIENTED_EDGE('',*,*,#1831,.F.);
#2523=ORIENTED_EDGE('',*,*,#1832,.F.);
#2524=ORIENTED_EDGE('',*,*,#1671,.F.);
#2525=ORIENTED_EDGE('',*,*,#1601,.F.);
#2526=ORIENTED_EDGE('',*,*,#1827,.T.);
#2527=ORIENTED_EDGE('',*,*,#1606,.F.);
#2528=ORIENTED_EDGE('',*,*,#1833,.T.);
#2529=ORIENTED_EDGE('',*,*,#1834,.F.);
#2530=ORIENTED_EDGE('',*,*,#1835,.F.);
#2531=ORIENTED_EDGE('',*,*,#1833,.F.);
#2532=ORIENTED_EDGE('',*,*,#1607,.F.);
#2533=ORIENTED_EDGE('',*,*,#1836,.T.);
#2534=ORIENTED_EDGE('',*,*,#1837,.F.);
#2535=ORIENTED_EDGE('',*,*,#1838,.F.);
#2536=ORIENTED_EDGE('',*,*,#1836,.F.);
#2537=ORIENTED_EDGE('',*,*,#1826,.T.);
#2538=ORIENTED_EDGE('',*,*,#1839,.F.);
#2539=ORIENTED_EDGE('',*,*,#1680,.F.);
#2540=ORIENTED_EDGE('',*,*,#1669,.T.);
#2541=ORIENTED_EDGE('',*,*,#1672,.F.);
#2542=ORIENTED_EDGE('',*,*,#1832,.T.);
#2543=ORIENTED_EDGE('',*,*,#1834,.T.);
#2544=ORIENTED_EDGE('',*,*,#1835,.T.);
#2545=ORIENTED_EDGE('',*,*,#1837,.T.);
#2546=ORIENTED_EDGE('',*,*,#1838,.T.);
#2547=ORIENTED_EDGE('',*,*,#1651,.F.);
#2548=ORIENTED_EDGE('',*,*,#1840,.T.);
#2549=ORIENTED_EDGE('',*,*,#1831,.T.);
#2550=ORIENTED_EDGE('',*,*,#1598,.T.);
#2551=ORIENTED_EDGE('',*,*,#1646,.F.);
#2552=ORIENTED_EDGE('',*,*,#1624,.F.);
#2553=ORIENTED_EDGE('',*,*,#1622,.F.);
#2554=ORIENTED_EDGE('',*,*,#1657,.F.);
#2555=ORIENTED_EDGE('',*,*,#1654,.F.);
#2556=ORIENTED_EDGE('',*,*,#1681,.F.);
#2557=ORIENTED_EDGE('',*,*,#1839,.T.);
#2558=ORIENTED_EDGE('',*,*,#1829,.T.);
#2559=ORIENTED_EDGE('',*,*,#1830,.T.);
#2560=ORIENTED_EDGE('',*,*,#1840,.F.);
#2561=ORIENTED_EDGE('',*,*,#1650,.F.);
#2562=ORIENTED_EDGE('',*,*,#1648,.T.);
#2563=ORIENTED_EDGE('',*,*,#1619,.T.);
#2564=ORIENTED_EDGE('',*,*,#1841,.T.);
#2565=ORIENTED_EDGE('',*,*,#1842,.T.);
#2566=ORIENTED_EDGE('',*,*,#1843,.T.);
#2567=ORIENTED_EDGE('',*,*,#1844,.T.);
#2568=ORIENTED_EDGE('',*,*,#1842,.F.);
#2569=ORIENTED_EDGE('',*,*,#1845,.F.);
#2570=ORIENTED_EDGE('',*,*,#1846,.F.);
#2571=ORIENTED_EDGE('',*,*,#1847,.F.);
#2572=ORIENTED_EDGE('',*,*,#1848,.F.);
#2573=ORIENTED_EDGE('',*,*,#1849,.T.);
#2574=ORIENTED_EDGE('',*,*,#1850,.T.);
#2575=ORIENTED_EDGE('',*,*,#1851,.T.);
#2576=ORIENTED_EDGE('',*,*,#1846,.T.);
#2577=ORIENTED_EDGE('',*,*,#1850,.F.);
#2578=ORIENTED_EDGE('',*,*,#1852,.F.);
#2579=ORIENTED_EDGE('',*,*,#1853,.F.);
#2580=ORIENTED_EDGE('',*,*,#1854,.F.);
#2581=ORIENTED_EDGE('',*,*,#1855,.T.);
#2582=ORIENTED_EDGE('',*,*,#1856,.T.);
#2583=ORIENTED_EDGE('',*,*,#1857,.T.);
#2584=ORIENTED_EDGE('',*,*,#1853,.T.);
#2585=ORIENTED_EDGE('',*,*,#1856,.F.);
#2586=ORIENTED_EDGE('',*,*,#1858,.F.);
#2587=ORIENTED_EDGE('',*,*,#1859,.F.);
#2588=ORIENTED_EDGE('',*,*,#1860,.F.);
#2589=ORIENTED_EDGE('',*,*,#1861,.T.);
#2590=ORIENTED_EDGE('',*,*,#1862,.T.);
#2591=ORIENTED_EDGE('',*,*,#1863,.T.);
#2592=ORIENTED_EDGE('',*,*,#1864,.T.);
#2593=ORIENTED_EDGE('',*,*,#1844,.F.);
#2594=ORIENTED_EDGE('',*,*,#1865,.F.);
#2595=ORIENTED_EDGE('',*,*,#1862,.F.);
#2596=ORIENTED_EDGE('',*,*,#1866,.F.);
#2597=ORIENTED_EDGE('',*,*,#1867,.T.);
#2598=ORIENTED_EDGE('',*,*,#1868,.T.);
#2599=ORIENTED_EDGE('',*,*,#1869,.T.);
#2600=ORIENTED_EDGE('',*,*,#1870,.T.);
#2601=ORIENTED_EDGE('',*,*,#1871,.F.);
#2602=ORIENTED_EDGE('',*,*,#1872,.F.);
#2603=ORIENTED_EDGE('',*,*,#1873,.F.);
#2604=ORIENTED_EDGE('',*,*,#1874,.F.);
#2605=ORIENTED_EDGE('',*,*,#1875,.F.);
#2606=ORIENTED_EDGE('',*,*,#1876,.T.);
#2607=ORIENTED_EDGE('',*,*,#1877,.T.);
#2608=ORIENTED_EDGE('',*,*,#1878,.T.);
#2609=ORIENTED_EDGE('',*,*,#1869,.F.);
#2610=ORIENTED_EDGE('',*,*,#1879,.T.);
#2611=ORIENTED_EDGE('',*,*,#1880,.F.);
#2612=ORIENTED_EDGE('',*,*,#1858,.T.);
#2613=ORIENTED_EDGE('',*,*,#1855,.F.);
#2614=ORIENTED_EDGE('',*,*,#1852,.T.);
#2615=ORIENTED_EDGE('',*,*,#1849,.F.);
#2616=ORIENTED_EDGE('',*,*,#1845,.T.);
#2617=ORIENTED_EDGE('',*,*,#1841,.F.);
#2618=ORIENTED_EDGE('',*,*,#1866,.T.);
#2619=ORIENTED_EDGE('',*,*,#1861,.F.);
#2620=ORIENTED_EDGE('',*,*,#1881,.T.);
#2621=ORIENTED_EDGE('',*,*,#1868,.F.);
#2622=ORIENTED_EDGE('',*,*,#1882,.F.);
#2623=ORIENTED_EDGE('',*,*,#1883,.F.);
#2624=ORIENTED_EDGE('',*,*,#1879,.F.);
#2625=ORIENTED_EDGE('',*,*,#1880,.T.);
#2626=ORIENTED_EDGE('',*,*,#1883,.T.);
#2627=ORIENTED_EDGE('',*,*,#1884,.T.);
#2628=ORIENTED_EDGE('',*,*,#1859,.T.);
#2629=ORIENTED_EDGE('',*,*,#1885,.T.);
#2630=ORIENTED_EDGE('',*,*,#1886,.T.);
#2631=ORIENTED_EDGE('',*,*,#1871,.T.);
#2632=ORIENTED_EDGE('',*,*,#1887,.T.);
#2633=ORIENTED_EDGE('',*,*,#1867,.F.);
#2634=ORIENTED_EDGE('',*,*,#1888,.T.);
#2635=ORIENTED_EDGE('',*,*,#1889,.T.);
#2636=ORIENTED_EDGE('',*,*,#1890,.F.);
#2637=ORIENTED_EDGE('',*,*,#1885,.F.);
#2638=ORIENTED_EDGE('',*,*,#1891,.F.);
#2639=ORIENTED_EDGE('',*,*,#1892,.F.);
#2640=ORIENTED_EDGE('',*,*,#1893,.F.);
#2641=ORIENTED_EDGE('',*,*,#1894,.T.);
#2642=ORIENTED_EDGE('',*,*,#1847,.T.);
#2643=ORIENTED_EDGE('',*,*,#1851,.F.);
#2644=ORIENTED_EDGE('',*,*,#1854,.T.);
#2645=ORIENTED_EDGE('',*,*,#1857,.F.);
#2646=ORIENTED_EDGE('',*,*,#1860,.T.);
#2647=ORIENTED_EDGE('',*,*,#1884,.F.);
#2648=ORIENTED_EDGE('',*,*,#1882,.T.);
#2649=ORIENTED_EDGE('',*,*,#1887,.F.);
#2650=ORIENTED_EDGE('',*,*,#1876,.F.);
#2651=ORIENTED_EDGE('',*,*,#1895,.F.);
#2652=ORIENTED_EDGE('',*,*,#1891,.T.);
#2653=ORIENTED_EDGE('',*,*,#1875,.T.);
#2654=ORIENTED_EDGE('',*,*,#1896,.T.);
#2655=ORIENTED_EDGE('',*,*,#1892,.T.);
#2656=ORIENTED_EDGE('',*,*,#1895,.T.);
#2657=ORIENTED_EDGE('',*,*,#1864,.F.);
#2658=ORIENTED_EDGE('',*,*,#1897,.F.);
#2659=ORIENTED_EDGE('',*,*,#1888,.F.);
#2660=ORIENTED_EDGE('',*,*,#1870,.F.);
#2661=ORIENTED_EDGE('',*,*,#1881,.F.);
#2662=ORIENTED_EDGE('',*,*,#1878,.F.);
#2663=ORIENTED_EDGE('',*,*,#1898,.T.);
#2664=ORIENTED_EDGE('',*,*,#1899,.T.);
#2665=ORIENTED_EDGE('',*,*,#1898,.F.);
#2666=ORIENTED_EDGE('',*,*,#1899,.F.);
#2667=ORIENTED_EDGE('',*,*,#1877,.F.);
#2668=ORIENTED_EDGE('',*,*,#1900,.T.);
#2669=ORIENTED_EDGE('',*,*,#1901,.T.);
#2670=ORIENTED_EDGE('',*,*,#1900,.F.);
#2671=ORIENTED_EDGE('',*,*,#1901,.F.);
#2672=ORIENTED_EDGE('',*,*,#1902,.F.);
#2673=ORIENTED_EDGE('',*,*,#1903,.T.);
#2674=ORIENTED_EDGE('',*,*,#1904,.T.);
#2675=ORIENTED_EDGE('',*,*,#1905,.F.);
#2676=ORIENTED_EDGE('',*,*,#1906,.F.);
#2677=ORIENTED_EDGE('',*,*,#1907,.T.);
#2678=ORIENTED_EDGE('',*,*,#1908,.T.);
#2679=ORIENTED_EDGE('',*,*,#1903,.F.);
#2680=ORIENTED_EDGE('',*,*,#1909,.F.);
#2681=ORIENTED_EDGE('',*,*,#1910,.T.);
#2682=ORIENTED_EDGE('',*,*,#1911,.T.);
#2683=ORIENTED_EDGE('',*,*,#1907,.F.);
#2684=ORIENTED_EDGE('',*,*,#1912,.F.);
#2685=ORIENTED_EDGE('',*,*,#1913,.T.);
#2686=ORIENTED_EDGE('',*,*,#1914,.T.);
#2687=ORIENTED_EDGE('',*,*,#1910,.F.);
#2688=ORIENTED_EDGE('',*,*,#1915,.F.);
#2689=ORIENTED_EDGE('',*,*,#1916,.T.);
#2690=ORIENTED_EDGE('',*,*,#1917,.T.);
#2691=ORIENTED_EDGE('',*,*,#1913,.F.);
#2692=ORIENTED_EDGE('',*,*,#1918,.F.);
#2693=ORIENTED_EDGE('',*,*,#1905,.T.);
#2694=ORIENTED_EDGE('',*,*,#1919,.T.);
#2695=ORIENTED_EDGE('',*,*,#1916,.F.);
#2696=ORIENTED_EDGE('',*,*,#1919,.F.);
#2697=ORIENTED_EDGE('',*,*,#1904,.F.);
#2698=ORIENTED_EDGE('',*,*,#1908,.F.);
#2699=ORIENTED_EDGE('',*,*,#1911,.F.);
#2700=ORIENTED_EDGE('',*,*,#1914,.F.);
#2701=ORIENTED_EDGE('',*,*,#1917,.F.);
#2702=ORIENTED_EDGE('',*,*,#1920,.F.);
#2703=ORIENTED_EDGE('',*,*,#1921,.T.);
#2704=ORIENTED_EDGE('',*,*,#1922,.T.);
#2705=ORIENTED_EDGE('',*,*,#1923,.F.);
#2706=ORIENTED_EDGE('',*,*,#1924,.F.);
#2707=ORIENTED_EDGE('',*,*,#1925,.T.);
#2708=ORIENTED_EDGE('',*,*,#1926,.T.);
#2709=ORIENTED_EDGE('',*,*,#1921,.F.);
#2710=ORIENTED_EDGE('',*,*,#1927,.F.);
#2711=ORIENTED_EDGE('',*,*,#1928,.T.);
#2712=ORIENTED_EDGE('',*,*,#1929,.T.);
#2713=ORIENTED_EDGE('',*,*,#1925,.F.);
#2714=ORIENTED_EDGE('',*,*,#1930,.F.);
#2715=ORIENTED_EDGE('',*,*,#1931,.T.);
#2716=ORIENTED_EDGE('',*,*,#1932,.T.);
#2717=ORIENTED_EDGE('',*,*,#1928,.F.);
#2718=ORIENTED_EDGE('',*,*,#1933,.F.);
#2719=ORIENTED_EDGE('',*,*,#1934,.T.);
#2720=ORIENTED_EDGE('',*,*,#1935,.T.);
#2721=ORIENTED_EDGE('',*,*,#1931,.F.);
#2722=ORIENTED_EDGE('',*,*,#1936,.F.);
#2723=ORIENTED_EDGE('',*,*,#1923,.T.);
#2724=ORIENTED_EDGE('',*,*,#1937,.T.);
#2725=ORIENTED_EDGE('',*,*,#1934,.F.);
#2726=ORIENTED_EDGE('',*,*,#1937,.F.);
#2727=ORIENTED_EDGE('',*,*,#1922,.F.);
#2728=ORIENTED_EDGE('',*,*,#1926,.F.);
#2729=ORIENTED_EDGE('',*,*,#1929,.F.);
#2730=ORIENTED_EDGE('',*,*,#1932,.F.);
#2731=ORIENTED_EDGE('',*,*,#1935,.F.);
#2732=ORIENTED_EDGE('',*,*,#1938,.F.);
#2733=ORIENTED_EDGE('',*,*,#1939,.T.);
#2734=ORIENTED_EDGE('',*,*,#1940,.F.);
#2735=ORIENTED_EDGE('',*,*,#1941,.F.);
#2736=ORIENTED_EDGE('',*,*,#1848,.T.);
#2737=ORIENTED_EDGE('',*,*,#1894,.F.);
#2738=ORIENTED_EDGE('',*,*,#1942,.F.);
#2739=ORIENTED_EDGE('',*,*,#1941,.T.);
#2740=ORIENTED_EDGE('',*,*,#1943,.F.);
#2741=ORIENTED_EDGE('',*,*,#1889,.F.);
#2742=ORIENTED_EDGE('',*,*,#1897,.T.);
#2743=ORIENTED_EDGE('',*,*,#1863,.F.);
#2744=ORIENTED_EDGE('',*,*,#1865,.T.);
#2745=ORIENTED_EDGE('',*,*,#1843,.F.);
#2746=ORIENTED_EDGE('',*,*,#1944,.T.);
#2747=ORIENTED_EDGE('',*,*,#1873,.T.);
#2748=ORIENTED_EDGE('',*,*,#1945,.F.);
#2749=ORIENTED_EDGE('',*,*,#1939,.F.);
#2750=ORIENTED_EDGE('',*,*,#1902,.T.);
#2751=ORIENTED_EDGE('',*,*,#1918,.T.);
#2752=ORIENTED_EDGE('',*,*,#1915,.T.);
#2753=ORIENTED_EDGE('',*,*,#1912,.T.);
#2754=ORIENTED_EDGE('',*,*,#1909,.T.);
#2755=ORIENTED_EDGE('',*,*,#1906,.T.);
#2756=ORIENTED_EDGE('',*,*,#1920,.T.);
#2757=ORIENTED_EDGE('',*,*,#1936,.T.);
#2758=ORIENTED_EDGE('',*,*,#1933,.T.);
#2759=ORIENTED_EDGE('',*,*,#1930,.T.);
#2760=ORIENTED_EDGE('',*,*,#1927,.T.);
#2761=ORIENTED_EDGE('',*,*,#1924,.T.);
#2762=ORIENTED_EDGE('',*,*,#1886,.F.);
#2763=ORIENTED_EDGE('',*,*,#1890,.T.);
#2764=ORIENTED_EDGE('',*,*,#1943,.T.);
#2765=ORIENTED_EDGE('',*,*,#1940,.T.);
#2766=ORIENTED_EDGE('',*,*,#1945,.T.);
#2767=ORIENTED_EDGE('',*,*,#1872,.T.);
#2768=ORIENTED_EDGE('',*,*,#1896,.F.);
#2769=ORIENTED_EDGE('',*,*,#1874,.T.);
#2770=ORIENTED_EDGE('',*,*,#1944,.F.);
#2771=ORIENTED_EDGE('',*,*,#1938,.T.);
#2772=ORIENTED_EDGE('',*,*,#1942,.T.);
#2773=ORIENTED_EDGE('',*,*,#1893,.T.);
#2774=TOROIDAL_SURFACE('',#2977,14.5,0.5);
#2775=TOROIDAL_SURFACE('',#2990,14.5,0.5);
#2776=TOROIDAL_SURFACE('',#3075,14.5,0.5);
#2777=TOROIDAL_SURFACE('',#3080,14.5,0.5);
#2778=ADVANCED_FACE('',(#775),#2774,.T.);
#2779=ADVANCED_FACE('',(#776),#729,.F.);
#2780=ADVANCED_FACE('',(#777,#56,#57),#90,.T.);
#2781=ADVANCED_FACE('',(#778),#2775,.T.);
#2782=ADVANCED_FACE('',(#779,#58),#91,.T.);
#2783=ADVANCED_FACE('',(#780),#92,.F.);
#2784=ADVANCED_FACE('',(#781),#730,.T.);
#2785=ADVANCED_FACE('',(#782),#731,.T.);
#2786=ADVANCED_FACE('',(#783),#93,.T.);
#2787=ADVANCED_FACE('',(#784),#732,.T.);
#2788=ADVANCED_FACE('',(#785),#94,.T.);
#2789=ADVANCED_FACE('',(#786),#733,.T.);
#2790=ADVANCED_FACE('',(#787),#734,.F.);
#2791=ADVANCED_FACE('',(#788),#735,.F.);
#2792=ADVANCED_FACE('',(#789),#736,.F.);
#2793=ADVANCED_FACE('',(#790),#95,.T.);
#2794=ADVANCED_FACE('',(#791),#737,.F.);
#2795=ADVANCED_FACE('',(#792),#96,.T.);
#2796=ADVANCED_FACE('',(#793),#738,.F.);
#2797=ADVANCED_FACE('',(#794),#97,.T.);
#2798=ADVANCED_FACE('',(#795),#98,.T.);
#2799=ADVANCED_FACE('',(#796,#59,#60),#99,.T.);
#2800=ADVANCED_FACE('',(#797),#100,.T.);
#2801=ADVANCED_FACE('',(#798,#61,#62),#101,.T.);
#2802=ADVANCED_FACE('',(#799),#42,.T.);
#2803=ADVANCED_FACE('',(#800,#63,#64,#65,#66,#67,#68,#69,#70,#71),#102,
 .T.);
#2804=ADVANCED_FACE('',(#801),#25,.F.);
#2805=ADVANCED_FACE('',(#802),#43,.T.);
#2806=ADVANCED_FACE('',(#803),#26,.F.);
#2807=ADVANCED_FACE('',(#804),#739,.T.);
#2808=ADVANCED_FACE('',(#805,#72,#73),#103,.T.);
#2809=ADVANCED_FACE('',(#806),#740,.T.);
#2810=ADVANCED_FACE('',(#807,#74,#75),#104,.T.);
#2811=ADVANCED_FACE('',(#808),#741,.T.);
#2812=ADVANCED_FACE('',(#809),#105,.T.);
#2813=ADVANCED_FACE('',(#810),#742,.T.);
#2814=ADVANCED_FACE('',(#811),#743,.T.);
#2815=ADVANCED_FACE('',(#812),#106,.T.);
#2816=ADVANCED_FACE('',(#813),#744,.T.);
#2817=ADVANCED_FACE('',(#814,#76),#107,.T.);
#2818=ADVANCED_FACE('',(#815),#745,.T.);
#2819=ADVANCED_FACE('',(#816,#77),#108,.T.);
#2820=ADVANCED_FACE('',(#817),#109,.T.);
#2821=ADVANCED_FACE('',(#818),#2776,.T.);
#2822=ADVANCED_FACE('',(#819),#746,.F.);
#2823=ADVANCED_FACE('',(#820),#2777,.T.);
#2824=ADVANCED_FACE('',(#821),#110,.F.);
#2825=ADVANCED_FACE('',(#822),#747,.F.);
#2826=ADVANCED_FACE('',(#823),#111,.T.);
#2827=ADVANCED_FACE('',(#824),#748,.F.);
#2828=ADVANCED_FACE('',(#825),#112,.T.);
#2829=ADVANCED_FACE('',(#826),#113,.F.);
#2830=ADVANCED_FACE('',(#827),#749,.F.);
#2831=ADVANCED_FACE('',(#828),#750,.F.);
#2832=ADVANCED_FACE('',(#829),#751,.T.);
#2833=ADVANCED_FACE('',(#830),#114,.T.);
#2834=ADVANCED_FACE('',(#831),#27,.F.);
#2835=ADVANCED_FACE('',(#832),#752,.F.);
#2836=ADVANCED_FACE('',(#833),#28,.F.);
#2837=ADVANCED_FACE('',(#834),#753,.F.);
#2838=ADVANCED_FACE('',(#835),#115,.T.);
#2839=ADVANCED_FACE('',(#836),#116,.T.);
#2840=ADVANCED_FACE('',(#837),#29,.F.);
#2841=ADVANCED_FACE('',(#838),#754,.F.);
#2842=ADVANCED_FACE('',(#839,#78,#79),#117,.T.);
#2843=ADVANCED_FACE('',(#840),#118,.F.);
#2844=ADVANCED_FACE('',(#841),#119,.F.);
#2845=ADVANCED_FACE('',(#842),#120,.T.);
#2846=ADVANCED_FACE('',(#843),#121,.T.);
#2847=ADVANCED_FACE('',(#844),#122,.T.);
#2848=ADVANCED_FACE('',(#845),#123,.T.);
#2849=ADVANCED_FACE('',(#846),#124,.T.);
#2850=ADVANCED_FACE('',(#847),#125,.F.);
#2851=ADVANCED_FACE('',(#848),#126,.F.);
#2852=ADVANCED_FACE('',(#849),#127,.T.);
#2853=ADVANCED_FACE('',(#850),#128,.F.);
#2854=ADVANCED_FACE('',(#851),#755,.F.);
#2855=ADVANCED_FACE('',(#852),#129,.F.);
#2856=ADVANCED_FACE('',(#853),#30,.F.);
#2857=ADVANCED_FACE('',(#854),#756,.F.);
#2858=ADVANCED_FACE('',(#855),#31,.F.);
#2859=ADVANCED_FACE('',(#856),#757,.F.);
#2860=ADVANCED_FACE('',(#857),#130,.F.);
#2861=ADVANCED_FACE('',(#858),#131,.F.);
#2862=ADVANCED_FACE('',(#859),#132,.T.);
#2863=ADVANCED_FACE('',(#860),#133,.T.);
#2864=ADVANCED_FACE('',(#861),#134,.T.);
#2865=ADVANCED_FACE('',(#862),#135,.T.);
#2866=ADVANCED_FACE('',(#863),#136,.F.);
#2867=ADVANCED_FACE('',(#864),#137,.F.);
#2868=ADVANCED_FACE('',(#865),#138,.T.);
#2869=ADVANCED_FACE('',(#866),#139,.T.);
#2870=ADVANCED_FACE('',(#867),#140,.T.);
#2871=ADVANCED_FACE('',(#868),#141,.T.);
#2872=ADVANCED_FACE('',(#869),#142,.T.);
#2873=ADVANCED_FACE('',(#870),#143,.T.);
#2874=ADVANCED_FACE('',(#871),#144,.F.);
#2875=ADVANCED_FACE('',(#872),#145,.F.);
#2876=ADVANCED_FACE('',(#873),#146,.T.);
#2877=ADVANCED_FACE('',(#874),#147,.F.);
#2878=ADVANCED_FACE('',(#875),#148,.T.);
#2879=ADVANCED_FACE('',(#876),#149,.F.);
#2880=ADVANCED_FACE('',(#877),#150,.F.);
#2881=ADVANCED_FACE('',(#878),#151,.F.);
#2882=ADVANCED_FACE('',(#879),#152,.F.);
#2883=ADVANCED_FACE('',(#880),#758,.F.);
#2884=ADVANCED_FACE('',(#881),#153,.F.);
#2885=ADVANCED_FACE('',(#882),#759,.F.);
#2886=ADVANCED_FACE('',(#883),#760,.F.);
#2887=ADVANCED_FACE('',(#884),#154,.T.);
#2888=ADVANCED_FACE('',(#885),#761,.F.);
#2889=ADVANCED_FACE('',(#886),#155,.T.);
#2890=ADVANCED_FACE('',(#887,#80,#81),#156,.F.);
#2891=ADVANCED_FACE('',(#888),#157,.F.);
#2892=ADVANCED_FACE('',(#889),#158,.F.);
#2893=ADVANCED_FACE('',(#890),#762,.F.);
#2894=ADVANCED_FACE('',(#891),#763,.F.);
#2895=ADVANCED_FACE('',(#892,#82,#83),#764,.F.);
#2896=ADVANCED_FACE('',(#893),#159,.T.);
#2897=ADVANCED_FACE('',(#894,#84),#160,.T.);
#2898=ADVANCED_FACE('',(#895),#765,.F.);
#2899=ADVANCED_FACE('',(#896),#161,.F.);
#2900=ADVANCED_FACE('',(#897),#766,.F.);
#2901=ADVANCED_FACE('',(#898),#162,.F.);
#2902=ADVANCED_FACE('',(#899),#767,.F.);
#2903=ADVANCED_FACE('',(#900),#163,.F.);
#2904=ADVANCED_FACE('',(#901),#768,.F.);
#2905=ADVANCED_FACE('',(#902),#164,.F.);
#2906=ADVANCED_FACE('',(#903),#769,.T.);
#2907=ADVANCED_FACE('',(#904,#85,#86,#87),#165,.T.);
#2908=ADVANCED_FACE('',(#905),#166,.F.);
#2909=ADVANCED_FACE('',(#906),#770,.F.);
#2910=ADVANCED_FACE('',(#907),#771,.T.);
#2911=ADVANCED_FACE('',(#908),#167,.T.);
#2912=ADVANCED_FACE('',(#909),#168,.T.);
#2913=ADVANCED_FACE('',(#910),#772,.T.);
#2914=ADVANCED_FACE('',(#911),#169,.F.);
#2915=ADVANCED_FACE('',(#912),#773,.F.);
#2916=ADVANCED_FACE('',(#913),#170,.T.);
#2917=ADVANCED_FACE('',(#914),#774,.F.);
#2918=ADVANCED_FACE('',(#915),#171,.T.);
#2919=ADVANCED_FACE('',(#916),#172,.F.);
#2920=ADVANCED_FACE('',(#917),#173,.F.);
#2921=ADVANCED_FACE('',(#918),#174,.F.);
#2922=ADVANCED_FACE('',(#919),#175,.F.);
#2923=ADVANCED_FACE('',(#920),#176,.F.);
#2924=ADVANCED_FACE('',(#921),#177,.F.);
#2925=ADVANCED_FACE('',(#922),#178,.F.);
#2926=ADVANCED_FACE('',(#923),#179,.F.);
#2927=ADVANCED_FACE('',(#924),#180,.F.);
#2928=ADVANCED_FACE('',(#925),#181,.F.);
#2929=ADVANCED_FACE('',(#926),#182,.F.);
#2930=ADVANCED_FACE('',(#927),#183,.F.);
#2931=ADVANCED_FACE('',(#928),#184,.F.);
#2932=ADVANCED_FACE('',(#929),#185,.F.);
#2933=ADVANCED_FACE('',(#930),#186,.T.);
#2934=ADVANCED_FACE('',(#931),#187,.T.);
#2935=ADVANCED_FACE('',(#932,#88,#89),#188,.T.);
#2936=ADVANCED_FACE('',(#933),#189,.T.);
#2937=ADVANCED_FACE('',(#934),#190,.F.);
#2938=CLOSED_SHELL('',(#2778,#2779,#2780,#2781,#2782,#2783,#2784,#2785,
#2786,#2787,#2788,#2789,#2790,#2791,#2792,#2793,#2794,#2795,#2796,#2797,
#2798,#2799,#2800,#2801));
#2939=CLOSED_SHELL('',(#2802,#2803,#2804,#2805,#2806,#2807,#2808,#2809,
#2810,#2811,#2812,#2813,#2814,#2815,#2816,#2817,#2818,#2819,#2820,#2821,
#2822,#2823,#2824,#2825,#2826,#2827,#2828,#2829,#2830,#2831,#2832,#2833,
#2834,#2835,#2836,#2837,#2838,#2839,#2840,#2841,#2842,#2843,#2844,#2845,
#2846,#2847,#2848,#2849,#2850,#2851,#2852,#2853,#2854,#2855,#2856,#2857,
#2858,#2859,#2860,#2861,#2862,#2863,#2864,#2865,#2866,#2867,#2868,#2869,
#2870,#2871,#2872,#2873,#2874,#2875,#2876,#2877,#2878,#2879,#2880,#2881,
#2882,#2883,#2884,#2885,#2886,#2887,#2888,#2889,#2890,#2891,#2892,#2893,
#2894,#2895,#2896,#2897));
#2940=CLOSED_SHELL('',(#2898,#2899,#2900,#2901,#2902,#2903,#2904,#2905,
#2906,#2907,#2908,#2909,#2910,#2911,#2912,#2913,#2914,#2915,#2916,#2917,
#2918,#2919,#2920,#2921,#2922,#2923,#2924,#2925,#2926,#2927,#2928,#2929,
#2930,#2931,#2932,#2933,#2934,#2935,#2936,#2937));
#2941=DERIVED_UNIT_ELEMENT(#2947,1.);
#2942=DERIVED_UNIT_ELEMENT(#5194,-3.);
#2943=DERIVED_UNIT_ELEMENT(#2947,1.);
#2944=DERIVED_UNIT_ELEMENT(#5194,-3.);
#2945=DERIVED_UNIT_ELEMENT(#2947,1.);
#2946=DERIVED_UNIT_ELEMENT(#5194,-3.);
#2947=(
MASS_UNIT()
NAMED_UNIT(*)
SI_UNIT(.KILO.,.GRAM.)
);
#2948=DERIVED_UNIT((#2941,#2942));
#2949=DERIVED_UNIT((#2943,#2944));
#2950=DERIVED_UNIT((#2945,#2946));
#2951=MEASURE_REPRESENTATION_ITEM('density measure',
POSITIVE_RATIO_MEASURE(7850.),#2948);
#2952=MEASURE_REPRESENTATION_ITEM('density measure',
POSITIVE_RATIO_MEASURE(7850.),#2949);
#2953=MEASURE_REPRESENTATION_ITEM('density measure',
POSITIVE_RATIO_MEASURE(7850.),#2950);
#2954=PROPERTY_DEFINITION_REPRESENTATION(#2969,#2960);
#2955=PROPERTY_DEFINITION_REPRESENTATION(#2970,#2961);
#2956=PROPERTY_DEFINITION_REPRESENTATION(#2971,#2962);
#2957=PROPERTY_DEFINITION_REPRESENTATION(#2972,#2963);
#2958=PROPERTY_DEFINITION_REPRESENTATION(#2973,#2964);
#2959=PROPERTY_DEFINITION_REPRESENTATION(#2974,#2965);
#2960=REPRESENTATION('material name',(#2966),#5189);
#2961=REPRESENTATION('density',(#2951),#5189);
#2962=REPRESENTATION('material name',(#2967),#5190);
#2963=REPRESENTATION('density',(#2952),#5190);
#2964=REPRESENTATION('material name',(#2968),#5191);
#2965=REPRESENTATION('density',(#2953),#5191);
#2966=DESCRIPTIVE_REPRESENTATION_ITEM('Steel','Steel');
#2967=DESCRIPTIVE_REPRESENTATION_ITEM('Steel','Steel');
#2968=DESCRIPTIVE_REPRESENTATION_ITEM('Steel','Steel');
#2969=PROPERTY_DEFINITION('material property','material name',#5214);
#2970=PROPERTY_DEFINITION('material property','density of part',#5214);
#2971=PROPERTY_DEFINITION('material property','material name',#5215);
#2972=PROPERTY_DEFINITION('material property','density of part',#5215);
#2973=PROPERTY_DEFINITION('material property','material name',#5216);
#2974=PROPERTY_DEFINITION('material property','density of part',#5216);
#2975=AXIS2_PLACEMENT_3D('',#4144,#3275,#3276);
#2976=AXIS2_PLACEMENT_3D('',#4145,#3277,#3278);
#2977=AXIS2_PLACEMENT_3D('',#4146,#3279,#3280);
#2978=AXIS2_PLACEMENT_3D('',#4149,#3281,#3282);
#2979=AXIS2_PLACEMENT_3D('',#4151,#3283,#3284);
#2980=AXIS2_PLACEMENT_3D('',#4153,#3285,#3286);
#2981=AXIS2_PLACEMENT_3D('',#4154,#3287,#3288);
#2982=AXIS2_PLACEMENT_3D('',#4155,#3289,#3290);
#2983=AXIS2_PLACEMENT_3D('',#4159,#3292,#3293);
#2984=AXIS2_PLACEMENT_3D('',#4161,#3295,#3296);
#2985=AXIS2_PLACEMENT_3D('',#4165,#3298,#3299);
#2986=AXIS2_PLACEMENT_3D('',#4169,#3301,#3302);
#2987=AXIS2_PLACEMENT_3D('',#4172,#3304,#3305);
#2988=AXIS2_PLACEMENT_3D('',#4174,#3306,#3307);
#2989=AXIS2_PLACEMENT_3D('',#4176,#3308,#3309);
#2990=AXIS2_PLACEMENT_3D('',#4177,#3310,#3311);
#2991=AXIS2_PLACEMENT_3D('',#4179,#3312,#3313);
#2992=AXIS2_PLACEMENT_3D('',#4180,#3314,#3315);
#2993=AXIS2_PLACEMENT_3D('',#4181,#3316,#3317);
#2994=AXIS2_PLACEMENT_3D('',#4185,#3319,#3320);
#2995=AXIS2_PLACEMENT_3D('',#4189,#3322,#3323);
#2996=AXIS2_PLACEMENT_3D('',#4192,#3325,#3326);
#2997=AXIS2_PLACEMENT_3D('',#4193,#3327,#3328);
#2998=AXIS2_PLACEMENT_3D('',#4203,#3334,#3335);
#2999=AXIS2_PLACEMENT_3D('',#4205,#3336,#3337);
#3000=AXIS2_PLACEMENT_3D('',#4207,#3339,#3340);
#3001=AXIS2_PLACEMENT_3D('',#4210,#3342,#3343);
#3002=AXIS2_PLACEMENT_3D('',#4211,#3344,#3345);
#3003=AXIS2_PLACEMENT_3D('',#4215,#3348,#3349);
#3004=AXIS2_PLACEMENT_3D('',#4219,#3351,#3352);
#3005=AXIS2_PLACEMENT_3D('',#4221,#3354,#3355);
#3006=AXIS2_PLACEMENT_3D('',#4229,#3360,#3361);
#3007=AXIS2_PLACEMENT_3D('',#4230,#3362,#3363);
#3008=AXIS2_PLACEMENT_3D('',#4231,#3364,#3365);
#3009=AXIS2_PLACEMENT_3D('',#4233,#3366,#3367);
#3010=AXIS2_PLACEMENT_3D('',#4236,#3369,#3370);
#3011=AXIS2_PLACEMENT_3D('',#4237,#3371,#3372);
#3012=AXIS2_PLACEMENT_3D('',#4239,#3373,#3374);
#3013=AXIS2_PLACEMENT_3D('',#4242,#3376,#3377);
#3014=AXIS2_PLACEMENT_3D('',#4243,#3378,#3379);
#3015=AXIS2_PLACEMENT_3D('',#4246,#3381,#3382);
#3016=AXIS2_PLACEMENT_3D('',#4247,#3383,#3384);
#3017=AXIS2_PLACEMENT_3D('',#4248,#3385,#3386);
#3018=AXIS2_PLACEMENT_3D('',#4251,#3388,#3389);
#3019=AXIS2_PLACEMENT_3D('',#4252,#3390,#3391);
#3020=AXIS2_PLACEMENT_3D('',#4253,#3392,#3393);
#3021=AXIS2_PLACEMENT_3D('',#4256,#3395,#3396);
#3022=AXIS2_PLACEMENT_3D('',#4257,#3397,#3398);
#3023=AXIS2_PLACEMENT_3D('',#4258,#3399,#3400);
#3024=AXIS2_PLACEMENT_3D('',#4261,#3403,#3404);
#3025=AXIS2_PLACEMENT_3D('',#4263,#3406,#3407);
#3026=AXIS2_PLACEMENT_3D('',#4264,#3408,#3409);
#3027=AXIS2_PLACEMENT_3D('',#4265,#3410,#3411);
#3028=AXIS2_PLACEMENT_3D('',#4334,#3413,#3414);
#3029=AXIS2_PLACEMENT_3D('',#4337,#3415,#3416);
#3030=AXIS2_PLACEMENT_3D('',#4341,#3418,#3419);
#3031=AXIS2_PLACEMENT_3D('',#4345,#3421,#3422);
#3032=AXIS2_PLACEMENT_3D('',#4357,#3428,#3429);
#3033=AXIS2_PLACEMENT_3D('',#4371,#3431,#3432);
#3034=AXIS2_PLACEMENT_3D('',#4373,#3433,#3434);
#3035=AXIS2_PLACEMENT_3D('',#4375,#3435,#3436);
#3036=AXIS2_PLACEMENT_3D('',#4377,#3437,#3438);
#3037=AXIS2_PLACEMENT_3D('',#4379,#3439,#3440);
#3038=AXIS2_PLACEMENT_3D('',#4381,#3441,#3442);
#3039=AXIS2_PLACEMENT_3D('',#4383,#3443,#3444);
#3040=AXIS2_PLACEMENT_3D('',#4384,#3445,#3446);
#3041=AXIS2_PLACEMENT_3D('',#4387,#3448,#3449);
#3042=AXIS2_PLACEMENT_3D('',#4445,#3451,#3452);
#3043=AXIS2_PLACEMENT_3D('',#4448,#3454,#3455);
#3044=AXIS2_PLACEMENT_3D('',#4449,#3456,#3457);
#3045=AXIS2_PLACEMENT_3D('',#4452,#3458,#3459);
#3046=AXIS2_PLACEMENT_3D('',#4456,#3461,#3462);
#3047=AXIS2_PLACEMENT_3D('',#4458,#3464,#3465);
#3048=AXIS2_PLACEMENT_3D('',#4467,#3470,#3471);
#3049=AXIS2_PLACEMENT_3D('',#4470,#3473,#3474);
#3050=AXIS2_PLACEMENT_3D('',#4472,#3475,#3476);
#3051=AXIS2_PLACEMENT_3D('',#4473,#3477,#3478);
#3052=AXIS2_PLACEMENT_3D('',#4475,#3479,#3480);
#3053=AXIS2_PLACEMENT_3D('',#4477,#3482,#3483);
#3054=AXIS2_PLACEMENT_3D('',#4501,#3496,#3497);
#3055=AXIS2_PLACEMENT_3D('',#4503,#3498,#3499);
#3056=AXIS2_PLACEMENT_3D('',#4505,#3501,#3502);
#3057=AXIS2_PLACEMENT_3D('',#4509,#3505,#3506);
#3058=AXIS2_PLACEMENT_3D('',#4511,#3507,#3508);
#3059=AXIS2_PLACEMENT_3D('',#4513,#3510,#3511);
#3060=AXIS2_PLACEMENT_3D('',#4516,#3512,#3513);
#3061=AXIS2_PLACEMENT_3D('',#4520,#3515,#3516);
#3062=AXIS2_PLACEMENT_3D('',#4522,#3518,#3519);
#3063=AXIS2_PLACEMENT_3D('',#4525,#3522,#3523);
#3064=AXIS2_PLACEMENT_3D('',#4527,#3524,#3525);
#3065=AXIS2_PLACEMENT_3D('',#4529,#3526,#3527);
#3066=AXIS2_PLACEMENT_3D('',#4531,#3529,#3530);
#3067=AXIS2_PLACEMENT_3D('',#4535,#3532,#3533);
#3068=AXIS2_PLACEMENT_3D('',#4538,#3535,#3536);
#3069=AXIS2_PLACEMENT_3D('',#4540,#3537,#3538);
#3070=AXIS2_PLACEMENT_3D('',#4541,#3539,#3540);
#3071=AXIS2_PLACEMENT_3D('',#4544,#3542,#3543);
#3072=AXIS2_PLACEMENT_3D('',#4545,#3544,#3545);
#3073=AXIS2_PLACEMENT_3D('',#4551,#3549,#3550);
#3074=AXIS2_PLACEMENT_3D('',#4554,#3552,#3553);
#3075=AXIS2_PLACEMENT_3D('',#4555,#3554,#3555);
#3076=AXIS2_PLACEMENT_3D('',#4557,#3556,#3557);
#3077=AXIS2_PLACEMENT_3D('',#4558,#3558,#3559);
#3078=AXIS2_PLACEMENT_3D('',#4559,#3560,#3561);
#3079=AXIS2_PLACEMENT_3D('',#4561,#3562,#3563);
#3080=AXIS2_PLACEMENT_3D('',#4563,#3565,#3566);
#3081=AXIS2_PLACEMENT_3D('',#4565,#3567,#3568);
#3082=AXIS2_PLACEMENT_3D('',#4566,#3569,#3570);
#3083=AXIS2_PLACEMENT_3D('',#4567,#3571,#3572);
#3084=AXIS2_PLACEMENT_3D('',#4570,#3574,#3575);
#3085=AXIS2_PLACEMENT_3D('',#4572,#3577,#3578);
#3086=AXIS2_PLACEMENT_3D('',#4575,#3580,#3581);
#3087=AXIS2_PLACEMENT_3D('',#4576,#3582,#3583);
#3088=AXIS2_PLACEMENT_3D('',#4577,#3584,#3585);
#3089=AXIS2_PLACEMENT_3D('',#4580,#3587,#3588);
#3090=AXIS2_PLACEMENT_3D('',#4581,#3589,#3590);
#3091=AXIS2_PLACEMENT_3D('',#4582,#3591,#3592);
#3092=AXIS2_PLACEMENT_3D('',#4585,#3593,#3594);
#3093=AXIS2_PLACEMENT_3D('',#4586,#3595,#3596);
#3094=AXIS2_PLACEMENT_3D('',#4587,#3597,#3598);
#3095=AXIS2_PLACEMENT_3D('',#4589,#3599,#3600);
#3096=AXIS2_PLACEMENT_3D('',#4590,#3601,#3602);
#3097=AXIS2_PLACEMENT_3D('',#4591,#3603,#3604);
#3098=AXIS2_PLACEMENT_3D('',#4594,#3606,#3607);
#3099=AXIS2_PLACEMENT_3D('',#4595,#3608,#3609);
#3100=AXIS2_PLACEMENT_3D('',#4598,#3611,#3612);
#3101=AXIS2_PLACEMENT_3D('',#4599,#3613,#3614);
#3102=AXIS2_PLACEMENT_3D('',#4600,#3615,#3616);
#3103=AXIS2_PLACEMENT_3D('',#4601,#3617,#3618);
#3104=AXIS2_PLACEMENT_3D('',#4603,#3619,#3620);
#3105=AXIS2_PLACEMENT_3D('',#4604,#3621,#3622);
#3106=AXIS2_PLACEMENT_3D('',#4605,#3623,#3624);
#3107=AXIS2_PLACEMENT_3D('',#4608,#3626,#3627);
#3108=AXIS2_PLACEMENT_3D('',#4609,#3628,#3629);
#3109=AXIS2_PLACEMENT_3D('',#4612,#3631,#3632);
#3110=AXIS2_PLACEMENT_3D('',#4613,#3633,#3634);
#3111=AXIS2_PLACEMENT_3D('',#4616,#3636,#3637);
#3112=AXIS2_PLACEMENT_3D('',#4617,#3638,#3639);
#3113=AXIS2_PLACEMENT_3D('',#4620,#3641,#3642);
#3114=AXIS2_PLACEMENT_3D('',#4621,#3643,#3644);
#3115=AXIS2_PLACEMENT_3D('',#4622,#3645,#3646);
#3116=AXIS2_PLACEMENT_3D('',#4623,#3647,#3648);
#3117=AXIS2_PLACEMENT_3D('',#4625,#3649,#3650);
#3118=AXIS2_PLACEMENT_3D('',#4628,#3652,#3653);
#3119=AXIS2_PLACEMENT_3D('',#4629,#3654,#3655);
#3120=AXIS2_PLACEMENT_3D('',#4633,#3657,#3658);
#3121=AXIS2_PLACEMENT_3D('',#4635,#3659,#3660);
#3122=AXIS2_PLACEMENT_3D('',#4637,#3661,#3662);
#3123=AXIS2_PLACEMENT_3D('',#4638,#3663,#3664);
#3124=AXIS2_PLACEMENT_3D('',#4639,#3665,#3666);
#3125=AXIS2_PLACEMENT_3D('',#4641,#3667,#3668);
#3126=AXIS2_PLACEMENT_3D('',#4642,#3669,#3670);
#3127=AXIS2_PLACEMENT_3D('',#4652,#3676,#3677);
#3128=AXIS2_PLACEMENT_3D('',#4662,#3683,#3684);
#3129=AXIS2_PLACEMENT_3D('',#4664,#3686,#3687);
#3130=AXIS2_PLACEMENT_3D('',#4666,#3689,#3690);
#3131=AXIS2_PLACEMENT_3D('',#4668,#3692,#3693);
#3132=AXIS2_PLACEMENT_3D('',#4670,#3695,#3696);
#3133=AXIS2_PLACEMENT_3D('',#4674,#3698,#3699);
#3134=AXIS2_PLACEMENT_3D('',#4676,#3701,#3702);
#3135=AXIS2_PLACEMENT_3D('',#4684,#3707,#3708);
#3136=AXIS2_PLACEMENT_3D('',#4692,#3713,#3714);
#3137=AXIS2_PLACEMENT_3D('',#4693,#3715,#3716);
#3138=AXIS2_PLACEMENT_3D('',#4694,#3717,#3718);
#3139=AXIS2_PLACEMENT_3D('',#4696,#3719,#3720);
#3140=AXIS2_PLACEMENT_3D('',#4697,#3721,#3722);
#3141=AXIS2_PLACEMENT_3D('',#4698,#3723,#3724);
#3142=AXIS2_PLACEMENT_3D('',#4700,#3726,#3727);
#3143=AXIS2_PLACEMENT_3D('',#4701,#3728,#3729);
#3144=AXIS2_PLACEMENT_3D('',#4702,#3730,#3731);
#3145=AXIS2_PLACEMENT_3D('',#4705,#3733,#3734);
#3146=AXIS2_PLACEMENT_3D('',#4706,#3735,#3736);
#3147=AXIS2_PLACEMENT_3D('',#4710,#3738,#3739);
#3148=AXIS2_PLACEMENT_3D('',#4712,#3740,#3741);
#3149=AXIS2_PLACEMENT_3D('',#4714,#3742,#3743);
#3150=AXIS2_PLACEMENT_3D('',#4715,#3744,#3745);
#3151=AXIS2_PLACEMENT_3D('',#4716,#3746,#3747);
#3152=AXIS2_PLACEMENT_3D('',#4719,#3749,#3750);
#3153=AXIS2_PLACEMENT_3D('',#4720,#3751,#3752);
#3154=AXIS2_PLACEMENT_3D('',#4724,#3754,#3755);
#3155=AXIS2_PLACEMENT_3D('',#4726,#3756,#3757);
#3156=AXIS2_PLACEMENT_3D('',#4728,#3758,#3759);
#3157=AXIS2_PLACEMENT_3D('',#4729,#3760,#3761);
#3158=AXIS2_PLACEMENT_3D('',#4730,#3762,#3763);
#3159=AXIS2_PLACEMENT_3D('',#4740,#3769,#3770);
#3160=AXIS2_PLACEMENT_3D('',#4750,#3776,#3777);
#3161=AXIS2_PLACEMENT_3D('',#4752,#3779,#3780);
#3162=AXIS2_PLACEMENT_3D('',#4754,#3782,#3783);
#3163=AXIS2_PLACEMENT_3D('',#4756,#3785,#3786);
#3164=AXIS2_PLACEMENT_3D('',#4758,#3788,#3789);
#3165=AXIS2_PLACEMENT_3D('',#4768,#3795,#3796);
#3166=AXIS2_PLACEMENT_3D('',#4778,#3802,#3803);
#3167=AXIS2_PLACEMENT_3D('',#4780,#3805,#3806);
#3168=AXIS2_PLACEMENT_3D('',#4782,#3808,#3809);
#3169=AXIS2_PLACEMENT_3D('',#4784,#3811,#3812);
#3170=AXIS2_PLACEMENT_3D('',#4786,#3814,#3815);
#3171=AXIS2_PLACEMENT_3D('',#4790,#3817,#3818);
#3172=AXIS2_PLACEMENT_3D('',#4792,#3820,#3821);
#3173=AXIS2_PLACEMENT_3D('',#4796,#3823,#3824);
#3174=AXIS2_PLACEMENT_3D('',#4798,#3826,#3827);
#3175=AXIS2_PLACEMENT_3D('',#4806,#3832,#3833);
#3176=AXIS2_PLACEMENT_3D('',#4814,#3838,#3839);
#3177=AXIS2_PLACEMENT_3D('',#4815,#3840,#3841);
#3178=AXIS2_PLACEMENT_3D('',#4816,#3842,#3843);
#3179=AXIS2_PLACEMENT_3D('',#4824,#3848,#3849);
#3180=AXIS2_PLACEMENT_3D('',#4826,#3850,#3851);
#3181=AXIS2_PLACEMENT_3D('',#4828,#3853,#3854);
#3182=AXIS2_PLACEMENT_3D('',#4834,#3858,#3859);
#3183=AXIS2_PLACEMENT_3D('',#4836,#3860,#3861);
#3184=AXIS2_PLACEMENT_3D('',#4837,#3862,#3863);
#3185=AXIS2_PLACEMENT_3D('',#4838,#3864,#3865);
#3186=AXIS2_PLACEMENT_3D('',#4840,#3866,#3867);
#3187=AXIS2_PLACEMENT_3D('',#4841,#3868,#3869);
#3188=AXIS2_PLACEMENT_3D('',#4842,#3870,#3871);
#3189=AXIS2_PLACEMENT_3D('',#4843,#3872,#3873);
#3190=AXIS2_PLACEMENT_3D('',#4844,#3874,#3875);
#3191=AXIS2_PLACEMENT_3D('',#4846,#3877,#3878);
#3192=AXIS2_PLACEMENT_3D('',#4847,#3879,#3880);
#3193=AXIS2_PLACEMENT_3D('',#4848,#3881,#3882);
#3194=AXIS2_PLACEMENT_3D('',#4851,#3885,#3886);
#3195=AXIS2_PLACEMENT_3D('',#4853,#3887,#3888);
#3196=AXIS2_PLACEMENT_3D('',#4856,#3890,#3891);
#3197=AXIS2_PLACEMENT_3D('',#4857,#3892,#3893);
#3198=AXIS2_PLACEMENT_3D('',#4858,#3894,#3895);
#3199=AXIS2_PLACEMENT_3D('',#4860,#3896,#3897);
#3200=AXIS2_PLACEMENT_3D('',#4863,#3899,#3900);
#3201=AXIS2_PLACEMENT_3D('',#4864,#3901,#3902);
#3202=AXIS2_PLACEMENT_3D('',#4865,#3903,#3904);
#3203=AXIS2_PLACEMENT_3D('',#4868,#3905,#3906);
#3204=AXIS2_PLACEMENT_3D('',#4873,#3910,#3911);
#3205=AXIS2_PLACEMENT_3D('',#4877,#3914,#3915);
#3206=AXIS2_PLACEMENT_3D('',#4879,#3917,#3918);
#3207=AXIS2_PLACEMENT_3D('',#4919,#3920,#3921);
#3208=AXIS2_PLACEMENT_3D('',#4959,#3923,#3924);
#3209=AXIS2_PLACEMENT_3D('',#4961,#3926,#3927);
#3210=AXIS2_PLACEMENT_3D('',#4963,#3929,#3930);
#3211=AXIS2_PLACEMENT_3D('',#4964,#3931,#3932);
#3212=AXIS2_PLACEMENT_3D('',#4965,#3933,#3934);
#3213=AXIS2_PLACEMENT_3D('',#4968,#3935,#3936);
#3214=AXIS2_PLACEMENT_3D('',#4972,#3938,#3939);
#3215=AXIS2_PLACEMENT_3D('',#4974,#3941,#3942);
#3216=AXIS2_PLACEMENT_3D('',#4982,#3947,#3948);
#3217=AXIS2_PLACEMENT_3D('',#4984,#3949,#3950);
#3218=AXIS2_PLACEMENT_3D('',#4987,#3952,#3953);
#3219=AXIS2_PLACEMENT_3D('',#4988,#3954,#3955);
#3220=AXIS2_PLACEMENT_3D('',#4994,#3959,#3960);
#3221=AXIS2_PLACEMENT_3D('',#4996,#3961,#3962);
#3222=AXIS2_PLACEMENT_3D('',#4999,#3964,#3965);
#3223=AXIS2_PLACEMENT_3D('',#5000,#3966,#3967);
#3224=AXIS2_PLACEMENT_3D('',#5006,#3971,#3972);
#3225=AXIS2_PLACEMENT_3D('',#5009,#3973,#3974);
#3226=AXIS2_PLACEMENT_3D('',#5013,#3976,#3977);
#3227=AXIS2_PLACEMENT_3D('',#5015,#3979,#3980);
#3228=AXIS2_PLACEMENT_3D('',#5018,#3983,#3984);
#3229=AXIS2_PLACEMENT_3D('',#5021,#3985,#3986);
#3230=AXIS2_PLACEMENT_3D('',#5025,#3988,#3989);
#3231=AXIS2_PLACEMENT_3D('',#5027,#3991,#3992);
#3232=AXIS2_PLACEMENT_3D('',#5030,#3993,#3994);
#3233=AXIS2_PLACEMENT_3D('',#5038,#3998,#3999);
#3234=AXIS2_PLACEMENT_3D('',#5041,#4001,#4002);
#3235=AXIS2_PLACEMENT_3D('',#5043,#4003,#4004);
#3236=AXIS2_PLACEMENT_3D('',#5046,#4006,#4007);
#3237=AXIS2_PLACEMENT_3D('',#5048,#4009,#4010);
#3238=AXIS2_PLACEMENT_3D('',#5052,#4013,#4014);
#3239=AXIS2_PLACEMENT_3D('',#5053,#4015,#4016);
#3240=AXIS2_PLACEMENT_3D('',#5054,#4017,#4018);
#3241=AXIS2_PLACEMENT_3D('',#5057,#4019,#4020);
#3242=AXIS2_PLACEMENT_3D('',#5060,#4023,#4024);
#3243=AXIS2_PLACEMENT_3D('',#5069,#4029,#4030);
#3244=AXIS2_PLACEMENT_3D('',#5073,#4033,#4034);
#3245=AXIS2_PLACEMENT_3D('',#5075,#4036,#4037);
#3246=AXIS2_PLACEMENT_3D('',#5077,#4039,#4040);
#3247=AXIS2_PLACEMENT_3D('',#5079,#4042,#4043);
#3248=AXIS2_PLACEMENT_3D('',#5082,#4045,#4046);
#3249=AXIS2_PLACEMENT_3D('',#5083,#4047,#4048);
#3250=AXIS2_PLACEMENT_3D('',#5084,#4049,#4050);
#3251=AXIS2_PLACEMENT_3D('',#5087,#4052,#4053);
#3252=AXIS2_PLACEMENT_3D('',#5088,#4054,#4055);
#3253=AXIS2_PLACEMENT_3D('',#5089,#4056,#4057);
#3254=AXIS2_PLACEMENT_3D('',#5098,#4062,#4063);
#3255=AXIS2_PLACEMENT_3D('',#5104,#4067,#4068);
#3256=AXIS2_PLACEMENT_3D('',#5110,#4072,#4073);
#3257=AXIS2_PLACEMENT_3D('',#5116,#4077,#4078);
#3258=AXIS2_PLACEMENT_3D('',#5122,#4082,#4083);
#3259=AXIS2_PLACEMENT_3D('',#5125,#4086,#4087);
#3260=AXIS2_PLACEMENT_3D('',#5126,#4088,#4089);
#3261=AXIS2_PLACEMENT_3D('',#5135,#4094,#4095);
#3262=AXIS2_PLACEMENT_3D('',#5141,#4099,#4100);
#3263=AXIS2_PLACEMENT_3D('',#5147,#4104,#4105);
#3264=AXIS2_PLACEMENT_3D('',#5153,#4109,#4110);
#3265=AXIS2_PLACEMENT_3D('',#5159,#4114,#4115);
#3266=AXIS2_PLACEMENT_3D('',#5162,#4118,#4119);
#3267=AXIS2_PLACEMENT_3D('',#5163,#4120,#4121);
#3268=AXIS2_PLACEMENT_3D('',#5172,#4126,#4127);
#3269=AXIS2_PLACEMENT_3D('',#5175,#4130,#4131);
#3270=AXIS2_PLACEMENT_3D('',#5178,#4134,#4135);
#3271=AXIS2_PLACEMENT_3D('',#5179,#4136,#4137);
#3272=AXIS2_PLACEMENT_3D('',#5180,#4138,#4139);
#3273=AXIS2_PLACEMENT_3D('',#5181,#4140,#4141);
#3274=AXIS2_PLACEMENT_3D('',#5182,#4142,#4143);
#3275=DIRECTION('axis',(0.,0.,1.));
#3276=DIRECTION('refdir',(1.,0.,0.));
#3277=DIRECTION('axis',(0.,0.,1.));
#3278=DIRECTION('refdir',(1.,0.,0.));
#3279=DIRECTION('center_axis',(0.,0.,-1.));
#3280=DIRECTION('ref_axis',(-1.,0.,0.));
#3281=DIRECTION('center_axis',(-1.15555796663234E-33,-1.,0.));
#3282=DIRECTION('ref_axis',(-1.,1.15555796663234E-33,0.));
#3283=DIRECTION('center_axis',(0.,0.,1.));
#3284=DIRECTION('ref_axis',(0.,-1.,0.));
#3285=DIRECTION('center_axis',(-6.60847038467355E-17,-1.,0.));
#3286=DIRECTION('ref_axis',(1.,-6.60847038467355E-17,0.));
#3287=DIRECTION('center_axis',(0.,0.,-1.));
#3288=DIRECTION('ref_axis',(0.,-1.,0.));
#3289=DIRECTION('center_axis',(0.,0.,1.));
#3290=DIRECTION('ref_axis',(-1.,-8.25398547594529E-34,0.));
#3291=DIRECTION('',(0.,0.,1.));
#3292=DIRECTION('center_axis',(0.,0.,1.));
#3293=DIRECTION('ref_axis',(0.,-1.,0.));
#3294=DIRECTION('',(0.,0.,1.));
#3295=DIRECTION('center_axis',(6.60847038467355E-17,1.,0.));
#3296=DIRECTION('ref_axis',(-1.,6.60847038467355E-17,0.));
#3297=DIRECTION('',(-1.,6.60847038467355E-17,0.));
#3298=DIRECTION('center_axis',(-6.60847038467355E-17,-1.,0.));
#3299=DIRECTION('ref_axis',(0.707106781186549,0.,0.707106781186546));
#3300=DIRECTION('',(0.,0.,1.));
#3301=DIRECTION('center_axis',(-6.60847038467355E-17,-1.,0.));
#3302=DIRECTION('ref_axis',(0.707106781186549,0.,-0.707106781186546));
#3303=DIRECTION('',(-1.,6.60847038467355E-17,0.));
#3304=DIRECTION('center_axis',(-6.60847038467355E-17,-1.,0.));
#3305=DIRECTION('ref_axis',(1.,-6.60847038467355E-17,0.));
#3306=DIRECTION('center_axis',(-6.60847038467355E-17,-1.,0.));
#3307=DIRECTION('ref_axis',(-1.,0.,0.));
#3308=DIRECTION('center_axis',(-6.60847038467355E-17,-1.,0.));
#3309=DIRECTION('ref_axis',(-1.,0.,0.));
#3310=DIRECTION('center_axis',(0.,0.,1.));
#3311=DIRECTION('ref_axis',(1.,0.,0.));
#3312=DIRECTION('center_axis',(0.,0.,-1.));
#3313=DIRECTION('ref_axis',(0.,-1.,0.));
#3314=DIRECTION('center_axis',(-1.15555796663234E-33,-1.,0.));
#3315=DIRECTION('ref_axis',(-1.,1.15555796663234E-33,0.));
#3316=DIRECTION('center_axis',(1.15555796663234E-33,1.,0.));
#3317=DIRECTION('ref_axis',(-1.,1.15555796663234E-33,0.));
#3318=DIRECTION('',(1.,-1.15555796663234E-33,0.));
#3319=DIRECTION('center_axis',(-1.15555796663234E-33,-1.,0.));
#3320=DIRECTION('ref_axis',(-0.707106781186548,0.,-0.707106781186547));
#3321=DIRECTION('',(0.,0.,1.));
#3322=DIRECTION('center_axis',(-1.15555796663234E-33,-1.,0.));
#3323=DIRECTION('ref_axis',(-0.707106781186547,0.,0.707106781186548));
#3324=DIRECTION('',(-1.,1.15555796663234E-33,0.));
#3325=DIRECTION('center_axis',(-1.15555796663234E-33,-1.,0.));
#3326=DIRECTION('ref_axis',(-1.,0.,0.));
#3327=DIRECTION('center_axis',(0.,0.,1.));
#3328=DIRECTION('ref_axis',(1.,0.,0.));
#3329=DIRECTION('',(0.,1.,0.));
#3330=DIRECTION('',(1.,-1.62076353959877E-16,0.));
#3331=DIRECTION('',(0.,1.,0.));
#3332=DIRECTION('',(1.,0.,0.));
#3333=DIRECTION('',(1.22464679914735E-16,-1.,0.));
#3334=DIRECTION('center_axis',(1.22464679914735E-16,-1.,0.));
#3335=DIRECTION('ref_axis',(-0.707106781186548,0.,-0.707106781186547));
#3336=DIRECTION('center_axis',(0.,-1.,0.));
#3337=DIRECTION('ref_axis',(-0.707106781186548,0.,-0.707106781186547));
#3338=DIRECTION('',(-1.22464679914735E-16,1.,0.));
#3339=DIRECTION('center_axis',(0.,1.,0.));
#3340=DIRECTION('ref_axis',(0.707106781186549,0.,-0.707106781186546));
#3341=DIRECTION('',(0.,-1.,0.));
#3342=DIRECTION('center_axis',(1.62076353959877E-16,1.,0.));
#3343=DIRECTION('ref_axis',(0.707106781186549,0.,-0.707106781186546));
#3344=DIRECTION('center_axis',(1.,0.,0.));
#3345=DIRECTION('ref_axis',(0.,1.,0.));
#3346=DIRECTION('',(0.,1.,0.));
#3347=DIRECTION('',(0.,0.,1.));
#3348=DIRECTION('center_axis',(1.22464679914735E-16,-1.,0.));
#3349=DIRECTION('ref_axis',(-0.707106781186547,0.,0.707106781186548));
#3350=DIRECTION('',(1.22464679914735E-16,-1.,0.));
#3351=DIRECTION('center_axis',(0.,-1.,0.));
#3352=DIRECTION('ref_axis',(-0.707106781186547,0.,0.707106781186548));
#3353=DIRECTION('',(-1.22464679914735E-16,1.,0.));
#3354=DIRECTION('center_axis',(0.,0.,1.));
#3355=DIRECTION('ref_axis',(1.,0.,0.));
#3356=DIRECTION('',(-1.,0.,0.));
#3357=DIRECTION('',(0.,-1.,0.));
#3358=DIRECTION('',(1.,-1.62076353959877E-16,0.));
#3359=DIRECTION('',(0.,-1.,0.));
#3360=DIRECTION('center_axis',(0.,1.,0.));
#3361=DIRECTION('ref_axis',(0.707106781186549,0.,0.707106781186546));
#3362=DIRECTION('center_axis',(1.62076353959877E-16,1.,0.));
#3363=DIRECTION('ref_axis',(0.707106781186549,0.,0.707106781186546));
#3364=DIRECTION('center_axis',(0.,-1.,0.));
#3365=DIRECTION('ref_axis',(-1.,0.,0.));
#3366=DIRECTION('center_axis',(0.,-1.,0.));
#3367=DIRECTION('ref_axis',(-1.,0.,0.));
#3368=DIRECTION('',(0.,-1.,0.));
#3369=DIRECTION('center_axis',(1.62076353959877E-16,1.,0.));
#3370=DIRECTION('ref_axis',(-1.,0.,0.));
#3371=DIRECTION('center_axis',(0.,-1.,0.));
#3372=DIRECTION('ref_axis',(-1.,0.,0.));
#3373=DIRECTION('center_axis',(0.,-1.,0.));
#3374=DIRECTION('ref_axis',(-1.,0.,0.));
#3375=DIRECTION('',(0.,-1.,0.));
#3376=DIRECTION('center_axis',(1.62076353959877E-16,1.,0.));
#3377=DIRECTION('ref_axis',(-1.,0.,0.));
#3378=DIRECTION('center_axis',(0.,-1.,0.));
#3379=DIRECTION('ref_axis',(-1.,0.,0.));
#3380=DIRECTION('',(0.,-1.,0.));
#3381=DIRECTION('center_axis',(0.,-1.,0.));
#3382=DIRECTION('ref_axis',(-1.,0.,0.));
#3383=DIRECTION('center_axis',(0.,1.,0.));
#3384=DIRECTION('ref_axis',(-1.,0.,0.));
#3385=DIRECTION('center_axis',(0.,-1.,0.));
#3386=DIRECTION('ref_axis',(-1.,0.,0.));
#3387=DIRECTION('',(0.,-1.,0.));
#3388=DIRECTION('center_axis',(0.,-1.,0.));
#3389=DIRECTION('ref_axis',(-1.,0.,0.));
#3390=DIRECTION('center_axis',(0.,1.,0.));
#3391=DIRECTION('ref_axis',(-1.,0.,0.));
#3392=DIRECTION('center_axis',(0.,-1.,0.));
#3393=DIRECTION('ref_axis',(-1.,0.,0.));
#3394=DIRECTION('',(0.,-1.,0.));
#3395=DIRECTION('center_axis',(0.,-1.,0.));
#3396=DIRECTION('ref_axis',(-1.,0.,0.));
#3397=DIRECTION('center_axis',(0.,1.,0.));
#3398=DIRECTION('ref_axis',(-1.,0.,0.));
#3399=DIRECTION('center_axis',(-1.,0.,0.));
#3400=DIRECTION('ref_axis',(0.,-1.,0.));
#3401=DIRECTION('',(0.,0.,1.));
#3402=DIRECTION('',(0.,0.,1.));
#3403=DIRECTION('center_axis',(0.,1.,0.));
#3404=DIRECTION('ref_axis',(-1.,0.,0.));
#3405=DIRECTION('',(0.,0.,1.));
#3406=DIRECTION('center_axis',(-1.,-1.22464679914735E-16,0.));
#3407=DIRECTION('ref_axis',(1.22464679914735E-16,-1.,0.));
#3408=DIRECTION('center_axis',(-1.62076353959877E-16,-1.,0.));
#3409=DIRECTION('ref_axis',(1.,-1.62076353959877E-16,0.));
#3410=DIRECTION('axis',(0.,0.,1.));
#3411=DIRECTION('refdir',(1.,0.,0.));
#3412=DIRECTION('',(0.674915182477721,-0.737895315380891,-3.28996310484334E-15));
#3413=DIRECTION('center_axis',(0.,1.,0.));
#3414=DIRECTION('ref_axis',(-1.,0.,0.));
#3415=DIRECTION('center_axis',(0.,-1.,0.));
#3416=DIRECTION('ref_axis',(-0.707106781186547,-7.85046229341887E-16,0.707106781186548));
#3417=DIRECTION('',(-1.,0.,0.));
#3418=DIRECTION('center_axis',(0.,-1.,0.));
#3419=DIRECTION('ref_axis',(0.707106781186546,0.,0.707106781186549));
#3420=DIRECTION('',(0.,0.,1.));
#3421=DIRECTION('center_axis',(0.,-1.,0.));
#3422=DIRECTION('ref_axis',(0.707106781186546,0.,-0.707106781186549));
#3423=DIRECTION('',(1.,0.,0.));
#3424=DIRECTION('',(0.,0.,1.));
#3425=DIRECTION('',(-1.,0.,0.));
#3426=DIRECTION('',(0.,0.,-1.));
#3427=DIRECTION('',(1.,0.,0.));
#3428=DIRECTION('center_axis',(0.,-1.,0.));
#3429=DIRECTION('ref_axis',(-0.707106781186547,-5.88784672006415E-16,-0.707106781186548));
#3430=DIRECTION('',(0.,0.,-1.));
#3431=DIRECTION('center_axis',(0.,-1.,0.));
#3432=DIRECTION('ref_axis',(-1.,0.,0.));
#3433=DIRECTION('center_axis',(0.,-1.,0.));
#3434=DIRECTION('ref_axis',(-1.,0.,0.));
#3435=DIRECTION('center_axis',(0.,-1.,0.));
#3436=DIRECTION('ref_axis',(1.,0.,0.));
#3437=DIRECTION('center_axis',(0.,-1.,0.));
#3438=DIRECTION('ref_axis',(1.,0.,0.));
#3439=DIRECTION('center_axis',(0.,-1.,0.));
#3440=DIRECTION('ref_axis',(1.,0.,0.));
#3441=DIRECTION('center_axis',(0.,-1.,0.));
#3442=DIRECTION('ref_axis',(-1.,0.,0.));
#3443=DIRECTION('center_axis',(0.,-1.,0.));
#3444=DIRECTION('ref_axis',(-1.,0.,0.));
#3445=DIRECTION('center_axis',(0.174164320116788,0.984716603697865,0.));
#3446=DIRECTION('ref_axis',(3.63384004082301E-14,-6.42708041833002E-15,
-1.));
#3447=DIRECTION('',(-0.173501097176189,-0.980966773416209,-0.0871869183539102));
#3448=DIRECTION('center_axis',(-6.48305415839507E-16,1.,0.));
#3449=DIRECTION('ref_axis',(-0.0152411252577257,-1.11022302462516E-15,-0.999883847304715));
#3450=DIRECTION('',(0.793115222194267,-0.609071624953698,0.));
#3451=DIRECTION('center_axis',(-0.174164320116788,0.984716603697865,0.));
#3452=DIRECTION('ref_axis',(5.85073621803514E-17,1.03480482787656E-17,1.));
#3453=DIRECTION('',(0.173501097176192,-0.980966773416208,0.0871869183539108));
#3454=DIRECTION('center_axis',(-7.24058494320754E-16,1.,0.));
#3455=DIRECTION('ref_axis',(0.0152411252577612,-1.11022302462516E-15,0.999883847304714));
#3456=DIRECTION('center_axis',(0.,1.,0.));
#3457=DIRECTION('ref_axis',(0.707106781186549,0.,0.707106781186546));
#3458=DIRECTION('center_axis',(0.,1.,0.));
#3459=DIRECTION('ref_axis',(0.707106781186549,0.,0.707106781186546));
#3460=DIRECTION('',(0.,1.,0.));
#3461=DIRECTION('center_axis',(-7.24058494320754E-16,1.,0.));
#3462=DIRECTION('ref_axis',(0.707106781186549,0.,0.707106781186546));
#3463=DIRECTION('',(0.,-1.,0.));
#3464=DIRECTION('center_axis',(0.,0.,1.));
#3465=DIRECTION('ref_axis',(1.,0.,0.));
#3466=DIRECTION('',(1.,7.24058494320754E-16,0.));
#3467=DIRECTION('',(0.,-1.,0.));
#3468=DIRECTION('',(-6.57909940518611E-16,1.,0.));
#3469=DIRECTION('',(1.,-8.88178419700125E-16,0.));
#3470=DIRECTION('center_axis',(0.,0.,1.));
#3471=DIRECTION('ref_axis',(1.90323947078598E-15,1.,0.));
#3472=DIRECTION('',(1.,0.,0.));
#3473=DIRECTION('center_axis',(0.,0.,1.));
#3474=DIRECTION('ref_axis',(-1.,0.,0.));
#3475=DIRECTION('center_axis',(0.,0.,1.));
#3476=DIRECTION('ref_axis',(-1.,0.,0.));
#3477=DIRECTION('center_axis',(6.57909940518611E-16,-1.,0.));
#3478=DIRECTION('ref_axis',(-0.707106781186547,-7.85046229341887E-16,0.707106781186548));
#3479=DIRECTION('center_axis',(8.88178419700125E-16,1.,0.));
#3480=DIRECTION('ref_axis',(-0.707106781186547,-7.85046229341887E-16,0.707106781186548));
#3481=DIRECTION('',(6.57909940518611E-16,-1.,0.));
#3482=DIRECTION('center_axis',(-1.,-6.57909940518611E-16,0.));
#3483=DIRECTION('ref_axis',(6.57909940518611E-16,-1.,0.));
#3484=DIRECTION('',(-6.57909940518611E-16,1.,0.));
#3485=DIRECTION('',(0.,0.,-1.));
#3486=DIRECTION('',(-6.57909940518611E-16,1.,0.));
#3487=DIRECTION('',(0.,0.,1.));
#3488=DIRECTION('',(0.,-1.,0.));
#3489=DIRECTION('',(0.,0.,-1.));
#3490=DIRECTION('',(0.,1.,0.));
#3491=DIRECTION('',(0.,0.,1.));
#3492=DIRECTION('',(0.,1.,0.));
#3493=DIRECTION('',(0.,0.,1.));
#3494=DIRECTION('',(0.,-1.,0.));
#3495=DIRECTION('',(0.,0.,-1.));
#3496=DIRECTION('center_axis',(0.,1.,0.));
#3497=DIRECTION('ref_axis',(0.707106781186546,0.,0.707106781186549));
#3498=DIRECTION('center_axis',(-7.24058494320754E-16,1.,0.));
#3499=DIRECTION('ref_axis',(0.707106781186546,0.,0.707106781186549));
#3500=DIRECTION('',(0.,1.,0.));
#3501=DIRECTION('center_axis',(1.,0.,0.));
#3502=DIRECTION('ref_axis',(0.,1.,0.));
#3503=DIRECTION('',(0.,0.,1.));
#3504=DIRECTION('',(0.,-1.,0.));
#3505=DIRECTION('center_axis',(0.,-1.,0.));
#3506=DIRECTION('ref_axis',(0.707106781186546,0.,-0.707106781186549));
#3507=DIRECTION('center_axis',(-7.24058494320754E-16,1.,0.));
#3508=DIRECTION('ref_axis',(0.707106781186546,0.,-0.707106781186549));
#3509=DIRECTION('',(0.,1.,0.));
#3510=DIRECTION('center_axis',(0.,-1.,0.));
#3511=DIRECTION('ref_axis',(0.707106781186549,0.,-0.707106781186546));
#3512=DIRECTION('center_axis',(0.,1.,0.));
#3513=DIRECTION('ref_axis',(0.707106781186549,0.,-0.707106781186546));
#3514=DIRECTION('',(0.,1.,0.));
#3515=DIRECTION('center_axis',(-7.24058494320754E-16,1.,0.));
#3516=DIRECTION('ref_axis',(0.707106781186549,0.,-0.707106781186546));
#3517=DIRECTION('',(0.,-1.,0.));
#3518=DIRECTION('center_axis',(1.,0.,0.));
#3519=DIRECTION('ref_axis',(0.,1.,0.));
#3520=DIRECTION('',(0.,0.,1.));
#3521=DIRECTION('',(0.,0.,1.));
#3522=DIRECTION('center_axis',(6.57909940518611E-16,-1.,0.));
#3523=DIRECTION('ref_axis',(-0.707106781186548,-7.85046229341887E-16,-0.707106781186547));
#3524=DIRECTION('center_axis',(8.88178419700125E-16,1.,0.));
#3525=DIRECTION('ref_axis',(-0.707106781186548,-7.85046229341887E-16,-0.707106781186547));
#3526=DIRECTION('center_axis',(-6.48305415839507E-16,1.,0.));
#3527=DIRECTION('ref_axis',(-0.707106781186548,-7.85046229341887E-16,-0.707106781186547));
#3528=DIRECTION('',(6.57909940518611E-16,-1.,0.));
#3529=DIRECTION('center_axis',(-8.88178419700125E-16,-1.,0.));
#3530=DIRECTION('ref_axis',(1.,-8.88178419700125E-16,0.));
#3531=DIRECTION('',(1.,-8.88178419700125E-16,0.));
#3532=DIRECTION('center_axis',(8.88178419700125E-16,1.,0.));
#3533=DIRECTION('ref_axis',(-1.,8.88178419700125E-16,0.));
#3534=DIRECTION('',(0.,0.,1.));
#3535=DIRECTION('center_axis',(8.88178419700125E-16,1.,0.));
#3536=DIRECTION('ref_axis',(-1.,8.88178419700125E-16,0.));
#3537=DIRECTION('center_axis',(-8.88178419700125E-16,-1.,0.));
#3538=DIRECTION('ref_axis',(1.,-8.88178419700125E-16,0.));
#3539=DIRECTION('center_axis',(-6.57909940518611E-16,1.,0.));
#3540=DIRECTION('ref_axis',(-0.707106781186547,-5.88784672006415E-16,-0.707106781186548));
#3541=DIRECTION('',(6.57909940518611E-16,-1.,0.));
#3542=DIRECTION('center_axis',(-6.48305415839507E-16,1.,0.));
#3543=DIRECTION('ref_axis',(-0.707106781186547,-5.88784672006415E-16,-0.707106781186548));
#3544=DIRECTION('center_axis',(6.48305415839507E-16,-1.,0.));
#3545=DIRECTION('ref_axis',(-1.,-6.48305415839507E-16,0.));
#3546=DIRECTION('',(-1.,-6.48305415839507E-16,0.));
#3547=DIRECTION('',(0.,0.,-1.));
#3548=DIRECTION('',(1.,6.48305415839507E-16,0.));
#3549=DIRECTION('center_axis',(0.,0.,-1.));
#3550=DIRECTION('ref_axis',(1.,0.,0.));
#3551=DIRECTION('',(0.,-1.,0.));
#3552=DIRECTION('center_axis',(0.,0.,1.));
#3553=DIRECTION('ref_axis',(-0.69397405828531,0.720000004463206,0.));
#3554=DIRECTION('center_axis',(0.,0.,-1.));
#3555=DIRECTION('ref_axis',(-1.,0.,0.));
#3556=DIRECTION('center_axis',(0.,1.,0.));
#3557=DIRECTION('ref_axis',(1.,0.,0.));
#3558=DIRECTION('center_axis',(0.,0.,-1.));
#3559=DIRECTION('ref_axis',(1.90323947078598E-15,1.,0.));
#3560=DIRECTION('center_axis',(0.,0.,1.));
#3561=DIRECTION('ref_axis',(1.,-1.90323947078598E-15,0.));
#3562=DIRECTION('center_axis',(0.,0.,1.));
#3563=DIRECTION('ref_axis',(1.90323947078598E-15,1.,0.));
#3564=DIRECTION('',(0.,0.,1.));
#3565=DIRECTION('center_axis',(0.,0.,1.));
#3566=DIRECTION('ref_axis',(1.,0.,0.));
#3567=DIRECTION('center_axis',(0.,0.,-1.));
#3568=DIRECTION('ref_axis',(1.90323947078598E-15,1.,0.));
#3569=DIRECTION('center_axis',(0.,1.,0.));
#3570=DIRECTION('ref_axis',(1.,0.,0.));
#3571=DIRECTION('center_axis',(0.,0.,1.));
#3572=DIRECTION('ref_axis',(1.,0.,0.));
#3573=DIRECTION('',(-1.,0.,0.));
#3574=DIRECTION('center_axis',(0.,0.,-1.));
#3575=DIRECTION('ref_axis',(-0.69397405828531,0.720000004463206,0.));
#3576=DIRECTION('',(1.,7.24058494320754E-16,0.));
#3577=DIRECTION('center_axis',(0.,-1.,0.));
#3578=DIRECTION('ref_axis',(-1.,0.,0.));
#3579=DIRECTION('',(0.,-1.,0.));
#3580=DIRECTION('center_axis',(0.,-1.,0.));
#3581=DIRECTION('ref_axis',(-1.,0.,0.));
#3582=DIRECTION('center_axis',(0.,1.,0.));
#3583=DIRECTION('ref_axis',(-1.,0.,0.));
#3584=DIRECTION('center_axis',(0.,-1.,0.));
#3585=DIRECTION('ref_axis',(-1.,0.,0.));
#3586=DIRECTION('',(0.,-1.,0.));
#3587=DIRECTION('center_axis',(0.,-1.,0.));
#3588=DIRECTION('ref_axis',(-1.,0.,0.));
#3589=DIRECTION('center_axis',(0.,1.,0.));
#3590=DIRECTION('ref_axis',(-1.,0.,0.));
#3591=DIRECTION('center_axis',(0.,-1.,0.));
#3592=DIRECTION('ref_axis',(1.,0.,0.));
#3593=DIRECTION('center_axis',(0.,1.,0.));
#3594=DIRECTION('ref_axis',(1.,0.,0.));
#3595=DIRECTION('center_axis',(0.,-1.,0.));
#3596=DIRECTION('ref_axis',(-1.36432936973908E-17,0.,-1.));
#3597=DIRECTION('center_axis',(0.,-1.,0.));
#3598=DIRECTION('ref_axis',(-1.36432936973889E-17,0.,-1.));
#3599=DIRECTION('center_axis',(0.,-1.,0.));
#3600=DIRECTION('ref_axis',(-1.36432936973908E-17,0.,-1.));
#3601=DIRECTION('center_axis',(0.,1.,0.));
#3602=DIRECTION('ref_axis',(1.,0.,0.));
#3603=DIRECTION('center_axis',(0.,1.,0.));
#3604=DIRECTION('ref_axis',(-1.36432936973908E-17,0.,-1.));
#3605=DIRECTION('',(0.,1.,0.));
#3606=DIRECTION('center_axis',(0.,1.,0.));
#3607=DIRECTION('ref_axis',(-1.36432936973908E-17,0.,-1.));
#3608=DIRECTION('center_axis',(0.,1.,0.));
#3609=DIRECTION('ref_axis',(-1.36432936973908E-17,0.,-1.));
#3610=DIRECTION('',(0.,-1.,0.));
#3611=DIRECTION('center_axis',(0.,1.,0.));
#3612=DIRECTION('ref_axis',(-1.36432936973908E-17,0.,-1.));
#3613=DIRECTION('center_axis',(0.,1.,0.));
#3614=DIRECTION('ref_axis',(-1.36432936973889E-17,0.,-1.));
#3615=DIRECTION('center_axis',(0.,-1.,0.));
#3616=DIRECTION('ref_axis',(-1.36432936973889E-17,0.,-1.));
#3617=DIRECTION('center_axis',(0.,-1.,0.));
#3618=DIRECTION('ref_axis',(1.,0.,0.));
#3619=DIRECTION('center_axis',(0.,-1.,0.));
#3620=DIRECTION('ref_axis',(1.,0.,0.));
#3621=DIRECTION('center_axis',(0.,-1.,0.));
#3622=DIRECTION('ref_axis',(1.,0.,0.));
#3623=DIRECTION('center_axis',(0.,0.,1.));
#3624=DIRECTION('ref_axis',(-1.,0.,0.));
#3625=DIRECTION('',(-0.707106781186549,-8.65956056235495E-17,-0.707106781186546));
#3626=DIRECTION('center_axis',(0.,0.,-1.));
#3627=DIRECTION('ref_axis',(-1.,0.,0.));
#3628=DIRECTION('center_axis',(0.,0.,-1.));
#3629=DIRECTION('ref_axis',(-1.,0.,0.));
#3630=DIRECTION('',(0.,0.,-1.));
#3631=DIRECTION('center_axis',(0.,0.,-1.));
#3632=DIRECTION('ref_axis',(-1.,0.,0.));
#3633=DIRECTION('center_axis',(0.,0.,1.));
#3634=DIRECTION('ref_axis',(-1.,0.,0.));
#3635=DIRECTION('',(-0.707106781186549,-8.65956056235495E-17,-0.707106781186546));
#3636=DIRECTION('center_axis',(0.,0.,-1.));
#3637=DIRECTION('ref_axis',(-1.,0.,0.));
#3638=DIRECTION('center_axis',(0.,0.,-1.));
#3639=DIRECTION('ref_axis',(-1.,0.,0.));
#3640=DIRECTION('',(0.,0.,-1.));
#3641=DIRECTION('center_axis',(0.,0.,-1.));
#3642=DIRECTION('ref_axis',(-1.,0.,0.));
#3643=DIRECTION('center_axis',(0.,0.,1.));
#3644=DIRECTION('ref_axis',(-1.,0.,0.));
#3645=DIRECTION('center_axis',(0.,0.,1.));
#3646=DIRECTION('ref_axis',(-1.,0.,0.));
#3647=DIRECTION('center_axis',(0.,-1.,0.));
#3648=DIRECTION('ref_axis',(1.,0.,0.));
#3649=DIRECTION('center_axis',(0.,-1.,0.));
#3650=DIRECTION('ref_axis',(1.,0.,0.));
#3651=DIRECTION('',(0.707106781186547,0.707106781186547,8.65956056235493E-17));
#3652=DIRECTION('center_axis',(0.,1.,0.));
#3653=DIRECTION('ref_axis',(1.,0.,0.));
#3654=DIRECTION('center_axis',(0.,1.,0.));
#3655=DIRECTION('ref_axis',(1.,0.,0.));
#3656=DIRECTION('',(0.,1.,0.));
#3657=DIRECTION('center_axis',(0.,1.,0.));
#3658=DIRECTION('ref_axis',(1.,0.,0.));
#3659=DIRECTION('center_axis',(0.,1.,0.));
#3660=DIRECTION('ref_axis',(1.,0.,0.));
#3661=DIRECTION('center_axis',(0.,1.,0.));
#3662=DIRECTION('ref_axis',(1.,0.,0.));
#3663=DIRECTION('center_axis',(0.,1.,0.));
#3664=DIRECTION('ref_axis',(1.,0.,0.));
#3665=DIRECTION('center_axis',(0.,-1.,0.));
#3666=DIRECTION('ref_axis',(1.,0.,0.));
#3667=DIRECTION('center_axis',(0.,-1.,0.));
#3668=DIRECTION('ref_axis',(1.,0.,0.));
#3669=DIRECTION('center_axis',(0.,0.,1.));
#3670=DIRECTION('ref_axis',(-1.,0.,0.));
#3671=DIRECTION('',(-1.,0.,0.));
#3672=DIRECTION('',(0.,-1.,0.));
#3673=DIRECTION('',(-1.,0.,0.));
#3674=DIRECTION('',(-1.,0.,0.));
#3675=DIRECTION('',(0.,-1.,0.));
#3676=DIRECTION('center_axis',(1.73472347597681E-16,0.,-1.));
#3677=DIRECTION('ref_axis',(1.,0.,1.73472347597681E-16));
#3678=DIRECTION('',(1.,0.,1.73472347597681E-16));
#3679=DIRECTION('',(0.,-1.,0.));
#3680=DIRECTION('',(1.,0.,1.73472347597681E-16));
#3681=DIRECTION('',(1.,0.,1.73472347597681E-16));
#3682=DIRECTION('',(0.,-1.,0.));
#3683=DIRECTION('center_axis',(0.,1.,0.));
#3684=DIRECTION('ref_axis',(-1.,0.,0.));
#3685=DIRECTION('',(0.,0.,-1.));
#3686=DIRECTION('center_axis',(0.,1.,0.));
#3687=DIRECTION('ref_axis',(-1.,0.,0.));
#3688=DIRECTION('',(0.,0.,1.));
#3689=DIRECTION('center_axis',(0.,1.,0.));
#3690=DIRECTION('ref_axis',(-1.,0.,0.));
#3691=DIRECTION('',(0.,0.,1.));
#3692=DIRECTION('center_axis',(0.,1.,0.));
#3693=DIRECTION('ref_axis',(-1.,0.,0.));
#3694=DIRECTION('',(0.,0.,-1.));
#3695=DIRECTION('center_axis',(0.,1.,0.));
#3696=DIRECTION('ref_axis',(-1.,0.,0.));
#3697=DIRECTION('',(0.,0.,1.));
#3698=DIRECTION('center_axis',(0.,-1.,0.));
#3699=DIRECTION('ref_axis',(-1.,0.,0.));
#3700=DIRECTION('',(0.,0.,-1.));
#3701=DIRECTION('center_axis',(-1.,0.,0.));
#3702=DIRECTION('ref_axis',(0.,0.,-1.));
#3703=DIRECTION('',(0.,0.,-1.));
#3704=DIRECTION('',(0.,-1.,0.));
#3705=DIRECTION('',(0.,0.,-1.));
#3706=DIRECTION('',(0.,-1.,0.));
#3707=DIRECTION('center_axis',(1.,0.,0.));
#3708=DIRECTION('ref_axis',(0.,0.,1.));
#3709=DIRECTION('',(0.,0.,1.));
#3710=DIRECTION('',(0.,-1.,0.));
#3711=DIRECTION('',(0.,0.,1.));
#3712=DIRECTION('',(0.,-1.,0.));
#3713=DIRECTION('center_axis',(0.,1.,0.));
#3714=DIRECTION('ref_axis',(-1.,0.,0.));
#3715=DIRECTION('center_axis',(0.,-1.,0.));
#3716=DIRECTION('ref_axis',(-1.,0.,0.));
#3717=DIRECTION('center_axis',(0.,-1.,0.));
#3718=DIRECTION('ref_axis',(1.,0.,0.));
#3719=DIRECTION('center_axis',(0.,-1.,0.));
#3720=DIRECTION('ref_axis',(1.,0.,0.));
#3721=DIRECTION('center_axis',(0.,-1.,0.));
#3722=DIRECTION('ref_axis',(1.,0.,0.));
#3723=DIRECTION('center_axis',(0.,1.,0.));
#3724=DIRECTION('ref_axis',(1.,0.,0.));
#3725=DIRECTION('',(0.,1.,0.));
#3726=DIRECTION('center_axis',(0.,-1.,0.));
#3727=DIRECTION('ref_axis',(1.,0.,0.));
#3728=DIRECTION('center_axis',(0.,-1.,0.));
#3729=DIRECTION('ref_axis',(1.,0.,0.));
#3730=DIRECTION('center_axis',(0.,-1.,0.));
#3731=DIRECTION('ref_axis',(1.,-5.04101265235206E-16,0.));
#3732=DIRECTION('',(0.707106781186543,0.707106781186552,8.65956056235488E-17));
#3733=DIRECTION('center_axis',(8.88178419700125E-16,1.,0.));
#3734=DIRECTION('ref_axis',(1.,0.,0.));
#3735=DIRECTION('center_axis',(0.,1.,0.));
#3736=DIRECTION('ref_axis',(1.,0.,0.));
#3737=DIRECTION('',(0.,1.,0.));
#3738=DIRECTION('center_axis',(0.,1.,0.));
#3739=DIRECTION('ref_axis',(1.,0.,0.));
#3740=DIRECTION('center_axis',(0.,1.,0.));
#3741=DIRECTION('ref_axis',(1.,0.,0.));
#3742=DIRECTION('center_axis',(0.,1.,0.));
#3743=DIRECTION('ref_axis',(1.,0.,0.));
#3744=DIRECTION('center_axis',(0.,1.,0.));
#3745=DIRECTION('ref_axis',(1.,0.,0.));
#3746=DIRECTION('center_axis',(0.,-1.,0.));
#3747=DIRECTION('ref_axis',(1.,0.,0.));
#3748=DIRECTION('',(0.707106781186547,0.707106781186547,8.65956056235493E-17));
#3749=DIRECTION('center_axis',(0.,1.,0.));
#3750=DIRECTION('ref_axis',(1.,0.,0.));
#3751=DIRECTION('center_axis',(0.,1.,0.));
#3752=DIRECTION('ref_axis',(1.,0.,0.));
#3753=DIRECTION('',(0.,1.,0.));
#3754=DIRECTION('center_axis',(0.,1.,0.));
#3755=DIRECTION('ref_axis',(1.,0.,0.));
#3756=DIRECTION('center_axis',(0.,1.,0.));
#3757=DIRECTION('ref_axis',(1.,0.,0.));
#3758=DIRECTION('center_axis',(0.,1.,0.));
#3759=DIRECTION('ref_axis',(1.,0.,0.));
#3760=DIRECTION('center_axis',(0.,1.,0.));
#3761=DIRECTION('ref_axis',(1.,0.,0.));
#3762=DIRECTION('center_axis',(0.,0.,1.));
#3763=DIRECTION('ref_axis',(-1.,0.,0.));
#3764=DIRECTION('',(-1.,0.,0.));
#3765=DIRECTION('',(0.,-1.,0.));
#3766=DIRECTION('',(-1.,0.,0.));
#3767=DIRECTION('',(-1.,0.,0.));
#3768=DIRECTION('',(0.,-1.,0.));
#3769=DIRECTION('center_axis',(1.73472347597681E-16,0.,-1.));
#3770=DIRECTION('ref_axis',(1.,0.,1.73472347597681E-16));
#3771=DIRECTION('',(1.,0.,1.73472347597681E-16));
#3772=DIRECTION('',(0.,-1.,0.));
#3773=DIRECTION('',(1.,0.,1.73472347597681E-16));
#3774=DIRECTION('',(1.,0.,1.73472347597681E-16));
#3775=DIRECTION('',(0.,-1.,0.));
#3776=DIRECTION('center_axis',(0.,1.,0.));
#3777=DIRECTION('ref_axis',(-1.,0.,0.));
#3778=DIRECTION('',(0.,0.,-1.));
#3779=DIRECTION('center_axis',(0.,1.,0.));
#3780=DIRECTION('ref_axis',(-1.,0.,0.));
#3781=DIRECTION('',(0.,0.,1.));
#3782=DIRECTION('center_axis',(0.,1.,0.));
#3783=DIRECTION('ref_axis',(-1.,0.,0.));
#3784=DIRECTION('',(0.,0.,1.));
#3785=DIRECTION('center_axis',(0.,1.,0.));
#3786=DIRECTION('ref_axis',(-1.,0.,0.));
#3787=DIRECTION('',(0.,0.,-1.));
#3788=DIRECTION('center_axis',(0.,0.,1.));
#3789=DIRECTION('ref_axis',(-1.,0.,0.));
#3790=DIRECTION('',(-1.,0.,0.));
#3791=DIRECTION('',(0.,-1.,0.));
#3792=DIRECTION('',(-1.,0.,0.));
#3793=DIRECTION('',(-1.,0.,0.));
#3794=DIRECTION('',(0.,-1.,0.));
#3795=DIRECTION('center_axis',(0.,0.,-1.));
#3796=DIRECTION('ref_axis',(1.,0.,0.));
#3797=DIRECTION('',(1.,0.,0.));
#3798=DIRECTION('',(0.,-1.,0.));
#3799=DIRECTION('',(1.,0.,0.));
#3800=DIRECTION('',(1.,0.,0.));
#3801=DIRECTION('',(0.,-1.,0.));
#3802=DIRECTION('center_axis',(0.,1.,0.));
#3803=DIRECTION('ref_axis',(-1.,0.,0.));
#3804=DIRECTION('',(0.,0.,1.));
#3805=DIRECTION('center_axis',(0.,1.,0.));
#3806=DIRECTION('ref_axis',(-1.,0.,0.));
#3807=DIRECTION('',(-2.18744579738334E-16,0.,-1.));
#3808=DIRECTION('center_axis',(0.,1.,0.));
#3809=DIRECTION('ref_axis',(-1.,0.,0.));
#3810=DIRECTION('',(-2.18744579738334E-16,0.,-1.));
#3811=DIRECTION('center_axis',(0.,1.,0.));
#3812=DIRECTION('ref_axis',(-1.,0.,0.));
#3813=DIRECTION('',(0.,0.,1.));
#3814=DIRECTION('center_axis',(0.,1.,0.));
#3815=DIRECTION('ref_axis',(-1.,0.,0.));
#3816=DIRECTION('',(0.,0.,1.));
#3817=DIRECTION('center_axis',(0.,-1.,0.));
#3818=DIRECTION('ref_axis',(-1.,0.,0.));
#3819=DIRECTION('',(0.,0.,-1.));
#3820=DIRECTION('center_axis',(0.,1.,0.));
#3821=DIRECTION('ref_axis',(-1.,0.,0.));
#3822=DIRECTION('',(0.,0.,1.));
#3823=DIRECTION('center_axis',(0.,-1.,0.));
#3824=DIRECTION('ref_axis',(-1.,0.,0.));
#3825=DIRECTION('',(-2.18744579738334E-16,0.,-1.));
#3826=DIRECTION('center_axis',(-1.,0.,0.));
#3827=DIRECTION('ref_axis',(0.,0.,-1.));
#3828=DIRECTION('',(0.,0.,-1.));
#3829=DIRECTION('',(0.,-1.,0.));
#3830=DIRECTION('',(0.,0.,-1.));
#3831=DIRECTION('',(0.,-1.,0.));
#3832=DIRECTION('center_axis',(1.,0.,0.));
#3833=DIRECTION('ref_axis',(0.,0.,1.));
#3834=DIRECTION('',(0.,0.,1.));
#3835=DIRECTION('',(0.,-1.,0.));
#3836=DIRECTION('',(0.,0.,1.));
#3837=DIRECTION('',(0.,-1.,0.));
#3838=DIRECTION('center_axis',(0.,1.,0.));
#3839=DIRECTION('ref_axis',(-1.,0.,0.));
#3840=DIRECTION('center_axis',(0.,-1.,0.));
#3841=DIRECTION('ref_axis',(-1.,0.,0.));
#3842=DIRECTION('center_axis',(-1.,0.,2.18744579738334E-16));
#3843=DIRECTION('ref_axis',(-2.18744579738334E-16,0.,-1.));
#3844=DIRECTION('',(-2.18744579738334E-16,0.,-1.));
#3845=DIRECTION('',(0.,-1.,0.));
#3846=DIRECTION('',(-2.18744579738334E-16,0.,-1.));
#3847=DIRECTION('',(0.,-1.,0.));
#3848=DIRECTION('center_axis',(0.,1.,0.));
#3849=DIRECTION('ref_axis',(-1.,0.,0.));
#3850=DIRECTION('center_axis',(0.,-1.,0.));
#3851=DIRECTION('ref_axis',(-1.,0.,0.));
#3852=DIRECTION('',(0.,0.,1.));
#3853=DIRECTION('center_axis',(1.,0.,0.));
#3854=DIRECTION('ref_axis',(0.,0.,1.));
#3855=DIRECTION('',(0.,-1.,0.));
#3856=DIRECTION('',(0.,0.,1.));
#3857=DIRECTION('',(0.,-1.,0.));
#3858=DIRECTION('center_axis',(0.,-1.,0.));
#3859=DIRECTION('ref_axis',(1.,0.,0.));
#3860=DIRECTION('center_axis',(0.,-1.,0.));
#3861=DIRECTION('ref_axis',(1.,0.,0.));
#3862=DIRECTION('center_axis',(0.,-1.,0.));
#3863=DIRECTION('ref_axis',(1.,0.,0.));
#3864=DIRECTION('center_axis',(0.,-1.,0.));
#3865=DIRECTION('ref_axis',(1.,0.,0.));
#3866=DIRECTION('center_axis',(0.,-1.,0.));
#3867=DIRECTION('ref_axis',(1.,0.,0.));
#3868=DIRECTION('center_axis',(0.,-1.,0.));
#3869=DIRECTION('ref_axis',(1.,0.,0.));
#3870=DIRECTION('center_axis',(0.,-1.,0.));
#3871=DIRECTION('ref_axis',(1.,0.,0.));
#3872=DIRECTION('center_axis',(0.,-1.,0.));
#3873=DIRECTION('ref_axis',(1.,0.,0.));
#3874=DIRECTION('center_axis',(0.,1.,0.));
#3875=DIRECTION('ref_axis',(1.,0.,0.));
#3876=DIRECTION('',(0.,1.,0.));
#3877=DIRECTION('center_axis',(0.,-1.,0.));
#3878=DIRECTION('ref_axis',(1.,0.,0.));
#3879=DIRECTION('center_axis',(0.,-1.,0.));
#3880=DIRECTION('ref_axis',(1.,0.,0.));
#3881=DIRECTION('center_axis',(0.,1.,0.));
#3882=DIRECTION('ref_axis',(1.,0.,0.));
#3883=DIRECTION('',(0.,1.,0.));
#3884=DIRECTION('',(0.,1.,0.));
#3885=DIRECTION('center_axis',(0.,0.,1.));
#3886=DIRECTION('ref_axis',(1.,0.,0.));
#3887=DIRECTION('center_axis',(0.,0.,1.));
#3888=DIRECTION('ref_axis',(1.,0.,0.));
#3889=DIRECTION('',(0.,0.,1.));
#3890=DIRECTION('center_axis',(0.,0.,1.));
#3891=DIRECTION('ref_axis',(1.,0.,0.));
#3892=DIRECTION('center_axis',(0.,0.,-1.));
#3893=DIRECTION('ref_axis',(1.,0.,0.));
#3894=DIRECTION('center_axis',(0.,0.,1.));
#3895=DIRECTION('ref_axis',(1.,0.,0.));
#3896=DIRECTION('center_axis',(0.,0.,1.));
#3897=DIRECTION('ref_axis',(1.,0.,0.));
#3898=DIRECTION('',(0.,0.,1.));
#3899=DIRECTION('center_axis',(0.,0.,1.));
#3900=DIRECTION('ref_axis',(1.,0.,0.));
#3901=DIRECTION('center_axis',(0.,0.,-1.));
#3902=DIRECTION('ref_axis',(1.,0.,0.));
#3903=DIRECTION('center_axis',(0.,0.,1.));
#3904=DIRECTION('ref_axis',(-1.,0.,0.));
#3905=DIRECTION('center_axis',(0.,0.,-1.));
#3906=DIRECTION('ref_axis',(-0.69397405828531,0.720000004463206,0.));
#3907=DIRECTION('',(0.,-1.,0.));
#3908=DIRECTION('',(0.,-1.,0.));
#3909=DIRECTION('',(1.,7.24058494320754E-16,0.));
#3910=DIRECTION('center_axis',(1.,0.,0.));
#3911=DIRECTION('ref_axis',(0.,0.,1.));
#3912=DIRECTION('',(0.,0.,-1.));
#3913=DIRECTION('',(0.,1.,0.));
#3914=DIRECTION('center_axis',(-1.,0.,0.));
#3915=DIRECTION('ref_axis',(0.,0.,-1.));
#3916=DIRECTION('',(0.,0.,1.));
#3917=DIRECTION('center_axis',(0.,-1.,0.));
#3918=DIRECTION('ref_axis',(-1.,0.,0.));
#3919=DIRECTION('',(0.,-1.,0.));
#3920=DIRECTION('center_axis',(0.,-1.,0.));
#3921=DIRECTION('ref_axis',(-1.,0.,0.));
#3922=DIRECTION('',(0.,-1.,0.));
#3923=DIRECTION('center_axis',(0.,0.,-1.));
#3924=DIRECTION('ref_axis',(-0.69397405828531,0.720000004463206,0.));
#3925=DIRECTION('',(0.,0.,-1.));
#3926=DIRECTION('center_axis',(0.,0.,-1.));
#3927=DIRECTION('ref_axis',(1.,0.,0.));
#3928=DIRECTION('',(-1.,-7.24058494320754E-16,0.));
#3929=DIRECTION('center_axis',(7.24058494320754E-16,-1.,0.));
#3930=DIRECTION('ref_axis',(1.,7.24058494320754E-16,0.));
#3931=DIRECTION('axis',(0.,0.,1.));
#3932=DIRECTION('refdir',(1.,0.,0.));
#3933=DIRECTION('center_axis',(0.,0.,-1.));
#3934=DIRECTION('ref_axis',(-0.707106781186548,-0.707106781186547,0.));
#3935=DIRECTION('center_axis',(1.11300553847133E-16,0.,1.));
#3936=DIRECTION('ref_axis',(-0.707106781186548,-0.707106781186547,0.));
#3937=DIRECTION('',(0.,0.,-1.));
#3938=DIRECTION('center_axis',(-0.298274993135947,0.,-0.95447997803503));
#3939=DIRECTION('ref_axis',(-0.95447997803503,2.64921412039551E-16,0.298274993135947));
#3940=DIRECTION('',(0.,0.,1.));
#3941=DIRECTION('center_axis',(0.,-1.,0.));
#3942=DIRECTION('ref_axis',(-1.,0.,0.));
#3943=DIRECTION('',(-1.,0.,1.11300553847133E-16));
#3944=DIRECTION('',(0.,0.,1.));
#3945=DIRECTION('',(1.,0.,0.));
#3946=DIRECTION('',(0.95447997803503,0.,-0.298274993135947));
#3947=DIRECTION('center_axis',(0.,0.,-1.));
#3948=DIRECTION('ref_axis',(0.70710678118655,-0.707106781186545,0.));
#3949=DIRECTION('center_axis',(1.11300553847133E-16,0.,1.));
#3950=DIRECTION('ref_axis',(0.70710678118655,-0.707106781186545,0.));
#3951=DIRECTION('',(0.,0.,-1.));
#3952=DIRECTION('center_axis',(0.,0.,-1.));
#3953=DIRECTION('ref_axis',(0.70710678118655,-0.707106781186545,0.));
#3954=DIRECTION('center_axis',(1.,0.,0.));
#3955=DIRECTION('ref_axis',(0.,-1.,0.));
#3956=DIRECTION('',(0.,-1.,0.));
#3957=DIRECTION('',(0.,0.,1.));
#3958=DIRECTION('',(0.,1.,0.));
#3959=DIRECTION('center_axis',(0.,0.,-1.));
#3960=DIRECTION('ref_axis',(0.707106781186548,0.707106781186548,0.));
#3961=DIRECTION('center_axis',(1.11300553847133E-16,0.,1.));
#3962=DIRECTION('ref_axis',(0.707106781186548,0.707106781186548,0.));
#3963=DIRECTION('',(0.,0.,-1.));
#3964=DIRECTION('center_axis',(0.,0.,-1.));
#3965=DIRECTION('ref_axis',(0.707106781186548,0.707106781186548,0.));
#3966=DIRECTION('center_axis',(0.,1.,0.));
#3967=DIRECTION('ref_axis',(1.,0.,0.));
#3968=DIRECTION('',(1.,0.,-1.11300553847133E-16));
#3969=DIRECTION('',(0.,0.,1.));
#3970=DIRECTION('',(-1.,0.,0.));
#3971=DIRECTION('center_axis',(0.,0.,-1.));
#3972=DIRECTION('ref_axis',(-0.707106781186548,0.707106781186548,0.));
#3973=DIRECTION('center_axis',(1.11300553847133E-16,0.,1.));
#3974=DIRECTION('ref_axis',(-0.707106781186548,0.707106781186548,0.));
#3975=DIRECTION('',(0.,0.,-1.));
#3976=DIRECTION('center_axis',(-0.298274993135947,0.,-0.95447997803503));
#3977=DIRECTION('ref_axis',(-0.95447997803503,0.,0.298274993135947));
#3978=DIRECTION('',(0.,0.,1.));
#3979=DIRECTION('center_axis',(-1.,0.,0.));
#3980=DIRECTION('ref_axis',(0.,1.,0.));
#3981=DIRECTION('',(0.,-1.,0.));
#3982=DIRECTION('',(0.,1.,0.));
#3983=DIRECTION('center_axis',(0.,0.,-1.));
#3984=DIRECTION('ref_axis',(0.707106781186548,-0.707106781186548,0.));
#3985=DIRECTION('center_axis',(0.,0.,1.));
#3986=DIRECTION('ref_axis',(0.707106781186548,-0.707106781186548,0.));
#3987=DIRECTION('',(0.,0.,1.));
#3988=DIRECTION('center_axis',(-1.11300553847133E-16,0.,-1.));
#3989=DIRECTION('ref_axis',(0.707106781186548,-0.707106781186548,0.));
#3990=DIRECTION('',(0.,0.,-1.));
#3991=DIRECTION('center_axis',(1.11300553847133E-16,0.,1.));
#3992=DIRECTION('ref_axis',(1.,0.,-1.11300553847133E-16));
#3993=DIRECTION('center_axis',(-1.11300553847133E-16,0.,-1.));
#3994=DIRECTION('ref_axis',(0.707106781186548,0.707106781186548,0.));
#3995=DIRECTION('',(1.,0.,-1.11300553847133E-16));
#3996=DIRECTION('',(0.,1.,0.));
#3997=DIRECTION('',(-1.,0.,1.11300553847133E-16));
#3998=DIRECTION('center_axis',(-1.11300553847133E-16,0.,-1.));
#3999=DIRECTION('ref_axis',(0.707106781186549,-0.707106781186546,0.));
#4000=DIRECTION('',(0.,1.,0.));
#4001=DIRECTION('center_axis',(-1.11300553847133E-16,0.,-1.));
#4002=DIRECTION('ref_axis',(-1.,0.,0.));
#4003=DIRECTION('center_axis',(-1.11300553847133E-16,0.,-1.));
#4004=DIRECTION('ref_axis',(-1.,0.,0.));
#4005=DIRECTION('',(0.,1.,0.));
#4006=DIRECTION('center_axis',(1.11300553847133E-16,0.,1.));
#4007=DIRECTION('ref_axis',(-0.707106781186549,0.707106781186546,0.));
#4008=DIRECTION('',(1.,0.,-1.11300553847133E-16));
#4009=DIRECTION('center_axis',(-1.,0.,0.));
#4010=DIRECTION('ref_axis',(0.,1.,0.));
#4011=DIRECTION('',(0.,-1.,0.));
#4012=DIRECTION('',(0.,0.,-1.));
#4013=DIRECTION('center_axis',(0.,0.,-1.));
#4014=DIRECTION('ref_axis',(-0.707106781186549,0.707106781186546,0.));
#4015=DIRECTION('center_axis',(0.,0.,-1.));
#4016=DIRECTION('ref_axis',(-0.707106781186549,0.707106781186546,0.));
#4017=DIRECTION('center_axis',(0.,0.,-1.));
#4018=DIRECTION('ref_axis',(0.707106781186548,0.707106781186548,0.));
#4019=DIRECTION('center_axis',(0.,0.,1.));
#4020=DIRECTION('ref_axis',(0.707106781186548,0.707106781186548,0.));
#4021=DIRECTION('',(0.,0.,1.));
#4022=DIRECTION('',(0.,0.,-1.));
#4023=DIRECTION('center_axis',(0.,0.,-1.));
#4024=DIRECTION('ref_axis',(-1.,0.,0.));
#4025=DIRECTION('',(-1.,0.,0.));
#4026=DIRECTION('',(0.,1.,0.));
#4027=DIRECTION('',(-1.,0.,0.));
#4028=DIRECTION('',(0.,1.,0.));
#4029=DIRECTION('center_axis',(0.,0.,1.));
#4030=DIRECTION('ref_axis',(0.707106781186549,-0.707106781186546,0.));
#4031=DIRECTION('',(1.,0.,0.));
#4032=DIRECTION('',(0.,1.,0.));
#4033=DIRECTION('center_axis',(1.,0.,0.));
#4034=DIRECTION('ref_axis',(0.,0.,-1.));
#4035=DIRECTION('',(0.,0.,1.));
#4036=DIRECTION('center_axis',(0.,0.,1.));
#4037=DIRECTION('ref_axis',(0.707106781186549,-0.707106781186546,0.));
#4038=DIRECTION('',(0.,0.,-1.));
#4039=DIRECTION('center_axis',(0.,1.,0.));
#4040=DIRECTION('ref_axis',(1.,0.,0.));
#4041=DIRECTION('',(-0.95447997803503,0.,0.298274993135947));
#4042=DIRECTION('center_axis',(0.,0.,-1.));
#4043=DIRECTION('ref_axis',(-1.,0.,0.));
#4044=DIRECTION('',(0.,0.,-1.));
#4045=DIRECTION('center_axis',(0.,0.,-1.));
#4046=DIRECTION('ref_axis',(-1.,0.,0.));
#4047=DIRECTION('center_axis',(0.,0.,1.));
#4048=DIRECTION('ref_axis',(-1.,0.,0.));
#4049=DIRECTION('center_axis',(0.,0.,-1.));
#4050=DIRECTION('ref_axis',(-1.,0.,0.));
#4051=DIRECTION('',(0.,0.,-1.));
#4052=DIRECTION('center_axis',(0.,0.,-1.));
#4053=DIRECTION('ref_axis',(-1.,0.,0.));
#4054=DIRECTION('center_axis',(0.,0.,1.));
#4055=DIRECTION('ref_axis',(-1.,0.,0.));
#4056=DIRECTION('center_axis',(0.,-0.866025403784439,0.5));
#4057=DIRECTION('ref_axis',(0.,-0.5,-0.866025403784439));
#4058=DIRECTION('',(-3.23156449938771E-33,-0.5,-0.866025403784439));
#4059=DIRECTION('',(1.,0.,0.));
#4060=DIRECTION('',(0.,-0.5,-0.866025403784439));
#4061=DIRECTION('',(1.,0.,0.));
#4062=DIRECTION('center_axis',(0.,0.,1.));
#4063=DIRECTION('ref_axis',(0.,-1.,0.));
#4064=DIRECTION('',(0.,-1.,0.));
#4065=DIRECTION('',(1.,0.,0.));
#4066=DIRECTION('',(0.,-1.,0.));
#4067=DIRECTION('center_axis',(0.,0.866025403784439,0.5));
#4068=DIRECTION('ref_axis',(0.,-0.5,0.866025403784439));
#4069=DIRECTION('',(3.23156449938771E-33,-0.5,0.866025403784439));
#4070=DIRECTION('',(1.,0.,0.));
#4071=DIRECTION('',(0.,-0.5,0.866025403784439));
#4072=DIRECTION('center_axis',(0.,0.866025403784439,-0.5));
#4073=DIRECTION('ref_axis',(0.,0.5,0.866025403784439));
#4074=DIRECTION('',(3.23156449938771E-33,0.5,0.866025403784439));
#4075=DIRECTION('',(1.,0.,0.));
#4076=DIRECTION('',(0.,0.5,0.866025403784439));
#4077=DIRECTION('center_axis',(0.,7.06971575876312E-16,-1.));
#4078=DIRECTION('ref_axis',(0.,1.,7.06971575876312E-16));
#4079=DIRECTION('',(2.63805684763347E-48,1.,7.06971575876312E-16));
#4080=DIRECTION('',(1.,0.,0.));
#4081=DIRECTION('',(0.,1.,7.06971575876312E-16));
#4082=DIRECTION('center_axis',(0.,-0.866025403784439,-0.5));
#4083=DIRECTION('ref_axis',(0.,0.499999999999999,-0.866025403784439));
#4084=DIRECTION('',(-3.23156449938771E-33,0.499999999999999,-0.866025403784439));
#4085=DIRECTION('',(0.,0.499999999999999,-0.866025403784439));
#4086=DIRECTION('center_axis',(1.,0.,0.));
#4087=DIRECTION('ref_axis',(0.,0.,-1.));
#4088=DIRECTION('center_axis',(0.,-0.866025403784439,0.499999999999999));
#4089=DIRECTION('ref_axis',(0.,-0.499999999999999,-0.866025403784439));
#4090=DIRECTION('',(-3.23156449938771E-33,-0.499999999999999,-0.866025403784439));
#4091=DIRECTION('',(1.,0.,0.));
#4092=DIRECTION('',(0.,-0.499999999999999,-0.866025403784439));
#4093=DIRECTION('',(1.,0.,0.));
#4094=DIRECTION('center_axis',(0.,-1.1311545214021E-15,1.));
#4095=DIRECTION('ref_axis',(0.,-1.,-1.1311545214021E-15));
#4096=DIRECTION('',(-4.22089095621354E-48,-1.,-1.1311545214021E-15));
#4097=DIRECTION('',(1.,0.,0.));
#4098=DIRECTION('',(0.,-1.,-1.1311545214021E-15));
#4099=DIRECTION('center_axis',(0.,0.866025403784438,0.500000000000001));
#4100=DIRECTION('ref_axis',(0.,-0.500000000000001,0.866025403784438));
#4101=DIRECTION('',(3.23156449938771E-33,-0.500000000000001,0.866025403784438));
#4102=DIRECTION('',(1.,0.,0.));
#4103=DIRECTION('',(0.,-0.500000000000001,0.866025403784438));
#4104=DIRECTION('center_axis',(0.,0.866025403784439,-0.499999999999999));
#4105=DIRECTION('ref_axis',(0.,0.499999999999999,0.866025403784439));
#4106=DIRECTION('',(3.23156449938772E-33,0.499999999999999,0.866025403784439));
#4107=DIRECTION('',(1.,0.,0.));
#4108=DIRECTION('',(0.,0.499999999999999,0.866025403784439));
#4109=DIRECTION('center_axis',(0.,1.83812609727841E-15,-1.));
#4110=DIRECTION('ref_axis',(0.,1.,1.83812609727841E-15));
#4111=DIRECTION('',(6.858947803847E-48,1.,1.83812609727841E-15));
#4112=DIRECTION('',(1.,0.,0.));
#4113=DIRECTION('',(0.,1.,1.83812609727841E-15));
#4114=DIRECTION('center_axis',(0.,-0.866025403784438,-0.500000000000001));
#4115=DIRECTION('ref_axis',(0.,0.500000000000001,-0.866025403784438));
#4116=DIRECTION('',(-3.23156449938771E-33,0.500000000000001,-0.866025403784438));
#4117=DIRECTION('',(0.,0.500000000000001,-0.866025403784438));
#4118=DIRECTION('center_axis',(1.,0.,0.));
#4119=DIRECTION('ref_axis',(0.,0.,-1.));
#4120=DIRECTION('center_axis',(3.98511141904732E-16,0.,-1.));
#4121=DIRECTION('ref_axis',(-1.,0.,-3.98511141904732E-16));
#4122=DIRECTION('',(1.,0.,3.98511141904732E-16));
#4123=DIRECTION('',(0.,1.,0.));
#4124=DIRECTION('',(-1.,0.,-3.98511141904732E-16));
#4125=DIRECTION('',(0.,1.,0.));
#4126=DIRECTION('center_axis',(-0.298274993135947,0.,-0.95447997803503));
#4127=DIRECTION('ref_axis',(-0.95447997803503,0.,0.298274993135947));
#4128=DIRECTION('',(0.95447997803503,0.,-0.298274993135947));
#4129=DIRECTION('',(-0.95447997803503,0.,0.298274993135947));
#4130=DIRECTION('center_axis',(-1.,0.,3.73148926725027E-33));
#4131=DIRECTION('ref_axis',(3.73148926725027E-33,0.,1.));
#4132=DIRECTION('',(3.73148926725027E-33,0.,1.));
#4133=DIRECTION('',(3.73148926725027E-33,0.,1.));
#4134=DIRECTION('center_axis',(0.,1.,0.));
#4135=DIRECTION('ref_axis',(0.,0.,1.));
#4136=DIRECTION('center_axis',(0.,1.,0.));
#4137=DIRECTION('ref_axis',(1.,0.,0.));
#4138=DIRECTION('',(-6.12580823782063E-9,1.,-1.14741617727366E-15));
#4139=DIRECTION('',(1.,6.12580823782063E-9,1.00483954781862E-15));
#4140=DIRECTION('',(0.,1.,-7.35522753814166E-16));
#4141=DIRECTION('',(1.,0.,0.));
#4142=DIRECTION('',(5.07757868006953E-17,9.95932608570071E-16,-1.));
#4143=DIRECTION('',(1.,6.12581128076697E-9,1.05561534793137E-15));
#4144=CARTESIAN_POINT('',(0.,0.,0.));
#4145=CARTESIAN_POINT('',(0.,0.,0.));
#4146=CARTESIAN_POINT('Origin',(24.,0.,32.05));
#4147=CARTESIAN_POINT('',(10.,-1.15555796663234E-32,32.05));
#4148=CARTESIAN_POINT('',(9.5,-1.09778006830072E-32,32.55));
#4149=CARTESIAN_POINT('Origin',(9.5,1.6755590516169E-32,32.05));
#4150=CARTESIAN_POINT('',(38.5,1.07718067270179E-15,32.55));
#4151=CARTESIAN_POINT('Origin',(24.,0.,32.55));
#4152=CARTESIAN_POINT('',(38.,-1.71450551880629E-15,32.05));
#4153=CARTESIAN_POINT('Origin',(38.5,-9.58228205777665E-16,32.05));
#4154=CARTESIAN_POINT('Origin',(24.,0.,32.05));
#4155=CARTESIAN_POINT('Origin',(24.,0.,0.));
#4156=CARTESIAN_POINT('',(38.,-1.71450551880629E-15,0.5));
#4157=CARTESIAN_POINT('',(38.,-1.71450551880629E-15,0.));
#4158=CARTESIAN_POINT('',(10.,-1.15555796663234E-32,0.5));
#4159=CARTESIAN_POINT('Origin',(24.,0.,0.5));
#4160=CARTESIAN_POINT('',(10.,-1.15555796663234E-32,0.));
#4161=CARTESIAN_POINT('Origin',(54.8,0.,0.));
#4162=CARTESIAN_POINT('',(52.8,1.32169407693471E-16,32.55));
#4163=CARTESIAN_POINT('',(54.8,0.,32.55));
#4164=CARTESIAN_POINT('',(54.8,0.,30.55));
#4165=CARTESIAN_POINT('Origin',(52.8,0.,30.55));
#4166=CARTESIAN_POINT('',(54.8,0.,2.));
#4167=CARTESIAN_POINT('',(54.8,0.,0.));
#4168=CARTESIAN_POINT('',(52.8,1.32169407693471E-16,0.));
#4169=CARTESIAN_POINT('Origin',(52.8,0.,2.));
#4170=CARTESIAN_POINT('',(38.5,1.07718067270179E-15,0.));
#4171=CARTESIAN_POINT('',(54.8,0.,0.));
#4172=CARTESIAN_POINT('Origin',(38.5,-9.58228205777665E-16,0.5));
#4173=CARTESIAN_POINT('',(48.95,-5.77778983316171E-33,27.55));
#4174=CARTESIAN_POINT('Origin',(46.4,0.,27.55));
#4175=CARTESIAN_POINT('',(48.95,-5.77778983316171E-33,5.));
#4176=CARTESIAN_POINT('Origin',(46.4,0.,5.));
#4177=CARTESIAN_POINT('Origin',(24.,0.,0.5));
#4178=CARTESIAN_POINT('',(9.5,-1.09778006830072E-32,0.));
#4179=CARTESIAN_POINT('Origin',(24.,0.,0.));
#4180=CARTESIAN_POINT('Origin',(9.5,1.6755590516169E-32,0.5));
#4181=CARTESIAN_POINT('Origin',(10.,-1.15555796663234E-32,0.));
#4182=CARTESIAN_POINT('',(2.,-2.31111593326468E-33,0.));
#4183=CARTESIAN_POINT('',(0.,0.,0.));
#4184=CARTESIAN_POINT('',(0.,0.,2.));
#4185=CARTESIAN_POINT('Origin',(2.,-1.11022302462516E-15,2.));
#4186=CARTESIAN_POINT('',(0.,0.,30.55));
#4187=CARTESIAN_POINT('',(0.,0.,0.));
#4188=CARTESIAN_POINT('',(2.,-2.31111593326468E-33,32.55));
#4189=CARTESIAN_POINT('Origin',(2.,-1.11022302462516E-15,30.55));
#4190=CARTESIAN_POINT('',(0.,0.,32.55));
#4191=CARTESIAN_POINT('',(7.55000007450581,-5.77778983316171E-33,17.0000002533197));
#4192=CARTESIAN_POINT('Origin',(5.00000007450581,-1.15555796663234E-32,
17.0000002533197));
#4193=CARTESIAN_POINT('Origin',(22.3999999254942,-9.,0.));
#4194=CARTESIAN_POINT('',(52.8,-18.,0.));
#4195=CARTESIAN_POINT('',(52.8,-13.5,0.));
#4196=CARTESIAN_POINT('',(-10.0000001490116,-18.,0.));
#4197=CARTESIAN_POINT('',(2.20436423846524E-15,-18.,0.));
#4198=CARTESIAN_POINT('',(-10.0000001490116,-13.,0.));
#4199=CARTESIAN_POINT('',(-10.0000001490116,-18.,0.));
#4200=CARTESIAN_POINT('',(2.,-13.,0.));
#4201=CARTESIAN_POINT('',(-10.0000001490116,-13.,0.));
#4202=CARTESIAN_POINT('',(2.,-4.5,0.));
#4203=CARTESIAN_POINT('Origin',(2.,-4.5,2.));
#4204=CARTESIAN_POINT('',(2.22044604925031E-15,-13.,2.));
#4205=CARTESIAN_POINT('Origin',(2.,-13.,2.));
#4206=CARTESIAN_POINT('',(5.55111512312578E-16,-4.5,2.));
#4207=CARTESIAN_POINT('Origin',(52.8,-13.5,2.));
#4208=CARTESIAN_POINT('',(54.8,-18.,2.));
#4209=CARTESIAN_POINT('',(54.8,-13.5,2.));
#4210=CARTESIAN_POINT('Origin',(52.8,-18.,2.));
#4211=CARTESIAN_POINT('Origin',(54.8,-18.,0.));
#4212=CARTESIAN_POINT('',(54.8,-18.,30.55));
#4213=CARTESIAN_POINT('',(54.8,-13.5,30.55));
#4214=CARTESIAN_POINT('',(54.8,-18.,0.));
#4215=CARTESIAN_POINT('Origin',(2.,-4.5,30.55));
#4216=CARTESIAN_POINT('',(2.22044604925031E-15,-13.,30.55));
#4217=CARTESIAN_POINT('',(5.55111512312578E-16,-4.5,30.55));
#4218=CARTESIAN_POINT('',(2.,-13.,32.55));
#4219=CARTESIAN_POINT('Origin',(2.,-13.,30.55));
#4220=CARTESIAN_POINT('',(2.,-4.5,32.55));
#4221=CARTESIAN_POINT('Origin',(22.3999999254942,-9.,32.55));
#4222=CARTESIAN_POINT('',(-10.0000001490116,-13.,32.55));
#4223=CARTESIAN_POINT('',(-10.0000001490116,-13.,32.55));
#4224=CARTESIAN_POINT('',(-10.0000001490116,-18.,32.55));
#4225=CARTESIAN_POINT('',(-10.0000001490116,-18.,32.55));
#4226=CARTESIAN_POINT('',(52.8,-18.,32.55));
#4227=CARTESIAN_POINT('',(2.20436423846524E-15,-18.,32.55));
#4228=CARTESIAN_POINT('',(52.8,-13.5,32.55));
#4229=CARTESIAN_POINT('Origin',(52.8,-13.5,30.55));
#4230=CARTESIAN_POINT('Origin',(52.8,-18.,30.55));
#4231=CARTESIAN_POINT('Origin',(-5.00000007450581,-13.,6.275));
#4232=CARTESIAN_POINT('',(-3.2500000745058,-13.,6.275));
#4233=CARTESIAN_POINT('Origin',(-5.00000007450581,-13.,6.275));
#4234=CARTESIAN_POINT('',(-3.2500000745058,-18.,6.275));
#4235=CARTESIAN_POINT('',(-3.2500000745058,-13.,6.275));
#4236=CARTESIAN_POINT('Origin',(-5.00000007450581,-18.,6.275));
#4237=CARTESIAN_POINT('Origin',(-5.00000007450581,-13.,26.2750002980232));
#4238=CARTESIAN_POINT('',(-3.25000007450581,-13.,26.2750002980232));
#4239=CARTESIAN_POINT('Origin',(-5.00000007450581,-13.,26.2750002980232));
#4240=CARTESIAN_POINT('',(-3.25000007450581,-18.,26.2750002980232));
#4241=CARTESIAN_POINT('',(-3.25000007450581,-13.,26.2750002980232));
#4242=CARTESIAN_POINT('Origin',(-5.00000007450581,-18.,26.2750002980232));
#4243=CARTESIAN_POINT('Origin',(5.00000007450581,-5.77778983316171E-33,
17.0000002533197));
#4244=CARTESIAN_POINT('',(7.55000007450581,-7.,17.0000002533197));
#4245=CARTESIAN_POINT('',(7.55000007450581,-5.77778983316171E-33,17.0000002533197));
#4246=CARTESIAN_POINT('Origin',(5.00000007450581,-7.,17.0000002533197));
#4247=CARTESIAN_POINT('Origin',(5.00000007450581,-7.,17.0000002533197));
#4248=CARTESIAN_POINT('Origin',(46.4,-5.77778983316171E-33,5.));
#4249=CARTESIAN_POINT('',(48.95,-7.,5.));
#4250=CARTESIAN_POINT('',(48.95,-5.77778983316171E-33,5.));
#4251=CARTESIAN_POINT('Origin',(46.4,-7.,5.));
#4252=CARTESIAN_POINT('Origin',(46.4,-7.,5.));
#4253=CARTESIAN_POINT('Origin',(46.4,-5.77778983316171E-33,27.55));
#4254=CARTESIAN_POINT('',(48.95,-7.,27.55));
#4255=CARTESIAN_POINT('',(48.95,-5.77778983316171E-33,27.55));
#4256=CARTESIAN_POINT('Origin',(46.4,-7.,27.55));
#4257=CARTESIAN_POINT('Origin',(46.4,-7.,27.55));
#4258=CARTESIAN_POINT('Origin',(-10.0000001490116,-13.,0.));
#4259=CARTESIAN_POINT('',(-10.0000001490116,-18.,0.));
#4260=CARTESIAN_POINT('',(-10.0000001490116,-13.,0.));
#4261=CARTESIAN_POINT('Origin',(2.22044604925031E-15,-13.,0.));
#4262=CARTESIAN_POINT('',(2.22044604925031E-15,-13.,0.));
#4263=CARTESIAN_POINT('Origin',(0.,0.,0.));
#4264=CARTESIAN_POINT('Origin',(-10.0000001490116,-18.,0.));
#4265=CARTESIAN_POINT('',(0.,0.,0.));
#4266=CARTESIAN_POINT('Ctrl Pts',(4.608,0.,-16.73));
#4267=CARTESIAN_POINT('Ctrl Pts',(4.608,0.,-17.4181583907863));
#4268=CARTESIAN_POINT('Ctrl Pts',(5.26600408359363,0.,-18.7858188297807));
#4269=CARTESIAN_POINT('Ctrl Pts',(7.49504244553084,0.,-19.3000603284709));
#4270=CARTESIAN_POINT('Ctrl Pts',(9.27810486256804,0.,-17.871067055738));
#4271=CARTESIAN_POINT('Ctrl Pts',(9.28253472612401,0.,-15.5871122810762));
#4272=CARTESIAN_POINT('Ctrl Pts',(7.49306052245382,0.,-14.1644377247873));
#4273=CARTESIAN_POINT('Ctrl Pts',(5.26602253244301,0.,-14.6708823579174));
#4274=CARTESIAN_POINT('Ctrl Pts',(4.608,0.,-16.0418416092137));
#4275=CARTESIAN_POINT('Ctrl Pts',(4.608,0.,-16.73));
#4276=CARTESIAN_POINT('Ctrl Pts',(4.75983683451298,-0.166005583809917,-16.73));
#4277=CARTESIAN_POINT('Ctrl Pts',(4.75983683451298,-0.166005583809917,-17.3727289161339));
#4278=CARTESIAN_POINT('Ctrl Pts',(5.38716854492291,-0.167169874545156,-18.6478356403006));
#4279=CARTESIAN_POINT('Ctrl Pts',(7.45649809667942,-0.165875346923126,-19.0852389395879));
#4280=CARTESIAN_POINT('Ctrl Pts',(9.06162626342206,-0.160825096702045,-17.7622398829886));
#4281=CARTESIAN_POINT('Ctrl Pts',(9.0655776468712,-0.160810853189608,-15.6963784042121));
#4282=CARTESIAN_POINT('Ctrl Pts',(7.45424590594387,-0.165842631126443,-14.3787615098994));
#4283=CARTESIAN_POINT('Ctrl Pts',(5.38755343267194,-0.167205991375565,-14.8089768363627));
#4284=CARTESIAN_POINT('Ctrl Pts',(4.75983683451298,-0.166005583809917,-16.0872710838661));
#4285=CARTESIAN_POINT('Ctrl Pts',(4.75983683451298,-0.166005583809917,-16.73));
#4286=CARTESIAN_POINT('Ctrl Pts',(4.91167366902596,-0.332011167619833,-16.73));
#4287=CARTESIAN_POINT('Ctrl Pts',(4.91167366902596,-0.332011167619834,-17.3272994414815));
#4288=CARTESIAN_POINT('Ctrl Pts',(5.50833300625218,-0.334339749090311,-18.5098524508205));
#4289=CARTESIAN_POINT('Ctrl Pts',(7.417953747828,-0.331750693846251,-18.8704175507048));
#4290=CARTESIAN_POINT('Ctrl Pts',(8.84514766427608,-0.321650193404091,-17.6534127102392));
#4291=CARTESIAN_POINT('Ctrl Pts',(8.84862056761838,-0.321621706379217,-15.8056445273479));
#4292=CARTESIAN_POINT('Ctrl Pts',(7.41543128943392,-0.331685262252886,-14.5930852950115));
#4293=CARTESIAN_POINT('Ctrl Pts',(5.50908433290087,-0.334411982751129,-14.947071314808));
#4294=CARTESIAN_POINT('Ctrl Pts',(4.91167366902596,-0.332011167619833,-16.1327005585185));
#4295=CARTESIAN_POINT('Ctrl Pts',(4.91167366902596,-0.332011167619833,-16.73));
#4296=CARTESIAN_POINT('Ctrl Pts',(5.06351050353893,-0.49801675142975,-16.73));
#4297=CARTESIAN_POINT('Ctrl Pts',(5.06351050353894,-0.49801675142975,-17.2818699668291));
#4298=CARTESIAN_POINT('Ctrl Pts',(5.62949746758146,-0.501509623635466,-18.3718692613405));
#4299=CARTESIAN_POINT('Ctrl Pts',(7.37940939897657,-0.497626040769377,-18.6555961618218));
#4300=CARTESIAN_POINT('Ctrl Pts',(8.62866906513011,-0.482475290106136,-17.5445855374898));
#4301=CARTESIAN_POINT('Ctrl Pts',(8.63166348836556,-0.482432559568825,-15.9149106504837));
#4302=CARTESIAN_POINT('Ctrl Pts',(7.37661667292398,-0.497527893379329,-14.8074090801236));
#4303=CARTESIAN_POINT('Ctrl Pts',(5.63061523312979,-0.501617974126694,-15.0851657932534));
#4304=CARTESIAN_POINT('Ctrl Pts',(5.06351050353893,-0.49801675142975,-16.1781300331709));
#4305=CARTESIAN_POINT('Ctrl Pts',(5.06351050353893,-0.49801675142975,-16.73));
#4306=CARTESIAN_POINT('',(4.608,0.,-16.73));
#4307=CARTESIAN_POINT('',(5.06351050353893,-0.49801675142975,-16.73));
#4308=CARTESIAN_POINT('',(4.608,0.,-16.73));
#4309=CARTESIAN_POINT('',(6.79191524943269,-0.498228016969363,-14.9764181841386));
#4310=CARTESIAN_POINT('Ctrl Pts',(5.06351050353893,-0.49801675142975,-16.73));
#4311=CARTESIAN_POINT('Ctrl Pts',(5.06351050353894,-0.49801675142975,-17.2818699668291));
#4312=CARTESIAN_POINT('Ctrl Pts',(5.62949746758146,-0.501509623635466,-18.3718692613405));
#4313=CARTESIAN_POINT('Ctrl Pts',(7.37940939897657,-0.497626040769377,-18.6555961618218));
#4314=CARTESIAN_POINT('Ctrl Pts',(8.62866906513011,-0.482475290106136,-17.5445855374898));
#4315=CARTESIAN_POINT('Ctrl Pts',(8.63166348836556,-0.482432559568825,-15.9149106504837));
#4316=CARTESIAN_POINT('Ctrl Pts',(7.65973820900454,-0.49412259084918,-15.0572464104559));
#4317=CARTESIAN_POINT('Ctrl Pts',(6.96288773042275,-0.49756920697697,-14.9730060397113));
#4318=CARTESIAN_POINT('Ctrl Pts',(6.79191524943269,-0.498228016969363,-14.9764181841386));
#4319=CARTESIAN_POINT('Ctrl Pts',(6.79191524943269,-0.498228016969363,-14.9764181841386));
#4320=CARTESIAN_POINT('Ctrl Pts',(6.4339553198155,-0.499607347591126,-14.9835620880695));
#4321=CARTESIAN_POINT('Ctrl Pts',(5.53895956914048,-0.501035943259662,-15.2618110545237));
#4322=CARTESIAN_POINT('Ctrl Pts',(5.06351050353893,-0.49801675142975,-16.1781300331709));
#4323=CARTESIAN_POINT('Ctrl Pts',(5.06351050353893,-0.49801675142975,-16.73));
#4324=CARTESIAN_POINT('Ctrl Pts',(4.608,0.,-16.73));
#4325=CARTESIAN_POINT('Ctrl Pts',(4.608,0.,-16.0418416092137));
#4326=CARTESIAN_POINT('Ctrl Pts',(5.26602253244301,0.,-14.6708823579174));
#4327=CARTESIAN_POINT('Ctrl Pts',(7.49306052245382,0.,-14.1644377247873));
#4328=CARTESIAN_POINT('Ctrl Pts',(9.28253472612401,0.,-15.5871122810762));
#4329=CARTESIAN_POINT('Ctrl Pts',(9.27810486256804,0.,-17.871067055738));
#4330=CARTESIAN_POINT('Ctrl Pts',(7.49504244553084,0.,-19.3000603284709));
#4331=CARTESIAN_POINT('Ctrl Pts',(5.26600408359363,0.,-18.7858188297807));
#4332=CARTESIAN_POINT('Ctrl Pts',(4.608,0.,-17.4181583907863));
#4333=CARTESIAN_POINT('Ctrl Pts',(4.608,0.,-16.73));
#4334=CARTESIAN_POINT('Origin',(59.4,0.,0.));
#4335=CARTESIAN_POINT('',(2.,0.,32.55));
#4336=CARTESIAN_POINT('',(0.,0.,30.55));
#4337=CARTESIAN_POINT('Origin',(2.,-3.77475828372553E-14,30.55));
#4338=CARTESIAN_POINT('',(57.4,0.,32.55));
#4339=CARTESIAN_POINT('',(0.,0.,32.55));
#4340=CARTESIAN_POINT('',(59.4,0.,30.55));
#4341=CARTESIAN_POINT('Origin',(57.4,0.,30.55));
#4342=CARTESIAN_POINT('',(59.4,0.,-20.35));
#4343=CARTESIAN_POINT('',(59.4,0.,0.));
#4344=CARTESIAN_POINT('',(57.4,0.,-22.35));
#4345=CARTESIAN_POINT('Origin',(57.4,0.,-20.35));
#4346=CARTESIAN_POINT('',(54.3,0.,-22.35));
#4347=CARTESIAN_POINT('',(0.,0.,-22.35));
#4348=CARTESIAN_POINT('',(54.3,0.,-16.6));
#4349=CARTESIAN_POINT('',(54.3,0.,-11.175));
#4350=CARTESIAN_POINT('',(41.3,0.,-16.6));
#4351=CARTESIAN_POINT('',(56.85,0.,-16.6));
#4352=CARTESIAN_POINT('',(41.3,0.,-22.35));
#4353=CARTESIAN_POINT('',(41.3,0.,-8.3));
#4354=CARTESIAN_POINT('',(2.,0.,-22.35));
#4355=CARTESIAN_POINT('',(0.,0.,-22.35));
#4356=CARTESIAN_POINT('',(0.,0.,-20.35));
#4357=CARTESIAN_POINT('Origin',(2.,-3.77475828372553E-14,-20.35));
#4358=CARTESIAN_POINT('',(0.,0.,0.));
#4359=CARTESIAN_POINT('',(38.797,0.,-6.47));
#4360=CARTESIAN_POINT('Ctrl Pts',(38.797,0.,-6.47));
#4361=CARTESIAN_POINT('Ctrl Pts',(38.797,0.,-5.78184160921366));
#4362=CARTESIAN_POINT('Ctrl Pts',(39.4552750255409,0.,-4.41461909861836));
#4363=CARTESIAN_POINT('Ctrl Pts',(41.6842044948701,0.,-3.89914285663235));
#4364=CARTESIAN_POINT('Ctrl Pts',(43.466532704493,0.,-5.3295044553375));
#4365=CARTESIAN_POINT('Ctrl Pts',(43.4723082466773,0.,-7.6123867288899));
#4366=CARTESIAN_POINT('Ctrl Pts',(41.6814711940312,0.,-9.03840980280751));
#4367=CARTESIAN_POINT('Ctrl Pts',(39.4564361513232,0.,-8.52563257226414));
#4368=CARTESIAN_POINT('Ctrl Pts',(38.797,0.,-7.15815839078634));
#4369=CARTESIAN_POINT('Ctrl Pts',(38.797,0.,-6.47));
#4370=CARTESIAN_POINT('',(38.666,0.,-16.1));
#4371=CARTESIAN_POINT('Origin',(37.316,0.,-16.1));
#4372=CARTESIAN_POINT('',(12.034,0.,-7.1));
#4373=CARTESIAN_POINT('Origin',(10.684,0.,-7.1));
#4374=CARTESIAN_POINT('',(2.00000000000004,0.,17.));
#4375=CARTESIAN_POINT('Origin',(5.00000000000004,0.,17.));
#4376=CARTESIAN_POINT('',(43.4,0.,5.));
#4377=CARTESIAN_POINT('Origin',(46.4,0.,5.));
#4378=CARTESIAN_POINT('',(43.4,0.,27.55));
#4379=CARTESIAN_POINT('Origin',(46.4,0.,27.55));
#4380=CARTESIAN_POINT('',(42.5,0.,27.55));
#4381=CARTESIAN_POINT('Origin',(41.,0.,27.55));
#4382=CARTESIAN_POINT('',(16.5,0.,1.53));
#4383=CARTESIAN_POINT('Origin',(15.,0.,1.53));
#4384=CARTESIAN_POINT('Origin',(6.88139813660258,0.00470500389152657,-16.73));
#4385=CARTESIAN_POINT('',(5.28875887474219,-9.00000000000003,-15.7301161526953));
#4386=CARTESIAN_POINT('',(6.88139813660252,0.00470500389153818,-14.9297909008611));
#4387=CARTESIAN_POINT('Origin',(5.30399999999999,-9.00000000000003,-16.73));
#4388=CARTESIAN_POINT('Ctrl Pts',(38.797,0.,-6.47));
#4389=CARTESIAN_POINT('Ctrl Pts',(38.797,0.,-7.15815839078634));
#4390=CARTESIAN_POINT('Ctrl Pts',(39.4564361513232,0.,-8.52563257226414));
#4391=CARTESIAN_POINT('Ctrl Pts',(41.6814711940312,0.,-9.03840980280751));
#4392=CARTESIAN_POINT('Ctrl Pts',(43.4723082466773,0.,-7.6123867288899));
#4393=CARTESIAN_POINT('Ctrl Pts',(43.466532704493,0.,-5.3295044553375));
#4394=CARTESIAN_POINT('Ctrl Pts',(41.6842044948701,0.,-3.89914285663235));
#4395=CARTESIAN_POINT('Ctrl Pts',(39.4552750255409,0.,-4.41461909861836));
#4396=CARTESIAN_POINT('Ctrl Pts',(38.797,0.,-5.78184160921366));
#4397=CARTESIAN_POINT('Ctrl Pts',(38.797,0.,-6.47));
#4398=CARTESIAN_POINT('Ctrl Pts',(39.0066772518921,-0.161021325719125,-6.47));
#4399=CARTESIAN_POINT('Ctrl Pts',(39.0066772518921,-0.161021325719125,-7.09542310372261));
#4400=CARTESIAN_POINT('Ctrl Pts',(39.5957516333192,-0.163181091365993,-8.3393659688385));
#4401=CARTESIAN_POINT('Ctrl Pts',(41.626508015143,-0.167402406356912,-8.84511450658368));
#4402=CARTESIAN_POINT('Ctrl Pts',(43.3158468518193,-0.165987095982654,-7.54324160569603));
#4403=CARTESIAN_POINT('Ctrl Pts',(43.3102259553593,-0.166005590227106,-5.39899783162372));
#4404=CARTESIAN_POINT('Ctrl Pts',(41.6288662585968,-0.167423724337281,-4.09231935814291));
#4405=CARTESIAN_POINT('Ctrl Pts',(39.5946268998366,-0.163183992576138,-4.60094864194335));
#4406=CARTESIAN_POINT('Ctrl Pts',(39.0066772518921,-0.161021325719125,-5.84457689627739));
#4407=CARTESIAN_POINT('Ctrl Pts',(39.0066772518921,-0.161021325719125,-6.47));
#4408=CARTESIAN_POINT('Ctrl Pts',(39.2163545037842,-0.32204265143825,-6.47));
#4409=CARTESIAN_POINT('Ctrl Pts',(39.2163545037842,-0.32204265143825,-7.03268781665889));
#4410=CARTESIAN_POINT('Ctrl Pts',(39.7350671153151,-0.326362182731986,-8.15309936541286));
#4411=CARTESIAN_POINT('Ctrl Pts',(41.5715448362548,-0.334804812713825,-8.65181921035984));
#4412=CARTESIAN_POINT('Ctrl Pts',(43.1593854569613,-0.331974191965308,-7.47409648250216));
#4413=CARTESIAN_POINT('Ctrl Pts',(43.1539192062256,-0.332011180454211,-5.46849120790993));
#4414=CARTESIAN_POINT('Ctrl Pts',(41.5735280223236,-0.334847448674561,-4.28549585965348));
#4415=CARTESIAN_POINT('Ctrl Pts',(39.7339787741323,-0.326367985152276,-4.78727818526834));
#4416=CARTESIAN_POINT('Ctrl Pts',(39.2163545037842,-0.32204265143825,-5.90731218334111));
#4417=CARTESIAN_POINT('Ctrl Pts',(39.2163545037842,-0.32204265143825,-6.47));
#4418=CARTESIAN_POINT('Ctrl Pts',(39.4260317556762,-0.483063977157375,-6.47));
#4419=CARTESIAN_POINT('Ctrl Pts',(39.4260317556762,-0.483063977157375,-6.96995252959517));
#4420=CARTESIAN_POINT('Ctrl Pts',(39.8743825973111,-0.489543274097978,-7.96683276198723));
#4421=CARTESIAN_POINT('Ctrl Pts',(41.5165816573666,-0.502207219070738,-8.45852391413599));
#4422=CARTESIAN_POINT('Ctrl Pts',(43.0029240621033,-0.497961287947962,-7.4049513593083));
#4423=CARTESIAN_POINT('Ctrl Pts',(42.997612457092,-0.498016770681317,-5.53798458419615));
#4424=CARTESIAN_POINT('Ctrl Pts',(41.5181897860503,-0.502271173011842,-4.47867236116404));
#4425=CARTESIAN_POINT('Ctrl Pts',(39.8733306484281,-0.489551977728414,-4.97360772859333));
#4426=CARTESIAN_POINT('Ctrl Pts',(39.4260317556762,-0.483063977157375,-5.97004747040483));
#4427=CARTESIAN_POINT('Ctrl Pts',(39.4260317556762,-0.483063977157375,-6.47));
#4428=CARTESIAN_POINT('',(39.4260317556762,-0.483063977157375,-6.47));
#4429=CARTESIAN_POINT('',(38.797,0.,-6.47));
#4430=CARTESIAN_POINT('',(41.2127073450558,-0.498399035656719,-8.22699739306006));
#4431=CARTESIAN_POINT('Ctrl Pts',(39.4260317556762,-0.483063977157375,-6.47));
#4432=CARTESIAN_POINT('Ctrl Pts',(39.4260317556762,-0.483063977157375,-6.96995252959517));
#4433=CARTESIAN_POINT('Ctrl Pts',(39.8347575061434,-0.488970636091907,-7.87872883438494));
#4434=CARTESIAN_POINT('Ctrl Pts',(40.7807153817939,-0.496508926208824,-8.23145999958541));
#4435=CARTESIAN_POINT('Ctrl Pts',(41.2127073450558,-0.498399035656719,-8.22699739306005));
#4436=CARTESIAN_POINT('Ctrl Pts',(41.2127073450558,-0.498399035656719,-8.22699739306005));
#4437=CARTESIAN_POINT('Ctrl Pts',(41.3054610180536,-0.49880486402523,-8.22603921980321));
#4438=CARTESIAN_POINT('Ctrl Pts',(41.9244541763762,-0.501042077971978,-8.1694093127309));
#4439=CARTESIAN_POINT('Ctrl Pts',(43.0029240621033,-0.497961287947962,-7.4049513593083));
#4440=CARTESIAN_POINT('Ctrl Pts',(42.997612457092,-0.498016770681317,-5.53798458419615));
#4441=CARTESIAN_POINT('Ctrl Pts',(41.5181897860503,-0.502271173011842,-4.47867236116404));
#4442=CARTESIAN_POINT('Ctrl Pts',(39.8733306484281,-0.489551977728414,-4.97360772859333));
#4443=CARTESIAN_POINT('Ctrl Pts',(39.4260317556762,-0.483063977157375,-5.97004747040483));
#4444=CARTESIAN_POINT('Ctrl Pts',(39.4260317556762,-0.483063977157375,-6.47));
#4445=CARTESIAN_POINT('Origin',(41.1236018633974,0.00470500389152657,-6.47));
#4446=CARTESIAN_POINT('',(42.7162411252578,-9.00000000000001,-7.46988384730471));
#4447=CARTESIAN_POINT('',(41.1236018633974,0.00470500389152659,-8.27020909913895));
#4448=CARTESIAN_POINT('Origin',(42.701,-9.00000000000001,-6.47));
#4449=CARTESIAN_POINT('Origin',(52.8,-20.25,30.55));
#4450=CARTESIAN_POINT('',(52.8,-27.0000000000001,32.55));
#4451=CARTESIAN_POINT('',(54.8,-27.0000000000001,30.55));
#4452=CARTESIAN_POINT('Origin',(52.8,-27.0000000000001,30.55));
#4453=CARTESIAN_POINT('',(54.8,-9.,30.55));
#4454=CARTESIAN_POINT('',(54.8,-20.25,30.55));
#4455=CARTESIAN_POINT('',(52.8,-9.00000000000001,32.55));
#4456=CARTESIAN_POINT('Origin',(52.8,-9.,30.55));
#4457=CARTESIAN_POINT('',(52.8,-20.25,32.55));
#4458=CARTESIAN_POINT('Origin',(29.7,-13.5,32.55));
#4459=CARTESIAN_POINT('',(57.4,-9.,32.55));
#4460=CARTESIAN_POINT('',(59.4,-9.,32.55));
#4461=CARTESIAN_POINT('',(57.4,-11.25,32.55));
#4462=CARTESIAN_POINT('',(2.00000000000002,-27.,32.55));
#4463=CARTESIAN_POINT('',(2.,-6.75000000000002,32.55));
#4464=CARTESIAN_POINT('',(9.50000000000002,-27.,32.55));
#4465=CARTESIAN_POINT('',(1.77635683940025E-14,-27.,32.55));
#4466=CARTESIAN_POINT('',(38.5,-27.0000000000001,32.55));
#4467=CARTESIAN_POINT('Origin',(24.,-27.,32.55));
#4468=CARTESIAN_POINT('',(54.8,-27.0000000000001,32.55));
#4469=CARTESIAN_POINT('',(17.986,-11.3,32.55));
#4470=CARTESIAN_POINT('Origin',(14.936,-11.3,32.55));
#4471=CARTESIAN_POINT('',(11.35,-17.936,32.55));
#4472=CARTESIAN_POINT('Origin',(8.30000000000001,-17.936,32.55));
#4473=CARTESIAN_POINT('Origin',(2.,-6.75000000000002,30.55));
#4474=CARTESIAN_POINT('',(1.77635683940025E-14,-27.,30.55));
#4475=CARTESIAN_POINT('Origin',(2.00000000000002,-27.,30.55));
#4476=CARTESIAN_POINT('',(4.44089209850063E-15,-6.75000000000002,30.55));
#4477=CARTESIAN_POINT('Origin',(0.,0.,0.));
#4478=CARTESIAN_POINT('',(0.,-9.00000000000004,-20.35));
#4479=CARTESIAN_POINT('',(1.38777878078145E-15,-2.25000000000003,-20.35));
#4480=CARTESIAN_POINT('',(5.92118946466751E-15,-9.00000000000004,2.));
#4481=CARTESIAN_POINT('',(0.,-9.00000000000004,0.));
#4482=CARTESIAN_POINT('',(1.77635683940025E-14,-27.,2.));
#4483=CARTESIAN_POINT('',(4.44089209850063E-15,-6.75000000000002,2.));
#4484=CARTESIAN_POINT('',(1.77635683940025E-14,-27.,0.));
#4485=CARTESIAN_POINT('',(4.19391437434361E-14,-19.,14.275));
#4486=CARTESIAN_POINT('',(4.19391437434361E-14,-23.,14.275));
#4487=CARTESIAN_POINT('',(1.51319286319281E-14,-23.,14.275));
#4488=CARTESIAN_POINT('',(4.19118571560414E-14,-23.,12.275));
#4489=CARTESIAN_POINT('',(1.51267887105178E-14,-23.,8.1375));
#4490=CARTESIAN_POINT('',(4.19118571560414E-14,-19.,12.275));
#4491=CARTESIAN_POINT('',(1.51319286319281E-14,-23.,12.275));
#4492=CARTESIAN_POINT('',(1.2490009027033E-14,-19.,8.1375));
#4493=CARTESIAN_POINT('',(4.19937169182257E-14,-23.,18.275));
#4494=CARTESIAN_POINT('',(4.19937169182257E-14,-19.,18.275));
#4495=CARTESIAN_POINT('',(1.51319286319281E-14,-23.,18.275));
#4496=CARTESIAN_POINT('',(4.20210035056205E-14,-19.,20.275));
#4497=CARTESIAN_POINT('',(1.2490009027033E-14,-19.,8.1375));
#4498=CARTESIAN_POINT('',(4.20210035056205E-14,-23.,20.275));
#4499=CARTESIAN_POINT('',(1.51319286319281E-14,-23.,20.275));
#4500=CARTESIAN_POINT('',(1.51267887105178E-14,-23.,8.1375));
#4501=CARTESIAN_POINT('Origin',(57.4,-11.25,30.55));
#4502=CARTESIAN_POINT('',(59.4,-9.,30.55));
#4503=CARTESIAN_POINT('Origin',(57.4,-9.,30.55));
#4504=CARTESIAN_POINT('',(59.4,-11.25,30.55));
#4505=CARTESIAN_POINT('Origin',(59.4,-9.,0.));
#4506=CARTESIAN_POINT('',(59.4,-9.,-20.35));
#4507=CARTESIAN_POINT('',(59.4,-9.,0.));
#4508=CARTESIAN_POINT('',(59.4,-6.75000000000002,-20.35));
#4509=CARTESIAN_POINT('Origin',(57.4,-6.75000000000002,-20.35));
#4510=CARTESIAN_POINT('',(57.4,-9.,-22.35));
#4511=CARTESIAN_POINT('Origin',(57.4,-9.,-20.35));
#4512=CARTESIAN_POINT('',(57.4,-6.75000000000002,-22.35));
#4513=CARTESIAN_POINT('Origin',(52.8,-20.25,2.));
#4514=CARTESIAN_POINT('',(54.8,-27.0000000000001,2.));
#4515=CARTESIAN_POINT('',(52.8,-27.0000000000001,0.));
#4516=CARTESIAN_POINT('Origin',(52.8,-27.0000000000001,2.));
#4517=CARTESIAN_POINT('',(52.8,-9.00000000000001,0.));
#4518=CARTESIAN_POINT('',(52.8,-20.25,0.));
#4519=CARTESIAN_POINT('',(54.8,-9.,2.));
#4520=CARTESIAN_POINT('Origin',(52.8,-9.,2.));
#4521=CARTESIAN_POINT('',(54.8,-20.25,2.));
#4522=CARTESIAN_POINT('Origin',(54.8,-27.0000000000001,0.));
#4523=CARTESIAN_POINT('',(54.8,-27.0000000000001,0.));
#4524=CARTESIAN_POINT('',(54.8,-9.,0.));
#4525=CARTESIAN_POINT('Origin',(2.00000000000001,-6.75000000000002,2.));
#4526=CARTESIAN_POINT('',(2.00000000000002,-27.,0.));
#4527=CARTESIAN_POINT('Origin',(2.00000000000002,-27.,2.));
#4528=CARTESIAN_POINT('',(2.00000000000001,-9.00000000000004,0.));
#4529=CARTESIAN_POINT('Origin',(2.00000000000001,-9.00000000000004,2.));
#4530=CARTESIAN_POINT('',(2.00000000000001,-6.75000000000002,0.));
#4531=CARTESIAN_POINT('Origin',(1.77635683940025E-14,-27.,0.));
#4532=CARTESIAN_POINT('',(9.50000000000002,-27.,0.));
#4533=CARTESIAN_POINT('',(1.77635683940025E-14,-27.,0.));
#4534=CARTESIAN_POINT('',(10.,-27.,0.5));
#4535=CARTESIAN_POINT('Origin',(9.50000000000002,-27.,0.5));
#4536=CARTESIAN_POINT('',(10.,-27.,32.05));
#4537=CARTESIAN_POINT('',(10.,-27.,0.));
#4538=CARTESIAN_POINT('Origin',(9.50000000000002,-27.,32.05));
#4539=CARTESIAN_POINT('',(2.90000000000004,-27.,17.));
#4540=CARTESIAN_POINT('Origin',(5.00000000000004,-27.,17.));
#4541=CARTESIAN_POINT('Origin',(2.,-2.25000000000003,-20.35));
#4542=CARTESIAN_POINT('',(2.,-9.00000000000004,-22.35));
#4543=CARTESIAN_POINT('',(2.,-2.25000000000003,-22.35));
#4544=CARTESIAN_POINT('Origin',(2.00000000000001,-9.00000000000004,-20.35));
#4545=CARTESIAN_POINT('Origin',(6.65064865041416,-9.00000000000003,0.));
#4546=CARTESIAN_POINT('',(6.65064865041417,-9.00000000000007,-22.35));
#4547=CARTESIAN_POINT('',(54.8,-9.,-22.35));
#4548=CARTESIAN_POINT('',(6.65064865041417,-9.00000000000007,0.));
#4549=CARTESIAN_POINT('',(6.65064865041417,-9.00000000000007,0.));
#4550=CARTESIAN_POINT('',(18.1753243252071,-9.00000000000003,0.));
#4551=CARTESIAN_POINT('Origin',(29.7,-4.50000000000004,-22.35));
#4552=CARTESIAN_POINT('',(41.3,-8.95256272343974,-22.35));
#4553=CARTESIAN_POINT('',(41.3,-2.25000000000002,-22.35));
#4554=CARTESIAN_POINT('Origin',(24.0000000000001,-27.,-22.35));
#4555=CARTESIAN_POINT('Origin',(24.,-27.,32.05));
#4556=CARTESIAN_POINT('',(38.,-27.0000000000001,32.05));
#4557=CARTESIAN_POINT('Origin',(38.5,-27.,32.05));
#4558=CARTESIAN_POINT('Origin',(24.,-27.,32.05));
#4559=CARTESIAN_POINT('Origin',(24.,-27.,0.));
#4560=CARTESIAN_POINT('',(38.,-27.0000000000001,0.5));
#4561=CARTESIAN_POINT('Origin',(24.,-27.,0.5));
#4562=CARTESIAN_POINT('',(38.,-27.0000000000001,0.));
#4563=CARTESIAN_POINT('Origin',(24.,-27.,0.5));
#4564=CARTESIAN_POINT('',(38.5,-27.0000000000001,0.));
#4565=CARTESIAN_POINT('Origin',(24.,-27.,0.));
#4566=CARTESIAN_POINT('Origin',(38.5,-27.,0.5));
#4567=CARTESIAN_POINT('Origin',(29.7,-13.5,0.));
#4568=CARTESIAN_POINT('',(54.8,-27.0000000000001,0.));
#4569=CARTESIAN_POINT('',(41.3493513495859,-9.00000000000002,0.));
#4570=CARTESIAN_POINT('Origin',(24.0000000000001,-27.,0.));
#4571=CARTESIAN_POINT('',(44.55,-9.00000000000001,0.));
#4572=CARTESIAN_POINT('Origin',(15.,0.,1.53));
#4573=CARTESIAN_POINT('',(16.5,-4.,1.53));
#4574=CARTESIAN_POINT('',(16.5,0.,1.53));
#4575=CARTESIAN_POINT('Origin',(15.,-4.,1.53));
#4576=CARTESIAN_POINT('Origin',(15.,-4.,1.53));
#4577=CARTESIAN_POINT('Origin',(41.,0.,27.55));
#4578=CARTESIAN_POINT('',(42.5,-4.,27.55));
#4579=CARTESIAN_POINT('',(42.5,0.,27.55));
#4580=CARTESIAN_POINT('Origin',(41.,-4.,27.55));
#4581=CARTESIAN_POINT('Origin',(41.,-4.,27.55));
#4582=CARTESIAN_POINT('Origin',(2.00000000000004,-23.,16.275));
#4583=CARTESIAN_POINT('',(3.52633777812559,-23.,14.3868946336169));
#4584=CARTESIAN_POINT('',(2.00000000000004,-23.,17.));
#4585=CARTESIAN_POINT('Origin',(5.00000000000004,-23.,17.));
#4586=CARTESIAN_POINT('Origin',(4.19664303308309E-14,-23.,16.275));
#4587=CARTESIAN_POINT('Origin',(4.19664303308309E-14,-23.,16.275));
#4588=CARTESIAN_POINT('',(2.84483334892819,-23.,19.0869251798059));
#4589=CARTESIAN_POINT('Origin',(4.19664303308309E-14,-23.,16.275));
#4590=CARTESIAN_POINT('Origin',(5.00000000000004,-23.,17.));
#4591=CARTESIAN_POINT('Origin',(4.19664303308309E-14,-23.,16.275));
#4592=CARTESIAN_POINT('',(2.84483334892819,-19.,19.0869251798059));
#4593=CARTESIAN_POINT('',(2.84483334892819,-23.,19.0869251798059));
#4594=CARTESIAN_POINT('Origin',(4.19664303308309E-14,-19.,16.275));
#4595=CARTESIAN_POINT('Origin',(4.19664303308309E-14,-23.,16.275));
#4596=CARTESIAN_POINT('',(3.52633777812559,-19.,14.3868946336169));
#4597=CARTESIAN_POINT('',(3.52633777812559,-23.,14.3868946336169));
#4598=CARTESIAN_POINT('Origin',(4.19664303308309E-14,-19.,16.275));
#4599=CARTESIAN_POINT('Origin',(4.19664303308309E-14,-23.,16.275));
#4600=CARTESIAN_POINT('Origin',(4.19664303308309E-14,-19.,16.275));
#4601=CARTESIAN_POINT('Origin',(2.00000000000004,-19.,16.275));
#4602=CARTESIAN_POINT('',(2.00000000000004,-19.,17.));
#4603=CARTESIAN_POINT('Origin',(5.00000000000004,-19.,17.));
#4604=CARTESIAN_POINT('Origin',(5.00000000000004,-19.,17.));
#4605=CARTESIAN_POINT('Origin',(14.936,-11.3,32.3));
#4606=CARTESIAN_POINT('',(17.486,-11.3,32.05));
#4607=CARTESIAN_POINT('',(17.736,-11.3,32.3));
#4608=CARTESIAN_POINT('Origin',(14.936,-11.3,32.05));
#4609=CARTESIAN_POINT('Origin',(14.936,-11.3,32.55));
#4610=CARTESIAN_POINT('',(17.486,-11.3,26.55));
#4611=CARTESIAN_POINT('',(17.486,-11.3,32.55));
#4612=CARTESIAN_POINT('Origin',(14.936,-11.3,26.55));
#4613=CARTESIAN_POINT('Origin',(8.30000000000001,-17.936,32.3));
#4614=CARTESIAN_POINT('',(10.85,-17.936,32.05));
#4615=CARTESIAN_POINT('',(11.1,-17.936,32.3));
#4616=CARTESIAN_POINT('Origin',(8.30000000000001,-17.936,32.05));
#4617=CARTESIAN_POINT('Origin',(8.30000000000001,-17.936,32.55));
#4618=CARTESIAN_POINT('',(10.85,-17.936,26.55));
#4619=CARTESIAN_POINT('',(10.85,-17.936,32.55));
#4620=CARTESIAN_POINT('Origin',(8.30000000000001,-17.936,26.55));
#4621=CARTESIAN_POINT('Origin',(8.30000000000001,-17.936,26.55));
#4622=CARTESIAN_POINT('Origin',(14.936,-11.3,26.55));
#4623=CARTESIAN_POINT('Origin',(46.4,-26.7500000000001,27.55));
#4624=CARTESIAN_POINT('',(44.3,-27.0000000000001,27.55));
#4625=CARTESIAN_POINT('Origin',(46.4,-27.0000000000001,27.55));
#4626=CARTESIAN_POINT('',(44.8,-26.5000000000001,27.55));
#4627=CARTESIAN_POINT('',(44.55,-26.7500000000001,27.55));
#4628=CARTESIAN_POINT('Origin',(46.4,-26.5000000000001,27.55));
#4629=CARTESIAN_POINT('Origin',(46.4,-27.,27.55));
#4630=CARTESIAN_POINT('',(44.8,-24.4,27.55));
#4631=CARTESIAN_POINT('',(44.8,-27.,27.55));
#4632=CARTESIAN_POINT('',(46.3999999668187,-24.4,29.15));
#4633=CARTESIAN_POINT('Origin',(46.4,-24.4,27.55));
#4634=CARTESIAN_POINT('',(48.,-24.4,27.55));
#4635=CARTESIAN_POINT('Origin',(46.4,-24.4,27.55));
#4636=CARTESIAN_POINT('',(46.3999999121483,-24.4,25.95));
#4637=CARTESIAN_POINT('Origin',(46.4,-24.4,27.55));
#4638=CARTESIAN_POINT('Origin',(46.4,-24.4,27.55));
#4639=CARTESIAN_POINT('Origin',(38.,-27.0000000000001,0.));
#4640=CARTESIAN_POINT('',(44.3,-27.0000000000001,5.));
#4641=CARTESIAN_POINT('Origin',(46.4,-27.0000000000001,5.));
#4642=CARTESIAN_POINT('Origin',(48.,-24.,29.15));
#4643=CARTESIAN_POINT('',(48.,-24.2,29.15));
#4644=CARTESIAN_POINT('',(44.8,-24.2,29.15));
#4645=CARTESIAN_POINT('',(47.2,-24.2,29.15));
#4646=CARTESIAN_POINT('',(48.,-24.4,29.15));
#4647=CARTESIAN_POINT('',(48.,-24.,29.15));
#4648=CARTESIAN_POINT('',(48.,-24.4,29.15));
#4649=CARTESIAN_POINT('',(44.8,-24.4,29.15));
#4650=CARTESIAN_POINT('',(48.,-24.4,29.15));
#4651=CARTESIAN_POINT('',(44.8,-24.,29.15));
#4652=CARTESIAN_POINT('Origin',(44.8,-24.,25.95));
#4653=CARTESIAN_POINT('',(44.8,-24.2,25.95));
#4654=CARTESIAN_POINT('',(48.,-24.2,25.95));
#4655=CARTESIAN_POINT('',(46.3999999560742,-24.2,25.95));
#4656=CARTESIAN_POINT('',(44.8,-24.4,25.95));
#4657=CARTESIAN_POINT('',(44.8,-24.,25.95));
#4658=CARTESIAN_POINT('',(48.,-24.4,25.95));
#4659=CARTESIAN_POINT('',(48.,-24.4,25.95));
#4660=CARTESIAN_POINT('',(48.,-24.4,25.95));
#4661=CARTESIAN_POINT('',(48.,-24.,25.95));
#4662=CARTESIAN_POINT('Origin',(45.5999999834094,-24.4,28.35));
#4663=CARTESIAN_POINT('',(44.8,-24.4,30.0877155080899));
#4664=CARTESIAN_POINT('Origin',(47.1999999834094,-24.4,28.35));
#4665=CARTESIAN_POINT('',(48.,-24.4,30.0877155080899));
#4666=CARTESIAN_POINT('Origin',(47.1999999560742,-24.4,26.75));
#4667=CARTESIAN_POINT('',(48.,-24.4,30.0877155080899));
#4668=CARTESIAN_POINT('Origin',(45.5999999560742,-24.4,26.75));
#4669=CARTESIAN_POINT('',(44.8,-24.4,30.0877155080899));
#4670=CARTESIAN_POINT('Origin',(46.4,-24.2,26.05));
#4671=CARTESIAN_POINT('',(48.,-24.2,25.0122844919101));
#4672=CARTESIAN_POINT('',(48.,-24.2,30.0877155080899));
#4673=CARTESIAN_POINT('',(44.8,-24.2,25.0122844919101));
#4674=CARTESIAN_POINT('Origin',(46.4,-24.2,27.55));
#4675=CARTESIAN_POINT('',(44.8,-24.2,30.0877155080899));
#4676=CARTESIAN_POINT('Origin',(44.8,-24.,30.0877155080899));
#4677=CARTESIAN_POINT('',(44.8,-24.,30.0877155080899));
#4678=CARTESIAN_POINT('',(44.8,-24.,25.0122844919101));
#4679=CARTESIAN_POINT('',(44.8,-24.,27.55));
#4680=CARTESIAN_POINT('',(44.8,-24.2,30.0877155080899));
#4681=CARTESIAN_POINT('',(44.8,-24.,30.0877155080899));
#4682=CARTESIAN_POINT('',(44.8,-24.2,30.0877155080899));
#4683=CARTESIAN_POINT('',(44.8,-24.,25.0122844919101));
#4684=CARTESIAN_POINT('Origin',(48.,-24.,27.55));
#4685=CARTESIAN_POINT('',(48.,-24.2,30.0877155080899));
#4686=CARTESIAN_POINT('',(48.,-24.2,30.0877155080899));
#4687=CARTESIAN_POINT('',(48.,-24.,30.0877155080899));
#4688=CARTESIAN_POINT('',(48.,-24.,30.0877155080899));
#4689=CARTESIAN_POINT('',(48.,-24.,25.0122844919101));
#4690=CARTESIAN_POINT('',(48.,-24.,26.281142245955));
#4691=CARTESIAN_POINT('',(48.,-24.,25.0122844919101));
#4692=CARTESIAN_POINT('Origin',(46.4,-24.2,29.05));
#4693=CARTESIAN_POINT('Origin',(46.4,-24.2,27.55));
#4694=CARTESIAN_POINT('Origin',(46.4,-24.,27.55));
#4695=CARTESIAN_POINT('',(43.4,-24.,27.55));
#4696=CARTESIAN_POINT('Origin',(46.4,-24.,27.55));
#4697=CARTESIAN_POINT('Origin',(46.4,-24.,27.55));
#4698=CARTESIAN_POINT('Origin',(46.4,-24.,27.55));
#4699=CARTESIAN_POINT('',(43.4,-24.,27.55));
#4700=CARTESIAN_POINT('Origin',(46.4,-24.,27.55));
#4701=CARTESIAN_POINT('Origin',(46.4,-24.,27.55));
#4702=CARTESIAN_POINT('Origin',(5.00000000000004,-26.75,17.));
#4703=CARTESIAN_POINT('',(3.40000000000004,-26.5,17.));
#4704=CARTESIAN_POINT('',(3.15000000000004,-26.75,17.));
#4705=CARTESIAN_POINT('Origin',(5.00000000000004,-26.5,17.));
#4706=CARTESIAN_POINT('Origin',(5.00000000000004,-27.,17.));
#4707=CARTESIAN_POINT('',(3.40000000000004,-24.4,17.));
#4708=CARTESIAN_POINT('',(3.40000000000004,-27.,17.));
#4709=CARTESIAN_POINT('',(5.00000000000004,-24.4,18.6));
#4710=CARTESIAN_POINT('Origin',(5.00000000000004,-24.4,17.));
#4711=CARTESIAN_POINT('',(6.60000000000004,-24.4,17.));
#4712=CARTESIAN_POINT('Origin',(5.00000000000004,-24.4,17.));
#4713=CARTESIAN_POINT('',(5.00000001691089,-24.4,15.4));
#4714=CARTESIAN_POINT('Origin',(5.00000000000004,-24.4,17.));
#4715=CARTESIAN_POINT('Origin',(5.00000000000004,-24.4,17.));
#4716=CARTESIAN_POINT('Origin',(46.4,-26.7500000000001,5.));
#4717=CARTESIAN_POINT('',(44.8,-26.5000000000001,5.));
#4718=CARTESIAN_POINT('',(44.55,-26.7500000000001,5.));
#4719=CARTESIAN_POINT('Origin',(46.4,-26.5000000000001,5.));
#4720=CARTESIAN_POINT('Origin',(46.4,-27.,5.));
#4721=CARTESIAN_POINT('',(44.8,-24.4,5.));
#4722=CARTESIAN_POINT('',(44.8,-27.,5.));
#4723=CARTESIAN_POINT('',(46.3999999668187,-24.4,6.6));
#4724=CARTESIAN_POINT('Origin',(46.4,-24.4,5.));
#4725=CARTESIAN_POINT('',(48.,-24.4,5.));
#4726=CARTESIAN_POINT('Origin',(46.4,-24.4,5.));
#4727=CARTESIAN_POINT('',(46.3999999121483,-24.4,3.40000000000001));
#4728=CARTESIAN_POINT('Origin',(46.4,-24.4,5.));
#4729=CARTESIAN_POINT('Origin',(46.4,-24.4,5.));
#4730=CARTESIAN_POINT('Origin',(48.,-24.,6.6));
#4731=CARTESIAN_POINT('',(48.,-24.2,6.6));
#4732=CARTESIAN_POINT('',(44.8,-24.2,6.6));
#4733=CARTESIAN_POINT('',(47.2,-24.2,6.6));
#4734=CARTESIAN_POINT('',(48.,-24.4,6.6));
#4735=CARTESIAN_POINT('',(48.,-24.,6.6));
#4736=CARTESIAN_POINT('',(48.,-24.4,6.6));
#4737=CARTESIAN_POINT('',(44.8,-24.4,6.6));
#4738=CARTESIAN_POINT('',(48.,-24.4,6.6));
#4739=CARTESIAN_POINT('',(44.8,-24.,6.6));
#4740=CARTESIAN_POINT('Origin',(44.8,-24.,3.40000000000001));
#4741=CARTESIAN_POINT('',(44.8,-24.2,3.40000000000001));
#4742=CARTESIAN_POINT('',(48.,-24.2,3.40000000000001));
#4743=CARTESIAN_POINT('',(46.3999999560742,-24.2,3.40000000000001));
#4744=CARTESIAN_POINT('',(44.8,-24.4,3.40000000000001));
#4745=CARTESIAN_POINT('',(44.8,-24.,3.40000000000001));
#4746=CARTESIAN_POINT('',(48.,-24.4,3.40000000000001));
#4747=CARTESIAN_POINT('',(48.,-24.4,3.40000000000001));
#4748=CARTESIAN_POINT('',(48.,-24.4,3.40000000000001));
#4749=CARTESIAN_POINT('',(48.,-24.,3.40000000000001));
#4750=CARTESIAN_POINT('Origin',(45.5999999834094,-24.4,5.8));
#4751=CARTESIAN_POINT('',(44.8,-24.4,7.5377155080899));
#4752=CARTESIAN_POINT('Origin',(47.1999999834094,-24.4,5.8));
#4753=CARTESIAN_POINT('',(48.,-24.4,7.5377155080899));
#4754=CARTESIAN_POINT('Origin',(47.1999999560742,-24.4,4.2));
#4755=CARTESIAN_POINT('',(48.,-24.4,7.5377155080899));
#4756=CARTESIAN_POINT('Origin',(45.5999999560742,-24.4,4.2));
#4757=CARTESIAN_POINT('',(44.8,-24.4,7.5377155080899));
#4758=CARTESIAN_POINT('Origin',(6.60000000000004,-24.,18.6));
#4759=CARTESIAN_POINT('',(6.60000000000004,-24.2,18.6));
#4760=CARTESIAN_POINT('',(3.40000000000004,-24.2,18.6));
#4761=CARTESIAN_POINT('',(5.80000000000004,-24.2,18.6));
#4762=CARTESIAN_POINT('',(6.60000000000004,-24.4,18.6));
#4763=CARTESIAN_POINT('',(6.60000000000004,-24.,18.6));
#4764=CARTESIAN_POINT('',(6.60000000000004,-24.4,18.6));
#4765=CARTESIAN_POINT('',(3.40000000000004,-24.4,18.6));
#4766=CARTESIAN_POINT('',(6.60000000000004,-24.4,18.6));
#4767=CARTESIAN_POINT('',(3.40000000000004,-24.,18.6));
#4768=CARTESIAN_POINT('Origin',(3.40000000000004,-24.,15.4));
#4769=CARTESIAN_POINT('',(3.40000000000004,-24.2,15.4));
#4770=CARTESIAN_POINT('',(6.60000000000004,-24.2,15.4));
#4771=CARTESIAN_POINT('',(5.00000000845547,-24.2,15.4));
#4772=CARTESIAN_POINT('',(3.40000000000004,-24.4,15.4));
#4773=CARTESIAN_POINT('',(3.40000000000004,-24.,15.4));
#4774=CARTESIAN_POINT('',(6.60000000000004,-24.4,15.4));
#4775=CARTESIAN_POINT('',(6.60000000000004,-24.4,15.4));
#4776=CARTESIAN_POINT('',(6.60000000000004,-24.4,15.4));
#4777=CARTESIAN_POINT('',(6.60000000000004,-24.,15.4));
#4778=CARTESIAN_POINT('Origin',(5.80000000000004,-24.4,17.8));
#4779=CARTESIAN_POINT('',(6.60000000000004,-24.4,19.5377155080899));
#4780=CARTESIAN_POINT('Origin',(4.20000000000004,-24.4,17.8));
#4781=CARTESIAN_POINT('',(3.40000000000004,-24.4,19.5377155080899));
#4782=CARTESIAN_POINT('Origin',(4.20000000845546,-24.4,16.2));
#4783=CARTESIAN_POINT('',(3.40000000000004,-24.4,19.5377155080899));
#4784=CARTESIAN_POINT('Origin',(5.80000000845546,-24.4,16.2));
#4785=CARTESIAN_POINT('',(6.60000000000004,-24.4,19.5377155080899));
#4786=CARTESIAN_POINT('Origin',(46.4,-24.2,3.5));
#4787=CARTESIAN_POINT('',(48.,-24.2,2.4622844919101));
#4788=CARTESIAN_POINT('',(48.,-24.2,7.5377155080899));
#4789=CARTESIAN_POINT('',(44.8,-24.2,2.4622844919101));
#4790=CARTESIAN_POINT('Origin',(46.4,-24.2,5.));
#4791=CARTESIAN_POINT('',(44.8,-24.2,7.5377155080899));
#4792=CARTESIAN_POINT('Origin',(5.00000000000004,-24.2,15.5));
#4793=CARTESIAN_POINT('',(6.60000000000004,-24.2,14.4622844919101));
#4794=CARTESIAN_POINT('',(6.60000000000004,-24.2,19.5377155080899));
#4795=CARTESIAN_POINT('',(3.40000000000004,-24.2,14.4622844919101));
#4796=CARTESIAN_POINT('Origin',(5.00000000000004,-24.2,17.));
#4797=CARTESIAN_POINT('',(3.40000000000004,-24.2,19.5377155080899));
#4798=CARTESIAN_POINT('Origin',(44.8,-24.,7.5377155080899));
#4799=CARTESIAN_POINT('',(44.8,-24.,7.5377155080899));
#4800=CARTESIAN_POINT('',(44.8,-24.,2.4622844919101));
#4801=CARTESIAN_POINT('',(44.8,-24.,5.));
#4802=CARTESIAN_POINT('',(44.8,-24.2,7.5377155080899));
#4803=CARTESIAN_POINT('',(44.8,-24.,7.5377155080899));
#4804=CARTESIAN_POINT('',(44.8,-24.2,7.5377155080899));
#4805=CARTESIAN_POINT('',(44.8,-24.,2.4622844919101));
#4806=CARTESIAN_POINT('Origin',(48.,-24.,5.));
#4807=CARTESIAN_POINT('',(48.,-24.2,7.5377155080899));
#4808=CARTESIAN_POINT('',(48.,-24.2,7.5377155080899));
#4809=CARTESIAN_POINT('',(48.,-24.,7.5377155080899));
#4810=CARTESIAN_POINT('',(48.,-24.,7.5377155080899));
#4811=CARTESIAN_POINT('',(48.,-24.,2.4622844919101));
#4812=CARTESIAN_POINT('',(48.,-24.,3.73114224595505));
#4813=CARTESIAN_POINT('',(48.,-24.,2.4622844919101));
#4814=CARTESIAN_POINT('Origin',(46.4,-24.2,6.5));
#4815=CARTESIAN_POINT('Origin',(46.4,-24.2,5.));
#4816=CARTESIAN_POINT('Origin',(3.40000000000004,-24.,19.5377155080899));
#4817=CARTESIAN_POINT('',(3.40000000000004,-24.,19.5377155080899));
#4818=CARTESIAN_POINT('',(3.40000000000004,-24.,14.4622844919101));
#4819=CARTESIAN_POINT('',(3.40000000000004,-24.,18.268857754045));
#4820=CARTESIAN_POINT('',(3.40000000000004,-24.2,19.5377155080899));
#4821=CARTESIAN_POINT('',(3.40000000000004,-24.,19.5377155080899));
#4822=CARTESIAN_POINT('',(3.40000000000004,-24.2,19.5377155080899));
#4823=CARTESIAN_POINT('',(3.40000000000004,-24.,14.4622844919101));
#4824=CARTESIAN_POINT('Origin',(5.00000000000004,-24.2,18.5));
#4825=CARTESIAN_POINT('',(6.60000000000004,-24.2,19.5377155080899));
#4826=CARTESIAN_POINT('Origin',(5.00000000000004,-24.2,17.));
#4827=CARTESIAN_POINT('',(6.60000000000004,-24.2,19.5377155080899));
#4828=CARTESIAN_POINT('Origin',(6.60000000000004,-24.,14.4622844919101));
#4829=CARTESIAN_POINT('',(6.60000000000004,-24.,19.5377155080899));
#4830=CARTESIAN_POINT('',(6.60000000000004,-24.,19.5377155080899));
#4831=CARTESIAN_POINT('',(6.60000000000004,-24.,14.4622844919101));
#4832=CARTESIAN_POINT('',(6.60000000000004,-24.,17.));
#4833=CARTESIAN_POINT('',(6.60000000000004,-24.,14.4622844919101));
#4834=CARTESIAN_POINT('Origin',(46.4,-24.,5.));
#4835=CARTESIAN_POINT('',(43.4,-24.,5.));
#4836=CARTESIAN_POINT('Origin',(46.4,-24.,5.));
#4837=CARTESIAN_POINT('Origin',(46.4,-24.,5.));
#4838=CARTESIAN_POINT('Origin',(5.00000000000004,-24.,17.));
#4839=CARTESIAN_POINT('',(2.00000000000004,-24.,17.));
#4840=CARTESIAN_POINT('Origin',(5.00000000000004,-24.,17.));
#4841=CARTESIAN_POINT('Origin',(5.00000000000004,-24.,17.));
#4842=CARTESIAN_POINT('Origin',(5.00000000000004,-24.,17.));
#4843=CARTESIAN_POINT('Origin',(5.00000000000004,-24.,17.));
#4844=CARTESIAN_POINT('Origin',(46.4,-24.,5.));
#4845=CARTESIAN_POINT('',(43.4,-24.,5.));
#4846=CARTESIAN_POINT('Origin',(46.4,-24.,5.));
#4847=CARTESIAN_POINT('Origin',(46.4,-24.,5.));
#4848=CARTESIAN_POINT('Origin',(5.00000000000004,-24.,17.));
#4849=CARTESIAN_POINT('',(2.00000000000004,-24.,17.));
#4850=CARTESIAN_POINT('',(2.00000000000004,-24.,17.));
#4851=CARTESIAN_POINT('Origin',(51.1,-4.,-16.6));
#4852=CARTESIAN_POINT('',(50.3,-4.,-16.6));
#4853=CARTESIAN_POINT('Origin',(51.1,-4.,-16.6));
#4854=CARTESIAN_POINT('',(50.3,-4.,-11.6));
#4855=CARTESIAN_POINT('',(50.3,-4.,-16.6));
#4856=CARTESIAN_POINT('Origin',(51.1,-4.,-11.6));
#4857=CARTESIAN_POINT('Origin',(51.1,-4.,-11.6));
#4858=CARTESIAN_POINT('Origin',(44.6,-4.,-16.6));
#4859=CARTESIAN_POINT('',(43.8,-4.,-16.6));
#4860=CARTESIAN_POINT('Origin',(44.6,-4.,-16.6));
#4861=CARTESIAN_POINT('',(43.8,-4.,-11.6));
#4862=CARTESIAN_POINT('',(43.8,-4.,-16.6));
#4863=CARTESIAN_POINT('Origin',(44.6,-4.,-11.6));
#4864=CARTESIAN_POINT('Origin',(44.6,-4.,-11.6));
#4865=CARTESIAN_POINT('Origin',(54.3,0.,-16.6));
#4866=CARTESIAN_POINT('',(41.3,-8.95256272343974,-16.6));
#4867=CARTESIAN_POINT('',(41.3493513495859,-9.00000000000001,-16.6));
#4868=CARTESIAN_POINT('Origin',(24.0000000000001,-27.,-16.6));
#4869=CARTESIAN_POINT('',(41.3,0.,-16.6));
#4870=CARTESIAN_POINT('',(54.3,-9.,-16.6));
#4871=CARTESIAN_POINT('',(54.3,0.,-16.6));
#4872=CARTESIAN_POINT('',(54.55,-9.,-16.6));
#4873=CARTESIAN_POINT('Origin',(54.3,0.,-22.35));
#4874=CARTESIAN_POINT('',(54.3,-9.,-22.35));
#4875=CARTESIAN_POINT('',(54.3,-9.,-11.175));
#4876=CARTESIAN_POINT('',(54.3,-2.25000000000002,-22.35));
#4877=CARTESIAN_POINT('Origin',(41.3,0.,-16.6));
#4878=CARTESIAN_POINT('',(41.3,-8.95256272343974,0.));
#4879=CARTESIAN_POINT('Origin',(37.316,0.,-16.1));
#4880=CARTESIAN_POINT('',(38.666,-6.75380440054536,-16.1));
#4881=CARTESIAN_POINT('',(38.666,0.,-16.1));
#4882=CARTESIAN_POINT('',(35.966,-5.04971899379473,-16.1));
#4883=CARTESIAN_POINT('Ctrl Pts',(35.966,-5.04971899379473,-16.1));
#4884=CARTESIAN_POINT('Ctrl Pts',(35.966,-5.04971899379473,-15.932093275169));
#4885=CARTESIAN_POINT('Ctrl Pts',(35.9993644858407,-5.06781370970089,-15.754713786783));
#4886=CARTESIAN_POINT('Ctrl Pts',(36.129878889377,-5.13972594442433,-15.4322663332992));
#4887=CARTESIAN_POINT('Ctrl Pts',(36.2268539817187,-5.19359544721072,-15.28713922755));
#4888=CARTESIAN_POINT('Ctrl Pts',(36.4616513658749,-5.32677482402021,-15.0383801925245));
#4889=CARTESIAN_POINT('Ctrl Pts',(36.6215161545354,-5.4190557435672,-14.9274869234083));
#4890=CARTESIAN_POINT('Ctrl Pts',(36.9644582726084,-5.62331534585337,-14.7833705533659));
#4891=CARTESIAN_POINT('Ctrl Pts',(37.1474314378992,-5.73536483335546,-14.75));
#4892=CARTESIAN_POINT('Ctrl Pts',(37.4900325233197,-5.95097869027905,-14.75));
#4893=CARTESIAN_POINT('Ctrl Pts',(37.6757017905354,-6.07112266308805,-14.7853980699856));
#4894=CARTESIAN_POINT('Ctrl Pts',(38.019924109243,-6.30013396139037,-14.932929118115));
#4895=CARTESIAN_POINT('Ctrl Pts',(38.1785517009454,-6.40892351008767,-15.0450088854372));
#4896=CARTESIAN_POINT('Ctrl Pts',(38.4087777696492,-6.56955378645543,-15.2927899803939));
#4897=CARTESIAN_POINT('Ctrl Pts',(38.5035749162764,-6.63698006532564,-15.4353460007969));
#4898=CARTESIAN_POINT('Ctrl Pts',(38.6323162076084,-6.72929235003555,-15.7544415266355));
#4899=CARTESIAN_POINT('Ctrl Pts',(38.666,-6.75380440054536,-15.9311940576604));
#4900=CARTESIAN_POINT('Ctrl Pts',(38.666,-6.75380440054536,-16.1));
#4901=CARTESIAN_POINT('Ctrl Pts',(38.666,-6.75380440054536,-16.1));
#4902=CARTESIAN_POINT('Ctrl Pts',(38.666,-6.75380440054536,-16.2688059423396));
#4903=CARTESIAN_POINT('Ctrl Pts',(38.6323162076084,-6.72929235003555,-16.4455584733645));
#4904=CARTESIAN_POINT('Ctrl Pts',(38.5035749162764,-6.63698006532564,-16.7646539992031));
#4905=CARTESIAN_POINT('Ctrl Pts',(38.4087777696492,-6.56955378645543,-16.9072100196061));
#4906=CARTESIAN_POINT('Ctrl Pts',(38.1785517009454,-6.40892351008767,-17.1549911145628));
#4907=CARTESIAN_POINT('Ctrl Pts',(38.019924109243,-6.30013396139037,-17.267070881885));
#4908=CARTESIAN_POINT('Ctrl Pts',(37.6757017905354,-6.07112266308805,-17.4146019300144));
#4909=CARTESIAN_POINT('Ctrl Pts',(37.4900325233197,-5.95097869027905,-17.45));
#4910=CARTESIAN_POINT('Ctrl Pts',(37.1474314378992,-5.73536483335546,-17.45));
#4911=CARTESIAN_POINT('Ctrl Pts',(36.9644582726084,-5.62331534585337,-17.4166294466341));
#4912=CARTESIAN_POINT('Ctrl Pts',(36.6215161545354,-5.4190557435672,-17.2725130765917));
#4913=CARTESIAN_POINT('Ctrl Pts',(36.4616513658749,-5.32677482402021,-17.1616198074755));
#4914=CARTESIAN_POINT('Ctrl Pts',(36.2268539817187,-5.19359544721072,-16.91286077245));
#4915=CARTESIAN_POINT('Ctrl Pts',(36.129878889377,-5.13972594442433,-16.7677336667008));
#4916=CARTESIAN_POINT('Ctrl Pts',(35.9993644858407,-5.06781370970089,-16.445286213217));
#4917=CARTESIAN_POINT('Ctrl Pts',(35.966,-5.04971899379473,-16.267906724831));
#4918=CARTESIAN_POINT('Ctrl Pts',(35.966,-5.04971899379473,-16.1));
#4919=CARTESIAN_POINT('Origin',(10.684,0.,-7.1));
#4920=CARTESIAN_POINT('',(12.034,-5.04971899379479,-7.1));
#4921=CARTESIAN_POINT('',(12.034,0.,-7.1));
#4922=CARTESIAN_POINT('',(9.334,-6.75380440054544,-7.1));
#4923=CARTESIAN_POINT('Ctrl Pts',(9.334,-6.75380440054544,-7.1));
#4924=CARTESIAN_POINT('Ctrl Pts',(9.334,-6.75380440054544,-6.93119405766044));
#4925=CARTESIAN_POINT('Ctrl Pts',(9.36768379239162,-6.72929235003562,-6.75444152663555));
#4926=CARTESIAN_POINT('Ctrl Pts',(9.49642508372358,-6.63698006532572,-6.43534600079691));
#4927=CARTESIAN_POINT('Ctrl Pts',(9.59122223035075,-6.5695537864555,-6.29278998039389));
#4928=CARTESIAN_POINT('Ctrl Pts',(9.82144829905464,-6.40892351008774,-6.04500888543724));
#4929=CARTESIAN_POINT('Ctrl Pts',(9.98007589075703,-6.30013396139044,-5.93292911811499));
#4930=CARTESIAN_POINT('Ctrl Pts',(10.3242982094646,-6.07112266308812,-5.78539806998561));
#4931=CARTESIAN_POINT('Ctrl Pts',(10.5099674766803,-5.95097869027911,-5.75));
#4932=CARTESIAN_POINT('Ctrl Pts',(10.8525685621008,-5.73536483335552,-5.75));
#4933=CARTESIAN_POINT('Ctrl Pts',(11.0355417273916,-5.62331534585343,-5.78337055336593));
#4934=CARTESIAN_POINT('Ctrl Pts',(11.3784838454646,-5.41905574356726,-5.9274869234083));
#4935=CARTESIAN_POINT('Ctrl Pts',(11.5383486341251,-5.32677482402027,-6.03838019252451));
#4936=CARTESIAN_POINT('Ctrl Pts',(11.7731460182813,-5.19359544721078,-6.28713922755004));
#4937=CARTESIAN_POINT('Ctrl Pts',(11.870121110623,-5.13972594442439,-6.43226633329921));
#4938=CARTESIAN_POINT('Ctrl Pts',(12.0006355141593,-5.06781370970095,-6.754713786783));
#4939=CARTESIAN_POINT('Ctrl Pts',(12.034,-5.04971899379479,-6.93209327516898));
#4940=CARTESIAN_POINT('Ctrl Pts',(12.034,-5.04971899379479,-7.1));
#4941=CARTESIAN_POINT('Ctrl Pts',(12.034,-5.04971899379479,-7.1));
#4942=CARTESIAN_POINT('Ctrl Pts',(12.034,-5.04971899379479,-7.26790672483102));
#4943=CARTESIAN_POINT('Ctrl Pts',(12.0006355141593,-5.06781370970095,-7.445286213217));
#4944=CARTESIAN_POINT('Ctrl Pts',(11.870121110623,-5.13972594442439,-7.76773366670079));
#4945=CARTESIAN_POINT('Ctrl Pts',(11.7731460182813,-5.19359544721078,-7.91286077244996));
#4946=CARTESIAN_POINT('Ctrl Pts',(11.5383486341251,-5.32677482402027,-8.16161980747549));
#4947=CARTESIAN_POINT('Ctrl Pts',(11.3784838454646,-5.41905574356726,-8.2725130765917));
#4948=CARTESIAN_POINT('Ctrl Pts',(11.0355417273916,-5.62331534585343,-8.41662944663408));
#4949=CARTESIAN_POINT('Ctrl Pts',(10.8525685621008,-5.73536483335552,-8.45));
#4950=CARTESIAN_POINT('Ctrl Pts',(10.5099674766803,-5.95097869027911,-8.45));
#4951=CARTESIAN_POINT('Ctrl Pts',(10.3242982094646,-6.07112266308812,-8.4146019300144));
#4952=CARTESIAN_POINT('Ctrl Pts',(9.98007589075703,-6.30013396139044,-8.26707088188501));
#4953=CARTESIAN_POINT('Ctrl Pts',(9.82144829905464,-6.40892351008774,-8.15499111456277));
#4954=CARTESIAN_POINT('Ctrl Pts',(9.59122223035075,-6.5695537864555,-7.90721001960612));
#4955=CARTESIAN_POINT('Ctrl Pts',(9.49642508372358,-6.63698006532572,-7.76465399920309));
#4956=CARTESIAN_POINT('Ctrl Pts',(9.36768379239162,-6.72929235003562,-7.44555847336445));
#4957=CARTESIAN_POINT('Ctrl Pts',(9.334,-6.75380440054544,-7.26880594233957));
#4958=CARTESIAN_POINT('Ctrl Pts',(9.334,-6.75380440054544,-7.1));
#4959=CARTESIAN_POINT('Origin',(24.0000000000001,-27.,0.));
#4960=CARTESIAN_POINT('',(41.3493513495859,-9.00000000000002,0.));
#4961=CARTESIAN_POINT('Origin',(29.7,-4.50000000000004,-22.35));
#4962=CARTESIAN_POINT('',(59.4,-9.,-22.35));
#4963=CARTESIAN_POINT('Origin',(54.8,-9.,0.));
#4964=CARTESIAN_POINT('',(0.,0.,0.));
#4965=CARTESIAN_POINT('Origin',(13.8,14.,16.));
#4966=CARTESIAN_POINT('',(11.8,14.,16.));
#4967=CARTESIAN_POINT('',(13.8,12.,16.));
#4968=CARTESIAN_POINT('Origin',(13.8,14.,16.));
#4969=CARTESIAN_POINT('',(13.8,12.,-3.625));
#4970=CARTESIAN_POINT('',(13.8,12.,16.));
#4971=CARTESIAN_POINT('',(11.8,14.,-3.));
#4972=CARTESIAN_POINT('Origin',(13.8,14.,-3.625));
#4973=CARTESIAN_POINT('',(11.8,14.,16.));
#4974=CARTESIAN_POINT('Origin',(69.8,12.,16.));
#4975=CARTESIAN_POINT('',(67.8,12.,16.));
#4976=CARTESIAN_POINT('',(34.9,12.,16.));
#4977=CARTESIAN_POINT('',(67.8,12.,-4.));
#4978=CARTESIAN_POINT('',(67.8,12.,16.));
#4979=CARTESIAN_POINT('',(15.,12.,-4.));
#4980=CARTESIAN_POINT('',(74.8,12.,-4.));
#4981=CARTESIAN_POINT('',(37.1153024911032,12.,-10.9110320284698));
#4982=CARTESIAN_POINT('Origin',(67.8,14.,16.));
#4983=CARTESIAN_POINT('',(69.8,14.,16.));
#4984=CARTESIAN_POINT('Origin',(67.8,14.,16.));
#4985=CARTESIAN_POINT('',(69.8,14.,-4.));
#4986=CARTESIAN_POINT('',(69.8,14.,16.));
#4987=CARTESIAN_POINT('Origin',(67.8,14.,-4.));
#4988=CARTESIAN_POINT('Origin',(69.8,68.,16.));
#4989=CARTESIAN_POINT('',(69.8,66.,16.));
#4990=CARTESIAN_POINT('',(69.8,34.,16.));
#4991=CARTESIAN_POINT('',(69.8,66.,-4.));
#4992=CARTESIAN_POINT('',(69.8,66.,16.));
#4993=CARTESIAN_POINT('',(69.8,34.,-4.));
#4994=CARTESIAN_POINT('Origin',(67.8,66.,16.));
#4995=CARTESIAN_POINT('',(67.8,68.,16.));
#4996=CARTESIAN_POINT('Origin',(67.8,66.,16.));
#4997=CARTESIAN_POINT('',(67.8,68.,-4.));
#4998=CARTESIAN_POINT('',(67.8,68.,16.));
#4999=CARTESIAN_POINT('Origin',(67.8,66.,-4.));
#5000=CARTESIAN_POINT('Origin',(29.8,68.,16.));
#5001=CARTESIAN_POINT('',(31.8,68.,16.));
#5002=CARTESIAN_POINT('',(14.9,68.,16.));
#5003=CARTESIAN_POINT('',(31.8,68.,-4.));
#5004=CARTESIAN_POINT('',(31.8,68.,16.));
#5005=CARTESIAN_POINT('',(54.8,68.,-4.));
#5006=CARTESIAN_POINT('Origin',(13.8,35.,16.));
#5007=CARTESIAN_POINT('',(13.8,37.,16.));
#5008=CARTESIAN_POINT('',(11.8,35.,16.));
#5009=CARTESIAN_POINT('Origin',(13.8,35.,16.));
#5010=CARTESIAN_POINT('',(11.8,35.,-3.));
#5011=CARTESIAN_POINT('',(11.8,35.,16.));
#5012=CARTESIAN_POINT('',(13.8,37.,-3.625));
#5013=CARTESIAN_POINT('Origin',(13.8,35.,-3.625));
#5014=CARTESIAN_POINT('',(13.8,37.,16.));
#5015=CARTESIAN_POINT('Origin',(11.8,12.,16.));
#5016=CARTESIAN_POINT('',(11.8,6.,-3.));
#5017=CARTESIAN_POINT('',(11.8,6.,16.));
#5018=CARTESIAN_POINT('Origin',(27.8,39.,16.));
#5019=CARTESIAN_POINT('',(27.8,37.,-4.));
#5020=CARTESIAN_POINT('',(29.8,39.,-4.));
#5021=CARTESIAN_POINT('Origin',(27.8,39.,-4.));
#5022=CARTESIAN_POINT('',(29.8,39.,16.));
#5023=CARTESIAN_POINT('',(29.8,39.,16.));
#5024=CARTESIAN_POINT('',(27.8,37.,16.));
#5025=CARTESIAN_POINT('Origin',(27.8,39.,16.));
#5026=CARTESIAN_POINT('',(27.8,37.,16.));
#5027=CARTESIAN_POINT('Origin',(0.,0.,16.));
#5028=CARTESIAN_POINT('',(77.8,80.,16.));
#5029=CARTESIAN_POINT('',(79.8,78.,16.));
#5030=CARTESIAN_POINT('Origin',(77.8,78.,16.));
#5031=CARTESIAN_POINT('',(0.,80.,16.));
#5032=CARTESIAN_POINT('',(79.8,80.,16.));
#5033=CARTESIAN_POINT('',(0.,0.,16.));
#5034=CARTESIAN_POINT('',(0.,0.,16.));
#5035=CARTESIAN_POINT('',(77.8,0.,16.));
#5036=CARTESIAN_POINT('',(79.8,0.,16.));
#5037=CARTESIAN_POINT('',(79.8,2.,16.));
#5038=CARTESIAN_POINT('Origin',(77.8,2.,16.));
#5039=CARTESIAN_POINT('',(79.8,0.,16.));
#5040=CARTESIAN_POINT('',(22.4,53.725,16.));
#5041=CARTESIAN_POINT('Origin',(20.,53.725,16.));
#5042=CARTESIAN_POINT('',(22.4,73.725,16.));
#5043=CARTESIAN_POINT('Origin',(20.,73.725,16.));
#5044=CARTESIAN_POINT('',(29.8,66.,16.));
#5045=CARTESIAN_POINT('',(29.8,18.5,16.));
#5046=CARTESIAN_POINT('Origin',(31.8,66.,16.));
#5047=CARTESIAN_POINT('',(5.9,37.,16.));
#5048=CARTESIAN_POINT('Origin',(29.8,37.,16.));
#5049=CARTESIAN_POINT('',(29.8,66.,-4.));
#5050=CARTESIAN_POINT('',(29.8,18.5,-4.));
#5051=CARTESIAN_POINT('',(29.8,66.,16.));
#5052=CARTESIAN_POINT('Origin',(31.8,66.,16.));
#5053=CARTESIAN_POINT('Origin',(31.8,66.,-4.));
#5054=CARTESIAN_POINT('Origin',(77.8,78.,11.));
#5055=CARTESIAN_POINT('',(79.8,78.,-4.));
#5056=CARTESIAN_POINT('',(77.8,80.,-4.));
#5057=CARTESIAN_POINT('Origin',(77.8,78.,-4.));
#5058=CARTESIAN_POINT('',(77.8,80.,11.));
#5059=CARTESIAN_POINT('',(79.8,78.,11.));
#5060=CARTESIAN_POINT('Origin',(79.8,0.,-4.));
#5061=CARTESIAN_POINT('',(15.,37.,-4.));
#5062=CARTESIAN_POINT('',(45.8,37.,-4.));
#5063=CARTESIAN_POINT('',(15.,80.,-4.));
#5064=CARTESIAN_POINT('',(15.,0.,-4.));
#5065=CARTESIAN_POINT('',(15.,80.,-4.));
#5066=CARTESIAN_POINT('',(79.8,2.,-4.));
#5067=CARTESIAN_POINT('',(79.8,0.,-4.));
#5068=CARTESIAN_POINT('',(77.8,0.,-4.));
#5069=CARTESIAN_POINT('Origin',(77.8,2.,-4.));
#5070=CARTESIAN_POINT('',(15.,0.,-4.));
#5071=CARTESIAN_POINT('',(15.,0.,-4.));
#5072=CARTESIAN_POINT('',(15.,0.,-4.));
#5073=CARTESIAN_POINT('Origin',(79.8,0.,16.));
#5074=CARTESIAN_POINT('',(79.8,2.,11.));
#5075=CARTESIAN_POINT('Origin',(77.8,2.,11.));
#5076=CARTESIAN_POINT('',(77.8,0.,11.));
#5077=CARTESIAN_POINT('Origin',(11.8,37.,16.));
#5078=CARTESIAN_POINT('',(10.6953736654804,37.,-2.65480427046263));
#5079=CARTESIAN_POINT('Origin',(20.,73.725,16.));
#5080=CARTESIAN_POINT('',(22.4,73.725,6.));
#5081=CARTESIAN_POINT('',(22.4,73.725,16.));
#5082=CARTESIAN_POINT('Origin',(20.,73.725,6.));
#5083=CARTESIAN_POINT('Origin',(20.,73.725,6.));
#5084=CARTESIAN_POINT('Origin',(20.,53.725,16.));
#5085=CARTESIAN_POINT('',(22.4,53.725,6.));
#5086=CARTESIAN_POINT('',(22.4,53.725,16.));
#5087=CARTESIAN_POINT('Origin',(20.,53.725,6.));
#5088=CARTESIAN_POINT('Origin',(20.,53.725,6.));
#5089=CARTESIAN_POINT('Origin',(2.98519141380022E-32,73.0370090847553,11.4));
#5090=CARTESIAN_POINT('',(2.98519141380022E-32,73.0370090847553,11.4));
#5091=CARTESIAN_POINT('',(2.98519141380022E-32,71.0740181695106,8.));
#5092=CARTESIAN_POINT('',(-3.24190903957801E-32,61.4392105483752,-8.68797632095822));
#5093=CARTESIAN_POINT('',(10.,73.0370090847553,11.4));
#5094=CARTESIAN_POINT('',(2.98519141380022E-32,73.0370090847553,11.4));
#5095=CARTESIAN_POINT('',(10.,71.0740181695106,8.));
#5096=CARTESIAN_POINT('',(10.,71.0740181695106,8.));
#5097=CARTESIAN_POINT('',(2.98519141380022E-32,71.0740181695106,8.));
#5098=CARTESIAN_POINT('Origin',(2.98519141380022E-32,76.9629909152447,11.4));
#5099=CARTESIAN_POINT('',(2.98519141380022E-32,76.9629909152447,11.4));
#5100=CARTESIAN_POINT('',(4.25389776466531E-32,38.4814954576224,11.4));
#5101=CARTESIAN_POINT('',(10.,76.9629909152447,11.4));
#5102=CARTESIAN_POINT('',(2.98519141380022E-32,76.9629909152447,11.4));
#5103=CARTESIAN_POINT('',(10.,73.0370090847553,11.4));
#5104=CARTESIAN_POINT('Origin',(2.98519141380022E-32,78.9259818304894,8.));
#5105=CARTESIAN_POINT('',(2.98519141380022E-32,78.9259818304894,8.));
#5106=CARTESIAN_POINT('',(8.24210465769337E-32,70.7922849092472,22.0879763209582));
#5107=CARTESIAN_POINT('',(10.,78.9259818304894,8.));
#5108=CARTESIAN_POINT('',(2.98519141380022E-32,78.9259818304894,8.));
#5109=CARTESIAN_POINT('',(10.,76.9629909152447,11.4));
#5110=CARTESIAN_POINT('Origin',(2.98519141380022E-32,76.9629909152447,4.60000000000001));
#5111=CARTESIAN_POINT('',(2.98519141380022E-32,76.9629909152447,4.60000000000001));
#5112=CARTESIAN_POINT('',(-5.14496856587564E-32,66.346687836487,-13.7879763209582));
#5113=CARTESIAN_POINT('',(10.,76.9629909152447,4.60000000000001));
#5114=CARTESIAN_POINT('',(2.98519141380022E-32,76.9629909152447,4.60000000000001));
#5115=CARTESIAN_POINT('',(10.,78.9259818304894,8.));
#5116=CARTESIAN_POINT('Origin',(2.98519141380022E-32,73.0370090847553,4.6));
#5117=CARTESIAN_POINT('',(2.98519141380022E-32,73.0370090847553,4.6));
#5118=CARTESIAN_POINT('',(1.71648506293512E-32,36.5185045423776,4.59999999999998));
#5119=CARTESIAN_POINT('',(10.,73.0370090847553,4.6));
#5120=CARTESIAN_POINT('',(2.98519141380022E-32,73.0370090847553,4.6));
#5121=CARTESIAN_POINT('',(10.,76.9629909152447,4.60000000000001));
#5122=CARTESIAN_POINT('Origin',(2.98519141380022E-32,71.0740181695106,8.));
#5123=CARTESIAN_POINT('',(7.60775148226082E-32,63.9218167058906,20.3879763209582));
#5124=CARTESIAN_POINT('',(10.,73.0370090847553,4.6));
#5125=CARTESIAN_POINT('Origin',(10.,75.,8.));
#5126=CARTESIAN_POINT('Origin',(2.98519141380022E-32,3.03700908475527,11.4));
#5127=CARTESIAN_POINT('',(2.98519141380022E-32,3.03700908475527,11.4));
#5128=CARTESIAN_POINT('',(2.98519141380022E-32,1.07401816951054,8.));
#5129=CARTESIAN_POINT('',(2.41332883435049E-32,0.189210548375213,6.46746824526945));
#5130=CARTESIAN_POINT('',(10.,3.03700908475527,11.4));
#5131=CARTESIAN_POINT('',(2.98519141380022E-32,3.03700908475527,11.4));
#5132=CARTESIAN_POINT('',(10.,1.07401816951054,8.));
#5133=CARTESIAN_POINT('',(10.,1.07401816951054,8.));
#5134=CARTESIAN_POINT('',(2.98519141380022E-32,1.07401816951054,8.));
#5135=CARTESIAN_POINT('Origin',(2.98519141380022E-32,6.96299091524472,11.4));
#5136=CARTESIAN_POINT('',(2.98519141380022E-32,6.96299091524472,11.4));
#5137=CARTESIAN_POINT('',(4.25389776466531E-32,3.48149545762235,11.4));
#5138=CARTESIAN_POINT('',(10.,6.96299091524472,11.4));
#5139=CARTESIAN_POINT('',(2.98519141380022E-32,6.96299091524472,11.4));
#5140=CARTESIAN_POINT('',(10.,3.03700908475527,11.4));
#5141=CARTESIAN_POINT('Origin',(2.98519141380022E-32,8.92598183048946,8.));
#5142=CARTESIAN_POINT('',(2.98519141380022E-32,8.92598183048946,8.));
#5143=CARTESIAN_POINT('',(2.58686678376488E-32,9.54228490924715,6.93253175473056));
#5144=CARTESIAN_POINT('',(10.,8.92598183048946,8.));
#5145=CARTESIAN_POINT('',(2.98519141380022E-32,8.92598183048946,8.));
#5146=CARTESIAN_POINT('',(10.,6.96299091524472,11.4));
#5147=CARTESIAN_POINT('Origin',(2.98519141380022E-32,6.96299091524473,4.6));
#5148=CARTESIAN_POINT('',(2.98519141380022E-32,6.96299091524473,4.6));
#5149=CARTESIAN_POINT('',(5.10269308052852E-33,5.09668783648704,1.36746824526945));
#5150=CARTESIAN_POINT('',(10.,6.96299091524473,4.6));
#5151=CARTESIAN_POINT('',(2.98519141380022E-32,6.96299091524473,4.6));
#5152=CARTESIAN_POINT('',(10.,8.92598183048946,8.));
#5153=CARTESIAN_POINT('Origin',(2.98519141380022E-32,3.03700908475528,4.59999999999999));
#5154=CARTESIAN_POINT('',(2.98519141380022E-32,3.03700908475528,4.59999999999999));
#5155=CARTESIAN_POINT('',(1.71648506293512E-32,1.51850454237763,4.59999999999999));
#5156=CARTESIAN_POINT('',(10.,3.03700908475528,4.59999999999999));
#5157=CARTESIAN_POINT('',(2.98519141380022E-32,3.03700908475528,4.59999999999999));
#5158=CARTESIAN_POINT('',(10.,6.96299091524473,4.6));
#5159=CARTESIAN_POINT('Origin',(2.98519141380022E-32,1.07401816951054,8.));
#5160=CARTESIAN_POINT('',(1.95251360833233E-32,2.6718167058906,5.23253175473055));
#5161=CARTESIAN_POINT('',(10.,3.03700908475528,4.59999999999999));
#5162=CARTESIAN_POINT('Origin',(10.,5.,8.));
#5163=CARTESIAN_POINT('Origin',(2.2,0.,8.76724512190412E-16));
#5164=CARTESIAN_POINT('',(0.,0.,0.));
#5165=CARTESIAN_POINT('',(2.2,0.,8.76724512190412E-16));
#5166=CARTESIAN_POINT('',(0.,0.,0.));
#5167=CARTESIAN_POINT('',(0.,80.,0.));
#5168=CARTESIAN_POINT('',(0.,0.,0.));
#5169=CARTESIAN_POINT('',(2.2,80.,8.76724512190412E-16));
#5170=CARTESIAN_POINT('',(0.,80.,0.));
#5171=CARTESIAN_POINT('',(2.2,0.,8.76724512190412E-16));
#5172=CARTESIAN_POINT('Origin',(15.,0.,-4.));
#5173=CARTESIAN_POINT('',(2.2,0.,8.76724512190412E-16));
#5174=CARTESIAN_POINT('',(2.2,80.,8.76724512190412E-16));
#5175=CARTESIAN_POINT('Origin',(0.,0.,0.));
#5176=CARTESIAN_POINT('',(0.,0.,0.));
#5177=CARTESIAN_POINT('',(0.,80.,0.));
#5178=CARTESIAN_POINT('Origin',(39.9,80.,6.));
#5179=CARTESIAN_POINT('Origin',(39.9,0.,6.));
#5180=CARTESIAN_POINT('',(2.96327939963703E-8,-18.5846847495293,25.5766070352151));
#5181=CARTESIAN_POINT('',(0.,-18.5846844655806,-1.42339296478492));
#5182=CARTESIAN_POINT('',(-25.0000005349376,61.4153153953484,59.5766070352151));
#5183=UNCERTAINTY_MEASURE_WITH_UNIT(LENGTH_MEASURE(0.01),#5193,
'DISTANCE_ACCURACY_VALUE',
'Maximum model space distance between geometric entities at asserted c
onnectivities');
#5184=UNCERTAINTY_MEASURE_WITH_UNIT(LENGTH_MEASURE(0.01),#5193,
'DISTANCE_ACCURACY_VALUE',
'Maximum model space distance between geometric entities at asserted c
onnectivities');
#5185=UNCERTAINTY_MEASURE_WITH_UNIT(LENGTH_MEASURE(0.01),#5193,
'DISTANCE_ACCURACY_VALUE',
'Maximum model space distance between geometric entities at asserted c
onnectivities');
#5186=UNCERTAINTY_MEASURE_WITH_UNIT(LENGTH_MEASURE(0.01),#5193,
'DISTANCE_ACCURACY_VALUE',
'Maximum model space distance between geometric entities at asserted c
onnectivities');
#5187=UNCERTAINTY_MEASURE_WITH_UNIT(LENGTH_MEASURE(0.01),#5193,
'DISTANCE_ACCURACY_VALUE',
'Maximum model space distance between geometric entities at asserted c
onnectivities');
#5188=(
GEOMETRIC_REPRESENTATION_CONTEXT(3)
GLOBAL_UNCERTAINTY_ASSIGNED_CONTEXT((#5183))
GLOBAL_UNIT_ASSIGNED_CONTEXT((#5193,#5195,#5196))
REPRESENTATION_CONTEXT('','3D')
);
#5189=(
GEOMETRIC_REPRESENTATION_CONTEXT(3)
GLOBAL_UNCERTAINTY_ASSIGNED_CONTEXT((#5184))
GLOBAL_UNIT_ASSIGNED_CONTEXT((#5193,#5195,#5196))
REPRESENTATION_CONTEXT('','3D')
);
#5190=(
GEOMETRIC_REPRESENTATION_CONTEXT(3)
GLOBAL_UNCERTAINTY_ASSIGNED_CONTEXT((#5185))
GLOBAL_UNIT_ASSIGNED_CONTEXT((#5193,#5195,#5196))
REPRESENTATION_CONTEXT('','3D')
);
#5191=(
GEOMETRIC_REPRESENTATION_CONTEXT(3)
GLOBAL_UNCERTAINTY_ASSIGNED_CONTEXT((#5186))
GLOBAL_UNIT_ASSIGNED_CONTEXT((#5193,#5195,#5196))
REPRESENTATION_CONTEXT('','3D')
);
#5192=(
GEOMETRIC_REPRESENTATION_CONTEXT(3)
GLOBAL_UNCERTAINTY_ASSIGNED_CONTEXT((#5187))
GLOBAL_UNIT_ASSIGNED_CONTEXT((#5193,#5195,#5196))
REPRESENTATION_CONTEXT('','3D')
);
#5193=(
LENGTH_UNIT()
NAMED_UNIT(*)
SI_UNIT(.MILLI.,.METRE.)
);
#5194=(
LENGTH_UNIT()
NAMED_UNIT(*)
SI_UNIT($,.METRE.)
);
#5195=(
NAMED_UNIT(*)
PLANE_ANGLE_UNIT()
SI_UNIT($,.RADIAN.)
);
#5196=(
NAMED_UNIT(*)
SI_UNIT($,.STERADIAN.)
SOLID_ANGLE_UNIT()
);
#5197=SHAPE_DEFINITION_REPRESENTATION(#5201,#5208);
#5198=SHAPE_DEFINITION_REPRESENTATION(#5202,#5209);
#5199=SHAPE_DEFINITION_REPRESENTATION(#5203,#5210);
#5200=SHAPE_DEFINITION_REPRESENTATION(#5204,#5211);
#5201=PRODUCT_DEFINITION_SHAPE('',$,#5213);
#5202=PRODUCT_DEFINITION_SHAPE('',$,#5214);
#5203=PRODUCT_DEFINITION_SHAPE('',$,#5215);
#5204=PRODUCT_DEFINITION_SHAPE('',$,#5216);
#5205=PRODUCT_DEFINITION_SHAPE($,$,#20);
#5206=PRODUCT_DEFINITION_SHAPE($,$,#21);
#5207=PRODUCT_DEFINITION_SHAPE($,$,#22);
#5208=SHAPE_REPRESENTATION('',(#2975,#3272,#3273,#3274),#5188);
#5209=SHAPE_REPRESENTATION('',(#2976),#5189);
#5210=SHAPE_REPRESENTATION('',(#3027),#5190);
#5211=SHAPE_REPRESENTATION('',(#3211),#5191);
#5212=PRODUCT_DEFINITION_CONTEXT('part definition',#5226,'design');
#5213=PRODUCT_DEFINITION('Assenbly_locking motor with CNC',
'Assenbly_locking motor with CNC v2',#5217,#5212);
#5214=PRODUCT_DEFINITION('lock_actuator_motor_clip_with CNC',
'lock_actuator_motor_clip_with CNC v2',#5218,#5212);
#5215=PRODUCT_DEFINITION('lock_actuator_base_plate_with CNC',
'lock_actuator_base_plate_with CNC v4',#5219,#5212);
#5216=PRODUCT_DEFINITION('Base attached with CNC',
'Base attached with CNC v5',#5220,#5212);
#5217=PRODUCT_DEFINITION_FORMATION('',$,#5228);
#5218=PRODUCT_DEFINITION_FORMATION('',$,#5229);
#5219=PRODUCT_DEFINITION_FORMATION('',$,#5230);
#5220=PRODUCT_DEFINITION_FORMATION('',$,#5231);
#5221=PRODUCT_RELATED_PRODUCT_CATEGORY(
'Assenbly_locking motor with CNC v2',
'Assenbly_locking motor with CNC v2',(#5228));
#5222=PRODUCT_RELATED_PRODUCT_CATEGORY(
'lock_actuator_motor_clip_with CNC v2',
'lock_actuator_motor_clip_with CNC v2',(#5229));
#5223=PRODUCT_RELATED_PRODUCT_CATEGORY(
'lock_actuator_base_plate_with CNC v4',
'lock_actuator_base_plate_with CNC v4',(#5230));
#5224=PRODUCT_RELATED_PRODUCT_CATEGORY('Base attached with CNC v5',
'Base attached with CNC v5',(#5231));
#5225=APPLICATION_PROTOCOL_DEFINITION('international standard',
'automotive_design',2009,#5226);
#5226=APPLICATION_CONTEXT(
'Core Data for Automotive Mechanical Design Process');
#5227=PRODUCT_CONTEXT('part definition',#5226,'mechanical');
#5228=PRODUCT('Assenbly_locking motor with CNC',
'Assenbly_locking motor with CNC v2',$,(#5227));
#5229=PRODUCT('lock_actuator_motor_clip_with CNC',
'lock_actuator_motor_clip_with CNC v2',$,(#5227));
#5230=PRODUCT('lock_actuator_base_plate_with CNC',
'lock_actuator_base_plate_with CNC v4',$,(#5227));
#5231=PRODUCT('Base attached with CNC','Base attached with CNC v5',$,(#5227));
#5232=PRESENTATION_STYLE_ASSIGNMENT((#5233));
#5233=SURFACE_STYLE_USAGE(.BOTH.,#5234);
#5234=SURFACE_SIDE_STYLE('',(#5235));
#5235=SURFACE_STYLE_FILL_AREA(#5236);
#5236=FILL_AREA_STYLE('Steel - Satin',(#5237));
#5237=FILL_AREA_STYLE_COLOUR('Steel - Satin',#5238);
#5238=COLOUR_RGB('Steel - Satin',0.627450980392157,0.627450980392157,0.627450980392157);
ENDSEC;
END-ISO-10303-21;
