ISO-10303-21;
HEADER;
/* Generated by software containing ST-Developer
 * from STEP Tools, Inc. (www.steptools.com) 
 */

FILE_DESCRIPTION(
/* description */ (''),
/* implementation_level */ '2;1');

FILE_NAME(
/* name */ 'PRT_lock_actuator_base_plate.step',
/* time_stamp */ '2026-10-02T15:55:19-04:00',
/* author */ (''),
/* organization */ (''),
/* preprocessor_version */ 'ST-DEVELOPER v20.2',
/* originating_system */ 'Autodesk Translation Framework v15.15.0.0',
/* authorisation */ '');

FILE_SCHEMA (('AUTOMOTIVE_DESIGN { 1 0 10303 214 3 1 1 }'));
ENDSEC;

DATA;
#10=MECHANICAL_DESIGN_GEOMETRIC_PRESENTATION_REPRESENTATION('',(#13),#3186);
#11=SHAPE_REPRESENTATION_RELATIONSHIP('SRR','None',#3193,#12);
#12=ADVANCED_BREP_SHAPE_REPRESENTATION('',(#14),#3185);
#13=STYLED_ITEM('',(#3202),#14);
#14=MANIFOLD_SOLID_BREP('Body1',#1766);
#15=TOROIDAL_SURFACE('',#1827,14.5,0.5);
#16=TOROIDAL_SURFACE('',#1832,14.5,0.5);
#17=CYLINDRICAL_SURFACE('',#1796,2.);
#18=CYLINDRICAL_SURFACE('',#1803,2.);
#19=CYLINDRICAL_SURFACE('',#1806,2.);
#20=CYLINDRICAL_SURFACE('',#1809,2.);
#21=CYLINDRICAL_SURFACE('',#1811,2.);
#22=CYLINDRICAL_SURFACE('',#1815,2.);
#23=CYLINDRICAL_SURFACE('',#1822,2.);
#24=CYLINDRICAL_SURFACE('',#1830,14.);
#25=CYLINDRICAL_SURFACE('',#1837,1.5);
#26=CYLINDRICAL_SURFACE('',#1840,1.5);
#27=CYLINDRICAL_SURFACE('',#1849,4.);
#28=CYLINDRICAL_SURFACE('',#1851,4.);
#29=CYLINDRICAL_SURFACE('',#1853,2.);
#30=CYLINDRICAL_SURFACE('',#1860,2.55);
#31=CYLINDRICAL_SURFACE('',#1864,2.55);
#32=CYLINDRICAL_SURFACE('',#1871,1.6);
#33=CYLINDRICAL_SURFACE('',#1893,3.);
#34=CYLINDRICAL_SURFACE('',#1898,1.6);
#35=CYLINDRICAL_SURFACE('',#1905,1.6);
#36=CYLINDRICAL_SURFACE('',#1942,3.);
#37=CYLINDRICAL_SURFACE('',#1945,3.);
#38=CYLINDRICAL_SURFACE('',#1946,0.800000000000001);
#39=CYLINDRICAL_SURFACE('',#1950,0.800000000000001);
#40=CYLINDRICAL_SURFACE('',#1958,1.35);
#41=CYLINDRICAL_SURFACE('',#1959,1.35);
#42=CYLINDRICAL_SURFACE('',#1960,24.9999998450275);
#43=CONICAL_SURFACE('',#1792,1.80020909913894,0.0872977573345662);
#44=CONICAL_SURFACE('',#1794,1.80020909913894,0.0872977573345669);
#45=CONICAL_SURFACE('',#1858,2.8,0.785398163397451);
#46=CONICAL_SURFACE('',#1862,2.8,0.785398163397451);
#47=CONICAL_SURFACE('',#1868,1.85,0.785398163397448);
#48=CONICAL_SURFACE('',#1896,1.85,0.785398163397444);
#49=CONICAL_SURFACE('',#1903,1.85,0.785398163397448);
#50=FACE_BOUND('',#318,.T.);
#51=FACE_BOUND('',#319,.T.);
#52=FACE_BOUND('',#320,.T.);
#53=FACE_BOUND('',#321,.T.);
#54=FACE_BOUND('',#322,.T.);
#55=FACE_BOUND('',#323,.T.);
#56=FACE_BOUND('',#324,.T.);
#57=FACE_BOUND('',#325,.T.);
#58=FACE_BOUND('',#326,.T.);
#59=FACE_BOUND('',#332,.T.);
#60=FACE_BOUND('',#333,.T.);
#61=FACE_BOUND('',#336,.T.);
#62=FACE_BOUND('',#337,.T.);
#63=FACE_BOUND('',#345,.T.);
#64=FACE_BOUND('',#348,.T.);
#65=FACE_BOUND('',#372,.T.);
#66=FACE_BOUND('',#373,.T.);
#67=FACE_BOUND('',#422,.T.);
#68=FACE_BOUND('',#423,.T.);
#69=FACE_BOUND('',#429,.T.);
#70=FACE_BOUND('',#430,.T.);
#71=FACE_BOUND('',#433,.T.);
#72=CIRCLE('',#1781,2.);
#73=CIRCLE('',#1782,2.);
#74=CIRCLE('',#1783,2.);
#75=CIRCLE('',#1784,2.);
#76=CIRCLE('',#1785,1.35);
#77=CIRCLE('',#1786,1.35);
#78=CIRCLE('',#1787,3.);
#79=CIRCLE('',#1788,3.);
#80=CIRCLE('',#1789,3.);
#81=CIRCLE('',#1790,1.5);
#82=CIRCLE('',#1791,1.5);
#83=CIRCLE('',#1793,0.999999999999993);
#84=CIRCLE('',#1795,0.999999999999996);
#85=CIRCLE('',#1797,2.);
#86=CIRCLE('',#1798,2.);
#87=CIRCLE('',#1800,14.5);
#88=CIRCLE('',#1801,3.05);
#89=CIRCLE('',#1802,3.05);
#90=CIRCLE('',#1804,2.);
#91=CIRCLE('',#1807,2.);
#92=CIRCLE('',#1810,2.);
#93=CIRCLE('',#1812,2.);
#94=CIRCLE('',#1813,2.);
#95=CIRCLE('',#1816,2.);
#96=CIRCLE('',#1817,2.);
#97=CIRCLE('',#1819,0.5);
#98=CIRCLE('',#1820,0.5);
#99=CIRCLE('',#1821,2.1);
#100=CIRCLE('',#1823,2.);
#101=CIRCLE('',#1826,24.9999998450275);
#102=CIRCLE('',#1828,0.5);
#103=CIRCLE('',#1829,14.);
#104=CIRCLE('',#1831,14.);
#105=CIRCLE('',#1833,14.5);
#106=CIRCLE('',#1834,0.5);
#107=CIRCLE('',#1836,24.9999998450275);
#108=CIRCLE('',#1838,1.5);
#109=CIRCLE('',#1841,1.5);
#110=CIRCLE('',#1844,3.);
#111=CIRCLE('',#1845,4.);
#112=CIRCLE('',#1846,2.);
#113=CIRCLE('',#1847,4.);
#114=CIRCLE('',#1848,3.);
#115=CIRCLE('',#1850,4.);
#116=CIRCLE('',#1852,4.);
#117=CIRCLE('',#1854,2.);
#118=CIRCLE('',#1856,3.);
#119=CIRCLE('',#1857,3.);
#120=CIRCLE('',#1859,2.55);
#121=CIRCLE('',#1861,2.55);
#122=CIRCLE('',#1863,2.55);
#123=CIRCLE('',#1865,2.55);
#124=CIRCLE('',#1869,2.1);
#125=CIRCLE('',#1870,1.6);
#126=CIRCLE('',#1872,1.6);
#127=CIRCLE('',#1873,1.6);
#128=CIRCLE('',#1874,1.6);
#129=CIRCLE('',#1875,1.6);
#130=CIRCLE('',#1877,2.1);
#131=CIRCLE('',#1885,3.);
#132=CIRCLE('',#1889,3.);
#133=CIRCLE('',#1891,3.);
#134=CIRCLE('',#1892,3.);
#135=CIRCLE('',#1894,3.);
#136=CIRCLE('',#1897,1.6);
#137=CIRCLE('',#1899,1.6);
#138=CIRCLE('',#1900,1.6);
#139=CIRCLE('',#1901,1.6);
#140=CIRCLE('',#1902,1.6);
#141=CIRCLE('',#1904,1.6);
#142=CIRCLE('',#1906,1.6);
#143=CIRCLE('',#1907,1.6);
#144=CIRCLE('',#1908,1.6);
#145=CIRCLE('',#1909,1.6);
#146=CIRCLE('',#1923,3.);
#147=CIRCLE('',#1925,3.);
#148=CIRCLE('',#1929,3.);
#149=CIRCLE('',#1932,3.);
#150=CIRCLE('',#1935,3.);
#151=CIRCLE('',#1936,3.);
#152=CIRCLE('',#1938,3.);
#153=CIRCLE('',#1939,3.);
#154=CIRCLE('',#1941,3.);
#155=CIRCLE('',#1943,3.);
#156=CIRCLE('',#1947,0.800000000000001);
#157=CIRCLE('',#1948,0.800000000000001);
#158=CIRCLE('',#1951,0.800000000000001);
#159=CIRCLE('',#1952,0.800000000000001);
#160=CIRCLE('',#1955,24.9999998450275);
#161=PLANE('',#1780);
#162=PLANE('',#1799);
#163=PLANE('',#1805);
#164=PLANE('',#1808);
#165=PLANE('',#1814);
#166=PLANE('',#1818);
#167=PLANE('',#1824);
#168=PLANE('',#1825);
#169=PLANE('',#1835);
#170=PLANE('',#1839);
#171=PLANE('',#1842);
#172=PLANE('',#1843);
#173=PLANE('',#1855);
#174=PLANE('',#1866);
#175=PLANE('',#1867);
#176=PLANE('',#1876);
#177=PLANE('',#1878);
#178=PLANE('',#1879);
#179=PLANE('',#1880);
#180=PLANE('',#1881);
#181=PLANE('',#1882);
#182=PLANE('',#1883);
#183=PLANE('',#1884);
#184=PLANE('',#1886);
#185=PLANE('',#1887);
#186=PLANE('',#1888);
#187=PLANE('',#1890);
#188=PLANE('',#1895);
#189=PLANE('',#1910);
#190=PLANE('',#1911);
#191=PLANE('',#1912);
#192=PLANE('',#1913);
#193=PLANE('',#1914);
#194=PLANE('',#1915);
#195=PLANE('',#1916);
#196=PLANE('',#1917);
#197=PLANE('',#1918);
#198=PLANE('',#1919);
#199=PLANE('',#1920);
#200=PLANE('',#1921);
#201=PLANE('',#1922);
#202=PLANE('',#1924);
#203=PLANE('',#1926);
#204=PLANE('',#1927);
#205=PLANE('',#1928);
#206=PLANE('',#1930);
#207=PLANE('',#1931);
#208=PLANE('',#1933);
#209=PLANE('',#1934);
#210=PLANE('',#1937);
#211=PLANE('',#1940);
#212=PLANE('',#1944);
#213=PLANE('',#1949);
#214=PLANE('',#1953);
#215=PLANE('',#1954);
#216=PLANE('',#1956);
#217=PLANE('',#1957);
#218=PLANE('',#1961);
#219=PLANE('',#1962);
#220=FACE_OUTER_BOUND('',#316,.T.);
#221=FACE_OUTER_BOUND('',#317,.T.);
#222=FACE_OUTER_BOUND('',#327,.T.);
#223=FACE_OUTER_BOUND('',#328,.T.);
#224=FACE_OUTER_BOUND('',#329,.T.);
#225=FACE_OUTER_BOUND('',#330,.T.);
#226=FACE_OUTER_BOUND('',#331,.T.);
#227=FACE_OUTER_BOUND('',#334,.T.);
#228=FACE_OUTER_BOUND('',#335,.T.);
#229=FACE_OUTER_BOUND('',#338,.T.);
#230=FACE_OUTER_BOUND('',#339,.T.);
#231=FACE_OUTER_BOUND('',#340,.T.);
#232=FACE_OUTER_BOUND('',#341,.T.);
#233=FACE_OUTER_BOUND('',#342,.T.);
#234=FACE_OUTER_BOUND('',#343,.T.);
#235=FACE_OUTER_BOUND('',#344,.T.);
#236=FACE_OUTER_BOUND('',#346,.T.);
#237=FACE_OUTER_BOUND('',#347,.T.);
#238=FACE_OUTER_BOUND('',#349,.T.);
#239=FACE_OUTER_BOUND('',#350,.T.);
#240=FACE_OUTER_BOUND('',#351,.T.);
#241=FACE_OUTER_BOUND('',#352,.T.);
#242=FACE_OUTER_BOUND('',#353,.T.);
#243=FACE_OUTER_BOUND('',#354,.T.);
#244=FACE_OUTER_BOUND('',#355,.T.);
#245=FACE_OUTER_BOUND('',#356,.T.);
#246=FACE_OUTER_BOUND('',#357,.T.);
#247=FACE_OUTER_BOUND('',#358,.T.);
#248=FACE_OUTER_BOUND('',#359,.T.);
#249=FACE_OUTER_BOUND('',#360,.T.);
#250=FACE_OUTER_BOUND('',#361,.T.);
#251=FACE_OUTER_BOUND('',#362,.T.);
#252=FACE_OUTER_BOUND('',#363,.T.);
#253=FACE_OUTER_BOUND('',#364,.T.);
#254=FACE_OUTER_BOUND('',#365,.T.);
#255=FACE_OUTER_BOUND('',#366,.T.);
#256=FACE_OUTER_BOUND('',#367,.T.);
#257=FACE_OUTER_BOUND('',#368,.T.);
#258=FACE_OUTER_BOUND('',#369,.T.);
#259=FACE_OUTER_BOUND('',#370,.T.);
#260=FACE_OUTER_BOUND('',#371,.T.);
#261=FACE_OUTER_BOUND('',#374,.T.);
#262=FACE_OUTER_BOUND('',#375,.T.);
#263=FACE_OUTER_BOUND('',#376,.T.);
#264=FACE_OUTER_BOUND('',#377,.T.);
#265=FACE_OUTER_BOUND('',#378,.T.);
#266=FACE_OUTER_BOUND('',#379,.T.);
#267=FACE_OUTER_BOUND('',#380,.T.);
#268=FACE_OUTER_BOUND('',#381,.T.);
#269=FACE_OUTER_BOUND('',#382,.T.);
#270=FACE_OUTER_BOUND('',#383,.T.);
#271=FACE_OUTER_BOUND('',#384,.T.);
#272=FACE_OUTER_BOUND('',#385,.T.);
#273=FACE_OUTER_BOUND('',#386,.T.);
#274=FACE_OUTER_BOUND('',#387,.T.);
#275=FACE_OUTER_BOUND('',#388,.T.);
#276=FACE_OUTER_BOUND('',#389,.T.);
#277=FACE_OUTER_BOUND('',#390,.T.);
#278=FACE_OUTER_BOUND('',#391,.T.);
#279=FACE_OUTER_BOUND('',#392,.T.);
#280=FACE_OUTER_BOUND('',#393,.T.);
#281=FACE_OUTER_BOUND('',#394,.T.);
#282=FACE_OUTER_BOUND('',#395,.T.);
#283=FACE_OUTER_BOUND('',#396,.T.);
#284=FACE_OUTER_BOUND('',#397,.T.);
#285=FACE_OUTER_BOUND('',#398,.T.);
#286=FACE_OUTER_BOUND('',#399,.T.);
#287=FACE_OUTER_BOUND('',#400,.T.);
#288=FACE_OUTER_BOUND('',#401,.T.);
#289=FACE_OUTER_BOUND('',#402,.T.);
#290=FACE_OUTER_BOUND('',#403,.T.);
#291=FACE_OUTER_BOUND('',#404,.T.);
#292=FACE_OUTER_BOUND('',#405,.T.);
#293=FACE_OUTER_BOUND('',#406,.T.);
#294=FACE_OUTER_BOUND('',#407,.T.);
#295=FACE_OUTER_BOUND('',#408,.T.);
#296=FACE_OUTER_BOUND('',#409,.T.);
#297=FACE_OUTER_BOUND('',#410,.T.);
#298=FACE_OUTER_BOUND('',#411,.T.);
#299=FACE_OUTER_BOUND('',#412,.T.);
#300=FACE_OUTER_BOUND('',#413,.T.);
#301=FACE_OUTER_BOUND('',#414,.T.);
#302=FACE_OUTER_BOUND('',#415,.T.);
#303=FACE_OUTER_BOUND('',#416,.T.);
#304=FACE_OUTER_BOUND('',#417,.T.);
#305=FACE_OUTER_BOUND('',#418,.T.);
#306=FACE_OUTER_BOUND('',#419,.T.);
#307=FACE_OUTER_BOUND('',#420,.T.);
#308=FACE_OUTER_BOUND('',#421,.T.);
#309=FACE_OUTER_BOUND('',#424,.T.);
#310=FACE_OUTER_BOUND('',#425,.T.);
#311=FACE_OUTER_BOUND('',#426,.T.);
#312=FACE_OUTER_BOUND('',#427,.T.);
#313=FACE_OUTER_BOUND('',#428,.T.);
#314=FACE_OUTER_BOUND('',#431,.T.);
#315=FACE_OUTER_BOUND('',#432,.T.);
#316=EDGE_LOOP('',(#1164,#1165,#1166,#1167,#1168));
#317=EDGE_LOOP('',(#1169,#1170,#1171,#1172,#1173,#1174,#1175,#1176,#1177,
#1178,#1179,#1180));
#318=EDGE_LOOP('',(#1181));
#319=EDGE_LOOP('',(#1182));
#320=EDGE_LOOP('',(#1183));
#321=EDGE_LOOP('',(#1184));
#322=EDGE_LOOP('',(#1185));
#323=EDGE_LOOP('',(#1186));
#324=EDGE_LOOP('',(#1187));
#325=EDGE_LOOP('',(#1188));
#326=EDGE_LOOP('',(#1189));
#327=EDGE_LOOP('',(#1190,#1191,#1192,#1193,#1194));
#328=EDGE_LOOP('',(#1195,#1196,#1197,#1198,#1199));
#329=EDGE_LOOP('',(#1200,#1201,#1202,#1203,#1204));
#330=EDGE_LOOP('',(#1205,#1206,#1207,#1208));
#331=EDGE_LOOP('',(#1209,#1210,#1211,#1212,#1213,#1214,#1215,#1216));
#332=EDGE_LOOP('',(#1217));
#333=EDGE_LOOP('',(#1218));
#334=EDGE_LOOP('',(#1219,#1220,#1221,#1222));
#335=EDGE_LOOP('',(#1223,#1224,#1225,#1226,#1227,#1228));
#336=EDGE_LOOP('',(#1229,#1230,#1231,#1232));
#337=EDGE_LOOP('',(#1233,#1234,#1235,#1236));
#338=EDGE_LOOP('',(#1237,#1238,#1239,#1240));
#339=EDGE_LOOP('',(#1241,#1242,#1243,#1244));
#340=EDGE_LOOP('',(#1245,#1246,#1247,#1248));
#341=EDGE_LOOP('',(#1249,#1250,#1251,#1252));
#342=EDGE_LOOP('',(#1253,#1254,#1255,#1256));
#343=EDGE_LOOP('',(#1257,#1258,#1259,#1260));
#344=EDGE_LOOP('',(#1261,#1262,#1263,#1264,#1265,#1266,#1267,#1268));
#345=EDGE_LOOP('',(#1269));
#346=EDGE_LOOP('',(#1270,#1271,#1272,#1273));
#347=EDGE_LOOP('',(#1274,#1275,#1276,#1277,#1278,#1279));
#348=EDGE_LOOP('',(#1280));
#349=EDGE_LOOP('',(#1281,#1282,#1283,#1284,#1285));
#350=EDGE_LOOP('',(#1286,#1287,#1288,#1289));
#351=EDGE_LOOP('',(#1290,#1291,#1292,#1293));
#352=EDGE_LOOP('',(#1294,#1295,#1296,#1297));
#353=EDGE_LOOP('',(#1298,#1299,#1300,#1301,#1302,#1303,#1304,#1305));
#354=EDGE_LOOP('',(#1306,#1307,#1308,#1309));
#355=EDGE_LOOP('',(#1310));
#356=EDGE_LOOP('',(#1311,#1312,#1313,#1314));
#357=EDGE_LOOP('',(#1315));
#358=EDGE_LOOP('',(#1316,#1317,#1318,#1319,#1320,#1321,#1322));
#359=EDGE_LOOP('',(#1323,#1324,#1325,#1326));
#360=EDGE_LOOP('',(#1327,#1328,#1329,#1330));
#361=EDGE_LOOP('',(#1331,#1332,#1333,#1334));
#362=EDGE_LOOP('',(#1335,#1336,#1337,#1338,#1339,#1340,#1341));
#363=EDGE_LOOP('',(#1342,#1343,#1344,#1345));
#364=EDGE_LOOP('',(#1346,#1347,#1348,#1349));
#365=EDGE_LOOP('',(#1350,#1351,#1352,#1353));
#366=EDGE_LOOP('',(#1354,#1355,#1356,#1357));
#367=EDGE_LOOP('',(#1358));
#368=EDGE_LOOP('',(#1359));
#369=EDGE_LOOP('',(#1360,#1361,#1362,#1363));
#370=EDGE_LOOP('',(#1364,#1365,#1366,#1367,#1368,#1369,#1370));
#371=EDGE_LOOP('',(#1371,#1372,#1373,#1374,#1375,#1376,#1377,#1378));
#372=EDGE_LOOP('',(#1379));
#373=EDGE_LOOP('',(#1380));
#374=EDGE_LOOP('',(#1381,#1382,#1383,#1384,#1385));
#375=EDGE_LOOP('',(#1386,#1387,#1388,#1389,#1390));
#376=EDGE_LOOP('',(#1391,#1392,#1393));
#377=EDGE_LOOP('',(#1394,#1395,#1396));
#378=EDGE_LOOP('',(#1397,#1398,#1399));
#379=EDGE_LOOP('',(#1400,#1401,#1402));
#380=EDGE_LOOP('',(#1403,#1404,#1405,#1406));
#381=EDGE_LOOP('',(#1407,#1408,#1409,#1410,#1411,#1412,#1413,#1414,#1415));
#382=EDGE_LOOP('',(#1416,#1417,#1418,#1419,#1420,#1421,#1422,#1423,#1424));
#383=EDGE_LOOP('',(#1425,#1426,#1427,#1428));
#384=EDGE_LOOP('',(#1429,#1430,#1431));
#385=EDGE_LOOP('',(#1432,#1433,#1434,#1435,#1436,#1437,#1438,#1439,#1440,
#1441,#1442,#1443));
#386=EDGE_LOOP('',(#1444,#1445));
#387=EDGE_LOOP('',(#1446,#1447,#1448,#1449));
#388=EDGE_LOOP('',(#1450,#1451,#1452,#1453,#1454,#1455,#1456));
#389=EDGE_LOOP('',(#1457,#1458,#1459,#1460));
#390=EDGE_LOOP('',(#1461,#1462,#1463,#1464,#1465,#1466,#1467));
#391=EDGE_LOOP('',(#1468,#1469,#1470,#1471,#1472));
#392=EDGE_LOOP('',(#1473,#1474,#1475,#1476,#1477));
#393=EDGE_LOOP('',(#1478,#1479,#1480));
#394=EDGE_LOOP('',(#1481,#1482,#1483));
#395=EDGE_LOOP('',(#1484,#1485,#1486));
#396=EDGE_LOOP('',(#1487,#1488,#1489));
#397=EDGE_LOOP('',(#1490,#1491,#1492,#1493,#1494));
#398=EDGE_LOOP('',(#1495,#1496,#1497,#1498,#1499));
#399=EDGE_LOOP('',(#1500,#1501,#1502));
#400=EDGE_LOOP('',(#1503,#1504,#1505));
#401=EDGE_LOOP('',(#1506,#1507,#1508));
#402=EDGE_LOOP('',(#1509,#1510,#1511));
#403=EDGE_LOOP('',(#1512,#1513,#1514,#1515));
#404=EDGE_LOOP('',(#1516,#1517,#1518,#1519));
#405=EDGE_LOOP('',(#1520,#1521,#1522,#1523,#1524,#1525,#1526,#1527,#1528));
#406=EDGE_LOOP('',(#1529,#1530,#1531,#1532,#1533,#1534,#1535,#1536,#1537));
#407=EDGE_LOOP('',(#1538,#1539,#1540,#1541));
#408=EDGE_LOOP('',(#1542,#1543,#1544,#1545,#1546,#1547,#1548,#1549,#1550));
#409=EDGE_LOOP('',(#1551,#1552,#1553,#1554));
#410=EDGE_LOOP('',(#1555,#1556,#1557,#1558,#1559,#1560,#1561,#1562,#1563));
#411=EDGE_LOOP('',(#1564,#1565,#1566));
#412=EDGE_LOOP('',(#1567,#1568,#1569));
#413=EDGE_LOOP('',(#1570,#1571));
#414=EDGE_LOOP('',(#1572,#1573,#1574,#1575,#1576,#1577,#1578,#1579,#1580,
#1581,#1582,#1583));
#415=EDGE_LOOP('',(#1584,#1585));
#416=EDGE_LOOP('',(#1586,#1587,#1588,#1589,#1590,#1591,#1592,#1593,#1594,
#1595,#1596,#1597,#1598,#1599,#1600,#1601,#1602,#1603,#1604,#1605));
#417=EDGE_LOOP('',(#1606,#1607,#1608,#1609));
#418=EDGE_LOOP('',(#1610));
#419=EDGE_LOOP('',(#1611,#1612,#1613,#1614));
#420=EDGE_LOOP('',(#1615));
#421=EDGE_LOOP('',(#1616,#1617,#1618,#1619,#1620));
#422=EDGE_LOOP('',(#1621));
#423=EDGE_LOOP('',(#1622));
#424=EDGE_LOOP('',(#1623,#1624,#1625,#1626));
#425=EDGE_LOOP('',(#1627,#1628,#1629,#1630));
#426=EDGE_LOOP('',(#1631,#1632,#1633,#1634,#1635));
#427=EDGE_LOOP('',(#1636,#1637,#1638,#1639,#1640));
#428=EDGE_LOOP('',(#1641,#1642,#1643,#1644,#1645,#1646));
#429=EDGE_LOOP('',(#1647,#1648));
#430=EDGE_LOOP('',(#1649,#1650));
#431=EDGE_LOOP('',(#1651,#1652,#1653,#1654));
#432=EDGE_LOOP('',(#1655,#1656,#1657,#1658,#1659,#1660,#1661,#1662,#1663,
#1664,#1665,#1666));
#433=EDGE_LOOP('',(#1667));
#434=B_SPLINE_CURVE_WITH_KNOTS('',3,(#2529,#2530,#2531,#2532,#2533,#2534,
#2535,#2536,#2537),.UNSPECIFIED.,.F.,.F.,(4,1,1,1,1,1,4),(-1.5555546114105,
-0.657956710384842,0.239641190640814,1.13723909166647,2.03483699269212,
2.93243489371778,3.22257506473441),.UNSPECIFIED.);
#435=B_SPLINE_CURVE_WITH_KNOTS('',3,(#2538,#2539,#2540,#2541,#2542),
 .UNSPECIFIED.,.F.,.F.,(4,1,4),(3.22257506473441,3.83003279474343,4.72763069576909),
 .UNSPECIFIED.);
#436=B_SPLINE_CURVE_WITH_KNOTS('',3,(#2543,#2544,#2545,#2546,#2547,#2548,
#2549,#2550,#2551,#2552),.UNSPECIFIED.,.T.,.F.,(4,1,1,1,1,1,1,4),(-4.72763069576909,
-3.83003279474343,-2.93243489371778,-2.03483699269212,-1.13723909166647,
-0.239641190640814,0.657956710384842,1.5555546114105),.UNSPECIFIED.);
#437=B_SPLINE_CURVE_WITH_KNOTS('',3,(#2579,#2580,#2581,#2582,#2583,#2584,
#2585,#2586,#2587,#2588),.UNSPECIFIED.,.T.,.F.,(4,1,1,1,1,1,1,4),(-7.86922334935893,
-6.97162544833327,-6.07402754730762,-5.17642964628196,-4.2788317452563,
-3.38123384423065,-2.48363594320499,-1.58603804217934),.UNSPECIFIED.);
#438=B_SPLINE_CURVE_WITH_KNOTS('',3,(#2650,#2651,#2652,#2653,#2654),
 .UNSPECIFIED.,.F.,.F.,(4,1,4),(1.58603804217934,2.48363594320499,3.2225750647338),
 .UNSPECIFIED.);
#439=B_SPLINE_CURVE_WITH_KNOTS('',3,(#2655,#2656,#2657,#2658,#2659,#2660,
#2661,#2662,#2663),.UNSPECIFIED.,.F.,.F.,(4,1,1,1,1,1,4),(3.2225750647338,
3.38123384423065,4.2788317452563,5.17642964628196,6.07402754730762,6.97162544833327,
7.86922334935893),.UNSPECIFIED.);
#440=B_SPLINE_CURVE_WITH_KNOTS('',3,(#3102,#3103,#3104,#3105,#3106,#3107,
#3108,#3109,#3110,#3111,#3112,#3113,#3114,#3115,#3116,#3117,#3118,#3119),
 .UNSPECIFIED.,.F.,.F.,(4,2,2,2,2,2,2,2,4),(0.,0.050372017449306,0.100744034898612,
0.160495972140682,0.220247909382752,0.281936638775003,0.343625368167255,
0.394267150869124,0.444908933570994),.UNSPECIFIED.);
#441=B_SPLINE_CURVE_WITH_KNOTS('',3,(#3120,#3121,#3122,#3123,#3124,#3125,
#3126,#3127,#3128,#3129,#3130,#3131,#3132,#3133,#3134,#3135,#3136,#3137),
 .UNSPECIFIED.,.F.,.F.,(4,2,2,2,2,2,2,2,4),(0.444908933570994,0.495550716272863,
0.546192498974733,0.607881228366984,0.669569957759236,0.729321895001306,
0.789073832243375,0.839445849692682,0.889817867141988),.UNSPECIFIED.);
#442=B_SPLINE_CURVE_WITH_KNOTS('',3,(#3142,#3143,#3144,#3145,#3146,#3147,
#3148,#3149,#3150,#3151,#3152,#3153,#3154,#3155,#3156,#3157,#3158,#3159),
 .UNSPECIFIED.,.F.,.F.,(4,2,2,2,2,2,2,2,4),(0.,0.0506417827018697,0.101283565403739,
0.162972294795991,0.224661024188243,0.284412961430313,0.344164898672383,
0.394536916121689,0.444908933570995),.UNSPECIFIED.);
#443=B_SPLINE_CURVE_WITH_KNOTS('',3,(#3160,#3161,#3162,#3163,#3164,#3165,
#3166,#3167,#3168,#3169,#3170,#3171,#3172,#3173,#3174,#3175,#3176,#3177),
 .UNSPECIFIED.,.F.,.F.,(4,2,2,2,2,2,2,2,4),(0.444908933570995,0.495280951020302,
0.545652968469608,0.605404905711678,0.665156842953748,0.726845572346,0.788534301738252,
0.839176084440121,0.889817867141991),.UNSPECIFIED.);
#444=LINE('',#2527,#597);
#445=LINE('',#2558,#598);
#446=LINE('',#2562,#599);
#447=LINE('',#2566,#600);
#448=LINE('',#2568,#601);
#449=LINE('',#2570,#602);
#450=LINE('',#2572,#603);
#451=LINE('',#2574,#604);
#452=LINE('',#2577,#605);
#453=LINE('',#2605,#606);
#454=LINE('',#2648,#607);
#455=LINE('',#2666,#608);
#456=LINE('',#2673,#609);
#457=LINE('',#2676,#610);
#458=LINE('',#2679,#611);
#459=LINE('',#2680,#612);
#460=LINE('',#2682,#613);
#461=LINE('',#2684,#614);
#462=LINE('',#2687,#615);
#463=LINE('',#2695,#616);
#464=LINE('',#2698,#617);
#465=LINE('',#2700,#618);
#466=LINE('',#2702,#619);
#467=LINE('',#2703,#620);
#468=LINE('',#2706,#621);
#469=LINE('',#2708,#622);
#470=LINE('',#2710,#623);
#471=LINE('',#2711,#624);
#472=LINE('',#2714,#625);
#473=LINE('',#2716,#626);
#474=LINE('',#2718,#627);
#475=LINE('',#2719,#628);
#476=LINE('',#2723,#629);
#477=LINE('',#2726,#630);
#478=LINE('',#2727,#631);
#479=LINE('',#2731,#632);
#480=LINE('',#2737,#633);
#481=LINE('',#2740,#634);
#482=LINE('',#2742,#635);
#483=LINE('',#2743,#636);
#484=LINE('',#2749,#637);
#485=LINE('',#2752,#638);
#486=LINE('',#2756,#639);
#487=LINE('',#2762,#640);
#488=LINE('',#2766,#641);
#489=LINE('',#2768,#642);
#490=LINE('',#2769,#643);
#491=LINE('',#2772,#644);
#492=LINE('',#2781,#645);
#493=LINE('',#2787,#646);
#494=LINE('',#2790,#647);
#495=LINE('',#2793,#648);
#496=LINE('',#2798,#649);
#497=LINE('',#2812,#650);
#498=LINE('',#2816,#651);
#499=LINE('',#2826,#652);
#500=LINE('',#2830,#653);
#501=LINE('',#2834,#654);
#502=LINE('',#2838,#655);
#503=LINE('',#2846,#656);
#504=LINE('',#2850,#657);
#505=LINE('',#2864,#658);
#506=LINE('',#2866,#659);
#507=LINE('',#2867,#660);
#508=LINE('',#2869,#661);
#509=LINE('',#2870,#662);
#510=LINE('',#2874,#663);
#511=LINE('',#2876,#664);
#512=LINE('',#2877,#665);
#513=LINE('',#2879,#666);
#514=LINE('',#2880,#667);
#515=LINE('',#2882,#668);
#516=LINE('',#2884,#669);
#517=LINE('',#2886,#670);
#518=LINE('',#2888,#671);
#519=LINE('',#2891,#672);
#520=LINE('',#2894,#673);
#521=LINE('',#2898,#674);
#522=LINE('',#2900,#675);
#523=LINE('',#2901,#676);
#524=LINE('',#2902,#677);
#525=LINE('',#2905,#678);
#526=LINE('',#2907,#679);
#527=LINE('',#2909,#680);
#528=LINE('',#2910,#681);
#529=LINE('',#2918,#682);
#530=LINE('',#2923,#683);
#531=LINE('',#2927,#684);
#532=LINE('',#2937,#685);
#533=LINE('',#2941,#686);
#534=LINE('',#2952,#687);
#535=LINE('',#2954,#688);
#536=LINE('',#2955,#689);
#537=LINE('',#2957,#690);
#538=LINE('',#2958,#691);
#539=LINE('',#2962,#692);
#540=LINE('',#2964,#693);
#541=LINE('',#2965,#694);
#542=LINE('',#2967,#695);
#543=LINE('',#2968,#696);
#544=LINE('',#2970,#697);
#545=LINE('',#2972,#698);
#546=LINE('',#2974,#699);
#547=LINE('',#2976,#700);
#548=LINE('',#2980,#701);
#549=LINE('',#2982,#702);
#550=LINE('',#2983,#703);
#551=LINE('',#2985,#704);
#552=LINE('',#2986,#705);
#553=LINE('',#2990,#706);
#554=LINE('',#2992,#707);
#555=LINE('',#2993,#708);
#556=LINE('',#2995,#709);
#557=LINE('',#2996,#710);
#558=LINE('',#2998,#711);
#559=LINE('',#3000,#712);
#560=LINE('',#3002,#713);
#561=LINE('',#3004,#714);
#562=LINE('',#3007,#715);
#563=LINE('',#3010,#716);
#564=LINE('',#3013,#717);
#565=LINE('',#3016,#718);
#566=LINE('',#3020,#719);
#567=LINE('',#3022,#720);
#568=LINE('',#3023,#721);
#569=LINE('',#3024,#722);
#570=LINE('',#3027,#723);
#571=LINE('',#3029,#724);
#572=LINE('',#3031,#725);
#573=LINE('',#3032,#726);
#574=LINE('',#3038,#727);
#575=LINE('',#3040,#728);
#576=LINE('',#3041,#729);
#577=LINE('',#3042,#730);
#578=LINE('',#3046,#731);
#579=LINE('',#3049,#732);
#580=LINE('',#3051,#733);
#581=LINE('',#3052,#734);
#582=LINE('',#3064,#735);
#583=LINE('',#3068,#736);
#584=LINE('',#3069,#737);
#585=LINE('',#3074,#738);
#586=LINE('',#3081,#739);
#587=LINE('',#3088,#740);
#588=LINE('',#3090,#741);
#589=LINE('',#3091,#742);
#590=LINE('',#3094,#743);
#591=LINE('',#3095,#744);
#592=LINE('',#3097,#745);
#593=LINE('',#3100,#746);
#594=LINE('',#3140,#747);
#595=LINE('',#3179,#748);
#596=LINE('',#3181,#749);
#597=VECTOR('',#1965,10.);
#598=VECTOR('',#1970,10.);
#599=VECTOR('',#1973,10.);
#600=VECTOR('',#1976,10.);
#601=VECTOR('',#1977,10.);
#602=VECTOR('',#1978,10.);
#603=VECTOR('',#1979,10.);
#604=VECTOR('',#1980,10.);
#605=VECTOR('',#1983,10.);
#606=VECTOR('',#2000,1.80020909913894);
#607=VECTOR('',#2003,10.);
#608=VECTOR('',#2006,1.80020909913894);
#609=VECTOR('',#2013,10.);
#610=VECTOR('',#2016,10.);
#611=VECTOR('',#2019,10.);
#612=VECTOR('',#2020,10.);
#613=VECTOR('',#2021,10.);
#614=VECTOR('',#2022,10.);
#615=VECTOR('',#2025,10.);
#616=VECTOR('',#2034,10.);
#617=VECTOR('',#2037,10.);
#618=VECTOR('',#2038,10.);
#619=VECTOR('',#2039,10.);
#620=VECTOR('',#2040,10.);
#621=VECTOR('',#2041,10.);
#622=VECTOR('',#2042,10.);
#623=VECTOR('',#2043,10.);
#624=VECTOR('',#2044,10.);
#625=VECTOR('',#2045,10.);
#626=VECTOR('',#2046,10.);
#627=VECTOR('',#2047,10.);
#628=VECTOR('',#2048,10.);
#629=VECTOR('',#2053,10.);
#630=VECTOR('',#2056,10.);
#631=VECTOR('',#2057,10.);
#632=VECTOR('',#2062,10.);
#633=VECTOR('',#2067,10.);
#634=VECTOR('',#2070,10.);
#635=VECTOR('',#2073,10.);
#636=VECTOR('',#2074,10.);
#637=VECTOR('',#2081,10.);
#638=VECTOR('',#2084,10.);
#639=VECTOR('',#2087,10.);
#640=VECTOR('',#2094,10.);
#641=VECTOR('',#2099,10.);
#642=VECTOR('',#2100,10.);
#643=VECTOR('',#2101,10.);
#644=VECTOR('',#2104,10.);
#645=VECTOR('',#2117,10.);
#646=VECTOR('',#2126,10.);
#647=VECTOR('',#2129,10.);
#648=VECTOR('',#2132,1.5);
#649=VECTOR('',#2139,1.5);
#650=VECTOR('',#2158,10.);
#651=VECTOR('',#2163,10.);
#652=VECTOR('',#2178,2.8);
#653=VECTOR('',#2183,2.55);
#654=VECTOR('',#2188,2.8);
#655=VECTOR('',#2193,2.55);
#656=VECTOR('',#2204,1.85);
#657=VECTOR('',#2209,1.6);
#658=VECTOR('',#2224,10.);
#659=VECTOR('',#2225,10.);
#660=VECTOR('',#2226,10.);
#661=VECTOR('',#2227,10.);
#662=VECTOR('',#2228,10.);
#663=VECTOR('',#2231,10.);
#664=VECTOR('',#2232,10.);
#665=VECTOR('',#2233,10.);
#666=VECTOR('',#2234,10.);
#667=VECTOR('',#2235,10.);
#668=VECTOR('',#2238,10.);
#669=VECTOR('',#2241,10.);
#670=VECTOR('',#2244,10.);
#671=VECTOR('',#2247,10.);
#672=VECTOR('',#2250,10.);
#673=VECTOR('',#2253,10.);
#674=VECTOR('',#2256,10.);
#675=VECTOR('',#2257,10.);
#676=VECTOR('',#2258,10.);
#677=VECTOR('',#2259,10.);
#678=VECTOR('',#2262,10.);
#679=VECTOR('',#2263,10.);
#680=VECTOR('',#2264,10.);
#681=VECTOR('',#2265,10.);
#682=VECTOR('',#2278,3.);
#683=VECTOR('',#2285,1.85);
#684=VECTOR('',#2290,1.6);
#685=VECTOR('',#2301,1.85);
#686=VECTOR('',#2306,1.6);
#687=VECTOR('',#2317,10.);
#688=VECTOR('',#2318,10.);
#689=VECTOR('',#2319,10.);
#690=VECTOR('',#2320,10.);
#691=VECTOR('',#2321,10.);
#692=VECTOR('',#2324,10.);
#693=VECTOR('',#2325,10.);
#694=VECTOR('',#2326,10.);
#695=VECTOR('',#2327,10.);
#696=VECTOR('',#2328,10.);
#697=VECTOR('',#2331,10.);
#698=VECTOR('',#2334,10.);
#699=VECTOR('',#2337,10.);
#700=VECTOR('',#2340,10.);
#701=VECTOR('',#2343,10.);
#702=VECTOR('',#2344,10.);
#703=VECTOR('',#2345,10.);
#704=VECTOR('',#2346,10.);
#705=VECTOR('',#2347,10.);
#706=VECTOR('',#2350,10.);
#707=VECTOR('',#2351,10.);
#708=VECTOR('',#2352,10.);
#709=VECTOR('',#2353,10.);
#710=VECTOR('',#2354,10.);
#711=VECTOR('',#2357,10.);
#712=VECTOR('',#2360,10.);
#713=VECTOR('',#2363,10.);
#714=VECTOR('',#2366,10.);
#715=VECTOR('',#2369,10.);
#716=VECTOR('',#2372,10.);
#717=VECTOR('',#2375,10.);
#718=VECTOR('',#2378,10.);
#719=VECTOR('',#2381,10.);
#720=VECTOR('',#2382,10.);
#721=VECTOR('',#2383,10.);
#722=VECTOR('',#2384,10.);
#723=VECTOR('',#2387,10.);
#724=VECTOR('',#2388,10.);
#725=VECTOR('',#2389,10.);
#726=VECTOR('',#2390,10.);
#727=VECTOR('',#2397,10.);
#728=VECTOR('',#2398,10.);
#729=VECTOR('',#2399,10.);
#730=VECTOR('',#2400,10.);
#731=VECTOR('',#2405,10.);
#732=VECTOR('',#2408,10.);
#733=VECTOR('',#2409,10.);
#734=VECTOR('',#2410,10.);
#735=VECTOR('',#2429,3.);
#736=VECTOR('',#2436,3.);
#737=VECTOR('',#2437,3.);
#738=VECTOR('',#2442,0.800000000000001);
#739=VECTOR('',#2451,0.800000000000001);
#740=VECTOR('',#2460,10.);
#741=VECTOR('',#2461,10.);
#742=VECTOR('',#2462,10.);
#743=VECTOR('',#2465,10.);
#744=VECTOR('',#2466,10.);
#745=VECTOR('',#2469,10.);
#746=VECTOR('',#2472,1.35);
#747=VECTOR('',#2475,1.35);
#748=VECTOR('',#2478,10.);
#749=VECTOR('',#2481,10.);
#750=VERTEX_POINT('',#2525);
#751=VERTEX_POINT('',#2526);
#752=VERTEX_POINT('',#2528);
#753=VERTEX_POINT('',#2554);
#754=VERTEX_POINT('',#2555);
#755=VERTEX_POINT('',#2557);
#756=VERTEX_POINT('',#2559);
#757=VERTEX_POINT('',#2561);
#758=VERTEX_POINT('',#2563);
#759=VERTEX_POINT('',#2565);
#760=VERTEX_POINT('',#2567);
#761=VERTEX_POINT('',#2569);
#762=VERTEX_POINT('',#2571);
#763=VERTEX_POINT('',#2573);
#764=VERTEX_POINT('',#2575);
#765=VERTEX_POINT('',#2578);
#766=VERTEX_POINT('',#2589);
#767=VERTEX_POINT('',#2591);
#768=VERTEX_POINT('',#2593);
#769=VERTEX_POINT('',#2595);
#770=VERTEX_POINT('',#2597);
#771=VERTEX_POINT('',#2599);
#772=VERTEX_POINT('',#2601);
#773=VERTEX_POINT('',#2604);
#774=VERTEX_POINT('',#2647);
#775=VERTEX_POINT('',#2649);
#776=VERTEX_POINT('',#2665);
#777=VERTEX_POINT('',#2669);
#778=VERTEX_POINT('',#2670);
#779=VERTEX_POINT('',#2672);
#780=VERTEX_POINT('',#2674);
#781=VERTEX_POINT('',#2678);
#782=VERTEX_POINT('',#2681);
#783=VERTEX_POINT('',#2683);
#784=VERTEX_POINT('',#2685);
#785=VERTEX_POINT('',#2688);
#786=VERTEX_POINT('',#2690);
#787=VERTEX_POINT('',#2693);
#788=VERTEX_POINT('',#2697);
#789=VERTEX_POINT('',#2699);
#790=VERTEX_POINT('',#2701);
#791=VERTEX_POINT('',#2704);
#792=VERTEX_POINT('',#2705);
#793=VERTEX_POINT('',#2707);
#794=VERTEX_POINT('',#2709);
#795=VERTEX_POINT('',#2712);
#796=VERTEX_POINT('',#2713);
#797=VERTEX_POINT('',#2715);
#798=VERTEX_POINT('',#2717);
#799=VERTEX_POINT('',#2721);
#800=VERTEX_POINT('',#2725);
#801=VERTEX_POINT('',#2729);
#802=VERTEX_POINT('',#2733);
#803=VERTEX_POINT('',#2734);
#804=VERTEX_POINT('',#2736);
#805=VERTEX_POINT('',#2738);
#806=VERTEX_POINT('',#2745);
#807=VERTEX_POINT('',#2747);
#808=VERTEX_POINT('',#2751);
#809=VERTEX_POINT('',#2753);
#810=VERTEX_POINT('',#2755);
#811=VERTEX_POINT('',#2758);
#812=VERTEX_POINT('',#2761);
#813=VERTEX_POINT('',#2765);
#814=VERTEX_POINT('',#2767);
#815=VERTEX_POINT('',#2771);
#816=VERTEX_POINT('',#2775);
#817=VERTEX_POINT('',#2779);
#818=VERTEX_POINT('',#2783);
#819=VERTEX_POINT('',#2788);
#820=VERTEX_POINT('',#2792);
#821=VERTEX_POINT('',#2797);
#822=VERTEX_POINT('',#2802);
#823=VERTEX_POINT('',#2803);
#824=VERTEX_POINT('',#2807);
#825=VERTEX_POINT('',#2811);
#826=VERTEX_POINT('',#2815);
#827=VERTEX_POINT('',#2821);
#828=VERTEX_POINT('',#2825);
#829=VERTEX_POINT('',#2829);
#830=VERTEX_POINT('',#2833);
#831=VERTEX_POINT('',#2837);
#832=VERTEX_POINT('',#2843);
#833=VERTEX_POINT('',#2845);
#834=VERTEX_POINT('',#2849);
#835=VERTEX_POINT('',#2851);
#836=VERTEX_POINT('',#2853);
#837=VERTEX_POINT('',#2855);
#838=VERTEX_POINT('',#2859);
#839=VERTEX_POINT('',#2862);
#840=VERTEX_POINT('',#2863);
#841=VERTEX_POINT('',#2865);
#842=VERTEX_POINT('',#2868);
#843=VERTEX_POINT('',#2872);
#844=VERTEX_POINT('',#2873);
#845=VERTEX_POINT('',#2875);
#846=VERTEX_POINT('',#2878);
#847=VERTEX_POINT('',#2890);
#848=VERTEX_POINT('',#2892);
#849=VERTEX_POINT('',#2896);
#850=VERTEX_POINT('',#2897);
#851=VERTEX_POINT('',#2899);
#852=VERTEX_POINT('',#2904);
#853=VERTEX_POINT('',#2906);
#854=VERTEX_POINT('',#2908);
#855=VERTEX_POINT('',#2914);
#856=VERTEX_POINT('',#2922);
#857=VERTEX_POINT('',#2926);
#858=VERTEX_POINT('',#2928);
#859=VERTEX_POINT('',#2930);
#860=VERTEX_POINT('',#2932);
#861=VERTEX_POINT('',#2936);
#862=VERTEX_POINT('',#2940);
#863=VERTEX_POINT('',#2942);
#864=VERTEX_POINT('',#2944);
#865=VERTEX_POINT('',#2946);
#866=VERTEX_POINT('',#2950);
#867=VERTEX_POINT('',#2951);
#868=VERTEX_POINT('',#2953);
#869=VERTEX_POINT('',#2956);
#870=VERTEX_POINT('',#2960);
#871=VERTEX_POINT('',#2961);
#872=VERTEX_POINT('',#2963);
#873=VERTEX_POINT('',#2966);
#874=VERTEX_POINT('',#2978);
#875=VERTEX_POINT('',#2979);
#876=VERTEX_POINT('',#2981);
#877=VERTEX_POINT('',#2984);
#878=VERTEX_POINT('',#2988);
#879=VERTEX_POINT('',#2989);
#880=VERTEX_POINT('',#2991);
#881=VERTEX_POINT('',#2994);
#882=VERTEX_POINT('',#3006);
#883=VERTEX_POINT('',#3008);
#884=VERTEX_POINT('',#3012);
#885=VERTEX_POINT('',#3014);
#886=VERTEX_POINT('',#3018);
#887=VERTEX_POINT('',#3019);
#888=VERTEX_POINT('',#3021);
#889=VERTEX_POINT('',#3026);
#890=VERTEX_POINT('',#3028);
#891=VERTEX_POINT('',#3030);
#892=VERTEX_POINT('',#3036);
#893=VERTEX_POINT('',#3037);
#894=VERTEX_POINT('',#3039);
#895=VERTEX_POINT('',#3044);
#896=VERTEX_POINT('',#3048);
#897=VERTEX_POINT('',#3050);
#898=VERTEX_POINT('',#3054);
#899=VERTEX_POINT('',#3058);
#900=VERTEX_POINT('',#3071);
#901=VERTEX_POINT('',#3073);
#902=VERTEX_POINT('',#3078);
#903=VERTEX_POINT('',#3080);
#904=VERTEX_POINT('',#3085);
#905=VERTEX_POINT('',#3086);
#906=VERTEX_POINT('',#3089);
#907=VERTEX_POINT('',#3093);
#908=VERTEX_POINT('',#3099);
#909=VERTEX_POINT('',#3101);
#910=VERTEX_POINT('',#3139);
#911=VERTEX_POINT('',#3141);
#912=EDGE_CURVE('',#750,#751,#444,.T.);
#913=EDGE_CURVE('',#751,#752,#434,.T.);
#914=EDGE_CURVE('',#752,#751,#435,.T.);
#915=EDGE_CURVE('',#750,#750,#436,.T.);
#916=EDGE_CURVE('',#753,#754,#72,.T.);
#917=EDGE_CURVE('',#755,#753,#445,.T.);
#918=EDGE_CURVE('',#756,#755,#73,.T.);
#919=EDGE_CURVE('',#757,#756,#446,.T.);
#920=EDGE_CURVE('',#758,#757,#74,.T.);
#921=EDGE_CURVE('',#759,#758,#447,.T.);
#922=EDGE_CURVE('',#759,#760,#448,.T.);
#923=EDGE_CURVE('',#760,#761,#449,.T.);
#924=EDGE_CURVE('',#761,#762,#450,.T.);
#925=EDGE_CURVE('',#763,#762,#451,.T.);
#926=EDGE_CURVE('',#764,#763,#75,.T.);
#927=EDGE_CURVE('',#754,#764,#452,.T.);
#928=EDGE_CURVE('',#765,#765,#437,.T.);
#929=EDGE_CURVE('',#766,#766,#76,.T.);
#930=EDGE_CURVE('',#767,#767,#77,.T.);
#931=EDGE_CURVE('',#768,#768,#78,.T.);
#932=EDGE_CURVE('',#769,#769,#79,.T.);
#933=EDGE_CURVE('',#770,#770,#80,.T.);
#934=EDGE_CURVE('',#771,#771,#81,.T.);
#935=EDGE_CURVE('',#772,#772,#82,.T.);
#936=EDGE_CURVE('',#752,#773,#453,.T.);
#937=EDGE_CURVE('',#773,#773,#83,.T.);
#938=EDGE_CURVE('',#765,#774,#454,.T.);
#939=EDGE_CURVE('',#774,#775,#438,.T.);
#940=EDGE_CURVE('',#775,#774,#439,.T.);
#941=EDGE_CURVE('',#775,#776,#455,.T.);
#942=EDGE_CURVE('',#776,#776,#84,.T.);
#943=EDGE_CURVE('',#777,#778,#85,.T.);
#944=EDGE_CURVE('',#778,#779,#456,.T.);
#945=EDGE_CURVE('',#779,#780,#86,.F.);
#946=EDGE_CURVE('',#780,#777,#457,.T.);
#947=EDGE_CURVE('',#780,#781,#458,.T.);
#948=EDGE_CURVE('',#755,#781,#459,.T.);
#949=EDGE_CURVE('',#782,#753,#460,.T.);
#950=EDGE_CURVE('',#782,#783,#461,.T.);
#951=EDGE_CURVE('',#784,#783,#87,.T.);
#952=EDGE_CURVE('',#784,#777,#462,.T.);
#953=EDGE_CURVE('',#785,#785,#88,.T.);
#954=EDGE_CURVE('',#786,#786,#89,.T.);
#955=EDGE_CURVE('',#787,#782,#90,.T.);
#956=EDGE_CURVE('',#754,#787,#463,.T.);
#957=EDGE_CURVE('',#788,#764,#464,.T.);
#958=EDGE_CURVE('',#789,#788,#465,.T.);
#959=EDGE_CURVE('',#790,#789,#466,.T.);
#960=EDGE_CURVE('',#790,#787,#467,.T.);
#961=EDGE_CURVE('',#791,#792,#468,.T.);
#962=EDGE_CURVE('',#792,#793,#469,.T.);
#963=EDGE_CURVE('',#793,#794,#470,.T.);
#964=EDGE_CURVE('',#794,#791,#471,.T.);
#965=EDGE_CURVE('',#795,#796,#472,.T.);
#966=EDGE_CURVE('',#796,#797,#473,.T.);
#967=EDGE_CURVE('',#797,#798,#474,.T.);
#968=EDGE_CURVE('',#798,#795,#475,.T.);
#969=EDGE_CURVE('',#781,#799,#91,.T.);
#970=EDGE_CURVE('',#799,#756,#476,.T.);
#971=EDGE_CURVE('',#800,#799,#477,.T.);
#972=EDGE_CURVE('',#757,#800,#478,.T.);
#973=EDGE_CURVE('',#800,#801,#92,.T.);
#974=EDGE_CURVE('',#801,#758,#479,.T.);
#975=EDGE_CURVE('',#802,#803,#93,.T.);
#976=EDGE_CURVE('',#803,#804,#480,.T.);
#977=EDGE_CURVE('',#804,#805,#94,.F.);
#978=EDGE_CURVE('',#805,#802,#481,.T.);
#979=EDGE_CURVE('',#802,#778,#482,.T.);
#980=EDGE_CURVE('',#805,#779,#483,.T.);
#981=EDGE_CURVE('',#806,#790,#95,.T.);
#982=EDGE_CURVE('',#789,#807,#96,.F.);
#983=EDGE_CURVE('',#807,#806,#484,.T.);
#984=EDGE_CURVE('',#806,#808,#485,.T.);
#985=EDGE_CURVE('',#809,#808,#97,.T.);
#986=EDGE_CURVE('',#809,#810,#486,.T.);
#987=EDGE_CURVE('',#783,#810,#98,.T.);
#988=EDGE_CURVE('',#811,#811,#99,.T.);
#989=EDGE_CURVE('',#763,#812,#487,.T.);
#990=EDGE_CURVE('',#812,#788,#100,.T.);
#991=EDGE_CURVE('',#813,#812,#488,.T.);
#992=EDGE_CURVE('',#814,#813,#489,.T.);
#993=EDGE_CURVE('',#807,#814,#490,.T.);
#994=EDGE_CURVE('',#762,#815,#491,.T.);
#995=EDGE_CURVE('',#815,#813,#101,.T.);
#996=EDGE_CURVE('',#816,#784,#102,.T.);
#997=EDGE_CURVE('',#810,#816,#103,.T.);
#998=EDGE_CURVE('',#817,#809,#104,.T.);
#999=EDGE_CURVE('',#817,#816,#492,.T.);
#1000=EDGE_CURVE('',#808,#818,#105,.T.);
#1001=EDGE_CURVE('',#818,#817,#106,.T.);
#1002=EDGE_CURVE('',#803,#818,#493,.T.);
#1003=EDGE_CURVE('',#814,#819,#107,.T.);
#1004=EDGE_CURVE('',#819,#804,#494,.T.);
#1005=EDGE_CURVE('',#772,#820,#495,.T.);
#1006=EDGE_CURVE('',#820,#820,#108,.T.);
#1007=EDGE_CURVE('',#771,#821,#496,.T.);
#1008=EDGE_CURVE('',#821,#821,#109,.T.);
#1009=EDGE_CURVE('',#822,#823,#110,.T.);
#1010=EDGE_CURVE('',#793,#822,#111,.T.);
#1011=EDGE_CURVE('',#792,#795,#112,.T.);
#1012=EDGE_CURVE('',#824,#798,#113,.T.);
#1013=EDGE_CURVE('',#823,#824,#114,.T.);
#1014=EDGE_CURVE('',#824,#825,#497,.T.);
#1015=EDGE_CURVE('',#797,#825,#115,.T.);
#1016=EDGE_CURVE('',#826,#822,#498,.T.);
#1017=EDGE_CURVE('',#826,#794,#116,.T.);
#1018=EDGE_CURVE('',#791,#796,#117,.T.);
#1019=EDGE_CURVE('',#825,#827,#118,.T.);
#1020=EDGE_CURVE('',#827,#826,#119,.T.);
#1021=EDGE_CURVE('',#785,#828,#499,.T.);
#1022=EDGE_CURVE('',#828,#828,#120,.T.);
#1023=EDGE_CURVE('',#828,#829,#500,.T.);
#1024=EDGE_CURVE('',#829,#829,#121,.T.);
#1025=EDGE_CURVE('',#786,#830,#501,.T.);
#1026=EDGE_CURVE('',#830,#830,#122,.T.);
#1027=EDGE_CURVE('',#830,#831,#502,.T.);
#1028=EDGE_CURVE('',#831,#831,#123,.T.);
#1029=EDGE_CURVE('',#832,#832,#124,.T.);
#1030=EDGE_CURVE('',#832,#833,#503,.T.);
#1031=EDGE_CURVE('',#833,#833,#125,.T.);
#1032=EDGE_CURVE('',#833,#834,#504,.T.);
#1033=EDGE_CURVE('',#834,#835,#126,.T.);
#1034=EDGE_CURVE('',#835,#836,#127,.T.);
#1035=EDGE_CURVE('',#836,#837,#128,.T.);
#1036=EDGE_CURVE('',#837,#834,#129,.T.);
#1037=EDGE_CURVE('',#838,#838,#130,.T.);
#1038=EDGE_CURVE('',#839,#840,#505,.T.);
#1039=EDGE_CURVE('',#839,#841,#506,.T.);
#1040=EDGE_CURVE('',#841,#835,#507,.T.);
#1041=EDGE_CURVE('',#835,#842,#508,.T.);
#1042=EDGE_CURVE('',#840,#842,#509,.T.);
#1043=EDGE_CURVE('',#843,#844,#510,.T.);
#1044=EDGE_CURVE('',#843,#845,#511,.T.);
#1045=EDGE_CURVE('',#845,#837,#512,.T.);
#1046=EDGE_CURVE('',#837,#846,#513,.T.);
#1047=EDGE_CURVE('',#844,#846,#514,.T.);
#1048=EDGE_CURVE('',#842,#834,#515,.T.);
#1049=EDGE_CURVE('',#836,#841,#516,.T.);
#1050=EDGE_CURVE('',#846,#836,#517,.T.);
#1051=EDGE_CURVE('',#834,#845,#518,.T.);
#1052=EDGE_CURVE('',#847,#844,#519,.T.);
#1053=EDGE_CURVE('',#848,#847,#131,.T.);
#1054=EDGE_CURVE('',#843,#848,#520,.T.);
#1055=EDGE_CURVE('',#849,#850,#521,.T.);
#1056=EDGE_CURVE('',#849,#851,#522,.T.);
#1057=EDGE_CURVE('',#851,#840,#523,.T.);
#1058=EDGE_CURVE('',#850,#848,#524,.T.);
#1059=EDGE_CURVE('',#839,#852,#525,.T.);
#1060=EDGE_CURVE('',#853,#852,#526,.T.);
#1061=EDGE_CURVE('',#854,#853,#527,.T.);
#1062=EDGE_CURVE('',#854,#847,#528,.T.);
#1063=EDGE_CURVE('',#852,#851,#132,.T.);
#1064=EDGE_CURVE('',#855,#850,#133,.T.);
#1065=EDGE_CURVE('',#849,#855,#134,.T.);
#1066=EDGE_CURVE('',#855,#770,#529,.T.);
#1067=EDGE_CURVE('',#854,#853,#135,.T.);
#1068=EDGE_CURVE('',#811,#856,#530,.T.);
#1069=EDGE_CURVE('',#856,#856,#136,.T.);
#1070=EDGE_CURVE('',#856,#857,#531,.T.);
#1071=EDGE_CURVE('',#857,#858,#137,.T.);
#1072=EDGE_CURVE('',#858,#859,#138,.T.);
#1073=EDGE_CURVE('',#859,#860,#139,.T.);
#1074=EDGE_CURVE('',#860,#857,#140,.T.);
#1075=EDGE_CURVE('',#838,#861,#532,.T.);
#1076=EDGE_CURVE('',#861,#861,#141,.T.);
#1077=EDGE_CURVE('',#861,#862,#533,.T.);
#1078=EDGE_CURVE('',#862,#863,#142,.T.);
#1079=EDGE_CURVE('',#863,#864,#143,.T.);
#1080=EDGE_CURVE('',#864,#865,#144,.T.);
#1081=EDGE_CURVE('',#865,#862,#145,.T.);
#1082=EDGE_CURVE('',#866,#867,#534,.T.);
#1083=EDGE_CURVE('',#866,#868,#535,.T.);
#1084=EDGE_CURVE('',#868,#863,#536,.T.);
#1085=EDGE_CURVE('',#863,#869,#537,.T.);
#1086=EDGE_CURVE('',#867,#869,#538,.T.);
#1087=EDGE_CURVE('',#870,#871,#539,.T.);
#1088=EDGE_CURVE('',#870,#872,#540,.T.);
#1089=EDGE_CURVE('',#872,#865,#541,.T.);
#1090=EDGE_CURVE('',#865,#873,#542,.T.);
#1091=EDGE_CURVE('',#871,#873,#543,.T.);
#1092=EDGE_CURVE('',#869,#862,#544,.T.);
#1093=EDGE_CURVE('',#864,#868,#545,.T.);
#1094=EDGE_CURVE('',#873,#864,#546,.T.);
#1095=EDGE_CURVE('',#862,#872,#547,.T.);
#1096=EDGE_CURVE('',#874,#875,#548,.T.);
#1097=EDGE_CURVE('',#874,#876,#549,.T.);
#1098=EDGE_CURVE('',#876,#858,#550,.T.);
#1099=EDGE_CURVE('',#858,#877,#551,.T.);
#1100=EDGE_CURVE('',#875,#877,#552,.T.);
#1101=EDGE_CURVE('',#878,#879,#553,.T.);
#1102=EDGE_CURVE('',#878,#880,#554,.T.);
#1103=EDGE_CURVE('',#880,#860,#555,.T.);
#1104=EDGE_CURVE('',#860,#881,#556,.T.);
#1105=EDGE_CURVE('',#879,#881,#557,.T.);
#1106=EDGE_CURVE('',#859,#876,#558,.T.);
#1107=EDGE_CURVE('',#877,#857,#559,.T.);
#1108=EDGE_CURVE('',#857,#880,#560,.T.);
#1109=EDGE_CURVE('',#881,#859,#561,.T.);
#1110=EDGE_CURVE('',#882,#871,#562,.T.);
#1111=EDGE_CURVE('',#883,#882,#146,.T.);
#1112=EDGE_CURVE('',#870,#883,#563,.T.);
#1113=EDGE_CURVE('',#884,#879,#564,.T.);
#1114=EDGE_CURVE('',#885,#884,#147,.T.);
#1115=EDGE_CURVE('',#878,#885,#565,.T.);
#1116=EDGE_CURVE('',#886,#887,#566,.T.);
#1117=EDGE_CURVE('',#886,#888,#567,.T.);
#1118=EDGE_CURVE('',#888,#867,#568,.T.);
#1119=EDGE_CURVE('',#887,#883,#569,.T.);
#1120=EDGE_CURVE('',#866,#889,#570,.T.);
#1121=EDGE_CURVE('',#890,#889,#571,.T.);
#1122=EDGE_CURVE('',#891,#890,#572,.T.);
#1123=EDGE_CURVE('',#891,#882,#573,.T.);
#1124=EDGE_CURVE('',#889,#888,#148,.T.);
#1125=EDGE_CURVE('',#892,#893,#574,.T.);
#1126=EDGE_CURVE('',#892,#894,#575,.T.);
#1127=EDGE_CURVE('',#894,#875,#576,.T.);
#1128=EDGE_CURVE('',#893,#885,#577,.T.);
#1129=EDGE_CURVE('',#895,#894,#149,.T.);
#1130=EDGE_CURVE('',#874,#895,#578,.T.);
#1131=EDGE_CURVE('',#896,#895,#579,.T.);
#1132=EDGE_CURVE('',#897,#896,#580,.T.);
#1133=EDGE_CURVE('',#897,#884,#581,.T.);
#1134=EDGE_CURVE('',#898,#887,#150,.T.);
#1135=EDGE_CURVE('',#886,#898,#151,.T.);
#1136=EDGE_CURVE('',#899,#893,#152,.T.);
#1137=EDGE_CURVE('',#892,#899,#153,.T.);
#1138=EDGE_CURVE('',#897,#896,#154,.T.);
#1139=EDGE_CURVE('',#898,#769,#582,.T.);
#1140=EDGE_CURVE('',#891,#890,#155,.T.);
#1141=EDGE_CURVE('',#899,#823,#583,.T.);
#1142=EDGE_CURVE('',#827,#768,#584,.T.);
#1143=EDGE_CURVE('',#900,#900,#156,.T.);
#1144=EDGE_CURVE('',#900,#901,#585,.T.);
#1145=EDGE_CURVE('',#901,#901,#157,.T.);
#1146=EDGE_CURVE('',#902,#902,#158,.T.);
#1147=EDGE_CURVE('',#902,#903,#586,.T.);
#1148=EDGE_CURVE('',#903,#903,#159,.T.);
#1149=EDGE_CURVE('',#904,#905,#160,.T.);
#1150=EDGE_CURVE('',#761,#904,#587,.T.);
#1151=EDGE_CURVE('',#760,#906,#588,.T.);
#1152=EDGE_CURVE('',#905,#906,#589,.T.);
#1153=EDGE_CURVE('',#906,#907,#590,.T.);
#1154=EDGE_CURVE('',#907,#759,#591,.T.);
#1155=EDGE_CURVE('',#815,#904,#592,.T.);
#1156=EDGE_CURVE('',#766,#908,#593,.T.);
#1157=EDGE_CURVE('',#909,#908,#440,.T.);
#1158=EDGE_CURVE('',#908,#909,#441,.T.);
#1159=EDGE_CURVE('',#767,#910,#594,.T.);
#1160=EDGE_CURVE('',#911,#910,#442,.T.);
#1161=EDGE_CURVE('',#910,#911,#443,.T.);
#1162=EDGE_CURVE('',#819,#905,#595,.T.);
#1163=EDGE_CURVE('',#801,#907,#596,.T.);
#1164=ORIENTED_EDGE('',*,*,#912,.T.);
#1165=ORIENTED_EDGE('',*,*,#913,.T.);
#1166=ORIENTED_EDGE('',*,*,#914,.T.);
#1167=ORIENTED_EDGE('',*,*,#912,.F.);
#1168=ORIENTED_EDGE('',*,*,#915,.T.);
#1169=ORIENTED_EDGE('',*,*,#916,.F.);
#1170=ORIENTED_EDGE('',*,*,#917,.F.);
#1171=ORIENTED_EDGE('',*,*,#918,.F.);
#1172=ORIENTED_EDGE('',*,*,#919,.F.);
#1173=ORIENTED_EDGE('',*,*,#920,.F.);
#1174=ORIENTED_EDGE('',*,*,#921,.F.);
#1175=ORIENTED_EDGE('',*,*,#922,.T.);
#1176=ORIENTED_EDGE('',*,*,#923,.T.);
#1177=ORIENTED_EDGE('',*,*,#924,.T.);
#1178=ORIENTED_EDGE('',*,*,#925,.F.);
#1179=ORIENTED_EDGE('',*,*,#926,.F.);
#1180=ORIENTED_EDGE('',*,*,#927,.F.);
#1181=ORIENTED_EDGE('',*,*,#928,.F.);
#1182=ORIENTED_EDGE('',*,*,#929,.T.);
#1183=ORIENTED_EDGE('',*,*,#930,.T.);
#1184=ORIENTED_EDGE('',*,*,#931,.T.);
#1185=ORIENTED_EDGE('',*,*,#932,.T.);
#1186=ORIENTED_EDGE('',*,*,#933,.T.);
#1187=ORIENTED_EDGE('',*,*,#934,.T.);
#1188=ORIENTED_EDGE('',*,*,#935,.T.);
#1189=ORIENTED_EDGE('',*,*,#915,.F.);
#1190=ORIENTED_EDGE('',*,*,#913,.F.);
#1191=ORIENTED_EDGE('',*,*,#914,.F.);
#1192=ORIENTED_EDGE('',*,*,#936,.T.);
#1193=ORIENTED_EDGE('',*,*,#937,.F.);
#1194=ORIENTED_EDGE('',*,*,#936,.F.);
#1195=ORIENTED_EDGE('',*,*,#938,.T.);
#1196=ORIENTED_EDGE('',*,*,#939,.T.);
#1197=ORIENTED_EDGE('',*,*,#940,.T.);
#1198=ORIENTED_EDGE('',*,*,#938,.F.);
#1199=ORIENTED_EDGE('',*,*,#928,.T.);
#1200=ORIENTED_EDGE('',*,*,#939,.F.);
#1201=ORIENTED_EDGE('',*,*,#940,.F.);
#1202=ORIENTED_EDGE('',*,*,#941,.T.);
#1203=ORIENTED_EDGE('',*,*,#942,.F.);
#1204=ORIENTED_EDGE('',*,*,#941,.F.);
#1205=ORIENTED_EDGE('',*,*,#943,.T.);
#1206=ORIENTED_EDGE('',*,*,#944,.T.);
#1207=ORIENTED_EDGE('',*,*,#945,.T.);
#1208=ORIENTED_EDGE('',*,*,#946,.T.);
#1209=ORIENTED_EDGE('',*,*,#946,.F.);
#1210=ORIENTED_EDGE('',*,*,#947,.T.);
#1211=ORIENTED_EDGE('',*,*,#948,.F.);
#1212=ORIENTED_EDGE('',*,*,#917,.T.);
#1213=ORIENTED_EDGE('',*,*,#949,.F.);
#1214=ORIENTED_EDGE('',*,*,#950,.T.);
#1215=ORIENTED_EDGE('',*,*,#951,.F.);
#1216=ORIENTED_EDGE('',*,*,#952,.T.);
#1217=ORIENTED_EDGE('',*,*,#953,.F.);
#1218=ORIENTED_EDGE('',*,*,#954,.F.);
#1219=ORIENTED_EDGE('',*,*,#955,.T.);
#1220=ORIENTED_EDGE('',*,*,#949,.T.);
#1221=ORIENTED_EDGE('',*,*,#916,.T.);
#1222=ORIENTED_EDGE('',*,*,#956,.T.);
#1223=ORIENTED_EDGE('',*,*,#956,.F.);
#1224=ORIENTED_EDGE('',*,*,#927,.T.);
#1225=ORIENTED_EDGE('',*,*,#957,.F.);
#1226=ORIENTED_EDGE('',*,*,#958,.F.);
#1227=ORIENTED_EDGE('',*,*,#959,.F.);
#1228=ORIENTED_EDGE('',*,*,#960,.T.);
#1229=ORIENTED_EDGE('',*,*,#961,.T.);
#1230=ORIENTED_EDGE('',*,*,#962,.T.);
#1231=ORIENTED_EDGE('',*,*,#963,.T.);
#1232=ORIENTED_EDGE('',*,*,#964,.T.);
#1233=ORIENTED_EDGE('',*,*,#965,.T.);
#1234=ORIENTED_EDGE('',*,*,#966,.T.);
#1235=ORIENTED_EDGE('',*,*,#967,.T.);
#1236=ORIENTED_EDGE('',*,*,#968,.T.);
#1237=ORIENTED_EDGE('',*,*,#918,.T.);
#1238=ORIENTED_EDGE('',*,*,#948,.T.);
#1239=ORIENTED_EDGE('',*,*,#969,.T.);
#1240=ORIENTED_EDGE('',*,*,#970,.T.);
#1241=ORIENTED_EDGE('',*,*,#970,.F.);
#1242=ORIENTED_EDGE('',*,*,#971,.F.);
#1243=ORIENTED_EDGE('',*,*,#972,.F.);
#1244=ORIENTED_EDGE('',*,*,#919,.T.);
#1245=ORIENTED_EDGE('',*,*,#973,.T.);
#1246=ORIENTED_EDGE('',*,*,#974,.T.);
#1247=ORIENTED_EDGE('',*,*,#920,.T.);
#1248=ORIENTED_EDGE('',*,*,#972,.T.);
#1249=ORIENTED_EDGE('',*,*,#975,.T.);
#1250=ORIENTED_EDGE('',*,*,#976,.T.);
#1251=ORIENTED_EDGE('',*,*,#977,.T.);
#1252=ORIENTED_EDGE('',*,*,#978,.T.);
#1253=ORIENTED_EDGE('',*,*,#944,.F.);
#1254=ORIENTED_EDGE('',*,*,#979,.F.);
#1255=ORIENTED_EDGE('',*,*,#978,.F.);
#1256=ORIENTED_EDGE('',*,*,#980,.T.);
#1257=ORIENTED_EDGE('',*,*,#981,.T.);
#1258=ORIENTED_EDGE('',*,*,#959,.T.);
#1259=ORIENTED_EDGE('',*,*,#982,.T.);
#1260=ORIENTED_EDGE('',*,*,#983,.T.);
#1261=ORIENTED_EDGE('',*,*,#955,.F.);
#1262=ORIENTED_EDGE('',*,*,#960,.F.);
#1263=ORIENTED_EDGE('',*,*,#981,.F.);
#1264=ORIENTED_EDGE('',*,*,#984,.T.);
#1265=ORIENTED_EDGE('',*,*,#985,.F.);
#1266=ORIENTED_EDGE('',*,*,#986,.T.);
#1267=ORIENTED_EDGE('',*,*,#987,.F.);
#1268=ORIENTED_EDGE('',*,*,#950,.F.);
#1269=ORIENTED_EDGE('',*,*,#988,.F.);
#1270=ORIENTED_EDGE('',*,*,#926,.T.);
#1271=ORIENTED_EDGE('',*,*,#989,.T.);
#1272=ORIENTED_EDGE('',*,*,#990,.T.);
#1273=ORIENTED_EDGE('',*,*,#957,.T.);
#1274=ORIENTED_EDGE('',*,*,#990,.F.);
#1275=ORIENTED_EDGE('',*,*,#991,.F.);
#1276=ORIENTED_EDGE('',*,*,#992,.F.);
#1277=ORIENTED_EDGE('',*,*,#993,.F.);
#1278=ORIENTED_EDGE('',*,*,#982,.F.);
#1279=ORIENTED_EDGE('',*,*,#958,.T.);
#1280=ORIENTED_EDGE('',*,*,#937,.T.);
#1281=ORIENTED_EDGE('',*,*,#989,.F.);
#1282=ORIENTED_EDGE('',*,*,#925,.T.);
#1283=ORIENTED_EDGE('',*,*,#994,.T.);
#1284=ORIENTED_EDGE('',*,*,#995,.T.);
#1285=ORIENTED_EDGE('',*,*,#991,.T.);
#1286=ORIENTED_EDGE('',*,*,#996,.T.);
#1287=ORIENTED_EDGE('',*,*,#951,.T.);
#1288=ORIENTED_EDGE('',*,*,#987,.T.);
#1289=ORIENTED_EDGE('',*,*,#997,.T.);
#1290=ORIENTED_EDGE('',*,*,#997,.F.);
#1291=ORIENTED_EDGE('',*,*,#986,.F.);
#1292=ORIENTED_EDGE('',*,*,#998,.F.);
#1293=ORIENTED_EDGE('',*,*,#999,.T.);
#1294=ORIENTED_EDGE('',*,*,#985,.T.);
#1295=ORIENTED_EDGE('',*,*,#1000,.T.);
#1296=ORIENTED_EDGE('',*,*,#1001,.T.);
#1297=ORIENTED_EDGE('',*,*,#998,.T.);
#1298=ORIENTED_EDGE('',*,*,#976,.F.);
#1299=ORIENTED_EDGE('',*,*,#1002,.T.);
#1300=ORIENTED_EDGE('',*,*,#1000,.F.);
#1301=ORIENTED_EDGE('',*,*,#984,.F.);
#1302=ORIENTED_EDGE('',*,*,#983,.F.);
#1303=ORIENTED_EDGE('',*,*,#993,.T.);
#1304=ORIENTED_EDGE('',*,*,#1003,.T.);
#1305=ORIENTED_EDGE('',*,*,#1004,.T.);
#1306=ORIENTED_EDGE('',*,*,#935,.F.);
#1307=ORIENTED_EDGE('',*,*,#1005,.T.);
#1308=ORIENTED_EDGE('',*,*,#1006,.T.);
#1309=ORIENTED_EDGE('',*,*,#1005,.F.);
#1310=ORIENTED_EDGE('',*,*,#1006,.F.);
#1311=ORIENTED_EDGE('',*,*,#934,.F.);
#1312=ORIENTED_EDGE('',*,*,#1007,.T.);
#1313=ORIENTED_EDGE('',*,*,#1008,.T.);
#1314=ORIENTED_EDGE('',*,*,#1007,.F.);
#1315=ORIENTED_EDGE('',*,*,#1008,.F.);
#1316=ORIENTED_EDGE('',*,*,#1009,.F.);
#1317=ORIENTED_EDGE('',*,*,#1010,.F.);
#1318=ORIENTED_EDGE('',*,*,#962,.F.);
#1319=ORIENTED_EDGE('',*,*,#1011,.T.);
#1320=ORIENTED_EDGE('',*,*,#968,.F.);
#1321=ORIENTED_EDGE('',*,*,#1012,.F.);
#1322=ORIENTED_EDGE('',*,*,#1013,.F.);
#1323=ORIENTED_EDGE('',*,*,#1014,.F.);
#1324=ORIENTED_EDGE('',*,*,#1012,.T.);
#1325=ORIENTED_EDGE('',*,*,#967,.F.);
#1326=ORIENTED_EDGE('',*,*,#1015,.T.);
#1327=ORIENTED_EDGE('',*,*,#1016,.F.);
#1328=ORIENTED_EDGE('',*,*,#1017,.T.);
#1329=ORIENTED_EDGE('',*,*,#963,.F.);
#1330=ORIENTED_EDGE('',*,*,#1010,.T.);
#1331=ORIENTED_EDGE('',*,*,#1011,.F.);
#1332=ORIENTED_EDGE('',*,*,#961,.F.);
#1333=ORIENTED_EDGE('',*,*,#1018,.T.);
#1334=ORIENTED_EDGE('',*,*,#965,.F.);
#1335=ORIENTED_EDGE('',*,*,#1019,.F.);
#1336=ORIENTED_EDGE('',*,*,#1015,.F.);
#1337=ORIENTED_EDGE('',*,*,#966,.F.);
#1338=ORIENTED_EDGE('',*,*,#1018,.F.);
#1339=ORIENTED_EDGE('',*,*,#964,.F.);
#1340=ORIENTED_EDGE('',*,*,#1017,.F.);
#1341=ORIENTED_EDGE('',*,*,#1020,.F.);
#1342=ORIENTED_EDGE('',*,*,#953,.T.);
#1343=ORIENTED_EDGE('',*,*,#1021,.T.);
#1344=ORIENTED_EDGE('',*,*,#1022,.T.);
#1345=ORIENTED_EDGE('',*,*,#1021,.F.);
#1346=ORIENTED_EDGE('',*,*,#1022,.F.);
#1347=ORIENTED_EDGE('',*,*,#1023,.T.);
#1348=ORIENTED_EDGE('',*,*,#1024,.T.);
#1349=ORIENTED_EDGE('',*,*,#1023,.F.);
#1350=ORIENTED_EDGE('',*,*,#954,.T.);
#1351=ORIENTED_EDGE('',*,*,#1025,.T.);
#1352=ORIENTED_EDGE('',*,*,#1026,.T.);
#1353=ORIENTED_EDGE('',*,*,#1025,.F.);
#1354=ORIENTED_EDGE('',*,*,#1026,.F.);
#1355=ORIENTED_EDGE('',*,*,#1027,.T.);
#1356=ORIENTED_EDGE('',*,*,#1028,.T.);
#1357=ORIENTED_EDGE('',*,*,#1027,.F.);
#1358=ORIENTED_EDGE('',*,*,#1028,.F.);
#1359=ORIENTED_EDGE('',*,*,#1024,.F.);
#1360=ORIENTED_EDGE('',*,*,#1029,.T.);
#1361=ORIENTED_EDGE('',*,*,#1030,.T.);
#1362=ORIENTED_EDGE('',*,*,#1031,.T.);
#1363=ORIENTED_EDGE('',*,*,#1030,.F.);
#1364=ORIENTED_EDGE('',*,*,#1031,.F.);
#1365=ORIENTED_EDGE('',*,*,#1032,.T.);
#1366=ORIENTED_EDGE('',*,*,#1033,.T.);
#1367=ORIENTED_EDGE('',*,*,#1034,.T.);
#1368=ORIENTED_EDGE('',*,*,#1035,.T.);
#1369=ORIENTED_EDGE('',*,*,#1036,.T.);
#1370=ORIENTED_EDGE('',*,*,#1032,.F.);
#1371=ORIENTED_EDGE('',*,*,#943,.F.);
#1372=ORIENTED_EDGE('',*,*,#952,.F.);
#1373=ORIENTED_EDGE('',*,*,#996,.F.);
#1374=ORIENTED_EDGE('',*,*,#999,.F.);
#1375=ORIENTED_EDGE('',*,*,#1001,.F.);
#1376=ORIENTED_EDGE('',*,*,#1002,.F.);
#1377=ORIENTED_EDGE('',*,*,#975,.F.);
#1378=ORIENTED_EDGE('',*,*,#979,.T.);
#1379=ORIENTED_EDGE('',*,*,#1037,.F.);
#1380=ORIENTED_EDGE('',*,*,#1029,.F.);
#1381=ORIENTED_EDGE('',*,*,#1038,.F.);
#1382=ORIENTED_EDGE('',*,*,#1039,.T.);
#1383=ORIENTED_EDGE('',*,*,#1040,.T.);
#1384=ORIENTED_EDGE('',*,*,#1041,.T.);
#1385=ORIENTED_EDGE('',*,*,#1042,.F.);
#1386=ORIENTED_EDGE('',*,*,#1043,.F.);
#1387=ORIENTED_EDGE('',*,*,#1044,.T.);
#1388=ORIENTED_EDGE('',*,*,#1045,.T.);
#1389=ORIENTED_EDGE('',*,*,#1046,.T.);
#1390=ORIENTED_EDGE('',*,*,#1047,.F.);
#1391=ORIENTED_EDGE('',*,*,#1048,.F.);
#1392=ORIENTED_EDGE('',*,*,#1041,.F.);
#1393=ORIENTED_EDGE('',*,*,#1033,.F.);
#1394=ORIENTED_EDGE('',*,*,#1049,.F.);
#1395=ORIENTED_EDGE('',*,*,#1034,.F.);
#1396=ORIENTED_EDGE('',*,*,#1040,.F.);
#1397=ORIENTED_EDGE('',*,*,#1050,.F.);
#1398=ORIENTED_EDGE('',*,*,#1046,.F.);
#1399=ORIENTED_EDGE('',*,*,#1035,.F.);
#1400=ORIENTED_EDGE('',*,*,#1045,.F.);
#1401=ORIENTED_EDGE('',*,*,#1051,.F.);
#1402=ORIENTED_EDGE('',*,*,#1036,.F.);
#1403=ORIENTED_EDGE('',*,*,#1043,.T.);
#1404=ORIENTED_EDGE('',*,*,#1052,.F.);
#1405=ORIENTED_EDGE('',*,*,#1053,.F.);
#1406=ORIENTED_EDGE('',*,*,#1054,.F.);
#1407=ORIENTED_EDGE('',*,*,#1055,.F.);
#1408=ORIENTED_EDGE('',*,*,#1056,.T.);
#1409=ORIENTED_EDGE('',*,*,#1057,.T.);
#1410=ORIENTED_EDGE('',*,*,#1042,.T.);
#1411=ORIENTED_EDGE('',*,*,#1048,.T.);
#1412=ORIENTED_EDGE('',*,*,#1051,.T.);
#1413=ORIENTED_EDGE('',*,*,#1044,.F.);
#1414=ORIENTED_EDGE('',*,*,#1054,.T.);
#1415=ORIENTED_EDGE('',*,*,#1058,.F.);
#1416=ORIENTED_EDGE('',*,*,#1059,.T.);
#1417=ORIENTED_EDGE('',*,*,#1060,.F.);
#1418=ORIENTED_EDGE('',*,*,#1061,.F.);
#1419=ORIENTED_EDGE('',*,*,#1062,.T.);
#1420=ORIENTED_EDGE('',*,*,#1052,.T.);
#1421=ORIENTED_EDGE('',*,*,#1047,.T.);
#1422=ORIENTED_EDGE('',*,*,#1050,.T.);
#1423=ORIENTED_EDGE('',*,*,#1049,.T.);
#1424=ORIENTED_EDGE('',*,*,#1039,.F.);
#1425=ORIENTED_EDGE('',*,*,#1038,.T.);
#1426=ORIENTED_EDGE('',*,*,#1057,.F.);
#1427=ORIENTED_EDGE('',*,*,#1063,.F.);
#1428=ORIENTED_EDGE('',*,*,#1059,.F.);
#1429=ORIENTED_EDGE('',*,*,#1055,.T.);
#1430=ORIENTED_EDGE('',*,*,#1064,.F.);
#1431=ORIENTED_EDGE('',*,*,#1065,.F.);
#1432=ORIENTED_EDGE('',*,*,#1065,.T.);
#1433=ORIENTED_EDGE('',*,*,#1066,.T.);
#1434=ORIENTED_EDGE('',*,*,#933,.F.);
#1435=ORIENTED_EDGE('',*,*,#1066,.F.);
#1436=ORIENTED_EDGE('',*,*,#1064,.T.);
#1437=ORIENTED_EDGE('',*,*,#1058,.T.);
#1438=ORIENTED_EDGE('',*,*,#1053,.T.);
#1439=ORIENTED_EDGE('',*,*,#1062,.F.);
#1440=ORIENTED_EDGE('',*,*,#1067,.T.);
#1441=ORIENTED_EDGE('',*,*,#1060,.T.);
#1442=ORIENTED_EDGE('',*,*,#1063,.T.);
#1443=ORIENTED_EDGE('',*,*,#1056,.F.);
#1444=ORIENTED_EDGE('',*,*,#1061,.T.);
#1445=ORIENTED_EDGE('',*,*,#1067,.F.);
#1446=ORIENTED_EDGE('',*,*,#988,.T.);
#1447=ORIENTED_EDGE('',*,*,#1068,.T.);
#1448=ORIENTED_EDGE('',*,*,#1069,.T.);
#1449=ORIENTED_EDGE('',*,*,#1068,.F.);
#1450=ORIENTED_EDGE('',*,*,#1069,.F.);
#1451=ORIENTED_EDGE('',*,*,#1070,.T.);
#1452=ORIENTED_EDGE('',*,*,#1071,.T.);
#1453=ORIENTED_EDGE('',*,*,#1072,.T.);
#1454=ORIENTED_EDGE('',*,*,#1073,.T.);
#1455=ORIENTED_EDGE('',*,*,#1074,.T.);
#1456=ORIENTED_EDGE('',*,*,#1070,.F.);
#1457=ORIENTED_EDGE('',*,*,#1037,.T.);
#1458=ORIENTED_EDGE('',*,*,#1075,.T.);
#1459=ORIENTED_EDGE('',*,*,#1076,.T.);
#1460=ORIENTED_EDGE('',*,*,#1075,.F.);
#1461=ORIENTED_EDGE('',*,*,#1076,.F.);
#1462=ORIENTED_EDGE('',*,*,#1077,.T.);
#1463=ORIENTED_EDGE('',*,*,#1078,.T.);
#1464=ORIENTED_EDGE('',*,*,#1079,.T.);
#1465=ORIENTED_EDGE('',*,*,#1080,.T.);
#1466=ORIENTED_EDGE('',*,*,#1081,.T.);
#1467=ORIENTED_EDGE('',*,*,#1077,.F.);
#1468=ORIENTED_EDGE('',*,*,#1082,.F.);
#1469=ORIENTED_EDGE('',*,*,#1083,.T.);
#1470=ORIENTED_EDGE('',*,*,#1084,.T.);
#1471=ORIENTED_EDGE('',*,*,#1085,.T.);
#1472=ORIENTED_EDGE('',*,*,#1086,.F.);
#1473=ORIENTED_EDGE('',*,*,#1087,.F.);
#1474=ORIENTED_EDGE('',*,*,#1088,.T.);
#1475=ORIENTED_EDGE('',*,*,#1089,.T.);
#1476=ORIENTED_EDGE('',*,*,#1090,.T.);
#1477=ORIENTED_EDGE('',*,*,#1091,.F.);
#1478=ORIENTED_EDGE('',*,*,#1092,.F.);
#1479=ORIENTED_EDGE('',*,*,#1085,.F.);
#1480=ORIENTED_EDGE('',*,*,#1078,.F.);
#1481=ORIENTED_EDGE('',*,*,#1093,.F.);
#1482=ORIENTED_EDGE('',*,*,#1079,.F.);
#1483=ORIENTED_EDGE('',*,*,#1084,.F.);
#1484=ORIENTED_EDGE('',*,*,#1094,.F.);
#1485=ORIENTED_EDGE('',*,*,#1090,.F.);
#1486=ORIENTED_EDGE('',*,*,#1080,.F.);
#1487=ORIENTED_EDGE('',*,*,#1089,.F.);
#1488=ORIENTED_EDGE('',*,*,#1095,.F.);
#1489=ORIENTED_EDGE('',*,*,#1081,.F.);
#1490=ORIENTED_EDGE('',*,*,#1096,.F.);
#1491=ORIENTED_EDGE('',*,*,#1097,.T.);
#1492=ORIENTED_EDGE('',*,*,#1098,.T.);
#1493=ORIENTED_EDGE('',*,*,#1099,.T.);
#1494=ORIENTED_EDGE('',*,*,#1100,.F.);
#1495=ORIENTED_EDGE('',*,*,#1101,.F.);
#1496=ORIENTED_EDGE('',*,*,#1102,.T.);
#1497=ORIENTED_EDGE('',*,*,#1103,.T.);
#1498=ORIENTED_EDGE('',*,*,#1104,.T.);
#1499=ORIENTED_EDGE('',*,*,#1105,.F.);
#1500=ORIENTED_EDGE('',*,*,#1106,.F.);
#1501=ORIENTED_EDGE('',*,*,#1072,.F.);
#1502=ORIENTED_EDGE('',*,*,#1098,.F.);
#1503=ORIENTED_EDGE('',*,*,#1107,.F.);
#1504=ORIENTED_EDGE('',*,*,#1099,.F.);
#1505=ORIENTED_EDGE('',*,*,#1071,.F.);
#1506=ORIENTED_EDGE('',*,*,#1103,.F.);
#1507=ORIENTED_EDGE('',*,*,#1108,.F.);
#1508=ORIENTED_EDGE('',*,*,#1074,.F.);
#1509=ORIENTED_EDGE('',*,*,#1109,.F.);
#1510=ORIENTED_EDGE('',*,*,#1104,.F.);
#1511=ORIENTED_EDGE('',*,*,#1073,.F.);
#1512=ORIENTED_EDGE('',*,*,#1087,.T.);
#1513=ORIENTED_EDGE('',*,*,#1110,.F.);
#1514=ORIENTED_EDGE('',*,*,#1111,.F.);
#1515=ORIENTED_EDGE('',*,*,#1112,.F.);
#1516=ORIENTED_EDGE('',*,*,#1101,.T.);
#1517=ORIENTED_EDGE('',*,*,#1113,.F.);
#1518=ORIENTED_EDGE('',*,*,#1114,.F.);
#1519=ORIENTED_EDGE('',*,*,#1115,.F.);
#1520=ORIENTED_EDGE('',*,*,#1116,.F.);
#1521=ORIENTED_EDGE('',*,*,#1117,.T.);
#1522=ORIENTED_EDGE('',*,*,#1118,.T.);
#1523=ORIENTED_EDGE('',*,*,#1086,.T.);
#1524=ORIENTED_EDGE('',*,*,#1092,.T.);
#1525=ORIENTED_EDGE('',*,*,#1095,.T.);
#1526=ORIENTED_EDGE('',*,*,#1088,.F.);
#1527=ORIENTED_EDGE('',*,*,#1112,.T.);
#1528=ORIENTED_EDGE('',*,*,#1119,.F.);
#1529=ORIENTED_EDGE('',*,*,#1120,.T.);
#1530=ORIENTED_EDGE('',*,*,#1121,.F.);
#1531=ORIENTED_EDGE('',*,*,#1122,.F.);
#1532=ORIENTED_EDGE('',*,*,#1123,.T.);
#1533=ORIENTED_EDGE('',*,*,#1110,.T.);
#1534=ORIENTED_EDGE('',*,*,#1091,.T.);
#1535=ORIENTED_EDGE('',*,*,#1094,.T.);
#1536=ORIENTED_EDGE('',*,*,#1093,.T.);
#1537=ORIENTED_EDGE('',*,*,#1083,.F.);
#1538=ORIENTED_EDGE('',*,*,#1082,.T.);
#1539=ORIENTED_EDGE('',*,*,#1118,.F.);
#1540=ORIENTED_EDGE('',*,*,#1124,.F.);
#1541=ORIENTED_EDGE('',*,*,#1120,.F.);
#1542=ORIENTED_EDGE('',*,*,#1125,.F.);
#1543=ORIENTED_EDGE('',*,*,#1126,.T.);
#1544=ORIENTED_EDGE('',*,*,#1127,.T.);
#1545=ORIENTED_EDGE('',*,*,#1100,.T.);
#1546=ORIENTED_EDGE('',*,*,#1107,.T.);
#1547=ORIENTED_EDGE('',*,*,#1108,.T.);
#1548=ORIENTED_EDGE('',*,*,#1102,.F.);
#1549=ORIENTED_EDGE('',*,*,#1115,.T.);
#1550=ORIENTED_EDGE('',*,*,#1128,.F.);
#1551=ORIENTED_EDGE('',*,*,#1096,.T.);
#1552=ORIENTED_EDGE('',*,*,#1127,.F.);
#1553=ORIENTED_EDGE('',*,*,#1129,.F.);
#1554=ORIENTED_EDGE('',*,*,#1130,.F.);
#1555=ORIENTED_EDGE('',*,*,#1130,.T.);
#1556=ORIENTED_EDGE('',*,*,#1131,.F.);
#1557=ORIENTED_EDGE('',*,*,#1132,.F.);
#1558=ORIENTED_EDGE('',*,*,#1133,.T.);
#1559=ORIENTED_EDGE('',*,*,#1113,.T.);
#1560=ORIENTED_EDGE('',*,*,#1105,.T.);
#1561=ORIENTED_EDGE('',*,*,#1109,.T.);
#1562=ORIENTED_EDGE('',*,*,#1106,.T.);
#1563=ORIENTED_EDGE('',*,*,#1097,.F.);
#1564=ORIENTED_EDGE('',*,*,#1116,.T.);
#1565=ORIENTED_EDGE('',*,*,#1134,.F.);
#1566=ORIENTED_EDGE('',*,*,#1135,.F.);
#1567=ORIENTED_EDGE('',*,*,#1125,.T.);
#1568=ORIENTED_EDGE('',*,*,#1136,.F.);
#1569=ORIENTED_EDGE('',*,*,#1137,.F.);
#1570=ORIENTED_EDGE('',*,*,#1132,.T.);
#1571=ORIENTED_EDGE('',*,*,#1138,.F.);
#1572=ORIENTED_EDGE('',*,*,#1135,.T.);
#1573=ORIENTED_EDGE('',*,*,#1139,.T.);
#1574=ORIENTED_EDGE('',*,*,#932,.F.);
#1575=ORIENTED_EDGE('',*,*,#1139,.F.);
#1576=ORIENTED_EDGE('',*,*,#1134,.T.);
#1577=ORIENTED_EDGE('',*,*,#1119,.T.);
#1578=ORIENTED_EDGE('',*,*,#1111,.T.);
#1579=ORIENTED_EDGE('',*,*,#1123,.F.);
#1580=ORIENTED_EDGE('',*,*,#1140,.T.);
#1581=ORIENTED_EDGE('',*,*,#1121,.T.);
#1582=ORIENTED_EDGE('',*,*,#1124,.T.);
#1583=ORIENTED_EDGE('',*,*,#1117,.F.);
#1584=ORIENTED_EDGE('',*,*,#1122,.T.);
#1585=ORIENTED_EDGE('',*,*,#1140,.F.);
#1586=ORIENTED_EDGE('',*,*,#1137,.T.);
#1587=ORIENTED_EDGE('',*,*,#1141,.T.);
#1588=ORIENTED_EDGE('',*,*,#1013,.T.);
#1589=ORIENTED_EDGE('',*,*,#1014,.T.);
#1590=ORIENTED_EDGE('',*,*,#1019,.T.);
#1591=ORIENTED_EDGE('',*,*,#1142,.T.);
#1592=ORIENTED_EDGE('',*,*,#931,.F.);
#1593=ORIENTED_EDGE('',*,*,#1142,.F.);
#1594=ORIENTED_EDGE('',*,*,#1020,.T.);
#1595=ORIENTED_EDGE('',*,*,#1016,.T.);
#1596=ORIENTED_EDGE('',*,*,#1009,.T.);
#1597=ORIENTED_EDGE('',*,*,#1141,.F.);
#1598=ORIENTED_EDGE('',*,*,#1136,.T.);
#1599=ORIENTED_EDGE('',*,*,#1128,.T.);
#1600=ORIENTED_EDGE('',*,*,#1114,.T.);
#1601=ORIENTED_EDGE('',*,*,#1133,.F.);
#1602=ORIENTED_EDGE('',*,*,#1138,.T.);
#1603=ORIENTED_EDGE('',*,*,#1131,.T.);
#1604=ORIENTED_EDGE('',*,*,#1129,.T.);
#1605=ORIENTED_EDGE('',*,*,#1126,.F.);
#1606=ORIENTED_EDGE('',*,*,#1143,.F.);
#1607=ORIENTED_EDGE('',*,*,#1144,.T.);
#1608=ORIENTED_EDGE('',*,*,#1145,.T.);
#1609=ORIENTED_EDGE('',*,*,#1144,.F.);
#1610=ORIENTED_EDGE('',*,*,#1145,.F.);
#1611=ORIENTED_EDGE('',*,*,#1146,.F.);
#1612=ORIENTED_EDGE('',*,*,#1147,.T.);
#1613=ORIENTED_EDGE('',*,*,#1148,.T.);
#1614=ORIENTED_EDGE('',*,*,#1147,.F.);
#1615=ORIENTED_EDGE('',*,*,#1148,.F.);
#1616=ORIENTED_EDGE('',*,*,#1149,.F.);
#1617=ORIENTED_EDGE('',*,*,#1150,.F.);
#1618=ORIENTED_EDGE('',*,*,#923,.F.);
#1619=ORIENTED_EDGE('',*,*,#1151,.T.);
#1620=ORIENTED_EDGE('',*,*,#1152,.F.);
#1621=ORIENTED_EDGE('',*,*,#1143,.T.);
#1622=ORIENTED_EDGE('',*,*,#1146,.T.);
#1623=ORIENTED_EDGE('',*,*,#1153,.F.);
#1624=ORIENTED_EDGE('',*,*,#1151,.F.);
#1625=ORIENTED_EDGE('',*,*,#922,.F.);
#1626=ORIENTED_EDGE('',*,*,#1154,.F.);
#1627=ORIENTED_EDGE('',*,*,#1155,.F.);
#1628=ORIENTED_EDGE('',*,*,#994,.F.);
#1629=ORIENTED_EDGE('',*,*,#924,.F.);
#1630=ORIENTED_EDGE('',*,*,#1150,.T.);
#1631=ORIENTED_EDGE('',*,*,#929,.F.);
#1632=ORIENTED_EDGE('',*,*,#1156,.T.);
#1633=ORIENTED_EDGE('',*,*,#1157,.F.);
#1634=ORIENTED_EDGE('',*,*,#1158,.F.);
#1635=ORIENTED_EDGE('',*,*,#1156,.F.);
#1636=ORIENTED_EDGE('',*,*,#930,.F.);
#1637=ORIENTED_EDGE('',*,*,#1159,.T.);
#1638=ORIENTED_EDGE('',*,*,#1160,.F.);
#1639=ORIENTED_EDGE('',*,*,#1161,.F.);
#1640=ORIENTED_EDGE('',*,*,#1159,.F.);
#1641=ORIENTED_EDGE('',*,*,#1149,.T.);
#1642=ORIENTED_EDGE('',*,*,#1162,.F.);
#1643=ORIENTED_EDGE('',*,*,#1003,.F.);
#1644=ORIENTED_EDGE('',*,*,#992,.T.);
#1645=ORIENTED_EDGE('',*,*,#995,.F.);
#1646=ORIENTED_EDGE('',*,*,#1155,.T.);
#1647=ORIENTED_EDGE('',*,*,#1157,.T.);
#1648=ORIENTED_EDGE('',*,*,#1158,.T.);
#1649=ORIENTED_EDGE('',*,*,#1160,.T.);
#1650=ORIENTED_EDGE('',*,*,#1161,.T.);
#1651=ORIENTED_EDGE('',*,*,#974,.F.);
#1652=ORIENTED_EDGE('',*,*,#1163,.T.);
#1653=ORIENTED_EDGE('',*,*,#1154,.T.);
#1654=ORIENTED_EDGE('',*,*,#921,.T.);
#1655=ORIENTED_EDGE('',*,*,#969,.F.);
#1656=ORIENTED_EDGE('',*,*,#947,.F.);
#1657=ORIENTED_EDGE('',*,*,#945,.F.);
#1658=ORIENTED_EDGE('',*,*,#980,.F.);
#1659=ORIENTED_EDGE('',*,*,#977,.F.);
#1660=ORIENTED_EDGE('',*,*,#1004,.F.);
#1661=ORIENTED_EDGE('',*,*,#1162,.T.);
#1662=ORIENTED_EDGE('',*,*,#1152,.T.);
#1663=ORIENTED_EDGE('',*,*,#1153,.T.);
#1664=ORIENTED_EDGE('',*,*,#1163,.F.);
#1665=ORIENTED_EDGE('',*,*,#973,.F.);
#1666=ORIENTED_EDGE('',*,*,#971,.T.);
#1667=ORIENTED_EDGE('',*,*,#942,.T.);
#1668=B_SPLINE_SURFACE_WITH_KNOTS('',3,3,((#2485,#2486,#2487,#2488,#2489,
#2490,#2491,#2492,#2493,#2494),(#2495,#2496,#2497,#2498,#2499,#2500,#2501,
#2502,#2503,#2504),(#2505,#2506,#2507,#2508,#2509,#2510,#2511,#2512,#2513,
#2514),(#2515,#2516,#2517,#2518,#2519,#2520,#2521,#2522,#2523,#2524)),
 .UNSPECIFIED.,.F.,.T.,.F.,(4,4),(4,1,1,1,1,1,1,4),(0.,1.),(-1.5555546114105,
-0.657956710384842,0.239641190640814,1.13723909166647,2.03483699269212,
2.93243489371778,3.83003279474343,4.72763069576909),.UNSPECIFIED.);
#1669=B_SPLINE_SURFACE_WITH_KNOTS('',3,3,((#2607,#2608,#2609,#2610,#2611,
#2612,#2613,#2614,#2615,#2616),(#2617,#2618,#2619,#2620,#2621,#2622,#2623,
#2624,#2625,#2626),(#2627,#2628,#2629,#2630,#2631,#2632,#2633,#2634,#2635,
#2636),(#2637,#2638,#2639,#2640,#2641,#2642,#2643,#2644,#2645,#2646)),
 .UNSPECIFIED.,.F.,.T.,.F.,(4,4),(4,1,1,1,1,1,1,4),(0.,1.),(1.58603804217934,
2.48363594320499,3.38123384423065,4.2788317452563,5.17642964628196,6.07402754730762,
6.97162544833327,7.86922334935893),.UNSPECIFIED.);
#1670=ADVANCED_FACE('',(#220),#1668,.T.);
#1671=ADVANCED_FACE('',(#221,#50,#51,#52,#53,#54,#55,#56,#57,#58),#161,
 .T.);
#1672=ADVANCED_FACE('',(#222),#43,.F.);
#1673=ADVANCED_FACE('',(#223),#1669,.T.);
#1674=ADVANCED_FACE('',(#224),#44,.F.);
#1675=ADVANCED_FACE('',(#225),#17,.T.);
#1676=ADVANCED_FACE('',(#226,#59,#60),#162,.T.);
#1677=ADVANCED_FACE('',(#227),#18,.T.);
#1678=ADVANCED_FACE('',(#228,#61,#62),#163,.T.);
#1679=ADVANCED_FACE('',(#229),#19,.T.);
#1680=ADVANCED_FACE('',(#230),#164,.T.);
#1681=ADVANCED_FACE('',(#231),#20,.T.);
#1682=ADVANCED_FACE('',(#232),#21,.T.);
#1683=ADVANCED_FACE('',(#233),#165,.T.);
#1684=ADVANCED_FACE('',(#234),#22,.T.);
#1685=ADVANCED_FACE('',(#235,#63),#166,.T.);
#1686=ADVANCED_FACE('',(#236),#23,.T.);
#1687=ADVANCED_FACE('',(#237,#64),#167,.T.);
#1688=ADVANCED_FACE('',(#238),#168,.T.);
#1689=ADVANCED_FACE('',(#239),#15,.T.);
#1690=ADVANCED_FACE('',(#240),#24,.F.);
#1691=ADVANCED_FACE('',(#241),#16,.T.);
#1692=ADVANCED_FACE('',(#242),#169,.F.);
#1693=ADVANCED_FACE('',(#243),#25,.F.);
#1694=ADVANCED_FACE('',(#244),#170,.T.);
#1695=ADVANCED_FACE('',(#245),#26,.F.);
#1696=ADVANCED_FACE('',(#246),#171,.T.);
#1697=ADVANCED_FACE('',(#247),#172,.F.);
#1698=ADVANCED_FACE('',(#248),#27,.F.);
#1699=ADVANCED_FACE('',(#249),#28,.F.);
#1700=ADVANCED_FACE('',(#250),#29,.T.);
#1701=ADVANCED_FACE('',(#251),#173,.T.);
#1702=ADVANCED_FACE('',(#252),#45,.F.);
#1703=ADVANCED_FACE('',(#253),#30,.F.);
#1704=ADVANCED_FACE('',(#254),#46,.F.);
#1705=ADVANCED_FACE('',(#255),#31,.F.);
#1706=ADVANCED_FACE('',(#256),#174,.T.);
#1707=ADVANCED_FACE('',(#257),#175,.T.);
#1708=ADVANCED_FACE('',(#258),#47,.F.);
#1709=ADVANCED_FACE('',(#259),#32,.F.);
#1710=ADVANCED_FACE('',(#260,#65,#66),#176,.T.);
#1711=ADVANCED_FACE('',(#261),#177,.F.);
#1712=ADVANCED_FACE('',(#262),#178,.F.);
#1713=ADVANCED_FACE('',(#263),#179,.T.);
#1714=ADVANCED_FACE('',(#264),#180,.T.);
#1715=ADVANCED_FACE('',(#265),#181,.T.);
#1716=ADVANCED_FACE('',(#266),#182,.T.);
#1717=ADVANCED_FACE('',(#267),#183,.T.);
#1718=ADVANCED_FACE('',(#268),#184,.F.);
#1719=ADVANCED_FACE('',(#269),#185,.F.);
#1720=ADVANCED_FACE('',(#270),#186,.T.);
#1721=ADVANCED_FACE('',(#271),#187,.F.);
#1722=ADVANCED_FACE('',(#272),#33,.F.);
#1723=ADVANCED_FACE('',(#273),#188,.F.);
#1724=ADVANCED_FACE('',(#274),#48,.F.);
#1725=ADVANCED_FACE('',(#275),#34,.F.);
#1726=ADVANCED_FACE('',(#276),#49,.F.);
#1727=ADVANCED_FACE('',(#277),#35,.F.);
#1728=ADVANCED_FACE('',(#278),#189,.F.);
#1729=ADVANCED_FACE('',(#279),#190,.F.);
#1730=ADVANCED_FACE('',(#280),#191,.T.);
#1731=ADVANCED_FACE('',(#281),#192,.T.);
#1732=ADVANCED_FACE('',(#282),#193,.T.);
#1733=ADVANCED_FACE('',(#283),#194,.T.);
#1734=ADVANCED_FACE('',(#284),#195,.F.);
#1735=ADVANCED_FACE('',(#285),#196,.F.);
#1736=ADVANCED_FACE('',(#286),#197,.T.);
#1737=ADVANCED_FACE('',(#287),#198,.T.);
#1738=ADVANCED_FACE('',(#288),#199,.T.);
#1739=ADVANCED_FACE('',(#289),#200,.T.);
#1740=ADVANCED_FACE('',(#290),#201,.T.);
#1741=ADVANCED_FACE('',(#291),#202,.T.);
#1742=ADVANCED_FACE('',(#292),#203,.F.);
#1743=ADVANCED_FACE('',(#293),#204,.F.);
#1744=ADVANCED_FACE('',(#294),#205,.T.);
#1745=ADVANCED_FACE('',(#295),#206,.F.);
#1746=ADVANCED_FACE('',(#296),#207,.T.);
#1747=ADVANCED_FACE('',(#297),#208,.F.);
#1748=ADVANCED_FACE('',(#298),#209,.F.);
#1749=ADVANCED_FACE('',(#299),#210,.F.);
#1750=ADVANCED_FACE('',(#300),#211,.F.);
#1751=ADVANCED_FACE('',(#301),#36,.F.);
#1752=ADVANCED_FACE('',(#302),#212,.F.);
#1753=ADVANCED_FACE('',(#303),#37,.F.);
#1754=ADVANCED_FACE('',(#304),#38,.F.);
#1755=ADVANCED_FACE('',(#305),#213,.T.);
#1756=ADVANCED_FACE('',(#306),#39,.F.);
#1757=ADVANCED_FACE('',(#307),#214,.T.);
#1758=ADVANCED_FACE('',(#308,#67,#68),#215,.F.);
#1759=ADVANCED_FACE('',(#309),#216,.F.);
#1760=ADVANCED_FACE('',(#310),#217,.F.);
#1761=ADVANCED_FACE('',(#311),#40,.F.);
#1762=ADVANCED_FACE('',(#312),#41,.F.);
#1763=ADVANCED_FACE('',(#313,#69,#70),#42,.F.);
#1764=ADVANCED_FACE('',(#314),#218,.T.);
#1765=ADVANCED_FACE('',(#315,#71),#219,.T.);
#1766=CLOSED_SHELL('',(#1670,#1671,#1672,#1673,#1674,#1675,#1676,#1677,
#1678,#1679,#1680,#1681,#1682,#1683,#1684,#1685,#1686,#1687,#1688,#1689,
#1690,#1691,#1692,#1693,#1694,#1695,#1696,#1697,#1698,#1699,#1700,#1701,
#1702,#1703,#1704,#1705,#1706,#1707,#1708,#1709,#1710,#1711,#1712,#1713,
#1714,#1715,#1716,#1717,#1718,#1719,#1720,#1721,#1722,#1723,#1724,#1725,
#1726,#1727,#1728,#1729,#1730,#1731,#1732,#1733,#1734,#1735,#1736,#1737,
#1738,#1739,#1740,#1741,#1742,#1743,#1744,#1745,#1746,#1747,#1748,#1749,
#1750,#1751,#1752,#1753,#1754,#1755,#1756,#1757,#1758,#1759,#1760,#1761,
#1762,#1763,#1764,#1765));
#1767=DERIVED_UNIT_ELEMENT(#1769,1.);
#1768=DERIVED_UNIT_ELEMENT(#3188,-3.);
#1769=(
MASS_UNIT()
NAMED_UNIT(*)
SI_UNIT(.KILO.,.GRAM.)
);
#1770=DERIVED_UNIT((#1767,#1768));
#1771=MEASURE_REPRESENTATION_ITEM('density measure',
POSITIVE_RATIO_MEASURE(7850.),#1770);
#1772=PROPERTY_DEFINITION_REPRESENTATION(#1777,#1774);
#1773=PROPERTY_DEFINITION_REPRESENTATION(#1778,#1775);
#1774=REPRESENTATION('material name',(#1776),#3185);
#1775=REPRESENTATION('density',(#1771),#3185);
#1776=DESCRIPTIVE_REPRESENTATION_ITEM('Steel','Steel');
#1777=PROPERTY_DEFINITION('material property','material name',#3195);
#1778=PROPERTY_DEFINITION('material property','density of part',#3195);
#1779=AXIS2_PLACEMENT_3D('',#2484,#1963,#1964);
#1780=AXIS2_PLACEMENT_3D('',#2553,#1966,#1967);
#1781=AXIS2_PLACEMENT_3D('',#2556,#1968,#1969);
#1782=AXIS2_PLACEMENT_3D('',#2560,#1971,#1972);
#1783=AXIS2_PLACEMENT_3D('',#2564,#1974,#1975);
#1784=AXIS2_PLACEMENT_3D('',#2576,#1981,#1982);
#1785=AXIS2_PLACEMENT_3D('',#2590,#1984,#1985);
#1786=AXIS2_PLACEMENT_3D('',#2592,#1986,#1987);
#1787=AXIS2_PLACEMENT_3D('',#2594,#1988,#1989);
#1788=AXIS2_PLACEMENT_3D('',#2596,#1990,#1991);
#1789=AXIS2_PLACEMENT_3D('',#2598,#1992,#1993);
#1790=AXIS2_PLACEMENT_3D('',#2600,#1994,#1995);
#1791=AXIS2_PLACEMENT_3D('',#2602,#1996,#1997);
#1792=AXIS2_PLACEMENT_3D('',#2603,#1998,#1999);
#1793=AXIS2_PLACEMENT_3D('',#2606,#2001,#2002);
#1794=AXIS2_PLACEMENT_3D('',#2664,#2004,#2005);
#1795=AXIS2_PLACEMENT_3D('',#2667,#2007,#2008);
#1796=AXIS2_PLACEMENT_3D('',#2668,#2009,#2010);
#1797=AXIS2_PLACEMENT_3D('',#2671,#2011,#2012);
#1798=AXIS2_PLACEMENT_3D('',#2675,#2014,#2015);
#1799=AXIS2_PLACEMENT_3D('',#2677,#2017,#2018);
#1800=AXIS2_PLACEMENT_3D('',#2686,#2023,#2024);
#1801=AXIS2_PLACEMENT_3D('',#2689,#2026,#2027);
#1802=AXIS2_PLACEMENT_3D('',#2691,#2028,#2029);
#1803=AXIS2_PLACEMENT_3D('',#2692,#2030,#2031);
#1804=AXIS2_PLACEMENT_3D('',#2694,#2032,#2033);
#1805=AXIS2_PLACEMENT_3D('',#2696,#2035,#2036);
#1806=AXIS2_PLACEMENT_3D('',#2720,#2049,#2050);
#1807=AXIS2_PLACEMENT_3D('',#2722,#2051,#2052);
#1808=AXIS2_PLACEMENT_3D('',#2724,#2054,#2055);
#1809=AXIS2_PLACEMENT_3D('',#2728,#2058,#2059);
#1810=AXIS2_PLACEMENT_3D('',#2730,#2060,#2061);
#1811=AXIS2_PLACEMENT_3D('',#2732,#2063,#2064);
#1812=AXIS2_PLACEMENT_3D('',#2735,#2065,#2066);
#1813=AXIS2_PLACEMENT_3D('',#2739,#2068,#2069);
#1814=AXIS2_PLACEMENT_3D('',#2741,#2071,#2072);
#1815=AXIS2_PLACEMENT_3D('',#2744,#2075,#2076);
#1816=AXIS2_PLACEMENT_3D('',#2746,#2077,#2078);
#1817=AXIS2_PLACEMENT_3D('',#2748,#2079,#2080);
#1818=AXIS2_PLACEMENT_3D('',#2750,#2082,#2083);
#1819=AXIS2_PLACEMENT_3D('',#2754,#2085,#2086);
#1820=AXIS2_PLACEMENT_3D('',#2757,#2088,#2089);
#1821=AXIS2_PLACEMENT_3D('',#2759,#2090,#2091);
#1822=AXIS2_PLACEMENT_3D('',#2760,#2092,#2093);
#1823=AXIS2_PLACEMENT_3D('',#2763,#2095,#2096);
#1824=AXIS2_PLACEMENT_3D('',#2764,#2097,#2098);
#1825=AXIS2_PLACEMENT_3D('',#2770,#2102,#2103);
#1826=AXIS2_PLACEMENT_3D('',#2773,#2105,#2106);
#1827=AXIS2_PLACEMENT_3D('',#2774,#2107,#2108);
#1828=AXIS2_PLACEMENT_3D('',#2776,#2109,#2110);
#1829=AXIS2_PLACEMENT_3D('',#2777,#2111,#2112);
#1830=AXIS2_PLACEMENT_3D('',#2778,#2113,#2114);
#1831=AXIS2_PLACEMENT_3D('',#2780,#2115,#2116);
#1832=AXIS2_PLACEMENT_3D('',#2782,#2118,#2119);
#1833=AXIS2_PLACEMENT_3D('',#2784,#2120,#2121);
#1834=AXIS2_PLACEMENT_3D('',#2785,#2122,#2123);
#1835=AXIS2_PLACEMENT_3D('',#2786,#2124,#2125);
#1836=AXIS2_PLACEMENT_3D('',#2789,#2127,#2128);
#1837=AXIS2_PLACEMENT_3D('',#2791,#2130,#2131);
#1838=AXIS2_PLACEMENT_3D('',#2794,#2133,#2134);
#1839=AXIS2_PLACEMENT_3D('',#2795,#2135,#2136);
#1840=AXIS2_PLACEMENT_3D('',#2796,#2137,#2138);
#1841=AXIS2_PLACEMENT_3D('',#2799,#2140,#2141);
#1842=AXIS2_PLACEMENT_3D('',#2800,#2142,#2143);
#1843=AXIS2_PLACEMENT_3D('',#2801,#2144,#2145);
#1844=AXIS2_PLACEMENT_3D('',#2804,#2146,#2147);
#1845=AXIS2_PLACEMENT_3D('',#2805,#2148,#2149);
#1846=AXIS2_PLACEMENT_3D('',#2806,#2150,#2151);
#1847=AXIS2_PLACEMENT_3D('',#2808,#2152,#2153);
#1848=AXIS2_PLACEMENT_3D('',#2809,#2154,#2155);
#1849=AXIS2_PLACEMENT_3D('',#2810,#2156,#2157);
#1850=AXIS2_PLACEMENT_3D('',#2813,#2159,#2160);
#1851=AXIS2_PLACEMENT_3D('',#2814,#2161,#2162);
#1852=AXIS2_PLACEMENT_3D('',#2817,#2164,#2165);
#1853=AXIS2_PLACEMENT_3D('',#2818,#2166,#2167);
#1854=AXIS2_PLACEMENT_3D('',#2819,#2168,#2169);
#1855=AXIS2_PLACEMENT_3D('',#2820,#2170,#2171);
#1856=AXIS2_PLACEMENT_3D('',#2822,#2172,#2173);
#1857=AXIS2_PLACEMENT_3D('',#2823,#2174,#2175);
#1858=AXIS2_PLACEMENT_3D('',#2824,#2176,#2177);
#1859=AXIS2_PLACEMENT_3D('',#2827,#2179,#2180);
#1860=AXIS2_PLACEMENT_3D('',#2828,#2181,#2182);
#1861=AXIS2_PLACEMENT_3D('',#2831,#2184,#2185);
#1862=AXIS2_PLACEMENT_3D('',#2832,#2186,#2187);
#1863=AXIS2_PLACEMENT_3D('',#2835,#2189,#2190);
#1864=AXIS2_PLACEMENT_3D('',#2836,#2191,#2192);
#1865=AXIS2_PLACEMENT_3D('',#2839,#2194,#2195);
#1866=AXIS2_PLACEMENT_3D('',#2840,#2196,#2197);
#1867=AXIS2_PLACEMENT_3D('',#2841,#2198,#2199);
#1868=AXIS2_PLACEMENT_3D('',#2842,#2200,#2201);
#1869=AXIS2_PLACEMENT_3D('',#2844,#2202,#2203);
#1870=AXIS2_PLACEMENT_3D('',#2847,#2205,#2206);
#1871=AXIS2_PLACEMENT_3D('',#2848,#2207,#2208);
#1872=AXIS2_PLACEMENT_3D('',#2852,#2210,#2211);
#1873=AXIS2_PLACEMENT_3D('',#2854,#2212,#2213);
#1874=AXIS2_PLACEMENT_3D('',#2856,#2214,#2215);
#1875=AXIS2_PLACEMENT_3D('',#2857,#2216,#2217);
#1876=AXIS2_PLACEMENT_3D('',#2858,#2218,#2219);
#1877=AXIS2_PLACEMENT_3D('',#2860,#2220,#2221);
#1878=AXIS2_PLACEMENT_3D('',#2861,#2222,#2223);
#1879=AXIS2_PLACEMENT_3D('',#2871,#2229,#2230);
#1880=AXIS2_PLACEMENT_3D('',#2881,#2236,#2237);
#1881=AXIS2_PLACEMENT_3D('',#2883,#2239,#2240);
#1882=AXIS2_PLACEMENT_3D('',#2885,#2242,#2243);
#1883=AXIS2_PLACEMENT_3D('',#2887,#2245,#2246);
#1884=AXIS2_PLACEMENT_3D('',#2889,#2248,#2249);
#1885=AXIS2_PLACEMENT_3D('',#2893,#2251,#2252);
#1886=AXIS2_PLACEMENT_3D('',#2895,#2254,#2255);
#1887=AXIS2_PLACEMENT_3D('',#2903,#2260,#2261);
#1888=AXIS2_PLACEMENT_3D('',#2911,#2266,#2267);
#1889=AXIS2_PLACEMENT_3D('',#2912,#2268,#2269);
#1890=AXIS2_PLACEMENT_3D('',#2913,#2270,#2271);
#1891=AXIS2_PLACEMENT_3D('',#2915,#2272,#2273);
#1892=AXIS2_PLACEMENT_3D('',#2916,#2274,#2275);
#1893=AXIS2_PLACEMENT_3D('',#2917,#2276,#2277);
#1894=AXIS2_PLACEMENT_3D('',#2919,#2279,#2280);
#1895=AXIS2_PLACEMENT_3D('',#2920,#2281,#2282);
#1896=AXIS2_PLACEMENT_3D('',#2921,#2283,#2284);
#1897=AXIS2_PLACEMENT_3D('',#2924,#2286,#2287);
#1898=AXIS2_PLACEMENT_3D('',#2925,#2288,#2289);
#1899=AXIS2_PLACEMENT_3D('',#2929,#2291,#2292);
#1900=AXIS2_PLACEMENT_3D('',#2931,#2293,#2294);
#1901=AXIS2_PLACEMENT_3D('',#2933,#2295,#2296);
#1902=AXIS2_PLACEMENT_3D('',#2934,#2297,#2298);
#1903=AXIS2_PLACEMENT_3D('',#2935,#2299,#2300);
#1904=AXIS2_PLACEMENT_3D('',#2938,#2302,#2303);
#1905=AXIS2_PLACEMENT_3D('',#2939,#2304,#2305);
#1906=AXIS2_PLACEMENT_3D('',#2943,#2307,#2308);
#1907=AXIS2_PLACEMENT_3D('',#2945,#2309,#2310);
#1908=AXIS2_PLACEMENT_3D('',#2947,#2311,#2312);
#1909=AXIS2_PLACEMENT_3D('',#2948,#2313,#2314);
#1910=AXIS2_PLACEMENT_3D('',#2949,#2315,#2316);
#1911=AXIS2_PLACEMENT_3D('',#2959,#2322,#2323);
#1912=AXIS2_PLACEMENT_3D('',#2969,#2329,#2330);
#1913=AXIS2_PLACEMENT_3D('',#2971,#2332,#2333);
#1914=AXIS2_PLACEMENT_3D('',#2973,#2335,#2336);
#1915=AXIS2_PLACEMENT_3D('',#2975,#2338,#2339);
#1916=AXIS2_PLACEMENT_3D('',#2977,#2341,#2342);
#1917=AXIS2_PLACEMENT_3D('',#2987,#2348,#2349);
#1918=AXIS2_PLACEMENT_3D('',#2997,#2355,#2356);
#1919=AXIS2_PLACEMENT_3D('',#2999,#2358,#2359);
#1920=AXIS2_PLACEMENT_3D('',#3001,#2361,#2362);
#1921=AXIS2_PLACEMENT_3D('',#3003,#2364,#2365);
#1922=AXIS2_PLACEMENT_3D('',#3005,#2367,#2368);
#1923=AXIS2_PLACEMENT_3D('',#3009,#2370,#2371);
#1924=AXIS2_PLACEMENT_3D('',#3011,#2373,#2374);
#1925=AXIS2_PLACEMENT_3D('',#3015,#2376,#2377);
#1926=AXIS2_PLACEMENT_3D('',#3017,#2379,#2380);
#1927=AXIS2_PLACEMENT_3D('',#3025,#2385,#2386);
#1928=AXIS2_PLACEMENT_3D('',#3033,#2391,#2392);
#1929=AXIS2_PLACEMENT_3D('',#3034,#2393,#2394);
#1930=AXIS2_PLACEMENT_3D('',#3035,#2395,#2396);
#1931=AXIS2_PLACEMENT_3D('',#3043,#2401,#2402);
#1932=AXIS2_PLACEMENT_3D('',#3045,#2403,#2404);
#1933=AXIS2_PLACEMENT_3D('',#3047,#2406,#2407);
#1934=AXIS2_PLACEMENT_3D('',#3053,#2411,#2412);
#1935=AXIS2_PLACEMENT_3D('',#3055,#2413,#2414);
#1936=AXIS2_PLACEMENT_3D('',#3056,#2415,#2416);
#1937=AXIS2_PLACEMENT_3D('',#3057,#2417,#2418);
#1938=AXIS2_PLACEMENT_3D('',#3059,#2419,#2420);
#1939=AXIS2_PLACEMENT_3D('',#3060,#2421,#2422);
#1940=AXIS2_PLACEMENT_3D('',#3061,#2423,#2424);
#1941=AXIS2_PLACEMENT_3D('',#3062,#2425,#2426);
#1942=AXIS2_PLACEMENT_3D('',#3063,#2427,#2428);
#1943=AXIS2_PLACEMENT_3D('',#3065,#2430,#2431);
#1944=AXIS2_PLACEMENT_3D('',#3066,#2432,#2433);
#1945=AXIS2_PLACEMENT_3D('',#3067,#2434,#2435);
#1946=AXIS2_PLACEMENT_3D('',#3070,#2438,#2439);
#1947=AXIS2_PLACEMENT_3D('',#3072,#2440,#2441);
#1948=AXIS2_PLACEMENT_3D('',#3075,#2443,#2444);
#1949=AXIS2_PLACEMENT_3D('',#3076,#2445,#2446);
#1950=AXIS2_PLACEMENT_3D('',#3077,#2447,#2448);
#1951=AXIS2_PLACEMENT_3D('',#3079,#2449,#2450);
#1952=AXIS2_PLACEMENT_3D('',#3082,#2452,#2453);
#1953=AXIS2_PLACEMENT_3D('',#3083,#2454,#2455);
#1954=AXIS2_PLACEMENT_3D('',#3084,#2456,#2457);
#1955=AXIS2_PLACEMENT_3D('',#3087,#2458,#2459);
#1956=AXIS2_PLACEMENT_3D('',#3092,#2463,#2464);
#1957=AXIS2_PLACEMENT_3D('',#3096,#2467,#2468);
#1958=AXIS2_PLACEMENT_3D('',#3098,#2470,#2471);
#1959=AXIS2_PLACEMENT_3D('',#3138,#2473,#2474);
#1960=AXIS2_PLACEMENT_3D('',#3178,#2476,#2477);
#1961=AXIS2_PLACEMENT_3D('',#3180,#2479,#2480);
#1962=AXIS2_PLACEMENT_3D('',#3182,#2482,#2483);
#1963=DIRECTION('axis',(0.,0.,1.));
#1964=DIRECTION('refdir',(1.,0.,0.));
#1965=DIRECTION('',(0.674915182477721,-0.737895315380891,-3.28996310484334E-15));
#1966=DIRECTION('center_axis',(0.,1.,0.));
#1967=DIRECTION('ref_axis',(-1.,0.,0.));
#1968=DIRECTION('center_axis',(0.,-1.,0.));
#1969=DIRECTION('ref_axis',(-0.707106781186547,-7.85046229341887E-16,0.707106781186548));
#1970=DIRECTION('',(-1.,0.,0.));
#1971=DIRECTION('center_axis',(0.,-1.,0.));
#1972=DIRECTION('ref_axis',(0.707106781186546,0.,0.707106781186549));
#1973=DIRECTION('',(0.,0.,1.));
#1974=DIRECTION('center_axis',(0.,-1.,0.));
#1975=DIRECTION('ref_axis',(0.707106781186546,0.,-0.707106781186549));
#1976=DIRECTION('',(1.,0.,0.));
#1977=DIRECTION('',(0.,0.,1.));
#1978=DIRECTION('',(-1.,0.,0.));
#1979=DIRECTION('',(0.,0.,-1.));
#1980=DIRECTION('',(1.,0.,0.));
#1981=DIRECTION('center_axis',(0.,-1.,0.));
#1982=DIRECTION('ref_axis',(-0.707106781186547,-5.88784672006415E-16,-0.707106781186548));
#1983=DIRECTION('',(0.,0.,-1.));
#1984=DIRECTION('center_axis',(0.,-1.,0.));
#1985=DIRECTION('ref_axis',(-1.,0.,0.));
#1986=DIRECTION('center_axis',(0.,-1.,0.));
#1987=DIRECTION('ref_axis',(-1.,0.,0.));
#1988=DIRECTION('center_axis',(0.,-1.,0.));
#1989=DIRECTION('ref_axis',(1.,0.,0.));
#1990=DIRECTION('center_axis',(0.,-1.,0.));
#1991=DIRECTION('ref_axis',(1.,0.,0.));
#1992=DIRECTION('center_axis',(0.,-1.,0.));
#1993=DIRECTION('ref_axis',(1.,0.,0.));
#1994=DIRECTION('center_axis',(0.,-1.,0.));
#1995=DIRECTION('ref_axis',(-1.,0.,0.));
#1996=DIRECTION('center_axis',(0.,-1.,0.));
#1997=DIRECTION('ref_axis',(-1.,0.,0.));
#1998=DIRECTION('center_axis',(0.174164320116788,0.984716603697865,0.));
#1999=DIRECTION('ref_axis',(3.63384004082301E-14,-6.42708041833002E-15,
-1.));
#2000=DIRECTION('',(-0.173501097176189,-0.980966773416209,-0.0871869183539102));
#2001=DIRECTION('center_axis',(-6.48305415839507E-16,1.,0.));
#2002=DIRECTION('ref_axis',(-0.0152411252577257,-1.11022302462516E-15,-0.999883847304715));
#2003=DIRECTION('',(0.793115222194267,-0.609071624953698,0.));
#2004=DIRECTION('center_axis',(-0.174164320116788,0.984716603697865,0.));
#2005=DIRECTION('ref_axis',(5.85073621803514E-17,1.03480482787656E-17,1.));
#2006=DIRECTION('',(0.173501097176192,-0.980966773416208,0.0871869183539108));
#2007=DIRECTION('center_axis',(-7.24058494320754E-16,1.,0.));
#2008=DIRECTION('ref_axis',(0.0152411252577612,-1.11022302462516E-15,0.999883847304714));
#2009=DIRECTION('center_axis',(0.,1.,0.));
#2010=DIRECTION('ref_axis',(0.707106781186549,0.,0.707106781186546));
#2011=DIRECTION('center_axis',(0.,1.,0.));
#2012=DIRECTION('ref_axis',(0.707106781186549,0.,0.707106781186546));
#2013=DIRECTION('',(0.,1.,0.));
#2014=DIRECTION('center_axis',(-7.24058494320754E-16,1.,0.));
#2015=DIRECTION('ref_axis',(0.707106781186549,0.,0.707106781186546));
#2016=DIRECTION('',(0.,-1.,0.));
#2017=DIRECTION('center_axis',(0.,0.,1.));
#2018=DIRECTION('ref_axis',(1.,0.,0.));
#2019=DIRECTION('',(1.,7.24058494320754E-16,0.));
#2020=DIRECTION('',(0.,-1.,0.));
#2021=DIRECTION('',(-6.57909940518611E-16,1.,0.));
#2022=DIRECTION('',(1.,-8.88178419700125E-16,0.));
#2023=DIRECTION('center_axis',(0.,0.,1.));
#2024=DIRECTION('ref_axis',(1.90323947078598E-15,1.,0.));
#2025=DIRECTION('',(1.,0.,0.));
#2026=DIRECTION('center_axis',(0.,0.,1.));
#2027=DIRECTION('ref_axis',(-1.,0.,0.));
#2028=DIRECTION('center_axis',(0.,0.,1.));
#2029=DIRECTION('ref_axis',(-1.,0.,0.));
#2030=DIRECTION('center_axis',(6.57909940518611E-16,-1.,0.));
#2031=DIRECTION('ref_axis',(-0.707106781186547,-7.85046229341887E-16,0.707106781186548));
#2032=DIRECTION('center_axis',(8.88178419700125E-16,1.,0.));
#2033=DIRECTION('ref_axis',(-0.707106781186547,-7.85046229341887E-16,0.707106781186548));
#2034=DIRECTION('',(6.57909940518611E-16,-1.,0.));
#2035=DIRECTION('center_axis',(-1.,-6.57909940518611E-16,0.));
#2036=DIRECTION('ref_axis',(6.57909940518611E-16,-1.,0.));
#2037=DIRECTION('',(-6.57909940518611E-16,1.,0.));
#2038=DIRECTION('',(0.,0.,-1.));
#2039=DIRECTION('',(-6.57909940518611E-16,1.,0.));
#2040=DIRECTION('',(0.,0.,1.));
#2041=DIRECTION('',(0.,-1.,0.));
#2042=DIRECTION('',(0.,0.,-1.));
#2043=DIRECTION('',(0.,1.,0.));
#2044=DIRECTION('',(0.,0.,1.));
#2045=DIRECTION('',(0.,1.,0.));
#2046=DIRECTION('',(0.,0.,1.));
#2047=DIRECTION('',(0.,-1.,0.));
#2048=DIRECTION('',(0.,0.,-1.));
#2049=DIRECTION('center_axis',(0.,1.,0.));
#2050=DIRECTION('ref_axis',(0.707106781186546,0.,0.707106781186549));
#2051=DIRECTION('center_axis',(-7.24058494320754E-16,1.,0.));
#2052=DIRECTION('ref_axis',(0.707106781186546,0.,0.707106781186549));
#2053=DIRECTION('',(0.,1.,0.));
#2054=DIRECTION('center_axis',(1.,0.,0.));
#2055=DIRECTION('ref_axis',(0.,1.,0.));
#2056=DIRECTION('',(0.,0.,1.));
#2057=DIRECTION('',(0.,-1.,0.));
#2058=DIRECTION('center_axis',(0.,-1.,0.));
#2059=DIRECTION('ref_axis',(0.707106781186546,0.,-0.707106781186549));
#2060=DIRECTION('center_axis',(-7.24058494320754E-16,1.,0.));
#2061=DIRECTION('ref_axis',(0.707106781186546,0.,-0.707106781186549));
#2062=DIRECTION('',(0.,1.,0.));
#2063=DIRECTION('center_axis',(0.,-1.,0.));
#2064=DIRECTION('ref_axis',(0.707106781186549,0.,-0.707106781186546));
#2065=DIRECTION('center_axis',(0.,1.,0.));
#2066=DIRECTION('ref_axis',(0.707106781186549,0.,-0.707106781186546));
#2067=DIRECTION('',(0.,1.,0.));
#2068=DIRECTION('center_axis',(-7.24058494320754E-16,1.,0.));
#2069=DIRECTION('ref_axis',(0.707106781186549,0.,-0.707106781186546));
#2070=DIRECTION('',(0.,-1.,0.));
#2071=DIRECTION('center_axis',(1.,0.,0.));
#2072=DIRECTION('ref_axis',(0.,1.,0.));
#2073=DIRECTION('',(0.,0.,1.));
#2074=DIRECTION('',(0.,0.,1.));
#2075=DIRECTION('center_axis',(6.57909940518611E-16,-1.,0.));
#2076=DIRECTION('ref_axis',(-0.707106781186548,-7.85046229341887E-16,-0.707106781186547));
#2077=DIRECTION('center_axis',(8.88178419700125E-16,1.,0.));
#2078=DIRECTION('ref_axis',(-0.707106781186548,-7.85046229341887E-16,-0.707106781186547));
#2079=DIRECTION('center_axis',(-6.48305415839507E-16,1.,0.));
#2080=DIRECTION('ref_axis',(-0.707106781186548,-7.85046229341887E-16,-0.707106781186547));
#2081=DIRECTION('',(6.57909940518611E-16,-1.,0.));
#2082=DIRECTION('center_axis',(-8.88178419700125E-16,-1.,0.));
#2083=DIRECTION('ref_axis',(1.,-8.88178419700125E-16,0.));
#2084=DIRECTION('',(1.,-8.88178419700125E-16,0.));
#2085=DIRECTION('center_axis',(8.88178419700125E-16,1.,0.));
#2086=DIRECTION('ref_axis',(-1.,8.88178419700125E-16,0.));
#2087=DIRECTION('',(0.,0.,1.));
#2088=DIRECTION('center_axis',(8.88178419700125E-16,1.,0.));
#2089=DIRECTION('ref_axis',(-1.,8.88178419700125E-16,0.));
#2090=DIRECTION('center_axis',(-8.88178419700125E-16,-1.,0.));
#2091=DIRECTION('ref_axis',(1.,-8.88178419700125E-16,0.));
#2092=DIRECTION('center_axis',(-6.57909940518611E-16,1.,0.));
#2093=DIRECTION('ref_axis',(-0.707106781186547,-5.88784672006415E-16,-0.707106781186548));
#2094=DIRECTION('',(6.57909940518611E-16,-1.,0.));
#2095=DIRECTION('center_axis',(-6.48305415839507E-16,1.,0.));
#2096=DIRECTION('ref_axis',(-0.707106781186547,-5.88784672006415E-16,-0.707106781186548));
#2097=DIRECTION('center_axis',(6.48305415839507E-16,-1.,0.));
#2098=DIRECTION('ref_axis',(-1.,-6.48305415839507E-16,0.));
#2099=DIRECTION('',(-1.,-6.48305415839507E-16,0.));
#2100=DIRECTION('',(0.,0.,-1.));
#2101=DIRECTION('',(1.,6.48305415839507E-16,0.));
#2102=DIRECTION('center_axis',(0.,0.,-1.));
#2103=DIRECTION('ref_axis',(1.,0.,0.));
#2104=DIRECTION('',(0.,-1.,0.));
#2105=DIRECTION('center_axis',(0.,0.,1.));
#2106=DIRECTION('ref_axis',(-0.69397405828531,0.720000004463206,0.));
#2107=DIRECTION('center_axis',(0.,0.,-1.));
#2108=DIRECTION('ref_axis',(-1.,0.,0.));
#2109=DIRECTION('center_axis',(0.,1.,0.));
#2110=DIRECTION('ref_axis',(1.,0.,0.));
#2111=DIRECTION('center_axis',(0.,0.,-1.));
#2112=DIRECTION('ref_axis',(1.90323947078598E-15,1.,0.));
#2113=DIRECTION('center_axis',(0.,0.,1.));
#2114=DIRECTION('ref_axis',(1.,-1.90323947078598E-15,0.));
#2115=DIRECTION('center_axis',(0.,0.,1.));
#2116=DIRECTION('ref_axis',(1.90323947078598E-15,1.,0.));
#2117=DIRECTION('',(0.,0.,1.));
#2118=DIRECTION('center_axis',(0.,0.,1.));
#2119=DIRECTION('ref_axis',(1.,0.,0.));
#2120=DIRECTION('center_axis',(0.,0.,-1.));
#2121=DIRECTION('ref_axis',(1.90323947078598E-15,1.,0.));
#2122=DIRECTION('center_axis',(0.,1.,0.));
#2123=DIRECTION('ref_axis',(1.,0.,0.));
#2124=DIRECTION('center_axis',(0.,0.,1.));
#2125=DIRECTION('ref_axis',(1.,0.,0.));
#2126=DIRECTION('',(-1.,0.,0.));
#2127=DIRECTION('center_axis',(0.,0.,-1.));
#2128=DIRECTION('ref_axis',(-0.69397405828531,0.720000004463206,0.));
#2129=DIRECTION('',(1.,7.24058494320754E-16,0.));
#2130=DIRECTION('center_axis',(0.,-1.,0.));
#2131=DIRECTION('ref_axis',(-1.,0.,0.));
#2132=DIRECTION('',(0.,-1.,0.));
#2133=DIRECTION('center_axis',(0.,-1.,0.));
#2134=DIRECTION('ref_axis',(-1.,0.,0.));
#2135=DIRECTION('center_axis',(0.,1.,0.));
#2136=DIRECTION('ref_axis',(-1.,0.,0.));
#2137=DIRECTION('center_axis',(0.,-1.,0.));
#2138=DIRECTION('ref_axis',(-1.,0.,0.));
#2139=DIRECTION('',(0.,-1.,0.));
#2140=DIRECTION('center_axis',(0.,-1.,0.));
#2141=DIRECTION('ref_axis',(-1.,0.,0.));
#2142=DIRECTION('center_axis',(0.,1.,0.));
#2143=DIRECTION('ref_axis',(-1.,0.,0.));
#2144=DIRECTION('center_axis',(0.,-1.,0.));
#2145=DIRECTION('ref_axis',(1.,0.,0.));
#2146=DIRECTION('center_axis',(0.,1.,0.));
#2147=DIRECTION('ref_axis',(1.,0.,0.));
#2148=DIRECTION('center_axis',(0.,-1.,0.));
#2149=DIRECTION('ref_axis',(-1.36432936973908E-17,0.,-1.));
#2150=DIRECTION('center_axis',(0.,-1.,0.));
#2151=DIRECTION('ref_axis',(-1.36432936973889E-17,0.,-1.));
#2152=DIRECTION('center_axis',(0.,-1.,0.));
#2153=DIRECTION('ref_axis',(-1.36432936973908E-17,0.,-1.));
#2154=DIRECTION('center_axis',(0.,1.,0.));
#2155=DIRECTION('ref_axis',(1.,0.,0.));
#2156=DIRECTION('center_axis',(0.,1.,0.));
#2157=DIRECTION('ref_axis',(-1.36432936973908E-17,0.,-1.));
#2158=DIRECTION('',(0.,1.,0.));
#2159=DIRECTION('center_axis',(0.,1.,0.));
#2160=DIRECTION('ref_axis',(-1.36432936973908E-17,0.,-1.));
#2161=DIRECTION('center_axis',(0.,1.,0.));
#2162=DIRECTION('ref_axis',(-1.36432936973908E-17,0.,-1.));
#2163=DIRECTION('',(0.,-1.,0.));
#2164=DIRECTION('center_axis',(0.,1.,0.));
#2165=DIRECTION('ref_axis',(-1.36432936973908E-17,0.,-1.));
#2166=DIRECTION('center_axis',(0.,1.,0.));
#2167=DIRECTION('ref_axis',(-1.36432936973889E-17,0.,-1.));
#2168=DIRECTION('center_axis',(0.,-1.,0.));
#2169=DIRECTION('ref_axis',(-1.36432936973889E-17,0.,-1.));
#2170=DIRECTION('center_axis',(0.,-1.,0.));
#2171=DIRECTION('ref_axis',(1.,0.,0.));
#2172=DIRECTION('center_axis',(0.,-1.,0.));
#2173=DIRECTION('ref_axis',(1.,0.,0.));
#2174=DIRECTION('center_axis',(0.,-1.,0.));
#2175=DIRECTION('ref_axis',(1.,0.,0.));
#2176=DIRECTION('center_axis',(0.,0.,1.));
#2177=DIRECTION('ref_axis',(-1.,0.,0.));
#2178=DIRECTION('',(-0.707106781186549,-8.65956056235495E-17,-0.707106781186546));
#2179=DIRECTION('center_axis',(0.,0.,-1.));
#2180=DIRECTION('ref_axis',(-1.,0.,0.));
#2181=DIRECTION('center_axis',(0.,0.,-1.));
#2182=DIRECTION('ref_axis',(-1.,0.,0.));
#2183=DIRECTION('',(0.,0.,-1.));
#2184=DIRECTION('center_axis',(0.,0.,-1.));
#2185=DIRECTION('ref_axis',(-1.,0.,0.));
#2186=DIRECTION('center_axis',(0.,0.,1.));
#2187=DIRECTION('ref_axis',(-1.,0.,0.));
#2188=DIRECTION('',(-0.707106781186549,-8.65956056235495E-17,-0.707106781186546));
#2189=DIRECTION('center_axis',(0.,0.,-1.));
#2190=DIRECTION('ref_axis',(-1.,0.,0.));
#2191=DIRECTION('center_axis',(0.,0.,-1.));
#2192=DIRECTION('ref_axis',(-1.,0.,0.));
#2193=DIRECTION('',(0.,0.,-1.));
#2194=DIRECTION('center_axis',(0.,0.,-1.));
#2195=DIRECTION('ref_axis',(-1.,0.,0.));
#2196=DIRECTION('center_axis',(0.,0.,1.));
#2197=DIRECTION('ref_axis',(-1.,0.,0.));
#2198=DIRECTION('center_axis',(0.,0.,1.));
#2199=DIRECTION('ref_axis',(-1.,0.,0.));
#2200=DIRECTION('center_axis',(0.,-1.,0.));
#2201=DIRECTION('ref_axis',(1.,0.,0.));
#2202=DIRECTION('center_axis',(0.,-1.,0.));
#2203=DIRECTION('ref_axis',(1.,0.,0.));
#2204=DIRECTION('',(0.707106781186547,0.707106781186547,8.65956056235493E-17));
#2205=DIRECTION('center_axis',(0.,1.,0.));
#2206=DIRECTION('ref_axis',(1.,0.,0.));
#2207=DIRECTION('center_axis',(0.,1.,0.));
#2208=DIRECTION('ref_axis',(1.,0.,0.));
#2209=DIRECTION('',(0.,1.,0.));
#2210=DIRECTION('center_axis',(0.,1.,0.));
#2211=DIRECTION('ref_axis',(1.,0.,0.));
#2212=DIRECTION('center_axis',(0.,1.,0.));
#2213=DIRECTION('ref_axis',(1.,0.,0.));
#2214=DIRECTION('center_axis',(0.,1.,0.));
#2215=DIRECTION('ref_axis',(1.,0.,0.));
#2216=DIRECTION('center_axis',(0.,1.,0.));
#2217=DIRECTION('ref_axis',(1.,0.,0.));
#2218=DIRECTION('center_axis',(0.,-1.,0.));
#2219=DIRECTION('ref_axis',(1.,0.,0.));
#2220=DIRECTION('center_axis',(0.,-1.,0.));
#2221=DIRECTION('ref_axis',(1.,0.,0.));
#2222=DIRECTION('center_axis',(0.,0.,1.));
#2223=DIRECTION('ref_axis',(-1.,0.,0.));
#2224=DIRECTION('',(-1.,0.,0.));
#2225=DIRECTION('',(0.,-1.,0.));
#2226=DIRECTION('',(-1.,0.,0.));
#2227=DIRECTION('',(-1.,0.,0.));
#2228=DIRECTION('',(0.,-1.,0.));
#2229=DIRECTION('center_axis',(1.73472347597681E-16,0.,-1.));
#2230=DIRECTION('ref_axis',(1.,0.,1.73472347597681E-16));
#2231=DIRECTION('',(1.,0.,1.73472347597681E-16));
#2232=DIRECTION('',(0.,-1.,0.));
#2233=DIRECTION('',(1.,0.,1.73472347597681E-16));
#2234=DIRECTION('',(1.,0.,1.73472347597681E-16));
#2235=DIRECTION('',(0.,-1.,0.));
#2236=DIRECTION('center_axis',(0.,1.,0.));
#2237=DIRECTION('ref_axis',(-1.,0.,0.));
#2238=DIRECTION('',(0.,0.,-1.));
#2239=DIRECTION('center_axis',(0.,1.,0.));
#2240=DIRECTION('ref_axis',(-1.,0.,0.));
#2241=DIRECTION('',(0.,0.,1.));
#2242=DIRECTION('center_axis',(0.,1.,0.));
#2243=DIRECTION('ref_axis',(-1.,0.,0.));
#2244=DIRECTION('',(0.,0.,1.));
#2245=DIRECTION('center_axis',(0.,1.,0.));
#2246=DIRECTION('ref_axis',(-1.,0.,0.));
#2247=DIRECTION('',(0.,0.,-1.));
#2248=DIRECTION('center_axis',(0.,1.,0.));
#2249=DIRECTION('ref_axis',(-1.,0.,0.));
#2250=DIRECTION('',(0.,0.,1.));
#2251=DIRECTION('center_axis',(0.,-1.,0.));
#2252=DIRECTION('ref_axis',(-1.,0.,0.));
#2253=DIRECTION('',(0.,0.,-1.));
#2254=DIRECTION('center_axis',(-1.,0.,0.));
#2255=DIRECTION('ref_axis',(0.,0.,-1.));
#2256=DIRECTION('',(0.,0.,-1.));
#2257=DIRECTION('',(0.,-1.,0.));
#2258=DIRECTION('',(0.,0.,-1.));
#2259=DIRECTION('',(0.,-1.,0.));
#2260=DIRECTION('center_axis',(1.,0.,0.));
#2261=DIRECTION('ref_axis',(0.,0.,1.));
#2262=DIRECTION('',(0.,0.,1.));
#2263=DIRECTION('',(0.,-1.,0.));
#2264=DIRECTION('',(0.,0.,1.));
#2265=DIRECTION('',(0.,-1.,0.));
#2266=DIRECTION('center_axis',(0.,1.,0.));
#2267=DIRECTION('ref_axis',(-1.,0.,0.));
#2268=DIRECTION('center_axis',(0.,-1.,0.));
#2269=DIRECTION('ref_axis',(-1.,0.,0.));
#2270=DIRECTION('center_axis',(0.,-1.,0.));
#2271=DIRECTION('ref_axis',(1.,0.,0.));
#2272=DIRECTION('center_axis',(0.,-1.,0.));
#2273=DIRECTION('ref_axis',(1.,0.,0.));
#2274=DIRECTION('center_axis',(0.,-1.,0.));
#2275=DIRECTION('ref_axis',(1.,0.,0.));
#2276=DIRECTION('center_axis',(0.,1.,0.));
#2277=DIRECTION('ref_axis',(1.,0.,0.));
#2278=DIRECTION('',(0.,1.,0.));
#2279=DIRECTION('center_axis',(0.,-1.,0.));
#2280=DIRECTION('ref_axis',(1.,0.,0.));
#2281=DIRECTION('center_axis',(0.,-1.,0.));
#2282=DIRECTION('ref_axis',(1.,0.,0.));
#2283=DIRECTION('center_axis',(0.,-1.,0.));
#2284=DIRECTION('ref_axis',(1.,-5.04101265235206E-16,0.));
#2285=DIRECTION('',(0.707106781186543,0.707106781186552,8.65956056235488E-17));
#2286=DIRECTION('center_axis',(8.88178419700125E-16,1.,0.));
#2287=DIRECTION('ref_axis',(1.,0.,0.));
#2288=DIRECTION('center_axis',(0.,1.,0.));
#2289=DIRECTION('ref_axis',(1.,0.,0.));
#2290=DIRECTION('',(0.,1.,0.));
#2291=DIRECTION('center_axis',(0.,1.,0.));
#2292=DIRECTION('ref_axis',(1.,0.,0.));
#2293=DIRECTION('center_axis',(0.,1.,0.));
#2294=DIRECTION('ref_axis',(1.,0.,0.));
#2295=DIRECTION('center_axis',(0.,1.,0.));
#2296=DIRECTION('ref_axis',(1.,0.,0.));
#2297=DIRECTION('center_axis',(0.,1.,0.));
#2298=DIRECTION('ref_axis',(1.,0.,0.));
#2299=DIRECTION('center_axis',(0.,-1.,0.));
#2300=DIRECTION('ref_axis',(1.,0.,0.));
#2301=DIRECTION('',(0.707106781186547,0.707106781186547,8.65956056235493E-17));
#2302=DIRECTION('center_axis',(0.,1.,0.));
#2303=DIRECTION('ref_axis',(1.,0.,0.));
#2304=DIRECTION('center_axis',(0.,1.,0.));
#2305=DIRECTION('ref_axis',(1.,0.,0.));
#2306=DIRECTION('',(0.,1.,0.));
#2307=DIRECTION('center_axis',(0.,1.,0.));
#2308=DIRECTION('ref_axis',(1.,0.,0.));
#2309=DIRECTION('center_axis',(0.,1.,0.));
#2310=DIRECTION('ref_axis',(1.,0.,0.));
#2311=DIRECTION('center_axis',(0.,1.,0.));
#2312=DIRECTION('ref_axis',(1.,0.,0.));
#2313=DIRECTION('center_axis',(0.,1.,0.));
#2314=DIRECTION('ref_axis',(1.,0.,0.));
#2315=DIRECTION('center_axis',(0.,0.,1.));
#2316=DIRECTION('ref_axis',(-1.,0.,0.));
#2317=DIRECTION('',(-1.,0.,0.));
#2318=DIRECTION('',(0.,-1.,0.));
#2319=DIRECTION('',(-1.,0.,0.));
#2320=DIRECTION('',(-1.,0.,0.));
#2321=DIRECTION('',(0.,-1.,0.));
#2322=DIRECTION('center_axis',(1.73472347597681E-16,0.,-1.));
#2323=DIRECTION('ref_axis',(1.,0.,1.73472347597681E-16));
#2324=DIRECTION('',(1.,0.,1.73472347597681E-16));
#2325=DIRECTION('',(0.,-1.,0.));
#2326=DIRECTION('',(1.,0.,1.73472347597681E-16));
#2327=DIRECTION('',(1.,0.,1.73472347597681E-16));
#2328=DIRECTION('',(0.,-1.,0.));
#2329=DIRECTION('center_axis',(0.,1.,0.));
#2330=DIRECTION('ref_axis',(-1.,0.,0.));
#2331=DIRECTION('',(0.,0.,-1.));
#2332=DIRECTION('center_axis',(0.,1.,0.));
#2333=DIRECTION('ref_axis',(-1.,0.,0.));
#2334=DIRECTION('',(0.,0.,1.));
#2335=DIRECTION('center_axis',(0.,1.,0.));
#2336=DIRECTION('ref_axis',(-1.,0.,0.));
#2337=DIRECTION('',(0.,0.,1.));
#2338=DIRECTION('center_axis',(0.,1.,0.));
#2339=DIRECTION('ref_axis',(-1.,0.,0.));
#2340=DIRECTION('',(0.,0.,-1.));
#2341=DIRECTION('center_axis',(0.,0.,1.));
#2342=DIRECTION('ref_axis',(-1.,0.,0.));
#2343=DIRECTION('',(-1.,0.,0.));
#2344=DIRECTION('',(0.,-1.,0.));
#2345=DIRECTION('',(-1.,0.,0.));
#2346=DIRECTION('',(-1.,0.,0.));
#2347=DIRECTION('',(0.,-1.,0.));
#2348=DIRECTION('center_axis',(0.,0.,-1.));
#2349=DIRECTION('ref_axis',(1.,0.,0.));
#2350=DIRECTION('',(1.,0.,0.));
#2351=DIRECTION('',(0.,-1.,0.));
#2352=DIRECTION('',(1.,0.,0.));
#2353=DIRECTION('',(1.,0.,0.));
#2354=DIRECTION('',(0.,-1.,0.));
#2355=DIRECTION('center_axis',(0.,1.,0.));
#2356=DIRECTION('ref_axis',(-1.,0.,0.));
#2357=DIRECTION('',(0.,0.,1.));
#2358=DIRECTION('center_axis',(0.,1.,0.));
#2359=DIRECTION('ref_axis',(-1.,0.,0.));
#2360=DIRECTION('',(-2.18744579738334E-16,0.,-1.));
#2361=DIRECTION('center_axis',(0.,1.,0.));
#2362=DIRECTION('ref_axis',(-1.,0.,0.));
#2363=DIRECTION('',(-2.18744579738334E-16,0.,-1.));
#2364=DIRECTION('center_axis',(0.,1.,0.));
#2365=DIRECTION('ref_axis',(-1.,0.,0.));
#2366=DIRECTION('',(0.,0.,1.));
#2367=DIRECTION('center_axis',(0.,1.,0.));
#2368=DIRECTION('ref_axis',(-1.,0.,0.));
#2369=DIRECTION('',(0.,0.,1.));
#2370=DIRECTION('center_axis',(0.,-1.,0.));
#2371=DIRECTION('ref_axis',(-1.,0.,0.));
#2372=DIRECTION('',(0.,0.,-1.));
#2373=DIRECTION('center_axis',(0.,1.,0.));
#2374=DIRECTION('ref_axis',(-1.,0.,0.));
#2375=DIRECTION('',(0.,0.,1.));
#2376=DIRECTION('center_axis',(0.,-1.,0.));
#2377=DIRECTION('ref_axis',(-1.,0.,0.));
#2378=DIRECTION('',(-2.18744579738334E-16,0.,-1.));
#2379=DIRECTION('center_axis',(-1.,0.,0.));
#2380=DIRECTION('ref_axis',(0.,0.,-1.));
#2381=DIRECTION('',(0.,0.,-1.));
#2382=DIRECTION('',(0.,-1.,0.));
#2383=DIRECTION('',(0.,0.,-1.));
#2384=DIRECTION('',(0.,-1.,0.));
#2385=DIRECTION('center_axis',(1.,0.,0.));
#2386=DIRECTION('ref_axis',(0.,0.,1.));
#2387=DIRECTION('',(0.,0.,1.));
#2388=DIRECTION('',(0.,-1.,0.));
#2389=DIRECTION('',(0.,0.,1.));
#2390=DIRECTION('',(0.,-1.,0.));
#2391=DIRECTION('center_axis',(0.,1.,0.));
#2392=DIRECTION('ref_axis',(-1.,0.,0.));
#2393=DIRECTION('center_axis',(0.,-1.,0.));
#2394=DIRECTION('ref_axis',(-1.,0.,0.));
#2395=DIRECTION('center_axis',(-1.,0.,2.18744579738334E-16));
#2396=DIRECTION('ref_axis',(-2.18744579738334E-16,0.,-1.));
#2397=DIRECTION('',(-2.18744579738334E-16,0.,-1.));
#2398=DIRECTION('',(0.,-1.,0.));
#2399=DIRECTION('',(-2.18744579738334E-16,0.,-1.));
#2400=DIRECTION('',(0.,-1.,0.));
#2401=DIRECTION('center_axis',(0.,1.,0.));
#2402=DIRECTION('ref_axis',(-1.,0.,0.));
#2403=DIRECTION('center_axis',(0.,-1.,0.));
#2404=DIRECTION('ref_axis',(-1.,0.,0.));
#2405=DIRECTION('',(0.,0.,1.));
#2406=DIRECTION('center_axis',(1.,0.,0.));
#2407=DIRECTION('ref_axis',(0.,0.,1.));
#2408=DIRECTION('',(0.,-1.,0.));
#2409=DIRECTION('',(0.,0.,1.));
#2410=DIRECTION('',(0.,-1.,0.));
#2411=DIRECTION('center_axis',(0.,-1.,0.));
#2412=DIRECTION('ref_axis',(1.,0.,0.));
#2413=DIRECTION('center_axis',(0.,-1.,0.));
#2414=DIRECTION('ref_axis',(1.,0.,0.));
#2415=DIRECTION('center_axis',(0.,-1.,0.));
#2416=DIRECTION('ref_axis',(1.,0.,0.));
#2417=DIRECTION('center_axis',(0.,-1.,0.));
#2418=DIRECTION('ref_axis',(1.,0.,0.));
#2419=DIRECTION('center_axis',(0.,-1.,0.));
#2420=DIRECTION('ref_axis',(1.,0.,0.));
#2421=DIRECTION('center_axis',(0.,-1.,0.));
#2422=DIRECTION('ref_axis',(1.,0.,0.));
#2423=DIRECTION('center_axis',(0.,-1.,0.));
#2424=DIRECTION('ref_axis',(1.,0.,0.));
#2425=DIRECTION('center_axis',(0.,-1.,0.));
#2426=DIRECTION('ref_axis',(1.,0.,0.));
#2427=DIRECTION('center_axis',(0.,1.,0.));
#2428=DIRECTION('ref_axis',(1.,0.,0.));
#2429=DIRECTION('',(0.,1.,0.));
#2430=DIRECTION('center_axis',(0.,-1.,0.));
#2431=DIRECTION('ref_axis',(1.,0.,0.));
#2432=DIRECTION('center_axis',(0.,-1.,0.));
#2433=DIRECTION('ref_axis',(1.,0.,0.));
#2434=DIRECTION('center_axis',(0.,1.,0.));
#2435=DIRECTION('ref_axis',(1.,0.,0.));
#2436=DIRECTION('',(0.,1.,0.));
#2437=DIRECTION('',(0.,1.,0.));
#2438=DIRECTION('center_axis',(0.,0.,1.));
#2439=DIRECTION('ref_axis',(1.,0.,0.));
#2440=DIRECTION('center_axis',(0.,0.,1.));
#2441=DIRECTION('ref_axis',(1.,0.,0.));
#2442=DIRECTION('',(0.,0.,1.));
#2443=DIRECTION('center_axis',(0.,0.,1.));
#2444=DIRECTION('ref_axis',(1.,0.,0.));
#2445=DIRECTION('center_axis',(0.,0.,-1.));
#2446=DIRECTION('ref_axis',(1.,0.,0.));
#2447=DIRECTION('center_axis',(0.,0.,1.));
#2448=DIRECTION('ref_axis',(1.,0.,0.));
#2449=DIRECTION('center_axis',(0.,0.,1.));
#2450=DIRECTION('ref_axis',(1.,0.,0.));
#2451=DIRECTION('',(0.,0.,1.));
#2452=DIRECTION('center_axis',(0.,0.,1.));
#2453=DIRECTION('ref_axis',(1.,0.,0.));
#2454=DIRECTION('center_axis',(0.,0.,-1.));
#2455=DIRECTION('ref_axis',(1.,0.,0.));
#2456=DIRECTION('center_axis',(0.,0.,1.));
#2457=DIRECTION('ref_axis',(-1.,0.,0.));
#2458=DIRECTION('center_axis',(0.,0.,-1.));
#2459=DIRECTION('ref_axis',(-0.69397405828531,0.720000004463206,0.));
#2460=DIRECTION('',(0.,-1.,0.));
#2461=DIRECTION('',(0.,-1.,0.));
#2462=DIRECTION('',(1.,7.24058494320754E-16,0.));
#2463=DIRECTION('center_axis',(1.,0.,0.));
#2464=DIRECTION('ref_axis',(0.,0.,1.));
#2465=DIRECTION('',(0.,0.,-1.));
#2466=DIRECTION('',(0.,1.,0.));
#2467=DIRECTION('center_axis',(-1.,0.,0.));
#2468=DIRECTION('ref_axis',(0.,0.,-1.));
#2469=DIRECTION('',(0.,0.,1.));
#2470=DIRECTION('center_axis',(0.,-1.,0.));
#2471=DIRECTION('ref_axis',(-1.,0.,0.));
#2472=DIRECTION('',(0.,-1.,0.));
#2473=DIRECTION('center_axis',(0.,-1.,0.));
#2474=DIRECTION('ref_axis',(-1.,0.,0.));
#2475=DIRECTION('',(0.,-1.,0.));
#2476=DIRECTION('center_axis',(0.,0.,-1.));
#2477=DIRECTION('ref_axis',(-0.69397405828531,0.720000004463206,0.));
#2478=DIRECTION('',(0.,0.,-1.));
#2479=DIRECTION('center_axis',(0.,0.,-1.));
#2480=DIRECTION('ref_axis',(1.,0.,0.));
#2481=DIRECTION('',(-1.,-7.24058494320754E-16,0.));
#2482=DIRECTION('center_axis',(7.24058494320754E-16,-1.,0.));
#2483=DIRECTION('ref_axis',(1.,7.24058494320754E-16,0.));
#2484=CARTESIAN_POINT('',(0.,0.,0.));
#2485=CARTESIAN_POINT('Ctrl Pts',(4.608,0.,-16.73));
#2486=CARTESIAN_POINT('Ctrl Pts',(4.608,0.,-17.4181583907863));
#2487=CARTESIAN_POINT('Ctrl Pts',(5.26600408359363,0.,-18.7858188297807));
#2488=CARTESIAN_POINT('Ctrl Pts',(7.49504244553084,0.,-19.3000603284709));
#2489=CARTESIAN_POINT('Ctrl Pts',(9.27810486256804,0.,-17.871067055738));
#2490=CARTESIAN_POINT('Ctrl Pts',(9.28253472612401,0.,-15.5871122810762));
#2491=CARTESIAN_POINT('Ctrl Pts',(7.49306052245382,0.,-14.1644377247873));
#2492=CARTESIAN_POINT('Ctrl Pts',(5.26602253244301,0.,-14.6708823579174));
#2493=CARTESIAN_POINT('Ctrl Pts',(4.608,0.,-16.0418416092137));
#2494=CARTESIAN_POINT('Ctrl Pts',(4.608,0.,-16.73));
#2495=CARTESIAN_POINT('Ctrl Pts',(4.75983683451298,-0.166005583809917,-16.73));
#2496=CARTESIAN_POINT('Ctrl Pts',(4.75983683451298,-0.166005583809917,-17.3727289161339));
#2497=CARTESIAN_POINT('Ctrl Pts',(5.38716854492291,-0.167169874545156,-18.6478356403006));
#2498=CARTESIAN_POINT('Ctrl Pts',(7.45649809667942,-0.165875346923126,-19.0852389395879));
#2499=CARTESIAN_POINT('Ctrl Pts',(9.06162626342206,-0.160825096702045,-17.7622398829886));
#2500=CARTESIAN_POINT('Ctrl Pts',(9.0655776468712,-0.160810853189608,-15.6963784042121));
#2501=CARTESIAN_POINT('Ctrl Pts',(7.45424590594387,-0.165842631126443,-14.3787615098994));
#2502=CARTESIAN_POINT('Ctrl Pts',(5.38755343267194,-0.167205991375565,-14.8089768363627));
#2503=CARTESIAN_POINT('Ctrl Pts',(4.75983683451298,-0.166005583809917,-16.0872710838661));
#2504=CARTESIAN_POINT('Ctrl Pts',(4.75983683451298,-0.166005583809917,-16.73));
#2505=CARTESIAN_POINT('Ctrl Pts',(4.91167366902596,-0.332011167619833,-16.73));
#2506=CARTESIAN_POINT('Ctrl Pts',(4.91167366902596,-0.332011167619834,-17.3272994414815));
#2507=CARTESIAN_POINT('Ctrl Pts',(5.50833300625218,-0.334339749090311,-18.5098524508205));
#2508=CARTESIAN_POINT('Ctrl Pts',(7.417953747828,-0.331750693846251,-18.8704175507048));
#2509=CARTESIAN_POINT('Ctrl Pts',(8.84514766427608,-0.321650193404091,-17.6534127102392));
#2510=CARTESIAN_POINT('Ctrl Pts',(8.84862056761838,-0.321621706379217,-15.8056445273479));
#2511=CARTESIAN_POINT('Ctrl Pts',(7.41543128943392,-0.331685262252886,-14.5930852950115));
#2512=CARTESIAN_POINT('Ctrl Pts',(5.50908433290087,-0.334411982751129,-14.947071314808));
#2513=CARTESIAN_POINT('Ctrl Pts',(4.91167366902596,-0.332011167619833,-16.1327005585185));
#2514=CARTESIAN_POINT('Ctrl Pts',(4.91167366902596,-0.332011167619833,-16.73));
#2515=CARTESIAN_POINT('Ctrl Pts',(5.06351050353893,-0.49801675142975,-16.73));
#2516=CARTESIAN_POINT('Ctrl Pts',(5.06351050353894,-0.49801675142975,-17.2818699668291));
#2517=CARTESIAN_POINT('Ctrl Pts',(5.62949746758146,-0.501509623635466,-18.3718692613405));
#2518=CARTESIAN_POINT('Ctrl Pts',(7.37940939897657,-0.497626040769377,-18.6555961618218));
#2519=CARTESIAN_POINT('Ctrl Pts',(8.62866906513011,-0.482475290106136,-17.5445855374898));
#2520=CARTESIAN_POINT('Ctrl Pts',(8.63166348836556,-0.482432559568825,-15.9149106504837));
#2521=CARTESIAN_POINT('Ctrl Pts',(7.37661667292398,-0.497527893379329,-14.8074090801236));
#2522=CARTESIAN_POINT('Ctrl Pts',(5.63061523312979,-0.501617974126694,-15.0851657932534));
#2523=CARTESIAN_POINT('Ctrl Pts',(5.06351050353893,-0.49801675142975,-16.1781300331709));
#2524=CARTESIAN_POINT('Ctrl Pts',(5.06351050353893,-0.49801675142975,-16.73));
#2525=CARTESIAN_POINT('',(4.608,0.,-16.73));
#2526=CARTESIAN_POINT('',(5.06351050353893,-0.49801675142975,-16.73));
#2527=CARTESIAN_POINT('',(4.608,0.,-16.73));
#2528=CARTESIAN_POINT('',(6.79191524943269,-0.498228016969363,-14.9764181841386));
#2529=CARTESIAN_POINT('Ctrl Pts',(5.06351050353893,-0.49801675142975,-16.73));
#2530=CARTESIAN_POINT('Ctrl Pts',(5.06351050353894,-0.49801675142975,-17.2818699668291));
#2531=CARTESIAN_POINT('Ctrl Pts',(5.62949746758146,-0.501509623635466,-18.3718692613405));
#2532=CARTESIAN_POINT('Ctrl Pts',(7.37940939897657,-0.497626040769377,-18.6555961618218));
#2533=CARTESIAN_POINT('Ctrl Pts',(8.62866906513011,-0.482475290106136,-17.5445855374898));
#2534=CARTESIAN_POINT('Ctrl Pts',(8.63166348836556,-0.482432559568825,-15.9149106504837));
#2535=CARTESIAN_POINT('Ctrl Pts',(7.65973820900454,-0.49412259084918,-15.0572464104559));
#2536=CARTESIAN_POINT('Ctrl Pts',(6.96288773042275,-0.49756920697697,-14.9730060397113));
#2537=CARTESIAN_POINT('Ctrl Pts',(6.79191524943269,-0.498228016969363,-14.9764181841386));
#2538=CARTESIAN_POINT('Ctrl Pts',(6.79191524943269,-0.498228016969363,-14.9764181841386));
#2539=CARTESIAN_POINT('Ctrl Pts',(6.4339553198155,-0.499607347591126,-14.9835620880695));
#2540=CARTESIAN_POINT('Ctrl Pts',(5.53895956914048,-0.501035943259662,-15.2618110545237));
#2541=CARTESIAN_POINT('Ctrl Pts',(5.06351050353893,-0.49801675142975,-16.1781300331709));
#2542=CARTESIAN_POINT('Ctrl Pts',(5.06351050353893,-0.49801675142975,-16.73));
#2543=CARTESIAN_POINT('Ctrl Pts',(4.608,0.,-16.73));
#2544=CARTESIAN_POINT('Ctrl Pts',(4.608,0.,-16.0418416092137));
#2545=CARTESIAN_POINT('Ctrl Pts',(5.26602253244301,0.,-14.6708823579174));
#2546=CARTESIAN_POINT('Ctrl Pts',(7.49306052245382,0.,-14.1644377247873));
#2547=CARTESIAN_POINT('Ctrl Pts',(9.28253472612401,0.,-15.5871122810762));
#2548=CARTESIAN_POINT('Ctrl Pts',(9.27810486256804,0.,-17.871067055738));
#2549=CARTESIAN_POINT('Ctrl Pts',(7.49504244553084,0.,-19.3000603284709));
#2550=CARTESIAN_POINT('Ctrl Pts',(5.26600408359363,0.,-18.7858188297807));
#2551=CARTESIAN_POINT('Ctrl Pts',(4.608,0.,-17.4181583907863));
#2552=CARTESIAN_POINT('Ctrl Pts',(4.608,0.,-16.73));
#2553=CARTESIAN_POINT('Origin',(59.4,0.,0.));
#2554=CARTESIAN_POINT('',(2.,0.,32.55));
#2555=CARTESIAN_POINT('',(0.,0.,30.55));
#2556=CARTESIAN_POINT('Origin',(2.,-3.77475828372553E-14,30.55));
#2557=CARTESIAN_POINT('',(57.4,0.,32.55));
#2558=CARTESIAN_POINT('',(0.,0.,32.55));
#2559=CARTESIAN_POINT('',(59.4,0.,30.55));
#2560=CARTESIAN_POINT('Origin',(57.4,0.,30.55));
#2561=CARTESIAN_POINT('',(59.4,0.,-20.35));
#2562=CARTESIAN_POINT('',(59.4,0.,0.));
#2563=CARTESIAN_POINT('',(57.4,0.,-22.35));
#2564=CARTESIAN_POINT('Origin',(57.4,0.,-20.35));
#2565=CARTESIAN_POINT('',(54.3,0.,-22.35));
#2566=CARTESIAN_POINT('',(0.,0.,-22.35));
#2567=CARTESIAN_POINT('',(54.3,0.,-16.6));
#2568=CARTESIAN_POINT('',(54.3,0.,-11.175));
#2569=CARTESIAN_POINT('',(41.3,0.,-16.6));
#2570=CARTESIAN_POINT('',(56.85,0.,-16.6));
#2571=CARTESIAN_POINT('',(41.3,0.,-22.35));
#2572=CARTESIAN_POINT('',(41.3,0.,-8.3));
#2573=CARTESIAN_POINT('',(2.,0.,-22.35));
#2574=CARTESIAN_POINT('',(0.,0.,-22.35));
#2575=CARTESIAN_POINT('',(0.,0.,-20.35));
#2576=CARTESIAN_POINT('Origin',(2.,-3.77475828372553E-14,-20.35));
#2577=CARTESIAN_POINT('',(0.,0.,0.));
#2578=CARTESIAN_POINT('',(38.797,0.,-6.47));
#2579=CARTESIAN_POINT('Ctrl Pts',(38.797,0.,-6.47));
#2580=CARTESIAN_POINT('Ctrl Pts',(38.797,0.,-5.78184160921366));
#2581=CARTESIAN_POINT('Ctrl Pts',(39.4552750255409,0.,-4.41461909861836));
#2582=CARTESIAN_POINT('Ctrl Pts',(41.6842044948701,0.,-3.89914285663235));
#2583=CARTESIAN_POINT('Ctrl Pts',(43.466532704493,0.,-5.3295044553375));
#2584=CARTESIAN_POINT('Ctrl Pts',(43.4723082466773,0.,-7.6123867288899));
#2585=CARTESIAN_POINT('Ctrl Pts',(41.6814711940312,0.,-9.03840980280751));
#2586=CARTESIAN_POINT('Ctrl Pts',(39.4564361513232,0.,-8.52563257226414));
#2587=CARTESIAN_POINT('Ctrl Pts',(38.797,0.,-7.15815839078634));
#2588=CARTESIAN_POINT('Ctrl Pts',(38.797,0.,-6.47));
#2589=CARTESIAN_POINT('',(38.666,0.,-16.1));
#2590=CARTESIAN_POINT('Origin',(37.316,0.,-16.1));
#2591=CARTESIAN_POINT('',(12.034,0.,-7.1));
#2592=CARTESIAN_POINT('Origin',(10.684,0.,-7.1));
#2593=CARTESIAN_POINT('',(2.00000000000004,0.,17.));
#2594=CARTESIAN_POINT('Origin',(5.00000000000004,0.,17.));
#2595=CARTESIAN_POINT('',(43.4,0.,5.));
#2596=CARTESIAN_POINT('Origin',(46.4,0.,5.));
#2597=CARTESIAN_POINT('',(43.4,0.,27.55));
#2598=CARTESIAN_POINT('Origin',(46.4,0.,27.55));
#2599=CARTESIAN_POINT('',(42.5,0.,27.55));
#2600=CARTESIAN_POINT('Origin',(41.,0.,27.55));
#2601=CARTESIAN_POINT('',(16.5,0.,1.53));
#2602=CARTESIAN_POINT('Origin',(15.,0.,1.53));
#2603=CARTESIAN_POINT('Origin',(6.88139813660258,0.00470500389152657,-16.73));
#2604=CARTESIAN_POINT('',(5.28875887474219,-9.00000000000003,-15.7301161526953));
#2605=CARTESIAN_POINT('',(6.88139813660252,0.00470500389153818,-14.9297909008611));
#2606=CARTESIAN_POINT('Origin',(5.30399999999999,-9.00000000000003,-16.73));
#2607=CARTESIAN_POINT('Ctrl Pts',(38.797,0.,-6.47));
#2608=CARTESIAN_POINT('Ctrl Pts',(38.797,0.,-7.15815839078634));
#2609=CARTESIAN_POINT('Ctrl Pts',(39.4564361513232,0.,-8.52563257226414));
#2610=CARTESIAN_POINT('Ctrl Pts',(41.6814711940312,0.,-9.03840980280751));
#2611=CARTESIAN_POINT('Ctrl Pts',(43.4723082466773,0.,-7.6123867288899));
#2612=CARTESIAN_POINT('Ctrl Pts',(43.466532704493,0.,-5.3295044553375));
#2613=CARTESIAN_POINT('Ctrl Pts',(41.6842044948701,0.,-3.89914285663235));
#2614=CARTESIAN_POINT('Ctrl Pts',(39.4552750255409,0.,-4.41461909861836));
#2615=CARTESIAN_POINT('Ctrl Pts',(38.797,0.,-5.78184160921366));
#2616=CARTESIAN_POINT('Ctrl Pts',(38.797,0.,-6.47));
#2617=CARTESIAN_POINT('Ctrl Pts',(39.0066772518921,-0.161021325719125,-6.47));
#2618=CARTESIAN_POINT('Ctrl Pts',(39.0066772518921,-0.161021325719125,-7.09542310372261));
#2619=CARTESIAN_POINT('Ctrl Pts',(39.5957516333192,-0.163181091365993,-8.3393659688385));
#2620=CARTESIAN_POINT('Ctrl Pts',(41.626508015143,-0.167402406356912,-8.84511450658368));
#2621=CARTESIAN_POINT('Ctrl Pts',(43.3158468518193,-0.165987095982654,-7.54324160569603));
#2622=CARTESIAN_POINT('Ctrl Pts',(43.3102259553593,-0.166005590227106,-5.39899783162372));
#2623=CARTESIAN_POINT('Ctrl Pts',(41.6288662585968,-0.167423724337281,-4.09231935814291));
#2624=CARTESIAN_POINT('Ctrl Pts',(39.5946268998366,-0.163183992576138,-4.60094864194335));
#2625=CARTESIAN_POINT('Ctrl Pts',(39.0066772518921,-0.161021325719125,-5.84457689627739));
#2626=CARTESIAN_POINT('Ctrl Pts',(39.0066772518921,-0.161021325719125,-6.47));
#2627=CARTESIAN_POINT('Ctrl Pts',(39.2163545037842,-0.32204265143825,-6.47));
#2628=CARTESIAN_POINT('Ctrl Pts',(39.2163545037842,-0.32204265143825,-7.03268781665889));
#2629=CARTESIAN_POINT('Ctrl Pts',(39.7350671153151,-0.326362182731986,-8.15309936541286));
#2630=CARTESIAN_POINT('Ctrl Pts',(41.5715448362548,-0.334804812713825,-8.65181921035984));
#2631=CARTESIAN_POINT('Ctrl Pts',(43.1593854569613,-0.331974191965308,-7.47409648250216));
#2632=CARTESIAN_POINT('Ctrl Pts',(43.1539192062256,-0.332011180454211,-5.46849120790993));
#2633=CARTESIAN_POINT('Ctrl Pts',(41.5735280223236,-0.334847448674561,-4.28549585965348));
#2634=CARTESIAN_POINT('Ctrl Pts',(39.7339787741323,-0.326367985152276,-4.78727818526834));
#2635=CARTESIAN_POINT('Ctrl Pts',(39.2163545037842,-0.32204265143825,-5.90731218334111));
#2636=CARTESIAN_POINT('Ctrl Pts',(39.2163545037842,-0.32204265143825,-6.47));
#2637=CARTESIAN_POINT('Ctrl Pts',(39.4260317556762,-0.483063977157375,-6.47));
#2638=CARTESIAN_POINT('Ctrl Pts',(39.4260317556762,-0.483063977157375,-6.96995252959517));
#2639=CARTESIAN_POINT('Ctrl Pts',(39.8743825973111,-0.489543274097978,-7.96683276198723));
#2640=CARTESIAN_POINT('Ctrl Pts',(41.5165816573666,-0.502207219070738,-8.45852391413599));
#2641=CARTESIAN_POINT('Ctrl Pts',(43.0029240621033,-0.497961287947962,-7.4049513593083));
#2642=CARTESIAN_POINT('Ctrl Pts',(42.997612457092,-0.498016770681317,-5.53798458419615));
#2643=CARTESIAN_POINT('Ctrl Pts',(41.5181897860503,-0.502271173011842,-4.47867236116404));
#2644=CARTESIAN_POINT('Ctrl Pts',(39.8733306484281,-0.489551977728414,-4.97360772859333));
#2645=CARTESIAN_POINT('Ctrl Pts',(39.4260317556762,-0.483063977157375,-5.97004747040483));
#2646=CARTESIAN_POINT('Ctrl Pts',(39.4260317556762,-0.483063977157375,-6.47));
#2647=CARTESIAN_POINT('',(39.4260317556762,-0.483063977157375,-6.47));
#2648=CARTESIAN_POINT('',(38.797,0.,-6.47));
#2649=CARTESIAN_POINT('',(41.2127073450558,-0.498399035656719,-8.22699739306006));
#2650=CARTESIAN_POINT('Ctrl Pts',(39.4260317556762,-0.483063977157375,-6.47));
#2651=CARTESIAN_POINT('Ctrl Pts',(39.4260317556762,-0.483063977157375,-6.96995252959517));
#2652=CARTESIAN_POINT('Ctrl Pts',(39.8347575061434,-0.488970636091907,-7.87872883438494));
#2653=CARTESIAN_POINT('Ctrl Pts',(40.7807153817939,-0.496508926208824,-8.23145999958541));
#2654=CARTESIAN_POINT('Ctrl Pts',(41.2127073450558,-0.498399035656719,-8.22699739306005));
#2655=CARTESIAN_POINT('Ctrl Pts',(41.2127073450558,-0.498399035656719,-8.22699739306005));
#2656=CARTESIAN_POINT('Ctrl Pts',(41.3054610180536,-0.49880486402523,-8.22603921980321));
#2657=CARTESIAN_POINT('Ctrl Pts',(41.9244541763762,-0.501042077971978,-8.1694093127309));
#2658=CARTESIAN_POINT('Ctrl Pts',(43.0029240621033,-0.497961287947962,-7.4049513593083));
#2659=CARTESIAN_POINT('Ctrl Pts',(42.997612457092,-0.498016770681317,-5.53798458419615));
#2660=CARTESIAN_POINT('Ctrl Pts',(41.5181897860503,-0.502271173011842,-4.47867236116404));
#2661=CARTESIAN_POINT('Ctrl Pts',(39.8733306484281,-0.489551977728414,-4.97360772859333));
#2662=CARTESIAN_POINT('Ctrl Pts',(39.4260317556762,-0.483063977157375,-5.97004747040483));
#2663=CARTESIAN_POINT('Ctrl Pts',(39.4260317556762,-0.483063977157375,-6.47));
#2664=CARTESIAN_POINT('Origin',(41.1236018633974,0.00470500389152657,-6.47));
#2665=CARTESIAN_POINT('',(42.7162411252578,-9.00000000000001,-7.46988384730471));
#2666=CARTESIAN_POINT('',(41.1236018633974,0.00470500389152659,-8.27020909913895));
#2667=CARTESIAN_POINT('Origin',(42.701,-9.00000000000001,-6.47));
#2668=CARTESIAN_POINT('Origin',(52.8,-20.25,30.55));
#2669=CARTESIAN_POINT('',(52.8,-27.0000000000001,32.55));
#2670=CARTESIAN_POINT('',(54.8,-27.0000000000001,30.55));
#2671=CARTESIAN_POINT('Origin',(52.8,-27.0000000000001,30.55));
#2672=CARTESIAN_POINT('',(54.8,-9.,30.55));
#2673=CARTESIAN_POINT('',(54.8,-20.25,30.55));
#2674=CARTESIAN_POINT('',(52.8,-9.00000000000001,32.55));
#2675=CARTESIAN_POINT('Origin',(52.8,-9.,30.55));
#2676=CARTESIAN_POINT('',(52.8,-20.25,32.55));
#2677=CARTESIAN_POINT('Origin',(29.7,-13.5,32.55));
#2678=CARTESIAN_POINT('',(57.4,-9.,32.55));
#2679=CARTESIAN_POINT('',(59.4,-9.,32.55));
#2680=CARTESIAN_POINT('',(57.4,-11.25,32.55));
#2681=CARTESIAN_POINT('',(2.00000000000002,-27.,32.55));
#2682=CARTESIAN_POINT('',(2.,-6.75000000000002,32.55));
#2683=CARTESIAN_POINT('',(9.50000000000002,-27.,32.55));
#2684=CARTESIAN_POINT('',(1.77635683940025E-14,-27.,32.55));
#2685=CARTESIAN_POINT('',(38.5,-27.0000000000001,32.55));
#2686=CARTESIAN_POINT('Origin',(24.,-27.,32.55));
#2687=CARTESIAN_POINT('',(54.8,-27.0000000000001,32.55));
#2688=CARTESIAN_POINT('',(17.986,-11.3,32.55));
#2689=CARTESIAN_POINT('Origin',(14.936,-11.3,32.55));
#2690=CARTESIAN_POINT('',(11.35,-17.936,32.55));
#2691=CARTESIAN_POINT('Origin',(8.30000000000001,-17.936,32.55));
#2692=CARTESIAN_POINT('Origin',(2.,-6.75000000000002,30.55));
#2693=CARTESIAN_POINT('',(1.77635683940025E-14,-27.,30.55));
#2694=CARTESIAN_POINT('Origin',(2.00000000000002,-27.,30.55));
#2695=CARTESIAN_POINT('',(4.44089209850063E-15,-6.75000000000002,30.55));
#2696=CARTESIAN_POINT('Origin',(0.,0.,0.));
#2697=CARTESIAN_POINT('',(0.,-9.00000000000004,-20.35));
#2698=CARTESIAN_POINT('',(1.38777878078145E-15,-2.25000000000003,-20.35));
#2699=CARTESIAN_POINT('',(5.92118946466751E-15,-9.00000000000004,2.));
#2700=CARTESIAN_POINT('',(0.,-9.00000000000004,0.));
#2701=CARTESIAN_POINT('',(1.77635683940025E-14,-27.,2.));
#2702=CARTESIAN_POINT('',(4.44089209850063E-15,-6.75000000000002,2.));
#2703=CARTESIAN_POINT('',(1.77635683940025E-14,-27.,0.));
#2704=CARTESIAN_POINT('',(4.19391437434361E-14,-19.,14.275));
#2705=CARTESIAN_POINT('',(4.19391437434361E-14,-23.,14.275));
#2706=CARTESIAN_POINT('',(1.51319286319281E-14,-23.,14.275));
#2707=CARTESIAN_POINT('',(4.19118571560414E-14,-23.,12.275));
#2708=CARTESIAN_POINT('',(1.51267887105178E-14,-23.,8.1375));
#2709=CARTESIAN_POINT('',(4.19118571560414E-14,-19.,12.275));
#2710=CARTESIAN_POINT('',(1.51319286319281E-14,-23.,12.275));
#2711=CARTESIAN_POINT('',(1.2490009027033E-14,-19.,8.1375));
#2712=CARTESIAN_POINT('',(4.19937169182257E-14,-23.,18.275));
#2713=CARTESIAN_POINT('',(4.19937169182257E-14,-19.,18.275));
#2714=CARTESIAN_POINT('',(1.51319286319281E-14,-23.,18.275));
#2715=CARTESIAN_POINT('',(4.20210035056205E-14,-19.,20.275));
#2716=CARTESIAN_POINT('',(1.2490009027033E-14,-19.,8.1375));
#2717=CARTESIAN_POINT('',(4.20210035056205E-14,-23.,20.275));
#2718=CARTESIAN_POINT('',(1.51319286319281E-14,-23.,20.275));
#2719=CARTESIAN_POINT('',(1.51267887105178E-14,-23.,8.1375));
#2720=CARTESIAN_POINT('Origin',(57.4,-11.25,30.55));
#2721=CARTESIAN_POINT('',(59.4,-9.,30.55));
#2722=CARTESIAN_POINT('Origin',(57.4,-9.,30.55));
#2723=CARTESIAN_POINT('',(59.4,-11.25,30.55));
#2724=CARTESIAN_POINT('Origin',(59.4,-9.,0.));
#2725=CARTESIAN_POINT('',(59.4,-9.,-20.35));
#2726=CARTESIAN_POINT('',(59.4,-9.,0.));
#2727=CARTESIAN_POINT('',(59.4,-6.75000000000002,-20.35));
#2728=CARTESIAN_POINT('Origin',(57.4,-6.75000000000002,-20.35));
#2729=CARTESIAN_POINT('',(57.4,-9.,-22.35));
#2730=CARTESIAN_POINT('Origin',(57.4,-9.,-20.35));
#2731=CARTESIAN_POINT('',(57.4,-6.75000000000002,-22.35));
#2732=CARTESIAN_POINT('Origin',(52.8,-20.25,2.));
#2733=CARTESIAN_POINT('',(54.8,-27.0000000000001,2.));
#2734=CARTESIAN_POINT('',(52.8,-27.0000000000001,0.));
#2735=CARTESIAN_POINT('Origin',(52.8,-27.0000000000001,2.));
#2736=CARTESIAN_POINT('',(52.8,-9.00000000000001,0.));
#2737=CARTESIAN_POINT('',(52.8,-20.25,0.));
#2738=CARTESIAN_POINT('',(54.8,-9.,2.));
#2739=CARTESIAN_POINT('Origin',(52.8,-9.,2.));
#2740=CARTESIAN_POINT('',(54.8,-20.25,2.));
#2741=CARTESIAN_POINT('Origin',(54.8,-27.0000000000001,0.));
#2742=CARTESIAN_POINT('',(54.8,-27.0000000000001,0.));
#2743=CARTESIAN_POINT('',(54.8,-9.,0.));
#2744=CARTESIAN_POINT('Origin',(2.00000000000001,-6.75000000000002,2.));
#2745=CARTESIAN_POINT('',(2.00000000000002,-27.,0.));
#2746=CARTESIAN_POINT('Origin',(2.00000000000002,-27.,2.));
#2747=CARTESIAN_POINT('',(2.00000000000001,-9.00000000000004,0.));
#2748=CARTESIAN_POINT('Origin',(2.00000000000001,-9.00000000000004,2.));
#2749=CARTESIAN_POINT('',(2.00000000000001,-6.75000000000002,0.));
#2750=CARTESIAN_POINT('Origin',(1.77635683940025E-14,-27.,0.));
#2751=CARTESIAN_POINT('',(9.50000000000002,-27.,0.));
#2752=CARTESIAN_POINT('',(1.77635683940025E-14,-27.,0.));
#2753=CARTESIAN_POINT('',(10.,-27.,0.5));
#2754=CARTESIAN_POINT('Origin',(9.50000000000002,-27.,0.5));
#2755=CARTESIAN_POINT('',(10.,-27.,32.05));
#2756=CARTESIAN_POINT('',(10.,-27.,0.));
#2757=CARTESIAN_POINT('Origin',(9.50000000000002,-27.,32.05));
#2758=CARTESIAN_POINT('',(2.90000000000004,-27.,17.));
#2759=CARTESIAN_POINT('Origin',(5.00000000000004,-27.,17.));
#2760=CARTESIAN_POINT('Origin',(2.,-2.25000000000003,-20.35));
#2761=CARTESIAN_POINT('',(2.,-9.00000000000004,-22.35));
#2762=CARTESIAN_POINT('',(2.,-2.25000000000003,-22.35));
#2763=CARTESIAN_POINT('Origin',(2.00000000000001,-9.00000000000004,-20.35));
#2764=CARTESIAN_POINT('Origin',(6.65064865041416,-9.00000000000003,0.));
#2765=CARTESIAN_POINT('',(6.65064865041417,-9.00000000000007,-22.35));
#2766=CARTESIAN_POINT('',(54.8,-9.,-22.35));
#2767=CARTESIAN_POINT('',(6.65064865041417,-9.00000000000007,0.));
#2768=CARTESIAN_POINT('',(6.65064865041417,-9.00000000000007,0.));
#2769=CARTESIAN_POINT('',(18.1753243252071,-9.00000000000003,0.));
#2770=CARTESIAN_POINT('Origin',(29.7,-4.50000000000004,-22.35));
#2771=CARTESIAN_POINT('',(41.3,-8.95256272343974,-22.35));
#2772=CARTESIAN_POINT('',(41.3,-2.25000000000002,-22.35));
#2773=CARTESIAN_POINT('Origin',(24.0000000000001,-27.,-22.35));
#2774=CARTESIAN_POINT('Origin',(24.,-27.,32.05));
#2775=CARTESIAN_POINT('',(38.,-27.0000000000001,32.05));
#2776=CARTESIAN_POINT('Origin',(38.5,-27.,32.05));
#2777=CARTESIAN_POINT('Origin',(24.,-27.,32.05));
#2778=CARTESIAN_POINT('Origin',(24.,-27.,0.));
#2779=CARTESIAN_POINT('',(38.,-27.0000000000001,0.5));
#2780=CARTESIAN_POINT('Origin',(24.,-27.,0.5));
#2781=CARTESIAN_POINT('',(38.,-27.0000000000001,0.));
#2782=CARTESIAN_POINT('Origin',(24.,-27.,0.5));
#2783=CARTESIAN_POINT('',(38.5,-27.0000000000001,0.));
#2784=CARTESIAN_POINT('Origin',(24.,-27.,0.));
#2785=CARTESIAN_POINT('Origin',(38.5,-27.,0.5));
#2786=CARTESIAN_POINT('Origin',(29.7,-13.5,0.));
#2787=CARTESIAN_POINT('',(54.8,-27.0000000000001,0.));
#2788=CARTESIAN_POINT('',(41.3493513495859,-9.00000000000002,0.));
#2789=CARTESIAN_POINT('Origin',(24.0000000000001,-27.,0.));
#2790=CARTESIAN_POINT('',(44.55,-9.00000000000001,0.));
#2791=CARTESIAN_POINT('Origin',(15.,0.,1.53));
#2792=CARTESIAN_POINT('',(16.5,-4.,1.53));
#2793=CARTESIAN_POINT('',(16.5,0.,1.53));
#2794=CARTESIAN_POINT('Origin',(15.,-4.,1.53));
#2795=CARTESIAN_POINT('Origin',(15.,-4.,1.53));
#2796=CARTESIAN_POINT('Origin',(41.,0.,27.55));
#2797=CARTESIAN_POINT('',(42.5,-4.,27.55));
#2798=CARTESIAN_POINT('',(42.5,0.,27.55));
#2799=CARTESIAN_POINT('Origin',(41.,-4.,27.55));
#2800=CARTESIAN_POINT('Origin',(41.,-4.,27.55));
#2801=CARTESIAN_POINT('Origin',(2.00000000000004,-23.,16.275));
#2802=CARTESIAN_POINT('',(3.52633777812559,-23.,14.3868946336169));
#2803=CARTESIAN_POINT('',(2.00000000000004,-23.,17.));
#2804=CARTESIAN_POINT('Origin',(5.00000000000004,-23.,17.));
#2805=CARTESIAN_POINT('Origin',(4.19664303308309E-14,-23.,16.275));
#2806=CARTESIAN_POINT('Origin',(4.19664303308309E-14,-23.,16.275));
#2807=CARTESIAN_POINT('',(2.84483334892819,-23.,19.0869251798059));
#2808=CARTESIAN_POINT('Origin',(4.19664303308309E-14,-23.,16.275));
#2809=CARTESIAN_POINT('Origin',(5.00000000000004,-23.,17.));
#2810=CARTESIAN_POINT('Origin',(4.19664303308309E-14,-23.,16.275));
#2811=CARTESIAN_POINT('',(2.84483334892819,-19.,19.0869251798059));
#2812=CARTESIAN_POINT('',(2.84483334892819,-23.,19.0869251798059));
#2813=CARTESIAN_POINT('Origin',(4.19664303308309E-14,-19.,16.275));
#2814=CARTESIAN_POINT('Origin',(4.19664303308309E-14,-23.,16.275));
#2815=CARTESIAN_POINT('',(3.52633777812559,-19.,14.3868946336169));
#2816=CARTESIAN_POINT('',(3.52633777812559,-23.,14.3868946336169));
#2817=CARTESIAN_POINT('Origin',(4.19664303308309E-14,-19.,16.275));
#2818=CARTESIAN_POINT('Origin',(4.19664303308309E-14,-23.,16.275));
#2819=CARTESIAN_POINT('Origin',(4.19664303308309E-14,-19.,16.275));
#2820=CARTESIAN_POINT('Origin',(2.00000000000004,-19.,16.275));
#2821=CARTESIAN_POINT('',(2.00000000000004,-19.,17.));
#2822=CARTESIAN_POINT('Origin',(5.00000000000004,-19.,17.));
#2823=CARTESIAN_POINT('Origin',(5.00000000000004,-19.,17.));
#2824=CARTESIAN_POINT('Origin',(14.936,-11.3,32.3));
#2825=CARTESIAN_POINT('',(17.486,-11.3,32.05));
#2826=CARTESIAN_POINT('',(17.736,-11.3,32.3));
#2827=CARTESIAN_POINT('Origin',(14.936,-11.3,32.05));
#2828=CARTESIAN_POINT('Origin',(14.936,-11.3,32.55));
#2829=CARTESIAN_POINT('',(17.486,-11.3,26.55));
#2830=CARTESIAN_POINT('',(17.486,-11.3,32.55));
#2831=CARTESIAN_POINT('Origin',(14.936,-11.3,26.55));
#2832=CARTESIAN_POINT('Origin',(8.30000000000001,-17.936,32.3));
#2833=CARTESIAN_POINT('',(10.85,-17.936,32.05));
#2834=CARTESIAN_POINT('',(11.1,-17.936,32.3));
#2835=CARTESIAN_POINT('Origin',(8.30000000000001,-17.936,32.05));
#2836=CARTESIAN_POINT('Origin',(8.30000000000001,-17.936,32.55));
#2837=CARTESIAN_POINT('',(10.85,-17.936,26.55));
#2838=CARTESIAN_POINT('',(10.85,-17.936,32.55));
#2839=CARTESIAN_POINT('Origin',(8.30000000000001,-17.936,26.55));
#2840=CARTESIAN_POINT('Origin',(8.30000000000001,-17.936,26.55));
#2841=CARTESIAN_POINT('Origin',(14.936,-11.3,26.55));
#2842=CARTESIAN_POINT('Origin',(46.4,-26.7500000000001,27.55));
#2843=CARTESIAN_POINT('',(44.3,-27.0000000000001,27.55));
#2844=CARTESIAN_POINT('Origin',(46.4,-27.0000000000001,27.55));
#2845=CARTESIAN_POINT('',(44.8,-26.5000000000001,27.55));
#2846=CARTESIAN_POINT('',(44.55,-26.7500000000001,27.55));
#2847=CARTESIAN_POINT('Origin',(46.4,-26.5000000000001,27.55));
#2848=CARTESIAN_POINT('Origin',(46.4,-27.,27.55));
#2849=CARTESIAN_POINT('',(44.8,-24.4,27.55));
#2850=CARTESIAN_POINT('',(44.8,-27.,27.55));
#2851=CARTESIAN_POINT('',(46.3999999668187,-24.4,29.15));
#2852=CARTESIAN_POINT('Origin',(46.4,-24.4,27.55));
#2853=CARTESIAN_POINT('',(48.,-24.4,27.55));
#2854=CARTESIAN_POINT('Origin',(46.4,-24.4,27.55));
#2855=CARTESIAN_POINT('',(46.3999999121483,-24.4,25.95));
#2856=CARTESIAN_POINT('Origin',(46.4,-24.4,27.55));
#2857=CARTESIAN_POINT('Origin',(46.4,-24.4,27.55));
#2858=CARTESIAN_POINT('Origin',(38.,-27.0000000000001,0.));
#2859=CARTESIAN_POINT('',(44.3,-27.0000000000001,5.));
#2860=CARTESIAN_POINT('Origin',(46.4,-27.0000000000001,5.));
#2861=CARTESIAN_POINT('Origin',(48.,-24.,29.15));
#2862=CARTESIAN_POINT('',(48.,-24.2,29.15));
#2863=CARTESIAN_POINT('',(44.8,-24.2,29.15));
#2864=CARTESIAN_POINT('',(47.2,-24.2,29.15));
#2865=CARTESIAN_POINT('',(48.,-24.4,29.15));
#2866=CARTESIAN_POINT('',(48.,-24.,29.15));
#2867=CARTESIAN_POINT('',(48.,-24.4,29.15));
#2868=CARTESIAN_POINT('',(44.8,-24.4,29.15));
#2869=CARTESIAN_POINT('',(48.,-24.4,29.15));
#2870=CARTESIAN_POINT('',(44.8,-24.,29.15));
#2871=CARTESIAN_POINT('Origin',(44.8,-24.,25.95));
#2872=CARTESIAN_POINT('',(44.8,-24.2,25.95));
#2873=CARTESIAN_POINT('',(48.,-24.2,25.95));
#2874=CARTESIAN_POINT('',(46.3999999560742,-24.2,25.95));
#2875=CARTESIAN_POINT('',(44.8,-24.4,25.95));
#2876=CARTESIAN_POINT('',(44.8,-24.,25.95));
#2877=CARTESIAN_POINT('',(48.,-24.4,25.95));
#2878=CARTESIAN_POINT('',(48.,-24.4,25.95));
#2879=CARTESIAN_POINT('',(48.,-24.4,25.95));
#2880=CARTESIAN_POINT('',(48.,-24.,25.95));
#2881=CARTESIAN_POINT('Origin',(45.5999999834094,-24.4,28.35));
#2882=CARTESIAN_POINT('',(44.8,-24.4,30.0877155080899));
#2883=CARTESIAN_POINT('Origin',(47.1999999834094,-24.4,28.35));
#2884=CARTESIAN_POINT('',(48.,-24.4,30.0877155080899));
#2885=CARTESIAN_POINT('Origin',(47.1999999560742,-24.4,26.75));
#2886=CARTESIAN_POINT('',(48.,-24.4,30.0877155080899));
#2887=CARTESIAN_POINT('Origin',(45.5999999560742,-24.4,26.75));
#2888=CARTESIAN_POINT('',(44.8,-24.4,30.0877155080899));
#2889=CARTESIAN_POINT('Origin',(46.4,-24.2,26.05));
#2890=CARTESIAN_POINT('',(48.,-24.2,25.0122844919101));
#2891=CARTESIAN_POINT('',(48.,-24.2,30.0877155080899));
#2892=CARTESIAN_POINT('',(44.8,-24.2,25.0122844919101));
#2893=CARTESIAN_POINT('Origin',(46.4,-24.2,27.55));
#2894=CARTESIAN_POINT('',(44.8,-24.2,30.0877155080899));
#2895=CARTESIAN_POINT('Origin',(44.8,-24.,30.0877155080899));
#2896=CARTESIAN_POINT('',(44.8,-24.,30.0877155080899));
#2897=CARTESIAN_POINT('',(44.8,-24.,25.0122844919101));
#2898=CARTESIAN_POINT('',(44.8,-24.,27.55));
#2899=CARTESIAN_POINT('',(44.8,-24.2,30.0877155080899));
#2900=CARTESIAN_POINT('',(44.8,-24.,30.0877155080899));
#2901=CARTESIAN_POINT('',(44.8,-24.2,30.0877155080899));
#2902=CARTESIAN_POINT('',(44.8,-24.,25.0122844919101));
#2903=CARTESIAN_POINT('Origin',(48.,-24.,27.55));
#2904=CARTESIAN_POINT('',(48.,-24.2,30.0877155080899));
#2905=CARTESIAN_POINT('',(48.,-24.2,30.0877155080899));
#2906=CARTESIAN_POINT('',(48.,-24.,30.0877155080899));
#2907=CARTESIAN_POINT('',(48.,-24.,30.0877155080899));
#2908=CARTESIAN_POINT('',(48.,-24.,25.0122844919101));
#2909=CARTESIAN_POINT('',(48.,-24.,26.281142245955));
#2910=CARTESIAN_POINT('',(48.,-24.,25.0122844919101));
#2911=CARTESIAN_POINT('Origin',(46.4,-24.2,29.05));
#2912=CARTESIAN_POINT('Origin',(46.4,-24.2,27.55));
#2913=CARTESIAN_POINT('Origin',(46.4,-24.,27.55));
#2914=CARTESIAN_POINT('',(43.4,-24.,27.55));
#2915=CARTESIAN_POINT('Origin',(46.4,-24.,27.55));
#2916=CARTESIAN_POINT('Origin',(46.4,-24.,27.55));
#2917=CARTESIAN_POINT('Origin',(46.4,-24.,27.55));
#2918=CARTESIAN_POINT('',(43.4,-24.,27.55));
#2919=CARTESIAN_POINT('Origin',(46.4,-24.,27.55));
#2920=CARTESIAN_POINT('Origin',(46.4,-24.,27.55));
#2921=CARTESIAN_POINT('Origin',(5.00000000000004,-26.75,17.));
#2922=CARTESIAN_POINT('',(3.40000000000004,-26.5,17.));
#2923=CARTESIAN_POINT('',(3.15000000000004,-26.75,17.));
#2924=CARTESIAN_POINT('Origin',(5.00000000000004,-26.5,17.));
#2925=CARTESIAN_POINT('Origin',(5.00000000000004,-27.,17.));
#2926=CARTESIAN_POINT('',(3.40000000000004,-24.4,17.));
#2927=CARTESIAN_POINT('',(3.40000000000004,-27.,17.));
#2928=CARTESIAN_POINT('',(5.00000000000004,-24.4,18.6));
#2929=CARTESIAN_POINT('Origin',(5.00000000000004,-24.4,17.));
#2930=CARTESIAN_POINT('',(6.60000000000004,-24.4,17.));
#2931=CARTESIAN_POINT('Origin',(5.00000000000004,-24.4,17.));
#2932=CARTESIAN_POINT('',(5.00000001691089,-24.4,15.4));
#2933=CARTESIAN_POINT('Origin',(5.00000000000004,-24.4,17.));
#2934=CARTESIAN_POINT('Origin',(5.00000000000004,-24.4,17.));
#2935=CARTESIAN_POINT('Origin',(46.4,-26.7500000000001,5.));
#2936=CARTESIAN_POINT('',(44.8,-26.5000000000001,5.));
#2937=CARTESIAN_POINT('',(44.55,-26.7500000000001,5.));
#2938=CARTESIAN_POINT('Origin',(46.4,-26.5000000000001,5.));
#2939=CARTESIAN_POINT('Origin',(46.4,-27.,5.));
#2940=CARTESIAN_POINT('',(44.8,-24.4,5.));
#2941=CARTESIAN_POINT('',(44.8,-27.,5.));
#2942=CARTESIAN_POINT('',(46.3999999668187,-24.4,6.6));
#2943=CARTESIAN_POINT('Origin',(46.4,-24.4,5.));
#2944=CARTESIAN_POINT('',(48.,-24.4,5.));
#2945=CARTESIAN_POINT('Origin',(46.4,-24.4,5.));
#2946=CARTESIAN_POINT('',(46.3999999121483,-24.4,3.40000000000001));
#2947=CARTESIAN_POINT('Origin',(46.4,-24.4,5.));
#2948=CARTESIAN_POINT('Origin',(46.4,-24.4,5.));
#2949=CARTESIAN_POINT('Origin',(48.,-24.,6.6));
#2950=CARTESIAN_POINT('',(48.,-24.2,6.6));
#2951=CARTESIAN_POINT('',(44.8,-24.2,6.6));
#2952=CARTESIAN_POINT('',(47.2,-24.2,6.6));
#2953=CARTESIAN_POINT('',(48.,-24.4,6.6));
#2954=CARTESIAN_POINT('',(48.,-24.,6.6));
#2955=CARTESIAN_POINT('',(48.,-24.4,6.6));
#2956=CARTESIAN_POINT('',(44.8,-24.4,6.6));
#2957=CARTESIAN_POINT('',(48.,-24.4,6.6));
#2958=CARTESIAN_POINT('',(44.8,-24.,6.6));
#2959=CARTESIAN_POINT('Origin',(44.8,-24.,3.40000000000001));
#2960=CARTESIAN_POINT('',(44.8,-24.2,3.40000000000001));
#2961=CARTESIAN_POINT('',(48.,-24.2,3.40000000000001));
#2962=CARTESIAN_POINT('',(46.3999999560742,-24.2,3.40000000000001));
#2963=CARTESIAN_POINT('',(44.8,-24.4,3.40000000000001));
#2964=CARTESIAN_POINT('',(44.8,-24.,3.40000000000001));
#2965=CARTESIAN_POINT('',(48.,-24.4,3.40000000000001));
#2966=CARTESIAN_POINT('',(48.,-24.4,3.40000000000001));
#2967=CARTESIAN_POINT('',(48.,-24.4,3.40000000000001));
#2968=CARTESIAN_POINT('',(48.,-24.,3.40000000000001));
#2969=CARTESIAN_POINT('Origin',(45.5999999834094,-24.4,5.8));
#2970=CARTESIAN_POINT('',(44.8,-24.4,7.5377155080899));
#2971=CARTESIAN_POINT('Origin',(47.1999999834094,-24.4,5.8));
#2972=CARTESIAN_POINT('',(48.,-24.4,7.5377155080899));
#2973=CARTESIAN_POINT('Origin',(47.1999999560742,-24.4,4.2));
#2974=CARTESIAN_POINT('',(48.,-24.4,7.5377155080899));
#2975=CARTESIAN_POINT('Origin',(45.5999999560742,-24.4,4.2));
#2976=CARTESIAN_POINT('',(44.8,-24.4,7.5377155080899));
#2977=CARTESIAN_POINT('Origin',(6.60000000000004,-24.,18.6));
#2978=CARTESIAN_POINT('',(6.60000000000004,-24.2,18.6));
#2979=CARTESIAN_POINT('',(3.40000000000004,-24.2,18.6));
#2980=CARTESIAN_POINT('',(5.80000000000004,-24.2,18.6));
#2981=CARTESIAN_POINT('',(6.60000000000004,-24.4,18.6));
#2982=CARTESIAN_POINT('',(6.60000000000004,-24.,18.6));
#2983=CARTESIAN_POINT('',(6.60000000000004,-24.4,18.6));
#2984=CARTESIAN_POINT('',(3.40000000000004,-24.4,18.6));
#2985=CARTESIAN_POINT('',(6.60000000000004,-24.4,18.6));
#2986=CARTESIAN_POINT('',(3.40000000000004,-24.,18.6));
#2987=CARTESIAN_POINT('Origin',(3.40000000000004,-24.,15.4));
#2988=CARTESIAN_POINT('',(3.40000000000004,-24.2,15.4));
#2989=CARTESIAN_POINT('',(6.60000000000004,-24.2,15.4));
#2990=CARTESIAN_POINT('',(5.00000000845547,-24.2,15.4));
#2991=CARTESIAN_POINT('',(3.40000000000004,-24.4,15.4));
#2992=CARTESIAN_POINT('',(3.40000000000004,-24.,15.4));
#2993=CARTESIAN_POINT('',(6.60000000000004,-24.4,15.4));
#2994=CARTESIAN_POINT('',(6.60000000000004,-24.4,15.4));
#2995=CARTESIAN_POINT('',(6.60000000000004,-24.4,15.4));
#2996=CARTESIAN_POINT('',(6.60000000000004,-24.,15.4));
#2997=CARTESIAN_POINT('Origin',(5.80000000000004,-24.4,17.8));
#2998=CARTESIAN_POINT('',(6.60000000000004,-24.4,19.5377155080899));
#2999=CARTESIAN_POINT('Origin',(4.20000000000004,-24.4,17.8));
#3000=CARTESIAN_POINT('',(3.40000000000004,-24.4,19.5377155080899));
#3001=CARTESIAN_POINT('Origin',(4.20000000845546,-24.4,16.2));
#3002=CARTESIAN_POINT('',(3.40000000000004,-24.4,19.5377155080899));
#3003=CARTESIAN_POINT('Origin',(5.80000000845546,-24.4,16.2));
#3004=CARTESIAN_POINT('',(6.60000000000004,-24.4,19.5377155080899));
#3005=CARTESIAN_POINT('Origin',(46.4,-24.2,3.5));
#3006=CARTESIAN_POINT('',(48.,-24.2,2.4622844919101));
#3007=CARTESIAN_POINT('',(48.,-24.2,7.5377155080899));
#3008=CARTESIAN_POINT('',(44.8,-24.2,2.4622844919101));
#3009=CARTESIAN_POINT('Origin',(46.4,-24.2,5.));
#3010=CARTESIAN_POINT('',(44.8,-24.2,7.5377155080899));
#3011=CARTESIAN_POINT('Origin',(5.00000000000004,-24.2,15.5));
#3012=CARTESIAN_POINT('',(6.60000000000004,-24.2,14.4622844919101));
#3013=CARTESIAN_POINT('',(6.60000000000004,-24.2,19.5377155080899));
#3014=CARTESIAN_POINT('',(3.40000000000004,-24.2,14.4622844919101));
#3015=CARTESIAN_POINT('Origin',(5.00000000000004,-24.2,17.));
#3016=CARTESIAN_POINT('',(3.40000000000004,-24.2,19.5377155080899));
#3017=CARTESIAN_POINT('Origin',(44.8,-24.,7.5377155080899));
#3018=CARTESIAN_POINT('',(44.8,-24.,7.5377155080899));
#3019=CARTESIAN_POINT('',(44.8,-24.,2.4622844919101));
#3020=CARTESIAN_POINT('',(44.8,-24.,5.));
#3021=CARTESIAN_POINT('',(44.8,-24.2,7.5377155080899));
#3022=CARTESIAN_POINT('',(44.8,-24.,7.5377155080899));
#3023=CARTESIAN_POINT('',(44.8,-24.2,7.5377155080899));
#3024=CARTESIAN_POINT('',(44.8,-24.,2.4622844919101));
#3025=CARTESIAN_POINT('Origin',(48.,-24.,5.));
#3026=CARTESIAN_POINT('',(48.,-24.2,7.5377155080899));
#3027=CARTESIAN_POINT('',(48.,-24.2,7.5377155080899));
#3028=CARTESIAN_POINT('',(48.,-24.,7.5377155080899));
#3029=CARTESIAN_POINT('',(48.,-24.,7.5377155080899));
#3030=CARTESIAN_POINT('',(48.,-24.,2.4622844919101));
#3031=CARTESIAN_POINT('',(48.,-24.,3.73114224595505));
#3032=CARTESIAN_POINT('',(48.,-24.,2.4622844919101));
#3033=CARTESIAN_POINT('Origin',(46.4,-24.2,6.5));
#3034=CARTESIAN_POINT('Origin',(46.4,-24.2,5.));
#3035=CARTESIAN_POINT('Origin',(3.40000000000004,-24.,19.5377155080899));
#3036=CARTESIAN_POINT('',(3.40000000000004,-24.,19.5377155080899));
#3037=CARTESIAN_POINT('',(3.40000000000004,-24.,14.4622844919101));
#3038=CARTESIAN_POINT('',(3.40000000000004,-24.,18.268857754045));
#3039=CARTESIAN_POINT('',(3.40000000000004,-24.2,19.5377155080899));
#3040=CARTESIAN_POINT('',(3.40000000000004,-24.,19.5377155080899));
#3041=CARTESIAN_POINT('',(3.40000000000004,-24.2,19.5377155080899));
#3042=CARTESIAN_POINT('',(3.40000000000004,-24.,14.4622844919101));
#3043=CARTESIAN_POINT('Origin',(5.00000000000004,-24.2,18.5));
#3044=CARTESIAN_POINT('',(6.60000000000004,-24.2,19.5377155080899));
#3045=CARTESIAN_POINT('Origin',(5.00000000000004,-24.2,17.));
#3046=CARTESIAN_POINT('',(6.60000000000004,-24.2,19.5377155080899));
#3047=CARTESIAN_POINT('Origin',(6.60000000000004,-24.,14.4622844919101));
#3048=CARTESIAN_POINT('',(6.60000000000004,-24.,19.5377155080899));
#3049=CARTESIAN_POINT('',(6.60000000000004,-24.,19.5377155080899));
#3050=CARTESIAN_POINT('',(6.60000000000004,-24.,14.4622844919101));
#3051=CARTESIAN_POINT('',(6.60000000000004,-24.,17.));
#3052=CARTESIAN_POINT('',(6.60000000000004,-24.,14.4622844919101));
#3053=CARTESIAN_POINT('Origin',(46.4,-24.,5.));
#3054=CARTESIAN_POINT('',(43.4,-24.,5.));
#3055=CARTESIAN_POINT('Origin',(46.4,-24.,5.));
#3056=CARTESIAN_POINT('Origin',(46.4,-24.,5.));
#3057=CARTESIAN_POINT('Origin',(5.00000000000004,-24.,17.));
#3058=CARTESIAN_POINT('',(2.00000000000004,-24.,17.));
#3059=CARTESIAN_POINT('Origin',(5.00000000000004,-24.,17.));
#3060=CARTESIAN_POINT('Origin',(5.00000000000004,-24.,17.));
#3061=CARTESIAN_POINT('Origin',(5.00000000000004,-24.,17.));
#3062=CARTESIAN_POINT('Origin',(5.00000000000004,-24.,17.));
#3063=CARTESIAN_POINT('Origin',(46.4,-24.,5.));
#3064=CARTESIAN_POINT('',(43.4,-24.,5.));
#3065=CARTESIAN_POINT('Origin',(46.4,-24.,5.));
#3066=CARTESIAN_POINT('Origin',(46.4,-24.,5.));
#3067=CARTESIAN_POINT('Origin',(5.00000000000004,-24.,17.));
#3068=CARTESIAN_POINT('',(2.00000000000004,-24.,17.));
#3069=CARTESIAN_POINT('',(2.00000000000004,-24.,17.));
#3070=CARTESIAN_POINT('Origin',(51.1,-4.,-16.6));
#3071=CARTESIAN_POINT('',(50.3,-4.,-16.6));
#3072=CARTESIAN_POINT('Origin',(51.1,-4.,-16.6));
#3073=CARTESIAN_POINT('',(50.3,-4.,-11.6));
#3074=CARTESIAN_POINT('',(50.3,-4.,-16.6));
#3075=CARTESIAN_POINT('Origin',(51.1,-4.,-11.6));
#3076=CARTESIAN_POINT('Origin',(51.1,-4.,-11.6));
#3077=CARTESIAN_POINT('Origin',(44.6,-4.,-16.6));
#3078=CARTESIAN_POINT('',(43.8,-4.,-16.6));
#3079=CARTESIAN_POINT('Origin',(44.6,-4.,-16.6));
#3080=CARTESIAN_POINT('',(43.8,-4.,-11.6));
#3081=CARTESIAN_POINT('',(43.8,-4.,-16.6));
#3082=CARTESIAN_POINT('Origin',(44.6,-4.,-11.6));
#3083=CARTESIAN_POINT('Origin',(44.6,-4.,-11.6));
#3084=CARTESIAN_POINT('Origin',(54.3,0.,-16.6));
#3085=CARTESIAN_POINT('',(41.3,-8.95256272343974,-16.6));
#3086=CARTESIAN_POINT('',(41.3493513495859,-9.00000000000001,-16.6));
#3087=CARTESIAN_POINT('Origin',(24.0000000000001,-27.,-16.6));
#3088=CARTESIAN_POINT('',(41.3,0.,-16.6));
#3089=CARTESIAN_POINT('',(54.3,-9.,-16.6));
#3090=CARTESIAN_POINT('',(54.3,0.,-16.6));
#3091=CARTESIAN_POINT('',(54.55,-9.,-16.6));
#3092=CARTESIAN_POINT('Origin',(54.3,0.,-22.35));
#3093=CARTESIAN_POINT('',(54.3,-9.,-22.35));
#3094=CARTESIAN_POINT('',(54.3,-9.,-11.175));
#3095=CARTESIAN_POINT('',(54.3,-2.25000000000002,-22.35));
#3096=CARTESIAN_POINT('Origin',(41.3,0.,-16.6));
#3097=CARTESIAN_POINT('',(41.3,-8.95256272343974,0.));
#3098=CARTESIAN_POINT('Origin',(37.316,0.,-16.1));
#3099=CARTESIAN_POINT('',(38.666,-6.75380440054536,-16.1));
#3100=CARTESIAN_POINT('',(38.666,0.,-16.1));
#3101=CARTESIAN_POINT('',(35.966,-5.04971899379473,-16.1));
#3102=CARTESIAN_POINT('Ctrl Pts',(35.966,-5.04971899379473,-16.1));
#3103=CARTESIAN_POINT('Ctrl Pts',(35.966,-5.04971899379473,-15.932093275169));
#3104=CARTESIAN_POINT('Ctrl Pts',(35.9993644858407,-5.06781370970089,-15.754713786783));
#3105=CARTESIAN_POINT('Ctrl Pts',(36.129878889377,-5.13972594442433,-15.4322663332992));
#3106=CARTESIAN_POINT('Ctrl Pts',(36.2268539817187,-5.19359544721072,-15.28713922755));
#3107=CARTESIAN_POINT('Ctrl Pts',(36.4616513658749,-5.32677482402021,-15.0383801925245));
#3108=CARTESIAN_POINT('Ctrl Pts',(36.6215161545354,-5.4190557435672,-14.9274869234083));
#3109=CARTESIAN_POINT('Ctrl Pts',(36.9644582726084,-5.62331534585337,-14.7833705533659));
#3110=CARTESIAN_POINT('Ctrl Pts',(37.1474314378992,-5.73536483335546,-14.75));
#3111=CARTESIAN_POINT('Ctrl Pts',(37.4900325233197,-5.95097869027905,-14.75));
#3112=CARTESIAN_POINT('Ctrl Pts',(37.6757017905354,-6.07112266308805,-14.7853980699856));
#3113=CARTESIAN_POINT('Ctrl Pts',(38.019924109243,-6.30013396139037,-14.932929118115));
#3114=CARTESIAN_POINT('Ctrl Pts',(38.1785517009454,-6.40892351008767,-15.0450088854372));
#3115=CARTESIAN_POINT('Ctrl Pts',(38.4087777696492,-6.56955378645543,-15.2927899803939));
#3116=CARTESIAN_POINT('Ctrl Pts',(38.5035749162764,-6.63698006532564,-15.4353460007969));
#3117=CARTESIAN_POINT('Ctrl Pts',(38.6323162076084,-6.72929235003555,-15.7544415266355));
#3118=CARTESIAN_POINT('Ctrl Pts',(38.666,-6.75380440054536,-15.9311940576604));
#3119=CARTESIAN_POINT('Ctrl Pts',(38.666,-6.75380440054536,-16.1));
#3120=CARTESIAN_POINT('Ctrl Pts',(38.666,-6.75380440054536,-16.1));
#3121=CARTESIAN_POINT('Ctrl Pts',(38.666,-6.75380440054536,-16.2688059423396));
#3122=CARTESIAN_POINT('Ctrl Pts',(38.6323162076084,-6.72929235003555,-16.4455584733645));
#3123=CARTESIAN_POINT('Ctrl Pts',(38.5035749162764,-6.63698006532564,-16.7646539992031));
#3124=CARTESIAN_POINT('Ctrl Pts',(38.4087777696492,-6.56955378645543,-16.9072100196061));
#3125=CARTESIAN_POINT('Ctrl Pts',(38.1785517009454,-6.40892351008767,-17.1549911145628));
#3126=CARTESIAN_POINT('Ctrl Pts',(38.019924109243,-6.30013396139037,-17.267070881885));
#3127=CARTESIAN_POINT('Ctrl Pts',(37.6757017905354,-6.07112266308805,-17.4146019300144));
#3128=CARTESIAN_POINT('Ctrl Pts',(37.4900325233197,-5.95097869027905,-17.45));
#3129=CARTESIAN_POINT('Ctrl Pts',(37.1474314378992,-5.73536483335546,-17.45));
#3130=CARTESIAN_POINT('Ctrl Pts',(36.9644582726084,-5.62331534585337,-17.4166294466341));
#3131=CARTESIAN_POINT('Ctrl Pts',(36.6215161545354,-5.4190557435672,-17.2725130765917));
#3132=CARTESIAN_POINT('Ctrl Pts',(36.4616513658749,-5.32677482402021,-17.1616198074755));
#3133=CARTESIAN_POINT('Ctrl Pts',(36.2268539817187,-5.19359544721072,-16.91286077245));
#3134=CARTESIAN_POINT('Ctrl Pts',(36.129878889377,-5.13972594442433,-16.7677336667008));
#3135=CARTESIAN_POINT('Ctrl Pts',(35.9993644858407,-5.06781370970089,-16.445286213217));
#3136=CARTESIAN_POINT('Ctrl Pts',(35.966,-5.04971899379473,-16.267906724831));
#3137=CARTESIAN_POINT('Ctrl Pts',(35.966,-5.04971899379473,-16.1));
#3138=CARTESIAN_POINT('Origin',(10.684,0.,-7.1));
#3139=CARTESIAN_POINT('',(12.034,-5.04971899379479,-7.1));
#3140=CARTESIAN_POINT('',(12.034,0.,-7.1));
#3141=CARTESIAN_POINT('',(9.334,-6.75380440054544,-7.1));
#3142=CARTESIAN_POINT('Ctrl Pts',(9.334,-6.75380440054544,-7.1));
#3143=CARTESIAN_POINT('Ctrl Pts',(9.334,-6.75380440054544,-6.93119405766044));
#3144=CARTESIAN_POINT('Ctrl Pts',(9.36768379239162,-6.72929235003562,-6.75444152663555));
#3145=CARTESIAN_POINT('Ctrl Pts',(9.49642508372358,-6.63698006532572,-6.43534600079691));
#3146=CARTESIAN_POINT('Ctrl Pts',(9.59122223035075,-6.5695537864555,-6.29278998039389));
#3147=CARTESIAN_POINT('Ctrl Pts',(9.82144829905464,-6.40892351008774,-6.04500888543724));
#3148=CARTESIAN_POINT('Ctrl Pts',(9.98007589075703,-6.30013396139044,-5.93292911811499));
#3149=CARTESIAN_POINT('Ctrl Pts',(10.3242982094646,-6.07112266308812,-5.78539806998561));
#3150=CARTESIAN_POINT('Ctrl Pts',(10.5099674766803,-5.95097869027911,-5.75));
#3151=CARTESIAN_POINT('Ctrl Pts',(10.8525685621008,-5.73536483335552,-5.75));
#3152=CARTESIAN_POINT('Ctrl Pts',(11.0355417273916,-5.62331534585343,-5.78337055336593));
#3153=CARTESIAN_POINT('Ctrl Pts',(11.3784838454646,-5.41905574356726,-5.9274869234083));
#3154=CARTESIAN_POINT('Ctrl Pts',(11.5383486341251,-5.32677482402027,-6.03838019252451));
#3155=CARTESIAN_POINT('Ctrl Pts',(11.7731460182813,-5.19359544721078,-6.28713922755004));
#3156=CARTESIAN_POINT('Ctrl Pts',(11.870121110623,-5.13972594442439,-6.43226633329921));
#3157=CARTESIAN_POINT('Ctrl Pts',(12.0006355141593,-5.06781370970095,-6.754713786783));
#3158=CARTESIAN_POINT('Ctrl Pts',(12.034,-5.04971899379479,-6.93209327516898));
#3159=CARTESIAN_POINT('Ctrl Pts',(12.034,-5.04971899379479,-7.1));
#3160=CARTESIAN_POINT('Ctrl Pts',(12.034,-5.04971899379479,-7.1));
#3161=CARTESIAN_POINT('Ctrl Pts',(12.034,-5.04971899379479,-7.26790672483102));
#3162=CARTESIAN_POINT('Ctrl Pts',(12.0006355141593,-5.06781370970095,-7.445286213217));
#3163=CARTESIAN_POINT('Ctrl Pts',(11.870121110623,-5.13972594442439,-7.76773366670079));
#3164=CARTESIAN_POINT('Ctrl Pts',(11.7731460182813,-5.19359544721078,-7.91286077244996));
#3165=CARTESIAN_POINT('Ctrl Pts',(11.5383486341251,-5.32677482402027,-8.16161980747549));
#3166=CARTESIAN_POINT('Ctrl Pts',(11.3784838454646,-5.41905574356726,-8.2725130765917));
#3167=CARTESIAN_POINT('Ctrl Pts',(11.0355417273916,-5.62331534585343,-8.41662944663408));
#3168=CARTESIAN_POINT('Ctrl Pts',(10.8525685621008,-5.73536483335552,-8.45));
#3169=CARTESIAN_POINT('Ctrl Pts',(10.5099674766803,-5.95097869027911,-8.45));
#3170=CARTESIAN_POINT('Ctrl Pts',(10.3242982094646,-6.07112266308812,-8.4146019300144));
#3171=CARTESIAN_POINT('Ctrl Pts',(9.98007589075703,-6.30013396139044,-8.26707088188501));
#3172=CARTESIAN_POINT('Ctrl Pts',(9.82144829905464,-6.40892351008774,-8.15499111456277));
#3173=CARTESIAN_POINT('Ctrl Pts',(9.59122223035075,-6.5695537864555,-7.90721001960612));
#3174=CARTESIAN_POINT('Ctrl Pts',(9.49642508372358,-6.63698006532572,-7.76465399920309));
#3175=CARTESIAN_POINT('Ctrl Pts',(9.36768379239162,-6.72929235003562,-7.44555847336445));
#3176=CARTESIAN_POINT('Ctrl Pts',(9.334,-6.75380440054544,-7.26880594233957));
#3177=CARTESIAN_POINT('Ctrl Pts',(9.334,-6.75380440054544,-7.1));
#3178=CARTESIAN_POINT('Origin',(24.0000000000001,-27.,0.));
#3179=CARTESIAN_POINT('',(41.3493513495859,-9.00000000000002,0.));
#3180=CARTESIAN_POINT('Origin',(29.7,-4.50000000000004,-22.35));
#3181=CARTESIAN_POINT('',(59.4,-9.,-22.35));
#3182=CARTESIAN_POINT('Origin',(54.8,-9.,0.));
#3183=UNCERTAINTY_MEASURE_WITH_UNIT(LENGTH_MEASURE(0.01),#3187,
'DISTANCE_ACCURACY_VALUE',
'Maximum model space distance between geometric entities at asserted c
onnectivities');
#3184=UNCERTAINTY_MEASURE_WITH_UNIT(LENGTH_MEASURE(0.01),#3187,
'DISTANCE_ACCURACY_VALUE',
'Maximum model space distance between geometric entities at asserted c
onnectivities');
#3185=(
GEOMETRIC_REPRESENTATION_CONTEXT(3)
GLOBAL_UNCERTAINTY_ASSIGNED_CONTEXT((#3183))
GLOBAL_UNIT_ASSIGNED_CONTEXT((#3187,#3189,#3190))
REPRESENTATION_CONTEXT('','3D')
);
#3186=(
GEOMETRIC_REPRESENTATION_CONTEXT(3)
GLOBAL_UNCERTAINTY_ASSIGNED_CONTEXT((#3184))
GLOBAL_UNIT_ASSIGNED_CONTEXT((#3187,#3189,#3190))
REPRESENTATION_CONTEXT('','3D')
);
#3187=(
LENGTH_UNIT()
NAMED_UNIT(*)
SI_UNIT(.MILLI.,.METRE.)
);
#3188=(
LENGTH_UNIT()
NAMED_UNIT(*)
SI_UNIT($,.METRE.)
);
#3189=(
NAMED_UNIT(*)
PLANE_ANGLE_UNIT()
SI_UNIT($,.RADIAN.)
);
#3190=(
NAMED_UNIT(*)
SI_UNIT($,.STERADIAN.)
SOLID_ANGLE_UNIT()
);
#3191=SHAPE_DEFINITION_REPRESENTATION(#3192,#3193);
#3192=PRODUCT_DEFINITION_SHAPE('',$,#3195);
#3193=SHAPE_REPRESENTATION('',(#1779),#3185);
#3194=PRODUCT_DEFINITION_CONTEXT('part definition',#3199,'design');
#3195=PRODUCT_DEFINITION('lock_actuator_base_plate_with CNC',
'lock_actuator_base_plate_with CNC v4',#3196,#3194);
#3196=PRODUCT_DEFINITION_FORMATION('',$,#3201);
#3197=PRODUCT_RELATED_PRODUCT_CATEGORY(
'lock_actuator_base_plate_with CNC v4',
'lock_actuator_base_plate_with CNC v4',(#3201));
#3198=APPLICATION_PROTOCOL_DEFINITION('international standard',
'automotive_design',2009,#3199);
#3199=APPLICATION_CONTEXT(
'Core Data for Automotive Mechanical Design Process');
#3200=PRODUCT_CONTEXT('part definition',#3199,'mechanical');
#3201=PRODUCT('lock_actuator_base_plate_with CNC',
'lock_actuator_base_plate_with CNC v4',$,(#3200));
#3202=PRESENTATION_STYLE_ASSIGNMENT((#3203));
#3203=SURFACE_STYLE_USAGE(.BOTH.,#3204);
#3204=SURFACE_SIDE_STYLE('',(#3205));
#3205=SURFACE_STYLE_FILL_AREA(#3206);
#3206=FILL_AREA_STYLE('Steel - Satin',(#3207));
#3207=FILL_AREA_STYLE_COLOUR('Steel - Satin',#3208);
#3208=COLOUR_RGB('Steel - Satin',0.627450980392157,0.627450980392157,0.627450980392157);
ENDSEC;
END-ISO-10303-21;
