ISO-10303-21;
HEADER;
/* Generated by software containing ST-Developer
 * from STEP Tools, Inc. (www.steptools.com) 
 */

FILE_DESCRIPTION(
/* description */ (''),
/* implementation_level */ '2;1');

FILE_NAME(
/* name */ 'PRT_Adapter for CNC machine.step',
/* time_stamp */ '2026-10-02T15:53:50-04:00',
/* author */ (''),
/* organization */ (''),
/* preprocessor_version */ 'ST-DEVELOPER v20.2',
/* originating_system */ 'Autodesk Translation Framework v15.15.0.0',
/* authorisation */ '');

FILE_SCHEMA (('AUTOMOTIVE_DESIGN { 1 0 10303 214 3 1 1 }'));
ENDSEC;

DATA;
#10=MECHANICAL_DESIGN_GEOMETRIC_PRESENTATION_REPRESENTATION('',(#23,#24),
#3949);
#11=ITEM_DEFINED_TRANSFORMATION($,$,#2407,#2603);
#12=ITEM_DEFINED_TRANSFORMATION($,$,#2426,#2604);
#13=(
REPRESENTATION_RELATIONSHIP($,$,#3963,#3962)
REPRESENTATION_RELATIONSHIP_WITH_TRANSFORMATION(#11)
SHAPE_REPRESENTATION_RELATIONSHIP()
);
#14=(
REPRESENTATION_RELATIONSHIP($,$,#3964,#3962)
REPRESENTATION_RELATIONSHIP_WITH_TRANSFORMATION(#12)
SHAPE_REPRESENTATION_RELATIONSHIP()
);
#15=CONTEXT_DEPENDENT_SHAPE_REPRESENTATION(#13,#3960);
#16=CONTEXT_DEPENDENT_SHAPE_REPRESENTATION(#14,#3961);
#17=NEXT_ASSEMBLY_USAGE_OCCURRENCE('Component2:1','Component2:1',
'Component2:1',#3966,#3967,'Component2:1');
#18=NEXT_ASSEMBLY_USAGE_OCCURRENCE('adapter for CNC machine:1',
'adapter for CNC machine:1','adapter for CNC machine:1',#3966,#3968,
'adapter for CNC machine:1');
#19=SHAPE_REPRESENTATION_RELATIONSHIP('SRR','None',#3963,#21);
#20=SHAPE_REPRESENTATION_RELATIONSHIP('SRR','None',#3964,#22);
#21=ADVANCED_BREP_SHAPE_REPRESENTATION('',(#25),#3947);
#22=ADVANCED_BREP_SHAPE_REPRESENTATION('',(#26),#3948);
#23=STYLED_ITEM('',(#3981),#25);
#24=STYLED_ITEM('',(#3981),#26);
#25=MANIFOLD_SOLID_BREP('Body1',#2381);
#26=MANIFOLD_SOLID_BREP('Body1',#2382);
#27=FACE_BOUND('',#284,.T.);
#28=FACE_BOUND('',#285,.T.);
#29=FACE_BOUND('',#286,.T.);
#30=FACE_BOUND('',#287,.T.);
#31=FACE_BOUND('',#289,.T.);
#32=FACE_BOUND('',#290,.T.);
#33=FACE_BOUND('',#291,.T.);
#34=FACE_BOUND('',#292,.T.);
#35=FACE_BOUND('',#306,.T.);
#36=FACE_BOUND('',#307,.T.);
#37=FACE_BOUND('',#308,.T.);
#38=FACE_BOUND('',#309,.T.);
#39=FACE_BOUND('',#310,.T.);
#40=FACE_BOUND('',#343,.T.);
#41=FACE_BOUND('',#344,.T.);
#42=FACE_BOUND('',#347,.T.);
#43=FACE_BOUND('',#348,.T.);
#44=FACE_BOUND('',#351,.T.);
#45=FACE_BOUND('',#352,.T.);
#46=FACE_BOUND('',#355,.T.);
#47=FACE_BOUND('',#356,.T.);
#48=FACE_BOUND('',#418,.T.);
#49=FACE_BOUND('',#419,.T.);
#50=FACE_BOUND('',#420,.T.);
#51=FACE_BOUND('',#421,.T.);
#52=FACE_BOUND('',#422,.T.);
#53=PLANE('',#2420);
#54=PLANE('',#2421);
#55=PLANE('',#2422);
#56=PLANE('',#2423);
#57=PLANE('',#2424);
#58=PLANE('',#2425);
#59=PLANE('',#2430);
#60=PLANE('',#2434);
#61=PLANE('',#2438);
#62=PLANE('',#2442);
#63=PLANE('',#2446);
#64=PLANE('',#2447);
#65=PLANE('',#2453);
#66=PLANE('',#2460);
#67=PLANE('',#2465);
#68=PLANE('',#2468);
#69=PLANE('',#2471);
#70=PLANE('',#2472);
#71=PLANE('',#2473);
#72=PLANE('',#2474);
#73=PLANE('',#2475);
#74=PLANE('',#2476);
#75=PLANE('',#2477);
#76=PLANE('',#2478);
#77=PLANE('',#2479);
#78=PLANE('',#2480);
#79=PLANE('',#2481);
#80=PLANE('',#2482);
#81=PLANE('',#2483);
#82=PLANE('',#2484);
#83=PLANE('',#2485);
#84=PLANE('',#2486);
#85=PLANE('',#2487);
#86=PLANE('',#2488);
#87=PLANE('',#2489);
#88=PLANE('',#2490);
#89=PLANE('',#2491);
#90=PLANE('',#2492);
#91=PLANE('',#2493);
#92=PLANE('',#2494);
#93=PLANE('',#2495);
#94=PLANE('',#2496);
#95=PLANE('',#2497);
#96=PLANE('',#2498);
#97=PLANE('',#2499);
#98=PLANE('',#2500);
#99=PLANE('',#2501);
#100=PLANE('',#2502);
#101=PLANE('',#2503);
#102=PLANE('',#2505);
#103=PLANE('',#2507);
#104=PLANE('',#2508);
#105=PLANE('',#2511);
#106=PLANE('',#2513);
#107=PLANE('',#2515);
#108=PLANE('',#2517);
#109=PLANE('',#2518);
#110=PLANE('',#2519);
#111=PLANE('',#2521);
#112=PLANE('',#2522);
#113=PLANE('',#2527);
#114=PLANE('',#2529);
#115=PLANE('',#2531);
#116=PLANE('',#2532);
#117=PLANE('',#2535);
#118=PLANE('',#2537);
#119=PLANE('',#2539);
#120=PLANE('',#2541);
#121=PLANE('',#2542);
#122=PLANE('',#2543);
#123=PLANE('',#2545);
#124=PLANE('',#2546);
#125=PLANE('',#2551);
#126=PLANE('',#2553);
#127=PLANE('',#2555);
#128=PLANE('',#2556);
#129=PLANE('',#2559);
#130=PLANE('',#2561);
#131=PLANE('',#2563);
#132=PLANE('',#2565);
#133=PLANE('',#2566);
#134=PLANE('',#2567);
#135=PLANE('',#2569);
#136=PLANE('',#2570);
#137=PLANE('',#2575);
#138=PLANE('',#2577);
#139=PLANE('',#2579);
#140=PLANE('',#2580);
#141=PLANE('',#2583);
#142=PLANE('',#2585);
#143=PLANE('',#2587);
#144=PLANE('',#2589);
#145=PLANE('',#2590);
#146=PLANE('',#2591);
#147=PLANE('',#2593);
#148=PLANE('',#2594);
#149=PLANE('',#2599);
#150=PLANE('',#2600);
#151=PLANE('',#2601);
#152=PLANE('',#2602);
#153=FACE_OUTER_BOUND('',#275,.T.);
#154=FACE_OUTER_BOUND('',#276,.T.);
#155=FACE_OUTER_BOUND('',#277,.T.);
#156=FACE_OUTER_BOUND('',#278,.T.);
#157=FACE_OUTER_BOUND('',#279,.T.);
#158=FACE_OUTER_BOUND('',#280,.T.);
#159=FACE_OUTER_BOUND('',#281,.T.);
#160=FACE_OUTER_BOUND('',#282,.T.);
#161=FACE_OUTER_BOUND('',#283,.T.);
#162=FACE_OUTER_BOUND('',#288,.T.);
#163=FACE_OUTER_BOUND('',#293,.T.);
#164=FACE_OUTER_BOUND('',#294,.T.);
#165=FACE_OUTER_BOUND('',#295,.T.);
#166=FACE_OUTER_BOUND('',#296,.T.);
#167=FACE_OUTER_BOUND('',#297,.T.);
#168=FACE_OUTER_BOUND('',#298,.T.);
#169=FACE_OUTER_BOUND('',#299,.T.);
#170=FACE_OUTER_BOUND('',#300,.T.);
#171=FACE_OUTER_BOUND('',#301,.T.);
#172=FACE_OUTER_BOUND('',#302,.T.);
#173=FACE_OUTER_BOUND('',#303,.T.);
#174=FACE_OUTER_BOUND('',#304,.T.);
#175=FACE_OUTER_BOUND('',#305,.T.);
#176=FACE_OUTER_BOUND('',#311,.T.);
#177=FACE_OUTER_BOUND('',#312,.T.);
#178=FACE_OUTER_BOUND('',#313,.T.);
#179=FACE_OUTER_BOUND('',#314,.T.);
#180=FACE_OUTER_BOUND('',#315,.T.);
#181=FACE_OUTER_BOUND('',#316,.T.);
#182=FACE_OUTER_BOUND('',#317,.T.);
#183=FACE_OUTER_BOUND('',#318,.T.);
#184=FACE_OUTER_BOUND('',#319,.T.);
#185=FACE_OUTER_BOUND('',#320,.T.);
#186=FACE_OUTER_BOUND('',#321,.T.);
#187=FACE_OUTER_BOUND('',#322,.T.);
#188=FACE_OUTER_BOUND('',#323,.T.);
#189=FACE_OUTER_BOUND('',#324,.T.);
#190=FACE_OUTER_BOUND('',#325,.T.);
#191=FACE_OUTER_BOUND('',#326,.T.);
#192=FACE_OUTER_BOUND('',#327,.T.);
#193=FACE_OUTER_BOUND('',#328,.T.);
#194=FACE_OUTER_BOUND('',#329,.T.);
#195=FACE_OUTER_BOUND('',#330,.T.);
#196=FACE_OUTER_BOUND('',#331,.T.);
#197=FACE_OUTER_BOUND('',#332,.T.);
#198=FACE_OUTER_BOUND('',#333,.T.);
#199=FACE_OUTER_BOUND('',#334,.T.);
#200=FACE_OUTER_BOUND('',#335,.T.);
#201=FACE_OUTER_BOUND('',#336,.T.);
#202=FACE_OUTER_BOUND('',#337,.T.);
#203=FACE_OUTER_BOUND('',#338,.T.);
#204=FACE_OUTER_BOUND('',#339,.T.);
#205=FACE_OUTER_BOUND('',#340,.T.);
#206=FACE_OUTER_BOUND('',#341,.T.);
#207=FACE_OUTER_BOUND('',#342,.T.);
#208=FACE_OUTER_BOUND('',#345,.T.);
#209=FACE_OUTER_BOUND('',#346,.T.);
#210=FACE_OUTER_BOUND('',#349,.T.);
#211=FACE_OUTER_BOUND('',#350,.T.);
#212=FACE_OUTER_BOUND('',#353,.T.);
#213=FACE_OUTER_BOUND('',#354,.T.);
#214=FACE_OUTER_BOUND('',#357,.T.);
#215=FACE_OUTER_BOUND('',#358,.T.);
#216=FACE_OUTER_BOUND('',#359,.T.);
#217=FACE_OUTER_BOUND('',#360,.T.);
#218=FACE_OUTER_BOUND('',#361,.T.);
#219=FACE_OUTER_BOUND('',#362,.T.);
#220=FACE_OUTER_BOUND('',#363,.T.);
#221=FACE_OUTER_BOUND('',#364,.T.);
#222=FACE_OUTER_BOUND('',#365,.T.);
#223=FACE_OUTER_BOUND('',#366,.T.);
#224=FACE_OUTER_BOUND('',#367,.T.);
#225=FACE_OUTER_BOUND('',#368,.T.);
#226=FACE_OUTER_BOUND('',#369,.T.);
#227=FACE_OUTER_BOUND('',#370,.T.);
#228=FACE_OUTER_BOUND('',#371,.T.);
#229=FACE_OUTER_BOUND('',#372,.T.);
#230=FACE_OUTER_BOUND('',#373,.T.);
#231=FACE_OUTER_BOUND('',#374,.T.);
#232=FACE_OUTER_BOUND('',#375,.T.);
#233=FACE_OUTER_BOUND('',#376,.T.);
#234=FACE_OUTER_BOUND('',#377,.T.);
#235=FACE_OUTER_BOUND('',#378,.T.);
#236=FACE_OUTER_BOUND('',#379,.T.);
#237=FACE_OUTER_BOUND('',#380,.T.);
#238=FACE_OUTER_BOUND('',#381,.T.);
#239=FACE_OUTER_BOUND('',#382,.T.);
#240=FACE_OUTER_BOUND('',#383,.T.);
#241=FACE_OUTER_BOUND('',#384,.T.);
#242=FACE_OUTER_BOUND('',#385,.T.);
#243=FACE_OUTER_BOUND('',#386,.T.);
#244=FACE_OUTER_BOUND('',#387,.T.);
#245=FACE_OUTER_BOUND('',#388,.T.);
#246=FACE_OUTER_BOUND('',#389,.T.);
#247=FACE_OUTER_BOUND('',#390,.T.);
#248=FACE_OUTER_BOUND('',#391,.T.);
#249=FACE_OUTER_BOUND('',#392,.T.);
#250=FACE_OUTER_BOUND('',#393,.T.);
#251=FACE_OUTER_BOUND('',#394,.T.);
#252=FACE_OUTER_BOUND('',#395,.T.);
#253=FACE_OUTER_BOUND('',#396,.T.);
#254=FACE_OUTER_BOUND('',#397,.T.);
#255=FACE_OUTER_BOUND('',#398,.T.);
#256=FACE_OUTER_BOUND('',#399,.T.);
#257=FACE_OUTER_BOUND('',#400,.T.);
#258=FACE_OUTER_BOUND('',#401,.T.);
#259=FACE_OUTER_BOUND('',#402,.T.);
#260=FACE_OUTER_BOUND('',#403,.T.);
#261=FACE_OUTER_BOUND('',#404,.T.);
#262=FACE_OUTER_BOUND('',#405,.T.);
#263=FACE_OUTER_BOUND('',#406,.T.);
#264=FACE_OUTER_BOUND('',#407,.T.);
#265=FACE_OUTER_BOUND('',#408,.T.);
#266=FACE_OUTER_BOUND('',#409,.T.);
#267=FACE_OUTER_BOUND('',#410,.T.);
#268=FACE_OUTER_BOUND('',#411,.T.);
#269=FACE_OUTER_BOUND('',#412,.T.);
#270=FACE_OUTER_BOUND('',#413,.T.);
#271=FACE_OUTER_BOUND('',#414,.T.);
#272=FACE_OUTER_BOUND('',#415,.T.);
#273=FACE_OUTER_BOUND('',#416,.T.);
#274=FACE_OUTER_BOUND('',#417,.T.);
#275=EDGE_LOOP('',(#1569,#1570,#1571,#1572));
#276=EDGE_LOOP('',(#1573,#1574,#1575,#1576));
#277=EDGE_LOOP('',(#1577,#1578,#1579,#1580));
#278=EDGE_LOOP('',(#1581,#1582,#1583,#1584));
#279=EDGE_LOOP('',(#1585,#1586,#1587,#1588));
#280=EDGE_LOOP('',(#1589,#1590,#1591,#1592));
#281=EDGE_LOOP('',(#1593,#1594,#1595,#1596));
#282=EDGE_LOOP('',(#1597,#1598,#1599,#1600));
#283=EDGE_LOOP('',(#1601,#1602,#1603,#1604));
#284=EDGE_LOOP('',(#1605));
#285=EDGE_LOOP('',(#1606));
#286=EDGE_LOOP('',(#1607));
#287=EDGE_LOOP('',(#1608));
#288=EDGE_LOOP('',(#1609,#1610,#1611,#1612));
#289=EDGE_LOOP('',(#1613));
#290=EDGE_LOOP('',(#1614));
#291=EDGE_LOOP('',(#1615));
#292=EDGE_LOOP('',(#1616));
#293=EDGE_LOOP('',(#1617,#1618,#1619,#1620));
#294=EDGE_LOOP('',(#1621,#1622,#1623,#1624));
#295=EDGE_LOOP('',(#1625,#1626,#1627,#1628));
#296=EDGE_LOOP('',(#1629,#1630,#1631,#1632));
#297=EDGE_LOOP('',(#1633,#1634,#1635,#1636));
#298=EDGE_LOOP('',(#1637,#1638,#1639,#1640));
#299=EDGE_LOOP('',(#1641,#1642,#1643,#1644));
#300=EDGE_LOOP('',(#1645,#1646,#1647,#1648));
#301=EDGE_LOOP('',(#1649,#1650,#1651,#1652));
#302=EDGE_LOOP('',(#1653,#1654,#1655,#1656));
#303=EDGE_LOOP('',(#1657,#1658,#1659,#1660,#1661,#1662,#1663,#1664,#1665,
#1666,#1667,#1668,#1669,#1670,#1671,#1672));
#304=EDGE_LOOP('',(#1673,#1674,#1675,#1676));
#305=EDGE_LOOP('',(#1677,#1678,#1679,#1680,#1681,#1682,#1683,#1684,#1685,
#1686,#1687,#1688,#1689,#1690,#1691,#1692,#1693,#1694));
#306=EDGE_LOOP('',(#1695));
#307=EDGE_LOOP('',(#1696));
#308=EDGE_LOOP('',(#1697,#1698,#1699,#1700,#1701,#1702,#1703,#1704));
#309=EDGE_LOOP('',(#1705));
#310=EDGE_LOOP('',(#1706));
#311=EDGE_LOOP('',(#1707,#1708,#1709,#1710,#1711,#1712));
#312=EDGE_LOOP('',(#1713,#1714,#1715,#1716));
#313=EDGE_LOOP('',(#1717,#1718,#1719,#1720));
#314=EDGE_LOOP('',(#1721,#1722,#1723,#1724));
#315=EDGE_LOOP('',(#1725,#1726,#1727,#1728));
#316=EDGE_LOOP('',(#1729,#1730,#1731,#1732));
#317=EDGE_LOOP('',(#1733,#1734,#1735,#1736));
#318=EDGE_LOOP('',(#1737,#1738,#1739,#1740));
#319=EDGE_LOOP('',(#1741,#1742,#1743,#1744));
#320=EDGE_LOOP('',(#1745,#1746,#1747,#1748));
#321=EDGE_LOOP('',(#1749,#1750,#1751,#1752));
#322=EDGE_LOOP('',(#1753,#1754,#1755,#1756));
#323=EDGE_LOOP('',(#1757,#1758,#1759,#1760));
#324=EDGE_LOOP('',(#1761,#1762,#1763,#1764));
#325=EDGE_LOOP('',(#1765,#1766,#1767,#1768));
#326=EDGE_LOOP('',(#1769,#1770,#1771,#1772));
#327=EDGE_LOOP('',(#1773,#1774,#1775,#1776));
#328=EDGE_LOOP('',(#1777,#1778,#1779,#1780));
#329=EDGE_LOOP('',(#1781,#1782,#1783,#1784));
#330=EDGE_LOOP('',(#1785,#1786,#1787,#1788));
#331=EDGE_LOOP('',(#1789,#1790,#1791,#1792));
#332=EDGE_LOOP('',(#1793,#1794,#1795,#1796));
#333=EDGE_LOOP('',(#1797,#1798,#1799,#1800));
#334=EDGE_LOOP('',(#1801,#1802,#1803,#1804));
#335=EDGE_LOOP('',(#1805,#1806,#1807,#1808));
#336=EDGE_LOOP('',(#1809,#1810,#1811,#1812));
#337=EDGE_LOOP('',(#1813,#1814,#1815,#1816));
#338=EDGE_LOOP('',(#1817,#1818,#1819,#1820));
#339=EDGE_LOOP('',(#1821,#1822,#1823,#1824));
#340=EDGE_LOOP('',(#1825,#1826,#1827,#1828));
#341=EDGE_LOOP('',(#1829,#1830,#1831,#1832));
#342=EDGE_LOOP('',(#1833,#1834,#1835,#1836));
#343=EDGE_LOOP('',(#1837,#1838,#1839,#1840,#1841,#1842));
#344=EDGE_LOOP('',(#1843,#1844,#1845,#1846,#1847,#1848));
#345=EDGE_LOOP('',(#1849,#1850,#1851,#1852));
#346=EDGE_LOOP('',(#1853,#1854,#1855,#1856));
#347=EDGE_LOOP('',(#1857,#1858,#1859,#1860,#1861,#1862));
#348=EDGE_LOOP('',(#1863,#1864,#1865,#1866,#1867,#1868));
#349=EDGE_LOOP('',(#1869,#1870,#1871,#1872));
#350=EDGE_LOOP('',(#1873,#1874,#1875,#1876));
#351=EDGE_LOOP('',(#1877,#1878,#1879,#1880,#1881,#1882));
#352=EDGE_LOOP('',(#1883,#1884,#1885,#1886,#1887,#1888));
#353=EDGE_LOOP('',(#1889,#1890,#1891,#1892));
#354=EDGE_LOOP('',(#1893,#1894,#1895,#1896));
#355=EDGE_LOOP('',(#1897,#1898,#1899,#1900,#1901,#1902));
#356=EDGE_LOOP('',(#1903,#1904,#1905,#1906,#1907,#1908));
#357=EDGE_LOOP('',(#1909,#1910,#1911,#1912));
#358=EDGE_LOOP('',(#1913,#1914,#1915,#1916));
#359=EDGE_LOOP('',(#1917,#1918,#1919,#1920));
#360=EDGE_LOOP('',(#1921,#1922,#1923,#1924,#1925));
#361=EDGE_LOOP('',(#1926,#1927,#1928));
#362=EDGE_LOOP('',(#1929,#1930));
#363=EDGE_LOOP('',(#1931,#1932,#1933));
#364=EDGE_LOOP('',(#1934,#1935,#1936));
#365=EDGE_LOOP('',(#1937,#1938,#1939,#1940,#1941));
#366=EDGE_LOOP('',(#1942,#1943,#1944,#1945,#1946,#1947,#1948,#1949,#1950));
#367=EDGE_LOOP('',(#1951,#1952,#1953));
#368=EDGE_LOOP('',(#1954,#1955,#1956,#1957,#1958,#1959,#1960,#1961,#1962));
#369=EDGE_LOOP('',(#1963,#1964,#1965));
#370=EDGE_LOOP('',(#1966,#1967,#1968,#1969,#1970,#1971,#1972));
#371=EDGE_LOOP('',(#1973,#1974,#1975,#1976,#1977,#1978,#1979,#1980,#1981,
#1982,#1983,#1984));
#372=EDGE_LOOP('',(#1985,#1986,#1987,#1988));
#373=EDGE_LOOP('',(#1989,#1990,#1991,#1992));
#374=EDGE_LOOP('',(#1993,#1994,#1995,#1996,#1997));
#375=EDGE_LOOP('',(#1998,#1999,#2000));
#376=EDGE_LOOP('',(#2001,#2002));
#377=EDGE_LOOP('',(#2003,#2004,#2005));
#378=EDGE_LOOP('',(#2006,#2007,#2008));
#379=EDGE_LOOP('',(#2009,#2010,#2011,#2012,#2013));
#380=EDGE_LOOP('',(#2014,#2015,#2016,#2017,#2018,#2019,#2020,#2021,#2022));
#381=EDGE_LOOP('',(#2023,#2024,#2025));
#382=EDGE_LOOP('',(#2026,#2027,#2028,#2029,#2030,#2031,#2032,#2033,#2034));
#383=EDGE_LOOP('',(#2035,#2036,#2037));
#384=EDGE_LOOP('',(#2038,#2039,#2040,#2041,#2042,#2043,#2044));
#385=EDGE_LOOP('',(#2045,#2046,#2047,#2048,#2049,#2050,#2051,#2052,#2053,
#2054,#2055,#2056));
#386=EDGE_LOOP('',(#2057,#2058,#2059,#2060));
#387=EDGE_LOOP('',(#2061,#2062,#2063,#2064));
#388=EDGE_LOOP('',(#2065,#2066,#2067,#2068,#2069));
#389=EDGE_LOOP('',(#2070,#2071,#2072));
#390=EDGE_LOOP('',(#2073,#2074));
#391=EDGE_LOOP('',(#2075,#2076,#2077));
#392=EDGE_LOOP('',(#2078,#2079,#2080));
#393=EDGE_LOOP('',(#2081,#2082,#2083,#2084,#2085));
#394=EDGE_LOOP('',(#2086,#2087,#2088,#2089,#2090,#2091,#2092,#2093,#2094));
#395=EDGE_LOOP('',(#2095,#2096,#2097));
#396=EDGE_LOOP('',(#2098,#2099,#2100,#2101,#2102,#2103,#2104,#2105,#2106));
#397=EDGE_LOOP('',(#2107,#2108,#2109));
#398=EDGE_LOOP('',(#2110,#2111,#2112,#2113,#2114,#2115,#2116));
#399=EDGE_LOOP('',(#2117,#2118,#2119,#2120,#2121,#2122,#2123,#2124,#2125,
#2126,#2127,#2128));
#400=EDGE_LOOP('',(#2129,#2130,#2131,#2132));
#401=EDGE_LOOP('',(#2133,#2134,#2135,#2136));
#402=EDGE_LOOP('',(#2137,#2138,#2139,#2140,#2141));
#403=EDGE_LOOP('',(#2142,#2143,#2144));
#404=EDGE_LOOP('',(#2145,#2146));
#405=EDGE_LOOP('',(#2147,#2148,#2149));
#406=EDGE_LOOP('',(#2150,#2151,#2152));
#407=EDGE_LOOP('',(#2153,#2154,#2155,#2156,#2157));
#408=EDGE_LOOP('',(#2158,#2159,#2160,#2161,#2162,#2163,#2164,#2165,#2166));
#409=EDGE_LOOP('',(#2167,#2168,#2169));
#410=EDGE_LOOP('',(#2170,#2171,#2172,#2173,#2174,#2175,#2176,#2177,#2178));
#411=EDGE_LOOP('',(#2179,#2180,#2181));
#412=EDGE_LOOP('',(#2182,#2183,#2184,#2185,#2186,#2187,#2188));
#413=EDGE_LOOP('',(#2189,#2190,#2191,#2192,#2193,#2194,#2195,#2196,#2197,
#2198,#2199,#2200));
#414=EDGE_LOOP('',(#2201,#2202,#2203,#2204));
#415=EDGE_LOOP('',(#2205,#2206,#2207,#2208));
#416=EDGE_LOOP('',(#2209,#2210,#2211,#2212,#2213,#2214));
#417=EDGE_LOOP('',(#2215,#2216,#2217,#2218,#2219,#2220,#2221,#2222,#2223,
#2224));
#418=EDGE_LOOP('',(#2225));
#419=EDGE_LOOP('',(#2226));
#420=EDGE_LOOP('',(#2227));
#421=EDGE_LOOP('',(#2228));
#422=EDGE_LOOP('',(#2229,#2230,#2231,#2232,#2233,#2234,#2235,#2236));
#423=LINE('',#3271,#685);
#424=LINE('',#3277,#686);
#425=LINE('',#3283,#687);
#426=LINE('',#3289,#688);
#427=LINE('',#3294,#689);
#428=LINE('',#3296,#690);
#429=LINE('',#3298,#691);
#430=LINE('',#3299,#692);
#431=LINE('',#3302,#693);
#432=LINE('',#3304,#694);
#433=LINE('',#3305,#695);
#434=LINE('',#3308,#696);
#435=LINE('',#3310,#697);
#436=LINE('',#3311,#698);
#437=LINE('',#3313,#699);
#438=LINE('',#3314,#700);
#439=LINE('',#3323,#701);
#440=LINE('',#3326,#702);
#441=LINE('',#3329,#703);
#442=LINE('',#3331,#704);
#443=LINE('',#3332,#705);
#444=LINE('',#3338,#706);
#445=LINE('',#3341,#707);
#446=LINE('',#3343,#708);
#447=LINE('',#3344,#709);
#448=LINE('',#3350,#710);
#449=LINE('',#3353,#711);
#450=LINE('',#3355,#712);
#451=LINE('',#3356,#713);
#452=LINE('',#3361,#714);
#453=LINE('',#3364,#715);
#454=LINE('',#3365,#716);
#455=LINE('',#3371,#717);
#456=LINE('',#3374,#718);
#457=LINE('',#3377,#719);
#458=LINE('',#3379,#720);
#459=LINE('',#3380,#721);
#460=LINE('',#3383,#722);
#461=LINE('',#3387,#723);
#462=LINE('',#3391,#724);
#463=LINE('',#3395,#725);
#464=LINE('',#3397,#726);
#465=LINE('',#3399,#727);
#466=LINE('',#3401,#728);
#467=LINE('',#3403,#729);
#468=LINE('',#3405,#730);
#469=LINE('',#3407,#731);
#470=LINE('',#3408,#732);
#471=LINE('',#3413,#733);
#472=LINE('',#3414,#734);
#473=LINE('',#3417,#735);
#474=LINE('',#3419,#736);
#475=LINE('',#3421,#737);
#476=LINE('',#3423,#738);
#477=LINE('',#3425,#739);
#478=LINE('',#3427,#740);
#479=LINE('',#3429,#741);
#480=LINE('',#3430,#742);
#481=LINE('',#3432,#743);
#482=LINE('',#3436,#744);
#483=LINE('',#3438,#745);
#484=LINE('',#3440,#746);
#485=LINE('',#3443,#747);
#486=LINE('',#3454,#748);
#487=LINE('',#3456,#749);
#488=LINE('',#3457,#750);
#489=LINE('',#3461,#751);
#490=LINE('',#3464,#752);
#491=LINE('',#3468,#753);
#492=LINE('',#3469,#754);
#493=LINE('',#3472,#755);
#494=LINE('',#3475,#756);
#495=LINE('',#3478,#757);
#496=LINE('',#3479,#758);
#497=LINE('',#3482,#759);
#498=LINE('',#3487,#760);
#499=LINE('',#3489,#761);
#500=LINE('',#3491,#762);
#501=LINE('',#3492,#763);
#502=LINE('',#3496,#764);
#503=LINE('',#3498,#765);
#504=LINE('',#3500,#766);
#505=LINE('',#3501,#767);
#506=LINE('',#3504,#768);
#507=LINE('',#3506,#769);
#508=LINE('',#3507,#770);
#509=LINE('',#3510,#771);
#510=LINE('',#3512,#772);
#511=LINE('',#3513,#773);
#512=LINE('',#3516,#774);
#513=LINE('',#3518,#775);
#514=LINE('',#3519,#776);
#515=LINE('',#3522,#777);
#516=LINE('',#3524,#778);
#517=LINE('',#3525,#779);
#518=LINE('',#3528,#780);
#519=LINE('',#3530,#781);
#520=LINE('',#3531,#782);
#521=LINE('',#3534,#783);
#522=LINE('',#3536,#784);
#523=LINE('',#3537,#785);
#524=LINE('',#3539,#786);
#525=LINE('',#3540,#787);
#526=LINE('',#3543,#788);
#527=LINE('',#3545,#789);
#528=LINE('',#3546,#790);
#529=LINE('',#3549,#791);
#530=LINE('',#3551,#792);
#531=LINE('',#3552,#793);
#532=LINE('',#3554,#794);
#533=LINE('',#3555,#795);
#534=LINE('',#3559,#796);
#535=LINE('',#3561,#797);
#536=LINE('',#3563,#798);
#537=LINE('',#3564,#799);
#538=LINE('',#3568,#800);
#539=LINE('',#3570,#801);
#540=LINE('',#3572,#802);
#541=LINE('',#3573,#803);
#542=LINE('',#3576,#804);
#543=LINE('',#3578,#805);
#544=LINE('',#3579,#806);
#545=LINE('',#3582,#807);
#546=LINE('',#3584,#808);
#547=LINE('',#3585,#809);
#548=LINE('',#3588,#810);
#549=LINE('',#3590,#811);
#550=LINE('',#3591,#812);
#551=LINE('',#3594,#813);
#552=LINE('',#3596,#814);
#553=LINE('',#3597,#815);
#554=LINE('',#3600,#816);
#555=LINE('',#3602,#817);
#556=LINE('',#3603,#818);
#557=LINE('',#3606,#819);
#558=LINE('',#3608,#820);
#559=LINE('',#3609,#821);
#560=LINE('',#3611,#822);
#561=LINE('',#3612,#823);
#562=LINE('',#3615,#824);
#563=LINE('',#3617,#825);
#564=LINE('',#3618,#826);
#565=LINE('',#3621,#827);
#566=LINE('',#3623,#828);
#567=LINE('',#3624,#829);
#568=LINE('',#3626,#830);
#569=LINE('',#3627,#831);
#570=LINE('',#3629,#832);
#571=LINE('',#3630,#833);
#572=LINE('',#3632,#834);
#573=LINE('',#3635,#835);
#574=LINE('',#3637,#836);
#575=LINE('',#3639,#837);
#576=LINE('',#3641,#838);
#577=LINE('',#3646,#839);
#578=LINE('',#3648,#840);
#579=LINE('',#3651,#841);
#580=LINE('',#3655,#842);
#581=LINE('',#3659,#843);
#582=LINE('',#3660,#844);
#583=LINE('',#3663,#845);
#584=LINE('',#3665,#846);
#585=LINE('',#3667,#847);
#586=LINE('',#3668,#848);
#587=LINE('',#3672,#849);
#588=LINE('',#3679,#850);
#589=LINE('',#3683,#851);
#590=LINE('',#3688,#852);
#591=LINE('',#3691,#853);
#592=LINE('',#3693,#854);
#593=LINE('',#3695,#855);
#594=LINE('',#3696,#856);
#595=LINE('',#3698,#857);
#596=LINE('',#3699,#858);
#597=LINE('',#3700,#859);
#598=LINE('',#3704,#860);
#599=LINE('',#3705,#861);
#600=LINE('',#3706,#862);
#601=LINE('',#3712,#863);
#602=LINE('',#3714,#864);
#603=LINE('',#3718,#865);
#604=LINE('',#3720,#866);
#605=LINE('',#3723,#867);
#606=LINE('',#3727,#868);
#607=LINE('',#3731,#869);
#608=LINE('',#3732,#870);
#609=LINE('',#3735,#871);
#610=LINE('',#3737,#872);
#611=LINE('',#3739,#873);
#612=LINE('',#3740,#874);
#613=LINE('',#3744,#875);
#614=LINE('',#3751,#876);
#615=LINE('',#3755,#877);
#616=LINE('',#3760,#878);
#617=LINE('',#3763,#879);
#618=LINE('',#3765,#880);
#619=LINE('',#3767,#881);
#620=LINE('',#3768,#882);
#621=LINE('',#3770,#883);
#622=LINE('',#3771,#884);
#623=LINE('',#3772,#885);
#624=LINE('',#3776,#886);
#625=LINE('',#3777,#887);
#626=LINE('',#3778,#888);
#627=LINE('',#3784,#889);
#628=LINE('',#3786,#890);
#629=LINE('',#3790,#891);
#630=LINE('',#3792,#892);
#631=LINE('',#3795,#893);
#632=LINE('',#3799,#894);
#633=LINE('',#3803,#895);
#634=LINE('',#3804,#896);
#635=LINE('',#3807,#897);
#636=LINE('',#3809,#898);
#637=LINE('',#3811,#899);
#638=LINE('',#3812,#900);
#639=LINE('',#3816,#901);
#640=LINE('',#3823,#902);
#641=LINE('',#3827,#903);
#642=LINE('',#3832,#904);
#643=LINE('',#3835,#905);
#644=LINE('',#3837,#906);
#645=LINE('',#3839,#907);
#646=LINE('',#3840,#908);
#647=LINE('',#3842,#909);
#648=LINE('',#3843,#910);
#649=LINE('',#3844,#911);
#650=LINE('',#3848,#912);
#651=LINE('',#3849,#913);
#652=LINE('',#3850,#914);
#653=LINE('',#3856,#915);
#654=LINE('',#3858,#916);
#655=LINE('',#3862,#917);
#656=LINE('',#3864,#918);
#657=LINE('',#3867,#919);
#658=LINE('',#3871,#920);
#659=LINE('',#3875,#921);
#660=LINE('',#3876,#922);
#661=LINE('',#3879,#923);
#662=LINE('',#3881,#924);
#663=LINE('',#3883,#925);
#664=LINE('',#3884,#926);
#665=LINE('',#3888,#927);
#666=LINE('',#3895,#928);
#667=LINE('',#3899,#929);
#668=LINE('',#3904,#930);
#669=LINE('',#3907,#931);
#670=LINE('',#3909,#932);
#671=LINE('',#3911,#933);
#672=LINE('',#3912,#934);
#673=LINE('',#3914,#935);
#674=LINE('',#3915,#936);
#675=LINE('',#3916,#937);
#676=LINE('',#3920,#938);
#677=LINE('',#3921,#939);
#678=LINE('',#3922,#940);
#679=LINE('',#3928,#941);
#680=LINE('',#3930,#942);
#681=LINE('',#3933,#943);
#682=LINE('',#3934,#944);
#683=LINE('',#3936,#945);
#684=LINE('',#3938,#946);
#685=VECTOR('',#2613,2.5);
#686=VECTOR('',#2620,2.5);
#687=VECTOR('',#2627,2.5);
#688=VECTOR('',#2634,2.5);
#689=VECTOR('',#2639,10.);
#690=VECTOR('',#2640,10.);
#691=VECTOR('',#2641,10.);
#692=VECTOR('',#2642,10.);
#693=VECTOR('',#2645,10.);
#694=VECTOR('',#2646,10.);
#695=VECTOR('',#2647,10.);
#696=VECTOR('',#2650,10.);
#697=VECTOR('',#2651,10.);
#698=VECTOR('',#2652,10.);
#699=VECTOR('',#2655,10.);
#700=VECTOR('',#2656,10.);
#701=VECTOR('',#2667,10.);
#702=VECTOR('',#2670,10.);
#703=VECTOR('',#2673,10.);
#704=VECTOR('',#2674,10.);
#705=VECTOR('',#2675,10.);
#706=VECTOR('',#2680,10.);
#707=VECTOR('',#2683,10.);
#708=VECTOR('',#2686,10.);
#709=VECTOR('',#2687,10.);
#710=VECTOR('',#2692,10.);
#711=VECTOR('',#2695,10.);
#712=VECTOR('',#2698,10.);
#713=VECTOR('',#2699,10.);
#714=VECTOR('',#2704,10.);
#715=VECTOR('',#2709,10.);
#716=VECTOR('',#2710,10.);
#717=VECTOR('',#2715,10.);
#718=VECTOR('',#2718,10.);
#719=VECTOR('',#2721,10.);
#720=VECTOR('',#2722,10.);
#721=VECTOR('',#2723,10.);
#722=VECTOR('',#2726,10.);
#723=VECTOR('',#2729,10.);
#724=VECTOR('',#2732,10.);
#725=VECTOR('',#2735,10.);
#726=VECTOR('',#2736,10.);
#727=VECTOR('',#2737,10.);
#728=VECTOR('',#2738,10.);
#729=VECTOR('',#2739,10.);
#730=VECTOR('',#2740,10.);
#731=VECTOR('',#2741,10.);
#732=VECTOR('',#2742,10.);
#733=VECTOR('',#2747,10.);
#734=VECTOR('',#2748,10.);
#735=VECTOR('',#2751,10.);
#736=VECTOR('',#2752,10.);
#737=VECTOR('',#2753,10.);
#738=VECTOR('',#2754,10.);
#739=VECTOR('',#2755,10.);
#740=VECTOR('',#2756,10.);
#741=VECTOR('',#2757,10.);
#742=VECTOR('',#2758,10.);
#743=VECTOR('',#2759,10.);
#744=VECTOR('',#2762,10.);
#745=VECTOR('',#2763,10.);
#746=VECTOR('',#2764,10.);
#747=VECTOR('',#2767,10.);
#748=VECTOR('',#2778,10.);
#749=VECTOR('',#2779,10.);
#750=VECTOR('',#2780,10.);
#751=VECTOR('',#2785,10.);
#752=VECTOR('',#2788,10.);
#753=VECTOR('',#2793,10.);
#754=VECTOR('',#2794,10.);
#755=VECTOR('',#2797,10.);
#756=VECTOR('',#2800,10.);
#757=VECTOR('',#2803,10.);
#758=VECTOR('',#2804,10.);
#759=VECTOR('',#2807,10.);
#760=VECTOR('',#2812,10.);
#761=VECTOR('',#2813,10.);
#762=VECTOR('',#2814,10.);
#763=VECTOR('',#2815,10.);
#764=VECTOR('',#2818,10.);
#765=VECTOR('',#2819,10.);
#766=VECTOR('',#2820,10.);
#767=VECTOR('',#2821,10.);
#768=VECTOR('',#2824,10.);
#769=VECTOR('',#2825,10.);
#770=VECTOR('',#2826,10.);
#771=VECTOR('',#2829,10.);
#772=VECTOR('',#2830,10.);
#773=VECTOR('',#2831,10.);
#774=VECTOR('',#2834,10.);
#775=VECTOR('',#2835,10.);
#776=VECTOR('',#2836,10.);
#777=VECTOR('',#2839,10.);
#778=VECTOR('',#2840,10.);
#779=VECTOR('',#2841,10.);
#780=VECTOR('',#2844,10.);
#781=VECTOR('',#2845,10.);
#782=VECTOR('',#2846,10.);
#783=VECTOR('',#2849,10.);
#784=VECTOR('',#2850,10.);
#785=VECTOR('',#2851,10.);
#786=VECTOR('',#2854,10.);
#787=VECTOR('',#2855,10.);
#788=VECTOR('',#2858,10.);
#789=VECTOR('',#2859,10.);
#790=VECTOR('',#2860,10.);
#791=VECTOR('',#2863,10.);
#792=VECTOR('',#2864,10.);
#793=VECTOR('',#2865,10.);
#794=VECTOR('',#2868,10.);
#795=VECTOR('',#2869,10.);
#796=VECTOR('',#2872,10.);
#797=VECTOR('',#2873,10.);
#798=VECTOR('',#2874,10.);
#799=VECTOR('',#2875,10.);
#800=VECTOR('',#2878,10.);
#801=VECTOR('',#2879,10.);
#802=VECTOR('',#2880,10.);
#803=VECTOR('',#2881,10.);
#804=VECTOR('',#2884,10.);
#805=VECTOR('',#2885,10.);
#806=VECTOR('',#2886,10.);
#807=VECTOR('',#2889,10.);
#808=VECTOR('',#2890,10.);
#809=VECTOR('',#2891,10.);
#810=VECTOR('',#2894,10.);
#811=VECTOR('',#2895,10.);
#812=VECTOR('',#2896,10.);
#813=VECTOR('',#2899,10.);
#814=VECTOR('',#2900,10.);
#815=VECTOR('',#2901,10.);
#816=VECTOR('',#2904,10.);
#817=VECTOR('',#2905,10.);
#818=VECTOR('',#2906,10.);
#819=VECTOR('',#2909,10.);
#820=VECTOR('',#2910,10.);
#821=VECTOR('',#2911,10.);
#822=VECTOR('',#2914,10.);
#823=VECTOR('',#2915,10.);
#824=VECTOR('',#2918,10.);
#825=VECTOR('',#2919,10.);
#826=VECTOR('',#2920,10.);
#827=VECTOR('',#2923,10.);
#828=VECTOR('',#2924,10.);
#829=VECTOR('',#2925,10.);
#830=VECTOR('',#2928,10.);
#831=VECTOR('',#2929,10.);
#832=VECTOR('',#2932,10.);
#833=VECTOR('',#2933,10.);
#834=VECTOR('',#2936,10.);
#835=VECTOR('',#2941,10.);
#836=VECTOR('',#2944,10.);
#837=VECTOR('',#2947,10.);
#838=VECTOR('',#2950,10.);
#839=VECTOR('',#2955,10.);
#840=VECTOR('',#2956,10.);
#841=VECTOR('',#2959,10.);
#842=VECTOR('',#2962,10.);
#843=VECTOR('',#2965,10.);
#844=VECTOR('',#2966,10.);
#845=VECTOR('',#2969,10.);
#846=VECTOR('',#2970,10.);
#847=VECTOR('',#2971,10.);
#848=VECTOR('',#2972,10.);
#849=VECTOR('',#2975,10.);
#850=VECTOR('',#2982,10.);
#851=VECTOR('',#2987,10.);
#852=VECTOR('',#2994,10.);
#853=VECTOR('',#2997,10.);
#854=VECTOR('',#2998,10.);
#855=VECTOR('',#2999,10.);
#856=VECTOR('',#3000,10.);
#857=VECTOR('',#3003,10.);
#858=VECTOR('',#3004,10.);
#859=VECTOR('',#3005,10.);
#860=VECTOR('',#3012,10.);
#861=VECTOR('',#3013,10.);
#862=VECTOR('',#3014,10.);
#863=VECTOR('',#3023,2.);
#864=VECTOR('',#3026,3.);
#865=VECTOR('',#3029,10.);
#866=VECTOR('',#3030,10.);
#867=VECTOR('',#3033,10.);
#868=VECTOR('',#3036,10.);
#869=VECTOR('',#3039,10.);
#870=VECTOR('',#3040,10.);
#871=VECTOR('',#3043,10.);
#872=VECTOR('',#3044,10.);
#873=VECTOR('',#3045,10.);
#874=VECTOR('',#3046,10.);
#875=VECTOR('',#3049,10.);
#876=VECTOR('',#3056,10.);
#877=VECTOR('',#3061,10.);
#878=VECTOR('',#3068,10.);
#879=VECTOR('',#3071,10.);
#880=VECTOR('',#3072,10.);
#881=VECTOR('',#3073,10.);
#882=VECTOR('',#3074,10.);
#883=VECTOR('',#3077,10.);
#884=VECTOR('',#3078,10.);
#885=VECTOR('',#3079,10.);
#886=VECTOR('',#3086,10.);
#887=VECTOR('',#3087,10.);
#888=VECTOR('',#3088,10.);
#889=VECTOR('',#3097,2.);
#890=VECTOR('',#3100,3.);
#891=VECTOR('',#3103,10.);
#892=VECTOR('',#3104,10.);
#893=VECTOR('',#3107,10.);
#894=VECTOR('',#3110,10.);
#895=VECTOR('',#3113,10.);
#896=VECTOR('',#3114,10.);
#897=VECTOR('',#3117,10.);
#898=VECTOR('',#3118,10.);
#899=VECTOR('',#3119,10.);
#900=VECTOR('',#3120,10.);
#901=VECTOR('',#3123,10.);
#902=VECTOR('',#3130,10.);
#903=VECTOR('',#3135,10.);
#904=VECTOR('',#3142,10.);
#905=VECTOR('',#3145,10.);
#906=VECTOR('',#3146,10.);
#907=VECTOR('',#3147,10.);
#908=VECTOR('',#3148,10.);
#909=VECTOR('',#3151,10.);
#910=VECTOR('',#3152,10.);
#911=VECTOR('',#3153,10.);
#912=VECTOR('',#3160,10.);
#913=VECTOR('',#3161,10.);
#914=VECTOR('',#3162,10.);
#915=VECTOR('',#3171,2.);
#916=VECTOR('',#3174,3.);
#917=VECTOR('',#3177,10.);
#918=VECTOR('',#3178,10.);
#919=VECTOR('',#3181,10.);
#920=VECTOR('',#3184,10.);
#921=VECTOR('',#3187,10.);
#922=VECTOR('',#3188,10.);
#923=VECTOR('',#3191,10.);
#924=VECTOR('',#3192,10.);
#925=VECTOR('',#3193,10.);
#926=VECTOR('',#3194,10.);
#927=VECTOR('',#3197,10.);
#928=VECTOR('',#3204,10.);
#929=VECTOR('',#3209,10.);
#930=VECTOR('',#3216,10.);
#931=VECTOR('',#3219,10.);
#932=VECTOR('',#3220,10.);
#933=VECTOR('',#3221,10.);
#934=VECTOR('',#3222,10.);
#935=VECTOR('',#3225,10.);
#936=VECTOR('',#3226,10.);
#937=VECTOR('',#3227,10.);
#938=VECTOR('',#3234,10.);
#939=VECTOR('',#3235,10.);
#940=VECTOR('',#3236,10.);
#941=VECTOR('',#3245,2.);
#942=VECTOR('',#3248,3.);
#943=VECTOR('',#3251,10.);
#944=VECTOR('',#3252,10.);
#945=VECTOR('',#3255,10.);
#946=VECTOR('',#3258,10.);
#947=CIRCLE('',#2409,2.5);
#948=CIRCLE('',#2410,2.5);
#949=CIRCLE('',#2412,2.5);
#950=CIRCLE('',#2413,2.5);
#951=CIRCLE('',#2415,2.5);
#952=CIRCLE('',#2416,2.5);
#953=CIRCLE('',#2418,2.5);
#954=CIRCLE('',#2419,2.5);
#955=CIRCLE('',#2428,1.);
#956=CIRCLE('',#2429,1.);
#957=CIRCLE('',#2432,1.);
#958=CIRCLE('',#2433,1.);
#959=CIRCLE('',#2436,1.);
#960=CIRCLE('',#2437,1.);
#961=CIRCLE('',#2440,1.);
#962=CIRCLE('',#2441,1.);
#963=CIRCLE('',#2444,1.);
#964=CIRCLE('',#2445,1.);
#965=CIRCLE('',#2448,1.);
#966=CIRCLE('',#2449,1.);
#967=CIRCLE('',#2450,1.);
#968=CIRCLE('',#2452,1.);
#969=CIRCLE('',#2454,1.);
#970=CIRCLE('',#2455,1.);
#971=CIRCLE('',#2456,3.);
#972=CIRCLE('',#2457,3.);
#973=CIRCLE('',#2458,3.);
#974=CIRCLE('',#2459,3.);
#975=CIRCLE('',#2462,1.);
#976=CIRCLE('',#2464,1.);
#977=CIRCLE('',#2467,1.);
#978=CIRCLE('',#2470,1.);
#979=CIRCLE('',#2504,3.);
#980=CIRCLE('',#2506,3.);
#981=CIRCLE('',#2509,3.);
#982=CIRCLE('',#2510,3.);
#983=CIRCLE('',#2512,3.);
#984=CIRCLE('',#2514,2.);
#985=CIRCLE('',#2516,2.);
#986=CIRCLE('',#2520,2.);
#987=CIRCLE('',#2523,2.);
#988=CIRCLE('',#2525,2.);
#989=CIRCLE('',#2528,3.);
#990=CIRCLE('',#2530,3.);
#991=CIRCLE('',#2533,3.);
#992=CIRCLE('',#2534,3.);
#993=CIRCLE('',#2536,3.);
#994=CIRCLE('',#2538,2.);
#995=CIRCLE('',#2540,2.);
#996=CIRCLE('',#2544,2.);
#997=CIRCLE('',#2547,2.);
#998=CIRCLE('',#2549,2.);
#999=CIRCLE('',#2552,3.);
#1000=CIRCLE('',#2554,3.);
#1001=CIRCLE('',#2557,3.);
#1002=CIRCLE('',#2558,3.);
#1003=CIRCLE('',#2560,3.);
#1004=CIRCLE('',#2562,2.);
#1005=CIRCLE('',#2564,2.);
#1006=CIRCLE('',#2568,2.);
#1007=CIRCLE('',#2571,2.);
#1008=CIRCLE('',#2573,2.);
#1009=CIRCLE('',#2576,3.);
#1010=CIRCLE('',#2578,3.);
#1011=CIRCLE('',#2581,3.);
#1012=CIRCLE('',#2582,3.);
#1013=CIRCLE('',#2584,3.);
#1014=CIRCLE('',#2586,2.);
#1015=CIRCLE('',#2588,2.);
#1016=CIRCLE('',#2592,2.);
#1017=CIRCLE('',#2595,2.);
#1018=CIRCLE('',#2597,2.);
#1019=VERTEX_POINT('',#3268);
#1020=VERTEX_POINT('',#3270);
#1021=VERTEX_POINT('',#3274);
#1022=VERTEX_POINT('',#3276);
#1023=VERTEX_POINT('',#3280);
#1024=VERTEX_POINT('',#3282);
#1025=VERTEX_POINT('',#3286);
#1026=VERTEX_POINT('',#3288);
#1027=VERTEX_POINT('',#3292);
#1028=VERTEX_POINT('',#3293);
#1029=VERTEX_POINT('',#3295);
#1030=VERTEX_POINT('',#3297);
#1031=VERTEX_POINT('',#3301);
#1032=VERTEX_POINT('',#3303);
#1033=VERTEX_POINT('',#3307);
#1034=VERTEX_POINT('',#3309);
#1035=VERTEX_POINT('',#3319);
#1036=VERTEX_POINT('',#3320);
#1037=VERTEX_POINT('',#3322);
#1038=VERTEX_POINT('',#3324);
#1039=VERTEX_POINT('',#3328);
#1040=VERTEX_POINT('',#3330);
#1041=VERTEX_POINT('',#3334);
#1042=VERTEX_POINT('',#3335);
#1043=VERTEX_POINT('',#3337);
#1044=VERTEX_POINT('',#3339);
#1045=VERTEX_POINT('',#3346);
#1046=VERTEX_POINT('',#3347);
#1047=VERTEX_POINT('',#3349);
#1048=VERTEX_POINT('',#3351);
#1049=VERTEX_POINT('',#3358);
#1050=VERTEX_POINT('',#3360);
#1051=VERTEX_POINT('',#3367);
#1052=VERTEX_POINT('',#3368);
#1053=VERTEX_POINT('',#3370);
#1054=VERTEX_POINT('',#3372);
#1055=VERTEX_POINT('',#3376);
#1056=VERTEX_POINT('',#3378);
#1057=VERTEX_POINT('',#3382);
#1058=VERTEX_POINT('',#3384);
#1059=VERTEX_POINT('',#3386);
#1060=VERTEX_POINT('',#3388);
#1061=VERTEX_POINT('',#3390);
#1062=VERTEX_POINT('',#3392);
#1063=VERTEX_POINT('',#3394);
#1064=VERTEX_POINT('',#3396);
#1065=VERTEX_POINT('',#3398);
#1066=VERTEX_POINT('',#3400);
#1067=VERTEX_POINT('',#3402);
#1068=VERTEX_POINT('',#3404);
#1069=VERTEX_POINT('',#3406);
#1070=VERTEX_POINT('',#3410);
#1071=VERTEX_POINT('',#3411);
#1072=VERTEX_POINT('',#3416);
#1073=VERTEX_POINT('',#3418);
#1074=VERTEX_POINT('',#3420);
#1075=VERTEX_POINT('',#3422);
#1076=VERTEX_POINT('',#3424);
#1077=VERTEX_POINT('',#3426);
#1078=VERTEX_POINT('',#3428);
#1079=VERTEX_POINT('',#3431);
#1080=VERTEX_POINT('',#3433);
#1081=VERTEX_POINT('',#3435);
#1082=VERTEX_POINT('',#3437);
#1083=VERTEX_POINT('',#3439);
#1084=VERTEX_POINT('',#3441);
#1085=VERTEX_POINT('',#3444);
#1086=VERTEX_POINT('',#3446);
#1087=VERTEX_POINT('',#3448);
#1088=VERTEX_POINT('',#3450);
#1089=VERTEX_POINT('',#3453);
#1090=VERTEX_POINT('',#3455);
#1091=VERTEX_POINT('',#3459);
#1092=VERTEX_POINT('',#3463);
#1093=VERTEX_POINT('',#3467);
#1094=VERTEX_POINT('',#3471);
#1095=VERTEX_POINT('',#3473);
#1096=VERTEX_POINT('',#3477);
#1097=VERTEX_POINT('',#3481);
#1098=VERTEX_POINT('',#3485);
#1099=VERTEX_POINT('',#3486);
#1100=VERTEX_POINT('',#3488);
#1101=VERTEX_POINT('',#3490);
#1102=VERTEX_POINT('',#3494);
#1103=VERTEX_POINT('',#3495);
#1104=VERTEX_POINT('',#3497);
#1105=VERTEX_POINT('',#3499);
#1106=VERTEX_POINT('',#3503);
#1107=VERTEX_POINT('',#3505);
#1108=VERTEX_POINT('',#3509);
#1109=VERTEX_POINT('',#3511);
#1110=VERTEX_POINT('',#3515);
#1111=VERTEX_POINT('',#3517);
#1112=VERTEX_POINT('',#3521);
#1113=VERTEX_POINT('',#3523);
#1114=VERTEX_POINT('',#3527);
#1115=VERTEX_POINT('',#3529);
#1116=VERTEX_POINT('',#3533);
#1117=VERTEX_POINT('',#3535);
#1118=VERTEX_POINT('',#3542);
#1119=VERTEX_POINT('',#3544);
#1120=VERTEX_POINT('',#3548);
#1121=VERTEX_POINT('',#3550);
#1122=VERTEX_POINT('',#3557);
#1123=VERTEX_POINT('',#3558);
#1124=VERTEX_POINT('',#3560);
#1125=VERTEX_POINT('',#3562);
#1126=VERTEX_POINT('',#3566);
#1127=VERTEX_POINT('',#3567);
#1128=VERTEX_POINT('',#3569);
#1129=VERTEX_POINT('',#3571);
#1130=VERTEX_POINT('',#3575);
#1131=VERTEX_POINT('',#3577);
#1132=VERTEX_POINT('',#3581);
#1133=VERTEX_POINT('',#3583);
#1134=VERTEX_POINT('',#3587);
#1135=VERTEX_POINT('',#3589);
#1136=VERTEX_POINT('',#3593);
#1137=VERTEX_POINT('',#3595);
#1138=VERTEX_POINT('',#3599);
#1139=VERTEX_POINT('',#3601);
#1140=VERTEX_POINT('',#3605);
#1141=VERTEX_POINT('',#3607);
#1142=VERTEX_POINT('',#3614);
#1143=VERTEX_POINT('',#3616);
#1144=VERTEX_POINT('',#3620);
#1145=VERTEX_POINT('',#3622);
#1146=VERTEX_POINT('',#3644);
#1147=VERTEX_POINT('',#3645);
#1148=VERTEX_POINT('',#3647);
#1149=VERTEX_POINT('',#3649);
#1150=VERTEX_POINT('',#3653);
#1151=VERTEX_POINT('',#3654);
#1152=VERTEX_POINT('',#3656);
#1153=VERTEX_POINT('',#3658);
#1154=VERTEX_POINT('',#3662);
#1155=VERTEX_POINT('',#3664);
#1156=VERTEX_POINT('',#3666);
#1157=VERTEX_POINT('',#3670);
#1158=VERTEX_POINT('',#3671);
#1159=VERTEX_POINT('',#3673);
#1160=VERTEX_POINT('',#3677);
#1161=VERTEX_POINT('',#3678);
#1162=VERTEX_POINT('',#3682);
#1163=VERTEX_POINT('',#3686);
#1164=VERTEX_POINT('',#3690);
#1165=VERTEX_POINT('',#3692);
#1166=VERTEX_POINT('',#3694);
#1167=VERTEX_POINT('',#3710);
#1168=VERTEX_POINT('',#3716);
#1169=VERTEX_POINT('',#3717);
#1170=VERTEX_POINT('',#3719);
#1171=VERTEX_POINT('',#3721);
#1172=VERTEX_POINT('',#3725);
#1173=VERTEX_POINT('',#3726);
#1174=VERTEX_POINT('',#3728);
#1175=VERTEX_POINT('',#3730);
#1176=VERTEX_POINT('',#3734);
#1177=VERTEX_POINT('',#3736);
#1178=VERTEX_POINT('',#3738);
#1179=VERTEX_POINT('',#3742);
#1180=VERTEX_POINT('',#3743);
#1181=VERTEX_POINT('',#3745);
#1182=VERTEX_POINT('',#3749);
#1183=VERTEX_POINT('',#3750);
#1184=VERTEX_POINT('',#3754);
#1185=VERTEX_POINT('',#3758);
#1186=VERTEX_POINT('',#3762);
#1187=VERTEX_POINT('',#3764);
#1188=VERTEX_POINT('',#3766);
#1189=VERTEX_POINT('',#3782);
#1190=VERTEX_POINT('',#3788);
#1191=VERTEX_POINT('',#3789);
#1192=VERTEX_POINT('',#3791);
#1193=VERTEX_POINT('',#3793);
#1194=VERTEX_POINT('',#3797);
#1195=VERTEX_POINT('',#3798);
#1196=VERTEX_POINT('',#3800);
#1197=VERTEX_POINT('',#3802);
#1198=VERTEX_POINT('',#3806);
#1199=VERTEX_POINT('',#3808);
#1200=VERTEX_POINT('',#3810);
#1201=VERTEX_POINT('',#3814);
#1202=VERTEX_POINT('',#3815);
#1203=VERTEX_POINT('',#3817);
#1204=VERTEX_POINT('',#3821);
#1205=VERTEX_POINT('',#3822);
#1206=VERTEX_POINT('',#3826);
#1207=VERTEX_POINT('',#3830);
#1208=VERTEX_POINT('',#3834);
#1209=VERTEX_POINT('',#3836);
#1210=VERTEX_POINT('',#3838);
#1211=VERTEX_POINT('',#3854);
#1212=VERTEX_POINT('',#3860);
#1213=VERTEX_POINT('',#3861);
#1214=VERTEX_POINT('',#3863);
#1215=VERTEX_POINT('',#3865);
#1216=VERTEX_POINT('',#3869);
#1217=VERTEX_POINT('',#3870);
#1218=VERTEX_POINT('',#3872);
#1219=VERTEX_POINT('',#3874);
#1220=VERTEX_POINT('',#3878);
#1221=VERTEX_POINT('',#3880);
#1222=VERTEX_POINT('',#3882);
#1223=VERTEX_POINT('',#3886);
#1224=VERTEX_POINT('',#3887);
#1225=VERTEX_POINT('',#3889);
#1226=VERTEX_POINT('',#3893);
#1227=VERTEX_POINT('',#3894);
#1228=VERTEX_POINT('',#3898);
#1229=VERTEX_POINT('',#3902);
#1230=VERTEX_POINT('',#3906);
#1231=VERTEX_POINT('',#3908);
#1232=VERTEX_POINT('',#3910);
#1233=VERTEX_POINT('',#3926);
#1234=VERTEX_POINT('',#3932);
#1235=EDGE_CURVE('',#1019,#1019,#947,.T.);
#1236=EDGE_CURVE('',#1019,#1020,#423,.T.);
#1237=EDGE_CURVE('',#1020,#1020,#948,.T.);
#1238=EDGE_CURVE('',#1021,#1021,#949,.T.);
#1239=EDGE_CURVE('',#1021,#1022,#424,.T.);
#1240=EDGE_CURVE('',#1022,#1022,#950,.T.);
#1241=EDGE_CURVE('',#1023,#1023,#951,.T.);
#1242=EDGE_CURVE('',#1023,#1024,#425,.T.);
#1243=EDGE_CURVE('',#1024,#1024,#952,.T.);
#1244=EDGE_CURVE('',#1025,#1025,#953,.T.);
#1245=EDGE_CURVE('',#1025,#1026,#426,.T.);
#1246=EDGE_CURVE('',#1026,#1026,#954,.T.);
#1247=EDGE_CURVE('',#1027,#1028,#427,.T.);
#1248=EDGE_CURVE('',#1027,#1029,#428,.T.);
#1249=EDGE_CURVE('',#1030,#1029,#429,.T.);
#1250=EDGE_CURVE('',#1028,#1030,#430,.T.);
#1251=EDGE_CURVE('',#1028,#1031,#431,.T.);
#1252=EDGE_CURVE('',#1032,#1030,#432,.T.);
#1253=EDGE_CURVE('',#1031,#1032,#433,.T.);
#1254=EDGE_CURVE('',#1031,#1033,#434,.T.);
#1255=EDGE_CURVE('',#1034,#1032,#435,.T.);
#1256=EDGE_CURVE('',#1033,#1034,#436,.T.);
#1257=EDGE_CURVE('',#1033,#1027,#437,.T.);
#1258=EDGE_CURVE('',#1029,#1034,#438,.T.);
#1259=EDGE_CURVE('',#1035,#1036,#955,.T.);
#1260=EDGE_CURVE('',#1036,#1037,#439,.T.);
#1261=EDGE_CURVE('',#1037,#1038,#956,.T.);
#1262=EDGE_CURVE('',#1038,#1035,#440,.T.);
#1263=EDGE_CURVE('',#1039,#1036,#441,.T.);
#1264=EDGE_CURVE('',#1040,#1039,#442,.T.);
#1265=EDGE_CURVE('',#1037,#1040,#443,.T.);
#1266=EDGE_CURVE('',#1041,#1042,#957,.T.);
#1267=EDGE_CURVE('',#1042,#1043,#444,.T.);
#1268=EDGE_CURVE('',#1043,#1044,#958,.T.);
#1269=EDGE_CURVE('',#1044,#1041,#445,.T.);
#1270=EDGE_CURVE('',#1043,#1038,#446,.T.);
#1271=EDGE_CURVE('',#1035,#1042,#447,.T.);
#1272=EDGE_CURVE('',#1045,#1046,#959,.T.);
#1273=EDGE_CURVE('',#1046,#1047,#448,.T.);
#1274=EDGE_CURVE('',#1047,#1048,#960,.T.);
#1275=EDGE_CURVE('',#1048,#1045,#449,.T.);
#1276=EDGE_CURVE('',#1047,#1044,#450,.T.);
#1277=EDGE_CURVE('',#1041,#1046,#451,.T.);
#1278=EDGE_CURVE('',#1039,#1049,#961,.T.);
#1279=EDGE_CURVE('',#1049,#1050,#452,.T.);
#1280=EDGE_CURVE('',#1050,#1040,#962,.T.);
#1281=EDGE_CURVE('',#1050,#1048,#453,.T.);
#1282=EDGE_CURVE('',#1045,#1049,#454,.T.);
#1283=EDGE_CURVE('',#1051,#1052,#963,.T.);
#1284=EDGE_CURVE('',#1052,#1053,#455,.T.);
#1285=EDGE_CURVE('',#1053,#1054,#964,.T.);
#1286=EDGE_CURVE('',#1054,#1051,#456,.T.);
#1287=EDGE_CURVE('',#1054,#1055,#457,.T.);
#1288=EDGE_CURVE('',#1055,#1056,#458,.T.);
#1289=EDGE_CURVE('',#1056,#1051,#459,.T.);
#1290=EDGE_CURVE('',#1057,#1053,#460,.T.);
#1291=EDGE_CURVE('',#1058,#1057,#965,.T.);
#1292=EDGE_CURVE('',#1058,#1059,#461,.T.);
#1293=EDGE_CURVE('',#1060,#1059,#966,.T.);
#1294=EDGE_CURVE('',#1060,#1061,#462,.T.);
#1295=EDGE_CURVE('',#1062,#1061,#967,.T.);
#1296=EDGE_CURVE('',#1063,#1062,#463,.T.);
#1297=EDGE_CURVE('',#1064,#1063,#464,.T.);
#1298=EDGE_CURVE('',#1065,#1064,#465,.T.);
#1299=EDGE_CURVE('',#1066,#1065,#466,.T.);
#1300=EDGE_CURVE('',#1066,#1067,#467,.T.);
#1301=EDGE_CURVE('',#1068,#1067,#468,.T.);
#1302=EDGE_CURVE('',#1069,#1068,#469,.T.);
#1303=EDGE_CURVE('',#1055,#1069,#470,.T.);
#1304=EDGE_CURVE('',#1070,#1071,#968,.T.);
#1305=EDGE_CURVE('',#1071,#1062,#471,.T.);
#1306=EDGE_CURVE('',#1061,#1070,#472,.T.);
#1307=EDGE_CURVE('',#1072,#1056,#473,.T.);
#1308=EDGE_CURVE('',#1073,#1072,#474,.T.);
#1309=EDGE_CURVE('',#1074,#1073,#475,.T.);
#1310=EDGE_CURVE('',#1074,#1075,#476,.T.);
#1311=EDGE_CURVE('',#1076,#1075,#477,.T.);
#1312=EDGE_CURVE('',#1077,#1076,#478,.T.);
#1313=EDGE_CURVE('',#1078,#1077,#479,.T.);
#1314=EDGE_CURVE('',#1071,#1078,#480,.T.);
#1315=EDGE_CURVE('',#1079,#1070,#481,.T.);
#1316=EDGE_CURVE('',#1080,#1079,#969,.T.);
#1317=EDGE_CURVE('',#1080,#1081,#482,.T.);
#1318=EDGE_CURVE('',#1081,#1082,#483,.T.);
#1319=EDGE_CURVE('',#1082,#1083,#484,.T.);
#1320=EDGE_CURVE('',#1084,#1083,#970,.T.);
#1321=EDGE_CURVE('',#1084,#1052,#485,.T.);
#1322=EDGE_CURVE('',#1085,#1085,#971,.T.);
#1323=EDGE_CURVE('',#1086,#1086,#972,.T.);
#1324=EDGE_CURVE('',#1087,#1087,#973,.T.);
#1325=EDGE_CURVE('',#1088,#1088,#974,.T.);
#1326=EDGE_CURVE('',#1089,#1060,#486,.T.);
#1327=EDGE_CURVE('',#1090,#1089,#487,.T.);
#1328=EDGE_CURVE('',#1079,#1090,#488,.T.);
#1329=EDGE_CURVE('',#1090,#1091,#975,.T.);
#1330=EDGE_CURVE('',#1091,#1080,#489,.T.);
#1331=EDGE_CURVE('',#1059,#1092,#490,.T.);
#1332=EDGE_CURVE('',#1089,#1092,#976,.T.);
#1333=EDGE_CURVE('',#1093,#1058,#491,.T.);
#1334=EDGE_CURVE('',#1092,#1093,#492,.T.);
#1335=EDGE_CURVE('',#1083,#1094,#493,.T.);
#1336=EDGE_CURVE('',#1094,#1095,#977,.T.);
#1337=EDGE_CURVE('',#1095,#1084,#494,.T.);
#1338=EDGE_CURVE('',#1096,#1082,#495,.T.);
#1339=EDGE_CURVE('',#1094,#1096,#496,.T.);
#1340=EDGE_CURVE('',#1057,#1097,#497,.T.);
#1341=EDGE_CURVE('',#1097,#1093,#978,.F.);
#1342=EDGE_CURVE('',#1098,#1099,#498,.T.);
#1343=EDGE_CURVE('',#1100,#1098,#499,.T.);
#1344=EDGE_CURVE('',#1101,#1100,#500,.T.);
#1345=EDGE_CURVE('',#1101,#1099,#501,.T.);
#1346=EDGE_CURVE('',#1102,#1103,#502,.T.);
#1347=EDGE_CURVE('',#1102,#1104,#503,.T.);
#1348=EDGE_CURVE('',#1105,#1104,#504,.T.);
#1349=EDGE_CURVE('',#1103,#1105,#505,.T.);
#1350=EDGE_CURVE('',#1106,#1098,#506,.T.);
#1351=EDGE_CURVE('',#1107,#1106,#507,.T.);
#1352=EDGE_CURVE('',#1100,#1107,#508,.T.);
#1353=EDGE_CURVE('',#1103,#1108,#509,.T.);
#1354=EDGE_CURVE('',#1109,#1105,#510,.T.);
#1355=EDGE_CURVE('',#1108,#1109,#511,.T.);
#1356=EDGE_CURVE('',#1099,#1110,#512,.T.);
#1357=EDGE_CURVE('',#1111,#1101,#513,.T.);
#1358=EDGE_CURVE('',#1111,#1110,#514,.T.);
#1359=EDGE_CURVE('',#1112,#1106,#515,.T.);
#1360=EDGE_CURVE('',#1113,#1112,#516,.T.);
#1361=EDGE_CURVE('',#1107,#1113,#517,.T.);
#1362=EDGE_CURVE('',#1108,#1114,#518,.T.);
#1363=EDGE_CURVE('',#1115,#1109,#519,.T.);
#1364=EDGE_CURVE('',#1114,#1115,#520,.T.);
#1365=EDGE_CURVE('',#1110,#1116,#521,.T.);
#1366=EDGE_CURVE('',#1117,#1111,#522,.T.);
#1367=EDGE_CURVE('',#1117,#1116,#523,.T.);
#1368=EDGE_CURVE('',#1116,#1112,#524,.T.);
#1369=EDGE_CURVE('',#1113,#1117,#525,.T.);
#1370=EDGE_CURVE('',#1114,#1118,#526,.T.);
#1371=EDGE_CURVE('',#1119,#1115,#527,.T.);
#1372=EDGE_CURVE('',#1118,#1119,#528,.T.);
#1373=EDGE_CURVE('',#1120,#1102,#529,.T.);
#1374=EDGE_CURVE('',#1120,#1121,#530,.T.);
#1375=EDGE_CURVE('',#1104,#1121,#531,.T.);
#1376=EDGE_CURVE('',#1118,#1120,#532,.T.);
#1377=EDGE_CURVE('',#1121,#1119,#533,.T.);
#1378=EDGE_CURVE('',#1122,#1123,#534,.T.);
#1379=EDGE_CURVE('',#1124,#1122,#535,.T.);
#1380=EDGE_CURVE('',#1125,#1124,#536,.T.);
#1381=EDGE_CURVE('',#1125,#1123,#537,.T.);
#1382=EDGE_CURVE('',#1126,#1127,#538,.T.);
#1383=EDGE_CURVE('',#1126,#1128,#539,.T.);
#1384=EDGE_CURVE('',#1129,#1128,#540,.T.);
#1385=EDGE_CURVE('',#1127,#1129,#541,.T.);
#1386=EDGE_CURVE('',#1130,#1122,#542,.T.);
#1387=EDGE_CURVE('',#1131,#1130,#543,.T.);
#1388=EDGE_CURVE('',#1124,#1131,#544,.T.);
#1389=EDGE_CURVE('',#1127,#1132,#545,.T.);
#1390=EDGE_CURVE('',#1133,#1129,#546,.T.);
#1391=EDGE_CURVE('',#1132,#1133,#547,.T.);
#1392=EDGE_CURVE('',#1123,#1134,#548,.T.);
#1393=EDGE_CURVE('',#1135,#1125,#549,.T.);
#1394=EDGE_CURVE('',#1135,#1134,#550,.T.);
#1395=EDGE_CURVE('',#1136,#1130,#551,.T.);
#1396=EDGE_CURVE('',#1137,#1136,#552,.T.);
#1397=EDGE_CURVE('',#1131,#1137,#553,.T.);
#1398=EDGE_CURVE('',#1132,#1138,#554,.T.);
#1399=EDGE_CURVE('',#1139,#1133,#555,.T.);
#1400=EDGE_CURVE('',#1138,#1139,#556,.T.);
#1401=EDGE_CURVE('',#1134,#1140,#557,.T.);
#1402=EDGE_CURVE('',#1141,#1135,#558,.T.);
#1403=EDGE_CURVE('',#1141,#1140,#559,.T.);
#1404=EDGE_CURVE('',#1140,#1136,#560,.T.);
#1405=EDGE_CURVE('',#1137,#1141,#561,.T.);
#1406=EDGE_CURVE('',#1138,#1142,#562,.T.);
#1407=EDGE_CURVE('',#1143,#1139,#563,.T.);
#1408=EDGE_CURVE('',#1142,#1143,#564,.T.);
#1409=EDGE_CURVE('',#1144,#1126,#565,.T.);
#1410=EDGE_CURVE('',#1144,#1145,#566,.T.);
#1411=EDGE_CURVE('',#1128,#1145,#567,.T.);
#1412=EDGE_CURVE('',#1142,#1144,#568,.T.);
#1413=EDGE_CURVE('',#1145,#1143,#569,.T.);
#1414=EDGE_CURVE('',#1068,#1073,#570,.T.);
#1415=EDGE_CURVE('',#1074,#1067,#571,.T.);
#1416=EDGE_CURVE('',#1069,#1072,#572,.T.);
#1417=EDGE_CURVE('',#1066,#1075,#573,.T.);
#1418=EDGE_CURVE('',#1065,#1076,#574,.T.);
#1419=EDGE_CURVE('',#1063,#1078,#575,.T.);
#1420=EDGE_CURVE('',#1064,#1077,#576,.T.);
#1421=EDGE_CURVE('',#1146,#1147,#577,.T.);
#1422=EDGE_CURVE('',#1148,#1146,#578,.T.);
#1423=EDGE_CURVE('',#1149,#1148,#979,.T.);
#1424=EDGE_CURVE('',#1147,#1149,#579,.T.);
#1425=EDGE_CURVE('',#1150,#1151,#580,.T.);
#1426=EDGE_CURVE('',#1152,#1150,#980,.T.);
#1427=EDGE_CURVE('',#1153,#1152,#581,.T.);
#1428=EDGE_CURVE('',#1151,#1153,#582,.T.);
#1429=EDGE_CURVE('',#1147,#1154,#583,.T.);
#1430=EDGE_CURVE('',#1154,#1155,#584,.T.);
#1431=EDGE_CURVE('',#1155,#1156,#585,.T.);
#1432=EDGE_CURVE('',#1146,#1156,#586,.T.);
#1433=EDGE_CURVE('',#1157,#1158,#587,.T.);
#1434=EDGE_CURVE('',#1159,#1158,#981,.T.);
#1435=EDGE_CURVE('',#1157,#1159,#982,.T.);
#1436=EDGE_CURVE('',#1160,#1161,#588,.T.);
#1437=EDGE_CURVE('',#1160,#1161,#983,.T.);
#1438=EDGE_CURVE('',#1162,#1154,#589,.T.);
#1439=EDGE_CURVE('',#1155,#1162,#984,.T.);
#1440=EDGE_CURVE('',#1163,#1155,#985,.T.);
#1441=EDGE_CURVE('',#1156,#1163,#590,.T.);
#1442=EDGE_CURVE('',#1153,#1164,#591,.T.);
#1443=EDGE_CURVE('',#1164,#1165,#592,.T.);
#1444=EDGE_CURVE('',#1165,#1166,#593,.T.);
#1445=EDGE_CURVE('',#1151,#1166,#594,.T.);
#1446=EDGE_CURVE('',#1160,#1148,#595,.T.);
#1447=EDGE_CURVE('',#1163,#1164,#596,.T.);
#1448=EDGE_CURVE('',#1161,#1152,#597,.T.);
#1449=EDGE_CURVE('',#1165,#1163,#986,.T.);
#1450=EDGE_CURVE('',#1157,#1150,#598,.T.);
#1451=EDGE_CURVE('',#1166,#1162,#599,.T.);
#1452=EDGE_CURVE('',#1158,#1149,#600,.T.);
#1453=EDGE_CURVE('',#1162,#1165,#987,.T.);
#1454=EDGE_CURVE('',#1167,#1167,#988,.T.);
#1455=EDGE_CURVE('',#1167,#1162,#601,.T.);
#1456=EDGE_CURVE('',#1085,#1159,#602,.T.);
#1457=EDGE_CURVE('',#1168,#1169,#603,.T.);
#1458=EDGE_CURVE('',#1170,#1168,#604,.T.);
#1459=EDGE_CURVE('',#1171,#1170,#989,.T.);
#1460=EDGE_CURVE('',#1169,#1171,#605,.T.);
#1461=EDGE_CURVE('',#1172,#1173,#606,.T.);
#1462=EDGE_CURVE('',#1174,#1172,#990,.T.);
#1463=EDGE_CURVE('',#1175,#1174,#607,.T.);
#1464=EDGE_CURVE('',#1173,#1175,#608,.T.);
#1465=EDGE_CURVE('',#1169,#1176,#609,.T.);
#1466=EDGE_CURVE('',#1176,#1177,#610,.T.);
#1467=EDGE_CURVE('',#1177,#1178,#611,.T.);
#1468=EDGE_CURVE('',#1168,#1178,#612,.T.);
#1469=EDGE_CURVE('',#1179,#1180,#613,.T.);
#1470=EDGE_CURVE('',#1181,#1180,#991,.T.);
#1471=EDGE_CURVE('',#1179,#1181,#992,.T.);
#1472=EDGE_CURVE('',#1182,#1183,#614,.T.);
#1473=EDGE_CURVE('',#1182,#1183,#993,.T.);
#1474=EDGE_CURVE('',#1184,#1176,#615,.T.);
#1475=EDGE_CURVE('',#1177,#1184,#994,.T.);
#1476=EDGE_CURVE('',#1185,#1177,#995,.T.);
#1477=EDGE_CURVE('',#1178,#1185,#616,.T.);
#1478=EDGE_CURVE('',#1175,#1186,#617,.T.);
#1479=EDGE_CURVE('',#1186,#1187,#618,.T.);
#1480=EDGE_CURVE('',#1187,#1188,#619,.T.);
#1481=EDGE_CURVE('',#1173,#1188,#620,.T.);
#1482=EDGE_CURVE('',#1182,#1170,#621,.T.);
#1483=EDGE_CURVE('',#1185,#1186,#622,.T.);
#1484=EDGE_CURVE('',#1183,#1174,#623,.T.);
#1485=EDGE_CURVE('',#1187,#1185,#996,.T.);
#1486=EDGE_CURVE('',#1179,#1172,#624,.T.);
#1487=EDGE_CURVE('',#1188,#1184,#625,.T.);
#1488=EDGE_CURVE('',#1180,#1171,#626,.T.);
#1489=EDGE_CURVE('',#1184,#1187,#997,.T.);
#1490=EDGE_CURVE('',#1189,#1189,#998,.T.);
#1491=EDGE_CURVE('',#1189,#1184,#627,.T.);
#1492=EDGE_CURVE('',#1088,#1181,#628,.T.);
#1493=EDGE_CURVE('',#1190,#1191,#629,.T.);
#1494=EDGE_CURVE('',#1192,#1190,#630,.T.);
#1495=EDGE_CURVE('',#1193,#1192,#999,.T.);
#1496=EDGE_CURVE('',#1191,#1193,#631,.T.);
#1497=EDGE_CURVE('',#1194,#1195,#632,.T.);
#1498=EDGE_CURVE('',#1196,#1194,#1000,.T.);
#1499=EDGE_CURVE('',#1197,#1196,#633,.T.);
#1500=EDGE_CURVE('',#1195,#1197,#634,.T.);
#1501=EDGE_CURVE('',#1191,#1198,#635,.T.);
#1502=EDGE_CURVE('',#1198,#1199,#636,.T.);
#1503=EDGE_CURVE('',#1199,#1200,#637,.T.);
#1504=EDGE_CURVE('',#1190,#1200,#638,.T.);
#1505=EDGE_CURVE('',#1201,#1202,#639,.T.);
#1506=EDGE_CURVE('',#1203,#1202,#1001,.T.);
#1507=EDGE_CURVE('',#1201,#1203,#1002,.T.);
#1508=EDGE_CURVE('',#1204,#1205,#640,.T.);
#1509=EDGE_CURVE('',#1204,#1205,#1003,.T.);
#1510=EDGE_CURVE('',#1206,#1198,#641,.T.);
#1511=EDGE_CURVE('',#1199,#1206,#1004,.T.);
#1512=EDGE_CURVE('',#1207,#1199,#1005,.T.);
#1513=EDGE_CURVE('',#1200,#1207,#642,.T.);
#1514=EDGE_CURVE('',#1197,#1208,#643,.T.);
#1515=EDGE_CURVE('',#1208,#1209,#644,.T.);
#1516=EDGE_CURVE('',#1209,#1210,#645,.T.);
#1517=EDGE_CURVE('',#1195,#1210,#646,.T.);
#1518=EDGE_CURVE('',#1204,#1192,#647,.T.);
#1519=EDGE_CURVE('',#1207,#1208,#648,.T.);
#1520=EDGE_CURVE('',#1205,#1196,#649,.T.);
#1521=EDGE_CURVE('',#1209,#1207,#1006,.T.);
#1522=EDGE_CURVE('',#1201,#1194,#650,.T.);
#1523=EDGE_CURVE('',#1210,#1206,#651,.T.);
#1524=EDGE_CURVE('',#1202,#1193,#652,.T.);
#1525=EDGE_CURVE('',#1206,#1209,#1007,.T.);
#1526=EDGE_CURVE('',#1211,#1211,#1008,.T.);
#1527=EDGE_CURVE('',#1211,#1206,#653,.T.);
#1528=EDGE_CURVE('',#1086,#1203,#654,.T.);
#1529=EDGE_CURVE('',#1212,#1213,#655,.T.);
#1530=EDGE_CURVE('',#1214,#1212,#656,.T.);
#1531=EDGE_CURVE('',#1215,#1214,#1009,.T.);
#1532=EDGE_CURVE('',#1213,#1215,#657,.T.);
#1533=EDGE_CURVE('',#1216,#1217,#658,.T.);
#1534=EDGE_CURVE('',#1218,#1216,#1010,.T.);
#1535=EDGE_CURVE('',#1219,#1218,#659,.T.);
#1536=EDGE_CURVE('',#1217,#1219,#660,.T.);
#1537=EDGE_CURVE('',#1213,#1220,#661,.T.);
#1538=EDGE_CURVE('',#1220,#1221,#662,.T.);
#1539=EDGE_CURVE('',#1221,#1222,#663,.T.);
#1540=EDGE_CURVE('',#1212,#1222,#664,.T.);
#1541=EDGE_CURVE('',#1223,#1224,#665,.T.);
#1542=EDGE_CURVE('',#1225,#1224,#1011,.T.);
#1543=EDGE_CURVE('',#1223,#1225,#1012,.T.);
#1544=EDGE_CURVE('',#1226,#1227,#666,.T.);
#1545=EDGE_CURVE('',#1226,#1227,#1013,.T.);
#1546=EDGE_CURVE('',#1228,#1220,#667,.T.);
#1547=EDGE_CURVE('',#1221,#1228,#1014,.T.);
#1548=EDGE_CURVE('',#1229,#1221,#1015,.T.);
#1549=EDGE_CURVE('',#1222,#1229,#668,.T.);
#1550=EDGE_CURVE('',#1219,#1230,#669,.T.);
#1551=EDGE_CURVE('',#1230,#1231,#670,.T.);
#1552=EDGE_CURVE('',#1231,#1232,#671,.T.);
#1553=EDGE_CURVE('',#1217,#1232,#672,.T.);
#1554=EDGE_CURVE('',#1226,#1214,#673,.T.);
#1555=EDGE_CURVE('',#1229,#1230,#674,.T.);
#1556=EDGE_CURVE('',#1227,#1218,#675,.T.);
#1557=EDGE_CURVE('',#1231,#1229,#1016,.T.);
#1558=EDGE_CURVE('',#1223,#1216,#676,.T.);
#1559=EDGE_CURVE('',#1232,#1228,#677,.T.);
#1560=EDGE_CURVE('',#1224,#1215,#678,.T.);
#1561=EDGE_CURVE('',#1228,#1231,#1017,.T.);
#1562=EDGE_CURVE('',#1233,#1233,#1018,.T.);
#1563=EDGE_CURVE('',#1233,#1228,#679,.T.);
#1564=EDGE_CURVE('',#1087,#1225,#680,.T.);
#1565=EDGE_CURVE('',#1234,#1096,#681,.T.);
#1566=EDGE_CURVE('',#1234,#1081,#682,.T.);
#1567=EDGE_CURVE('',#1234,#1091,#683,.T.);
#1568=EDGE_CURVE('',#1097,#1095,#684,.T.);
#1569=ORIENTED_EDGE('',*,*,#1235,.F.);
#1570=ORIENTED_EDGE('',*,*,#1236,.T.);
#1571=ORIENTED_EDGE('',*,*,#1237,.F.);
#1572=ORIENTED_EDGE('',*,*,#1236,.F.);
#1573=ORIENTED_EDGE('',*,*,#1238,.F.);
#1574=ORIENTED_EDGE('',*,*,#1239,.T.);
#1575=ORIENTED_EDGE('',*,*,#1240,.F.);
#1576=ORIENTED_EDGE('',*,*,#1239,.F.);
#1577=ORIENTED_EDGE('',*,*,#1241,.F.);
#1578=ORIENTED_EDGE('',*,*,#1242,.T.);
#1579=ORIENTED_EDGE('',*,*,#1243,.F.);
#1580=ORIENTED_EDGE('',*,*,#1242,.F.);
#1581=ORIENTED_EDGE('',*,*,#1244,.F.);
#1582=ORIENTED_EDGE('',*,*,#1245,.T.);
#1583=ORIENTED_EDGE('',*,*,#1246,.F.);
#1584=ORIENTED_EDGE('',*,*,#1245,.F.);
#1585=ORIENTED_EDGE('',*,*,#1247,.F.);
#1586=ORIENTED_EDGE('',*,*,#1248,.T.);
#1587=ORIENTED_EDGE('',*,*,#1249,.F.);
#1588=ORIENTED_EDGE('',*,*,#1250,.F.);
#1589=ORIENTED_EDGE('',*,*,#1251,.F.);
#1590=ORIENTED_EDGE('',*,*,#1250,.T.);
#1591=ORIENTED_EDGE('',*,*,#1252,.F.);
#1592=ORIENTED_EDGE('',*,*,#1253,.F.);
#1593=ORIENTED_EDGE('',*,*,#1254,.F.);
#1594=ORIENTED_EDGE('',*,*,#1253,.T.);
#1595=ORIENTED_EDGE('',*,*,#1255,.F.);
#1596=ORIENTED_EDGE('',*,*,#1256,.F.);
#1597=ORIENTED_EDGE('',*,*,#1257,.F.);
#1598=ORIENTED_EDGE('',*,*,#1256,.T.);
#1599=ORIENTED_EDGE('',*,*,#1258,.F.);
#1600=ORIENTED_EDGE('',*,*,#1248,.F.);
#1601=ORIENTED_EDGE('',*,*,#1258,.T.);
#1602=ORIENTED_EDGE('',*,*,#1255,.T.);
#1603=ORIENTED_EDGE('',*,*,#1252,.T.);
#1604=ORIENTED_EDGE('',*,*,#1249,.T.);
#1605=ORIENTED_EDGE('',*,*,#1237,.T.);
#1606=ORIENTED_EDGE('',*,*,#1240,.T.);
#1607=ORIENTED_EDGE('',*,*,#1243,.T.);
#1608=ORIENTED_EDGE('',*,*,#1246,.T.);
#1609=ORIENTED_EDGE('',*,*,#1257,.T.);
#1610=ORIENTED_EDGE('',*,*,#1247,.T.);
#1611=ORIENTED_EDGE('',*,*,#1251,.T.);
#1612=ORIENTED_EDGE('',*,*,#1254,.T.);
#1613=ORIENTED_EDGE('',*,*,#1235,.T.);
#1614=ORIENTED_EDGE('',*,*,#1238,.T.);
#1615=ORIENTED_EDGE('',*,*,#1241,.T.);
#1616=ORIENTED_EDGE('',*,*,#1244,.T.);
#1617=ORIENTED_EDGE('',*,*,#1259,.T.);
#1618=ORIENTED_EDGE('',*,*,#1260,.T.);
#1619=ORIENTED_EDGE('',*,*,#1261,.T.);
#1620=ORIENTED_EDGE('',*,*,#1262,.T.);
#1621=ORIENTED_EDGE('',*,*,#1260,.F.);
#1622=ORIENTED_EDGE('',*,*,#1263,.F.);
#1623=ORIENTED_EDGE('',*,*,#1264,.F.);
#1624=ORIENTED_EDGE('',*,*,#1265,.F.);
#1625=ORIENTED_EDGE('',*,*,#1266,.T.);
#1626=ORIENTED_EDGE('',*,*,#1267,.T.);
#1627=ORIENTED_EDGE('',*,*,#1268,.T.);
#1628=ORIENTED_EDGE('',*,*,#1269,.T.);
#1629=ORIENTED_EDGE('',*,*,#1262,.F.);
#1630=ORIENTED_EDGE('',*,*,#1270,.F.);
#1631=ORIENTED_EDGE('',*,*,#1267,.F.);
#1632=ORIENTED_EDGE('',*,*,#1271,.F.);
#1633=ORIENTED_EDGE('',*,*,#1272,.T.);
#1634=ORIENTED_EDGE('',*,*,#1273,.T.);
#1635=ORIENTED_EDGE('',*,*,#1274,.T.);
#1636=ORIENTED_EDGE('',*,*,#1275,.T.);
#1637=ORIENTED_EDGE('',*,*,#1269,.F.);
#1638=ORIENTED_EDGE('',*,*,#1276,.F.);
#1639=ORIENTED_EDGE('',*,*,#1273,.F.);
#1640=ORIENTED_EDGE('',*,*,#1277,.F.);
#1641=ORIENTED_EDGE('',*,*,#1278,.T.);
#1642=ORIENTED_EDGE('',*,*,#1279,.T.);
#1643=ORIENTED_EDGE('',*,*,#1280,.T.);
#1644=ORIENTED_EDGE('',*,*,#1264,.T.);
#1645=ORIENTED_EDGE('',*,*,#1275,.F.);
#1646=ORIENTED_EDGE('',*,*,#1281,.F.);
#1647=ORIENTED_EDGE('',*,*,#1279,.F.);
#1648=ORIENTED_EDGE('',*,*,#1282,.F.);
#1649=ORIENTED_EDGE('',*,*,#1283,.T.);
#1650=ORIENTED_EDGE('',*,*,#1284,.T.);
#1651=ORIENTED_EDGE('',*,*,#1285,.T.);
#1652=ORIENTED_EDGE('',*,*,#1286,.T.);
#1653=ORIENTED_EDGE('',*,*,#1286,.F.);
#1654=ORIENTED_EDGE('',*,*,#1287,.T.);
#1655=ORIENTED_EDGE('',*,*,#1288,.T.);
#1656=ORIENTED_EDGE('',*,*,#1289,.T.);
#1657=ORIENTED_EDGE('',*,*,#1285,.F.);
#1658=ORIENTED_EDGE('',*,*,#1290,.F.);
#1659=ORIENTED_EDGE('',*,*,#1291,.F.);
#1660=ORIENTED_EDGE('',*,*,#1292,.T.);
#1661=ORIENTED_EDGE('',*,*,#1293,.F.);
#1662=ORIENTED_EDGE('',*,*,#1294,.T.);
#1663=ORIENTED_EDGE('',*,*,#1295,.F.);
#1664=ORIENTED_EDGE('',*,*,#1296,.F.);
#1665=ORIENTED_EDGE('',*,*,#1297,.F.);
#1666=ORIENTED_EDGE('',*,*,#1298,.F.);
#1667=ORIENTED_EDGE('',*,*,#1299,.F.);
#1668=ORIENTED_EDGE('',*,*,#1300,.T.);
#1669=ORIENTED_EDGE('',*,*,#1301,.F.);
#1670=ORIENTED_EDGE('',*,*,#1302,.F.);
#1671=ORIENTED_EDGE('',*,*,#1303,.F.);
#1672=ORIENTED_EDGE('',*,*,#1287,.F.);
#1673=ORIENTED_EDGE('',*,*,#1304,.T.);
#1674=ORIENTED_EDGE('',*,*,#1305,.T.);
#1675=ORIENTED_EDGE('',*,*,#1295,.T.);
#1676=ORIENTED_EDGE('',*,*,#1306,.T.);
#1677=ORIENTED_EDGE('',*,*,#1283,.F.);
#1678=ORIENTED_EDGE('',*,*,#1289,.F.);
#1679=ORIENTED_EDGE('',*,*,#1307,.F.);
#1680=ORIENTED_EDGE('',*,*,#1308,.F.);
#1681=ORIENTED_EDGE('',*,*,#1309,.F.);
#1682=ORIENTED_EDGE('',*,*,#1310,.T.);
#1683=ORIENTED_EDGE('',*,*,#1311,.F.);
#1684=ORIENTED_EDGE('',*,*,#1312,.F.);
#1685=ORIENTED_EDGE('',*,*,#1313,.F.);
#1686=ORIENTED_EDGE('',*,*,#1314,.F.);
#1687=ORIENTED_EDGE('',*,*,#1304,.F.);
#1688=ORIENTED_EDGE('',*,*,#1315,.F.);
#1689=ORIENTED_EDGE('',*,*,#1316,.F.);
#1690=ORIENTED_EDGE('',*,*,#1317,.T.);
#1691=ORIENTED_EDGE('',*,*,#1318,.T.);
#1692=ORIENTED_EDGE('',*,*,#1319,.T.);
#1693=ORIENTED_EDGE('',*,*,#1320,.F.);
#1694=ORIENTED_EDGE('',*,*,#1321,.T.);
#1695=ORIENTED_EDGE('',*,*,#1322,.T.);
#1696=ORIENTED_EDGE('',*,*,#1323,.T.);
#1697=ORIENTED_EDGE('',*,*,#1265,.T.);
#1698=ORIENTED_EDGE('',*,*,#1280,.F.);
#1699=ORIENTED_EDGE('',*,*,#1281,.T.);
#1700=ORIENTED_EDGE('',*,*,#1274,.F.);
#1701=ORIENTED_EDGE('',*,*,#1276,.T.);
#1702=ORIENTED_EDGE('',*,*,#1268,.F.);
#1703=ORIENTED_EDGE('',*,*,#1270,.T.);
#1704=ORIENTED_EDGE('',*,*,#1261,.F.);
#1705=ORIENTED_EDGE('',*,*,#1324,.T.);
#1706=ORIENTED_EDGE('',*,*,#1325,.T.);
#1707=ORIENTED_EDGE('',*,*,#1306,.F.);
#1708=ORIENTED_EDGE('',*,*,#1294,.F.);
#1709=ORIENTED_EDGE('',*,*,#1326,.F.);
#1710=ORIENTED_EDGE('',*,*,#1327,.F.);
#1711=ORIENTED_EDGE('',*,*,#1328,.F.);
#1712=ORIENTED_EDGE('',*,*,#1315,.T.);
#1713=ORIENTED_EDGE('',*,*,#1316,.T.);
#1714=ORIENTED_EDGE('',*,*,#1328,.T.);
#1715=ORIENTED_EDGE('',*,*,#1329,.T.);
#1716=ORIENTED_EDGE('',*,*,#1330,.T.);
#1717=ORIENTED_EDGE('',*,*,#1293,.T.);
#1718=ORIENTED_EDGE('',*,*,#1331,.T.);
#1719=ORIENTED_EDGE('',*,*,#1332,.F.);
#1720=ORIENTED_EDGE('',*,*,#1326,.T.);
#1721=ORIENTED_EDGE('',*,*,#1331,.F.);
#1722=ORIENTED_EDGE('',*,*,#1292,.F.);
#1723=ORIENTED_EDGE('',*,*,#1333,.F.);
#1724=ORIENTED_EDGE('',*,*,#1334,.F.);
#1725=ORIENTED_EDGE('',*,*,#1320,.T.);
#1726=ORIENTED_EDGE('',*,*,#1335,.T.);
#1727=ORIENTED_EDGE('',*,*,#1336,.T.);
#1728=ORIENTED_EDGE('',*,*,#1337,.T.);
#1729=ORIENTED_EDGE('',*,*,#1335,.F.);
#1730=ORIENTED_EDGE('',*,*,#1319,.F.);
#1731=ORIENTED_EDGE('',*,*,#1338,.F.);
#1732=ORIENTED_EDGE('',*,*,#1339,.F.);
#1733=ORIENTED_EDGE('',*,*,#1291,.T.);
#1734=ORIENTED_EDGE('',*,*,#1340,.T.);
#1735=ORIENTED_EDGE('',*,*,#1341,.T.);
#1736=ORIENTED_EDGE('',*,*,#1333,.T.);
#1737=ORIENTED_EDGE('',*,*,#1342,.F.);
#1738=ORIENTED_EDGE('',*,*,#1343,.F.);
#1739=ORIENTED_EDGE('',*,*,#1344,.F.);
#1740=ORIENTED_EDGE('',*,*,#1345,.T.);
#1741=ORIENTED_EDGE('',*,*,#1346,.F.);
#1742=ORIENTED_EDGE('',*,*,#1347,.T.);
#1743=ORIENTED_EDGE('',*,*,#1348,.F.);
#1744=ORIENTED_EDGE('',*,*,#1349,.F.);
#1745=ORIENTED_EDGE('',*,*,#1350,.F.);
#1746=ORIENTED_EDGE('',*,*,#1351,.F.);
#1747=ORIENTED_EDGE('',*,*,#1352,.F.);
#1748=ORIENTED_EDGE('',*,*,#1343,.T.);
#1749=ORIENTED_EDGE('',*,*,#1353,.F.);
#1750=ORIENTED_EDGE('',*,*,#1349,.T.);
#1751=ORIENTED_EDGE('',*,*,#1354,.F.);
#1752=ORIENTED_EDGE('',*,*,#1355,.F.);
#1753=ORIENTED_EDGE('',*,*,#1356,.F.);
#1754=ORIENTED_EDGE('',*,*,#1345,.F.);
#1755=ORIENTED_EDGE('',*,*,#1357,.F.);
#1756=ORIENTED_EDGE('',*,*,#1358,.T.);
#1757=ORIENTED_EDGE('',*,*,#1359,.F.);
#1758=ORIENTED_EDGE('',*,*,#1360,.F.);
#1759=ORIENTED_EDGE('',*,*,#1361,.F.);
#1760=ORIENTED_EDGE('',*,*,#1351,.T.);
#1761=ORIENTED_EDGE('',*,*,#1362,.F.);
#1762=ORIENTED_EDGE('',*,*,#1355,.T.);
#1763=ORIENTED_EDGE('',*,*,#1363,.F.);
#1764=ORIENTED_EDGE('',*,*,#1364,.F.);
#1765=ORIENTED_EDGE('',*,*,#1365,.F.);
#1766=ORIENTED_EDGE('',*,*,#1358,.F.);
#1767=ORIENTED_EDGE('',*,*,#1366,.F.);
#1768=ORIENTED_EDGE('',*,*,#1367,.T.);
#1769=ORIENTED_EDGE('',*,*,#1368,.F.);
#1770=ORIENTED_EDGE('',*,*,#1367,.F.);
#1771=ORIENTED_EDGE('',*,*,#1369,.F.);
#1772=ORIENTED_EDGE('',*,*,#1360,.T.);
#1773=ORIENTED_EDGE('',*,*,#1370,.F.);
#1774=ORIENTED_EDGE('',*,*,#1364,.T.);
#1775=ORIENTED_EDGE('',*,*,#1371,.F.);
#1776=ORIENTED_EDGE('',*,*,#1372,.F.);
#1777=ORIENTED_EDGE('',*,*,#1373,.F.);
#1778=ORIENTED_EDGE('',*,*,#1374,.T.);
#1779=ORIENTED_EDGE('',*,*,#1375,.F.);
#1780=ORIENTED_EDGE('',*,*,#1347,.F.);
#1781=ORIENTED_EDGE('',*,*,#1376,.F.);
#1782=ORIENTED_EDGE('',*,*,#1372,.T.);
#1783=ORIENTED_EDGE('',*,*,#1377,.F.);
#1784=ORIENTED_EDGE('',*,*,#1374,.F.);
#1785=ORIENTED_EDGE('',*,*,#1378,.F.);
#1786=ORIENTED_EDGE('',*,*,#1379,.F.);
#1787=ORIENTED_EDGE('',*,*,#1380,.F.);
#1788=ORIENTED_EDGE('',*,*,#1381,.T.);
#1789=ORIENTED_EDGE('',*,*,#1382,.F.);
#1790=ORIENTED_EDGE('',*,*,#1383,.T.);
#1791=ORIENTED_EDGE('',*,*,#1384,.F.);
#1792=ORIENTED_EDGE('',*,*,#1385,.F.);
#1793=ORIENTED_EDGE('',*,*,#1386,.F.);
#1794=ORIENTED_EDGE('',*,*,#1387,.F.);
#1795=ORIENTED_EDGE('',*,*,#1388,.F.);
#1796=ORIENTED_EDGE('',*,*,#1379,.T.);
#1797=ORIENTED_EDGE('',*,*,#1389,.F.);
#1798=ORIENTED_EDGE('',*,*,#1385,.T.);
#1799=ORIENTED_EDGE('',*,*,#1390,.F.);
#1800=ORIENTED_EDGE('',*,*,#1391,.F.);
#1801=ORIENTED_EDGE('',*,*,#1392,.F.);
#1802=ORIENTED_EDGE('',*,*,#1381,.F.);
#1803=ORIENTED_EDGE('',*,*,#1393,.F.);
#1804=ORIENTED_EDGE('',*,*,#1394,.T.);
#1805=ORIENTED_EDGE('',*,*,#1395,.F.);
#1806=ORIENTED_EDGE('',*,*,#1396,.F.);
#1807=ORIENTED_EDGE('',*,*,#1397,.F.);
#1808=ORIENTED_EDGE('',*,*,#1387,.T.);
#1809=ORIENTED_EDGE('',*,*,#1398,.F.);
#1810=ORIENTED_EDGE('',*,*,#1391,.T.);
#1811=ORIENTED_EDGE('',*,*,#1399,.F.);
#1812=ORIENTED_EDGE('',*,*,#1400,.F.);
#1813=ORIENTED_EDGE('',*,*,#1401,.F.);
#1814=ORIENTED_EDGE('',*,*,#1394,.F.);
#1815=ORIENTED_EDGE('',*,*,#1402,.F.);
#1816=ORIENTED_EDGE('',*,*,#1403,.T.);
#1817=ORIENTED_EDGE('',*,*,#1404,.F.);
#1818=ORIENTED_EDGE('',*,*,#1403,.F.);
#1819=ORIENTED_EDGE('',*,*,#1405,.F.);
#1820=ORIENTED_EDGE('',*,*,#1396,.T.);
#1821=ORIENTED_EDGE('',*,*,#1406,.F.);
#1822=ORIENTED_EDGE('',*,*,#1400,.T.);
#1823=ORIENTED_EDGE('',*,*,#1407,.F.);
#1824=ORIENTED_EDGE('',*,*,#1408,.F.);
#1825=ORIENTED_EDGE('',*,*,#1409,.F.);
#1826=ORIENTED_EDGE('',*,*,#1410,.T.);
#1827=ORIENTED_EDGE('',*,*,#1411,.F.);
#1828=ORIENTED_EDGE('',*,*,#1383,.F.);
#1829=ORIENTED_EDGE('',*,*,#1412,.F.);
#1830=ORIENTED_EDGE('',*,*,#1408,.T.);
#1831=ORIENTED_EDGE('',*,*,#1413,.F.);
#1832=ORIENTED_EDGE('',*,*,#1410,.F.);
#1833=ORIENTED_EDGE('',*,*,#1309,.T.);
#1834=ORIENTED_EDGE('',*,*,#1414,.F.);
#1835=ORIENTED_EDGE('',*,*,#1301,.T.);
#1836=ORIENTED_EDGE('',*,*,#1415,.F.);
#1837=ORIENTED_EDGE('',*,*,#1370,.T.);
#1838=ORIENTED_EDGE('',*,*,#1376,.T.);
#1839=ORIENTED_EDGE('',*,*,#1373,.T.);
#1840=ORIENTED_EDGE('',*,*,#1346,.T.);
#1841=ORIENTED_EDGE('',*,*,#1353,.T.);
#1842=ORIENTED_EDGE('',*,*,#1362,.T.);
#1843=ORIENTED_EDGE('',*,*,#1406,.T.);
#1844=ORIENTED_EDGE('',*,*,#1412,.T.);
#1845=ORIENTED_EDGE('',*,*,#1409,.T.);
#1846=ORIENTED_EDGE('',*,*,#1382,.T.);
#1847=ORIENTED_EDGE('',*,*,#1389,.T.);
#1848=ORIENTED_EDGE('',*,*,#1398,.T.);
#1849=ORIENTED_EDGE('',*,*,#1308,.T.);
#1850=ORIENTED_EDGE('',*,*,#1416,.F.);
#1851=ORIENTED_EDGE('',*,*,#1302,.T.);
#1852=ORIENTED_EDGE('',*,*,#1414,.T.);
#1853=ORIENTED_EDGE('',*,*,#1307,.T.);
#1854=ORIENTED_EDGE('',*,*,#1288,.F.);
#1855=ORIENTED_EDGE('',*,*,#1303,.T.);
#1856=ORIENTED_EDGE('',*,*,#1416,.T.);
#1857=ORIENTED_EDGE('',*,*,#1371,.T.);
#1858=ORIENTED_EDGE('',*,*,#1363,.T.);
#1859=ORIENTED_EDGE('',*,*,#1354,.T.);
#1860=ORIENTED_EDGE('',*,*,#1348,.T.);
#1861=ORIENTED_EDGE('',*,*,#1375,.T.);
#1862=ORIENTED_EDGE('',*,*,#1377,.T.);
#1863=ORIENTED_EDGE('',*,*,#1407,.T.);
#1864=ORIENTED_EDGE('',*,*,#1399,.T.);
#1865=ORIENTED_EDGE('',*,*,#1390,.T.);
#1866=ORIENTED_EDGE('',*,*,#1384,.T.);
#1867=ORIENTED_EDGE('',*,*,#1411,.T.);
#1868=ORIENTED_EDGE('',*,*,#1413,.T.);
#1869=ORIENTED_EDGE('',*,*,#1415,.T.);
#1870=ORIENTED_EDGE('',*,*,#1300,.F.);
#1871=ORIENTED_EDGE('',*,*,#1417,.T.);
#1872=ORIENTED_EDGE('',*,*,#1310,.F.);
#1873=ORIENTED_EDGE('',*,*,#1311,.T.);
#1874=ORIENTED_EDGE('',*,*,#1417,.F.);
#1875=ORIENTED_EDGE('',*,*,#1299,.T.);
#1876=ORIENTED_EDGE('',*,*,#1418,.T.);
#1877=ORIENTED_EDGE('',*,*,#1368,.T.);
#1878=ORIENTED_EDGE('',*,*,#1359,.T.);
#1879=ORIENTED_EDGE('',*,*,#1350,.T.);
#1880=ORIENTED_EDGE('',*,*,#1342,.T.);
#1881=ORIENTED_EDGE('',*,*,#1356,.T.);
#1882=ORIENTED_EDGE('',*,*,#1365,.T.);
#1883=ORIENTED_EDGE('',*,*,#1404,.T.);
#1884=ORIENTED_EDGE('',*,*,#1395,.T.);
#1885=ORIENTED_EDGE('',*,*,#1386,.T.);
#1886=ORIENTED_EDGE('',*,*,#1378,.T.);
#1887=ORIENTED_EDGE('',*,*,#1392,.T.);
#1888=ORIENTED_EDGE('',*,*,#1401,.T.);
#1889=ORIENTED_EDGE('',*,*,#1305,.F.);
#1890=ORIENTED_EDGE('',*,*,#1314,.T.);
#1891=ORIENTED_EDGE('',*,*,#1419,.F.);
#1892=ORIENTED_EDGE('',*,*,#1296,.T.);
#1893=ORIENTED_EDGE('',*,*,#1313,.T.);
#1894=ORIENTED_EDGE('',*,*,#1420,.F.);
#1895=ORIENTED_EDGE('',*,*,#1297,.T.);
#1896=ORIENTED_EDGE('',*,*,#1419,.T.);
#1897=ORIENTED_EDGE('',*,*,#1369,.T.);
#1898=ORIENTED_EDGE('',*,*,#1366,.T.);
#1899=ORIENTED_EDGE('',*,*,#1357,.T.);
#1900=ORIENTED_EDGE('',*,*,#1344,.T.);
#1901=ORIENTED_EDGE('',*,*,#1352,.T.);
#1902=ORIENTED_EDGE('',*,*,#1361,.T.);
#1903=ORIENTED_EDGE('',*,*,#1405,.T.);
#1904=ORIENTED_EDGE('',*,*,#1402,.T.);
#1905=ORIENTED_EDGE('',*,*,#1393,.T.);
#1906=ORIENTED_EDGE('',*,*,#1380,.T.);
#1907=ORIENTED_EDGE('',*,*,#1388,.T.);
#1908=ORIENTED_EDGE('',*,*,#1397,.T.);
#1909=ORIENTED_EDGE('',*,*,#1312,.T.);
#1910=ORIENTED_EDGE('',*,*,#1418,.F.);
#1911=ORIENTED_EDGE('',*,*,#1298,.T.);
#1912=ORIENTED_EDGE('',*,*,#1420,.T.);
#1913=ORIENTED_EDGE('',*,*,#1421,.F.);
#1914=ORIENTED_EDGE('',*,*,#1422,.F.);
#1915=ORIENTED_EDGE('',*,*,#1423,.F.);
#1916=ORIENTED_EDGE('',*,*,#1424,.F.);
#1917=ORIENTED_EDGE('',*,*,#1425,.F.);
#1918=ORIENTED_EDGE('',*,*,#1426,.F.);
#1919=ORIENTED_EDGE('',*,*,#1427,.F.);
#1920=ORIENTED_EDGE('',*,*,#1428,.F.);
#1921=ORIENTED_EDGE('',*,*,#1421,.T.);
#1922=ORIENTED_EDGE('',*,*,#1429,.T.);
#1923=ORIENTED_EDGE('',*,*,#1430,.T.);
#1924=ORIENTED_EDGE('',*,*,#1431,.T.);
#1925=ORIENTED_EDGE('',*,*,#1432,.F.);
#1926=ORIENTED_EDGE('',*,*,#1433,.T.);
#1927=ORIENTED_EDGE('',*,*,#1434,.F.);
#1928=ORIENTED_EDGE('',*,*,#1435,.F.);
#1929=ORIENTED_EDGE('',*,*,#1436,.T.);
#1930=ORIENTED_EDGE('',*,*,#1437,.F.);
#1931=ORIENTED_EDGE('',*,*,#1438,.F.);
#1932=ORIENTED_EDGE('',*,*,#1439,.F.);
#1933=ORIENTED_EDGE('',*,*,#1430,.F.);
#1934=ORIENTED_EDGE('',*,*,#1431,.F.);
#1935=ORIENTED_EDGE('',*,*,#1440,.F.);
#1936=ORIENTED_EDGE('',*,*,#1441,.F.);
#1937=ORIENTED_EDGE('',*,*,#1428,.T.);
#1938=ORIENTED_EDGE('',*,*,#1442,.T.);
#1939=ORIENTED_EDGE('',*,*,#1443,.T.);
#1940=ORIENTED_EDGE('',*,*,#1444,.T.);
#1941=ORIENTED_EDGE('',*,*,#1445,.F.);
#1942=ORIENTED_EDGE('',*,*,#1436,.F.);
#1943=ORIENTED_EDGE('',*,*,#1446,.T.);
#1944=ORIENTED_EDGE('',*,*,#1422,.T.);
#1945=ORIENTED_EDGE('',*,*,#1432,.T.);
#1946=ORIENTED_EDGE('',*,*,#1441,.T.);
#1947=ORIENTED_EDGE('',*,*,#1447,.T.);
#1948=ORIENTED_EDGE('',*,*,#1442,.F.);
#1949=ORIENTED_EDGE('',*,*,#1427,.T.);
#1950=ORIENTED_EDGE('',*,*,#1448,.F.);
#1951=ORIENTED_EDGE('',*,*,#1447,.F.);
#1952=ORIENTED_EDGE('',*,*,#1449,.F.);
#1953=ORIENTED_EDGE('',*,*,#1443,.F.);
#1954=ORIENTED_EDGE('',*,*,#1433,.F.);
#1955=ORIENTED_EDGE('',*,*,#1450,.T.);
#1956=ORIENTED_EDGE('',*,*,#1425,.T.);
#1957=ORIENTED_EDGE('',*,*,#1445,.T.);
#1958=ORIENTED_EDGE('',*,*,#1451,.T.);
#1959=ORIENTED_EDGE('',*,*,#1438,.T.);
#1960=ORIENTED_EDGE('',*,*,#1429,.F.);
#1961=ORIENTED_EDGE('',*,*,#1424,.T.);
#1962=ORIENTED_EDGE('',*,*,#1452,.F.);
#1963=ORIENTED_EDGE('',*,*,#1451,.F.);
#1964=ORIENTED_EDGE('',*,*,#1444,.F.);
#1965=ORIENTED_EDGE('',*,*,#1453,.F.);
#1966=ORIENTED_EDGE('',*,*,#1454,.F.);
#1967=ORIENTED_EDGE('',*,*,#1455,.T.);
#1968=ORIENTED_EDGE('',*,*,#1453,.T.);
#1969=ORIENTED_EDGE('',*,*,#1449,.T.);
#1970=ORIENTED_EDGE('',*,*,#1440,.T.);
#1971=ORIENTED_EDGE('',*,*,#1439,.T.);
#1972=ORIENTED_EDGE('',*,*,#1455,.F.);
#1973=ORIENTED_EDGE('',*,*,#1322,.F.);
#1974=ORIENTED_EDGE('',*,*,#1456,.T.);
#1975=ORIENTED_EDGE('',*,*,#1434,.T.);
#1976=ORIENTED_EDGE('',*,*,#1452,.T.);
#1977=ORIENTED_EDGE('',*,*,#1423,.T.);
#1978=ORIENTED_EDGE('',*,*,#1446,.F.);
#1979=ORIENTED_EDGE('',*,*,#1437,.T.);
#1980=ORIENTED_EDGE('',*,*,#1448,.T.);
#1981=ORIENTED_EDGE('',*,*,#1426,.T.);
#1982=ORIENTED_EDGE('',*,*,#1450,.F.);
#1983=ORIENTED_EDGE('',*,*,#1435,.T.);
#1984=ORIENTED_EDGE('',*,*,#1456,.F.);
#1985=ORIENTED_EDGE('',*,*,#1457,.F.);
#1986=ORIENTED_EDGE('',*,*,#1458,.F.);
#1987=ORIENTED_EDGE('',*,*,#1459,.F.);
#1988=ORIENTED_EDGE('',*,*,#1460,.F.);
#1989=ORIENTED_EDGE('',*,*,#1461,.F.);
#1990=ORIENTED_EDGE('',*,*,#1462,.F.);
#1991=ORIENTED_EDGE('',*,*,#1463,.F.);
#1992=ORIENTED_EDGE('',*,*,#1464,.F.);
#1993=ORIENTED_EDGE('',*,*,#1457,.T.);
#1994=ORIENTED_EDGE('',*,*,#1465,.T.);
#1995=ORIENTED_EDGE('',*,*,#1466,.T.);
#1996=ORIENTED_EDGE('',*,*,#1467,.T.);
#1997=ORIENTED_EDGE('',*,*,#1468,.F.);
#1998=ORIENTED_EDGE('',*,*,#1469,.T.);
#1999=ORIENTED_EDGE('',*,*,#1470,.F.);
#2000=ORIENTED_EDGE('',*,*,#1471,.F.);
#2001=ORIENTED_EDGE('',*,*,#1472,.T.);
#2002=ORIENTED_EDGE('',*,*,#1473,.F.);
#2003=ORIENTED_EDGE('',*,*,#1474,.F.);
#2004=ORIENTED_EDGE('',*,*,#1475,.F.);
#2005=ORIENTED_EDGE('',*,*,#1466,.F.);
#2006=ORIENTED_EDGE('',*,*,#1467,.F.);
#2007=ORIENTED_EDGE('',*,*,#1476,.F.);
#2008=ORIENTED_EDGE('',*,*,#1477,.F.);
#2009=ORIENTED_EDGE('',*,*,#1464,.T.);
#2010=ORIENTED_EDGE('',*,*,#1478,.T.);
#2011=ORIENTED_EDGE('',*,*,#1479,.T.);
#2012=ORIENTED_EDGE('',*,*,#1480,.T.);
#2013=ORIENTED_EDGE('',*,*,#1481,.F.);
#2014=ORIENTED_EDGE('',*,*,#1472,.F.);
#2015=ORIENTED_EDGE('',*,*,#1482,.T.);
#2016=ORIENTED_EDGE('',*,*,#1458,.T.);
#2017=ORIENTED_EDGE('',*,*,#1468,.T.);
#2018=ORIENTED_EDGE('',*,*,#1477,.T.);
#2019=ORIENTED_EDGE('',*,*,#1483,.T.);
#2020=ORIENTED_EDGE('',*,*,#1478,.F.);
#2021=ORIENTED_EDGE('',*,*,#1463,.T.);
#2022=ORIENTED_EDGE('',*,*,#1484,.F.);
#2023=ORIENTED_EDGE('',*,*,#1483,.F.);
#2024=ORIENTED_EDGE('',*,*,#1485,.F.);
#2025=ORIENTED_EDGE('',*,*,#1479,.F.);
#2026=ORIENTED_EDGE('',*,*,#1469,.F.);
#2027=ORIENTED_EDGE('',*,*,#1486,.T.);
#2028=ORIENTED_EDGE('',*,*,#1461,.T.);
#2029=ORIENTED_EDGE('',*,*,#1481,.T.);
#2030=ORIENTED_EDGE('',*,*,#1487,.T.);
#2031=ORIENTED_EDGE('',*,*,#1474,.T.);
#2032=ORIENTED_EDGE('',*,*,#1465,.F.);
#2033=ORIENTED_EDGE('',*,*,#1460,.T.);
#2034=ORIENTED_EDGE('',*,*,#1488,.F.);
#2035=ORIENTED_EDGE('',*,*,#1487,.F.);
#2036=ORIENTED_EDGE('',*,*,#1480,.F.);
#2037=ORIENTED_EDGE('',*,*,#1489,.F.);
#2038=ORIENTED_EDGE('',*,*,#1490,.F.);
#2039=ORIENTED_EDGE('',*,*,#1491,.T.);
#2040=ORIENTED_EDGE('',*,*,#1489,.T.);
#2041=ORIENTED_EDGE('',*,*,#1485,.T.);
#2042=ORIENTED_EDGE('',*,*,#1476,.T.);
#2043=ORIENTED_EDGE('',*,*,#1475,.T.);
#2044=ORIENTED_EDGE('',*,*,#1491,.F.);
#2045=ORIENTED_EDGE('',*,*,#1325,.F.);
#2046=ORIENTED_EDGE('',*,*,#1492,.T.);
#2047=ORIENTED_EDGE('',*,*,#1470,.T.);
#2048=ORIENTED_EDGE('',*,*,#1488,.T.);
#2049=ORIENTED_EDGE('',*,*,#1459,.T.);
#2050=ORIENTED_EDGE('',*,*,#1482,.F.);
#2051=ORIENTED_EDGE('',*,*,#1473,.T.);
#2052=ORIENTED_EDGE('',*,*,#1484,.T.);
#2053=ORIENTED_EDGE('',*,*,#1462,.T.);
#2054=ORIENTED_EDGE('',*,*,#1486,.F.);
#2055=ORIENTED_EDGE('',*,*,#1471,.T.);
#2056=ORIENTED_EDGE('',*,*,#1492,.F.);
#2057=ORIENTED_EDGE('',*,*,#1493,.F.);
#2058=ORIENTED_EDGE('',*,*,#1494,.F.);
#2059=ORIENTED_EDGE('',*,*,#1495,.F.);
#2060=ORIENTED_EDGE('',*,*,#1496,.F.);
#2061=ORIENTED_EDGE('',*,*,#1497,.F.);
#2062=ORIENTED_EDGE('',*,*,#1498,.F.);
#2063=ORIENTED_EDGE('',*,*,#1499,.F.);
#2064=ORIENTED_EDGE('',*,*,#1500,.F.);
#2065=ORIENTED_EDGE('',*,*,#1493,.T.);
#2066=ORIENTED_EDGE('',*,*,#1501,.T.);
#2067=ORIENTED_EDGE('',*,*,#1502,.T.);
#2068=ORIENTED_EDGE('',*,*,#1503,.T.);
#2069=ORIENTED_EDGE('',*,*,#1504,.F.);
#2070=ORIENTED_EDGE('',*,*,#1505,.T.);
#2071=ORIENTED_EDGE('',*,*,#1506,.F.);
#2072=ORIENTED_EDGE('',*,*,#1507,.F.);
#2073=ORIENTED_EDGE('',*,*,#1508,.T.);
#2074=ORIENTED_EDGE('',*,*,#1509,.F.);
#2075=ORIENTED_EDGE('',*,*,#1510,.F.);
#2076=ORIENTED_EDGE('',*,*,#1511,.F.);
#2077=ORIENTED_EDGE('',*,*,#1502,.F.);
#2078=ORIENTED_EDGE('',*,*,#1503,.F.);
#2079=ORIENTED_EDGE('',*,*,#1512,.F.);
#2080=ORIENTED_EDGE('',*,*,#1513,.F.);
#2081=ORIENTED_EDGE('',*,*,#1500,.T.);
#2082=ORIENTED_EDGE('',*,*,#1514,.T.);
#2083=ORIENTED_EDGE('',*,*,#1515,.T.);
#2084=ORIENTED_EDGE('',*,*,#1516,.T.);
#2085=ORIENTED_EDGE('',*,*,#1517,.F.);
#2086=ORIENTED_EDGE('',*,*,#1508,.F.);
#2087=ORIENTED_EDGE('',*,*,#1518,.T.);
#2088=ORIENTED_EDGE('',*,*,#1494,.T.);
#2089=ORIENTED_EDGE('',*,*,#1504,.T.);
#2090=ORIENTED_EDGE('',*,*,#1513,.T.);
#2091=ORIENTED_EDGE('',*,*,#1519,.T.);
#2092=ORIENTED_EDGE('',*,*,#1514,.F.);
#2093=ORIENTED_EDGE('',*,*,#1499,.T.);
#2094=ORIENTED_EDGE('',*,*,#1520,.F.);
#2095=ORIENTED_EDGE('',*,*,#1519,.F.);
#2096=ORIENTED_EDGE('',*,*,#1521,.F.);
#2097=ORIENTED_EDGE('',*,*,#1515,.F.);
#2098=ORIENTED_EDGE('',*,*,#1505,.F.);
#2099=ORIENTED_EDGE('',*,*,#1522,.T.);
#2100=ORIENTED_EDGE('',*,*,#1497,.T.);
#2101=ORIENTED_EDGE('',*,*,#1517,.T.);
#2102=ORIENTED_EDGE('',*,*,#1523,.T.);
#2103=ORIENTED_EDGE('',*,*,#1510,.T.);
#2104=ORIENTED_EDGE('',*,*,#1501,.F.);
#2105=ORIENTED_EDGE('',*,*,#1496,.T.);
#2106=ORIENTED_EDGE('',*,*,#1524,.F.);
#2107=ORIENTED_EDGE('',*,*,#1523,.F.);
#2108=ORIENTED_EDGE('',*,*,#1516,.F.);
#2109=ORIENTED_EDGE('',*,*,#1525,.F.);
#2110=ORIENTED_EDGE('',*,*,#1526,.F.);
#2111=ORIENTED_EDGE('',*,*,#1527,.T.);
#2112=ORIENTED_EDGE('',*,*,#1525,.T.);
#2113=ORIENTED_EDGE('',*,*,#1521,.T.);
#2114=ORIENTED_EDGE('',*,*,#1512,.T.);
#2115=ORIENTED_EDGE('',*,*,#1511,.T.);
#2116=ORIENTED_EDGE('',*,*,#1527,.F.);
#2117=ORIENTED_EDGE('',*,*,#1323,.F.);
#2118=ORIENTED_EDGE('',*,*,#1528,.T.);
#2119=ORIENTED_EDGE('',*,*,#1506,.T.);
#2120=ORIENTED_EDGE('',*,*,#1524,.T.);
#2121=ORIENTED_EDGE('',*,*,#1495,.T.);
#2122=ORIENTED_EDGE('',*,*,#1518,.F.);
#2123=ORIENTED_EDGE('',*,*,#1509,.T.);
#2124=ORIENTED_EDGE('',*,*,#1520,.T.);
#2125=ORIENTED_EDGE('',*,*,#1498,.T.);
#2126=ORIENTED_EDGE('',*,*,#1522,.F.);
#2127=ORIENTED_EDGE('',*,*,#1507,.T.);
#2128=ORIENTED_EDGE('',*,*,#1528,.F.);
#2129=ORIENTED_EDGE('',*,*,#1529,.F.);
#2130=ORIENTED_EDGE('',*,*,#1530,.F.);
#2131=ORIENTED_EDGE('',*,*,#1531,.F.);
#2132=ORIENTED_EDGE('',*,*,#1532,.F.);
#2133=ORIENTED_EDGE('',*,*,#1533,.F.);
#2134=ORIENTED_EDGE('',*,*,#1534,.F.);
#2135=ORIENTED_EDGE('',*,*,#1535,.F.);
#2136=ORIENTED_EDGE('',*,*,#1536,.F.);
#2137=ORIENTED_EDGE('',*,*,#1529,.T.);
#2138=ORIENTED_EDGE('',*,*,#1537,.T.);
#2139=ORIENTED_EDGE('',*,*,#1538,.T.);
#2140=ORIENTED_EDGE('',*,*,#1539,.T.);
#2141=ORIENTED_EDGE('',*,*,#1540,.F.);
#2142=ORIENTED_EDGE('',*,*,#1541,.T.);
#2143=ORIENTED_EDGE('',*,*,#1542,.F.);
#2144=ORIENTED_EDGE('',*,*,#1543,.F.);
#2145=ORIENTED_EDGE('',*,*,#1544,.T.);
#2146=ORIENTED_EDGE('',*,*,#1545,.F.);
#2147=ORIENTED_EDGE('',*,*,#1546,.F.);
#2148=ORIENTED_EDGE('',*,*,#1547,.F.);
#2149=ORIENTED_EDGE('',*,*,#1538,.F.);
#2150=ORIENTED_EDGE('',*,*,#1539,.F.);
#2151=ORIENTED_EDGE('',*,*,#1548,.F.);
#2152=ORIENTED_EDGE('',*,*,#1549,.F.);
#2153=ORIENTED_EDGE('',*,*,#1536,.T.);
#2154=ORIENTED_EDGE('',*,*,#1550,.T.);
#2155=ORIENTED_EDGE('',*,*,#1551,.T.);
#2156=ORIENTED_EDGE('',*,*,#1552,.T.);
#2157=ORIENTED_EDGE('',*,*,#1553,.F.);
#2158=ORIENTED_EDGE('',*,*,#1544,.F.);
#2159=ORIENTED_EDGE('',*,*,#1554,.T.);
#2160=ORIENTED_EDGE('',*,*,#1530,.T.);
#2161=ORIENTED_EDGE('',*,*,#1540,.T.);
#2162=ORIENTED_EDGE('',*,*,#1549,.T.);
#2163=ORIENTED_EDGE('',*,*,#1555,.T.);
#2164=ORIENTED_EDGE('',*,*,#1550,.F.);
#2165=ORIENTED_EDGE('',*,*,#1535,.T.);
#2166=ORIENTED_EDGE('',*,*,#1556,.F.);
#2167=ORIENTED_EDGE('',*,*,#1555,.F.);
#2168=ORIENTED_EDGE('',*,*,#1557,.F.);
#2169=ORIENTED_EDGE('',*,*,#1551,.F.);
#2170=ORIENTED_EDGE('',*,*,#1541,.F.);
#2171=ORIENTED_EDGE('',*,*,#1558,.T.);
#2172=ORIENTED_EDGE('',*,*,#1533,.T.);
#2173=ORIENTED_EDGE('',*,*,#1553,.T.);
#2174=ORIENTED_EDGE('',*,*,#1559,.T.);
#2175=ORIENTED_EDGE('',*,*,#1546,.T.);
#2176=ORIENTED_EDGE('',*,*,#1537,.F.);
#2177=ORIENTED_EDGE('',*,*,#1532,.T.);
#2178=ORIENTED_EDGE('',*,*,#1560,.F.);
#2179=ORIENTED_EDGE('',*,*,#1559,.F.);
#2180=ORIENTED_EDGE('',*,*,#1552,.F.);
#2181=ORIENTED_EDGE('',*,*,#1561,.F.);
#2182=ORIENTED_EDGE('',*,*,#1562,.F.);
#2183=ORIENTED_EDGE('',*,*,#1563,.T.);
#2184=ORIENTED_EDGE('',*,*,#1561,.T.);
#2185=ORIENTED_EDGE('',*,*,#1557,.T.);
#2186=ORIENTED_EDGE('',*,*,#1548,.T.);
#2187=ORIENTED_EDGE('',*,*,#1547,.T.);
#2188=ORIENTED_EDGE('',*,*,#1563,.F.);
#2189=ORIENTED_EDGE('',*,*,#1324,.F.);
#2190=ORIENTED_EDGE('',*,*,#1564,.T.);
#2191=ORIENTED_EDGE('',*,*,#1542,.T.);
#2192=ORIENTED_EDGE('',*,*,#1560,.T.);
#2193=ORIENTED_EDGE('',*,*,#1531,.T.);
#2194=ORIENTED_EDGE('',*,*,#1554,.F.);
#2195=ORIENTED_EDGE('',*,*,#1545,.T.);
#2196=ORIENTED_EDGE('',*,*,#1556,.T.);
#2197=ORIENTED_EDGE('',*,*,#1534,.T.);
#2198=ORIENTED_EDGE('',*,*,#1558,.F.);
#2199=ORIENTED_EDGE('',*,*,#1543,.T.);
#2200=ORIENTED_EDGE('',*,*,#1564,.F.);
#2201=ORIENTED_EDGE('',*,*,#1565,.T.);
#2202=ORIENTED_EDGE('',*,*,#1338,.T.);
#2203=ORIENTED_EDGE('',*,*,#1318,.F.);
#2204=ORIENTED_EDGE('',*,*,#1566,.F.);
#2205=ORIENTED_EDGE('',*,*,#1330,.F.);
#2206=ORIENTED_EDGE('',*,*,#1567,.F.);
#2207=ORIENTED_EDGE('',*,*,#1566,.T.);
#2208=ORIENTED_EDGE('',*,*,#1317,.F.);
#2209=ORIENTED_EDGE('',*,*,#1284,.F.);
#2210=ORIENTED_EDGE('',*,*,#1321,.F.);
#2211=ORIENTED_EDGE('',*,*,#1337,.F.);
#2212=ORIENTED_EDGE('',*,*,#1568,.F.);
#2213=ORIENTED_EDGE('',*,*,#1340,.F.);
#2214=ORIENTED_EDGE('',*,*,#1290,.T.);
#2215=ORIENTED_EDGE('',*,*,#1329,.F.);
#2216=ORIENTED_EDGE('',*,*,#1327,.T.);
#2217=ORIENTED_EDGE('',*,*,#1332,.T.);
#2218=ORIENTED_EDGE('',*,*,#1334,.T.);
#2219=ORIENTED_EDGE('',*,*,#1341,.F.);
#2220=ORIENTED_EDGE('',*,*,#1568,.T.);
#2221=ORIENTED_EDGE('',*,*,#1336,.F.);
#2222=ORIENTED_EDGE('',*,*,#1339,.T.);
#2223=ORIENTED_EDGE('',*,*,#1565,.F.);
#2224=ORIENTED_EDGE('',*,*,#1567,.T.);
#2225=ORIENTED_EDGE('',*,*,#1454,.T.);
#2226=ORIENTED_EDGE('',*,*,#1490,.T.);
#2227=ORIENTED_EDGE('',*,*,#1526,.T.);
#2228=ORIENTED_EDGE('',*,*,#1562,.T.);
#2229=ORIENTED_EDGE('',*,*,#1263,.T.);
#2230=ORIENTED_EDGE('',*,*,#1259,.F.);
#2231=ORIENTED_EDGE('',*,*,#1271,.T.);
#2232=ORIENTED_EDGE('',*,*,#1266,.F.);
#2233=ORIENTED_EDGE('',*,*,#1277,.T.);
#2234=ORIENTED_EDGE('',*,*,#1272,.F.);
#2235=ORIENTED_EDGE('',*,*,#1282,.T.);
#2236=ORIENTED_EDGE('',*,*,#1278,.F.);
#2237=CYLINDRICAL_SURFACE('',#2408,2.5);
#2238=CYLINDRICAL_SURFACE('',#2411,2.5);
#2239=CYLINDRICAL_SURFACE('',#2414,2.5);
#2240=CYLINDRICAL_SURFACE('',#2417,2.5);
#2241=CYLINDRICAL_SURFACE('',#2427,1.);
#2242=CYLINDRICAL_SURFACE('',#2431,1.);
#2243=CYLINDRICAL_SURFACE('',#2435,1.);
#2244=CYLINDRICAL_SURFACE('',#2439,1.);
#2245=CYLINDRICAL_SURFACE('',#2443,1.);
#2246=CYLINDRICAL_SURFACE('',#2451,1.);
#2247=CYLINDRICAL_SURFACE('',#2461,1.);
#2248=CYLINDRICAL_SURFACE('',#2463,1.);
#2249=CYLINDRICAL_SURFACE('',#2466,1.);
#2250=CYLINDRICAL_SURFACE('',#2469,1.);
#2251=CYLINDRICAL_SURFACE('',#2524,2.);
#2252=CYLINDRICAL_SURFACE('',#2526,3.);
#2253=CYLINDRICAL_SURFACE('',#2548,2.);
#2254=CYLINDRICAL_SURFACE('',#2550,3.);
#2255=CYLINDRICAL_SURFACE('',#2572,2.);
#2256=CYLINDRICAL_SURFACE('',#2574,3.);
#2257=CYLINDRICAL_SURFACE('',#2596,2.);
#2258=CYLINDRICAL_SURFACE('',#2598,3.);
#2259=ADVANCED_FACE('',(#153),#2237,.F.);
#2260=ADVANCED_FACE('',(#154),#2238,.F.);
#2261=ADVANCED_FACE('',(#155),#2239,.F.);
#2262=ADVANCED_FACE('',(#156),#2240,.F.);
#2263=ADVANCED_FACE('',(#157),#53,.T.);
#2264=ADVANCED_FACE('',(#158),#54,.T.);
#2265=ADVANCED_FACE('',(#159),#55,.T.);
#2266=ADVANCED_FACE('',(#160),#56,.T.);
#2267=ADVANCED_FACE('',(#161,#27,#28,#29,#30),#57,.T.);
#2268=ADVANCED_FACE('',(#162,#31,#32,#33,#34),#58,.F.);
#2269=ADVANCED_FACE('',(#163),#2241,.F.);
#2270=ADVANCED_FACE('',(#164),#59,.F.);
#2271=ADVANCED_FACE('',(#165),#2242,.F.);
#2272=ADVANCED_FACE('',(#166),#60,.F.);
#2273=ADVANCED_FACE('',(#167),#2243,.F.);
#2274=ADVANCED_FACE('',(#168),#61,.F.);
#2275=ADVANCED_FACE('',(#169),#2244,.F.);
#2276=ADVANCED_FACE('',(#170),#62,.F.);
#2277=ADVANCED_FACE('',(#171),#2245,.T.);
#2278=ADVANCED_FACE('',(#172),#63,.T.);
#2279=ADVANCED_FACE('',(#173),#64,.T.);
#2280=ADVANCED_FACE('',(#174),#2246,.T.);
#2281=ADVANCED_FACE('',(#175,#35,#36,#37,#38,#39),#65,.T.);
#2282=ADVANCED_FACE('',(#176),#66,.T.);
#2283=ADVANCED_FACE('',(#177),#2247,.T.);
#2284=ADVANCED_FACE('',(#178),#2248,.T.);
#2285=ADVANCED_FACE('',(#179),#67,.T.);
#2286=ADVANCED_FACE('',(#180),#2249,.T.);
#2287=ADVANCED_FACE('',(#181),#68,.T.);
#2288=ADVANCED_FACE('',(#182),#2250,.T.);
#2289=ADVANCED_FACE('',(#183),#69,.F.);
#2290=ADVANCED_FACE('',(#184),#70,.F.);
#2291=ADVANCED_FACE('',(#185),#71,.F.);
#2292=ADVANCED_FACE('',(#186),#72,.F.);
#2293=ADVANCED_FACE('',(#187),#73,.F.);
#2294=ADVANCED_FACE('',(#188),#74,.F.);
#2295=ADVANCED_FACE('',(#189),#75,.F.);
#2296=ADVANCED_FACE('',(#190),#76,.F.);
#2297=ADVANCED_FACE('',(#191),#77,.F.);
#2298=ADVANCED_FACE('',(#192),#78,.F.);
#2299=ADVANCED_FACE('',(#193),#79,.F.);
#2300=ADVANCED_FACE('',(#194),#80,.F.);
#2301=ADVANCED_FACE('',(#195),#81,.F.);
#2302=ADVANCED_FACE('',(#196),#82,.F.);
#2303=ADVANCED_FACE('',(#197),#83,.F.);
#2304=ADVANCED_FACE('',(#198),#84,.F.);
#2305=ADVANCED_FACE('',(#199),#85,.F.);
#2306=ADVANCED_FACE('',(#200),#86,.F.);
#2307=ADVANCED_FACE('',(#201),#87,.F.);
#2308=ADVANCED_FACE('',(#202),#88,.F.);
#2309=ADVANCED_FACE('',(#203),#89,.F.);
#2310=ADVANCED_FACE('',(#204),#90,.F.);
#2311=ADVANCED_FACE('',(#205),#91,.F.);
#2312=ADVANCED_FACE('',(#206),#92,.F.);
#2313=ADVANCED_FACE('',(#207,#40,#41),#93,.T.);
#2314=ADVANCED_FACE('',(#208),#94,.T.);
#2315=ADVANCED_FACE('',(#209,#42,#43),#95,.T.);
#2316=ADVANCED_FACE('',(#210),#96,.T.);
#2317=ADVANCED_FACE('',(#211,#44,#45),#97,.T.);
#2318=ADVANCED_FACE('',(#212),#98,.T.);
#2319=ADVANCED_FACE('',(#213,#46,#47),#99,.T.);
#2320=ADVANCED_FACE('',(#214),#100,.T.);
#2321=ADVANCED_FACE('',(#215),#101,.T.);
#2322=ADVANCED_FACE('',(#216),#102,.T.);
#2323=ADVANCED_FACE('',(#217),#103,.F.);
#2324=ADVANCED_FACE('',(#218),#104,.T.);
#2325=ADVANCED_FACE('',(#219),#105,.T.);
#2326=ADVANCED_FACE('',(#220),#106,.T.);
#2327=ADVANCED_FACE('',(#221),#107,.T.);
#2328=ADVANCED_FACE('',(#222),#108,.F.);
#2329=ADVANCED_FACE('',(#223),#109,.F.);
#2330=ADVANCED_FACE('',(#224),#110,.T.);
#2331=ADVANCED_FACE('',(#225),#111,.F.);
#2332=ADVANCED_FACE('',(#226),#112,.T.);
#2333=ADVANCED_FACE('',(#227),#2251,.F.);
#2334=ADVANCED_FACE('',(#228),#2252,.F.);
#2335=ADVANCED_FACE('',(#229),#113,.T.);
#2336=ADVANCED_FACE('',(#230),#114,.T.);
#2337=ADVANCED_FACE('',(#231),#115,.F.);
#2338=ADVANCED_FACE('',(#232),#116,.T.);
#2339=ADVANCED_FACE('',(#233),#117,.T.);
#2340=ADVANCED_FACE('',(#234),#118,.T.);
#2341=ADVANCED_FACE('',(#235),#119,.T.);
#2342=ADVANCED_FACE('',(#236),#120,.F.);
#2343=ADVANCED_FACE('',(#237),#121,.F.);
#2344=ADVANCED_FACE('',(#238),#122,.T.);
#2345=ADVANCED_FACE('',(#239),#123,.F.);
#2346=ADVANCED_FACE('',(#240),#124,.T.);
#2347=ADVANCED_FACE('',(#241),#2253,.F.);
#2348=ADVANCED_FACE('',(#242),#2254,.F.);
#2349=ADVANCED_FACE('',(#243),#125,.T.);
#2350=ADVANCED_FACE('',(#244),#126,.T.);
#2351=ADVANCED_FACE('',(#245),#127,.F.);
#2352=ADVANCED_FACE('',(#246),#128,.T.);
#2353=ADVANCED_FACE('',(#247),#129,.T.);
#2354=ADVANCED_FACE('',(#248),#130,.T.);
#2355=ADVANCED_FACE('',(#249),#131,.T.);
#2356=ADVANCED_FACE('',(#250),#132,.F.);
#2357=ADVANCED_FACE('',(#251),#133,.F.);
#2358=ADVANCED_FACE('',(#252),#134,.T.);
#2359=ADVANCED_FACE('',(#253),#135,.F.);
#2360=ADVANCED_FACE('',(#254),#136,.T.);
#2361=ADVANCED_FACE('',(#255),#2255,.F.);
#2362=ADVANCED_FACE('',(#256),#2256,.F.);
#2363=ADVANCED_FACE('',(#257),#137,.T.);
#2364=ADVANCED_FACE('',(#258),#138,.T.);
#2365=ADVANCED_FACE('',(#259),#139,.F.);
#2366=ADVANCED_FACE('',(#260),#140,.T.);
#2367=ADVANCED_FACE('',(#261),#141,.T.);
#2368=ADVANCED_FACE('',(#262),#142,.T.);
#2369=ADVANCED_FACE('',(#263),#143,.T.);
#2370=ADVANCED_FACE('',(#264),#144,.F.);
#2371=ADVANCED_FACE('',(#265),#145,.F.);
#2372=ADVANCED_FACE('',(#266),#146,.T.);
#2373=ADVANCED_FACE('',(#267),#147,.F.);
#2374=ADVANCED_FACE('',(#268),#148,.T.);
#2375=ADVANCED_FACE('',(#269),#2257,.F.);
#2376=ADVANCED_FACE('',(#270),#2258,.F.);
#2377=ADVANCED_FACE('',(#271),#149,.T.);
#2378=ADVANCED_FACE('',(#272),#150,.T.);
#2379=ADVANCED_FACE('',(#273),#151,.T.);
#2380=ADVANCED_FACE('',(#274,#48,#49,#50,#51,#52),#152,.F.);
#2381=CLOSED_SHELL('',(#2259,#2260,#2261,#2262,#2263,#2264,#2265,#2266,
#2267,#2268));
#2382=CLOSED_SHELL('',(#2269,#2270,#2271,#2272,#2273,#2274,#2275,#2276,
#2277,#2278,#2279,#2280,#2281,#2282,#2283,#2284,#2285,#2286,#2287,#2288,
#2289,#2290,#2291,#2292,#2293,#2294,#2295,#2296,#2297,#2298,#2299,#2300,
#2301,#2302,#2303,#2304,#2305,#2306,#2307,#2308,#2309,#2310,#2311,#2312,
#2313,#2314,#2315,#2316,#2317,#2318,#2319,#2320,#2321,#2322,#2323,#2324,
#2325,#2326,#2327,#2328,#2329,#2330,#2331,#2332,#2333,#2334,#2335,#2336,
#2337,#2338,#2339,#2340,#2341,#2342,#2343,#2344,#2345,#2346,#2347,#2348,
#2349,#2350,#2351,#2352,#2353,#2354,#2355,#2356,#2357,#2358,#2359,#2360,
#2361,#2362,#2363,#2364,#2365,#2366,#2367,#2368,#2369,#2370,#2371,#2372,
#2373,#2374,#2375,#2376,#2377,#2378,#2379,#2380));
#2383=DERIVED_UNIT_ELEMENT(#2387,1.);
#2384=DERIVED_UNIT_ELEMENT(#3951,-3.);
#2385=DERIVED_UNIT_ELEMENT(#2387,1.);
#2386=DERIVED_UNIT_ELEMENT(#3951,-3.);
#2387=(
MASS_UNIT()
NAMED_UNIT(*)
SI_UNIT(.KILO.,.GRAM.)
);
#2388=DERIVED_UNIT((#2383,#2384));
#2389=DERIVED_UNIT((#2385,#2386));
#2390=MEASURE_REPRESENTATION_ITEM('density measure',
POSITIVE_RATIO_MEASURE(7850.),#2388);
#2391=MEASURE_REPRESENTATION_ITEM('density measure',
POSITIVE_RATIO_MEASURE(7850.),#2389);
#2392=PROPERTY_DEFINITION_REPRESENTATION(#2402,#2396);
#2393=PROPERTY_DEFINITION_REPRESENTATION(#2403,#2397);
#2394=PROPERTY_DEFINITION_REPRESENTATION(#2404,#2398);
#2395=PROPERTY_DEFINITION_REPRESENTATION(#2405,#2399);
#2396=REPRESENTATION('material name',(#2400),#3947);
#2397=REPRESENTATION('density',(#2390),#3947);
#2398=REPRESENTATION('material name',(#2401),#3948);
#2399=REPRESENTATION('density',(#2391),#3948);
#2400=DESCRIPTIVE_REPRESENTATION_ITEM('Steel','Steel');
#2401=DESCRIPTIVE_REPRESENTATION_ITEM('Steel','Steel');
#2402=PROPERTY_DEFINITION('material property','material name',#3967);
#2403=PROPERTY_DEFINITION('material property','density of part',#3967);
#2404=PROPERTY_DEFINITION('material property','material name',#3968);
#2405=PROPERTY_DEFINITION('material property','density of part',#3968);
#2406=AXIS2_PLACEMENT_3D('',#3265,#2605,#2606);
#2407=AXIS2_PLACEMENT_3D('',#3266,#2607,#2608);
#2408=AXIS2_PLACEMENT_3D('',#3267,#2609,#2610);
#2409=AXIS2_PLACEMENT_3D('',#3269,#2611,#2612);
#2410=AXIS2_PLACEMENT_3D('',#3272,#2614,#2615);
#2411=AXIS2_PLACEMENT_3D('',#3273,#2616,#2617);
#2412=AXIS2_PLACEMENT_3D('',#3275,#2618,#2619);
#2413=AXIS2_PLACEMENT_3D('',#3278,#2621,#2622);
#2414=AXIS2_PLACEMENT_3D('',#3279,#2623,#2624);
#2415=AXIS2_PLACEMENT_3D('',#3281,#2625,#2626);
#2416=AXIS2_PLACEMENT_3D('',#3284,#2628,#2629);
#2417=AXIS2_PLACEMENT_3D('',#3285,#2630,#2631);
#2418=AXIS2_PLACEMENT_3D('',#3287,#2632,#2633);
#2419=AXIS2_PLACEMENT_3D('',#3290,#2635,#2636);
#2420=AXIS2_PLACEMENT_3D('',#3291,#2637,#2638);
#2421=AXIS2_PLACEMENT_3D('',#3300,#2643,#2644);
#2422=AXIS2_PLACEMENT_3D('',#3306,#2648,#2649);
#2423=AXIS2_PLACEMENT_3D('',#3312,#2653,#2654);
#2424=AXIS2_PLACEMENT_3D('',#3315,#2657,#2658);
#2425=AXIS2_PLACEMENT_3D('',#3316,#2659,#2660);
#2426=AXIS2_PLACEMENT_3D('',#3317,#2661,#2662);
#2427=AXIS2_PLACEMENT_3D('',#3318,#2663,#2664);
#2428=AXIS2_PLACEMENT_3D('',#3321,#2665,#2666);
#2429=AXIS2_PLACEMENT_3D('',#3325,#2668,#2669);
#2430=AXIS2_PLACEMENT_3D('',#3327,#2671,#2672);
#2431=AXIS2_PLACEMENT_3D('',#3333,#2676,#2677);
#2432=AXIS2_PLACEMENT_3D('',#3336,#2678,#2679);
#2433=AXIS2_PLACEMENT_3D('',#3340,#2681,#2682);
#2434=AXIS2_PLACEMENT_3D('',#3342,#2684,#2685);
#2435=AXIS2_PLACEMENT_3D('',#3345,#2688,#2689);
#2436=AXIS2_PLACEMENT_3D('',#3348,#2690,#2691);
#2437=AXIS2_PLACEMENT_3D('',#3352,#2693,#2694);
#2438=AXIS2_PLACEMENT_3D('',#3354,#2696,#2697);
#2439=AXIS2_PLACEMENT_3D('',#3357,#2700,#2701);
#2440=AXIS2_PLACEMENT_3D('',#3359,#2702,#2703);
#2441=AXIS2_PLACEMENT_3D('',#3362,#2705,#2706);
#2442=AXIS2_PLACEMENT_3D('',#3363,#2707,#2708);
#2443=AXIS2_PLACEMENT_3D('',#3366,#2711,#2712);
#2444=AXIS2_PLACEMENT_3D('',#3369,#2713,#2714);
#2445=AXIS2_PLACEMENT_3D('',#3373,#2716,#2717);
#2446=AXIS2_PLACEMENT_3D('',#3375,#2719,#2720);
#2447=AXIS2_PLACEMENT_3D('',#3381,#2724,#2725);
#2448=AXIS2_PLACEMENT_3D('',#3385,#2727,#2728);
#2449=AXIS2_PLACEMENT_3D('',#3389,#2730,#2731);
#2450=AXIS2_PLACEMENT_3D('',#3393,#2733,#2734);
#2451=AXIS2_PLACEMENT_3D('',#3409,#2743,#2744);
#2452=AXIS2_PLACEMENT_3D('',#3412,#2745,#2746);
#2453=AXIS2_PLACEMENT_3D('',#3415,#2749,#2750);
#2454=AXIS2_PLACEMENT_3D('',#3434,#2760,#2761);
#2455=AXIS2_PLACEMENT_3D('',#3442,#2765,#2766);
#2456=AXIS2_PLACEMENT_3D('',#3445,#2768,#2769);
#2457=AXIS2_PLACEMENT_3D('',#3447,#2770,#2771);
#2458=AXIS2_PLACEMENT_3D('',#3449,#2772,#2773);
#2459=AXIS2_PLACEMENT_3D('',#3451,#2774,#2775);
#2460=AXIS2_PLACEMENT_3D('',#3452,#2776,#2777);
#2461=AXIS2_PLACEMENT_3D('',#3458,#2781,#2782);
#2462=AXIS2_PLACEMENT_3D('',#3460,#2783,#2784);
#2463=AXIS2_PLACEMENT_3D('',#3462,#2786,#2787);
#2464=AXIS2_PLACEMENT_3D('',#3465,#2789,#2790);
#2465=AXIS2_PLACEMENT_3D('',#3466,#2791,#2792);
#2466=AXIS2_PLACEMENT_3D('',#3470,#2795,#2796);
#2467=AXIS2_PLACEMENT_3D('',#3474,#2798,#2799);
#2468=AXIS2_PLACEMENT_3D('',#3476,#2801,#2802);
#2469=AXIS2_PLACEMENT_3D('',#3480,#2805,#2806);
#2470=AXIS2_PLACEMENT_3D('',#3483,#2808,#2809);
#2471=AXIS2_PLACEMENT_3D('',#3484,#2810,#2811);
#2472=AXIS2_PLACEMENT_3D('',#3493,#2816,#2817);
#2473=AXIS2_PLACEMENT_3D('',#3502,#2822,#2823);
#2474=AXIS2_PLACEMENT_3D('',#3508,#2827,#2828);
#2475=AXIS2_PLACEMENT_3D('',#3514,#2832,#2833);
#2476=AXIS2_PLACEMENT_3D('',#3520,#2837,#2838);
#2477=AXIS2_PLACEMENT_3D('',#3526,#2842,#2843);
#2478=AXIS2_PLACEMENT_3D('',#3532,#2847,#2848);
#2479=AXIS2_PLACEMENT_3D('',#3538,#2852,#2853);
#2480=AXIS2_PLACEMENT_3D('',#3541,#2856,#2857);
#2481=AXIS2_PLACEMENT_3D('',#3547,#2861,#2862);
#2482=AXIS2_PLACEMENT_3D('',#3553,#2866,#2867);
#2483=AXIS2_PLACEMENT_3D('',#3556,#2870,#2871);
#2484=AXIS2_PLACEMENT_3D('',#3565,#2876,#2877);
#2485=AXIS2_PLACEMENT_3D('',#3574,#2882,#2883);
#2486=AXIS2_PLACEMENT_3D('',#3580,#2887,#2888);
#2487=AXIS2_PLACEMENT_3D('',#3586,#2892,#2893);
#2488=AXIS2_PLACEMENT_3D('',#3592,#2897,#2898);
#2489=AXIS2_PLACEMENT_3D('',#3598,#2902,#2903);
#2490=AXIS2_PLACEMENT_3D('',#3604,#2907,#2908);
#2491=AXIS2_PLACEMENT_3D('',#3610,#2912,#2913);
#2492=AXIS2_PLACEMENT_3D('',#3613,#2916,#2917);
#2493=AXIS2_PLACEMENT_3D('',#3619,#2921,#2922);
#2494=AXIS2_PLACEMENT_3D('',#3625,#2926,#2927);
#2495=AXIS2_PLACEMENT_3D('',#3628,#2930,#2931);
#2496=AXIS2_PLACEMENT_3D('',#3631,#2934,#2935);
#2497=AXIS2_PLACEMENT_3D('',#3633,#2937,#2938);
#2498=AXIS2_PLACEMENT_3D('',#3634,#2939,#2940);
#2499=AXIS2_PLACEMENT_3D('',#3636,#2942,#2943);
#2500=AXIS2_PLACEMENT_3D('',#3638,#2945,#2946);
#2501=AXIS2_PLACEMENT_3D('',#3640,#2948,#2949);
#2502=AXIS2_PLACEMENT_3D('',#3642,#2951,#2952);
#2503=AXIS2_PLACEMENT_3D('',#3643,#2953,#2954);
#2504=AXIS2_PLACEMENT_3D('',#3650,#2957,#2958);
#2505=AXIS2_PLACEMENT_3D('',#3652,#2960,#2961);
#2506=AXIS2_PLACEMENT_3D('',#3657,#2963,#2964);
#2507=AXIS2_PLACEMENT_3D('',#3661,#2967,#2968);
#2508=AXIS2_PLACEMENT_3D('',#3669,#2973,#2974);
#2509=AXIS2_PLACEMENT_3D('',#3674,#2976,#2977);
#2510=AXIS2_PLACEMENT_3D('',#3675,#2978,#2979);
#2511=AXIS2_PLACEMENT_3D('',#3676,#2980,#2981);
#2512=AXIS2_PLACEMENT_3D('',#3680,#2983,#2984);
#2513=AXIS2_PLACEMENT_3D('',#3681,#2985,#2986);
#2514=AXIS2_PLACEMENT_3D('',#3684,#2988,#2989);
#2515=AXIS2_PLACEMENT_3D('',#3685,#2990,#2991);
#2516=AXIS2_PLACEMENT_3D('',#3687,#2992,#2993);
#2517=AXIS2_PLACEMENT_3D('',#3689,#2995,#2996);
#2518=AXIS2_PLACEMENT_3D('',#3697,#3001,#3002);
#2519=AXIS2_PLACEMENT_3D('',#3701,#3006,#3007);
#2520=AXIS2_PLACEMENT_3D('',#3702,#3008,#3009);
#2521=AXIS2_PLACEMENT_3D('',#3703,#3010,#3011);
#2522=AXIS2_PLACEMENT_3D('',#3707,#3015,#3016);
#2523=AXIS2_PLACEMENT_3D('',#3708,#3017,#3018);
#2524=AXIS2_PLACEMENT_3D('',#3709,#3019,#3020);
#2525=AXIS2_PLACEMENT_3D('',#3711,#3021,#3022);
#2526=AXIS2_PLACEMENT_3D('',#3713,#3024,#3025);
#2527=AXIS2_PLACEMENT_3D('',#3715,#3027,#3028);
#2528=AXIS2_PLACEMENT_3D('',#3722,#3031,#3032);
#2529=AXIS2_PLACEMENT_3D('',#3724,#3034,#3035);
#2530=AXIS2_PLACEMENT_3D('',#3729,#3037,#3038);
#2531=AXIS2_PLACEMENT_3D('',#3733,#3041,#3042);
#2532=AXIS2_PLACEMENT_3D('',#3741,#3047,#3048);
#2533=AXIS2_PLACEMENT_3D('',#3746,#3050,#3051);
#2534=AXIS2_PLACEMENT_3D('',#3747,#3052,#3053);
#2535=AXIS2_PLACEMENT_3D('',#3748,#3054,#3055);
#2536=AXIS2_PLACEMENT_3D('',#3752,#3057,#3058);
#2537=AXIS2_PLACEMENT_3D('',#3753,#3059,#3060);
#2538=AXIS2_PLACEMENT_3D('',#3756,#3062,#3063);
#2539=AXIS2_PLACEMENT_3D('',#3757,#3064,#3065);
#2540=AXIS2_PLACEMENT_3D('',#3759,#3066,#3067);
#2541=AXIS2_PLACEMENT_3D('',#3761,#3069,#3070);
#2542=AXIS2_PLACEMENT_3D('',#3769,#3075,#3076);
#2543=AXIS2_PLACEMENT_3D('',#3773,#3080,#3081);
#2544=AXIS2_PLACEMENT_3D('',#3774,#3082,#3083);
#2545=AXIS2_PLACEMENT_3D('',#3775,#3084,#3085);
#2546=AXIS2_PLACEMENT_3D('',#3779,#3089,#3090);
#2547=AXIS2_PLACEMENT_3D('',#3780,#3091,#3092);
#2548=AXIS2_PLACEMENT_3D('',#3781,#3093,#3094);
#2549=AXIS2_PLACEMENT_3D('',#3783,#3095,#3096);
#2550=AXIS2_PLACEMENT_3D('',#3785,#3098,#3099);
#2551=AXIS2_PLACEMENT_3D('',#3787,#3101,#3102);
#2552=AXIS2_PLACEMENT_3D('',#3794,#3105,#3106);
#2553=AXIS2_PLACEMENT_3D('',#3796,#3108,#3109);
#2554=AXIS2_PLACEMENT_3D('',#3801,#3111,#3112);
#2555=AXIS2_PLACEMENT_3D('',#3805,#3115,#3116);
#2556=AXIS2_PLACEMENT_3D('',#3813,#3121,#3122);
#2557=AXIS2_PLACEMENT_3D('',#3818,#3124,#3125);
#2558=AXIS2_PLACEMENT_3D('',#3819,#3126,#3127);
#2559=AXIS2_PLACEMENT_3D('',#3820,#3128,#3129);
#2560=AXIS2_PLACEMENT_3D('',#3824,#3131,#3132);
#2561=AXIS2_PLACEMENT_3D('',#3825,#3133,#3134);
#2562=AXIS2_PLACEMENT_3D('',#3828,#3136,#3137);
#2563=AXIS2_PLACEMENT_3D('',#3829,#3138,#3139);
#2564=AXIS2_PLACEMENT_3D('',#3831,#3140,#3141);
#2565=AXIS2_PLACEMENT_3D('',#3833,#3143,#3144);
#2566=AXIS2_PLACEMENT_3D('',#3841,#3149,#3150);
#2567=AXIS2_PLACEMENT_3D('',#3845,#3154,#3155);
#2568=AXIS2_PLACEMENT_3D('',#3846,#3156,#3157);
#2569=AXIS2_PLACEMENT_3D('',#3847,#3158,#3159);
#2570=AXIS2_PLACEMENT_3D('',#3851,#3163,#3164);
#2571=AXIS2_PLACEMENT_3D('',#3852,#3165,#3166);
#2572=AXIS2_PLACEMENT_3D('',#3853,#3167,#3168);
#2573=AXIS2_PLACEMENT_3D('',#3855,#3169,#3170);
#2574=AXIS2_PLACEMENT_3D('',#3857,#3172,#3173);
#2575=AXIS2_PLACEMENT_3D('',#3859,#3175,#3176);
#2576=AXIS2_PLACEMENT_3D('',#3866,#3179,#3180);
#2577=AXIS2_PLACEMENT_3D('',#3868,#3182,#3183);
#2578=AXIS2_PLACEMENT_3D('',#3873,#3185,#3186);
#2579=AXIS2_PLACEMENT_3D('',#3877,#3189,#3190);
#2580=AXIS2_PLACEMENT_3D('',#3885,#3195,#3196);
#2581=AXIS2_PLACEMENT_3D('',#3890,#3198,#3199);
#2582=AXIS2_PLACEMENT_3D('',#3891,#3200,#3201);
#2583=AXIS2_PLACEMENT_3D('',#3892,#3202,#3203);
#2584=AXIS2_PLACEMENT_3D('',#3896,#3205,#3206);
#2585=AXIS2_PLACEMENT_3D('',#3897,#3207,#3208);
#2586=AXIS2_PLACEMENT_3D('',#3900,#3210,#3211);
#2587=AXIS2_PLACEMENT_3D('',#3901,#3212,#3213);
#2588=AXIS2_PLACEMENT_3D('',#3903,#3214,#3215);
#2589=AXIS2_PLACEMENT_3D('',#3905,#3217,#3218);
#2590=AXIS2_PLACEMENT_3D('',#3913,#3223,#3224);
#2591=AXIS2_PLACEMENT_3D('',#3917,#3228,#3229);
#2592=AXIS2_PLACEMENT_3D('',#3918,#3230,#3231);
#2593=AXIS2_PLACEMENT_3D('',#3919,#3232,#3233);
#2594=AXIS2_PLACEMENT_3D('',#3923,#3237,#3238);
#2595=AXIS2_PLACEMENT_3D('',#3924,#3239,#3240);
#2596=AXIS2_PLACEMENT_3D('',#3925,#3241,#3242);
#2597=AXIS2_PLACEMENT_3D('',#3927,#3243,#3244);
#2598=AXIS2_PLACEMENT_3D('',#3929,#3246,#3247);
#2599=AXIS2_PLACEMENT_3D('',#3931,#3249,#3250);
#2600=AXIS2_PLACEMENT_3D('',#3935,#3253,#3254);
#2601=AXIS2_PLACEMENT_3D('',#3937,#3256,#3257);
#2602=AXIS2_PLACEMENT_3D('',#3939,#3259,#3260);
#2603=AXIS2_PLACEMENT_3D('',#3940,#3261,#3262);
#2604=AXIS2_PLACEMENT_3D('',#3941,#3263,#3264);
#2605=DIRECTION('axis',(0.,0.,1.));
#2606=DIRECTION('refdir',(1.,0.,0.));
#2607=DIRECTION('axis',(0.,0.,1.));
#2608=DIRECTION('refdir',(1.,0.,0.));
#2609=DIRECTION('center_axis',(0.,0.,1.));
#2610=DIRECTION('ref_axis',(1.,0.,0.));
#2611=DIRECTION('center_axis',(0.,0.,1.));
#2612=DIRECTION('ref_axis',(1.,0.,0.));
#2613=DIRECTION('',(0.,0.,1.));
#2614=DIRECTION('center_axis',(0.,0.,-1.));
#2615=DIRECTION('ref_axis',(1.,0.,0.));
#2616=DIRECTION('center_axis',(0.,0.,1.));
#2617=DIRECTION('ref_axis',(1.,0.,0.));
#2618=DIRECTION('center_axis',(0.,0.,1.));
#2619=DIRECTION('ref_axis',(1.,0.,0.));
#2620=DIRECTION('',(0.,0.,1.));
#2621=DIRECTION('center_axis',(0.,0.,-1.));
#2622=DIRECTION('ref_axis',(1.,0.,0.));
#2623=DIRECTION('center_axis',(0.,0.,1.));
#2624=DIRECTION('ref_axis',(1.,0.,0.));
#2625=DIRECTION('center_axis',(0.,0.,1.));
#2626=DIRECTION('ref_axis',(1.,0.,0.));
#2627=DIRECTION('',(0.,0.,1.));
#2628=DIRECTION('center_axis',(0.,0.,-1.));
#2629=DIRECTION('ref_axis',(1.,0.,0.));
#2630=DIRECTION('center_axis',(0.,0.,1.));
#2631=DIRECTION('ref_axis',(1.,0.,0.));
#2632=DIRECTION('center_axis',(0.,0.,1.));
#2633=DIRECTION('ref_axis',(1.,0.,0.));
#2634=DIRECTION('',(0.,0.,1.));
#2635=DIRECTION('center_axis',(0.,0.,-1.));
#2636=DIRECTION('ref_axis',(1.,0.,0.));
#2637=DIRECTION('center_axis',(1.,0.,0.));
#2638=DIRECTION('ref_axis',(0.,1.,0.));
#2639=DIRECTION('',(0.,-1.,0.));
#2640=DIRECTION('',(0.,0.,1.));
#2641=DIRECTION('',(0.,1.,0.));
#2642=DIRECTION('',(0.,0.,1.));
#2643=DIRECTION('center_axis',(0.,-1.,0.));
#2644=DIRECTION('ref_axis',(1.,0.,0.));
#2645=DIRECTION('',(-1.,0.,0.));
#2646=DIRECTION('',(1.,0.,0.));
#2647=DIRECTION('',(0.,0.,1.));
#2648=DIRECTION('center_axis',(-1.,0.,0.));
#2649=DIRECTION('ref_axis',(0.,-1.,0.));
#2650=DIRECTION('',(0.,1.,0.));
#2651=DIRECTION('',(0.,-1.,0.));
#2652=DIRECTION('',(0.,0.,1.));
#2653=DIRECTION('center_axis',(0.,1.,0.));
#2654=DIRECTION('ref_axis',(-1.,0.,0.));
#2655=DIRECTION('',(1.,0.,0.));
#2656=DIRECTION('',(-1.,0.,0.));
#2657=DIRECTION('center_axis',(0.,0.,1.));
#2658=DIRECTION('ref_axis',(1.,0.,0.));
#2659=DIRECTION('center_axis',(0.,0.,1.));
#2660=DIRECTION('ref_axis',(1.,0.,0.));
#2661=DIRECTION('axis',(0.,0.,1.));
#2662=DIRECTION('refdir',(1.,0.,0.));
#2663=DIRECTION('center_axis',(0.,0.,1.));
#2664=DIRECTION('ref_axis',(-0.707106781186549,-0.707106781186546,0.));
#2665=DIRECTION('center_axis',(0.,0.,-1.));
#2666=DIRECTION('ref_axis',(-0.707106781186549,-0.707106781186546,0.));
#2667=DIRECTION('',(0.,0.,1.));
#2668=DIRECTION('center_axis',(0.,0.,1.));
#2669=DIRECTION('ref_axis',(-0.707106781186549,-0.707106781186546,0.));
#2670=DIRECTION('',(0.,0.,-1.));
#2671=DIRECTION('center_axis',(-1.,0.,0.));
#2672=DIRECTION('ref_axis',(0.,-1.,0.));
#2673=DIRECTION('',(0.,-1.,0.));
#2674=DIRECTION('',(0.,0.,-1.));
#2675=DIRECTION('',(0.,1.,0.));
#2676=DIRECTION('center_axis',(0.,0.,1.));
#2677=DIRECTION('ref_axis',(0.707106781186548,-0.707106781186548,0.));
#2678=DIRECTION('center_axis',(0.,0.,-1.));
#2679=DIRECTION('ref_axis',(0.707106781186548,-0.707106781186548,0.));
#2680=DIRECTION('',(0.,0.,1.));
#2681=DIRECTION('center_axis',(0.,0.,1.));
#2682=DIRECTION('ref_axis',(0.707106781186548,-0.707106781186548,0.));
#2683=DIRECTION('',(0.,0.,-1.));
#2684=DIRECTION('center_axis',(0.,-1.,0.));
#2685=DIRECTION('ref_axis',(1.,0.,0.));
#2686=DIRECTION('',(-1.,0.,0.));
#2687=DIRECTION('',(1.,0.,0.));
#2688=DIRECTION('center_axis',(0.,0.,1.));
#2689=DIRECTION('ref_axis',(0.707106781186551,0.707106781186544,0.));
#2690=DIRECTION('center_axis',(0.,0.,-1.));
#2691=DIRECTION('ref_axis',(0.707106781186551,0.707106781186544,0.));
#2692=DIRECTION('',(0.,0.,1.));
#2693=DIRECTION('center_axis',(0.,0.,1.));
#2694=DIRECTION('ref_axis',(0.707106781186551,0.707106781186544,0.));
#2695=DIRECTION('',(0.,0.,-1.));
#2696=DIRECTION('center_axis',(1.,0.,0.));
#2697=DIRECTION('ref_axis',(0.,1.,0.));
#2698=DIRECTION('',(0.,-1.,0.));
#2699=DIRECTION('',(0.,1.,0.));
#2700=DIRECTION('center_axis',(0.,0.,1.));
#2701=DIRECTION('ref_axis',(-0.707106781186546,0.707106781186549,0.));
#2702=DIRECTION('center_axis',(0.,0.,-1.));
#2703=DIRECTION('ref_axis',(-0.707106781186546,0.707106781186549,0.));
#2704=DIRECTION('',(0.,0.,1.));
#2705=DIRECTION('center_axis',(0.,0.,1.));
#2706=DIRECTION('ref_axis',(-0.707106781186546,0.707106781186549,0.));
#2707=DIRECTION('center_axis',(0.,1.,0.));
#2708=DIRECTION('ref_axis',(-1.,0.,0.));
#2709=DIRECTION('',(1.,0.,0.));
#2710=DIRECTION('',(-1.,0.,0.));
#2711=DIRECTION('center_axis',(0.,0.,1.));
#2712=DIRECTION('ref_axis',(0.707106781186548,0.707106781186548,0.));
#2713=DIRECTION('center_axis',(0.,0.,-1.));
#2714=DIRECTION('ref_axis',(0.707106781186548,0.707106781186548,0.));
#2715=DIRECTION('',(0.,0.,-1.));
#2716=DIRECTION('center_axis',(0.,0.,1.));
#2717=DIRECTION('ref_axis',(0.707106781186548,0.707106781186548,0.));
#2718=DIRECTION('',(0.,0.,1.));
#2719=DIRECTION('center_axis',(8.88178419700125E-16,1.,0.));
#2720=DIRECTION('ref_axis',(-1.,8.88178419700125E-16,0.));
#2721=DIRECTION('',(-1.,8.88178419700125E-16,0.));
#2722=DIRECTION('',(0.,0.,1.));
#2723=DIRECTION('',(1.,-8.88178419700125E-16,0.));
#2724=DIRECTION('center_axis',(0.,0.,-1.));
#2725=DIRECTION('ref_axis',(-1.,0.,0.));
#2726=DIRECTION('',(-2.22044604925032E-15,1.,0.));
#2727=DIRECTION('center_axis',(0.,0.,1.));
#2728=DIRECTION('ref_axis',(0.707106781186544,-0.707106781186551,0.));
#2729=DIRECTION('',(-1.,0.,0.));
#2730=DIRECTION('center_axis',(0.,0.,1.));
#2731=DIRECTION('ref_axis',(-0.707106781186548,-0.707106781186548,0.));
#2732=DIRECTION('',(-8.88178419700125E-16,1.,0.));
#2733=DIRECTION('center_axis',(0.,0.,1.));
#2734=DIRECTION('ref_axis',(-0.707106781186548,0.707106781186548,0.));
#2735=DIRECTION('',(-1.,0.,0.));
#2736=DIRECTION('',(0.,-1.,0.));
#2737=DIRECTION('',(-1.,0.,0.));
#2738=DIRECTION('',(0.,1.,0.));
#2739=DIRECTION('',(1.,0.,0.));
#2740=DIRECTION('',(1.58603289232165E-16,-1.,0.));
#2741=DIRECTION('',(-1.,0.,0.));
#2742=DIRECTION('',(0.,1.,0.));
#2743=DIRECTION('center_axis',(0.,0.,1.));
#2744=DIRECTION('ref_axis',(-0.707106781186548,0.707106781186548,0.));
#2745=DIRECTION('center_axis',(0.,0.,-1.));
#2746=DIRECTION('ref_axis',(-0.707106781186548,0.707106781186548,0.));
#2747=DIRECTION('',(0.,0.,-1.));
#2748=DIRECTION('',(0.,0.,1.));
#2749=DIRECTION('center_axis',(0.,0.,1.));
#2750=DIRECTION('ref_axis',(1.,0.,0.));
#2751=DIRECTION('',(0.,-1.,0.));
#2752=DIRECTION('',(1.,0.,0.));
#2753=DIRECTION('',(-1.58603289232165E-16,1.,0.));
#2754=DIRECTION('',(-1.,0.,0.));
#2755=DIRECTION('',(0.,-1.,0.));
#2756=DIRECTION('',(1.,0.,0.));
#2757=DIRECTION('',(0.,1.,0.));
#2758=DIRECTION('',(1.,0.,0.));
#2759=DIRECTION('',(0.,1.,0.));
#2760=DIRECTION('center_axis',(0.,0.,-1.));
#2761=DIRECTION('ref_axis',(-0.978418063850473,-0.20663516721771,0.));
#2762=DIRECTION('',(0.404351160465141,-0.914603815337818,0.));
#2763=DIRECTION('',(1.,0.,0.));
#2764=DIRECTION('',(0.40435116046514,0.914603815337818,0.));
#2765=DIRECTION('center_axis',(0.,0.,-1.));
#2766=DIRECTION('ref_axis',(0.978418063850473,-0.20663516721771,0.));
#2767=DIRECTION('',(8.88178419700125E-16,1.,0.));
#2768=DIRECTION('center_axis',(0.,0.,-1.));
#2769=DIRECTION('ref_axis',(1.,0.,0.));
#2770=DIRECTION('center_axis',(0.,0.,-1.));
#2771=DIRECTION('ref_axis',(1.,0.,0.));
#2772=DIRECTION('center_axis',(0.,0.,-1.));
#2773=DIRECTION('ref_axis',(1.,0.,0.));
#2774=DIRECTION('center_axis',(0.,0.,-1.));
#2775=DIRECTION('ref_axis',(1.,0.,0.));
#2776=DIRECTION('center_axis',(-1.,-8.88178419700125E-16,0.));
#2777=DIRECTION('ref_axis',(8.88178419700125E-16,-1.,0.));
#2778=DIRECTION('',(0.,0.,-1.));
#2779=DIRECTION('',(-8.88178419700125E-16,1.,0.));
#2780=DIRECTION('',(0.,0.,-1.));
#2781=DIRECTION('center_axis',(0.,0.,1.));
#2782=DIRECTION('ref_axis',(-0.978418063850473,-0.20663516721771,0.));
#2783=DIRECTION('center_axis',(0.,0.,1.));
#2784=DIRECTION('ref_axis',(-0.978418063850473,-0.20663516721771,0.));
#2785=DIRECTION('',(0.,0.,1.));
#2786=DIRECTION('center_axis',(0.,0.,-1.));
#2787=DIRECTION('ref_axis',(-0.707106781186548,-0.707106781186548,0.));
#2788=DIRECTION('',(0.,0.,1.));
#2789=DIRECTION('center_axis',(0.,0.,1.));
#2790=DIRECTION('ref_axis',(-0.707106781186548,-0.707106781186548,0.));
#2791=DIRECTION('center_axis',(0.,-1.,0.));
#2792=DIRECTION('ref_axis',(-1.,0.,0.));
#2793=DIRECTION('',(0.,0.,-1.));
#2794=DIRECTION('',(1.,0.,0.));
#2795=DIRECTION('center_axis',(0.,0.,1.));
#2796=DIRECTION('ref_axis',(0.978418063850473,-0.20663516721771,0.));
#2797=DIRECTION('',(0.,0.,-1.));
#2798=DIRECTION('center_axis',(0.,0.,1.));
#2799=DIRECTION('ref_axis',(0.978418063850473,-0.20663516721771,0.));
#2800=DIRECTION('',(0.,0.,1.));
#2801=DIRECTION('center_axis',(0.914603815337818,-0.40435116046514,0.));
#2802=DIRECTION('ref_axis',(0.40435116046514,0.914603815337818,0.));
#2803=DIRECTION('',(0.,0.,1.));
#2804=DIRECTION('',(-0.40435116046514,-0.914603815337818,0.));
#2805=DIRECTION('center_axis',(0.,0.,-1.));
#2806=DIRECTION('ref_axis',(0.707106781186544,-0.707106781186551,0.));
#2807=DIRECTION('',(0.,0.,1.));
#2808=DIRECTION('center_axis',(0.,0.,1.));
#2809=DIRECTION('ref_axis',(0.707106781186544,-0.707106781186551,0.));
#2810=DIRECTION('center_axis',(0.,6.63090581511572E-16,-1.));
#2811=DIRECTION('ref_axis',(0.,1.,6.63090581511572E-16));
#2812=DIRECTION('',(0.,-1.,-6.63090581511572E-16));
#2813=DIRECTION('',(1.,0.,0.));
#2814=DIRECTION('',(0.,1.,6.63090581511572E-16));
#2815=DIRECTION('',(1.,0.,0.));
#2816=DIRECTION('center_axis',(0.,6.63090581511572E-16,-1.));
#2817=DIRECTION('ref_axis',(0.,1.,6.63090581511572E-16));
#2818=DIRECTION('',(-1.58603289232165E-16,1.,6.63090581511572E-16));
#2819=DIRECTION('',(1.,0.,0.));
#2820=DIRECTION('',(0.,-1.,-6.63090581511572E-16));
#2821=DIRECTION('',(1.,0.,0.));
#2822=DIRECTION('center_axis',(0.,0.86602540378444,-0.499999999999999));
#2823=DIRECTION('ref_axis',(0.,0.499999999999999,0.866025403784439));
#2824=DIRECTION('',(0.,-0.499999999999999,-0.866025403784439));
#2825=DIRECTION('',(1.,0.,0.));
#2826=DIRECTION('',(0.,0.499999999999999,0.866025403784439));
#2827=DIRECTION('center_axis',(0.,0.86602540378444,-0.499999999999999));
#2828=DIRECTION('ref_axis',(0.,0.499999999999999,0.866025403784439));
#2829=DIRECTION('',(-7.93016446160824E-17,0.499999999999999,0.866025403784439));
#2830=DIRECTION('',(0.,-0.499999999999999,-0.866025403784439));
#2831=DIRECTION('',(1.,0.,0.));
#2832=DIRECTION('center_axis',(0.,-0.866025403784439,-0.499999999999999));
#2833=DIRECTION('ref_axis',(0.,0.499999999999999,-0.866025403784439));
#2834=DIRECTION('',(0.,-0.499999999999999,0.866025403784439));
#2835=DIRECTION('',(0.,0.499999999999999,-0.866025403784439));
#2836=DIRECTION('',(1.,0.,0.));
#2837=DIRECTION('center_axis',(0.,0.866025403784438,0.500000000000001));
#2838=DIRECTION('ref_axis',(0.,-0.500000000000001,0.866025403784438));
#2839=DIRECTION('',(0.,0.500000000000001,-0.866025403784438));
#2840=DIRECTION('',(1.,0.,0.));
#2841=DIRECTION('',(0.,-0.500000000000001,0.866025403784438));
#2842=DIRECTION('center_axis',(0.,0.866025403784438,0.500000000000001));
#2843=DIRECTION('ref_axis',(0.,-0.500000000000001,0.866025403784438));
#2844=DIRECTION('',(7.93016446160827E-17,-0.500000000000001,0.866025403784438));
#2845=DIRECTION('',(0.,0.500000000000001,-0.866025403784438));
#2846=DIRECTION('',(1.,0.,0.));
#2847=DIRECTION('center_axis',(0.,-0.86602540378444,0.499999999999999));
#2848=DIRECTION('ref_axis',(0.,-0.499999999999999,-0.866025403784439));
#2849=DIRECTION('',(0.,0.499999999999999,0.866025403784439));
#2850=DIRECTION('',(0.,-0.499999999999999,-0.866025403784439));
#2851=DIRECTION('',(1.,0.,0.));
#2852=DIRECTION('center_axis',(0.,-1.32618116302315E-15,1.));
#2853=DIRECTION('ref_axis',(0.,-1.,-1.32618116302315E-15));
#2854=DIRECTION('',(0.,1.,1.32618116302315E-15));
#2855=DIRECTION('',(0.,-1.,-1.32618116302315E-15));
#2856=DIRECTION('center_axis',(0.,-1.32618116302315E-15,1.));
#2857=DIRECTION('ref_axis',(0.,-1.,-1.32618116302315E-15));
#2858=DIRECTION('',(1.58603289232165E-16,-1.,-1.32618116302315E-15));
#2859=DIRECTION('',(0.,1.,1.32618116302315E-15));
#2860=DIRECTION('',(1.,0.,0.));
#2861=DIRECTION('center_axis',(0.,-0.866025403784439,-0.499999999999999));
#2862=DIRECTION('ref_axis',(0.,0.499999999999999,-0.866025403784439));
#2863=DIRECTION('',(-7.93016446160824E-17,0.499999999999999,-0.866025403784439));
#2864=DIRECTION('',(1.,0.,0.));
#2865=DIRECTION('',(0.,-0.499999999999999,0.866025403784439));
#2866=DIRECTION('center_axis',(0.,-0.86602540378444,0.499999999999999));
#2867=DIRECTION('ref_axis',(0.,-0.499999999999999,-0.866025403784439));
#2868=DIRECTION('',(7.93016446160824E-17,-0.499999999999999,-0.866025403784439));
#2869=DIRECTION('',(0.,0.499999999999999,0.866025403784439));
#2870=DIRECTION('center_axis',(0.,6.63090581511572E-16,-1.));
#2871=DIRECTION('ref_axis',(0.,1.,6.63090581511572E-16));
#2872=DIRECTION('',(0.,-1.,-6.63090581511572E-16));
#2873=DIRECTION('',(1.,0.,0.));
#2874=DIRECTION('',(0.,1.,6.63090581511572E-16));
#2875=DIRECTION('',(1.,0.,0.));
#2876=DIRECTION('center_axis',(0.,6.63090581511572E-16,-1.));
#2877=DIRECTION('ref_axis',(0.,1.,6.63090581511572E-16));
#2878=DIRECTION('',(-1.58603289232165E-16,1.,6.63090581511572E-16));
#2879=DIRECTION('',(1.,0.,0.));
#2880=DIRECTION('',(0.,-1.,-6.63090581511572E-16));
#2881=DIRECTION('',(1.,0.,0.));
#2882=DIRECTION('center_axis',(0.,0.86602540378444,-0.499999999999999));
#2883=DIRECTION('ref_axis',(0.,0.499999999999999,0.866025403784439));
#2884=DIRECTION('',(0.,-0.499999999999999,-0.866025403784439));
#2885=DIRECTION('',(1.,0.,0.));
#2886=DIRECTION('',(0.,0.499999999999999,0.866025403784439));
#2887=DIRECTION('center_axis',(0.,0.86602540378444,-0.499999999999999));
#2888=DIRECTION('ref_axis',(0.,0.499999999999999,0.866025403784439));
#2889=DIRECTION('',(-7.93016446160824E-17,0.499999999999999,0.866025403784439));
#2890=DIRECTION('',(0.,-0.499999999999999,-0.866025403784439));
#2891=DIRECTION('',(1.,0.,0.));
#2892=DIRECTION('center_axis',(0.,-0.866025403784439,-0.499999999999999));
#2893=DIRECTION('ref_axis',(0.,0.499999999999999,-0.866025403784439));
#2894=DIRECTION('',(0.,-0.499999999999999,0.866025403784439));
#2895=DIRECTION('',(0.,0.499999999999999,-0.866025403784439));
#2896=DIRECTION('',(1.,0.,0.));
#2897=DIRECTION('center_axis',(0.,0.866025403784438,0.500000000000001));
#2898=DIRECTION('ref_axis',(0.,-0.500000000000001,0.866025403784438));
#2899=DIRECTION('',(0.,0.500000000000001,-0.866025403784438));
#2900=DIRECTION('',(1.,0.,0.));
#2901=DIRECTION('',(0.,-0.500000000000001,0.866025403784438));
#2902=DIRECTION('center_axis',(0.,0.866025403784438,0.500000000000001));
#2903=DIRECTION('ref_axis',(0.,-0.500000000000001,0.866025403784438));
#2904=DIRECTION('',(7.93016446160827E-17,-0.500000000000001,0.866025403784438));
#2905=DIRECTION('',(0.,0.500000000000001,-0.866025403784438));
#2906=DIRECTION('',(1.,0.,0.));
#2907=DIRECTION('center_axis',(0.,-0.86602540378444,0.499999999999999));
#2908=DIRECTION('ref_axis',(0.,-0.499999999999999,-0.866025403784439));
#2909=DIRECTION('',(0.,0.499999999999999,0.866025403784439));
#2910=DIRECTION('',(0.,-0.499999999999999,-0.866025403784439));
#2911=DIRECTION('',(1.,0.,0.));
#2912=DIRECTION('center_axis',(0.,-1.32618116302315E-15,1.));
#2913=DIRECTION('ref_axis',(0.,-1.,-1.32618116302315E-15));
#2914=DIRECTION('',(0.,1.,1.32618116302315E-15));
#2915=DIRECTION('',(0.,-1.,-1.32618116302315E-15));
#2916=DIRECTION('center_axis',(0.,-1.32618116302315E-15,1.));
#2917=DIRECTION('ref_axis',(0.,-1.,-1.32618116302315E-15));
#2918=DIRECTION('',(1.58603289232165E-16,-1.,-1.32618116302315E-15));
#2919=DIRECTION('',(0.,1.,1.32618116302315E-15));
#2920=DIRECTION('',(1.,0.,0.));
#2921=DIRECTION('center_axis',(0.,-0.866025403784439,-0.499999999999999));
#2922=DIRECTION('ref_axis',(0.,0.499999999999999,-0.866025403784439));
#2923=DIRECTION('',(-7.93016446160824E-17,0.499999999999999,-0.866025403784439));
#2924=DIRECTION('',(1.,0.,0.));
#2925=DIRECTION('',(0.,-0.499999999999999,0.866025403784439));
#2926=DIRECTION('center_axis',(0.,-0.86602540378444,0.499999999999999));
#2927=DIRECTION('ref_axis',(0.,-0.499999999999999,-0.866025403784439));
#2928=DIRECTION('',(7.93016446160824E-17,-0.499999999999999,-0.866025403784439));
#2929=DIRECTION('',(0.,0.499999999999999,0.866025403784439));
#2930=DIRECTION('center_axis',(-1.,-1.58603289232165E-16,0.));
#2931=DIRECTION('ref_axis',(1.58603289232165E-16,-1.,0.));
#2932=DIRECTION('',(0.,0.,1.));
#2933=DIRECTION('',(0.,0.,-1.));
#2934=DIRECTION('center_axis',(0.,1.,0.));
#2935=DIRECTION('ref_axis',(-1.,0.,0.));
#2936=DIRECTION('',(0.,0.,1.));
#2937=DIRECTION('center_axis',(1.,0.,0.));
#2938=DIRECTION('ref_axis',(0.,1.,0.));
#2939=DIRECTION('center_axis',(0.,1.,0.));
#2940=DIRECTION('ref_axis',(-1.,0.,0.));
#2941=DIRECTION('',(0.,0.,1.));
#2942=DIRECTION('center_axis',(1.,0.,0.));
#2943=DIRECTION('ref_axis',(0.,1.,0.));
#2944=DIRECTION('',(0.,0.,1.));
#2945=DIRECTION('center_axis',(0.,1.,0.));
#2946=DIRECTION('ref_axis',(-1.,0.,0.));
#2947=DIRECTION('',(0.,0.,1.));
#2948=DIRECTION('center_axis',(-1.,0.,0.));
#2949=DIRECTION('ref_axis',(0.,-1.,0.));
#2950=DIRECTION('',(0.,0.,1.));
#2951=DIRECTION('center_axis',(0.,1.,0.));
#2952=DIRECTION('ref_axis',(-1.,0.,0.));
#2953=DIRECTION('center_axis',(0.,0.,1.));
#2954=DIRECTION('ref_axis',(-1.,0.,0.));
#2955=DIRECTION('',(-1.,0.,0.));
#2956=DIRECTION('',(0.,-1.,0.));
#2957=DIRECTION('center_axis',(0.,0.,-1.));
#2958=DIRECTION('ref_axis',(-1.,0.,0.));
#2959=DIRECTION('',(0.,1.,0.));
#2960=DIRECTION('center_axis',(0.,0.,1.));
#2961=DIRECTION('ref_axis',(-1.,0.,0.));
#2962=DIRECTION('',(0.,1.,0.));
#2963=DIRECTION('center_axis',(0.,0.,-1.));
#2964=DIRECTION('ref_axis',(-1.,0.,0.));
#2965=DIRECTION('',(0.,-1.,0.));
#2966=DIRECTION('',(1.,0.,0.));
#2967=DIRECTION('center_axis',(0.,1.,0.));
#2968=DIRECTION('ref_axis',(1.,0.,0.));
#2969=DIRECTION('',(0.,0.,-1.));
#2970=DIRECTION('',(1.,0.,0.));
#2971=DIRECTION('',(1.,0.,0.));
#2972=DIRECTION('',(0.,0.,-1.));
#2973=DIRECTION('center_axis',(0.,0.,1.));
#2974=DIRECTION('ref_axis',(1.,0.,0.));
#2975=DIRECTION('',(0.,1.,0.));
#2976=DIRECTION('center_axis',(0.,0.,-1.));
#2977=DIRECTION('ref_axis',(1.,0.,0.));
#2978=DIRECTION('center_axis',(0.,0.,-1.));
#2979=DIRECTION('ref_axis',(1.,0.,0.));
#2980=DIRECTION('center_axis',(0.,0.,1.));
#2981=DIRECTION('ref_axis',(1.,0.,0.));
#2982=DIRECTION('',(0.,-1.,0.));
#2983=DIRECTION('center_axis',(0.,0.,-1.));
#2984=DIRECTION('ref_axis',(1.,0.,0.));
#2985=DIRECTION('center_axis',(0.,0.,1.));
#2986=DIRECTION('ref_axis',(-1.,0.,0.));
#2987=DIRECTION('',(0.,1.,0.));
#2988=DIRECTION('center_axis',(0.,0.,1.));
#2989=DIRECTION('ref_axis',(1.,0.,0.));
#2990=DIRECTION('center_axis',(0.,0.,1.));
#2991=DIRECTION('ref_axis',(-1.,0.,0.));
#2992=DIRECTION('center_axis',(0.,0.,1.));
#2993=DIRECTION('ref_axis',(1.,0.,0.));
#2994=DIRECTION('',(0.,-1.,0.));
#2995=DIRECTION('center_axis',(0.,-1.,0.));
#2996=DIRECTION('ref_axis',(-1.,0.,0.));
#2997=DIRECTION('',(0.,0.,-1.));
#2998=DIRECTION('',(-1.,0.,0.));
#2999=DIRECTION('',(-1.,0.,0.));
#3000=DIRECTION('',(0.,0.,-1.));
#3001=DIRECTION('center_axis',(1.,0.,0.));
#3002=DIRECTION('ref_axis',(0.,-1.,0.));
#3003=DIRECTION('',(0.,0.,-1.));
#3004=DIRECTION('',(0.,-1.,0.));
#3005=DIRECTION('',(0.,0.,-1.));
#3006=DIRECTION('center_axis',(0.,0.,1.));
#3007=DIRECTION('ref_axis',(-1.,0.,0.));
#3008=DIRECTION('center_axis',(0.,0.,1.));
#3009=DIRECTION('ref_axis',(1.,0.,0.));
#3010=DIRECTION('center_axis',(-1.,0.,0.));
#3011=DIRECTION('ref_axis',(0.,1.,0.));
#3012=DIRECTION('',(0.,0.,-1.));
#3013=DIRECTION('',(0.,1.,0.));
#3014=DIRECTION('',(0.,0.,-1.));
#3015=DIRECTION('center_axis',(0.,0.,1.));
#3016=DIRECTION('ref_axis',(-1.,0.,0.));
#3017=DIRECTION('center_axis',(0.,0.,1.));
#3018=DIRECTION('ref_axis',(1.,0.,0.));
#3019=DIRECTION('center_axis',(0.,0.,1.));
#3020=DIRECTION('ref_axis',(1.,0.,0.));
#3021=DIRECTION('center_axis',(0.,0.,1.));
#3022=DIRECTION('ref_axis',(1.,0.,0.));
#3023=DIRECTION('',(0.,0.,1.));
#3024=DIRECTION('center_axis',(0.,0.,-1.));
#3025=DIRECTION('ref_axis',(1.,0.,0.));
#3026=DIRECTION('',(0.,0.,-1.));
#3027=DIRECTION('center_axis',(0.,0.,1.));
#3028=DIRECTION('ref_axis',(-1.,0.,0.));
#3029=DIRECTION('',(-1.,0.,0.));
#3030=DIRECTION('',(0.,-1.,0.));
#3031=DIRECTION('center_axis',(0.,0.,-1.));
#3032=DIRECTION('ref_axis',(-1.,0.,0.));
#3033=DIRECTION('',(0.,1.,0.));
#3034=DIRECTION('center_axis',(0.,0.,1.));
#3035=DIRECTION('ref_axis',(-1.,0.,0.));
#3036=DIRECTION('',(0.,1.,0.));
#3037=DIRECTION('center_axis',(0.,0.,-1.));
#3038=DIRECTION('ref_axis',(-1.,0.,0.));
#3039=DIRECTION('',(0.,-1.,0.));
#3040=DIRECTION('',(1.,0.,0.));
#3041=DIRECTION('center_axis',(0.,1.,0.));
#3042=DIRECTION('ref_axis',(1.,0.,0.));
#3043=DIRECTION('',(0.,0.,-1.));
#3044=DIRECTION('',(1.,0.,0.));
#3045=DIRECTION('',(1.,0.,0.));
#3046=DIRECTION('',(0.,0.,-1.));
#3047=DIRECTION('center_axis',(0.,0.,1.));
#3048=DIRECTION('ref_axis',(1.,0.,0.));
#3049=DIRECTION('',(0.,1.,0.));
#3050=DIRECTION('center_axis',(0.,0.,-1.));
#3051=DIRECTION('ref_axis',(1.,0.,0.));
#3052=DIRECTION('center_axis',(0.,0.,-1.));
#3053=DIRECTION('ref_axis',(1.,0.,0.));
#3054=DIRECTION('center_axis',(0.,0.,1.));
#3055=DIRECTION('ref_axis',(1.,0.,0.));
#3056=DIRECTION('',(0.,-1.,0.));
#3057=DIRECTION('center_axis',(0.,0.,-1.));
#3058=DIRECTION('ref_axis',(1.,0.,0.));
#3059=DIRECTION('center_axis',(0.,0.,1.));
#3060=DIRECTION('ref_axis',(-1.,0.,0.));
#3061=DIRECTION('',(0.,1.,0.));
#3062=DIRECTION('center_axis',(0.,0.,1.));
#3063=DIRECTION('ref_axis',(1.,0.,0.));
#3064=DIRECTION('center_axis',(0.,0.,1.));
#3065=DIRECTION('ref_axis',(-1.,0.,0.));
#3066=DIRECTION('center_axis',(0.,0.,1.));
#3067=DIRECTION('ref_axis',(1.,0.,0.));
#3068=DIRECTION('',(0.,-1.,0.));
#3069=DIRECTION('center_axis',(0.,-1.,0.));
#3070=DIRECTION('ref_axis',(-1.,0.,0.));
#3071=DIRECTION('',(0.,0.,-1.));
#3072=DIRECTION('',(-1.,0.,0.));
#3073=DIRECTION('',(-1.,0.,0.));
#3074=DIRECTION('',(0.,0.,-1.));
#3075=DIRECTION('center_axis',(1.,0.,0.));
#3076=DIRECTION('ref_axis',(0.,-1.,0.));
#3077=DIRECTION('',(0.,0.,-1.));
#3078=DIRECTION('',(0.,-1.,0.));
#3079=DIRECTION('',(0.,0.,-1.));
#3080=DIRECTION('center_axis',(0.,0.,1.));
#3081=DIRECTION('ref_axis',(-1.,0.,0.));
#3082=DIRECTION('center_axis',(0.,0.,1.));
#3083=DIRECTION('ref_axis',(1.,0.,0.));
#3084=DIRECTION('center_axis',(-1.,0.,0.));
#3085=DIRECTION('ref_axis',(0.,1.,0.));
#3086=DIRECTION('',(0.,0.,-1.));
#3087=DIRECTION('',(0.,1.,0.));
#3088=DIRECTION('',(0.,0.,-1.));
#3089=DIRECTION('center_axis',(0.,0.,1.));
#3090=DIRECTION('ref_axis',(-1.,0.,0.));
#3091=DIRECTION('center_axis',(0.,0.,1.));
#3092=DIRECTION('ref_axis',(1.,0.,0.));
#3093=DIRECTION('center_axis',(0.,0.,1.));
#3094=DIRECTION('ref_axis',(1.,0.,0.));
#3095=DIRECTION('center_axis',(0.,0.,1.));
#3096=DIRECTION('ref_axis',(1.,0.,0.));
#3097=DIRECTION('',(0.,0.,1.));
#3098=DIRECTION('center_axis',(0.,0.,-1.));
#3099=DIRECTION('ref_axis',(1.,0.,0.));
#3100=DIRECTION('',(0.,0.,-1.));
#3101=DIRECTION('center_axis',(0.,0.,1.));
#3102=DIRECTION('ref_axis',(-1.,0.,0.));
#3103=DIRECTION('',(-1.,0.,0.));
#3104=DIRECTION('',(0.,-1.,0.));
#3105=DIRECTION('center_axis',(0.,0.,-1.));
#3106=DIRECTION('ref_axis',(-1.,0.,0.));
#3107=DIRECTION('',(0.,1.,0.));
#3108=DIRECTION('center_axis',(0.,0.,1.));
#3109=DIRECTION('ref_axis',(-1.,0.,0.));
#3110=DIRECTION('',(0.,1.,0.));
#3111=DIRECTION('center_axis',(0.,0.,-1.));
#3112=DIRECTION('ref_axis',(-1.,0.,0.));
#3113=DIRECTION('',(0.,-1.,0.));
#3114=DIRECTION('',(1.,0.,0.));
#3115=DIRECTION('center_axis',(0.,1.,0.));
#3116=DIRECTION('ref_axis',(1.,0.,0.));
#3117=DIRECTION('',(0.,0.,-1.));
#3118=DIRECTION('',(1.,0.,0.));
#3119=DIRECTION('',(1.,0.,0.));
#3120=DIRECTION('',(0.,0.,-1.));
#3121=DIRECTION('center_axis',(0.,0.,1.));
#3122=DIRECTION('ref_axis',(1.,0.,0.));
#3123=DIRECTION('',(0.,1.,0.));
#3124=DIRECTION('center_axis',(0.,0.,-1.));
#3125=DIRECTION('ref_axis',(1.,0.,0.));
#3126=DIRECTION('center_axis',(0.,0.,-1.));
#3127=DIRECTION('ref_axis',(1.,0.,0.));
#3128=DIRECTION('center_axis',(0.,0.,1.));
#3129=DIRECTION('ref_axis',(1.,0.,0.));
#3130=DIRECTION('',(0.,-1.,0.));
#3131=DIRECTION('center_axis',(0.,0.,-1.));
#3132=DIRECTION('ref_axis',(1.,0.,0.));
#3133=DIRECTION('center_axis',(0.,0.,1.));
#3134=DIRECTION('ref_axis',(-1.,0.,0.));
#3135=DIRECTION('',(0.,1.,0.));
#3136=DIRECTION('center_axis',(0.,0.,1.));
#3137=DIRECTION('ref_axis',(1.,0.,0.));
#3138=DIRECTION('center_axis',(0.,0.,1.));
#3139=DIRECTION('ref_axis',(-1.,0.,0.));
#3140=DIRECTION('center_axis',(0.,0.,1.));
#3141=DIRECTION('ref_axis',(1.,0.,0.));
#3142=DIRECTION('',(0.,-1.,0.));
#3143=DIRECTION('center_axis',(0.,-1.,0.));
#3144=DIRECTION('ref_axis',(-1.,0.,0.));
#3145=DIRECTION('',(0.,0.,-1.));
#3146=DIRECTION('',(-1.,0.,0.));
#3147=DIRECTION('',(-1.,0.,0.));
#3148=DIRECTION('',(0.,0.,-1.));
#3149=DIRECTION('center_axis',(1.,0.,0.));
#3150=DIRECTION('ref_axis',(0.,-1.,0.));
#3151=DIRECTION('',(0.,0.,-1.));
#3152=DIRECTION('',(0.,-1.,0.));
#3153=DIRECTION('',(0.,0.,-1.));
#3154=DIRECTION('center_axis',(0.,0.,1.));
#3155=DIRECTION('ref_axis',(-1.,0.,0.));
#3156=DIRECTION('center_axis',(0.,0.,1.));
#3157=DIRECTION('ref_axis',(1.,0.,0.));
#3158=DIRECTION('center_axis',(-1.,0.,0.));
#3159=DIRECTION('ref_axis',(0.,1.,0.));
#3160=DIRECTION('',(0.,0.,-1.));
#3161=DIRECTION('',(0.,1.,0.));
#3162=DIRECTION('',(0.,0.,-1.));
#3163=DIRECTION('center_axis',(0.,0.,1.));
#3164=DIRECTION('ref_axis',(-1.,0.,0.));
#3165=DIRECTION('center_axis',(0.,0.,1.));
#3166=DIRECTION('ref_axis',(1.,0.,0.));
#3167=DIRECTION('center_axis',(0.,0.,1.));
#3168=DIRECTION('ref_axis',(1.,0.,0.));
#3169=DIRECTION('center_axis',(0.,0.,1.));
#3170=DIRECTION('ref_axis',(1.,0.,0.));
#3171=DIRECTION('',(0.,0.,1.));
#3172=DIRECTION('center_axis',(0.,0.,-1.));
#3173=DIRECTION('ref_axis',(1.,0.,0.));
#3174=DIRECTION('',(0.,0.,-1.));
#3175=DIRECTION('center_axis',(0.,0.,1.));
#3176=DIRECTION('ref_axis',(-1.,0.,0.));
#3177=DIRECTION('',(-1.,0.,0.));
#3178=DIRECTION('',(0.,-1.,0.));
#3179=DIRECTION('center_axis',(0.,0.,-1.));
#3180=DIRECTION('ref_axis',(-1.,0.,0.));
#3181=DIRECTION('',(0.,1.,0.));
#3182=DIRECTION('center_axis',(0.,0.,1.));
#3183=DIRECTION('ref_axis',(-1.,0.,0.));
#3184=DIRECTION('',(0.,1.,0.));
#3185=DIRECTION('center_axis',(0.,0.,-1.));
#3186=DIRECTION('ref_axis',(-1.,0.,0.));
#3187=DIRECTION('',(0.,-1.,0.));
#3188=DIRECTION('',(1.,0.,0.));
#3189=DIRECTION('center_axis',(0.,1.,0.));
#3190=DIRECTION('ref_axis',(1.,0.,0.));
#3191=DIRECTION('',(0.,0.,-1.));
#3192=DIRECTION('',(1.,0.,0.));
#3193=DIRECTION('',(1.,0.,0.));
#3194=DIRECTION('',(0.,0.,-1.));
#3195=DIRECTION('center_axis',(0.,0.,1.));
#3196=DIRECTION('ref_axis',(1.,0.,0.));
#3197=DIRECTION('',(0.,1.,0.));
#3198=DIRECTION('center_axis',(0.,0.,-1.));
#3199=DIRECTION('ref_axis',(1.,0.,0.));
#3200=DIRECTION('center_axis',(0.,0.,-1.));
#3201=DIRECTION('ref_axis',(1.,0.,0.));
#3202=DIRECTION('center_axis',(0.,0.,1.));
#3203=DIRECTION('ref_axis',(1.,0.,0.));
#3204=DIRECTION('',(0.,-1.,0.));
#3205=DIRECTION('center_axis',(0.,0.,-1.));
#3206=DIRECTION('ref_axis',(1.,0.,0.));
#3207=DIRECTION('center_axis',(0.,0.,1.));
#3208=DIRECTION('ref_axis',(-1.,0.,0.));
#3209=DIRECTION('',(0.,1.,0.));
#3210=DIRECTION('center_axis',(0.,0.,1.));
#3211=DIRECTION('ref_axis',(1.,0.,0.));
#3212=DIRECTION('center_axis',(0.,0.,1.));
#3213=DIRECTION('ref_axis',(-1.,0.,0.));
#3214=DIRECTION('center_axis',(0.,0.,1.));
#3215=DIRECTION('ref_axis',(1.,0.,0.));
#3216=DIRECTION('',(0.,-1.,0.));
#3217=DIRECTION('center_axis',(0.,-1.,0.));
#3218=DIRECTION('ref_axis',(-1.,0.,0.));
#3219=DIRECTION('',(0.,0.,-1.));
#3220=DIRECTION('',(-1.,0.,0.));
#3221=DIRECTION('',(-1.,0.,0.));
#3222=DIRECTION('',(0.,0.,-1.));
#3223=DIRECTION('center_axis',(1.,0.,0.));
#3224=DIRECTION('ref_axis',(0.,-1.,0.));
#3225=DIRECTION('',(0.,0.,-1.));
#3226=DIRECTION('',(0.,-1.,0.));
#3227=DIRECTION('',(0.,0.,-1.));
#3228=DIRECTION('center_axis',(0.,0.,1.));
#3229=DIRECTION('ref_axis',(-1.,0.,0.));
#3230=DIRECTION('center_axis',(0.,0.,1.));
#3231=DIRECTION('ref_axis',(1.,0.,0.));
#3232=DIRECTION('center_axis',(-1.,0.,0.));
#3233=DIRECTION('ref_axis',(0.,1.,0.));
#3234=DIRECTION('',(0.,0.,-1.));
#3235=DIRECTION('',(0.,1.,0.));
#3236=DIRECTION('',(0.,0.,-1.));
#3237=DIRECTION('center_axis',(0.,0.,1.));
#3238=DIRECTION('ref_axis',(-1.,0.,0.));
#3239=DIRECTION('center_axis',(0.,0.,1.));
#3240=DIRECTION('ref_axis',(1.,0.,0.));
#3241=DIRECTION('center_axis',(0.,0.,1.));
#3242=DIRECTION('ref_axis',(1.,0.,0.));
#3243=DIRECTION('center_axis',(0.,0.,1.));
#3244=DIRECTION('ref_axis',(1.,0.,0.));
#3245=DIRECTION('',(0.,0.,1.));
#3246=DIRECTION('center_axis',(0.,0.,-1.));
#3247=DIRECTION('ref_axis',(1.,0.,0.));
#3248=DIRECTION('',(0.,0.,-1.));
#3249=DIRECTION('center_axis',(0.,-1.,0.));
#3250=DIRECTION('ref_axis',(1.,0.,0.));
#3251=DIRECTION('',(1.,0.,0.));
#3252=DIRECTION('',(0.,0.,1.));
#3253=DIRECTION('center_axis',(-0.914603815337818,-0.404351160465141,0.));
#3254=DIRECTION('ref_axis',(0.404351160465141,-0.914603815337818,0.));
#3255=DIRECTION('',(-0.404351160465141,0.914603815337818,0.));
#3256=DIRECTION('center_axis',(1.,-8.88178419700125E-16,0.));
#3257=DIRECTION('ref_axis',(8.88178419700125E-16,1.,0.));
#3258=DIRECTION('',(-8.88178419700125E-16,-1.,0.));
#3259=DIRECTION('center_axis',(0.,0.,1.));
#3260=DIRECTION('ref_axis',(-1.,0.,0.));
#3261=DIRECTION('',(0.,0.,1.));
#3262=DIRECTION('',(1.,0.,0.));
#3263=DIRECTION('',(-4.37905770101505E-47,0.,1.));
#3264=DIRECTION('',(1.,5.98699295060652E-48,0.));
#3265=CARTESIAN_POINT('',(0.,0.,0.));
#3266=CARTESIAN_POINT('',(0.,0.,0.));
#3267=CARTESIAN_POINT('Origin',(-7.5,10.,0.));
#3268=CARTESIAN_POINT('',(-10.,10.,0.));
#3269=CARTESIAN_POINT('Origin',(-7.5,10.,0.));
#3270=CARTESIAN_POINT('',(-10.,10.,20.));
#3271=CARTESIAN_POINT('',(-10.,10.,0.));
#3272=CARTESIAN_POINT('Origin',(-7.5,10.,20.));
#3273=CARTESIAN_POINT('Origin',(7.5,10.,0.));
#3274=CARTESIAN_POINT('',(5.,10.,0.));
#3275=CARTESIAN_POINT('Origin',(7.5,10.,0.));
#3276=CARTESIAN_POINT('',(5.,10.,20.));
#3277=CARTESIAN_POINT('',(5.,10.,0.));
#3278=CARTESIAN_POINT('Origin',(7.5,10.,20.));
#3279=CARTESIAN_POINT('Origin',(-7.5,-10.,0.));
#3280=CARTESIAN_POINT('',(-10.,-10.,0.));
#3281=CARTESIAN_POINT('Origin',(-7.5,-10.,0.));
#3282=CARTESIAN_POINT('',(-10.,-10.,20.));
#3283=CARTESIAN_POINT('',(-10.,-10.,0.));
#3284=CARTESIAN_POINT('Origin',(-7.5,-10.,20.));
#3285=CARTESIAN_POINT('Origin',(7.5,-10.,0.));
#3286=CARTESIAN_POINT('',(5.,-10.,0.));
#3287=CARTESIAN_POINT('Origin',(7.5,-10.,0.));
#3288=CARTESIAN_POINT('',(5.,-10.,20.));
#3289=CARTESIAN_POINT('',(5.,-10.,0.));
#3290=CARTESIAN_POINT('Origin',(7.5,-10.,20.));
#3291=CARTESIAN_POINT('Origin',(17.,-13.75,0.));
#3292=CARTESIAN_POINT('',(17.,13.75,0.));
#3293=CARTESIAN_POINT('',(17.,-13.75,0.));
#3294=CARTESIAN_POINT('',(17.,13.75,0.));
#3295=CARTESIAN_POINT('',(17.,13.75,20.));
#3296=CARTESIAN_POINT('',(17.,13.75,0.));
#3297=CARTESIAN_POINT('',(17.,-13.75,20.));
#3298=CARTESIAN_POINT('',(17.,13.75,20.));
#3299=CARTESIAN_POINT('',(17.,-13.75,0.));
#3300=CARTESIAN_POINT('Origin',(-17.,-13.75,0.));
#3301=CARTESIAN_POINT('',(-17.,-13.75,0.));
#3302=CARTESIAN_POINT('',(17.,-13.75,0.));
#3303=CARTESIAN_POINT('',(-17.,-13.75,20.));
#3304=CARTESIAN_POINT('',(17.,-13.75,20.));
#3305=CARTESIAN_POINT('',(-17.,-13.75,0.));
#3306=CARTESIAN_POINT('Origin',(-17.,13.75,0.));
#3307=CARTESIAN_POINT('',(-17.,13.75,0.));
#3308=CARTESIAN_POINT('',(-17.,-13.75,0.));
#3309=CARTESIAN_POINT('',(-17.,13.75,20.));
#3310=CARTESIAN_POINT('',(-17.,-13.75,20.));
#3311=CARTESIAN_POINT('',(-17.,13.75,0.));
#3312=CARTESIAN_POINT('Origin',(17.,13.75,0.));
#3313=CARTESIAN_POINT('',(-17.,13.75,0.));
#3314=CARTESIAN_POINT('',(-17.,13.75,20.));
#3315=CARTESIAN_POINT('Origin',(1.55431223447522E-14,-2.44249065417534E-14,
20.));
#3316=CARTESIAN_POINT('Origin',(1.55431223447522E-14,-2.44249065417534E-14,
0.));
#3317=CARTESIAN_POINT('',(0.,0.,0.));
#3318=CARTESIAN_POINT('Origin',(-11.,27.25,20.));
#3319=CARTESIAN_POINT('',(-11.,26.25,20.));
#3320=CARTESIAN_POINT('',(-12.,27.25,20.));
#3321=CARTESIAN_POINT('Origin',(-11.,27.25,20.));
#3322=CARTESIAN_POINT('',(-12.,27.25,30.));
#3323=CARTESIAN_POINT('',(-12.,27.25,20.));
#3324=CARTESIAN_POINT('',(-11.,26.25,30.));
#3325=CARTESIAN_POINT('Origin',(-11.,27.25,30.));
#3326=CARTESIAN_POINT('',(-11.,26.25,20.));
#3327=CARTESIAN_POINT('Origin',(-12.,31.25,20.));
#3328=CARTESIAN_POINT('',(-12.,30.25,20.));
#3329=CARTESIAN_POINT('',(-12.,21.875,20.));
#3330=CARTESIAN_POINT('',(-12.,30.25,30.));
#3331=CARTESIAN_POINT('',(-12.,30.25,20.));
#3332=CARTESIAN_POINT('',(-12.,21.875,30.));
#3333=CARTESIAN_POINT('Origin',(21.,27.25,20.));
#3334=CARTESIAN_POINT('',(22.,27.25,20.));
#3335=CARTESIAN_POINT('',(21.,26.25,20.));
#3336=CARTESIAN_POINT('Origin',(21.,27.25,20.));
#3337=CARTESIAN_POINT('',(21.,26.25,30.));
#3338=CARTESIAN_POINT('',(21.,26.25,20.));
#3339=CARTESIAN_POINT('',(22.,27.25,30.));
#3340=CARTESIAN_POINT('Origin',(21.,27.25,30.));
#3341=CARTESIAN_POINT('',(22.,27.25,20.));
#3342=CARTESIAN_POINT('Origin',(-12.,26.25,20.));
#3343=CARTESIAN_POINT('',(-6.,26.25,30.));
#3344=CARTESIAN_POINT('',(-6.,26.25,20.));
#3345=CARTESIAN_POINT('Origin',(21.,30.25,20.));
#3346=CARTESIAN_POINT('',(21.,31.25,20.));
#3347=CARTESIAN_POINT('',(22.,30.25,20.));
#3348=CARTESIAN_POINT('Origin',(21.,30.25,20.));
#3349=CARTESIAN_POINT('',(22.,30.25,30.));
#3350=CARTESIAN_POINT('',(22.,30.25,20.));
#3351=CARTESIAN_POINT('',(21.,31.25,30.));
#3352=CARTESIAN_POINT('Origin',(21.,30.25,30.));
#3353=CARTESIAN_POINT('',(21.,31.25,20.));
#3354=CARTESIAN_POINT('Origin',(22.,26.25,20.));
#3355=CARTESIAN_POINT('',(22.,19.375,30.));
#3356=CARTESIAN_POINT('',(22.,19.375,20.));
#3357=CARTESIAN_POINT('Origin',(-11.,30.25,20.));
#3358=CARTESIAN_POINT('',(-11.,31.25,20.));
#3359=CARTESIAN_POINT('Origin',(-11.,30.25,20.));
#3360=CARTESIAN_POINT('',(-11.,31.25,30.));
#3361=CARTESIAN_POINT('',(-11.,31.25,20.));
#3362=CARTESIAN_POINT('Origin',(-11.,30.25,30.));
#3363=CARTESIAN_POINT('Origin',(22.,31.25,20.));
#3364=CARTESIAN_POINT('',(11.,31.25,30.));
#3365=CARTESIAN_POINT('',(11.,31.25,20.));
#3366=CARTESIAN_POINT('Origin',(37.,41.75,1.5));
#3367=CARTESIAN_POINT('',(37.,42.75,30.));
#3368=CARTESIAN_POINT('',(38.,41.75,30.));
#3369=CARTESIAN_POINT('Origin',(37.,41.75,30.));
#3370=CARTESIAN_POINT('',(38.,41.75,-17.));
#3371=CARTESIAN_POINT('',(38.,41.75,1.5));
#3372=CARTESIAN_POINT('',(37.,42.75,-17.));
#3373=CARTESIAN_POINT('Origin',(37.,41.75,-17.));
#3374=CARTESIAN_POINT('',(37.,42.75,1.5));
#3375=CARTESIAN_POINT('Origin',(38.,42.75,-17.));
#3376=CARTESIAN_POINT('',(28.,42.75,-17.));
#3377=CARTESIAN_POINT('',(14.,42.75,-17.));
#3378=CARTESIAN_POINT('',(28.,42.75,30.));
#3379=CARTESIAN_POINT('',(28.,42.75,-17.));
#3380=CARTESIAN_POINT('',(19.,42.75,30.));
#3381=CARTESIAN_POINT('Origin',(0.,36.25,-17.));
#3382=CARTESIAN_POINT('',(38.,34.75,-17.));
#3383=CARTESIAN_POINT('',(38.,44.25,-17.));
#3384=CARTESIAN_POINT('',(37.,33.75,-17.));
#3385=CARTESIAN_POINT('Origin',(37.,34.75,-17.));
#3386=CARTESIAN_POINT('',(-37.,33.75,-17.));
#3387=CARTESIAN_POINT('',(-38.,33.75,-17.));
#3388=CARTESIAN_POINT('',(-38.,34.75,-17.));
#3389=CARTESIAN_POINT('Origin',(-37.,34.75,-17.));
#3390=CARTESIAN_POINT('',(-38.,41.75,-17.));
#3391=CARTESIAN_POINT('',(-38.,38.75,-17.));
#3392=CARTESIAN_POINT('',(-37.,42.75,-17.));
#3393=CARTESIAN_POINT('Origin',(-37.,41.75,-17.));
#3394=CARTESIAN_POINT('',(-28.,42.75,-17.));
#3395=CARTESIAN_POINT('',(-19.,42.75,-17.));
#3396=CARTESIAN_POINT('',(-28.,52.75,-17.));
#3397=CARTESIAN_POINT('',(-28.,44.25,-17.));
#3398=CARTESIAN_POINT('',(-12.5,52.75,-17.));
#3399=CARTESIAN_POINT('',(-14.,52.75,-17.));
#3400=CARTESIAN_POINT('',(-12.5,38.75,-17.));
#3401=CARTESIAN_POINT('',(-12.5,49.25,-17.));
#3402=CARTESIAN_POINT('',(12.5,38.75,-17.));
#3403=CARTESIAN_POINT('',(38.,38.75,-17.));
#3404=CARTESIAN_POINT('',(12.5,52.75,-17.));
#3405=CARTESIAN_POINT('',(12.5,42.25,-17.));
#3406=CARTESIAN_POINT('',(28.,52.75,-17.));
#3407=CARTESIAN_POINT('',(6.25,52.75,-17.));
#3408=CARTESIAN_POINT('',(28.,49.25,-17.));
#3409=CARTESIAN_POINT('Origin',(-37.,41.75,1.5));
#3410=CARTESIAN_POINT('',(-38.,41.75,30.));
#3411=CARTESIAN_POINT('',(-37.,42.75,30.));
#3412=CARTESIAN_POINT('Origin',(-37.,41.75,30.));
#3413=CARTESIAN_POINT('',(-37.,42.75,1.5));
#3414=CARTESIAN_POINT('',(-38.,41.75,1.5));
#3415=CARTESIAN_POINT('Origin',(0.,12.5,30.));
#3416=CARTESIAN_POINT('',(28.,52.75,30.));
#3417=CARTESIAN_POINT('',(28.,44.25,30.));
#3418=CARTESIAN_POINT('',(12.5,52.75,30.));
#3419=CARTESIAN_POINT('',(14.,52.75,30.));
#3420=CARTESIAN_POINT('',(12.5,38.75,30.));
#3421=CARTESIAN_POINT('',(12.5,49.25,30.));
#3422=CARTESIAN_POINT('',(-12.5,38.75,30.));
#3423=CARTESIAN_POINT('',(38.,38.75,30.));
#3424=CARTESIAN_POINT('',(-12.5,52.75,30.));
#3425=CARTESIAN_POINT('',(-12.5,42.25,30.));
#3426=CARTESIAN_POINT('',(-28.,52.75,30.));
#3427=CARTESIAN_POINT('',(-6.25,52.75,30.));
#3428=CARTESIAN_POINT('',(-28.,42.75,30.));
#3429=CARTESIAN_POINT('',(-28.,49.25,30.));
#3430=CARTESIAN_POINT('',(-14.,42.75,30.));
#3431=CARTESIAN_POINT('',(-38.,33.9611931237292,30.));
#3432=CARTESIAN_POINT('',(-38.,44.25,30.));
#3433=CARTESIAN_POINT('',(-37.9146038153378,33.5568419632641,30.));
#3434=CARTESIAN_POINT('Origin',(-37.,33.9611931237292,30.));
#3435=CARTESIAN_POINT('',(-17.,-13.75,30.));
#3436=CARTESIAN_POINT('',(-17.,-13.75,30.));
#3437=CARTESIAN_POINT('',(17.,-13.75,30.));
#3438=CARTESIAN_POINT('',(-17.,-13.75,30.));
#3439=CARTESIAN_POINT('',(37.9146038153378,33.5568419632641,30.));
#3440=CARTESIAN_POINT('',(38.,33.75,30.));
#3441=CARTESIAN_POINT('',(38.,33.9611931237292,30.));
#3442=CARTESIAN_POINT('Origin',(37.,33.9611931237292,30.));
#3443=CARTESIAN_POINT('',(38.,33.75,30.));
#3444=CARTESIAN_POINT('',(-10.5,10.,30.));
#3445=CARTESIAN_POINT('Origin',(-7.5,10.,30.));
#3446=CARTESIAN_POINT('',(-10.5,-10.,30.));
#3447=CARTESIAN_POINT('Origin',(-7.5,-10.,30.));
#3448=CARTESIAN_POINT('',(4.5,-10.,30.));
#3449=CARTESIAN_POINT('Origin',(7.5,-10.,30.));
#3450=CARTESIAN_POINT('',(4.5,10.,30.));
#3451=CARTESIAN_POINT('Origin',(7.5,10.,30.));
#3452=CARTESIAN_POINT('Origin',(-38.,38.75,20.));
#3453=CARTESIAN_POINT('',(-38.,34.75,20.));
#3454=CARTESIAN_POINT('',(-38.,34.75,20.));
#3455=CARTESIAN_POINT('',(-38.,33.9611931237292,20.));
#3456=CARTESIAN_POINT('',(-38.,25.625,20.));
#3457=CARTESIAN_POINT('',(-38.,33.9611931237292,20.));
#3458=CARTESIAN_POINT('Origin',(-37.,33.9611931237292,20.));
#3459=CARTESIAN_POINT('',(-37.9146038153378,33.5568419632641,20.));
#3460=CARTESIAN_POINT('Origin',(-37.,33.9611931237292,20.));
#3461=CARTESIAN_POINT('',(-37.9146038153378,33.5568419632641,20.));
#3462=CARTESIAN_POINT('Origin',(-37.,34.75,20.));
#3463=CARTESIAN_POINT('',(-37.,33.75,20.));
#3464=CARTESIAN_POINT('',(-37.,33.75,20.));
#3465=CARTESIAN_POINT('Origin',(-37.,34.75,20.));
#3466=CARTESIAN_POINT('Origin',(38.,33.75,20.));
#3467=CARTESIAN_POINT('',(37.,33.75,20.));
#3468=CARTESIAN_POINT('',(37.,33.75,20.));
#3469=CARTESIAN_POINT('',(19.,33.75,20.));
#3470=CARTESIAN_POINT('Origin',(37.,33.9611931237292,20.));
#3471=CARTESIAN_POINT('',(37.9146038153378,33.5568419632641,20.));
#3472=CARTESIAN_POINT('',(37.9146038153378,33.5568419632641,20.));
#3473=CARTESIAN_POINT('',(38.,33.9611931237292,20.));
#3474=CARTESIAN_POINT('Origin',(37.,33.9611931237292,20.));
#3475=CARTESIAN_POINT('',(38.,33.9611931237292,20.));
#3476=CARTESIAN_POINT('Origin',(17.,-13.75,20.));
#3477=CARTESIAN_POINT('',(17.,-13.75,20.));
#3478=CARTESIAN_POINT('',(17.,-13.75,20.));
#3479=CARTESIAN_POINT('',(38.,33.75,20.));
#3480=CARTESIAN_POINT('Origin',(37.,34.75,20.));
#3481=CARTESIAN_POINT('',(38.,34.75,20.));
#3482=CARTESIAN_POINT('',(38.,34.75,20.));
#3483=CARTESIAN_POINT('Origin',(37.,34.75,20.));
#3484=CARTESIAN_POINT('Origin',(-28.,46.0756842193501,-8.40000000000001));
#3485=CARTESIAN_POINT('',(-12.5,49.4243157806499,-8.4));
#3486=CARTESIAN_POINT('',(-12.5,46.0756842193501,-8.40000000000001));
#3487=CARTESIAN_POINT('',(-12.5,42.412842109675,-8.40000000000001));
#3488=CARTESIAN_POINT('',(-28.,49.4243157806499,-8.4));
#3489=CARTESIAN_POINT('',(-28.,49.4243157806499,-8.4));
#3490=CARTESIAN_POINT('',(-28.,46.0756842193501,-8.40000000000001));
#3491=CARTESIAN_POINT('',(-28.,49.412842109675,-8.4));
#3492=CARTESIAN_POINT('',(-28.,46.0756842193501,-8.40000000000001));
#3493=CARTESIAN_POINT('Origin',(-28.,46.0756842193501,-8.40000000000001));
#3494=CARTESIAN_POINT('',(12.5,46.0756842193501,-8.40000000000001));
#3495=CARTESIAN_POINT('',(12.5,49.4243157806499,-8.4));
#3496=CARTESIAN_POINT('',(12.5,49.412842109675,-8.4));
#3497=CARTESIAN_POINT('',(28.,46.0756842193501,-8.40000000000001));
#3498=CARTESIAN_POINT('',(-28.,46.0756842193501,-8.40000000000001));
#3499=CARTESIAN_POINT('',(28.,49.4243157806499,-8.4));
#3500=CARTESIAN_POINT('',(28.,44.412842109675,-8.40000000000001));
#3501=CARTESIAN_POINT('',(-28.,49.4243157806499,-8.4));
#3502=CARTESIAN_POINT('Origin',(-28.,49.4243157806499,-8.4));
#3503=CARTESIAN_POINT('',(-12.5,51.0986315612998,-5.5));
#3504=CARTESIAN_POINT('',(-12.5,46.2280716899321,-13.936057158515));
#3505=CARTESIAN_POINT('',(-28.,51.0986315612998,-5.5));
#3506=CARTESIAN_POINT('',(-28.,51.0986315612998,-5.5));
#3507=CARTESIAN_POINT('',(-28.,47.9780716899321,-10.9049682452695));
#3508=CARTESIAN_POINT('Origin',(-28.,49.4243157806499,-8.4));
#3509=CARTESIAN_POINT('',(12.5,51.0986315612998,-5.5));
#3510=CARTESIAN_POINT('',(12.5,47.9780716899321,-10.9049682452695));
#3511=CARTESIAN_POINT('',(28.,51.0986315612998,-5.5));
#3512=CARTESIAN_POINT('',(28.,46.7280716899321,-13.0700317547306));
#3513=CARTESIAN_POINT('',(-28.,51.0986315612998,-5.5));
#3514=CARTESIAN_POINT('Origin',(-28.,44.4013684387001,-5.5));
#3515=CARTESIAN_POINT('',(-12.5,44.4013684387001,-5.5));
#3516=CARTESIAN_POINT('',(-12.5,46.1847704197429,-8.58894284148502));
#3517=CARTESIAN_POINT('',(-28.,44.4013684387001,-5.5));
#3518=CARTESIAN_POINT('',(-28.,47.9347704197429,-11.6200317547306));
#3519=CARTESIAN_POINT('',(-28.,44.4013684387001,-5.5));
#3520=CARTESIAN_POINT('Origin',(-28.,51.0986315612998,-5.5));
#3521=CARTESIAN_POINT('',(-12.5,49.4243157806499,-2.59999999999999));
#3522=CARTESIAN_POINT('',(-12.5,52.0448756520176,-7.13894284148501));
#3523=CARTESIAN_POINT('',(-28.,49.4243157806499,-2.59999999999999));
#3524=CARTESIAN_POINT('',(-28.,49.4243157806499,-2.59999999999999));
#3525=CARTESIAN_POINT('',(-28.,53.7948756520176,-10.1700317547305));
#3526=CARTESIAN_POINT('Origin',(-28.,51.0986315612998,-5.5));
#3527=CARTESIAN_POINT('',(12.5,49.4243157806499,-2.59999999999999));
#3528=CARTESIAN_POINT('',(12.5,53.7948756520176,-10.1700317547305));
#3529=CARTESIAN_POINT('',(28.,49.4243157806499,-2.59999999999999));
#3530=CARTESIAN_POINT('',(28.,52.5448756520176,-8.00496824526945));
#3531=CARTESIAN_POINT('',(-28.,49.4243157806499,-2.59999999999999));
#3532=CARTESIAN_POINT('Origin',(-28.,46.0756842193501,-2.6));
#3533=CARTESIAN_POINT('',(-12.5,46.0756842193501,-2.6));
#3534=CARTESIAN_POINT('',(-12.5,42.0422822383073,-9.58605715851499));
#3535=CARTESIAN_POINT('',(-28.,46.0756842193501,-2.6));
#3536=CARTESIAN_POINT('',(-28.,43.7922822383073,-6.55496824526946));
#3537=CARTESIAN_POINT('',(-28.,46.0756842193501,-2.6));
#3538=CARTESIAN_POINT('Origin',(-28.,49.4243157806499,-2.59999999999999));
#3539=CARTESIAN_POINT('',(-12.5,44.0871578903249,-2.6));
#3540=CARTESIAN_POINT('',(-28.,51.0871578903249,-2.59999999999999));
#3541=CARTESIAN_POINT('Origin',(-28.,49.4243157806499,-2.59999999999999));
#3542=CARTESIAN_POINT('',(12.5,46.0756842193501,-2.6));
#3543=CARTESIAN_POINT('',(12.5,51.0871578903249,-2.59999999999999));
#3544=CARTESIAN_POINT('',(28.,46.0756842193501,-2.6));
#3545=CARTESIAN_POINT('',(28.,46.0871578903249,-2.6));
#3546=CARTESIAN_POINT('',(-28.,46.0756842193501,-2.6));
#3547=CARTESIAN_POINT('Origin',(-28.,44.4013684387001,-5.5));
#3548=CARTESIAN_POINT('',(12.5,44.4013684387001,-5.5));
#3549=CARTESIAN_POINT('',(12.5,47.9347704197429,-11.6200317547306));
#3550=CARTESIAN_POINT('',(28.,44.4013684387001,-5.5));
#3551=CARTESIAN_POINT('',(-28.,44.4013684387001,-5.5));
#3552=CARTESIAN_POINT('',(28.,46.6847704197429,-9.45496824526946));
#3553=CARTESIAN_POINT('Origin',(-28.,46.0756842193501,-2.6));
#3554=CARTESIAN_POINT('',(12.5,43.7922822383073,-6.55496824526946));
#3555=CARTESIAN_POINT('',(28.,42.5422822383073,-8.72003175473056));
#3556=CARTESIAN_POINT('Origin',(-28.,46.0756842193501,16.6));
#3557=CARTESIAN_POINT('',(-12.5,49.4243157806499,16.6));
#3558=CARTESIAN_POINT('',(-12.5,46.0756842193501,16.6));
#3559=CARTESIAN_POINT('',(-12.5,42.412842109675,16.6));
#3560=CARTESIAN_POINT('',(-28.,49.4243157806499,16.6));
#3561=CARTESIAN_POINT('',(-28.,49.4243157806499,16.6));
#3562=CARTESIAN_POINT('',(-28.,46.0756842193501,16.6));
#3563=CARTESIAN_POINT('',(-28.,49.412842109675,16.6));
#3564=CARTESIAN_POINT('',(-28.,46.0756842193501,16.6));
#3565=CARTESIAN_POINT('Origin',(-28.,46.0756842193501,16.6));
#3566=CARTESIAN_POINT('',(12.5,46.0756842193501,16.6));
#3567=CARTESIAN_POINT('',(12.5,49.4243157806499,16.6));
#3568=CARTESIAN_POINT('',(12.5,49.412842109675,16.6));
#3569=CARTESIAN_POINT('',(28.,46.0756842193501,16.6));
#3570=CARTESIAN_POINT('',(-28.,46.0756842193501,16.6));
#3571=CARTESIAN_POINT('',(28.,49.4243157806499,16.6));
#3572=CARTESIAN_POINT('',(28.,44.412842109675,16.6));
#3573=CARTESIAN_POINT('',(-28.,49.4243157806499,16.6));
#3574=CARTESIAN_POINT('Origin',(-28.,49.4243157806499,16.6));
#3575=CARTESIAN_POINT('',(-12.5,51.0986315612998,19.5));
#3576=CARTESIAN_POINT('',(-12.5,40.8154129162794,1.68894284148499));
#3577=CARTESIAN_POINT('',(-28.,51.0986315612998,19.5));
#3578=CARTESIAN_POINT('',(-28.,51.0986315612998,19.5));
#3579=CARTESIAN_POINT('',(-28.,42.5654129162794,4.72003175473052));
#3580=CARTESIAN_POINT('Origin',(-28.,49.4243157806499,16.6));
#3581=CARTESIAN_POINT('',(12.5,51.0986315612998,19.5));
#3582=CARTESIAN_POINT('',(12.5,42.5654129162794,4.72003175473052));
#3583=CARTESIAN_POINT('',(28.,51.0986315612998,19.5));
#3584=CARTESIAN_POINT('',(28.,41.3154129162794,2.55496824526943));
#3585=CARTESIAN_POINT('',(-28.,51.0986315612998,19.5));
#3586=CARTESIAN_POINT('Origin',(-28.,44.4013684387001,19.5));
#3587=CARTESIAN_POINT('',(-12.5,44.4013684387001,19.5));
#3588=CARTESIAN_POINT('',(-12.5,51.5974291933956,7.03605715851496));
#3589=CARTESIAN_POINT('',(-28.,44.4013684387001,19.5));
#3590=CARTESIAN_POINT('',(-28.,53.3474291933956,4.00496824526943));
#3591=CARTESIAN_POINT('',(-28.,44.4013684387001,19.5));
#3592=CARTESIAN_POINT('Origin',(-28.,51.0986315612998,19.5));
#3593=CARTESIAN_POINT('',(-12.5,49.4243157806499,22.4));
#3594=CARTESIAN_POINT('',(-12.5,57.4575344256703,8.486057158515));
#3595=CARTESIAN_POINT('',(-28.,49.4243157806499,22.4));
#3596=CARTESIAN_POINT('',(-28.,49.4243157806499,22.4));
#3597=CARTESIAN_POINT('',(-28.,59.2075344256703,5.45496824526946));
#3598=CARTESIAN_POINT('Origin',(-28.,51.0986315612998,19.5));
#3599=CARTESIAN_POINT('',(12.5,49.4243157806499,22.4));
#3600=CARTESIAN_POINT('',(12.5,59.2075344256703,5.45496824526946));
#3601=CARTESIAN_POINT('',(28.,49.4243157806499,22.4));
#3602=CARTESIAN_POINT('',(28.,57.9575344256703,7.62003175473056));
#3603=CARTESIAN_POINT('',(-28.,49.4243157806499,22.4));
#3604=CARTESIAN_POINT('Origin',(-28.,46.0756842193501,22.4));
#3605=CARTESIAN_POINT('',(-12.5,46.0756842193501,22.4));
#3606=CARTESIAN_POINT('',(-12.5,36.6296234646546,6.03894284148499));
#3607=CARTESIAN_POINT('',(-28.,46.0756842193501,22.4));
#3608=CARTESIAN_POINT('',(-28.,38.3796234646546,9.07003175473052));
#3609=CARTESIAN_POINT('',(-28.,46.0756842193501,22.4));
#3610=CARTESIAN_POINT('Origin',(-28.,49.4243157806499,22.4));
#3611=CARTESIAN_POINT('',(-12.5,44.0871578903249,22.4));
#3612=CARTESIAN_POINT('',(-28.,51.0871578903249,22.4));
#3613=CARTESIAN_POINT('Origin',(-28.,49.4243157806499,22.4));
#3614=CARTESIAN_POINT('',(12.5,46.0756842193501,22.4));
#3615=CARTESIAN_POINT('',(12.5,51.0871578903249,22.4));
#3616=CARTESIAN_POINT('',(28.,46.0756842193501,22.4));
#3617=CARTESIAN_POINT('',(28.,46.0871578903249,22.4));
#3618=CARTESIAN_POINT('',(-28.,46.0756842193501,22.4));
#3619=CARTESIAN_POINT('Origin',(-28.,44.4013684387001,19.5));
#3620=CARTESIAN_POINT('',(12.5,44.4013684387001,19.5));
#3621=CARTESIAN_POINT('',(12.5,53.3474291933956,4.00496824526943));
#3622=CARTESIAN_POINT('',(28.,44.4013684387001,19.5));
#3623=CARTESIAN_POINT('',(-28.,44.4013684387001,19.5));
#3624=CARTESIAN_POINT('',(28.,52.0974291933956,6.17003175473052));
#3625=CARTESIAN_POINT('Origin',(-28.,46.0756842193501,22.4));
#3626=CARTESIAN_POINT('',(12.5,38.3796234646546,9.07003175473052));
#3627=CARTESIAN_POINT('',(28.,37.1296234646546,6.90496824526943));
#3628=CARTESIAN_POINT('Origin',(12.5,52.75,-17.));
#3629=CARTESIAN_POINT('',(12.5,52.75,-17.));
#3630=CARTESIAN_POINT('',(12.5,38.75,1.5));
#3631=CARTESIAN_POINT('Origin',(28.,52.75,-17.));
#3632=CARTESIAN_POINT('',(28.,52.75,-17.));
#3633=CARTESIAN_POINT('Origin',(28.,42.75,-17.));
#3634=CARTESIAN_POINT('Origin',(38.,38.75,20.));
#3635=CARTESIAN_POINT('',(-12.5,38.75,1.5));
#3636=CARTESIAN_POINT('Origin',(-12.5,38.75,-17.));
#3637=CARTESIAN_POINT('',(-12.5,52.75,-17.));
#3638=CARTESIAN_POINT('Origin',(-28.,42.75,-17.));
#3639=CARTESIAN_POINT('',(-28.,42.75,-17.));
#3640=CARTESIAN_POINT('Origin',(-28.,52.75,-17.));
#3641=CARTESIAN_POINT('',(-28.,52.75,-17.));
#3642=CARTESIAN_POINT('Origin',(-12.5,52.75,-17.));
#3643=CARTESIAN_POINT('Origin',(-7.5,12.500000089407,25.8));
#3644=CARTESIAN_POINT('',(-5.49999985843897,12.0000001788139,25.8));
#3645=CARTESIAN_POINT('',(-9.50000014156103,12.0000001788139,25.8));
#3646=CARTESIAN_POINT('',(-7.5,12.0000001788139,25.8));
#3647=CARTESIAN_POINT('',(-5.49999985843897,12.2360678508837,25.8));
#3648=CARTESIAN_POINT('',(-5.49999985843897,12.0000001788139,25.8));
#3649=CARTESIAN_POINT('',(-9.50000014156103,12.2360678508837,25.8));
#3650=CARTESIAN_POINT('Origin',(-7.5,10.,25.8));
#3651=CARTESIAN_POINT('',(-9.50000014156103,12.0000001788139,25.8));
#3652=CARTESIAN_POINT('Origin',(-7.5,7.49999991059303,25.8));
#3653=CARTESIAN_POINT('',(-9.50000014156103,7.76393214911625,25.8));
#3654=CARTESIAN_POINT('',(-9.50000014156103,7.99999982118607,25.8));
#3655=CARTESIAN_POINT('',(-9.50000014156103,7.99999982118607,25.8));
#3656=CARTESIAN_POINT('',(-5.49999985843897,7.76393214911625,25.8));
#3657=CARTESIAN_POINT('Origin',(-7.5,10.,25.8));
#3658=CARTESIAN_POINT('',(-5.49999985843897,7.99999982118607,25.8));
#3659=CARTESIAN_POINT('',(-5.49999985843897,7.99999982118607,25.8));
#3660=CARTESIAN_POINT('',(-6.49999992921948,7.99999982118607,25.8));
#3661=CARTESIAN_POINT('Origin',(-7.5,12.0000001788139,26.));
#3662=CARTESIAN_POINT('',(-9.50000014156103,12.0000001788139,25.6));
#3663=CARTESIAN_POINT('',(-9.50000014156103,12.0000001788139,26.));
#3664=CARTESIAN_POINT('',(-7.5,12.,25.6));
#3665=CARTESIAN_POINT('',(-9.50000014156103,12.0000001788139,25.6));
#3666=CARTESIAN_POINT('',(-5.49999985843897,12.0000001788139,25.6));
#3667=CARTESIAN_POINT('',(-9.50000014156103,12.0000001788139,25.6));
#3668=CARTESIAN_POINT('',(-5.49999985843897,12.0000001788139,26.));
#3669=CARTESIAN_POINT('Origin',(-7.5,10.,26.));
#3670=CARTESIAN_POINT('',(-9.50000014156103,7.76393214911625,26.));
#3671=CARTESIAN_POINT('',(-9.50000014156103,12.2360678508837,26.));
#3672=CARTESIAN_POINT('',(-9.50000014156103,11.000000089407,26.));
#3673=CARTESIAN_POINT('',(-10.5,10.,26.));
#3674=CARTESIAN_POINT('Origin',(-7.5,10.,26.));
#3675=CARTESIAN_POINT('Origin',(-7.5,10.,26.));
#3676=CARTESIAN_POINT('Origin',(-7.5,10.,26.));
#3677=CARTESIAN_POINT('',(-5.49999985843897,12.2360678508837,26.));
#3678=CARTESIAN_POINT('',(-5.49999985843897,7.76393214911625,26.));
#3679=CARTESIAN_POINT('',(-5.49999985843897,8.99999991059303,26.));
#3680=CARTESIAN_POINT('Origin',(-7.5,10.,26.));
#3681=CARTESIAN_POINT('Origin',(-8.50000007078052,11.000000089407,25.6));
#3682=CARTESIAN_POINT('',(-9.5,10.,25.6));
#3683=CARTESIAN_POINT('',(-9.50000014156103,7.99999982118607,25.6));
#3684=CARTESIAN_POINT('Origin',(-7.5,10.,25.6));
#3685=CARTESIAN_POINT('Origin',(-6.49999992921948,11.000000089407,25.6));
#3686=CARTESIAN_POINT('',(-5.5,10.,25.6));
#3687=CARTESIAN_POINT('Origin',(-7.5,10.,25.6));
#3688=CARTESIAN_POINT('',(-5.49999985843897,12.0000001788139,25.6));
#3689=CARTESIAN_POINT('Origin',(-5.49999985843897,7.99999982118607,26.));
#3690=CARTESIAN_POINT('',(-5.49999985843897,7.99999982118607,25.6));
#3691=CARTESIAN_POINT('',(-5.49999985843897,7.99999982118607,26.));
#3692=CARTESIAN_POINT('',(-7.5,8.,25.6));
#3693=CARTESIAN_POINT('',(-5.49999985843897,7.99999982118607,25.6));
#3694=CARTESIAN_POINT('',(-9.50000014156103,7.99999982118607,25.6));
#3695=CARTESIAN_POINT('',(-5.49999985843897,7.99999982118607,25.6));
#3696=CARTESIAN_POINT('',(-9.50000014156103,7.99999982118607,26.));
#3697=CARTESIAN_POINT('Origin',(-5.49999985843897,10.,26.));
#3698=CARTESIAN_POINT('',(-5.49999985843897,12.2360678508837,26.));
#3699=CARTESIAN_POINT('',(-5.49999985843897,12.0000001788139,25.6));
#3700=CARTESIAN_POINT('',(-5.49999985843897,7.76393214911625,26.));
#3701=CARTESIAN_POINT('Origin',(-6.49999992921948,8.99999991059303,25.6));
#3702=CARTESIAN_POINT('Origin',(-7.5,10.,25.6));
#3703=CARTESIAN_POINT('Origin',(-9.50000014156103,7.99999982118607,26.));
#3704=CARTESIAN_POINT('',(-9.50000014156103,7.76393214911625,26.));
#3705=CARTESIAN_POINT('',(-9.50000014156103,7.99999982118607,25.6));
#3706=CARTESIAN_POINT('',(-9.50000014156103,12.2360678508837,26.));
#3707=CARTESIAN_POINT('Origin',(-8.50000007078052,8.99999991059303,25.6));
#3708=CARTESIAN_POINT('Origin',(-7.5,10.,25.6));
#3709=CARTESIAN_POINT('Origin',(-7.5,10.,20.));
#3710=CARTESIAN_POINT('',(-9.5,10.,20.));
#3711=CARTESIAN_POINT('Origin',(-7.5,10.,20.));
#3712=CARTESIAN_POINT('',(-9.5,10.,20.));
#3713=CARTESIAN_POINT('Origin',(-7.5,10.,30.));
#3714=CARTESIAN_POINT('',(-10.5,10.,30.));
#3715=CARTESIAN_POINT('Origin',(7.5,12.500000089407,25.8));
#3716=CARTESIAN_POINT('',(9.50000014156103,12.0000001788139,25.8));
#3717=CARTESIAN_POINT('',(5.49999985843897,12.0000001788139,25.8));
#3718=CARTESIAN_POINT('',(7.5,12.0000001788139,25.8));
#3719=CARTESIAN_POINT('',(9.50000014156103,12.2360678508837,25.8));
#3720=CARTESIAN_POINT('',(9.50000014156103,12.0000001788139,25.8));
#3721=CARTESIAN_POINT('',(5.49999985843897,12.2360678508837,25.8));
#3722=CARTESIAN_POINT('Origin',(7.5,10.,25.8));
#3723=CARTESIAN_POINT('',(5.49999985843897,12.0000001788139,25.8));
#3724=CARTESIAN_POINT('Origin',(7.5,7.49999991059303,25.8));
#3725=CARTESIAN_POINT('',(5.49999985843897,7.76393214911625,25.8));
#3726=CARTESIAN_POINT('',(5.49999985843897,7.99999982118607,25.8));
#3727=CARTESIAN_POINT('',(5.49999985843897,7.99999982118607,25.8));
#3728=CARTESIAN_POINT('',(9.50000014156103,7.76393214911625,25.8));
#3729=CARTESIAN_POINT('Origin',(7.5,10.,25.8));
#3730=CARTESIAN_POINT('',(9.50000014156103,7.99999982118607,25.8));
#3731=CARTESIAN_POINT('',(9.50000014156103,7.99999982118607,25.8));
#3732=CARTESIAN_POINT('',(8.50000007078052,7.99999982118607,25.8));
#3733=CARTESIAN_POINT('Origin',(7.5,12.0000001788139,26.));
#3734=CARTESIAN_POINT('',(5.49999985843897,12.0000001788139,25.6));
#3735=CARTESIAN_POINT('',(5.49999985843897,12.0000001788139,26.));
#3736=CARTESIAN_POINT('',(7.5,12.,25.6));
#3737=CARTESIAN_POINT('',(5.49999985843897,12.0000001788139,25.6));
#3738=CARTESIAN_POINT('',(9.50000014156103,12.0000001788139,25.6));
#3739=CARTESIAN_POINT('',(5.49999985843897,12.0000001788139,25.6));
#3740=CARTESIAN_POINT('',(9.50000014156103,12.0000001788139,26.));
#3741=CARTESIAN_POINT('Origin',(7.5,10.,26.));
#3742=CARTESIAN_POINT('',(5.49999985843897,7.76393214911625,26.));
#3743=CARTESIAN_POINT('',(5.49999985843897,12.2360678508837,26.));
#3744=CARTESIAN_POINT('',(5.49999985843897,11.000000089407,26.));
#3745=CARTESIAN_POINT('',(4.5,10.,26.));
#3746=CARTESIAN_POINT('Origin',(7.5,10.,26.));
#3747=CARTESIAN_POINT('Origin',(7.5,10.,26.));
#3748=CARTESIAN_POINT('Origin',(7.5,10.,26.));
#3749=CARTESIAN_POINT('',(9.50000014156103,12.2360678508837,26.));
#3750=CARTESIAN_POINT('',(9.50000014156103,7.76393214911625,26.));
#3751=CARTESIAN_POINT('',(9.50000014156103,8.99999991059303,26.));
#3752=CARTESIAN_POINT('Origin',(7.5,10.,26.));
#3753=CARTESIAN_POINT('Origin',(6.49999992921948,11.000000089407,25.6));
#3754=CARTESIAN_POINT('',(5.5,10.,25.6));
#3755=CARTESIAN_POINT('',(5.49999985843897,7.99999982118607,25.6));
#3756=CARTESIAN_POINT('Origin',(7.5,10.,25.6));
#3757=CARTESIAN_POINT('Origin',(8.50000007078052,11.000000089407,25.6));
#3758=CARTESIAN_POINT('',(9.5,10.,25.6));
#3759=CARTESIAN_POINT('Origin',(7.5,10.,25.6));
#3760=CARTESIAN_POINT('',(9.50000014156103,12.0000001788139,25.6));
#3761=CARTESIAN_POINT('Origin',(9.50000014156103,7.99999982118607,26.));
#3762=CARTESIAN_POINT('',(9.50000014156103,7.99999982118607,25.6));
#3763=CARTESIAN_POINT('',(9.50000014156103,7.99999982118607,26.));
#3764=CARTESIAN_POINT('',(7.5,8.,25.6));
#3765=CARTESIAN_POINT('',(9.50000014156103,7.99999982118607,25.6));
#3766=CARTESIAN_POINT('',(5.49999985843897,7.99999982118607,25.6));
#3767=CARTESIAN_POINT('',(9.50000014156103,7.99999982118607,25.6));
#3768=CARTESIAN_POINT('',(5.49999985843897,7.99999982118607,26.));
#3769=CARTESIAN_POINT('Origin',(9.50000014156103,10.,26.));
#3770=CARTESIAN_POINT('',(9.50000014156103,12.2360678508837,26.));
#3771=CARTESIAN_POINT('',(9.50000014156103,12.0000001788139,25.6));
#3772=CARTESIAN_POINT('',(9.50000014156103,7.76393214911625,26.));
#3773=CARTESIAN_POINT('Origin',(8.50000007078052,8.99999991059303,25.6));
#3774=CARTESIAN_POINT('Origin',(7.5,10.,25.6));
#3775=CARTESIAN_POINT('Origin',(5.49999985843897,7.99999982118607,26.));
#3776=CARTESIAN_POINT('',(5.49999985843897,7.76393214911625,26.));
#3777=CARTESIAN_POINT('',(5.49999985843897,7.99999982118607,25.6));
#3778=CARTESIAN_POINT('',(5.49999985843897,12.2360678508837,26.));
#3779=CARTESIAN_POINT('Origin',(6.49999992921948,8.99999991059303,25.6));
#3780=CARTESIAN_POINT('Origin',(7.5,10.,25.6));
#3781=CARTESIAN_POINT('Origin',(7.5,10.,20.));
#3782=CARTESIAN_POINT('',(5.5,10.,20.));
#3783=CARTESIAN_POINT('Origin',(7.5,10.,20.));
#3784=CARTESIAN_POINT('',(5.5,10.,20.));
#3785=CARTESIAN_POINT('Origin',(7.5,10.,30.));
#3786=CARTESIAN_POINT('',(4.5,10.,30.));
#3787=CARTESIAN_POINT('Origin',(-7.5,-7.49999991059303,25.8));
#3788=CARTESIAN_POINT('',(-5.49999985843897,-7.99999982118607,25.8));
#3789=CARTESIAN_POINT('',(-9.50000014156103,-7.99999982118607,25.8));
#3790=CARTESIAN_POINT('',(-7.5,-7.99999982118607,25.8));
#3791=CARTESIAN_POINT('',(-5.49999985843897,-7.76393214911625,25.8));
#3792=CARTESIAN_POINT('',(-5.49999985843897,-7.99999982118607,25.8));
#3793=CARTESIAN_POINT('',(-9.50000014156103,-7.76393214911625,25.8));
#3794=CARTESIAN_POINT('Origin',(-7.5,-10.,25.8));
#3795=CARTESIAN_POINT('',(-9.50000014156103,-7.99999982118607,25.8));
#3796=CARTESIAN_POINT('Origin',(-7.5,-12.500000089407,25.8));
#3797=CARTESIAN_POINT('',(-9.50000014156103,-12.2360678508837,25.8));
#3798=CARTESIAN_POINT('',(-9.50000014156103,-12.0000001788139,25.8));
#3799=CARTESIAN_POINT('',(-9.50000014156103,-12.0000001788139,25.8));
#3800=CARTESIAN_POINT('',(-5.49999985843897,-12.2360678508837,25.8));
#3801=CARTESIAN_POINT('Origin',(-7.5,-10.,25.8));
#3802=CARTESIAN_POINT('',(-5.49999985843897,-12.0000001788139,25.8));
#3803=CARTESIAN_POINT('',(-5.49999985843897,-12.0000001788139,25.8));
#3804=CARTESIAN_POINT('',(-6.49999992921948,-12.0000001788139,25.8));
#3805=CARTESIAN_POINT('Origin',(-7.5,-7.99999982118607,26.));
#3806=CARTESIAN_POINT('',(-9.50000014156103,-7.99999982118607,25.6));
#3807=CARTESIAN_POINT('',(-9.50000014156103,-7.99999982118607,26.));
#3808=CARTESIAN_POINT('',(-7.5,-8.,25.6));
#3809=CARTESIAN_POINT('',(-9.50000014156103,-7.99999982118607,25.6));
#3810=CARTESIAN_POINT('',(-5.49999985843897,-7.99999982118607,25.6));
#3811=CARTESIAN_POINT('',(-9.50000014156103,-7.99999982118607,25.6));
#3812=CARTESIAN_POINT('',(-5.49999985843897,-7.99999982118607,26.));
#3813=CARTESIAN_POINT('Origin',(-7.5,-10.,26.));
#3814=CARTESIAN_POINT('',(-9.50000014156103,-12.2360678508837,26.));
#3815=CARTESIAN_POINT('',(-9.50000014156103,-7.76393214911625,26.));
#3816=CARTESIAN_POINT('',(-9.50000014156103,-8.99999991059303,26.));
#3817=CARTESIAN_POINT('',(-10.5,-10.,26.));
#3818=CARTESIAN_POINT('Origin',(-7.5,-10.,26.));
#3819=CARTESIAN_POINT('Origin',(-7.5,-10.,26.));
#3820=CARTESIAN_POINT('Origin',(-7.5,-10.,26.));
#3821=CARTESIAN_POINT('',(-5.49999985843897,-7.76393214911625,26.));
#3822=CARTESIAN_POINT('',(-5.49999985843897,-12.2360678508837,26.));
#3823=CARTESIAN_POINT('',(-5.49999985843897,-11.000000089407,26.));
#3824=CARTESIAN_POINT('Origin',(-7.5,-10.,26.));
#3825=CARTESIAN_POINT('Origin',(-8.50000007078052,-8.99999991059303,25.6));
#3826=CARTESIAN_POINT('',(-9.5,-10.,25.6));
#3827=CARTESIAN_POINT('',(-9.50000014156103,-12.0000001788139,25.6));
#3828=CARTESIAN_POINT('Origin',(-7.5,-10.,25.6));
#3829=CARTESIAN_POINT('Origin',(-6.49999992921948,-8.99999991059303,25.6));
#3830=CARTESIAN_POINT('',(-5.5,-10.,25.6));
#3831=CARTESIAN_POINT('Origin',(-7.5,-10.,25.6));
#3832=CARTESIAN_POINT('',(-5.49999985843897,-7.99999982118607,25.6));
#3833=CARTESIAN_POINT('Origin',(-5.49999985843897,-12.0000001788139,26.));
#3834=CARTESIAN_POINT('',(-5.49999985843897,-12.0000001788139,25.6));
#3835=CARTESIAN_POINT('',(-5.49999985843897,-12.0000001788139,26.));
#3836=CARTESIAN_POINT('',(-7.5,-12.,25.6));
#3837=CARTESIAN_POINT('',(-5.49999985843897,-12.0000001788139,25.6));
#3838=CARTESIAN_POINT('',(-9.50000014156103,-12.0000001788139,25.6));
#3839=CARTESIAN_POINT('',(-5.49999985843897,-12.0000001788139,25.6));
#3840=CARTESIAN_POINT('',(-9.50000014156103,-12.0000001788139,26.));
#3841=CARTESIAN_POINT('Origin',(-5.49999985843897,-10.,26.));
#3842=CARTESIAN_POINT('',(-5.49999985843897,-7.76393214911625,26.));
#3843=CARTESIAN_POINT('',(-5.49999985843897,-7.99999982118607,25.6));
#3844=CARTESIAN_POINT('',(-5.49999985843897,-12.2360678508837,26.));
#3845=CARTESIAN_POINT('Origin',(-6.49999992921948,-11.000000089407,25.6));
#3846=CARTESIAN_POINT('Origin',(-7.5,-10.,25.6));
#3847=CARTESIAN_POINT('Origin',(-9.50000014156103,-12.0000001788139,26.));
#3848=CARTESIAN_POINT('',(-9.50000014156103,-12.2360678508837,26.));
#3849=CARTESIAN_POINT('',(-9.50000014156103,-12.0000001788139,25.6));
#3850=CARTESIAN_POINT('',(-9.50000014156103,-7.76393214911625,26.));
#3851=CARTESIAN_POINT('Origin',(-8.50000007078052,-11.000000089407,25.6));
#3852=CARTESIAN_POINT('Origin',(-7.5,-10.,25.6));
#3853=CARTESIAN_POINT('Origin',(-7.5,-10.,20.));
#3854=CARTESIAN_POINT('',(-9.5,-10.,20.));
#3855=CARTESIAN_POINT('Origin',(-7.5,-10.,20.));
#3856=CARTESIAN_POINT('',(-9.5,-10.,20.));
#3857=CARTESIAN_POINT('Origin',(-7.5,-10.,30.));
#3858=CARTESIAN_POINT('',(-10.5,-10.,30.));
#3859=CARTESIAN_POINT('Origin',(7.5,-7.49999991059303,25.8));
#3860=CARTESIAN_POINT('',(9.50000014156103,-7.99999982118607,25.8));
#3861=CARTESIAN_POINT('',(5.49999985843897,-7.99999982118607,25.8));
#3862=CARTESIAN_POINT('',(7.5,-7.99999982118607,25.8));
#3863=CARTESIAN_POINT('',(9.50000014156103,-7.76393214911625,25.8));
#3864=CARTESIAN_POINT('',(9.50000014156103,-7.99999982118607,25.8));
#3865=CARTESIAN_POINT('',(5.49999985843897,-7.76393214911625,25.8));
#3866=CARTESIAN_POINT('Origin',(7.5,-10.,25.8));
#3867=CARTESIAN_POINT('',(5.49999985843897,-7.99999982118607,25.8));
#3868=CARTESIAN_POINT('Origin',(7.5,-12.500000089407,25.8));
#3869=CARTESIAN_POINT('',(5.49999985843897,-12.2360678508837,25.8));
#3870=CARTESIAN_POINT('',(5.49999985843897,-12.0000001788139,25.8));
#3871=CARTESIAN_POINT('',(5.49999985843897,-12.0000001788139,25.8));
#3872=CARTESIAN_POINT('',(9.50000014156103,-12.2360678508837,25.8));
#3873=CARTESIAN_POINT('Origin',(7.5,-10.,25.8));
#3874=CARTESIAN_POINT('',(9.50000014156103,-12.0000001788139,25.8));
#3875=CARTESIAN_POINT('',(9.50000014156103,-12.0000001788139,25.8));
#3876=CARTESIAN_POINT('',(8.50000007078052,-12.0000001788139,25.8));
#3877=CARTESIAN_POINT('Origin',(7.5,-7.99999982118607,26.));
#3878=CARTESIAN_POINT('',(5.49999985843897,-7.99999982118607,25.6));
#3879=CARTESIAN_POINT('',(5.49999985843897,-7.99999982118607,26.));
#3880=CARTESIAN_POINT('',(7.5,-8.,25.6));
#3881=CARTESIAN_POINT('',(5.49999985843897,-7.99999982118607,25.6));
#3882=CARTESIAN_POINT('',(9.50000014156103,-7.99999982118607,25.6));
#3883=CARTESIAN_POINT('',(5.49999985843897,-7.99999982118607,25.6));
#3884=CARTESIAN_POINT('',(9.50000014156103,-7.99999982118607,26.));
#3885=CARTESIAN_POINT('Origin',(7.5,-10.,26.));
#3886=CARTESIAN_POINT('',(5.49999985843897,-12.2360678508837,26.));
#3887=CARTESIAN_POINT('',(5.49999985843897,-7.76393214911625,26.));
#3888=CARTESIAN_POINT('',(5.49999985843897,-8.99999991059303,26.));
#3889=CARTESIAN_POINT('',(4.5,-10.,26.));
#3890=CARTESIAN_POINT('Origin',(7.5,-10.,26.));
#3891=CARTESIAN_POINT('Origin',(7.5,-10.,26.));
#3892=CARTESIAN_POINT('Origin',(7.5,-10.,26.));
#3893=CARTESIAN_POINT('',(9.50000014156103,-7.76393214911625,26.));
#3894=CARTESIAN_POINT('',(9.50000014156103,-12.2360678508837,26.));
#3895=CARTESIAN_POINT('',(9.50000014156103,-11.000000089407,26.));
#3896=CARTESIAN_POINT('Origin',(7.5,-10.,26.));
#3897=CARTESIAN_POINT('Origin',(6.49999992921948,-8.99999991059303,25.6));
#3898=CARTESIAN_POINT('',(5.5,-10.,25.6));
#3899=CARTESIAN_POINT('',(5.49999985843897,-12.0000001788139,25.6));
#3900=CARTESIAN_POINT('Origin',(7.5,-10.,25.6));
#3901=CARTESIAN_POINT('Origin',(8.50000007078052,-8.99999991059303,25.6));
#3902=CARTESIAN_POINT('',(9.5,-10.,25.6));
#3903=CARTESIAN_POINT('Origin',(7.5,-10.,25.6));
#3904=CARTESIAN_POINT('',(9.50000014156103,-7.99999982118607,25.6));
#3905=CARTESIAN_POINT('Origin',(9.50000014156103,-12.0000001788139,26.));
#3906=CARTESIAN_POINT('',(9.50000014156103,-12.0000001788139,25.6));
#3907=CARTESIAN_POINT('',(9.50000014156103,-12.0000001788139,26.));
#3908=CARTESIAN_POINT('',(7.5,-12.,25.6));
#3909=CARTESIAN_POINT('',(9.50000014156103,-12.0000001788139,25.6));
#3910=CARTESIAN_POINT('',(5.49999985843897,-12.0000001788139,25.6));
#3911=CARTESIAN_POINT('',(9.50000014156103,-12.0000001788139,25.6));
#3912=CARTESIAN_POINT('',(5.49999985843897,-12.0000001788139,26.));
#3913=CARTESIAN_POINT('Origin',(9.50000014156103,-10.,26.));
#3914=CARTESIAN_POINT('',(9.50000014156103,-7.76393214911625,26.));
#3915=CARTESIAN_POINT('',(9.50000014156103,-7.99999982118607,25.6));
#3916=CARTESIAN_POINT('',(9.50000014156103,-12.2360678508837,26.));
#3917=CARTESIAN_POINT('Origin',(8.50000007078052,-11.000000089407,25.6));
#3918=CARTESIAN_POINT('Origin',(7.5,-10.,25.6));
#3919=CARTESIAN_POINT('Origin',(5.49999985843897,-12.0000001788139,26.));
#3920=CARTESIAN_POINT('',(5.49999985843897,-12.2360678508837,26.));
#3921=CARTESIAN_POINT('',(5.49999985843897,-12.0000001788139,25.6));
#3922=CARTESIAN_POINT('',(5.49999985843897,-7.76393214911625,26.));
#3923=CARTESIAN_POINT('Origin',(6.49999992921948,-11.000000089407,25.6));
#3924=CARTESIAN_POINT('Origin',(7.5,-10.,25.6));
#3925=CARTESIAN_POINT('Origin',(7.5,-10.,20.));
#3926=CARTESIAN_POINT('',(5.5,-10.,20.));
#3927=CARTESIAN_POINT('Origin',(7.5,-10.,20.));
#3928=CARTESIAN_POINT('',(5.5,-10.,20.));
#3929=CARTESIAN_POINT('Origin',(7.5,-10.,30.));
#3930=CARTESIAN_POINT('',(4.5,-10.,30.));
#3931=CARTESIAN_POINT('Origin',(-17.,-13.75,20.));
#3932=CARTESIAN_POINT('',(-17.,-13.75,20.));
#3933=CARTESIAN_POINT('',(-17.,-13.75,20.));
#3934=CARTESIAN_POINT('',(-17.,-13.75,20.));
#3935=CARTESIAN_POINT('Origin',(-38.,33.75,20.));
#3936=CARTESIAN_POINT('',(-17.,-13.75,20.));
#3937=CARTESIAN_POINT('Origin',(38.,33.75,20.));
#3938=CARTESIAN_POINT('',(38.,23.125,20.));
#3939=CARTESIAN_POINT('Origin',(0.,12.5,20.));
#3940=CARTESIAN_POINT('',(0.,0.,0.));
#3941=CARTESIAN_POINT('',(0.,2.22044604925031E-16,0.));
#3942=UNCERTAINTY_MEASURE_WITH_UNIT(LENGTH_MEASURE(0.01),#3950,
'DISTANCE_ACCURACY_VALUE',
'Maximum model space distance between geometric entities at asserted c
onnectivities');
#3943=UNCERTAINTY_MEASURE_WITH_UNIT(LENGTH_MEASURE(0.01),#3950,
'DISTANCE_ACCURACY_VALUE',
'Maximum model space distance between geometric entities at asserted c
onnectivities');
#3944=UNCERTAINTY_MEASURE_WITH_UNIT(LENGTH_MEASURE(0.01),#3950,
'DISTANCE_ACCURACY_VALUE',
'Maximum model space distance between geometric entities at asserted c
onnectivities');
#3945=UNCERTAINTY_MEASURE_WITH_UNIT(LENGTH_MEASURE(0.01),#3950,
'DISTANCE_ACCURACY_VALUE',
'Maximum model space distance between geometric entities at asserted c
onnectivities');
#3946=(
GEOMETRIC_REPRESENTATION_CONTEXT(3)
GLOBAL_UNCERTAINTY_ASSIGNED_CONTEXT((#3942))
GLOBAL_UNIT_ASSIGNED_CONTEXT((#3950,#3952,#3953))
REPRESENTATION_CONTEXT('','3D')
);
#3947=(
GEOMETRIC_REPRESENTATION_CONTEXT(3)
GLOBAL_UNCERTAINTY_ASSIGNED_CONTEXT((#3943))
GLOBAL_UNIT_ASSIGNED_CONTEXT((#3950,#3952,#3953))
REPRESENTATION_CONTEXT('','3D')
);
#3948=(
GEOMETRIC_REPRESENTATION_CONTEXT(3)
GLOBAL_UNCERTAINTY_ASSIGNED_CONTEXT((#3944))
GLOBAL_UNIT_ASSIGNED_CONTEXT((#3950,#3952,#3953))
REPRESENTATION_CONTEXT('','3D')
);
#3949=(
GEOMETRIC_REPRESENTATION_CONTEXT(3)
GLOBAL_UNCERTAINTY_ASSIGNED_CONTEXT((#3945))
GLOBAL_UNIT_ASSIGNED_CONTEXT((#3950,#3952,#3953))
REPRESENTATION_CONTEXT('','3D')
);
#3950=(
LENGTH_UNIT()
NAMED_UNIT(*)
SI_UNIT(.MILLI.,.METRE.)
);
#3951=(
LENGTH_UNIT()
NAMED_UNIT(*)
SI_UNIT($,.METRE.)
);
#3952=(
NAMED_UNIT(*)
PLANE_ANGLE_UNIT()
SI_UNIT($,.RADIAN.)
);
#3953=(
NAMED_UNIT(*)
SI_UNIT($,.STERADIAN.)
SOLID_ANGLE_UNIT()
);
#3954=SHAPE_DEFINITION_REPRESENTATION(#3957,#3962);
#3955=SHAPE_DEFINITION_REPRESENTATION(#3958,#3963);
#3956=SHAPE_DEFINITION_REPRESENTATION(#3959,#3964);
#3957=PRODUCT_DEFINITION_SHAPE('',$,#3966);
#3958=PRODUCT_DEFINITION_SHAPE('',$,#3967);
#3959=PRODUCT_DEFINITION_SHAPE('',$,#3968);
#3960=PRODUCT_DEFINITION_SHAPE($,$,#17);
#3961=PRODUCT_DEFINITION_SHAPE($,$,#18);
#3962=SHAPE_REPRESENTATION('',(#2406,#2603,#2604),#3946);
#3963=SHAPE_REPRESENTATION('',(#2407),#3947);
#3964=SHAPE_REPRESENTATION('',(#2426),#3948);
#3965=PRODUCT_DEFINITION_CONTEXT('part definition',#3976,'design');
#3966=PRODUCT_DEFINITION('Adapter for CNC machine',
'Adapter for CNC machine v16',#3969,#3965);
#3967=PRODUCT_DEFINITION('Component2','Component2',#3970,#3965);
#3968=PRODUCT_DEFINITION('adapter for CNC machine_1',
'adapter for CNC machine',#3971,#3965);
#3969=PRODUCT_DEFINITION_FORMATION('',$,#3978);
#3970=PRODUCT_DEFINITION_FORMATION('',$,#3979);
#3971=PRODUCT_DEFINITION_FORMATION('',$,#3980);
#3972=PRODUCT_RELATED_PRODUCT_CATEGORY('Adapter for CNC machine v16',
'Adapter for CNC machine v16',(#3978));
#3973=PRODUCT_RELATED_PRODUCT_CATEGORY('Component2','Component2',(#3979));
#3974=PRODUCT_RELATED_PRODUCT_CATEGORY('adapter for CNC machine',
'adapter for CNC machine',(#3980));
#3975=APPLICATION_PROTOCOL_DEFINITION('international standard',
'automotive_design',2009,#3976);
#3976=APPLICATION_CONTEXT(
'Core Data for Automotive Mechanical Design Process');
#3977=PRODUCT_CONTEXT('part definition',#3976,'mechanical');
#3978=PRODUCT('Adapter for CNC machine','Adapter for CNC machine v16',$,
(#3977));
#3979=PRODUCT('Component2','Component2',$,(#3977));
#3980=PRODUCT('adapter for CNC machine_1','adapter for CNC machine',$,(#3977));
#3981=PRESENTATION_STYLE_ASSIGNMENT((#3982));
#3982=SURFACE_STYLE_USAGE(.BOTH.,#3983);
#3983=SURFACE_SIDE_STYLE('',(#3984));
#3984=SURFACE_STYLE_FILL_AREA(#3985);
#3985=FILL_AREA_STYLE('Steel - Satin',(#3986));
#3986=FILL_AREA_STYLE_COLOUR('Steel - Satin',#3987);
#3987=COLOUR_RGB('Steel - Satin',0.627450980392157,0.627450980392157,0.627450980392157);
ENDSEC;
END-ISO-10303-21;
