ISO-10303-21;
HEADER;
/* Generated by software containing ST-Developer
 * from STEP Tools, Inc. (www.steptools.com) 
 */

FILE_DESCRIPTION(
/* description */ (''),
/* implementation_level */ '2;1');

FILE_NAME(
/* name */ 'PRT_carriage_pulley.step',
/* time_stamp */ '2026-10-02T15:53:05-04:00',
/* author */ (''),
/* organization */ (''),
/* preprocessor_version */ 'ST-DEVELOPER v20.2',
/* originating_system */ 'Autodesk Translation Framework v15.15.0.0',
/* authorisation */ '');

FILE_SCHEMA (('AUTOMOTIVE_DESIGN { 1 0 10303 214 3 1 1 }'));
ENDSEC;

DATA;
#10=MECHANICAL_DESIGN_GEOMETRIC_PRESENTATION_REPRESENTATION('',(#13),#5702);
#11=SHAPE_REPRESENTATION_RELATIONSHIP('SRR','None',#5709,#12);
#12=ADVANCED_BREP_SHAPE_REPRESENTATION('',(#14),#5701);
#13=STYLED_ITEM('',(#5718),#14);
#14=MANIFOLD_SOLID_BREP('carriage_pulley',#1767);
#15=B_SPLINE_SURFACE_WITH_KNOTS('',5,5,((#4016,#4017,#4018,#4019,#4020,
#4021,#4022,#4023,#4024,#4025,#4026,#4027,#4028,#4029,#4030,#4031,#4032,
#4033,#4034,#4035,#4036,#4037,#4038,#4039,#4040,#4041,#4042,#4043,#4044,
#4045,#4046,#4047,#4048),(#4049,#4050,#4051,#4052,#4053,#4054,#4055,#4056,
#4057,#4058,#4059,#4060,#4061,#4062,#4063,#4064,#4065,#4066,#4067,#4068,
#4069,#4070,#4071,#4072,#4073,#4074,#4075,#4076,#4077,#4078,#4079,#4080,
#4081),(#4082,#4083,#4084,#4085,#4086,#4087,#4088,#4089,#4090,#4091,#4092,
#4093,#4094,#4095,#4096,#4097,#4098,#4099,#4100,#4101,#4102,#4103,#4104,
#4105,#4106,#4107,#4108,#4109,#4110,#4111,#4112,#4113,#4114),(#4115,#4116,
#4117,#4118,#4119,#4120,#4121,#4122,#4123,#4124,#4125,#4126,#4127,#4128,
#4129,#4130,#4131,#4132,#4133,#4134,#4135,#4136,#4137,#4138,#4139,#4140,
#4141,#4142,#4143,#4144,#4145,#4146,#4147),(#4148,#4149,#4150,#4151,#4152,
#4153,#4154,#4155,#4156,#4157,#4158,#4159,#4160,#4161,#4162,#4163,#4164,
#4165,#4166,#4167,#4168,#4169,#4170,#4171,#4172,#4173,#4174,#4175,#4176,
#4177,#4178,#4179,#4180),(#4181,#4182,#4183,#4184,#4185,#4186,#4187,#4188,
#4189,#4190,#4191,#4192,#4193,#4194,#4195,#4196,#4197,#4198,#4199,#4200,
#4201,#4202,#4203,#4204,#4205,#4206,#4207,#4208,#4209,#4210,#4211,#4212,
#4213),(#4214,#4215,#4216,#4217,#4218,#4219,#4220,#4221,#4222,#4223,#4224,
#4225,#4226,#4227,#4228,#4229,#4230,#4231,#4232,#4233,#4234,#4235,#4236,
#4237,#4238,#4239,#4240,#4241,#4242,#4243,#4244,#4245,#4246),(#4247,#4248,
#4249,#4250,#4251,#4252,#4253,#4254,#4255,#4256,#4257,#4258,#4259,#4260,
#4261,#4262,#4263,#4264,#4265,#4266,#4267,#4268,#4269,#4270,#4271,#4272,
#4273,#4274,#4275,#4276,#4277,#4278,#4279),(#4280,#4281,#4282,#4283,#4284,
#4285,#4286,#4287,#4288,#4289,#4290,#4291,#4292,#4293,#4294,#4295,#4296,
#4297,#4298,#4299,#4300,#4301,#4302,#4303,#4304,#4305,#4306,#4307,#4308,
#4309,#4310,#4311,#4312),(#4313,#4314,#4315,#4316,#4317,#4318,#4319,#4320,
#4321,#4322,#4323,#4324,#4325,#4326,#4327,#4328,#4329,#4330,#4331,#4332,
#4333,#4334,#4335,#4336,#4337,#4338,#4339,#4340,#4341,#4342,#4343,#4344,
#4345),(#4346,#4347,#4348,#4349,#4350,#4351,#4352,#4353,#4354,#4355,#4356,
#4357,#4358,#4359,#4360,#4361,#4362,#4363,#4364,#4365,#4366,#4367,#4368,
#4369,#4370,#4371,#4372,#4373,#4374,#4375,#4376,#4377,#4378),(#4379,#4380,
#4381,#4382,#4383,#4384,#4385,#4386,#4387,#4388,#4389,#4390,#4391,#4392,
#4393,#4394,#4395,#4396,#4397,#4398,#4399,#4400,#4401,#4402,#4403,#4404,
#4405,#4406,#4407,#4408,#4409,#4410,#4411),(#4412,#4413,#4414,#4415,#4416,
#4417,#4418,#4419,#4420,#4421,#4422,#4423,#4424,#4425,#4426,#4427,#4428,
#4429,#4430,#4431,#4432,#4433,#4434,#4435,#4436,#4437,#4438,#4439,#4440,
#4441,#4442,#4443,#4444),(#4445,#4446,#4447,#4448,#4449,#4450,#4451,#4452,
#4453,#4454,#4455,#4456,#4457,#4458,#4459,#4460,#4461,#4462,#4463,#4464,
#4465,#4466,#4467,#4468,#4469,#4470,#4471,#4472,#4473,#4474,#4475,#4476,
#4477),(#4478,#4479,#4480,#4481,#4482,#4483,#4484,#4485,#4486,#4487,#4488,
#4489,#4490,#4491,#4492,#4493,#4494,#4495,#4496,#4497,#4498,#4499,#4500,
#4501,#4502,#4503,#4504,#4505,#4506,#4507,#4508,#4509,#4510),(#4511,#4512,
#4513,#4514,#4515,#4516,#4517,#4518,#4519,#4520,#4521,#4522,#4523,#4524,
#4525,#4526,#4527,#4528,#4529,#4530,#4531,#4532,#4533,#4534,#4535,#4536,
#4537,#4538,#4539,#4540,#4541,#4542,#4543),(#4544,#4545,#4546,#4547,#4548,
#4549,#4550,#4551,#4552,#4553,#4554,#4555,#4556,#4557,#4558,#4559,#4560,
#4561,#4562,#4563,#4564,#4565,#4566,#4567,#4568,#4569,#4570,#4571,#4572,
#4573,#4574,#4575,#4576),(#4577,#4578,#4579,#4580,#4581,#4582,#4583,#4584,
#4585,#4586,#4587,#4588,#4589,#4590,#4591,#4592,#4593,#4594,#4595,#4596,
#4597,#4598,#4599,#4600,#4601,#4602,#4603,#4604,#4605,#4606,#4607,#4608,
#4609),(#4610,#4611,#4612,#4613,#4614,#4615,#4616,#4617,#4618,#4619,#4620,
#4621,#4622,#4623,#4624,#4625,#4626,#4627,#4628,#4629,#4630,#4631,#4632,
#4633,#4634,#4635,#4636,#4637,#4638,#4639,#4640,#4641,#4642),(#4643,#4644,
#4645,#4646,#4647,#4648,#4649,#4650,#4651,#4652,#4653,#4654,#4655,#4656,
#4657,#4658,#4659,#4660,#4661,#4662,#4663,#4664,#4665,#4666,#4667,#4668,
#4669,#4670,#4671,#4672,#4673,#4674,#4675),(#4676,#4677,#4678,#4679,#4680,
#4681,#4682,#4683,#4684,#4685,#4686,#4687,#4688,#4689,#4690,#4691,#4692,
#4693,#4694,#4695,#4696,#4697,#4698,#4699,#4700,#4701,#4702,#4703,#4704,
#4705,#4706,#4707,#4708),(#4709,#4710,#4711,#4712,#4713,#4714,#4715,#4716,
#4717,#4718,#4719,#4720,#4721,#4722,#4723,#4724,#4725,#4726,#4727,#4728,
#4729,#4730,#4731,#4732,#4733,#4734,#4735,#4736,#4737,#4738,#4739,#4740,
#4741),(#4742,#4743,#4744,#4745,#4746,#4747,#4748,#4749,#4750,#4751,#4752,
#4753,#4754,#4755,#4756,#4757,#4758,#4759,#4760,#4761,#4762,#4763,#4764,
#4765,#4766,#4767,#4768,#4769,#4770,#4771,#4772,#4773,#4774),(#4775,#4776,
#4777,#4778,#4779,#4780,#4781,#4782,#4783,#4784,#4785,#4786,#4787,#4788,
#4789,#4790,#4791,#4792,#4793,#4794,#4795,#4796,#4797,#4798,#4799,#4800,
#4801,#4802,#4803,#4804,#4805,#4806,#4807),(#4808,#4809,#4810,#4811,#4812,
#4813,#4814,#4815,#4816,#4817,#4818,#4819,#4820,#4821,#4822,#4823,#4824,
#4825,#4826,#4827,#4828,#4829,#4830,#4831,#4832,#4833,#4834,#4835,#4836,
#4837,#4838,#4839,#4840),(#4841,#4842,#4843,#4844,#4845,#4846,#4847,#4848,
#4849,#4850,#4851,#4852,#4853,#4854,#4855,#4856,#4857,#4858,#4859,#4860,
#4861,#4862,#4863,#4864,#4865,#4866,#4867,#4868,#4869,#4870,#4871,#4872,
#4873),(#4874,#4875,#4876,#4877,#4878,#4879,#4880,#4881,#4882,#4883,#4884,
#4885,#4886,#4887,#4888,#4889,#4890,#4891,#4892,#4893,#4894,#4895,#4896,
#4897,#4898,#4899,#4900,#4901,#4902,#4903,#4904,#4905,#4906),(#4907,#4908,
#4909,#4910,#4911,#4912,#4913,#4914,#4915,#4916,#4917,#4918,#4919,#4920,
#4921,#4922,#4923,#4924,#4925,#4926,#4927,#4928,#4929,#4930,#4931,#4932,
#4933,#4934,#4935,#4936,#4937,#4938,#4939),(#4940,#4941,#4942,#4943,#4944,
#4945,#4946,#4947,#4948,#4949,#4950,#4951,#4952,#4953,#4954,#4955,#4956,
#4957,#4958,#4959,#4960,#4961,#4962,#4963,#4964,#4965,#4966,#4967,#4968,
#4969,#4970,#4971,#4972),(#4973,#4974,#4975,#4976,#4977,#4978,#4979,#4980,
#4981,#4982,#4983,#4984,#4985,#4986,#4987,#4988,#4989,#4990,#4991,#4992,
#4993,#4994,#4995,#4996,#4997,#4998,#4999,#5000,#5001,#5002,#5003,#5004,
#5005),(#5006,#5007,#5008,#5009,#5010,#5011,#5012,#5013,#5014,#5015,#5016,
#5017,#5018,#5019,#5020,#5021,#5022,#5023,#5024,#5025,#5026,#5027,#5028,
#5029,#5030,#5031,#5032,#5033,#5034,#5035,#5036,#5037,#5038),(#5039,#5040,
#5041,#5042,#5043,#5044,#5045,#5046,#5047,#5048,#5049,#5050,#5051,#5052,
#5053,#5054,#5055,#5056,#5057,#5058,#5059,#5060,#5061,#5062,#5063,#5064,
#5065,#5066,#5067,#5068,#5069,#5070,#5071),(#5072,#5073,#5074,#5075,#5076,
#5077,#5078,#5079,#5080,#5081,#5082,#5083,#5084,#5085,#5086,#5087,#5088,
#5089,#5090,#5091,#5092,#5093,#5094,#5095,#5096,#5097,#5098,#5099,#5100,
#5101,#5102,#5103,#5104),(#5105,#5106,#5107,#5108,#5109,#5110,#5111,#5112,
#5113,#5114,#5115,#5116,#5117,#5118,#5119,#5120,#5121,#5122,#5123,#5124,
#5125,#5126,#5127,#5128,#5129,#5130,#5131,#5132,#5133,#5134,#5135,#5136,
#5137),(#5138,#5139,#5140,#5141,#5142,#5143,#5144,#5145,#5146,#5147,#5148,
#5149,#5150,#5151,#5152,#5153,#5154,#5155,#5156,#5157,#5158,#5159,#5160,
#5161,#5162,#5163,#5164,#5165,#5166,#5167,#5168,#5169,#5170),(#5171,#5172,
#5173,#5174,#5175,#5176,#5177,#5178,#5179,#5180,#5181,#5182,#5183,#5184,
#5185,#5186,#5187,#5188,#5189,#5190,#5191,#5192,#5193,#5194,#5195,#5196,
#5197,#5198,#5199,#5200,#5201,#5202,#5203),(#5204,#5205,#5206,#5207,#5208,
#5209,#5210,#5211,#5212,#5213,#5214,#5215,#5216,#5217,#5218,#5219,#5220,
#5221,#5222,#5223,#5224,#5225,#5226,#5227,#5228,#5229,#5230,#5231,#5232,
#5233,#5234,#5235,#5236),(#5237,#5238,#5239,#5240,#5241,#5242,#5243,#5244,
#5245,#5246,#5247,#5248,#5249,#5250,#5251,#5252,#5253,#5254,#5255,#5256,
#5257,#5258,#5259,#5260,#5261,#5262,#5263,#5264,#5265,#5266,#5267,#5268,
#5269),(#5270,#5271,#5272,#5273,#5274,#5275,#5276,#5277,#5278,#5279,#5280,
#5281,#5282,#5283,#5284,#5285,#5286,#5287,#5288,#5289,#5290,#5291,#5292,
#5293,#5294,#5295,#5296,#5297,#5298,#5299,#5300,#5301,#5302)),
 .UNSPECIFIED.,.F.,.F.,.F.,(6,3,3,3,3,3,3,3,3,3,3,3,6),(6,3,3,3,3,3,3,3,
3,3,6),(-0.169767251339799,-0.164375950785168,-0.158984650230537,-0.148202049121275,
-0.126636846902752,-0.0835064424657054,-0.0727238413564437,-0.0619412402471821,
-0.0403760380286588,0.00275436640838783,0.0890151752824811,0.132145579719528,
0.175275984156574),(-0.030419757636976,-0.0266175309183123,-0.0228153041996486,
-0.019013077480985,-0.0152108507623213,-0.00760639732499397,-1.94388766663542E-6,
0.0076025095496607,0.015206962986988,0.0228114164243154,0.0304158698616427),
 .UNSPECIFIED.);
#16=B_SPLINE_SURFACE_WITH_KNOTS('',5,5,((#5303,#5304,#5305,#5306,#5307,
#5308,#5309,#5310,#5311,#5312,#5313,#5314,#5315,#5316,#5317,#5318),(#5319,
#5320,#5321,#5322,#5323,#5324,#5325,#5326,#5327,#5328,#5329,#5330,#5331,
#5332,#5333,#5334),(#5335,#5336,#5337,#5338,#5339,#5340,#5341,#5342,#5343,
#5344,#5345,#5346,#5347,#5348,#5349,#5350),(#5351,#5352,#5353,#5354,#5355,
#5356,#5357,#5358,#5359,#5360,#5361,#5362,#5363,#5364,#5365,#5366),(#5367,
#5368,#5369,#5370,#5371,#5372,#5373,#5374,#5375,#5376,#5377,#5378,#5379,
#5380,#5381,#5382),(#5383,#5384,#5385,#5386,#5387,#5388,#5389,#5390,#5391,
#5392,#5393,#5394,#5395,#5396,#5397,#5398),(#5399,#5400,#5401,#5402,#5403,
#5404,#5405,#5406,#5407,#5408,#5409,#5410,#5411,#5412,#5413,#5414),(#5415,
#5416,#5417,#5418,#5419,#5420,#5421,#5422,#5423,#5424,#5425,#5426,#5427,
#5428,#5429,#5430),(#5431,#5432,#5433,#5434,#5435,#5436,#5437,#5438,#5439,
#5440,#5441,#5442,#5443,#5444,#5445,#5446),(#5447,#5448,#5449,#5450,#5451,
#5452,#5453,#5454,#5455,#5456,#5457,#5458,#5459,#5460,#5461,#5462),(#5463,
#5464,#5465,#5466,#5467,#5468,#5469,#5470,#5471,#5472,#5473,#5474,#5475,
#5476,#5477,#5478),(#5479,#5480,#5481,#5482,#5483,#5484,#5485,#5486,#5487,
#5488,#5489,#5490,#5491,#5492,#5493,#5494),(#5495,#5496,#5497,#5498,#5499,
#5500,#5501,#5502,#5503,#5504,#5505,#5506,#5507,#5508,#5509,#5510),(#5511,
#5512,#5513,#5514,#5515,#5516,#5517,#5518,#5519,#5520,#5521,#5522,#5523,
#5524,#5525,#5526),(#5527,#5528,#5529,#5530,#5531,#5532,#5533,#5534,#5535,
#5536,#5537,#5538,#5539,#5540,#5541,#5542),(#5543,#5544,#5545,#5546,#5547,
#5548,#5549,#5550,#5551,#5552,#5553,#5554,#5555,#5556,#5557,#5558),(#5559,
#5560,#5561,#5562,#5563,#5564,#5565,#5566,#5567,#5568,#5569,#5570,#5571,
#5572,#5573,#5574),(#5575,#5576,#5577,#5578,#5579,#5580,#5581,#5582,#5583,
#5584,#5585,#5586,#5587,#5588,#5589,#5590)),.UNSPECIFIED.,.F.,.F.,.F.,(6,
5,1,1,5,6),(6,5,5,6),(-0.100000891280836,-0.000234731961101277,0.474747474747475,
0.767676767676767,1.0002347319611,1.04853868207791),(-0.100121511818761,
-8.91260205912931E-5,1.0002347319611,1.11027035633909),.UNSPECIFIED.);
#17=B_SPLINE_SURFACE_WITH_KNOTS('',5,5,((#5591,#5592,#5593,#5594,#5595,
#5596),(#5597,#5598,#5599,#5600,#5601,#5602),(#5603,#5604,#5605,#5606,#5607,
#5608),(#5609,#5610,#5611,#5612,#5613,#5614),(#5615,#5616,#5617,#5618,#5619,
#5620),(#5621,#5622,#5623,#5624,#5625,#5626)),.UNSPECIFIED.,.F.,.F.,.F.,
(6,6),(6,6),(0.,1.),(-9.56475148000126E-6,1.00000205038735),
 .UNSPECIFIED.);
#18=B_SPLINE_SURFACE_WITH_KNOTS('',5,5,((#5627,#5628,#5629,#5630,#5631,
#5632),(#5633,#5634,#5635,#5636,#5637,#5638),(#5639,#5640,#5641,#5642,#5643,
#5644),(#5645,#5646,#5647,#5648,#5649,#5650),(#5651,#5652,#5653,#5654,#5655,
#5656),(#5657,#5658,#5659,#5660,#5661,#5662)),.UNSPECIFIED.,.F.,.F.,.F.,
(6,6),(6,6),(0.,1.),(-5.28427438825393E-6,1.00001076098151),
 .UNSPECIFIED.);
#19=B_SPLINE_SURFACE_WITH_KNOTS('',5,5,((#5663,#5664,#5665,#5666,#5667,
#5668),(#5669,#5670,#5671,#5672,#5673,#5674),(#5675,#5676,#5677,#5678,#5679,
#5680),(#5681,#5682,#5683,#5684,#5685,#5686),(#5687,#5688,#5689,#5690,#5691,
#5692),(#5693,#5694,#5695,#5696,#5697,#5698)),.UNSPECIFIED.,.F.,.F.,.F.,
(6,6),(6,6),(0.,1.),(-3.20655376856113E-5,1.),.UNSPECIFIED.);
#20=(
BOUNDED_SURFACE()
B_SPLINE_SURFACE(2,2,((#3947,#3948,#3949),(#3950,#3951,#3952),(#3953,#3954,
#3955)),.UNSPECIFIED.,.F.,.F.,.F.)
B_SPLINE_SURFACE_WITH_KNOTS((3,3),(3,3),(1.54314114067606,1.55838333016485),
(2.41888147349869,2.506419309471),.UNSPECIFIED.)
GEOMETRIC_REPRESENTATION_ITEM()
RATIONAL_B_SPLINE_SURFACE(((1.,0.999042293815069,1.),(0.999970959598007,
0.999013281225249,0.999970959598007),(1.,0.999042293815069,1.)))
REPRESENTATION_ITEM('')
SURFACE()
);
#21=ELLIPSE('',#1854,0.375398146047582,0.299999553037584);
#22=ELLIPSE('',#1856,0.375409696362888,0.299999553037586);
#23=ELLIPSE('',#1859,0.375409696362888,0.299999553037586);
#24=SPHERICAL_SURFACE('',#1823,31.9125846589462);
#25=CYLINDRICAL_SURFACE('',#1820,49.9999555383039);
#26=CYLINDRICAL_SURFACE('',#1836,2.01436266706126);
#27=CYLINDRICAL_SURFACE('',#1843,1.69999984149122);
#28=CYLINDRICAL_SURFACE('',#1845,1.6999995870906);
#29=CYLINDRICAL_SURFACE('',#1847,2.99999593755333);
#30=CYLINDRICAL_SURFACE('',#1850,3.0000018562534);
#31=CYLINDRICAL_SURFACE('',#1853,0.299995060590609);
#32=CYLINDRICAL_SURFACE('',#1855,0.299999553037584);
#33=CYLINDRICAL_SURFACE('',#1857,0.300020877433931);
#34=CYLINDRICAL_SURFACE('',#1858,0.299999553037585);
#35=CYLINDRICAL_SURFACE('',#1860,2.57499904502268);
#36=CYLINDRICAL_SURFACE('',#1863,2.55000183798473);
#37=CYLINDRICAL_SURFACE('',#1867,3.00000068725633);
#38=CYLINDRICAL_SURFACE('',#1870,16.4999985689712);
#39=CYLINDRICAL_SURFACE('',#1871,16.4999962219861);
#40=CYLINDRICAL_SURFACE('',#1873,1.70000030039976);
#41=CIRCLE('',#1814,15.1500007722557);
#42=CIRCLE('',#1815,15.1500007722557);
#43=CIRCLE('',#1816,16.5000048952686);
#44=CIRCLE('',#1817,16.5000048952686);
#45=CIRCLE('',#1818,16.5000048952686);
#46=CIRCLE('',#1821,49.9999555383039);
#47=CIRCLE('',#1822,49.9999555383039);
#48=CIRCLE('',#1824,31.9125846589462);
#49=CIRCLE('',#1844,1.69999984149151);
#50=CIRCLE('',#1846,1.69999958709062);
#51=CIRCLE('',#1848,2.99999593755333);
#52=CIRCLE('',#1849,2.99999593755333);
#53=CIRCLE('',#1851,3.0000018562534);
#54=CIRCLE('',#1852,3.0000018562534);
#55=CIRCLE('',#1861,2.57499904502268);
#56=CIRCLE('',#1862,2.57499904502881);
#57=CIRCLE('',#1864,2.55000183798476);
#58=CIRCLE('',#1865,2.55000183798476);
#59=CIRCLE('',#1866,2.55000183798476);
#60=CIRCLE('',#1868,3.00000068725639);
#61=CIRCLE('',#1869,3.00000068726444);
#62=CIRCLE('',#1872,16.4999962219861);
#63=CIRCLE('',#1874,1.70000030039976);
#64=CIRCLE('',#1875,1.70000030039976);
#65=FACE_BOUND('',#540,.T.);
#66=FACE_BOUND('',#541,.T.);
#67=FACE_BOUND('',#542,.T.);
#68=FACE_BOUND('',#543,.T.);
#69=FACE_BOUND('',#544,.T.);
#70=FACE_BOUND('',#545,.T.);
#71=FACE_BOUND('',#577,.T.);
#72=FACE_BOUND('',#587,.T.);
#73=FACE_BOUND('',#589,.T.);
#74=FACE_BOUND('',#593,.T.);
#75=FACE_BOUND('',#595,.T.);
#76=FACE_BOUND('',#602,.T.);
#77=FACE_BOUND('',#605,.T.);
#78=FACE_BOUND('',#613,.T.);
#79=FACE_BOUND('',#614,.T.);
#80=FACE_BOUND('',#615,.T.);
#81=FACE_BOUND('',#617,.T.);
#82=FACE_BOUND('',#618,.T.);
#83=TOROIDAL_SURFACE('',#1795,8.75522421841962,6.9966321023824);
#84=LINE('',#2279,#166);
#85=LINE('',#2293,#167);
#86=LINE('',#2295,#168);
#87=LINE('',#2302,#169);
#88=LINE('',#2304,#170);
#89=LINE('',#2309,#171);
#90=LINE('',#2312,#172);
#91=LINE('',#2314,#173);
#92=LINE('',#2321,#174);
#93=LINE('',#2323,#175);
#94=LINE('',#2325,#176);
#95=LINE('',#2326,#177);
#96=LINE('',#2329,#178);
#97=LINE('',#2334,#179);
#98=LINE('',#2337,#180);
#99=LINE('',#2342,#181);
#100=LINE('',#2383,#182);
#101=LINE('',#2451,#183);
#102=LINE('',#2452,#184);
#103=LINE('',#2520,#185);
#104=LINE('',#2553,#186);
#105=LINE('',#2662,#187);
#106=LINE('',#2691,#188);
#107=LINE('',#3122,#189);
#108=LINE('',#3142,#190);
#109=LINE('',#3182,#191);
#110=LINE('',#3219,#192);
#111=LINE('',#3294,#193);
#112=LINE('',#3297,#194);
#113=LINE('',#3346,#195);
#114=LINE('',#3360,#196);
#115=LINE('',#3521,#197);
#116=LINE('',#3530,#198);
#117=LINE('',#3564,#199);
#118=LINE('',#3587,#200);
#119=LINE('',#3659,#201);
#120=LINE('',#3700,#202);
#121=LINE('',#3719,#203);
#122=LINE('',#3725,#204);
#123=LINE('',#3743,#205);
#124=LINE('',#3746,#206);
#125=LINE('',#3770,#207);
#126=LINE('',#3786,#208);
#127=LINE('',#3791,#209);
#128=LINE('',#3797,#210);
#129=LINE('',#3804,#211);
#130=LINE('',#3806,#212);
#131=LINE('',#3808,#213);
#132=LINE('',#3809,#214);
#133=LINE('',#3812,#215);
#134=LINE('',#3814,#216);
#135=LINE('',#3820,#217);
#136=LINE('',#3825,#218);
#137=LINE('',#3827,#219);
#138=LINE('',#3829,#220);
#139=LINE('',#3830,#221);
#140=LINE('',#3833,#222);
#141=LINE('',#3835,#223);
#142=LINE('',#3836,#224);
#143=LINE('',#3839,#225);
#144=LINE('',#3841,#226);
#145=LINE('',#3842,#227);
#146=LINE('',#3844,#228);
#147=LINE('',#3846,#229);
#148=LINE('',#3980,#230);
#149=LINE('',#3982,#231);
#150=LINE('',#3984,#232);
#151=LINE('',#3985,#233);
#152=LINE('',#3988,#234);
#153=LINE('',#3990,#235);
#154=LINE('',#3991,#236);
#155=LINE('',#3994,#237);
#156=LINE('',#3995,#238);
#157=LINE('',#3998,#239);
#158=LINE('',#3999,#240);
#159=LINE('',#4001,#241);
#160=LINE('',#4003,#242);
#161=LINE('',#4004,#243);
#162=LINE('',#4006,#244);
#163=LINE('',#4008,#245);
#164=LINE('',#4010,#246);
#165=LINE('',#4011,#247);
#166=VECTOR('',#1910,0.599602743550165);
#167=VECTOR('',#1913,10.);
#168=VECTOR('',#1914,10.);
#169=VECTOR('',#1917,10.);
#170=VECTOR('',#1918,10.);
#171=VECTOR('',#1919,10.);
#172=VECTOR('',#1922,10.);
#173=VECTOR('',#1923,10.);
#174=VECTOR('',#1926,10.);
#175=VECTOR('',#1927,10.);
#176=VECTOR('',#1928,10.);
#177=VECTOR('',#1929,10.);
#178=VECTOR('',#1932,10.);
#179=VECTOR('',#1933,10.);
#180=VECTOR('',#1936,10.);
#181=VECTOR('',#1937,10.);
#182=VECTOR('',#1942,10.);
#183=VECTOR('',#1951,10.);
#184=VECTOR('',#1952,10.);
#185=VECTOR('',#1969,10.);
#186=VECTOR('',#1974,10.);
#187=VECTOR('',#1981,10.);
#188=VECTOR('',#1986,10.);
#189=VECTOR('',#1991,10.);
#190=VECTOR('',#1996,10.);
#191=VECTOR('',#1997,10.);
#192=VECTOR('',#2002,10.);
#193=VECTOR('',#2011,10.);
#194=VECTOR('',#2014,10.);
#195=VECTOR('',#2021,10.);
#196=VECTOR('',#2024,10.);
#197=VECTOR('',#2037,10.);
#198=VECTOR('',#2040,10.);
#199=VECTOR('',#2045,10.);
#200=VECTOR('',#2048,10.);
#201=VECTOR('',#2065,10.);
#202=VECTOR('',#2070,10.);
#203=VECTOR('',#2075,10.);
#204=VECTOR('',#2082,10.);
#205=VECTOR('',#2089,10.);
#206=VECTOR('',#2092,10.);
#207=VECTOR('',#2097,10.);
#208=VECTOR('',#2102,10.);
#209=VECTOR('',#2107,10.);
#210=VECTOR('',#2114,10.);
#211=VECTOR('',#2123,10.);
#212=VECTOR('',#2126,10.);
#213=VECTOR('',#2129,10.);
#214=VECTOR('',#2130,10.);
#215=VECTOR('',#2133,10.);
#216=VECTOR('',#2134,10.);
#217=VECTOR('',#2141,10.);
#218=VECTOR('',#2146,10.);
#219=VECTOR('',#2147,10.);
#220=VECTOR('',#2148,10.);
#221=VECTOR('',#2149,10.);
#222=VECTOR('',#2152,10.);
#223=VECTOR('',#2153,10.);
#224=VECTOR('',#2154,10.);
#225=VECTOR('',#2157,10.);
#226=VECTOR('',#2158,10.);
#227=VECTOR('',#2159,10.);
#228=VECTOR('',#2162,10.);
#229=VECTOR('',#2165,10.);
#230=VECTOR('',#2180,10.);
#231=VECTOR('',#2181,10.);
#232=VECTOR('',#2182,10.);
#233=VECTOR('',#2183,10.);
#234=VECTOR('',#2186,10.);
#235=VECTOR('',#2187,10.);
#236=VECTOR('',#2188,10.);
#237=VECTOR('',#2191,10.);
#238=VECTOR('',#2192,10.);
#239=VECTOR('',#2195,10.);
#240=VECTOR('',#2196,10.);
#241=VECTOR('',#2199,10.);
#242=VECTOR('',#2202,10.);
#243=VECTOR('',#2203,10.);
#244=VECTOR('',#2206,10.);
#245=VECTOR('',#2209,10.);
#246=VECTOR('',#2212,10.);
#247=VECTOR('',#2213,10.);
#248=CONICAL_SURFACE('',#1783,12.3109930935881,1.56605188066765);
#249=CONICAL_SURFACE('',#1793,19.457803682926,1.50778566726596);
#250=CONICAL_SURFACE('',#1794,2.89567001149527,5.82430708370308E-5);
#251=CONICAL_SURFACE('',#1797,11.4387767521102,1.56962986507364);
#252=CONICAL_SURFACE('',#1804,5.21968363238979,0.00393455589790894);
#253=CONICAL_SURFACE('',#1805,1.83825879919984,1.56364219087436);
#254=CONICAL_SURFACE('',#1806,2.17858044536256,0.0109846560380656);
#255=CONICAL_SURFACE('',#1807,2.4251194815819,0.0255051230386813);
#256=CONICAL_SURFACE('',#1808,2.58584325252164,0.000956928976263102);
#257=CONICAL_SURFACE('',#1809,1.42927744694733,0.0546951746839939);
#258=CONICAL_SURFACE('',#1810,1.67005411652798,0.0163961051518);
#259=CONICAL_SURFACE('',#1811,23.3295709778274,0.57731598925251);
#260=CONICAL_SURFACE('',#1812,16.914283564664,1.48352994424257);
#261=CONICAL_SURFACE('',#1813,18.3379266175467,0.64350172120747);
#262=CONICAL_SURFACE('',#1819,16.7513135689957,0.643500952031501);
#263=CONICAL_SURFACE('',#1825,0.385845615962754,0.000302265633863543);
#264=CONICAL_SURFACE('',#1826,0.385373115786467,0.00087859047069176);
#265=CONICAL_SURFACE('',#1827,4.93515351155639,3.7468930274369E-5);
#266=CONICAL_SURFACE('',#1828,1.07177475670374,0.00193234953228177);
#267=CONICAL_SURFACE('',#1829,0.538714510517357,0.00501962941359723);
#268=CONICAL_SURFACE('',#1830,0.521551060794467,0.00580319126753711);
#269=CONICAL_SURFACE('',#1831,1.282511199095,0.00613954576378371);
#270=CONICAL_SURFACE('',#1832,0.950139456817718,4.82938485640643E-5);
#271=CONICAL_SURFACE('',#1833,0.57879008044223,0.00364122407424564);
#272=CONICAL_SURFACE('',#1834,0.534391387171524,0.00183679814569215);
#273=CONICAL_SURFACE('',#1835,1.25676641718813,0.000605864280140347);
#274=CONICAL_SURFACE('',#1837,1.32287044711062,0.00384935166935279);
#275=CONICAL_SURFACE('',#1838,1.71143860539928,0.000160426170423154);
#276=CONICAL_SURFACE('',#1839,2.40479002838084,0.0267345604621522);
#277=CONICAL_SURFACE('',#1840,2.09495192741353,0.00488630859774422);
#278=CONICAL_SURFACE('',#1841,1.5653087149299,0.00410948820623797);
#279=CONICAL_SURFACE('',#1842,1.40938160950384,0.00326627935005495);
#280=CONICAL_SURFACE('',#1881,1.22643952636171,1.56797808975012);
#281=CONICAL_SURFACE('',#1882,1.6257600562309,1.56778983678222);
#282=CONICAL_SURFACE('',#1883,5.59032538591534,1.53804909911697);
#283=CONICAL_SURFACE('',#1884,2.57698531644003,1.56484963144441);
#284=CONICAL_SURFACE('',#1885,4.66447854910032,1.56979473943282);
#285=CONICAL_SURFACE('',#1886,10.6306044311303,1.51206238997075);
#286=B_SPLINE_CURVE_WITH_KNOTS('',3,(#2256,#2257,#2258,#2259,#2260,#2261),
 .UNSPECIFIED.,.F.,.F.,(4,2,4),(3.21813070335271,3.24386715941247,3.2771252254957),
 .UNSPECIFIED.);
#287=B_SPLINE_CURVE_WITH_KNOTS('',3,(#2264,#2265,#2266,#2267),
 .UNSPECIFIED.,.F.,.F.,(4,4),(-14.2720639049814,-14.1921600503809),
 .UNSPECIFIED.);
#288=B_SPLINE_CURVE_WITH_KNOTS('',3,(#2272,#2273,#2274,#2275),
 .UNSPECIFIED.,.F.,.F.,(4,4),(-14.081783447365,-14.0082857181997),
 .UNSPECIFIED.);
#289=B_SPLINE_CURVE_WITH_KNOTS('',3,(#2346,#2347,#2348,#2349),
 .UNSPECIFIED.,.F.,.F.,(4,4),(-65.1203980806654,-65.0826344472606),
 .UNSPECIFIED.);
#290=B_SPLINE_CURVE_WITH_KNOTS('',3,(#2351,#2352,#2353,#2354,#2355,#2356,
#2357,#2358,#2359,#2360,#2361,#2362,#2363,#2364),.UNSPECIFIED.,.F.,.F.,
(4,2,2,2,2,2,4),(-0.0561383815016468,-0.0479958588044614,-0.0404205492378864,
-0.0275565278636482,-0.0146924703532085,-0.00764139723269591,-8.21036422114979E-6),
 .UNSPECIFIED.);
#291=B_SPLINE_CURVE_WITH_KNOTS('',3,(#2384,#2385,#2386,#2387),
 .UNSPECIFIED.,.F.,.F.,(4,4),(65.025149706928,65.0982335869841),
 .UNSPECIFIED.);
#292=B_SPLINE_CURVE_WITH_KNOTS('',3,(#2391,#2392,#2393,#2394),
 .UNSPECIFIED.,.F.,.F.,(4,4),(0.,0.0600025918312262),.UNSPECIFIED.);
#293=B_SPLINE_CURVE_WITH_KNOTS('',3,(#2396,#2397,#2398,#2399),
 .UNSPECIFIED.,.F.,.F.,(4,4),(14.7123188445567,14.7844154723933),
 .UNSPECIFIED.);
#294=B_SPLINE_CURVE_WITH_KNOTS('',3,(#2401,#2402,#2403,#2404),
 .UNSPECIFIED.,.F.,.F.,(4,4),(-7.87802853032763,-7.8200525902896),
 .UNSPECIFIED.);
#295=B_SPLINE_CURVE_WITH_KNOTS('',3,(#2405,#2406,#2407,#2408),
 .UNSPECIFIED.,.F.,.F.,(4,4),(-15.3329418670915,-15.2558369169771),
 .UNSPECIFIED.);
#296=B_SPLINE_CURVE_WITH_KNOTS('',3,(#2411,#2412,#2413,#2414,#2415,#2416),
 .UNSPECIFIED.,.F.,.F.,(4,2,4),(-1.65852033160818,-1.64888273664814,-1.59962855980781),
 .UNSPECIFIED.);
#297=B_SPLINE_CURVE_WITH_KNOTS('',3,(#2418,#2419,#2420,#2421),
 .UNSPECIFIED.,.F.,.F.,(4,4),(0.,0.0600594086003118),.UNSPECIFIED.);
#298=B_SPLINE_CURVE_WITH_KNOTS('',3,(#2422,#2423,#2424,#2425,#2426,#2427),
 .UNSPECIFIED.,.F.,.F.,(4,2,4),(-1.00690457456037,-0.993922740124095,-0.946420574280633),
 .UNSPECIFIED.);
#299=B_SPLINE_CURVE_WITH_KNOTS('',3,(#2430,#2431,#2432,#2433),
 .UNSPECIFIED.,.F.,.F.,(4,4),(1.10339037261687,1.27901233681877),
 .UNSPECIFIED.);
#300=B_SPLINE_CURVE_WITH_KNOTS('',3,(#2435,#2436,#2437,#2438),
 .UNSPECIFIED.,.F.,.F.,(4,4),(0.599501574285037,0.620045989055466),
 .UNSPECIFIED.);
#301=B_SPLINE_CURVE_WITH_KNOTS('',3,(#2439,#2440,#2441,#2442,#2443,#2444),
 .UNSPECIFIED.,.F.,.F.,(4,2,4),(4.09434297005123,4.26783569443286,4.30909280341669),
 .UNSPECIFIED.);
#302=B_SPLINE_CURVE_WITH_KNOTS('',3,(#2455,#2456,#2457,#2458),
 .UNSPECIFIED.,.F.,.F.,(4,4),(14.8906557293678,15.2826602531358),
 .UNSPECIFIED.);
#303=B_SPLINE_CURVE_WITH_KNOTS('',3,(#2492,#2493,#2494,#2495),
 .UNSPECIFIED.,.F.,.F.,(4,4),(-71.4274886779997,-71.3516306623484),
 .UNSPECIFIED.);
#304=B_SPLINE_CURVE_WITH_KNOTS('',3,(#2498,#2499,#2500,#2501),
 .UNSPECIFIED.,.F.,.F.,(4,4),(71.1267698223107,71.2751287473649),
 .UNSPECIFIED.);
#305=B_SPLINE_CURVE_WITH_KNOTS('',3,(#2511,#2512,#2513,#2514,#2515,#2516,
#2517,#2518),.UNSPECIFIED.,.F.,.F.,(4,2,2,4),(0.150358096654276,0.15508055857805,
0.3101611171561,0.38112732828228),.UNSPECIFIED.);
#306=B_SPLINE_CURVE_WITH_KNOTS('',3,(#2521,#2522,#2523,#2524,#2525,#2526),
 .UNSPECIFIED.,.F.,.F.,(4,2,4),(2.62382326591196,2.72840615421717,2.8654051998005),
 .UNSPECIFIED.);
#307=B_SPLINE_CURVE_WITH_KNOTS('',3,(#2530,#2531,#2532,#2533),
 .UNSPECIFIED.,.F.,.F.,(4,4),(13.5264551992636,13.6037919607614),
 .UNSPECIFIED.);
#308=B_SPLINE_CURVE_WITH_KNOTS('',3,(#2535,#2536,#2537,#2538),
 .UNSPECIFIED.,.F.,.F.,(4,4),(19.9920774495307,20.04795097867),
 .UNSPECIFIED.);
#309=B_SPLINE_CURVE_WITH_KNOTS('',3,(#2540,#2541,#2542,#2543,#2544,#2545),
 .UNSPECIFIED.,.F.,.F.,(4,2,4),(-13.7468499654394,-13.7345252789874,-13.6711845246135),
 .UNSPECIFIED.);
#310=B_SPLINE_CURVE_WITH_KNOTS('',3,(#2546,#2547,#2548,#2549),
 .UNSPECIFIED.,.F.,.F.,(4,4),(-11.634415343761,-11.5795689241617),
 .UNSPECIFIED.);
#311=B_SPLINE_CURVE_WITH_KNOTS('',3,(#2555,#2556,#2557,#2558,#2559,#2560,
#2561,#2562,#2563,#2564,#2565,#2566),.UNSPECIFIED.,.F.,.F.,(4,2,2,2,2,4),
(-0.882260907137104,-0.835033234962541,-0.739783608843738,-0.644531510850948,
-0.549279412858157,-0.538118587264829),.UNSPECIFIED.);
#312=B_SPLINE_CURVE_WITH_KNOTS('',3,(#2568,#2569,#2570,#2571,#2572,#2573,
#2574),.UNSPECIFIED.,.F.,.F.,(4,3,4),(1.05138654099769E-5,0.119184563890283,
0.131301518823878),.UNSPECIFIED.);
#313=B_SPLINE_CURVE_WITH_KNOTS('',3,(#2575,#2576,#2577,#2578,#2579,#2580,
#2581,#2582,#2583,#2584,#2585,#2586),.UNSPECIFIED.,.F.,.F.,(4,2,2,2,2,4),
(0.558360551275938,0.585241262687881,0.676337320504138,0.767433378320396,
0.858527569286357,0.92927598158909),.UNSPECIFIED.);
#314=B_SPLINE_CURVE_WITH_KNOTS('',3,(#2589,#2590,#2591,#2592,#2593,#2594,
#2595,#2596,#2597,#2598),.UNSPECIFIED.,.F.,.F.,(4,2,2,2,4),(0.119775027988315,
0.160982528450553,0.241434987096975,0.321887445743398,0.352562488174236),
 .UNSPECIFIED.);
#315=B_SPLINE_CURVE_WITH_KNOTS('',3,(#2600,#2601,#2602,#2603,#2604,#2605,
#2606,#2607,#2608,#2609),.UNSPECIFIED.,.F.,.F.,(4,2,2,2,4),(-0.32863165974389,
-0.29947933395556,-0.224625684760224,-0.149772035564888,-0.0973120831069175),
 .UNSPECIFIED.);
#316=B_SPLINE_CURVE_WITH_KNOTS('',3,(#2610,#2611,#2612,#2613),
 .UNSPECIFIED.,.F.,.F.,(4,4),(0.,0.0600432813541465),.UNSPECIFIED.);
#317=B_SPLINE_CURVE_WITH_KNOTS('',3,(#2616,#2617,#2618,#2619,#2620,#2621),
 .UNSPECIFIED.,.F.,.F.,(4,2,4),(0.130756572797613,0.160969877806226,0.197967154045441),
 .UNSPECIFIED.);
#318=B_SPLINE_CURVE_WITH_KNOTS('',3,(#2623,#2624,#2625,#2626,#2627,#2628),
 .UNSPECIFIED.,.F.,.F.,(4,2,4),(-0.196078045208005,-0.17135196200949,-0.147415410448188),
 .UNSPECIFIED.);
#319=B_SPLINE_CURVE_WITH_KNOTS('',3,(#2629,#2630,#2631,#2632),
 .UNSPECIFIED.,.F.,.F.,(4,4),(5.17489824603771E-6,0.0968860200781866),
 .UNSPECIFIED.);
#320=B_SPLINE_CURVE_WITH_KNOTS('',3,(#2636,#2637,#2638,#2639,#2640,#2641,
#2642,#2643,#2644,#2645),.UNSPECIFIED.,.F.,.F.,(4,2,2,2,4),(0.283668241175658,
0.295443763477878,0.344427843350481,0.393411923223085,0.447451252904991),
 .UNSPECIFIED.);
#321=B_SPLINE_CURVE_WITH_KNOTS('',3,(#2647,#2648,#2649,#2650),
 .UNSPECIFIED.,.F.,.F.,(4,4),(0.,0.0599973962585957),.UNSPECIFIED.);
#322=B_SPLINE_CURVE_WITH_KNOTS('',3,(#2652,#2653,#2654,#2655,#2656,#2657,
#2658,#2659,#2660,#2661),.UNSPECIFIED.,.F.,.F.,(4,2,2,2,4),(-0.432993022811318,
-0.400518219578511,-0.350649272682904,-0.300780325787297,-0.284951452320898),
 .UNSPECIFIED.);
#323=B_SPLINE_CURVE_WITH_KNOTS('',3,(#2665,#2666,#2667,#2668,#2669,#2670,
#2671,#2672,#2673,#2674),.UNSPECIFIED.,.F.,.F.,(4,2,2,2,4),(-0.871237518749474,
-0.870515783593276,-0.802221428918343,-0.73392707424341,-0.677640581877505),
 .UNSPECIFIED.);
#324=B_SPLINE_CURVE_WITH_KNOTS('',3,(#2676,#2677,#2678,#2679,#2680,#2681,
#2682,#2683),.UNSPECIFIED.,.F.,.F.,(4,2,2,4),(0.686351099376645,0.72763220830388,
0.79914168530046,0.864690283632965),.UNSPECIFIED.);
#325=B_SPLINE_CURVE_WITH_KNOTS('',3,(#2684,#2685,#2686,#2687),
 .UNSPECIFIED.,.F.,.F.,(4,4),(1.48413469828756E-5,0.123753728189932),
 .UNSPECIFIED.);
#326=B_SPLINE_CURVE_WITH_KNOTS('',3,(#2693,#2694,#2695,#2696,#2697,#2698,
#2699,#2700,#2701,#2702),.UNSPECIFIED.,.F.,.F.,(4,2,2,2,4),(-1.86656986418483,
-1.69502386934885,-1.12994847615188,-0.56497423807594,-0.247761121068927),
 .UNSPECIFIED.);
#327=B_SPLINE_CURVE_WITH_KNOTS('',2,(#2704,#2705,#2706),.UNSPECIFIED.,.F.,
 .F.,(3,3),(0.,0.250254788654504),.UNSPECIFIED.);
#328=B_SPLINE_CURVE_WITH_KNOTS('',3,(#2707,#2708,#2709,#2710,#2711,#2712,
#2713,#2714,#2715,#2716,#2717,#2718,#2719,#2720),.UNSPECIFIED.,.F.,.F.,
(4,2,2,2,2,2,4),(5.32865189883515,5.5938403852254,5.90460894241088,6.21537749959635,
6.52614695867713,6.8369164177579,7.01451748334728),.UNSPECIFIED.);
#329=B_SPLINE_CURVE_WITH_KNOTS('',3,(#2728,#2729,#2730,#2731,#2732,#2733,
#2734,#2735),.UNSPECIFIED.,.F.,.F.,(4,2,2,4),(-0.234373522160915,-0.192133887095028,
-0.096066943547514,-0.0341790641749528),.UNSPECIFIED.);
#330=B_SPLINE_CURVE_WITH_KNOTS('',3,(#2737,#2738,#2739,#2740,#2741,#2742,
#2743,#2744,#2745,#2746,#2747,#2748,#2749,#2750,#2751,#2752,#2753,#2754,
#2755,#2756,#2757,#2758,#2759,#2760,#2761,#2762,#2763,#2764,#2765,#2766,
#2767,#2768,#2769,#2770,#2771,#2772,#2773,#2774,#2775,#2776,#2777,#2778,
#2779,#2780,#2781,#2782,#2783,#2784,#2785,#2786,#2787,#2788,#2789,#2790,
#2791,#2792,#2793),.UNSPECIFIED.,.F.,.F.,(4,1,1,1,1,1,1,1,1,1,1,1,1,1,1,
1,1,1,1,1,1,1,1,1,1,1,1,1,1,1,1,1,1,1,1,1,1,1,1,1,1,1,1,1,1,1,1,1,1,1,1,
1,1,1,4),(1.30132707043831E-7,0.192007663283714,0.305699089591921,0.419391327784459,
0.533082376107294,0.646774454867294,0.760466988609409,0.874157270462047,
0.987849488971519,1.10154168348612,1.21523187485747,1.32892438784862,1.44261637779268,
1.55630675407442,1.66999969210356,1.78369127371739,1.89738236883848,2.01107456335309,
2.1247659647023,2.2384577649948,2.35214960637349,2.46584106774028,2.57953211606311,
2.69322480096555,2.80691622727376,2.92060784847393,3.03430045047261,3.14799262370821,
3.26168289239325,3.37537549439193,3.4890671155921,3.60275854190031,3.71645122680275,
3.83014227512558,3.94383373649237,4.05752557787106,4.1712179552929,4.28490886496879,
4.39860105948339,4.51229215460448,4.62598394123758,4.73967687926672,4.85336725554845,
4.96705924549252,5.08075196350125,5.19444215487259,5.3081343493872,5.42182607622688,
5.53551693521657,5.64920946895868,5.76290154771868,5.87659259604152,5.99028483423405,
6.10397626054226,6.29480834591932),.UNSPECIFIED.);
#331=B_SPLINE_CURVE_WITH_KNOTS('',3,(#2795,#2796,#2797,#2798,#2799,#2800,
#2801,#2802),.UNSPECIFIED.,.F.,.F.,(4,2,2,4),(-0.732518951565023,-0.670631176443497,
-0.574564232860596,-0.53085570618756),.UNSPECIFIED.);
#332=B_SPLINE_CURVE_WITH_KNOTS('',3,(#2807,#2808,#2809,#2810,#2811,#2812,
#2813,#2814,#2815,#2816,#2817,#2818,#2819,#2820,#2821,#2822,#2823,#2824,
#2825,#2826,#2827,#2828,#2829,#2830,#2831,#2832,#2833,#2834,#2835,#2836,
#2837,#2838,#2839,#2840,#2841,#2842,#2843,#2844,#2845,#2846,#2847,#2848,
#2849,#2850,#2851,#2852,#2853,#2854,#2855,#2856,#2857,#2858,#2859,#2860,
#2861,#2862,#2863,#2864,#2865,#2866,#2867,#2868,#2869),.UNSPECIFIED.,.F.,
 .F.,(4,2,2,2,2,2,2,3,2,2,2,2,2,2,2,2,2,2,2,2,2,2,2,2,2,2,2,2,2,2,4),(7.87545483974769,
8.07992652443284,8.39069365001885,8.70146077560485,9.01222756983625,9.32299436406765,
9.63376115829905,9.94452795253045,10.2552942421816,10.5660605318327,10.8768268214838,
11.1875931111349,11.4983590185563,11.8091249259778,12.1198908333992,12.4306567408207,
12.7414226122679,13.0521884837151,13.3629543551624,13.6737202266096,13.9844864294113,
14.295252632213,14.6060188350146,14.9167850378163,15.2275517451983,15.5383184525802,
15.8490851599622,16.1598518673441,16.4706189569559,16.7813860465677,16.9858581067847),
 .UNSPECIFIED.);
#333=B_SPLINE_CURVE_WITH_KNOTS('',3,(#2870,#2871,#2872,#2873,#2874,#2875,
#2876,#2877),.UNSPECIFIED.,.F.,.F.,(4,2,2,4),(-0.605375149861057,-0.512897373302677,
-0.410344128743903,-0.381322553483269),.UNSPECIFIED.);
#334=B_SPLINE_CURVE_WITH_KNOTS('',3,(#2878,#2879,#2880,#2881,#2882,#2883,
#2884,#2885,#2886,#2887),.UNSPECIFIED.,.F.,.F.,(4,2,2,2,4),(0.42164048682381,
0.451771782208446,0.508620998609829,0.565471629455528,0.5688015146226),
 .UNSPECIFIED.);
#335=B_SPLINE_CURVE_WITH_KNOTS('',3,(#2888,#2889,#2890,#2891,#2892,#2893,
#2894,#2895,#2896,#2897),.UNSPECIFIED.,.F.,.F.,(4,2,2,2,4),(0.631270309819196,
0.671789936433852,0.726191716082916,0.780593057932656,0.810903679397367),
 .UNSPECIFIED.);
#336=B_SPLINE_CURVE_WITH_KNOTS('',3,(#2898,#2899,#2900,#2901,#2902,#2903,
#2904,#2905,#2906,#2907),.UNSPECIFIED.,.F.,.F.,(4,2,2,2,4),(-0.549055934984008,
-0.494198896728879,-0.42359659140358,-0.352995961986191,-0.302067161782136),
 .UNSPECIFIED.);
#337=B_SPLINE_CURVE_WITH_KNOTS('',3,(#2909,#2910,#2911,#2912,#2913,#2914,
#2915,#2916,#2917,#2918),.UNSPECIFIED.,.F.,.F.,(4,2,2,2,4),(-0.628432426253573,
-0.604330703675223,-0.561907204903044,-0.519483794273063,-0.509050084733043),
 .UNSPECIFIED.);
#338=B_SPLINE_CURVE_WITH_KNOTS('',3,(#2919,#2920,#2921,#2922,#2923,#2924,
#2925,#2926,#2927,#2928,#2929,#2930,#2931,#2932,#2933,#2934,#2935,#2936,
#2937,#2938,#2939,#2940,#2941,#2942,#2943,#2944,#2945,#2946,#2947,#2948,
#2949,#2950,#2951,#2952,#2953,#2954,#2955,#2956,#2957,#2958,#2959,#2960,
#2961,#2962,#2963,#2964,#2965,#2966,#2967,#2968,#2969,#2970,#2971,#2972,
#2973,#2974,#2975,#2976),.UNSPECIFIED.,.F.,.F.,(4,3,3,3,3,3,3,3,3,3,3,3,
3,3,3,3,3,3,3,4),(0.,0.0201815516065704,0.0373150239707668,0.0520724246032423,
0.0655492062848535,0.0776417446896639,0.0888530656450192,0.102518635040473,
0.115886592332961,0.13042358720433,0.143990469661874,0.158843314920286,
0.172322971600562,0.173494115088251,0.186457165335669,0.187549818868364,
0.207196925038693,0.226599794846815,0.245845832056915,0.258253111946508),
 .UNSPECIFIED.);
#339=B_SPLINE_CURVE_WITH_KNOTS('',3,(#2979,#2980,#2981,#2982,#2983,#2984,
#2985,#2986),.UNSPECIFIED.,.F.,.F.,(4,2,2,4),(-0.347613538265044,-0.307085998943447,
-0.25590451555781,-0.217565172688016),.UNSPECIFIED.);
#340=B_SPLINE_CURVE_WITH_KNOTS('',3,(#2987,#2988,#2989,#2990,#2991,#2992,
#2993,#2994,#2995,#2996,#2997,#2998,#2999,#3000,#3001,#3002,#3003,#3004,
#3005,#3006,#3007,#3008,#3009,#3010,#3011,#3012,#3013,#3014,#3015,#3016,
#3017,#3018,#3019,#3020,#3021,#3022),.UNSPECIFIED.,.F.,.F.,(4,2,2,2,2,2,
2,2,2,2,2,2,2,2,2,2,2,4),(-3.26814498686273,-2.96444272205709,-2.75912912539036,
-2.55361792417519,-2.34320471816589,-2.05195984861444,-1.73011974556228,
-1.51557135498172,-1.33710093807591,-1.16647910572035,-1.00830815269317,
-0.862587598291264,-0.710815521957738,-0.562700149057886,-0.350253913376624,
-0.257995166282841,-0.0961888923696043,-0.0789306029695471),
 .UNSPECIFIED.);
#341=B_SPLINE_CURVE_WITH_KNOTS('',3,(#3024,#3025,#3026,#3027,#3028,#3029,
#3030,#3031,#3032,#3033,#3034,#3035,#3036,#3037),.UNSPECIFIED.,.F.,.F.,
(4,2,2,2,2,2,4),(-0.194709706628593,-0.146626311538774,-0.0973571951085793,
-0.0495049881989912,-0.0271516496563692,-0.0171582982624491,-3.09008626331205E-5),
 .UNSPECIFIED.);
#342=B_SPLINE_CURVE_WITH_KNOTS('',3,(#3039,#3040,#3041,#3042,#3043,#3044,
#3045,#3046,#3047,#3048),.UNSPECIFIED.,.F.,.F.,(4,2,2,2,4),(0.243903370784219,
0.260207345628442,0.280834732451432,0.301462161822252,0.310010278384927),
 .UNSPECIFIED.);
#343=B_SPLINE_CURVE_WITH_KNOTS('',3,(#3050,#3051,#3052,#3053,#3054,#3055,
#3056,#3057,#3058,#3059,#3060,#3061),.UNSPECIFIED.,.F.,.F.,(4,2,2,2,2,4),
(0.190122358713681,0.192138510048856,0.214526160832248,0.236913648861127,
0.259301136890005,0.267622911042694),.UNSPECIFIED.);
#344=B_SPLINE_CURVE_WITH_KNOTS('',3,(#3062,#3063,#3064,#3065),
 .UNSPECIFIED.,.F.,.F.,(4,4),(0.278957124309748,0.310134636810436),
 .UNSPECIFIED.);
#345=B_SPLINE_CURVE_WITH_KNOTS('',3,(#3067,#3068,#3069,#3070),
 .UNSPECIFIED.,.F.,.F.,(4,4),(-0.623680173363386,-0.576876030697826),
 .UNSPECIFIED.);
#346=B_SPLINE_CURVE_WITH_KNOTS('',3,(#3072,#3073,#3074,#3075,#3076,#3077,
#3078,#3079,#3080,#3081),.UNSPECIFIED.,.F.,.F.,(4,2,2,2,4),(-0.186128372988193,
-0.159000585886745,-0.106000729286356,-0.053000364643178,-0.0468918564623859),
 .UNSPECIFIED.);
#347=B_SPLINE_CURVE_WITH_KNOTS('',3,(#3083,#3084,#3085,#3086,#3087,#3088),
 .UNSPECIFIED.,.F.,.F.,(4,2,4),(-0.300859295010461,-0.279057017931356,-0.244539363031103),
 .UNSPECIFIED.);
#348=B_SPLINE_CURVE_WITH_KNOTS('',3,(#3089,#3090,#3091,#3092,#3093,#3094,
#3095,#3096,#3097,#3098,#3099,#3100),.UNSPECIFIED.,.F.,.F.,(4,2,2,2,2,4),
(-0.426741661649683,-0.400903253812687,-0.350790764032917,-0.300678274253147,
-0.250565371656517,-0.215603540853696),.UNSPECIFIED.);
#349=B_SPLINE_CURVE_WITH_KNOTS('',3,(#3101,#3102,#3103,#3104),
 .UNSPECIFIED.,.F.,.F.,(4,4),(16.7228774559795,16.9905871463997),
 .UNSPECIFIED.);
#350=B_SPLINE_CURVE_WITH_KNOTS('',3,(#3108,#3109,#3110,#3111,#3112,#3113,
#3114,#3115,#3116,#3117,#3118,#3119,#3120),.UNSPECIFIED.,.F.,.F.,(4,2,2,
2,3,4),(-1.86675681964763,-1.69509069379165,-1.13006053134137,-0.565030265670684,
0.,1.91900175789373E-6),.UNSPECIFIED.);
#351=B_SPLINE_CURVE_WITH_KNOTS('',3,(#3126,#3127,#3128,#3129,#3130,#3131,
#3132,#3133,#3134,#3135,#3136,#3137,#3138,#3139),.UNSPECIFIED.,.F.,.F.,
(4,2,2,2,2,2,4),(-0.735675275631379,-0.678023762300742,-0.626525424450781,
-0.57502708660082,-0.523528674612217,-0.472030262623614,-0.414381887939539),
 .UNSPECIFIED.);
#352=B_SPLINE_CURVE_WITH_KNOTS('',3,(#3144,#3145,#3146,#3147),
 .UNSPECIFIED.,.F.,.F.,(4,4),(-11.2280428695554,-11.0900569055196),
 .UNSPECIFIED.);
#353=B_SPLINE_CURVE_WITH_KNOTS('',3,(#3149,#3150,#3151,#3152,#3153,#3154,
#3155,#3156,#3157,#3158,#3159,#3160,#3161,#3162),.UNSPECIFIED.,.F.,.F.,
(4,2,2,2,2,2,4),(-0.434502994215774,-0.386416954128983,-0.349803706804656,
-0.313190459480329,-0.276577168187696,-0.239963876895062,-0.191015605760075),
 .UNSPECIFIED.);
#354=B_SPLINE_CURVE_WITH_KNOTS('',3,(#3163,#3164,#3165,#3166,#3167,#3168,
#3169,#3170,#3171,#3172,#3173,#3174,#3175,#3176,#3177,#3178,#3179,#3180),
 .UNSPECIFIED.,.F.,.F.,(4,2,2,2,2,2,2,2,4),(1.91900175789373E-6,0.565030277964077,
1.13006055592816,1.69509074805942,2.26012094019068,2.82515099864287,3.39018105709506,
3.95521101232718,4.41189081035754),.UNSPECIFIED.);
#355=B_SPLINE_CURVE_WITH_KNOTS('',3,(#3188,#3189,#3190,#3191,#3192,#3193,
#3194,#3195,#3196,#3197,#3198,#3199,#3200,#3201,#3202,#3203,#3204,#3205,
#3206,#3207,#3208,#3209,#3210,#3211,#3212,#3213,#3214,#3215,#3216,#3217),
 .UNSPECIFIED.,.F.,.F.,(4,2,2,2,2,2,2,2,2,2,2,2,2,2,4),(0.311588301780281,
0.621531628254363,0.932297442381544,1.24306325650873,1.55382929251549,1.86459532852225,
2.17536136452901,2.48612740053577,2.79689390345981,3.10766040638384,3.41842690930787,
3.7291934122319,4.03996035359589,4.35072729495988,4.66067360318361),
 .UNSPECIFIED.);
#356=B_SPLINE_CURVE_WITH_KNOTS('',3,(#3224,#3225,#3226,#3227,#3228,#3229,
#3230,#3231,#3232,#3233,#3234,#3235,#3236,#3237,#3238,#3239,#3240,#3241,
#3242,#3243,#3244,#3245,#3246,#3247,#3248,#3249,#3250,#3251,#3252,#3253,
#3254,#3255,#3256,#3257,#3258,#3259,#3260,#3261,#3262,#3263,#3264,#3265,
#3266,#3267,#3268,#3269,#3270,#3271,#3272),.UNSPECIFIED.,.F.,.F.,(4,2,2,
2,2,2,2,3,2,2,2,2,2,2,2,2,2,2,2,2,2,2,2,4),(7.90231882288823,8.07992896142965,
8.39069545994613,8.70146195846261,9.01222845697918,9.32299495549575,9.63376145401232,
9.94452795252889,10.2552944510455,10.566060949562,10.8768274480786,11.1875939465952,
11.4983604451117,11.8091269436282,12.1198934421447,12.4306599406611,12.7414264391776,
13.0521929376941,13.3629594362106,13.6737259347271,13.9844924332436,14.2952589317602,
14.6060254302768,14.763953484573),.UNSPECIFIED.);
#357=B_SPLINE_CURVE_WITH_KNOTS('',2,(#3273,#3274,#3275),.UNSPECIFIED.,.F.,
 .F.,(3,3),(1.98950856104737E-7,0.250243264609667),.UNSPECIFIED.);
#358=B_SPLINE_CURVE_WITH_KNOTS('',3,(#3276,#3277,#3278,#3279,#3280,#3281,
#3282,#3283,#3284,#3285,#3286,#3287,#3288),.UNSPECIFIED.,.F.,.F.,(4,2,3,
2,2,4),(-0.101878694405852,-0.0825785754373515,0.,0.0746257264533801,0.14925145290676,
0.151026710118638),.UNSPECIFIED.);
#359=B_SPLINE_CURVE_WITH_KNOTS('',3,(#3300,#3301,#3302,#3303,#3304,#3305,
#3306,#3307),.UNSPECIFIED.,.F.,.F.,(4,2,2,4),(-0.741320019951624,-0.734504175625908,
-0.654013685840098,-0.625897065274737),.UNSPECIFIED.);
#360=B_SPLINE_CURVE_WITH_KNOTS('',3,(#3309,#3310,#3311,#3312,#3313,#3314),
 .UNSPECIFIED.,.F.,.F.,(4,2,4),(5.31440043337152,5.47018826686103,5.51960276097094),
 .UNSPECIFIED.);
#361=B_SPLINE_CURVE_WITH_KNOTS('',3,(#3316,#3317,#3318,#3319,#3320,#3321),
 .UNSPECIFIED.,.F.,.F.,(4,2,4),(-0.573523196054288,-0.492935047071986,-0.486788124167285),
 .UNSPECIFIED.);
#362=B_SPLINE_CURVE_WITH_KNOTS('',3,(#3322,#3323,#3324,#3325),
 .UNSPECIFIED.,.F.,.F.,(4,4),(-0.625897065274737,-0.573523196054288),
 .UNSPECIFIED.);
#363=B_SPLINE_CURVE_WITH_KNOTS('',3,(#3330,#3331,#3332,#3333,#3334,#3335,
#3336,#3337,#3338,#3339,#3340,#3341,#3342,#3343,#3344),.UNSPECIFIED.,.F.,
 .F.,(4,2,2,2,3,2,4),(-0.0331320246202518,-0.0324605897112629,-0.0216403952280202,
-0.0108201976140101,0.,0.014413534519367,0.021076805780733),
 .UNSPECIFIED.);
#364=B_SPLINE_CURVE_WITH_KNOTS('',3,(#3347,#3348,#3349,#3350,#3351,#3352,
#3353,#3354,#3355,#3356),.UNSPECIFIED.,.F.,.F.,(4,2,2,2,4),(-0.165841051626392,
-0.156565573670577,-0.141384554226008,-0.12620354199758,-0.111257493242314),
 .UNSPECIFIED.);
#365=B_SPLINE_CURVE_WITH_KNOTS('',3,(#3361,#3362,#3363,#3364,#3365,#3366,
#3367,#3368,#3369,#3370,#3371,#3372),.UNSPECIFIED.,.F.,.F.,(4,2,2,2,2,4),
(-0.115514281890638,-0.11075624114777,-0.0969116987014574,-0.0830671562551453,
-0.0692226242747363,-0.0579959777067616),.UNSPECIFIED.);
#366=B_SPLINE_CURVE_WITH_KNOTS('',3,(#3373,#3374,#3375,#3376,#3377,#3378,
#3379,#3380,#3381,#3382,#3383,#3384,#3385,#3386),.UNSPECIFIED.,.F.,.F.,
(4,2,2,2,2,2,4),(-0.0831094575507946,-0.0731709636484367,-0.0627179749672243,
-0.0522649820239269,-0.0418119890806294,-0.0313589937791796,-0.026163392962599),
 .UNSPECIFIED.);
#367=B_SPLINE_CURVE_WITH_KNOTS('',3,(#3388,#3389,#3390,#3391,#3392,#3393),
 .UNSPECIFIED.,.F.,.F.,(4,2,4),(-0.535440395361618,-0.4984919598809,-0.482796171741838),
 .UNSPECIFIED.);
#368=B_SPLINE_CURVE_WITH_KNOTS('',3,(#3394,#3395,#3396,#3397,#3398,#3399),
 .UNSPECIFIED.,.F.,.F.,(4,2,4),(0.482328563778915,0.504179794194864,0.534742149099356),
 .UNSPECIFIED.);
#369=B_SPLINE_CURVE_WITH_KNOTS('',3,(#3402,#3403,#3404,#3405,#3406,#3407,
#3408,#3409,#3410,#3411),.UNSPECIFIED.,.F.,.F.,(4,2,2,2,4),(0.0345109171487904,
0.0453893488280701,0.0907786976561402,0.136167973835711,0.156312608869095),
 .UNSPECIFIED.);
#370=B_SPLINE_CURVE_WITH_KNOTS('',3,(#3412,#3413,#3414,#3415),
 .UNSPECIFIED.,.F.,.F.,(4,4),(2.06415403562493E-5,0.0603827325465322),
 .UNSPECIFIED.);
#371=B_SPLINE_CURVE_WITH_KNOTS('',3,(#3419,#3420,#3421,#3422),
 .UNSPECIFIED.,.F.,.F.,(4,4),(0.,0.0600774837672703),.UNSPECIFIED.);
#372=B_SPLINE_CURVE_WITH_KNOTS('',3,(#3424,#3425,#3426,#3427,#3428,#3429,
#3430,#3431,#3432,#3433,#3434,#3435,#3436),.UNSPECIFIED.,.F.,.F.,(4,2,2,
2,3,4),(0.23954714944222,0.252833630115364,0.277042883505786,0.301252056220412,
0.325461228935039,0.34072851954734),.UNSPECIFIED.);
#373=B_SPLINE_CURVE_WITH_KNOTS('',3,(#3438,#3439,#3440,#3441),
 .UNSPECIFIED.,.F.,.F.,(4,4),(0.,0.0600627552090246),.UNSPECIFIED.);
#374=B_SPLINE_CURVE_WITH_KNOTS('',3,(#3442,#3443,#3444,#3445,#3446,#3447,
#3448,#3449,#3450,#3451,#3452,#3453,#3454,#3455),.UNSPECIFIED.,.F.,.F.,
(4,2,2,2,2,2,4),(-0.216602480961438,-0.216382372208648,-0.195074473279581,
-0.173766853934883,-0.152459234590185,-0.133402259496169,-0.116253404201507),
 .UNSPECIFIED.);
#375=B_SPLINE_CURVE_WITH_KNOTS('',3,(#3459,#3460,#3461,#3462,#3463,#3464,
#3465,#3466,#3467,#3468,#3469,#3470,#3471,#3472),.UNSPECIFIED.,.F.,.F.,
(4,2,2,2,2,2,4),(-0.208617203230939,-0.201501772629884,-0.183035476987176,
-0.164569181344469,-0.143998653561265,-0.123428125778061,-0.107291148407923),
 .UNSPECIFIED.);
#376=B_SPLINE_CURVE_WITH_KNOTS('',3,(#3474,#3475,#3476,#3477),
 .UNSPECIFIED.,.F.,.F.,(4,4),(0.,0.0601514201433871),.UNSPECIFIED.);
#377=B_SPLINE_CURVE_WITH_KNOTS('',3,(#3479,#3480,#3481,#3482,#3483,#3484,
#3485,#3486,#3487,#3488,#3489,#3490,#3491,#3492,#3493),.UNSPECIFIED.,.F.,
 .F.,(4,3,2,2,2,2,4),(0.309630848926715,0.314968373217534,0.338037762471511,
0.361107151725487,0.384176568126319,0.40724598452715,0.412023817089307),
 .UNSPECIFIED.);
#378=B_SPLINE_CURVE_WITH_KNOTS('',3,(#3494,#3495,#3496,#3497),
 .UNSPECIFIED.,.F.,.F.,(4,4),(0.,0.0600831335466797),.UNSPECIFIED.);
#379=B_SPLINE_CURVE_WITH_KNOTS('',3,(#3501,#3502,#3503,#3504,#3505,#3506,
#3507,#3508,#3509,#3510),.UNSPECIFIED.,.F.,.F.,(4,2,2,2,4),(0.233607400406706,
0.250297574967834,0.292012265824204,0.333726956680573,0.363456045216424),
 .UNSPECIFIED.);
#380=B_SPLINE_CURVE_WITH_KNOTS('',3,(#3511,#3512,#3513,#3514),
 .UNSPECIFIED.,.F.,.F.,(4,4),(0.000260908612266013,0.0600321707432516),
 .UNSPECIFIED.);
#381=B_SPLINE_CURVE_WITH_KNOTS('',3,(#3515,#3516,#3517,#3518),
 .UNSPECIFIED.,.F.,.F.,(4,4),(4.18425284923865E-7,0.0600145553371514),
 .UNSPECIFIED.);
#382=B_SPLINE_CURVE_WITH_KNOTS('',3,(#3522,#3523,#3524,#3525,#3526,#3527),
 .UNSPECIFIED.,.F.,.F.,(4,2,4),(-0.224087162726633,-0.218218794722327,-0.191427462568382),
 .UNSPECIFIED.);
#383=B_SPLINE_CURVE_WITH_KNOTS('',3,(#3531,#3532,#3533,#3534,#3535,#3536,
#3537,#3538,#3539,#3540,#3541,#3542),.UNSPECIFIED.,.F.,.F.,(4,2,2,2,2,4),
(-0.102473564896531,-0.0889376582282432,-0.0679206413410547,-0.0448379186576641,
-0.022220255986287,-0.021855945924483),.UNSPECIFIED.);
#384=B_SPLINE_CURVE_WITH_KNOTS('',3,(#3545,#3546,#3547,#3548),
 .UNSPECIFIED.,.F.,.F.,(4,4),(1.30429220085247E-6,0.0600323939932551),
 .UNSPECIFIED.);
#385=B_SPLINE_CURVE_WITH_KNOTS('',3,(#3549,#3550,#3551,#3552,#3553,#3554,
#3555,#3556,#3557,#3558,#3559,#3560,#3561),.UNSPECIFIED.,.F.,.F.,(4,2,3,
2,2,4),(-0.024866674262673,-0.0205311918882841,0.,0.0167058652593006,0.0364615727500002,
0.0442765145325514),.UNSPECIFIED.);
#386=B_SPLINE_CURVE_WITH_KNOTS('',3,(#3565,#3566,#3567,#3568,#3569,#3570,
#3571,#3572,#3573,#3574,#3575,#3576,#3577,#3578),.UNSPECIFIED.,.F.,.F.,
(4,2,2,2,2,2,4),(0.280222515004472,0.288152219070814,0.331204588967838,
0.375055032192612,0.422652767947752,0.472730152867139,0.500178065262037),
 .UNSPECIFIED.);
#387=B_SPLINE_CURVE_WITH_KNOTS('',3,(#3581,#3582,#3583,#3584,#3585,#3586),
 .UNSPECIFIED.,.F.,.F.,(4,2,4),(1.2100791342104,1.22130276248566,1.25912503582709),
 .UNSPECIFIED.);
#388=B_SPLINE_CURVE_WITH_KNOTS('',3,(#3590,#3591,#3592,#3593,#3594,#3595,
#3596,#3597,#3598,#3599),.UNSPECIFIED.,.F.,.F.,(4,2,2,2,4),(0.593899202333377,
0.60309554748232,0.655647193550513,0.704000947126261,0.739261284225339),
 .UNSPECIFIED.);
#389=B_SPLINE_CURVE_WITH_KNOTS('',3,(#3600,#3601,#3602,#3603),
 .UNSPECIFIED.,.F.,.F.,(4,4),(2.13053656896581E-7,0.0600017712465182),
 .UNSPECIFIED.);
#390=B_SPLINE_CURVE_WITH_KNOTS('',3,(#3605,#3606,#3607,#3608,#3609,#3610),
 .UNSPECIFIED.,.F.,.F.,(4,2,4),(0.643103296259133,0.645394367839407,0.700649954445324),
 .UNSPECIFIED.);
#391=B_SPLINE_CURVE_WITH_KNOTS('',3,(#3612,#3613,#3614,#3615,#3616,#3617,
#3618,#3619),.UNSPECIFIED.,.F.,.F.,(4,2,2,4),(-0.623760208307591,-0.537818460688555,
-0.430284040704451,-0.372897976701144),.UNSPECIFIED.);
#392=B_SPLINE_CURVE_WITH_KNOTS('',3,(#3621,#3622,#3623,#3624,#3625,#3626,
#3627,#3628,#3629,#3630,#3631,#3632),.UNSPECIFIED.,.F.,.F.,(4,2,2,2,2,4),
(-0.532087843269831,-0.531333362039151,-0.464914854245274,-0.398496346451397,
-0.332079597479243,-0.2856196090177),.UNSPECIFIED.);
#393=B_SPLINE_CURVE_WITH_KNOTS('',3,(#3634,#3635,#3636,#3637,#3638,#3639,
#3640,#3641,#3642,#3643),.UNSPECIFIED.,.F.,.F.,(4,2,2,2,4),(0.657810953542517,
0.682030964250466,0.734177410946162,0.786323392933742,0.817756183848631),
 .UNSPECIFIED.);
#394=B_SPLINE_CURVE_WITH_KNOTS('',3,(#3645,#3646,#3647,#3648,#3649,#3650,
#3651,#3652,#3653,#3654),.UNSPECIFIED.,.F.,.F.,(4,2,2,2,4),(0.430238633820717,
0.439764982999808,0.49854708277883,0.557330656808904,0.576269346025337),
 .UNSPECIFIED.);
#395=B_SPLINE_CURVE_WITH_KNOTS('',3,(#3661,#3662,#3663,#3664,#3665,#3666,
#3667,#3668,#3669,#3670,#3671,#3672,#3673,#3674,#3675,#3676,#3677,#3678,
#3679,#3680,#3681,#3682,#3683,#3684,#3685,#3686),.UNSPECIFIED.,.F.,.F.,
(4,2,2,2,2,2,2,2,2,2,2,2,4),(0.266527005535167,0.332808584475935,0.399090163416702,
0.466072056467987,0.533053949519272,0.600035824364658,0.667017699210044,
0.733299269057402,0.799580838904759,0.865862429731254,0.932144020557748,
0.999125904534927,1.0661077885121),.UNSPECIFIED.);
#396=B_SPLINE_CURVE_WITH_KNOTS('',3,(#3687,#3688,#3689,#3690,#3691,#3692,
#3693,#3694,#3695,#3696),.UNSPECIFIED.,.F.,.F.,(4,2,2,2,4),(1.06610779212375,
1.13308964011837,1.20007148811298,1.26635302072227,1.33263455333155),
 .UNSPECIFIED.);
#397=B_SPLINE_CURVE_WITH_KNOTS('',3,(#3701,#3702,#3703,#3704,#3705,#3706,
#3707,#3708,#3709,#3710,#3711,#3712,#3713,#3714),.UNSPECIFIED.,.F.,.F.,
(4,2,2,2,2,2,4),(-0.956226707749748,-0.897197436002441,-0.833112010638418,
-0.769026585274395,-0.704941159407758,-0.640855733541122,-0.583591022437142),
 .UNSPECIFIED.);
#398=B_SPLINE_CURVE_WITH_KNOTS('',3,(#3731,#3732,#3733,#3734,#3735,#3736,
#3737,#3738,#3739,#3740,#3741,#3742),.UNSPECIFIED.,.F.,.F.,(4,2,2,2,2,4),
(0.243610460347692,0.262554896806773,0.281499333265854,0.292315467852508,
0.297723535145834,0.301438833782805),.UNSPECIFIED.);
#399=B_SPLINE_CURVE_WITH_KNOTS('',3,(#3750,#3751,#3752,#3753,#3754,#3755,
#3756,#3757,#3758,#3759,#3760,#3761,#3762,#3763,#3764,#3765,#3766,#3767,
#3768),.UNSPECIFIED.,.F.,.F.,(4,1,1,1,1,1,1,1,1,1,1,1,1,1,1,1,4),(1.34862364896247E-5,
0.00517788081706736,0.00627059392386634,0.0124454130855498,0.0174932698894044,
0.0185735404459206,0.024009591880489,0.0281713379815544,0.0302251211794728,
0.0336304731664163,0.0357579365346963,0.03789837031746,0.0410844763190945,
0.0424535813448213,0.0433310487862062,0.0462550764493209,0.0513194465537623),
 .UNSPECIFIED.);
#400=B_SPLINE_CURVE_WITH_KNOTS('',3,(#3771,#3772,#3773,#3774,#3775,#3776,
#3777,#3778,#3779,#3780,#3781,#3782),.UNSPECIFIED.,.F.,.F.,(4,2,2,2,2,4),
(0.0642168265077701,0.0679350377659671,0.0733435036988326,0.0841604355645635,
0.10311054676974,0.122060657974916),.UNSPECIFIED.);
#401=B_SPLINE_CURVE_WITH_KNOTS('',3,(#3849,#3850,#3851,#3852,#3853,#3854,
#3855,#3856,#3857,#3858,#3859,#3860),.UNSPECIFIED.,.F.,.F.,(4,2,2,2,2,4),
(-0.292757651828995,-0.214337944580037,-0.128454048982845,-0.061511620833809,
-0.0309965500581038,-3.01380043143951E-9),.UNSPECIFIED.);
#402=B_SPLINE_CURVE_WITH_KNOTS('',3,(#3861,#3862,#3863,#3864,#3865,#3866,
#3867,#3868,#3869,#3870,#3871,#3872,#3873,#3874),.UNSPECIFIED.,.F.,.F.,
(4,2,2,2,2,2,4),(-0.165718475340147,-0.15283378705455,-0.140098533015064,
-0.114900731272401,-0.068681921414642,-0.0344111595981626,0.),
 .UNSPECIFIED.);
#403=B_SPLINE_CURVE_WITH_KNOTS('',3,(#3876,#3877,#3878,#3879,#3880,#3881,
#3882,#3883,#3884,#3885,#3886,#3887),.UNSPECIFIED.,.F.,.F.,(4,2,2,2,2,4),
(1.8579330717008E-9,0.0850122125188632,0.125681610148027,0.166936611853987,
0.207156782789465,0.258171169792756),.UNSPECIFIED.);
#404=B_SPLINE_CURVE_WITH_KNOTS('',3,(#3889,#3890,#3891,#3892,#3893,#3894,
#3895,#3896,#3897,#3898,#3899,#3900,#3901,#3902,#3903,#3904,#3905,#3906,
#3907,#3908,#3909,#3910,#3911,#3912,#3913,#3914,#3915,#3916,#3917,#3918,
#3919,#3920),.UNSPECIFIED.,.F.,.F.,(4,2,2,2,2,2,2,2,2,2,2,2,2,2,2,4),(-0.620323573619415,
-0.573267015334008,-0.536876131397956,-0.5078493594393,-0.485124571046178,
-0.463107556422911,-0.439915883791735,-0.414692091548933,-0.390487269653256,
-0.364006920000537,-0.331125339227799,-0.291889159058915,-0.266575777988089,
-0.243210128588515,-0.217703463643008,-0.164598933931493),.UNSPECIFIED.);
#405=B_SPLINE_CURVE_WITH_KNOTS('',3,(#3921,#3922,#3923,#3924,#3925,#3926,
#3927,#3928,#3929,#3930,#3931,#3932),.UNSPECIFIED.,.F.,.F.,(4,2,2,2,2,4),
(7.950754611862E-9,0.0316757970903137,0.0627567055994161,0.131457059668732,
0.231734000657808,0.332331032546242),.UNSPECIFIED.);
#406=B_SPLINE_CURVE_WITH_KNOTS('',3,(#3933,#3934,#3935,#3936,#3937,#3938,
#3939,#3940,#3941,#3942,#3943,#3944,#3945,#3946),.UNSPECIFIED.,.F.,.F.,
(4,2,2,2,2,2,4),(0.,0.0322421590026869,0.0640109073080136,0.105931378924248,
0.127771144322659,0.137832693775053,0.14792601328759),.UNSPECIFIED.);
#407=B_SPLINE_CURVE_WITH_KNOTS('',3,(#3956,#3957,#3958,#3959),
 .UNSPECIFIED.,.F.,.F.,(4,4),(21.781680005296,22.1939179460463),
 .UNSPECIFIED.);
#408=B_SPLINE_CURVE_WITH_KNOTS('',3,(#3961,#3962,#3963,#3964,#3965,#3966,
#3967,#3968),.UNSPECIFIED.,.F.,.F.,(4,2,2,4),(6.62123265144617E-5,0.025468552915272,
0.0430219703201001,0.0816601168158797),.UNSPECIFIED.);
#409=B_SPLINE_CURVE_WITH_KNOTS('',3,(#3969,#3970,#3971,#3972,#3973,#3974),
 .UNSPECIFIED.,.F.,.F.,(4,2,4),(3.98413571977424E-6,0.0296944085618984,
0.0621762169149269),.UNSPECIFIED.);
#410=FACE_OUTER_BOUND('',#508,.T.);
#411=FACE_OUTER_BOUND('',#509,.T.);
#412=FACE_OUTER_BOUND('',#510,.T.);
#413=FACE_OUTER_BOUND('',#511,.T.);
#414=FACE_OUTER_BOUND('',#512,.T.);
#415=FACE_OUTER_BOUND('',#513,.T.);
#416=FACE_OUTER_BOUND('',#514,.T.);
#417=FACE_OUTER_BOUND('',#515,.T.);
#418=FACE_OUTER_BOUND('',#516,.T.);
#419=FACE_OUTER_BOUND('',#517,.T.);
#420=FACE_OUTER_BOUND('',#518,.T.);
#421=FACE_OUTER_BOUND('',#519,.T.);
#422=FACE_OUTER_BOUND('',#520,.T.);
#423=FACE_OUTER_BOUND('',#521,.T.);
#424=FACE_OUTER_BOUND('',#522,.T.);
#425=FACE_OUTER_BOUND('',#523,.T.);
#426=FACE_OUTER_BOUND('',#524,.T.);
#427=FACE_OUTER_BOUND('',#525,.T.);
#428=FACE_OUTER_BOUND('',#526,.T.);
#429=FACE_OUTER_BOUND('',#527,.T.);
#430=FACE_OUTER_BOUND('',#528,.T.);
#431=FACE_OUTER_BOUND('',#529,.T.);
#432=FACE_OUTER_BOUND('',#530,.T.);
#433=FACE_OUTER_BOUND('',#531,.T.);
#434=FACE_OUTER_BOUND('',#532,.T.);
#435=FACE_OUTER_BOUND('',#533,.T.);
#436=FACE_OUTER_BOUND('',#534,.T.);
#437=FACE_OUTER_BOUND('',#535,.T.);
#438=FACE_OUTER_BOUND('',#536,.T.);
#439=FACE_OUTER_BOUND('',#537,.T.);
#440=FACE_OUTER_BOUND('',#538,.T.);
#441=FACE_OUTER_BOUND('',#539,.T.);
#442=FACE_OUTER_BOUND('',#546,.T.);
#443=FACE_OUTER_BOUND('',#547,.T.);
#444=FACE_OUTER_BOUND('',#548,.T.);
#445=FACE_OUTER_BOUND('',#549,.T.);
#446=FACE_OUTER_BOUND('',#550,.T.);
#447=FACE_OUTER_BOUND('',#551,.T.);
#448=FACE_OUTER_BOUND('',#552,.T.);
#449=FACE_OUTER_BOUND('',#553,.T.);
#450=FACE_OUTER_BOUND('',#554,.T.);
#451=FACE_OUTER_BOUND('',#555,.T.);
#452=FACE_OUTER_BOUND('',#556,.T.);
#453=FACE_OUTER_BOUND('',#557,.T.);
#454=FACE_OUTER_BOUND('',#558,.T.);
#455=FACE_OUTER_BOUND('',#559,.T.);
#456=FACE_OUTER_BOUND('',#560,.T.);
#457=FACE_OUTER_BOUND('',#561,.T.);
#458=FACE_OUTER_BOUND('',#562,.T.);
#459=FACE_OUTER_BOUND('',#563,.T.);
#460=FACE_OUTER_BOUND('',#564,.T.);
#461=FACE_OUTER_BOUND('',#565,.T.);
#462=FACE_OUTER_BOUND('',#566,.T.);
#463=FACE_OUTER_BOUND('',#567,.T.);
#464=FACE_OUTER_BOUND('',#568,.T.);
#465=FACE_OUTER_BOUND('',#569,.T.);
#466=FACE_OUTER_BOUND('',#570,.T.);
#467=FACE_OUTER_BOUND('',#571,.T.);
#468=FACE_OUTER_BOUND('',#572,.T.);
#469=FACE_OUTER_BOUND('',#573,.T.);
#470=FACE_OUTER_BOUND('',#574,.T.);
#471=FACE_OUTER_BOUND('',#575,.T.);
#472=FACE_OUTER_BOUND('',#576,.T.);
#473=FACE_OUTER_BOUND('',#578,.T.);
#474=FACE_OUTER_BOUND('',#579,.T.);
#475=FACE_OUTER_BOUND('',#580,.T.);
#476=FACE_OUTER_BOUND('',#581,.T.);
#477=FACE_OUTER_BOUND('',#582,.T.);
#478=FACE_OUTER_BOUND('',#583,.T.);
#479=FACE_OUTER_BOUND('',#584,.T.);
#480=FACE_OUTER_BOUND('',#585,.T.);
#481=FACE_OUTER_BOUND('',#586,.T.);
#482=FACE_OUTER_BOUND('',#588,.T.);
#483=FACE_OUTER_BOUND('',#590,.T.);
#484=FACE_OUTER_BOUND('',#591,.T.);
#485=FACE_OUTER_BOUND('',#592,.T.);
#486=FACE_OUTER_BOUND('',#594,.T.);
#487=FACE_OUTER_BOUND('',#596,.T.);
#488=FACE_OUTER_BOUND('',#597,.T.);
#489=FACE_OUTER_BOUND('',#598,.T.);
#490=FACE_OUTER_BOUND('',#599,.T.);
#491=FACE_OUTER_BOUND('',#600,.T.);
#492=FACE_OUTER_BOUND('',#601,.T.);
#493=FACE_OUTER_BOUND('',#603,.T.);
#494=FACE_OUTER_BOUND('',#604,.T.);
#495=FACE_OUTER_BOUND('',#606,.T.);
#496=FACE_OUTER_BOUND('',#607,.T.);
#497=FACE_OUTER_BOUND('',#608,.T.);
#498=FACE_OUTER_BOUND('',#609,.T.);
#499=FACE_OUTER_BOUND('',#610,.T.);
#500=FACE_OUTER_BOUND('',#611,.T.);
#501=FACE_OUTER_BOUND('',#612,.T.);
#502=FACE_OUTER_BOUND('',#616,.T.);
#503=FACE_OUTER_BOUND('',#619,.T.);
#504=FACE_OUTER_BOUND('',#620,.T.);
#505=FACE_OUTER_BOUND('',#621,.T.);
#506=FACE_OUTER_BOUND('',#622,.T.);
#507=FACE_OUTER_BOUND('',#623,.T.);
#508=EDGE_LOOP('',(#1101,#1102,#1103,#1104));
#509=EDGE_LOOP('',(#1105,#1106,#1107,#1108));
#510=EDGE_LOOP('',(#1109,#1110,#1111,#1112));
#511=EDGE_LOOP('',(#1113,#1114,#1115,#1116));
#512=EDGE_LOOP('',(#1117,#1118,#1119,#1120));
#513=EDGE_LOOP('',(#1121,#1122,#1123,#1124));
#514=EDGE_LOOP('',(#1125,#1126,#1127,#1128));
#515=EDGE_LOOP('',(#1129,#1130,#1131,#1132));
#516=EDGE_LOOP('',(#1133,#1134,#1135,#1136));
#517=EDGE_LOOP('',(#1137,#1138,#1139,#1140));
#518=EDGE_LOOP('',(#1141,#1142,#1143,#1144));
#519=EDGE_LOOP('',(#1145,#1146,#1147,#1148));
#520=EDGE_LOOP('',(#1149,#1150,#1151,#1152));
#521=EDGE_LOOP('',(#1153,#1154,#1155,#1156));
#522=EDGE_LOOP('',(#1157,#1158,#1159,#1160));
#523=EDGE_LOOP('',(#1161,#1162,#1163,#1164,#1165,#1166));
#524=EDGE_LOOP('',(#1167,#1168,#1169,#1170));
#525=EDGE_LOOP('',(#1171,#1172,#1173,#1174));
#526=EDGE_LOOP('',(#1175,#1176,#1177,#1178));
#527=EDGE_LOOP('',(#1179,#1180,#1181,#1182));
#528=EDGE_LOOP('',(#1183,#1184,#1185,#1186));
#529=EDGE_LOOP('',(#1187,#1188,#1189,#1190));
#530=EDGE_LOOP('',(#1191,#1192,#1193,#1194));
#531=EDGE_LOOP('',(#1195,#1196,#1197,#1198));
#532=EDGE_LOOP('',(#1199,#1200,#1201,#1202));
#533=EDGE_LOOP('',(#1203,#1204,#1205,#1206));
#534=EDGE_LOOP('',(#1207,#1208,#1209,#1210));
#535=EDGE_LOOP('',(#1211,#1212,#1213,#1214));
#536=EDGE_LOOP('',(#1215,#1216,#1217,#1218));
#537=EDGE_LOOP('',(#1219,#1220,#1221,#1222));
#538=EDGE_LOOP('',(#1223,#1224,#1225,#1226));
#539=EDGE_LOOP('',(#1227,#1228,#1229,#1230,#1231,#1232));
#540=EDGE_LOOP('',(#1233,#1234,#1235,#1236,#1237,#1238,#1239,#1240,#1241,
#1242,#1243));
#541=EDGE_LOOP('',(#1244,#1245,#1246,#1247,#1248,#1249));
#542=EDGE_LOOP('',(#1250,#1251,#1252,#1253,#1254,#1255));
#543=EDGE_LOOP('',(#1256,#1257,#1258,#1259));
#544=EDGE_LOOP('',(#1260,#1261));
#545=EDGE_LOOP('',(#1262,#1263,#1264,#1265,#1266,#1267,#1268,#1269,#1270,
#1271,#1272,#1273,#1274,#1275));
#546=EDGE_LOOP('',(#1276,#1277,#1278,#1279,#1280,#1281,#1282,#1283,#1284,
#1285,#1286,#1287,#1288,#1289,#1290,#1291,#1292));
#547=EDGE_LOOP('',(#1293,#1294,#1295,#1296,#1297));
#548=EDGE_LOOP('',(#1298,#1299,#1300,#1301));
#549=EDGE_LOOP('',(#1302,#1303,#1304,#1305,#1306,#1307,#1308,#1309));
#550=EDGE_LOOP('',(#1310,#1311,#1312,#1313));
#551=EDGE_LOOP('',(#1314,#1315,#1316,#1317));
#552=EDGE_LOOP('',(#1318,#1319,#1320,#1321));
#553=EDGE_LOOP('',(#1322,#1323,#1324,#1325));
#554=EDGE_LOOP('',(#1326,#1327,#1328,#1329));
#555=EDGE_LOOP('',(#1330,#1331,#1332,#1333));
#556=EDGE_LOOP('',(#1334,#1335,#1336,#1337));
#557=EDGE_LOOP('',(#1338,#1339,#1340,#1341));
#558=EDGE_LOOP('',(#1342,#1343,#1344,#1345));
#559=EDGE_LOOP('',(#1346,#1347,#1348,#1349));
#560=EDGE_LOOP('',(#1350,#1351,#1352,#1353));
#561=EDGE_LOOP('',(#1354,#1355,#1356,#1357));
#562=EDGE_LOOP('',(#1358,#1359,#1360,#1361));
#563=EDGE_LOOP('',(#1362,#1363,#1364,#1365));
#564=EDGE_LOOP('',(#1366,#1367,#1368,#1369));
#565=EDGE_LOOP('',(#1370,#1371,#1372,#1373));
#566=EDGE_LOOP('',(#1374,#1375,#1376,#1377));
#567=EDGE_LOOP('',(#1378,#1379,#1380,#1381));
#568=EDGE_LOOP('',(#1382,#1383,#1384,#1385,#1386));
#569=EDGE_LOOP('',(#1387,#1388,#1389,#1390,#1391,#1392,#1393,#1394,#1395));
#570=EDGE_LOOP('',(#1396,#1397,#1398,#1399));
#571=EDGE_LOOP('',(#1400,#1401,#1402,#1403));
#572=EDGE_LOOP('',(#1404,#1405,#1406,#1407));
#573=EDGE_LOOP('',(#1408,#1409,#1410,#1411));
#574=EDGE_LOOP('',(#1412,#1413,#1414,#1415));
#575=EDGE_LOOP('',(#1416,#1417,#1418,#1419));
#576=EDGE_LOOP('',(#1420,#1421,#1422,#1423));
#577=EDGE_LOOP('',(#1424,#1425));
#578=EDGE_LOOP('',(#1426,#1427,#1428,#1429,#1430,#1431));
#579=EDGE_LOOP('',(#1432,#1433,#1434,#1435,#1436,#1437));
#580=EDGE_LOOP('',(#1438,#1439,#1440,#1441,#1442,#1443,#1444,#1445,#1446));
#581=EDGE_LOOP('',(#1447,#1448,#1449,#1450));
#582=EDGE_LOOP('',(#1451,#1452,#1453,#1454));
#583=EDGE_LOOP('',(#1455,#1456,#1457,#1458));
#584=EDGE_LOOP('',(#1459,#1460,#1461,#1462));
#585=EDGE_LOOP('',(#1463,#1464,#1465,#1466));
#586=EDGE_LOOP('',(#1467,#1468,#1469,#1470));
#587=EDGE_LOOP('',(#1471));
#588=EDGE_LOOP('',(#1472,#1473,#1474,#1475));
#589=EDGE_LOOP('',(#1476));
#590=EDGE_LOOP('',(#1477,#1478,#1479,#1480,#1481));
#591=EDGE_LOOP('',(#1482,#1483,#1484,#1485));
#592=EDGE_LOOP('',(#1486,#1487,#1488,#1489,#1490,#1491));
#593=EDGE_LOOP('',(#1492,#1493,#1494,#1495,#1496));
#594=EDGE_LOOP('',(#1497,#1498));
#595=EDGE_LOOP('',(#1499,#1500,#1501,#1502));
#596=EDGE_LOOP('',(#1503,#1504,#1505,#1506,#1507,#1508,#1509,#1510,#1511,
#1512,#1513,#1514,#1515,#1516,#1517));
#597=EDGE_LOOP('',(#1518,#1519,#1520,#1521));
#598=EDGE_LOOP('',(#1522,#1523,#1524,#1525,#1526,#1527,#1528,#1529,#1530,
#1531,#1532));
#599=EDGE_LOOP('',(#1533,#1534,#1535,#1536));
#600=EDGE_LOOP('',(#1537,#1538,#1539,#1540));
#601=EDGE_LOOP('',(#1541,#1542,#1543,#1544));
#602=EDGE_LOOP('',(#1545));
#603=EDGE_LOOP('',(#1546,#1547,#1548,#1549));
#604=EDGE_LOOP('',(#1550,#1551,#1552,#1553));
#605=EDGE_LOOP('',(#1554));
#606=EDGE_LOOP('',(#1555,#1556,#1557,#1558,#1559,#1560,#1561));
#607=EDGE_LOOP('',(#1562,#1563,#1564,#1565,#1566));
#608=EDGE_LOOP('',(#1567,#1568,#1569,#1570,#1571));
#609=EDGE_LOOP('',(#1572,#1573,#1574,#1575,#1576,#1577,#1578,#1579,#1580));
#610=EDGE_LOOP('',(#1581,#1582,#1583,#1584,#1585,#1586));
#611=EDGE_LOOP('',(#1587,#1588,#1589,#1590,#1591,#1592));
#612=EDGE_LOOP('',(#1593,#1594));
#613=EDGE_LOOP('',(#1595,#1596,#1597,#1598));
#614=EDGE_LOOP('',(#1599,#1600,#1601,#1602));
#615=EDGE_LOOP('',(#1603));
#616=EDGE_LOOP('',(#1604,#1605,#1606,#1607,#1608,#1609));
#617=EDGE_LOOP('',(#1610));
#618=EDGE_LOOP('',(#1611));
#619=EDGE_LOOP('',(#1612,#1613,#1614,#1615,#1616));
#620=EDGE_LOOP('',(#1617,#1618,#1619,#1620));
#621=EDGE_LOOP('',(#1621,#1622,#1623,#1624));
#622=EDGE_LOOP('',(#1625,#1626,#1627,#1628));
#623=EDGE_LOOP('',(#1629,#1630,#1631,#1632));
#624=(
BOUNDED_CURVE()
B_SPLINE_CURVE(2,(#2226,#2227,#2228),.UNSPECIFIED.,.F.,.F.)
B_SPLINE_CURVE_WITH_KNOTS((3,3),(-11.1289098850251,-11.0690756418831),
 .UNSPECIFIED.)
CURVE()
GEOMETRIC_REPRESENTATION_ITEM()
RATIONAL_B_SPLINE_CURVE((0.997494985799767,0.997494929349241,0.997494945916723))
REPRESENTATION_ITEM('')
);
#625=(
BOUNDED_CURVE()
B_SPLINE_CURVE(2,(#2230,#2231,#2232),.UNSPECIFIED.,.F.,.F.)
B_SPLINE_CURVE_WITH_KNOTS((3,3),(-0.460873375925004,-0.39483606459217),
 .UNSPECIFIED.)
CURVE()
GEOMETRIC_REPRESENTATION_ITEM()
RATIONAL_B_SPLINE_CURVE((27.9097198750439,26.0115196428288,24.1048051054932))
REPRESENTATION_ITEM('')
);
#626=(
BOUNDED_CURVE()
B_SPLINE_CURVE(2,(#2234,#2235,#2236),.UNSPECIFIED.,.F.,.F.)
B_SPLINE_CURVE_WITH_KNOTS((3,3),(-11.1166769951253,-11.0566799658215),
 .UNSPECIFIED.)
CURVE()
GEOMETRIC_REPRESENTATION_ITEM()
RATIONAL_B_SPLINE_CURVE((0.999647430263246,0.999647425381328,0.99964743082173))
REPRESENTATION_ITEM('')
);
#627=(
BOUNDED_CURVE()
B_SPLINE_CURVE(2,(#2237,#2238,#2239,#2240),.UNSPECIFIED.,.F.,.F.)
B_SPLINE_CURVE_WITH_KNOTS((3,1,3),(-13.2023095793885,-10.5027837496346,
-6.08016980481568),.UNSPECIFIED.)
CURVE()
GEOMETRIC_REPRESENTATION_ITEM()
RATIONAL_B_SPLINE_CURVE((136.163635982883,133.259530179339,113.821629602213,
89.7712858071034))
REPRESENTATION_ITEM('')
);
#628=(
BOUNDED_CURVE()
B_SPLINE_CURVE(2,(#2244,#2245,#2246),.UNSPECIFIED.,.F.,.F.)
B_SPLINE_CURVE_WITH_KNOTS((3,3),(29.9527588829508,30.3271737685265),
 .UNSPECIFIED.)
CURVE()
GEOMETRIC_REPRESENTATION_ITEM()
RATIONAL_B_SPLINE_CURVE((12.6088773380173,11.0461057443788,9.44245035805997))
REPRESENTATION_ITEM('')
);
#629=(
BOUNDED_CURVE()
B_SPLINE_CURVE(2,(#2248,#2249,#2250),.UNSPECIFIED.,.F.,.F.)
B_SPLINE_CURVE_WITH_KNOTS((3,3),(13.0016239369861,13.4537112621121),
 .UNSPECIFIED.)
CURVE()
GEOMETRIC_REPRESENTATION_ITEM()
RATIONAL_B_SPLINE_CURVE((8.14647095598536,8.19325235515859,8.23464653877349))
REPRESENTATION_ITEM('')
);
#630=(
BOUNDED_CURVE()
B_SPLINE_CURVE(2,(#2252,#2253,#2254,#2255),.UNSPECIFIED.,.F.,.F.)
B_SPLINE_CURVE_WITH_KNOTS((3,1,3),(1.89508888185436,2.29158843691948,4.42128427412231),
 .UNSPECIFIED.)
CURVE()
GEOMETRIC_REPRESENTATION_ITEM()
RATIONAL_B_SPLINE_CURVE((19.3593588602404,21.1530718169066,32.2429244174482,
40.0601401042558))
REPRESENTATION_ITEM('')
);
#631=(
BOUNDED_CURVE()
B_SPLINE_CURVE(2,(#2269,#2270,#2271),.UNSPECIFIED.,.F.,.F.)
B_SPLINE_CURVE_WITH_KNOTS((3,3),(-20.6401552926507,-20.2101431728974),
 .UNSPECIFIED.)
CURVE()
GEOMETRIC_REPRESENTATION_ITEM()
RATIONAL_B_SPLINE_CURVE((7.67429130684523,7.71239450644289,7.74601309239047))
REPRESENTATION_ITEM('')
);
#632=(
BOUNDED_CURVE()
B_SPLINE_CURVE(2,(#2280,#2281,#2282),.UNSPECIFIED.,.F.,.F.)
B_SPLINE_CURVE_WITH_KNOTS((3,3),(-0.872867965194302,-0.526905941197051),
 .UNSPECIFIED.)
CURVE()
GEOMETRIC_REPRESENTATION_ITEM()
RATIONAL_B_SPLINE_CURVE((52.2208009530912,42.3735559040546,32.2857568961759))
REPRESENTATION_ITEM('')
);
#633=(
BOUNDED_CURVE()
B_SPLINE_CURVE(2,(#2283,#2284,#2285),.UNSPECIFIED.,.F.,.F.)
B_SPLINE_CURVE_WITH_KNOTS((3,3),(-30.4696401449094,-30.4177316411587),
 .UNSPECIFIED.)
CURVE()
GEOMETRIC_REPRESENTATION_ITEM()
RATIONAL_B_SPLINE_CURVE((11.4847587459934,12.3648457582928,13.2419036836639))
REPRESENTATION_ITEM('')
);
#634=(
BOUNDED_CURVE()
B_SPLINE_CURVE(2,(#2289,#2290,#2291),.UNSPECIFIED.,.F.,.F.)
B_SPLINE_CURVE_WITH_KNOTS((3,3),(26.6949326720738,26.9100511802721),
 .UNSPECIFIED.)
CURVE()
GEOMETRIC_REPRESENTATION_ITEM()
RATIONAL_B_SPLINE_CURVE((10.3287129035334,10.151512875484,9.97085116264471))
REPRESENTATION_ITEM('')
);
#635=(
BOUNDED_CURVE()
B_SPLINE_CURVE(2,(#2296,#2297,#2298),.UNSPECIFIED.,.F.,.F.)
B_SPLINE_CURVE_WITH_KNOTS((3,3),(-15.7664744433327,-15.3314683680823),
 .UNSPECIFIED.)
CURVE()
GEOMETRIC_REPRESENTATION_ITEM()
RATIONAL_B_SPLINE_CURVE((5.40232870218376,5.40556443937975,5.40527039725059))
REPRESENTATION_ITEM('')
);
#636=(
BOUNDED_CURVE()
B_SPLINE_CURVE(2,(#2306,#2307,#2308),.UNSPECIFIED.,.F.,.F.)
B_SPLINE_CURVE_WITH_KNOTS((3,3),(1.34991264040514,1.44308908034556),
 .UNSPECIFIED.)
CURVE()
GEOMETRIC_REPRESENTATION_ITEM()
RATIONAL_B_SPLINE_CURVE((11.3040073260413,11.643007962604,11.979715408836))
REPRESENTATION_ITEM('')
);
#637=(
BOUNDED_CURVE()
B_SPLINE_CURVE(2,(#2315,#2316,#2317),.UNSPECIFIED.,.F.,.F.)
B_SPLINE_CURVE_WITH_KNOTS((3,3),(0.0582026293287155,0.0765019055873644),
 .UNSPECIFIED.)
CURVE()
GEOMETRIC_REPRESENTATION_ITEM()
RATIONAL_B_SPLINE_CURVE((9.80740276409139,11.189332088535,12.569612443222))
REPRESENTATION_ITEM('')
);
#638=(
BOUNDED_CURVE()
B_SPLINE_CURVE(2,(#2331,#2332,#2333),.UNSPECIFIED.,.F.,.F.)
B_SPLINE_CURVE_WITH_KNOTS((3,3),(-0.729184443780493,-0.687109695483655),
 .UNSPECIFIED.)
CURVE()
GEOMETRIC_REPRESENTATION_ITEM()
RATIONAL_B_SPLINE_CURVE((11.5118381976838,11.2159857740637,10.9192770755983))
REPRESENTATION_ITEM('')
);
#639=(
BOUNDED_CURVE()
B_SPLINE_CURVE(2,(#2339,#2340,#2341),.UNSPECIFIED.,.F.,.F.)
B_SPLINE_CURVE_WITH_KNOTS((3,3),(0.792921690580663,0.841250480905303),
 .UNSPECIFIED.)
CURVE()
GEOMETRIC_REPRESENTATION_ITEM()
RATIONAL_B_SPLINE_CURVE((10.8971747547793,11.1907929472358,11.4834359915494))
REPRESENTATION_ITEM('')
);
#640=(
BOUNDED_CURVE()
B_SPLINE_CURVE(2,(#2366,#2367,#2368),.UNSPECIFIED.,.F.,.F.)
B_SPLINE_CURVE_WITH_KNOTS((3,3),(28.9932605867316,29.0498272761191),
 .UNSPECIFIED.)
CURVE()
GEOMETRIC_REPRESENTATION_ITEM()
RATIONAL_B_SPLINE_CURVE((11.9385207558101,11.7699501139327,11.6006800620365))
REPRESENTATION_ITEM('')
);
#641=(
BOUNDED_CURVE()
B_SPLINE_CURVE(2,(#2369,#2370,#2371),.UNSPECIFIED.,.F.,.F.)
B_SPLINE_CURVE_WITH_KNOTS((3,3),(-2.141519700986,-1.87004690724401),
 .UNSPECIFIED.)
CURVE()
GEOMETRIC_REPRESENTATION_ITEM()
RATIONAL_B_SPLINE_CURVE((39.0111519828585,36.758435720284,34.4660282221654))
REPRESENTATION_ITEM('')
);
#642=(
BOUNDED_CURVE()
B_SPLINE_CURVE(2,(#2375,#2376,#2377),.UNSPECIFIED.,.F.,.F.)
B_SPLINE_CURVE_WITH_KNOTS((3,3),(8.52219661523259,9.28015175279234),
 .UNSPECIFIED.)
CURVE()
GEOMETRIC_REPRESENTATION_ITEM()
RATIONAL_B_SPLINE_CURVE((20.0707357724058,20.6506180808191,21.1827965283901))
REPRESENTATION_ITEM('')
);
#643=(
BOUNDED_CURVE()
B_SPLINE_CURVE(2,(#2379,#2380,#2381),.UNSPECIFIED.,.F.,.F.)
B_SPLINE_CURVE_WITH_KNOTS((3,3),(-29.2506413346909,-29.146188299831),
 .UNSPECIFIED.)
CURVE()
GEOMETRIC_REPRESENTATION_ITEM()
RATIONAL_B_SPLINE_CURVE((11.3769463162554,11.7001904557646,12.0209936831516))
REPRESENTATION_ITEM('')
);
#644=(
BOUNDED_CURVE()
B_SPLINE_CURVE(2,(#2447,#2448,#2449,#2450),.UNSPECIFIED.,.F.,.F.)
B_SPLINE_CURVE_WITH_KNOTS((3,1,3),(-15.682688623927,-15.2706771134001,-12.4887768980674),
 .UNSPECIFIED.)
CURVE()
GEOMETRIC_REPRESENTATION_ITEM()
RATIONAL_B_SPLINE_CURVE((7.8487125544261,7.84929355294974,7.81691703013273,
7.57182346035679))
REPRESENTATION_ITEM('')
);
#645=(
BOUNDED_CURVE()
B_SPLINE_CURVE(2,(#2459,#2460,#2461),.UNSPECIFIED.,.F.,.F.)
B_SPLINE_CURVE_WITH_KNOTS((3,3),(-0.0846447290849527,-0.0798240851233815),
 .UNSPECIFIED.)
CURVE()
GEOMETRIC_REPRESENTATION_ITEM()
RATIONAL_B_SPLINE_CURVE((14.3865641114215,14.0064206712727,13.6261577483662))
REPRESENTATION_ITEM('')
);
#646=(
BOUNDED_CURVE()
B_SPLINE_CURVE(2,(#2463,#2464,#2465),.UNSPECIFIED.,.F.,.F.)
B_SPLINE_CURVE_WITH_KNOTS((3,3),(14.2069705750154,15.6029543744165),
 .UNSPECIFIED.)
CURVE()
GEOMETRIC_REPRESENTATION_ITEM()
RATIONAL_B_SPLINE_CURVE((7.05341479608429,7.08593334803504,7.06639601501986))
REPRESENTATION_ITEM('')
);
#647=(
BOUNDED_CURVE()
B_SPLINE_CURVE(2,(#2467,#2468,#2469),.UNSPECIFIED.,.F.,.F.)
B_SPLINE_CURVE_WITH_KNOTS((3,3),(15.1189665420487,15.8985859201492),
 .UNSPECIFIED.)
CURVE()
GEOMETRIC_REPRESENTATION_ITEM()
RATIONAL_B_SPLINE_CURVE((6.66336959362676,6.66258879582035,6.64666847989636))
REPRESENTATION_ITEM('')
);
#648=(
BOUNDED_CURVE()
B_SPLINE_CURVE(2,(#2471,#2472,#2473),.UNSPECIFIED.,.F.,.F.)
B_SPLINE_CURVE_WITH_KNOTS((3,3),(14.896330245366,15.7983464552975),
 .UNSPECIFIED.)
CURVE()
GEOMETRIC_REPRESENTATION_ITEM()
RATIONAL_B_SPLINE_CURVE((6.20885056960733,6.21705470151597,6.2071533413416))
REPRESENTATION_ITEM('')
);
#649=(
BOUNDED_CURVE()
B_SPLINE_CURVE(2,(#2475,#2476,#2477),.UNSPECIFIED.,.F.,.F.)
B_SPLINE_CURVE_WITH_KNOTS((3,3),(14.7335225206183,15.6794067670508),
 .UNSPECIFIED.)
CURVE()
GEOMETRIC_REPRESENTATION_ITEM()
RATIONAL_B_SPLINE_CURVE((6.50953275995956,6.52112294862564,6.51149337376792))
REPRESENTATION_ITEM('')
);
#650=(
BOUNDED_CURVE()
B_SPLINE_CURVE(2,(#2481,#2482,#2483),.UNSPECIFIED.,.F.,.F.)
B_SPLINE_CURVE_WITH_KNOTS((3,3),(11.1757758778771,11.2355234089988),
 .UNSPECIFIED.)
CURVE()
GEOMETRIC_REPRESENTATION_ITEM()
RATIONAL_B_SPLINE_CURVE((0.997567299436799,0.997567290263922,0.997567350523123))
REPRESENTATION_ITEM('')
);
#651=(
BOUNDED_CURVE()
B_SPLINE_CURVE(2,(#2485,#2486,#2487),.UNSPECIFIED.,.F.,.F.)
B_SPLINE_CURVE_WITH_KNOTS((3,3),(15.9327202462434,16.3956245575657),
 .UNSPECIFIED.)
CURVE()
GEOMETRIC_REPRESENTATION_ITEM()
RATIONAL_B_SPLINE_CURVE((5.94629006987085,5.94300104671071,5.9353456600446))
REPRESENTATION_ITEM('')
);
#652=(
BOUNDED_CURVE()
B_SPLINE_CURVE(2,(#2489,#2490,#2491),.UNSPECIFIED.,.F.,.F.)
B_SPLINE_CURVE_WITH_KNOTS((3,3),(-11.2734467532819,-11.2135102089184),
 .UNSPECIFIED.)
CURVE()
GEOMETRIC_REPRESENTATION_ITEM()
RATIONAL_B_SPLINE_CURVE((0.999238204547671,0.999238180300793,0.999238177844925))
REPRESENTATION_ITEM('')
);
#653=(
BOUNDED_CURVE()
B_SPLINE_CURVE(2,(#2503,#2504,#2505),.UNSPECIFIED.,.F.,.F.)
B_SPLINE_CURVE_WITH_KNOTS((3,3),(-15.4949732146713,-14.461902994518),
 .UNSPECIFIED.)
CURVE()
GEOMETRIC_REPRESENTATION_ITEM()
RATIONAL_B_SPLINE_CURVE((6.82457340894646,6.82595395185745,6.80125980755414))
REPRESENTATION_ITEM('')
);
#654=(
BOUNDED_CURVE()
B_SPLINE_CURVE(2,(#2506,#2507,#2508),.UNSPECIFIED.,.F.,.F.)
B_SPLINE_CURVE_WITH_KNOTS((3,3),(7.39546065162704,7.44233923051477),
 .UNSPECIFIED.)
CURVE()
GEOMETRIC_REPRESENTATION_ITEM()
RATIONAL_B_SPLINE_CURVE((0.919686834297189,0.919490884999088,0.919295678567843))
REPRESENTATION_ITEM('')
);
#655=(
BOUNDED_CURVE()
B_SPLINE_CURVE(2,(#2724,#2725,#2726),.UNSPECIFIED.,.F.,.F.)
B_SPLINE_CURVE_WITH_KNOTS((3,3),(-1.61394549877113,-1.18303470352736),
 .UNSPECIFIED.)
CURVE()
GEOMETRIC_REPRESENTATION_ITEM()
RATIONAL_B_SPLINE_CURVE((11.4472105761922,10.128370911121,8.76904348952015))
REPRESENTATION_ITEM('')
);
#656=(
BOUNDED_CURVE()
B_SPLINE_CURVE(2,(#2804,#2805,#2806),.UNSPECIFIED.,.F.,.F.)
B_SPLINE_CURVE_WITH_KNOTS((3,3),(1.1830382622024,1.61395031528284),
 .UNSPECIFIED.)
CURVE()
GEOMETRIC_REPRESENTATION_ITEM()
RATIONAL_B_SPLINE_CURVE((8.76904198706362,10.1283688495486,11.4472078429467))
REPRESENTATION_ITEM('')
);
#657=VERTEX_POINT('',#2224);
#658=VERTEX_POINT('',#2225);
#659=VERTEX_POINT('',#2229);
#660=VERTEX_POINT('',#2233);
#661=VERTEX_POINT('',#2242);
#662=VERTEX_POINT('',#2243);
#663=VERTEX_POINT('',#2247);
#664=VERTEX_POINT('',#2251);
#665=VERTEX_POINT('',#2263);
#666=VERTEX_POINT('',#2268);
#667=VERTEX_POINT('',#2277);
#668=VERTEX_POINT('',#2278);
#669=VERTEX_POINT('',#2287);
#670=VERTEX_POINT('',#2288);
#671=VERTEX_POINT('',#2292);
#672=VERTEX_POINT('',#2294);
#673=VERTEX_POINT('',#2300);
#674=VERTEX_POINT('',#2301);
#675=VERTEX_POINT('',#2303);
#676=VERTEX_POINT('',#2305);
#677=VERTEX_POINT('',#2311);
#678=VERTEX_POINT('',#2313);
#679=VERTEX_POINT('',#2319);
#680=VERTEX_POINT('',#2320);
#681=VERTEX_POINT('',#2322);
#682=VERTEX_POINT('',#2324);
#683=VERTEX_POINT('',#2328);
#684=VERTEX_POINT('',#2330);
#685=VERTEX_POINT('',#2336);
#686=VERTEX_POINT('',#2338);
#687=VERTEX_POINT('',#2344);
#688=VERTEX_POINT('',#2345);
#689=VERTEX_POINT('',#2350);
#690=VERTEX_POINT('',#2365);
#691=VERTEX_POINT('',#2373);
#692=VERTEX_POINT('',#2374);
#693=VERTEX_POINT('',#2378);
#694=VERTEX_POINT('',#2382);
#695=VERTEX_POINT('',#2389);
#696=VERTEX_POINT('',#2390);
#697=VERTEX_POINT('',#2395);
#698=VERTEX_POINT('',#2400);
#699=VERTEX_POINT('',#2410);
#700=VERTEX_POINT('',#2417);
#701=VERTEX_POINT('',#2429);
#702=VERTEX_POINT('',#2434);
#703=VERTEX_POINT('',#2446);
#704=VERTEX_POINT('',#2454);
#705=VERTEX_POINT('',#2479);
#706=VERTEX_POINT('',#2480);
#707=VERTEX_POINT('',#2484);
#708=VERTEX_POINT('',#2488);
#709=VERTEX_POINT('',#2497);
#710=VERTEX_POINT('',#2502);
#711=VERTEX_POINT('',#2510);
#712=VERTEX_POINT('',#2519);
#713=VERTEX_POINT('',#2528);
#714=VERTEX_POINT('',#2529);
#715=VERTEX_POINT('',#2534);
#716=VERTEX_POINT('',#2539);
#717=VERTEX_POINT('',#2551);
#718=VERTEX_POINT('',#2552);
#719=VERTEX_POINT('',#2554);
#720=VERTEX_POINT('',#2567);
#721=VERTEX_POINT('',#2588);
#722=VERTEX_POINT('',#2599);
#723=VERTEX_POINT('',#2615);
#724=VERTEX_POINT('',#2622);
#725=VERTEX_POINT('',#2634);
#726=VERTEX_POINT('',#2635);
#727=VERTEX_POINT('',#2646);
#728=VERTEX_POINT('',#2651);
#729=VERTEX_POINT('',#2664);
#730=VERTEX_POINT('',#2675);
#731=VERTEX_POINT('',#2689);
#732=VERTEX_POINT('',#2690);
#733=VERTEX_POINT('',#2692);
#734=VERTEX_POINT('',#2703);
#735=VERTEX_POINT('',#2722);
#736=VERTEX_POINT('',#2723);
#737=VERTEX_POINT('',#2727);
#738=VERTEX_POINT('',#2736);
#739=VERTEX_POINT('',#2794);
#740=VERTEX_POINT('',#2803);
#741=VERTEX_POINT('',#2908);
#742=VERTEX_POINT('',#2977);
#743=VERTEX_POINT('',#2978);
#744=VERTEX_POINT('',#3023);
#745=VERTEX_POINT('',#3038);
#746=VERTEX_POINT('',#3049);
#747=VERTEX_POINT('',#3066);
#748=VERTEX_POINT('',#3071);
#749=VERTEX_POINT('',#3082);
#750=VERTEX_POINT('',#3106);
#751=VERTEX_POINT('',#3107);
#752=VERTEX_POINT('',#3121);
#753=VERTEX_POINT('',#3123);
#754=VERTEX_POINT('',#3125);
#755=VERTEX_POINT('',#3140);
#756=VERTEX_POINT('',#3143);
#757=VERTEX_POINT('',#3148);
#758=VERTEX_POINT('',#3181);
#759=VERTEX_POINT('',#3183);
#760=VERTEX_POINT('',#3185);
#761=VERTEX_POINT('',#3187);
#762=VERTEX_POINT('',#3218);
#763=VERTEX_POINT('',#3222);
#764=VERTEX_POINT('',#3223);
#765=VERTEX_POINT('',#3290);
#766=VERTEX_POINT('',#3291);
#767=VERTEX_POINT('',#3293);
#768=VERTEX_POINT('',#3295);
#769=VERTEX_POINT('',#3299);
#770=VERTEX_POINT('',#3308);
#771=VERTEX_POINT('',#3315);
#772=VERTEX_POINT('',#3326);
#773=VERTEX_POINT('',#3329);
#774=VERTEX_POINT('',#3345);
#775=VERTEX_POINT('',#3358);
#776=VERTEX_POINT('',#3359);
#777=VERTEX_POINT('',#3401);
#778=VERTEX_POINT('',#3417);
#779=VERTEX_POINT('',#3418);
#780=VERTEX_POINT('',#3423);
#781=VERTEX_POINT('',#3437);
#782=VERTEX_POINT('',#3457);
#783=VERTEX_POINT('',#3458);
#784=VERTEX_POINT('',#3473);
#785=VERTEX_POINT('',#3478);
#786=VERTEX_POINT('',#3499);
#787=VERTEX_POINT('',#3500);
#788=VERTEX_POINT('',#3520);
#789=VERTEX_POINT('',#3529);
#790=VERTEX_POINT('',#3544);
#791=VERTEX_POINT('',#3563);
#792=VERTEX_POINT('',#3580);
#793=VERTEX_POINT('',#3589);
#794=VERTEX_POINT('',#3656);
#795=VERTEX_POINT('',#3658);
#796=VERTEX_POINT('',#3660);
#797=VERTEX_POINT('',#3698);
#798=VERTEX_POINT('',#3716);
#799=VERTEX_POINT('',#3718);
#800=VERTEX_POINT('',#3722);
#801=VERTEX_POINT('',#3724);
#802=VERTEX_POINT('',#3728);
#803=VERTEX_POINT('',#3730);
#804=VERTEX_POINT('',#3745);
#805=VERTEX_POINT('',#3749);
#806=VERTEX_POINT('',#3769);
#807=VERTEX_POINT('',#3784);
#808=VERTEX_POINT('',#3788);
#809=VERTEX_POINT('',#3790);
#810=VERTEX_POINT('',#3794);
#811=VERTEX_POINT('',#3796);
#812=VERTEX_POINT('',#3801);
#813=VERTEX_POINT('',#3802);
#814=VERTEX_POINT('',#3811);
#815=VERTEX_POINT('',#3813);
#816=VERTEX_POINT('',#3817);
#817=VERTEX_POINT('',#3819);
#818=VERTEX_POINT('',#3823);
#819=VERTEX_POINT('',#3824);
#820=VERTEX_POINT('',#3826);
#821=VERTEX_POINT('',#3828);
#822=VERTEX_POINT('',#3832);
#823=VERTEX_POINT('',#3834);
#824=VERTEX_POINT('',#3838);
#825=VERTEX_POINT('',#3840);
#826=VERTEX_POINT('',#3960);
#827=VERTEX_POINT('',#3978);
#828=VERTEX_POINT('',#3979);
#829=VERTEX_POINT('',#3981);
#830=VERTEX_POINT('',#3983);
#831=VERTEX_POINT('',#3987);
#832=VERTEX_POINT('',#3989);
#833=VERTEX_POINT('',#3993);
#834=VERTEX_POINT('',#3997);
#835=EDGE_CURVE('',#657,#658,#624,.T.);
#836=EDGE_CURVE('',#659,#657,#625,.T.);
#837=EDGE_CURVE('',#660,#659,#626,.T.);
#838=EDGE_CURVE('',#658,#660,#627,.T.);
#839=EDGE_CURVE('',#661,#662,#628,.T.);
#840=EDGE_CURVE('',#663,#661,#629,.T.);
#841=EDGE_CURVE('',#664,#663,#630,.T.);
#842=EDGE_CURVE('',#662,#664,#286,.T.);
#843=EDGE_CURVE('',#665,#661,#287,.T.);
#844=EDGE_CURVE('',#666,#665,#631,.T.);
#845=EDGE_CURVE('',#663,#666,#288,.T.);
#846=EDGE_CURVE('',#667,#668,#84,.T.);
#847=EDGE_CURVE('',#666,#667,#632,.T.);
#848=EDGE_CURVE('',#668,#665,#633,.T.);
#849=EDGE_CURVE('',#669,#670,#634,.T.);
#850=EDGE_CURVE('',#671,#669,#85,.T.);
#851=EDGE_CURVE('',#672,#671,#86,.T.);
#852=EDGE_CURVE('',#670,#672,#635,.T.);
#853=EDGE_CURVE('',#673,#674,#87,.T.);
#854=EDGE_CURVE('',#675,#673,#88,.T.);
#855=EDGE_CURVE('',#676,#675,#636,.T.);
#856=EDGE_CURVE('',#674,#676,#89,.T.);
#857=EDGE_CURVE('',#677,#671,#90,.T.);
#858=EDGE_CURVE('',#678,#677,#91,.T.);
#859=EDGE_CURVE('',#672,#678,#637,.T.);
#860=EDGE_CURVE('',#679,#680,#92,.T.);
#861=EDGE_CURVE('',#681,#679,#93,.T.);
#862=EDGE_CURVE('',#682,#681,#94,.T.);
#863=EDGE_CURVE('',#680,#682,#95,.T.);
#864=EDGE_CURVE('',#683,#682,#96,.T.);
#865=EDGE_CURVE('',#684,#683,#638,.T.);
#866=EDGE_CURVE('',#680,#684,#97,.T.);
#867=EDGE_CURVE('',#685,#679,#98,.T.);
#868=EDGE_CURVE('',#686,#685,#639,.T.);
#869=EDGE_CURVE('',#681,#686,#99,.T.);
#870=EDGE_CURVE('',#687,#688,#289,.T.);
#871=EDGE_CURVE('',#689,#687,#290,.T.);
#872=EDGE_CURVE('',#690,#689,#640,.T.);
#873=EDGE_CURVE('',#688,#690,#641,.T.);
#874=EDGE_CURVE('',#691,#692,#642,.T.);
#875=EDGE_CURVE('',#693,#691,#643,.T.);
#876=EDGE_CURVE('',#694,#693,#100,.T.);
#877=EDGE_CURVE('',#692,#694,#291,.T.);
#878=EDGE_CURVE('',#695,#696,#292,.T.);
#879=EDGE_CURVE('',#697,#695,#293,.T.);
#880=EDGE_CURVE('',#698,#697,#294,.T.);
#881=EDGE_CURVE('',#696,#698,#295,.T.);
#882=EDGE_CURVE('',#699,#658,#296,.T.);
#883=EDGE_CURVE('',#700,#699,#297,.T.);
#884=EDGE_CURVE('',#657,#700,#298,.T.);
#885=EDGE_CURVE('',#701,#664,#299,.T.);
#886=EDGE_CURVE('',#702,#701,#300,.T.);
#887=EDGE_CURVE('',#662,#702,#301,.T.);
#888=EDGE_CURVE('',#703,#669,#644,.T.);
#889=EDGE_CURVE('',#673,#703,#101,.T.);
#890=EDGE_CURVE('',#677,#674,#102,.T.);
#891=EDGE_CURVE('',#704,#670,#302,.T.);
#892=EDGE_CURVE('',#703,#704,#645,.T.);
#893=EDGE_CURVE('',#675,#704,#646,.T.);
#894=EDGE_CURVE('',#678,#676,#647,.T.);
#895=EDGE_CURVE('',#683,#686,#648,.T.);
#896=EDGE_CURVE('',#685,#684,#649,.T.);
#897=EDGE_CURVE('',#705,#706,#650,.T.);
#898=EDGE_CURVE('',#707,#705,#651,.T.);
#899=EDGE_CURVE('',#708,#707,#652,.T.);
#900=EDGE_CURVE('',#706,#708,#303,.T.);
#901=EDGE_CURVE('',#694,#709,#304,.T.);
#902=EDGE_CURVE('',#710,#693,#653,.T.);
#903=EDGE_CURVE('',#709,#710,#654,.T.);
#904=EDGE_CURVE('',#711,#710,#305,.T.);
#905=EDGE_CURVE('',#712,#711,#103,.T.);
#906=EDGE_CURVE('',#709,#712,#306,.T.);
#907=EDGE_CURVE('',#713,#714,#307,.T.);
#908=EDGE_CURVE('',#715,#713,#308,.T.);
#909=EDGE_CURVE('',#716,#715,#309,.T.);
#910=EDGE_CURVE('',#714,#716,#310,.T.);
#911=EDGE_CURVE('',#717,#718,#104,.T.);
#912=EDGE_CURVE('',#719,#717,#311,.T.);
#913=EDGE_CURVE('',#720,#719,#312,.T.);
#914=EDGE_CURVE('',#718,#720,#313,.T.);
#915=EDGE_CURVE('',#698,#721,#314,.T.);
#916=EDGE_CURVE('',#722,#697,#315,.T.);
#917=EDGE_CURVE('',#721,#722,#316,.T.);
#918=EDGE_CURVE('',#695,#723,#317,.T.);
#919=EDGE_CURVE('',#724,#696,#318,.T.);
#920=EDGE_CURVE('',#723,#724,#319,.T.);
#921=EDGE_CURVE('',#725,#726,#320,.T.);
#922=EDGE_CURVE('',#727,#725,#321,.T.);
#923=EDGE_CURVE('',#728,#727,#322,.T.);
#924=EDGE_CURVE('',#726,#728,#105,.T.);
#925=EDGE_CURVE('',#714,#729,#323,.T.);
#926=EDGE_CURVE('',#730,#716,#324,.T.);
#927=EDGE_CURVE('',#729,#730,#325,.T.);
#928=EDGE_CURVE('',#731,#732,#106,.T.);
#929=EDGE_CURVE('',#733,#731,#326,.T.);
#930=EDGE_CURVE('',#734,#733,#327,.T.);
#931=EDGE_CURVE('',#732,#734,#328,.T.);
#932=EDGE_CURVE('',#735,#736,#655,.T.);
#933=EDGE_CURVE('',#737,#735,#329,.T.);
#934=EDGE_CURVE('',#738,#737,#330,.T.);
#935=EDGE_CURVE('',#739,#738,#331,.T.);
#936=EDGE_CURVE('',#740,#739,#656,.T.);
#937=EDGE_CURVE('',#736,#740,#332,.T.);
#938=EDGE_CURVE('',#713,#720,#333,.T.);
#939=EDGE_CURVE('',#728,#729,#334,.T.);
#940=EDGE_CURVE('',#724,#727,#335,.T.);
#941=EDGE_CURVE('',#718,#721,#336,.T.);
#942=EDGE_CURVE('',#741,#702,#337,.T.);
#943=EDGE_CURVE('',#741,#668,#338,.T.);
#944=EDGE_CURVE('',#742,#743,#339,.T.);
#945=EDGE_CURVE('',#742,#743,#340,.F.);
#946=EDGE_CURVE('',#689,#744,#341,.T.);
#947=EDGE_CURVE('',#745,#744,#342,.T.);
#948=EDGE_CURVE('',#746,#745,#343,.T.);
#949=EDGE_CURVE('',#707,#746,#344,.T.);
#950=EDGE_CURVE('',#747,#705,#345,.T.);
#951=EDGE_CURVE('',#748,#747,#346,.T.);
#952=EDGE_CURVE('',#749,#748,#347,.T.);
#953=EDGE_CURVE('',#711,#749,#348,.T.);
#954=EDGE_CURVE('',#690,#691,#349,.T.);
#955=EDGE_CURVE('',#750,#751,#350,.T.);
#956=EDGE_CURVE('',#752,#750,#107,.T.);
#957=EDGE_CURVE('',#753,#752,#41,.T.);
#958=EDGE_CURVE('',#754,#753,#351,.T.);
#959=EDGE_CURVE('',#755,#754,#42,.T.);
#960=EDGE_CURVE('',#733,#755,#108,.T.);
#961=EDGE_CURVE('',#756,#731,#352,.T.);
#962=EDGE_CURVE('',#757,#756,#353,.T.);
#963=EDGE_CURVE('',#751,#757,#354,.T.);
#964=EDGE_CURVE('',#751,#758,#109,.T.);
#965=EDGE_CURVE('',#759,#758,#43,.T.);
#966=EDGE_CURVE('',#760,#759,#44,.T.);
#967=EDGE_CURVE('',#761,#760,#355,.T.);
#968=EDGE_CURVE('',#762,#761,#110,.T.);
#969=EDGE_CURVE('',#758,#762,#45,.T.);
#970=EDGE_CURVE('',#763,#764,#356,.T.);
#971=EDGE_CURVE('',#750,#763,#357,.T.);
#972=EDGE_CURVE('',#764,#757,#358,.T.);
#973=EDGE_CURVE('',#765,#766,#46,.T.);
#974=EDGE_CURVE('',#767,#765,#111,.T.);
#975=EDGE_CURVE('',#768,#767,#47,.T.);
#976=EDGE_CURVE('',#766,#768,#112,.T.);
#977=EDGE_CURVE('',#756,#769,#359,.T.);
#978=EDGE_CURVE('',#770,#732,#360,.T.);
#979=EDGE_CURVE('',#771,#770,#361,.T.);
#980=EDGE_CURVE('',#769,#771,#362,.T.);
#981=EDGE_CURVE('',#772,#769,#48,.T.);
#982=EDGE_CURVE('',#773,#699,#363,.T.);
#983=EDGE_CURVE('',#774,#773,#113,.T.);
#984=EDGE_CURVE('',#700,#774,#364,.T.);
#985=EDGE_CURVE('',#775,#776,#114,.T.);
#986=EDGE_CURVE('',#774,#775,#365,.T.);
#987=EDGE_CURVE('',#776,#773,#366,.T.);
#988=EDGE_CURVE('',#775,#659,#367,.T.);
#989=EDGE_CURVE('',#660,#776,#368,.T.);
#990=EDGE_CURVE('',#777,#701,#369,.T.);
#991=EDGE_CURVE('',#777,#741,#370,.T.);
#992=EDGE_CURVE('',#778,#779,#371,.T.);
#993=EDGE_CURVE('',#780,#779,#372,.T.);
#994=EDGE_CURVE('',#780,#781,#373,.T.);
#995=EDGE_CURVE('',#778,#781,#374,.T.);
#996=EDGE_CURVE('',#782,#783,#375,.T.);
#997=EDGE_CURVE('',#782,#784,#376,.T.);
#998=EDGE_CURVE('',#785,#784,#377,.T.);
#999=EDGE_CURVE('',#785,#783,#378,.T.);
#1000=EDGE_CURVE('',#786,#787,#379,.T.);
#1001=EDGE_CURVE('',#786,#742,#380,.T.);
#1002=EDGE_CURVE('',#743,#787,#381,.T.);
#1003=EDGE_CURVE('',#788,#746,#115,.T.);
#1004=EDGE_CURVE('',#708,#788,#382,.T.);
#1005=EDGE_CURVE('',#789,#745,#116,.T.);
#1006=EDGE_CURVE('',#788,#789,#383,.T.);
#1007=EDGE_CURVE('',#744,#790,#384,.T.);
#1008=EDGE_CURVE('',#789,#790,#385,.T.);
#1009=EDGE_CURVE('',#791,#749,#117,.T.);
#1010=EDGE_CURVE('',#712,#791,#386,.T.);
#1011=EDGE_CURVE('',#792,#706,#387,.T.);
#1012=EDGE_CURVE('',#747,#792,#118,.T.);
#1013=EDGE_CURVE('',#793,#792,#388,.T.);
#1014=EDGE_CURVE('',#748,#793,#389,.T.);
#1015=EDGE_CURVE('',#791,#793,#390,.T.);
#1016=EDGE_CURVE('',#715,#719,#391,.T.);
#1017=EDGE_CURVE('',#717,#722,#392,.T.);
#1018=EDGE_CURVE('',#723,#725,#393,.T.);
#1019=EDGE_CURVE('',#726,#730,#394,.T.);
#1020=EDGE_CURVE('',#794,#794,#49,.T.);
#1021=EDGE_CURVE('',#794,#795,#119,.T.);
#1022=EDGE_CURVE('',#796,#795,#395,.T.);
#1023=EDGE_CURVE('',#795,#796,#396,.T.);
#1024=EDGE_CURVE('',#797,#797,#50,.T.);
#1025=EDGE_CURVE('',#797,#771,#120,.T.);
#1026=EDGE_CURVE('',#764,#770,#397,.T.);
#1027=EDGE_CURVE('',#798,#765,#51,.T.);
#1028=EDGE_CURVE('',#799,#798,#121,.T.);
#1029=EDGE_CURVE('',#767,#799,#52,.T.);
#1030=EDGE_CURVE('',#800,#768,#53,.T.);
#1031=EDGE_CURVE('',#801,#800,#122,.T.);
#1032=EDGE_CURVE('',#766,#801,#54,.T.);
#1033=EDGE_CURVE('',#750,#802,#21,.T.);
#1034=EDGE_CURVE('',#803,#763,#398,.T.);
#1035=EDGE_CURVE('',#802,#803,#123,.T.);
#1036=EDGE_CURVE('',#804,#802,#124,.T.);
#1037=EDGE_CURVE('',#752,#804,#22,.T.);
#1038=EDGE_CURVE('',#805,#733,#399,.T.);
#1039=EDGE_CURVE('',#806,#805,#125,.T.);
#1040=EDGE_CURVE('',#734,#806,#400,.T.);
#1041=EDGE_CURVE('',#807,#755,#23,.T.);
#1042=EDGE_CURVE('',#805,#807,#126,.T.);
#1043=EDGE_CURVE('',#808,#808,#55,.T.);
#1044=EDGE_CURVE('',#808,#809,#127,.T.);
#1045=EDGE_CURVE('',#809,#809,#56,.T.);
#1046=EDGE_CURVE('',#810,#753,#57,.T.);
#1047=EDGE_CURVE('',#810,#811,#128,.T.);
#1048=EDGE_CURVE('',#811,#811,#58,.T.);
#1049=EDGE_CURVE('',#754,#810,#59,.T.);
#1050=EDGE_CURVE('',#812,#813,#60,.T.);
#1051=EDGE_CURVE('',#739,#812,#129,.T.);
#1052=EDGE_CURVE('',#737,#738,#61,.T.);
#1053=EDGE_CURVE('',#813,#735,#130,.T.);
#1054=EDGE_CURVE('',#736,#806,#131,.T.);
#1055=EDGE_CURVE('',#803,#740,#132,.T.);
#1056=EDGE_CURVE('',#761,#814,#133,.T.);
#1057=EDGE_CURVE('',#815,#760,#134,.T.);
#1058=EDGE_CURVE('',#814,#815,#62,.T.);
#1059=EDGE_CURVE('',#816,#816,#63,.T.);
#1060=EDGE_CURVE('',#816,#817,#135,.T.);
#1061=EDGE_CURVE('',#817,#817,#64,.T.);
#1062=EDGE_CURVE('',#818,#819,#136,.T.);
#1063=EDGE_CURVE('',#820,#818,#137,.T.);
#1064=EDGE_CURVE('',#821,#820,#138,.T.);
#1065=EDGE_CURVE('',#819,#821,#139,.T.);
#1066=EDGE_CURVE('',#822,#820,#140,.T.);
#1067=EDGE_CURVE('',#823,#822,#141,.T.);
#1068=EDGE_CURVE('',#821,#823,#142,.T.);
#1069=EDGE_CURVE('',#824,#819,#143,.T.);
#1070=EDGE_CURVE('',#825,#824,#144,.T.);
#1071=EDGE_CURVE('',#818,#825,#145,.T.);
#1072=EDGE_CURVE('',#824,#823,#146,.T.);
#1073=EDGE_CURVE('',#822,#825,#147,.T.);
#1074=EDGE_CURVE('',#784,#780,#401,.T.);
#1075=EDGE_CURVE('',#779,#785,#402,.T.);
#1076=EDGE_CURVE('',#667,#777,#403,.T.);
#1077=EDGE_CURVE('',#787,#786,#404,.F.);
#1078=EDGE_CURVE('',#781,#782,#405,.T.);
#1079=EDGE_CURVE('',#783,#778,#406,.T.);
#1080=EDGE_CURVE('',#692,#688,#407,.T.);
#1081=EDGE_CURVE('',#790,#826,#408,.T.);
#1082=EDGE_CURVE('',#826,#687,#409,.T.);
#1083=EDGE_CURVE('',#827,#828,#148,.T.);
#1084=EDGE_CURVE('',#829,#827,#149,.T.);
#1085=EDGE_CURVE('',#830,#829,#150,.T.);
#1086=EDGE_CURVE('',#828,#830,#151,.T.);
#1087=EDGE_CURVE('',#831,#829,#152,.T.);
#1088=EDGE_CURVE('',#832,#831,#153,.T.);
#1089=EDGE_CURVE('',#830,#832,#154,.T.);
#1090=EDGE_CURVE('',#833,#832,#155,.T.);
#1091=EDGE_CURVE('',#828,#833,#156,.T.);
#1092=EDGE_CURVE('',#834,#833,#157,.T.);
#1093=EDGE_CURVE('',#827,#834,#158,.T.);
#1094=EDGE_CURVE('',#831,#834,#159,.T.);
#1095=EDGE_CURVE('',#800,#762,#160,.T.);
#1096=EDGE_CURVE('',#759,#799,#161,.T.);
#1097=EDGE_CURVE('',#801,#814,#162,.T.);
#1098=EDGE_CURVE('',#815,#798,#163,.T.);
#1099=EDGE_CURVE('',#812,#804,#164,.T.);
#1100=EDGE_CURVE('',#807,#813,#165,.T.);
#1101=ORIENTED_EDGE('',*,*,#835,.F.);
#1102=ORIENTED_EDGE('',*,*,#836,.F.);
#1103=ORIENTED_EDGE('',*,*,#837,.F.);
#1104=ORIENTED_EDGE('',*,*,#838,.F.);
#1105=ORIENTED_EDGE('',*,*,#839,.F.);
#1106=ORIENTED_EDGE('',*,*,#840,.F.);
#1107=ORIENTED_EDGE('',*,*,#841,.F.);
#1108=ORIENTED_EDGE('',*,*,#842,.F.);
#1109=ORIENTED_EDGE('',*,*,#843,.F.);
#1110=ORIENTED_EDGE('',*,*,#844,.F.);
#1111=ORIENTED_EDGE('',*,*,#845,.F.);
#1112=ORIENTED_EDGE('',*,*,#840,.T.);
#1113=ORIENTED_EDGE('',*,*,#846,.F.);
#1114=ORIENTED_EDGE('',*,*,#847,.F.);
#1115=ORIENTED_EDGE('',*,*,#844,.T.);
#1116=ORIENTED_EDGE('',*,*,#848,.F.);
#1117=ORIENTED_EDGE('',*,*,#849,.F.);
#1118=ORIENTED_EDGE('',*,*,#850,.F.);
#1119=ORIENTED_EDGE('',*,*,#851,.F.);
#1120=ORIENTED_EDGE('',*,*,#852,.F.);
#1121=ORIENTED_EDGE('',*,*,#853,.F.);
#1122=ORIENTED_EDGE('',*,*,#854,.F.);
#1123=ORIENTED_EDGE('',*,*,#855,.F.);
#1124=ORIENTED_EDGE('',*,*,#856,.F.);
#1125=ORIENTED_EDGE('',*,*,#851,.T.);
#1126=ORIENTED_EDGE('',*,*,#857,.F.);
#1127=ORIENTED_EDGE('',*,*,#858,.F.);
#1128=ORIENTED_EDGE('',*,*,#859,.F.);
#1129=ORIENTED_EDGE('',*,*,#860,.F.);
#1130=ORIENTED_EDGE('',*,*,#861,.F.);
#1131=ORIENTED_EDGE('',*,*,#862,.F.);
#1132=ORIENTED_EDGE('',*,*,#863,.F.);
#1133=ORIENTED_EDGE('',*,*,#863,.T.);
#1134=ORIENTED_EDGE('',*,*,#864,.F.);
#1135=ORIENTED_EDGE('',*,*,#865,.F.);
#1136=ORIENTED_EDGE('',*,*,#866,.F.);
#1137=ORIENTED_EDGE('',*,*,#867,.F.);
#1138=ORIENTED_EDGE('',*,*,#868,.F.);
#1139=ORIENTED_EDGE('',*,*,#869,.F.);
#1140=ORIENTED_EDGE('',*,*,#861,.T.);
#1141=ORIENTED_EDGE('',*,*,#870,.F.);
#1142=ORIENTED_EDGE('',*,*,#871,.F.);
#1143=ORIENTED_EDGE('',*,*,#872,.F.);
#1144=ORIENTED_EDGE('',*,*,#873,.F.);
#1145=ORIENTED_EDGE('',*,*,#874,.F.);
#1146=ORIENTED_EDGE('',*,*,#875,.F.);
#1147=ORIENTED_EDGE('',*,*,#876,.F.);
#1148=ORIENTED_EDGE('',*,*,#877,.F.);
#1149=ORIENTED_EDGE('',*,*,#878,.F.);
#1150=ORIENTED_EDGE('',*,*,#879,.F.);
#1151=ORIENTED_EDGE('',*,*,#880,.F.);
#1152=ORIENTED_EDGE('',*,*,#881,.F.);
#1153=ORIENTED_EDGE('',*,*,#882,.F.);
#1154=ORIENTED_EDGE('',*,*,#883,.F.);
#1155=ORIENTED_EDGE('',*,*,#884,.F.);
#1156=ORIENTED_EDGE('',*,*,#835,.T.);
#1157=ORIENTED_EDGE('',*,*,#842,.T.);
#1158=ORIENTED_EDGE('',*,*,#885,.F.);
#1159=ORIENTED_EDGE('',*,*,#886,.F.);
#1160=ORIENTED_EDGE('',*,*,#887,.F.);
#1161=ORIENTED_EDGE('',*,*,#888,.F.);
#1162=ORIENTED_EDGE('',*,*,#889,.F.);
#1163=ORIENTED_EDGE('',*,*,#853,.T.);
#1164=ORIENTED_EDGE('',*,*,#890,.F.);
#1165=ORIENTED_EDGE('',*,*,#857,.T.);
#1166=ORIENTED_EDGE('',*,*,#850,.T.);
#1167=ORIENTED_EDGE('',*,*,#891,.F.);
#1168=ORIENTED_EDGE('',*,*,#892,.F.);
#1169=ORIENTED_EDGE('',*,*,#888,.T.);
#1170=ORIENTED_EDGE('',*,*,#849,.T.);
#1171=ORIENTED_EDGE('',*,*,#893,.F.);
#1172=ORIENTED_EDGE('',*,*,#854,.T.);
#1173=ORIENTED_EDGE('',*,*,#889,.T.);
#1174=ORIENTED_EDGE('',*,*,#892,.T.);
#1175=ORIENTED_EDGE('',*,*,#858,.T.);
#1176=ORIENTED_EDGE('',*,*,#890,.T.);
#1177=ORIENTED_EDGE('',*,*,#856,.T.);
#1178=ORIENTED_EDGE('',*,*,#894,.F.);
#1179=ORIENTED_EDGE('',*,*,#862,.T.);
#1180=ORIENTED_EDGE('',*,*,#869,.T.);
#1181=ORIENTED_EDGE('',*,*,#895,.F.);
#1182=ORIENTED_EDGE('',*,*,#864,.T.);
#1183=ORIENTED_EDGE('',*,*,#866,.T.);
#1184=ORIENTED_EDGE('',*,*,#896,.F.);
#1185=ORIENTED_EDGE('',*,*,#867,.T.);
#1186=ORIENTED_EDGE('',*,*,#860,.T.);
#1187=ORIENTED_EDGE('',*,*,#897,.F.);
#1188=ORIENTED_EDGE('',*,*,#898,.F.);
#1189=ORIENTED_EDGE('',*,*,#899,.F.);
#1190=ORIENTED_EDGE('',*,*,#900,.F.);
#1191=ORIENTED_EDGE('',*,*,#901,.F.);
#1192=ORIENTED_EDGE('',*,*,#876,.T.);
#1193=ORIENTED_EDGE('',*,*,#902,.F.);
#1194=ORIENTED_EDGE('',*,*,#903,.F.);
#1195=ORIENTED_EDGE('',*,*,#903,.T.);
#1196=ORIENTED_EDGE('',*,*,#904,.F.);
#1197=ORIENTED_EDGE('',*,*,#905,.F.);
#1198=ORIENTED_EDGE('',*,*,#906,.F.);
#1199=ORIENTED_EDGE('',*,*,#907,.F.);
#1200=ORIENTED_EDGE('',*,*,#908,.F.);
#1201=ORIENTED_EDGE('',*,*,#909,.F.);
#1202=ORIENTED_EDGE('',*,*,#910,.F.);
#1203=ORIENTED_EDGE('',*,*,#911,.F.);
#1204=ORIENTED_EDGE('',*,*,#912,.F.);
#1205=ORIENTED_EDGE('',*,*,#913,.F.);
#1206=ORIENTED_EDGE('',*,*,#914,.F.);
#1207=ORIENTED_EDGE('',*,*,#915,.F.);
#1208=ORIENTED_EDGE('',*,*,#880,.T.);
#1209=ORIENTED_EDGE('',*,*,#916,.F.);
#1210=ORIENTED_EDGE('',*,*,#917,.F.);
#1211=ORIENTED_EDGE('',*,*,#918,.F.);
#1212=ORIENTED_EDGE('',*,*,#878,.T.);
#1213=ORIENTED_EDGE('',*,*,#919,.F.);
#1214=ORIENTED_EDGE('',*,*,#920,.F.);
#1215=ORIENTED_EDGE('',*,*,#921,.F.);
#1216=ORIENTED_EDGE('',*,*,#922,.F.);
#1217=ORIENTED_EDGE('',*,*,#923,.F.);
#1218=ORIENTED_EDGE('',*,*,#924,.F.);
#1219=ORIENTED_EDGE('',*,*,#925,.F.);
#1220=ORIENTED_EDGE('',*,*,#910,.T.);
#1221=ORIENTED_EDGE('',*,*,#926,.F.);
#1222=ORIENTED_EDGE('',*,*,#927,.F.);
#1223=ORIENTED_EDGE('',*,*,#928,.F.);
#1224=ORIENTED_EDGE('',*,*,#929,.F.);
#1225=ORIENTED_EDGE('',*,*,#930,.F.);
#1226=ORIENTED_EDGE('',*,*,#931,.F.);
#1227=ORIENTED_EDGE('',*,*,#932,.F.);
#1228=ORIENTED_EDGE('',*,*,#933,.F.);
#1229=ORIENTED_EDGE('',*,*,#934,.F.);
#1230=ORIENTED_EDGE('',*,*,#935,.F.);
#1231=ORIENTED_EDGE('',*,*,#936,.F.);
#1232=ORIENTED_EDGE('',*,*,#937,.F.);
#1233=ORIENTED_EDGE('',*,*,#938,.F.);
#1234=ORIENTED_EDGE('',*,*,#907,.T.);
#1235=ORIENTED_EDGE('',*,*,#925,.T.);
#1236=ORIENTED_EDGE('',*,*,#939,.F.);
#1237=ORIENTED_EDGE('',*,*,#923,.T.);
#1238=ORIENTED_EDGE('',*,*,#940,.F.);
#1239=ORIENTED_EDGE('',*,*,#919,.T.);
#1240=ORIENTED_EDGE('',*,*,#881,.T.);
#1241=ORIENTED_EDGE('',*,*,#915,.T.);
#1242=ORIENTED_EDGE('',*,*,#941,.F.);
#1243=ORIENTED_EDGE('',*,*,#914,.T.);
#1244=ORIENTED_EDGE('',*,*,#887,.T.);
#1245=ORIENTED_EDGE('',*,*,#942,.F.);
#1246=ORIENTED_EDGE('',*,*,#943,.T.);
#1247=ORIENTED_EDGE('',*,*,#848,.T.);
#1248=ORIENTED_EDGE('',*,*,#843,.T.);
#1249=ORIENTED_EDGE('',*,*,#839,.T.);
#1250=ORIENTED_EDGE('',*,*,#852,.T.);
#1251=ORIENTED_EDGE('',*,*,#859,.T.);
#1252=ORIENTED_EDGE('',*,*,#894,.T.);
#1253=ORIENTED_EDGE('',*,*,#855,.T.);
#1254=ORIENTED_EDGE('',*,*,#893,.T.);
#1255=ORIENTED_EDGE('',*,*,#891,.T.);
#1256=ORIENTED_EDGE('',*,*,#865,.T.);
#1257=ORIENTED_EDGE('',*,*,#895,.T.);
#1258=ORIENTED_EDGE('',*,*,#868,.T.);
#1259=ORIENTED_EDGE('',*,*,#896,.T.);
#1260=ORIENTED_EDGE('',*,*,#944,.F.);
#1261=ORIENTED_EDGE('',*,*,#945,.T.);
#1262=ORIENTED_EDGE('',*,*,#872,.T.);
#1263=ORIENTED_EDGE('',*,*,#946,.T.);
#1264=ORIENTED_EDGE('',*,*,#947,.F.);
#1265=ORIENTED_EDGE('',*,*,#948,.F.);
#1266=ORIENTED_EDGE('',*,*,#949,.F.);
#1267=ORIENTED_EDGE('',*,*,#898,.T.);
#1268=ORIENTED_EDGE('',*,*,#950,.F.);
#1269=ORIENTED_EDGE('',*,*,#951,.F.);
#1270=ORIENTED_EDGE('',*,*,#952,.F.);
#1271=ORIENTED_EDGE('',*,*,#953,.F.);
#1272=ORIENTED_EDGE('',*,*,#904,.T.);
#1273=ORIENTED_EDGE('',*,*,#902,.T.);
#1274=ORIENTED_EDGE('',*,*,#875,.T.);
#1275=ORIENTED_EDGE('',*,*,#954,.F.);
#1276=ORIENTED_EDGE('',*,*,#955,.F.);
#1277=ORIENTED_EDGE('',*,*,#956,.F.);
#1278=ORIENTED_EDGE('',*,*,#957,.F.);
#1279=ORIENTED_EDGE('',*,*,#958,.F.);
#1280=ORIENTED_EDGE('',*,*,#959,.F.);
#1281=ORIENTED_EDGE('',*,*,#960,.F.);
#1282=ORIENTED_EDGE('',*,*,#929,.T.);
#1283=ORIENTED_EDGE('',*,*,#961,.F.);
#1284=ORIENTED_EDGE('',*,*,#962,.F.);
#1285=ORIENTED_EDGE('',*,*,#963,.F.);
#1286=ORIENTED_EDGE('',*,*,#964,.T.);
#1287=ORIENTED_EDGE('',*,*,#965,.F.);
#1288=ORIENTED_EDGE('',*,*,#966,.F.);
#1289=ORIENTED_EDGE('',*,*,#967,.F.);
#1290=ORIENTED_EDGE('',*,*,#968,.F.);
#1291=ORIENTED_EDGE('',*,*,#969,.F.);
#1292=ORIENTED_EDGE('',*,*,#964,.F.);
#1293=ORIENTED_EDGE('',*,*,#970,.F.);
#1294=ORIENTED_EDGE('',*,*,#971,.F.);
#1295=ORIENTED_EDGE('',*,*,#955,.T.);
#1296=ORIENTED_EDGE('',*,*,#963,.T.);
#1297=ORIENTED_EDGE('',*,*,#972,.F.);
#1298=ORIENTED_EDGE('',*,*,#973,.F.);
#1299=ORIENTED_EDGE('',*,*,#974,.F.);
#1300=ORIENTED_EDGE('',*,*,#975,.F.);
#1301=ORIENTED_EDGE('',*,*,#976,.F.);
#1302=ORIENTED_EDGE('',*,*,#977,.F.);
#1303=ORIENTED_EDGE('',*,*,#961,.T.);
#1304=ORIENTED_EDGE('',*,*,#928,.T.);
#1305=ORIENTED_EDGE('',*,*,#978,.F.);
#1306=ORIENTED_EDGE('',*,*,#979,.F.);
#1307=ORIENTED_EDGE('',*,*,#980,.F.);
#1308=ORIENTED_EDGE('',*,*,#981,.F.);
#1309=ORIENTED_EDGE('',*,*,#981,.T.);
#1310=ORIENTED_EDGE('',*,*,#982,.F.);
#1311=ORIENTED_EDGE('',*,*,#983,.F.);
#1312=ORIENTED_EDGE('',*,*,#984,.F.);
#1313=ORIENTED_EDGE('',*,*,#883,.T.);
#1314=ORIENTED_EDGE('',*,*,#985,.F.);
#1315=ORIENTED_EDGE('',*,*,#986,.F.);
#1316=ORIENTED_EDGE('',*,*,#983,.T.);
#1317=ORIENTED_EDGE('',*,*,#987,.F.);
#1318=ORIENTED_EDGE('',*,*,#837,.T.);
#1319=ORIENTED_EDGE('',*,*,#988,.F.);
#1320=ORIENTED_EDGE('',*,*,#985,.T.);
#1321=ORIENTED_EDGE('',*,*,#989,.F.);
#1322=ORIENTED_EDGE('',*,*,#886,.T.);
#1323=ORIENTED_EDGE('',*,*,#990,.F.);
#1324=ORIENTED_EDGE('',*,*,#991,.T.);
#1325=ORIENTED_EDGE('',*,*,#942,.T.);
#1326=ORIENTED_EDGE('',*,*,#992,.T.);
#1327=ORIENTED_EDGE('',*,*,#993,.F.);
#1328=ORIENTED_EDGE('',*,*,#994,.T.);
#1329=ORIENTED_EDGE('',*,*,#995,.F.);
#1330=ORIENTED_EDGE('',*,*,#996,.F.);
#1331=ORIENTED_EDGE('',*,*,#997,.T.);
#1332=ORIENTED_EDGE('',*,*,#998,.F.);
#1333=ORIENTED_EDGE('',*,*,#999,.T.);
#1334=ORIENTED_EDGE('',*,*,#1000,.F.);
#1335=ORIENTED_EDGE('',*,*,#1001,.T.);
#1336=ORIENTED_EDGE('',*,*,#944,.T.);
#1337=ORIENTED_EDGE('',*,*,#1002,.T.);
#1338=ORIENTED_EDGE('',*,*,#899,.T.);
#1339=ORIENTED_EDGE('',*,*,#949,.T.);
#1340=ORIENTED_EDGE('',*,*,#1003,.F.);
#1341=ORIENTED_EDGE('',*,*,#1004,.F.);
#1342=ORIENTED_EDGE('',*,*,#1003,.T.);
#1343=ORIENTED_EDGE('',*,*,#948,.T.);
#1344=ORIENTED_EDGE('',*,*,#1005,.F.);
#1345=ORIENTED_EDGE('',*,*,#1006,.F.);
#1346=ORIENTED_EDGE('',*,*,#1005,.T.);
#1347=ORIENTED_EDGE('',*,*,#947,.T.);
#1348=ORIENTED_EDGE('',*,*,#1007,.T.);
#1349=ORIENTED_EDGE('',*,*,#1008,.F.);
#1350=ORIENTED_EDGE('',*,*,#905,.T.);
#1351=ORIENTED_EDGE('',*,*,#953,.T.);
#1352=ORIENTED_EDGE('',*,*,#1009,.F.);
#1353=ORIENTED_EDGE('',*,*,#1010,.F.);
#1354=ORIENTED_EDGE('',*,*,#1011,.F.);
#1355=ORIENTED_EDGE('',*,*,#1012,.F.);
#1356=ORIENTED_EDGE('',*,*,#950,.T.);
#1357=ORIENTED_EDGE('',*,*,#897,.T.);
#1358=ORIENTED_EDGE('',*,*,#1013,.F.);
#1359=ORIENTED_EDGE('',*,*,#1014,.F.);
#1360=ORIENTED_EDGE('',*,*,#951,.T.);
#1361=ORIENTED_EDGE('',*,*,#1012,.T.);
#1362=ORIENTED_EDGE('',*,*,#1015,.F.);
#1363=ORIENTED_EDGE('',*,*,#1009,.T.);
#1364=ORIENTED_EDGE('',*,*,#952,.T.);
#1365=ORIENTED_EDGE('',*,*,#1014,.T.);
#1366=ORIENTED_EDGE('',*,*,#1016,.F.);
#1367=ORIENTED_EDGE('',*,*,#908,.T.);
#1368=ORIENTED_EDGE('',*,*,#938,.T.);
#1369=ORIENTED_EDGE('',*,*,#913,.T.);
#1370=ORIENTED_EDGE('',*,*,#941,.T.);
#1371=ORIENTED_EDGE('',*,*,#917,.T.);
#1372=ORIENTED_EDGE('',*,*,#1017,.F.);
#1373=ORIENTED_EDGE('',*,*,#911,.T.);
#1374=ORIENTED_EDGE('',*,*,#922,.T.);
#1375=ORIENTED_EDGE('',*,*,#1018,.F.);
#1376=ORIENTED_EDGE('',*,*,#920,.T.);
#1377=ORIENTED_EDGE('',*,*,#940,.T.);
#1378=ORIENTED_EDGE('',*,*,#927,.T.);
#1379=ORIENTED_EDGE('',*,*,#1019,.F.);
#1380=ORIENTED_EDGE('',*,*,#924,.T.);
#1381=ORIENTED_EDGE('',*,*,#939,.T.);
#1382=ORIENTED_EDGE('',*,*,#1020,.F.);
#1383=ORIENTED_EDGE('',*,*,#1021,.T.);
#1384=ORIENTED_EDGE('',*,*,#1022,.F.);
#1385=ORIENTED_EDGE('',*,*,#1023,.F.);
#1386=ORIENTED_EDGE('',*,*,#1021,.F.);
#1387=ORIENTED_EDGE('',*,*,#1024,.F.);
#1388=ORIENTED_EDGE('',*,*,#1025,.T.);
#1389=ORIENTED_EDGE('',*,*,#979,.T.);
#1390=ORIENTED_EDGE('',*,*,#1026,.F.);
#1391=ORIENTED_EDGE('',*,*,#972,.T.);
#1392=ORIENTED_EDGE('',*,*,#962,.T.);
#1393=ORIENTED_EDGE('',*,*,#977,.T.);
#1394=ORIENTED_EDGE('',*,*,#980,.T.);
#1395=ORIENTED_EDGE('',*,*,#1025,.F.);
#1396=ORIENTED_EDGE('',*,*,#1027,.F.);
#1397=ORIENTED_EDGE('',*,*,#1028,.F.);
#1398=ORIENTED_EDGE('',*,*,#1029,.F.);
#1399=ORIENTED_EDGE('',*,*,#974,.T.);
#1400=ORIENTED_EDGE('',*,*,#976,.T.);
#1401=ORIENTED_EDGE('',*,*,#1030,.F.);
#1402=ORIENTED_EDGE('',*,*,#1031,.F.);
#1403=ORIENTED_EDGE('',*,*,#1032,.F.);
#1404=ORIENTED_EDGE('',*,*,#1033,.F.);
#1405=ORIENTED_EDGE('',*,*,#971,.T.);
#1406=ORIENTED_EDGE('',*,*,#1034,.F.);
#1407=ORIENTED_EDGE('',*,*,#1035,.F.);
#1408=ORIENTED_EDGE('',*,*,#1036,.F.);
#1409=ORIENTED_EDGE('',*,*,#1037,.F.);
#1410=ORIENTED_EDGE('',*,*,#956,.T.);
#1411=ORIENTED_EDGE('',*,*,#1033,.T.);
#1412=ORIENTED_EDGE('',*,*,#930,.T.);
#1413=ORIENTED_EDGE('',*,*,#1038,.F.);
#1414=ORIENTED_EDGE('',*,*,#1039,.F.);
#1415=ORIENTED_EDGE('',*,*,#1040,.F.);
#1416=ORIENTED_EDGE('',*,*,#1041,.F.);
#1417=ORIENTED_EDGE('',*,*,#1042,.F.);
#1418=ORIENTED_EDGE('',*,*,#1038,.T.);
#1419=ORIENTED_EDGE('',*,*,#960,.T.);
#1420=ORIENTED_EDGE('',*,*,#1043,.F.);
#1421=ORIENTED_EDGE('',*,*,#1044,.T.);
#1422=ORIENTED_EDGE('',*,*,#1045,.F.);
#1423=ORIENTED_EDGE('',*,*,#1044,.F.);
#1424=ORIENTED_EDGE('',*,*,#1022,.T.);
#1425=ORIENTED_EDGE('',*,*,#1023,.T.);
#1426=ORIENTED_EDGE('',*,*,#958,.T.);
#1427=ORIENTED_EDGE('',*,*,#1046,.F.);
#1428=ORIENTED_EDGE('',*,*,#1047,.T.);
#1429=ORIENTED_EDGE('',*,*,#1048,.F.);
#1430=ORIENTED_EDGE('',*,*,#1047,.F.);
#1431=ORIENTED_EDGE('',*,*,#1049,.F.);
#1432=ORIENTED_EDGE('',*,*,#1050,.F.);
#1433=ORIENTED_EDGE('',*,*,#1051,.F.);
#1434=ORIENTED_EDGE('',*,*,#935,.T.);
#1435=ORIENTED_EDGE('',*,*,#1052,.F.);
#1436=ORIENTED_EDGE('',*,*,#933,.T.);
#1437=ORIENTED_EDGE('',*,*,#1053,.F.);
#1438=ORIENTED_EDGE('',*,*,#978,.T.);
#1439=ORIENTED_EDGE('',*,*,#931,.T.);
#1440=ORIENTED_EDGE('',*,*,#1040,.T.);
#1441=ORIENTED_EDGE('',*,*,#1054,.F.);
#1442=ORIENTED_EDGE('',*,*,#937,.T.);
#1443=ORIENTED_EDGE('',*,*,#1055,.F.);
#1444=ORIENTED_EDGE('',*,*,#1034,.T.);
#1445=ORIENTED_EDGE('',*,*,#970,.T.);
#1446=ORIENTED_EDGE('',*,*,#1026,.T.);
#1447=ORIENTED_EDGE('',*,*,#1056,.F.);
#1448=ORIENTED_EDGE('',*,*,#967,.T.);
#1449=ORIENTED_EDGE('',*,*,#1057,.F.);
#1450=ORIENTED_EDGE('',*,*,#1058,.F.);
#1451=ORIENTED_EDGE('',*,*,#1059,.F.);
#1452=ORIENTED_EDGE('',*,*,#1060,.T.);
#1453=ORIENTED_EDGE('',*,*,#1061,.F.);
#1454=ORIENTED_EDGE('',*,*,#1060,.F.);
#1455=ORIENTED_EDGE('',*,*,#1062,.F.);
#1456=ORIENTED_EDGE('',*,*,#1063,.F.);
#1457=ORIENTED_EDGE('',*,*,#1064,.F.);
#1458=ORIENTED_EDGE('',*,*,#1065,.F.);
#1459=ORIENTED_EDGE('',*,*,#1064,.T.);
#1460=ORIENTED_EDGE('',*,*,#1066,.F.);
#1461=ORIENTED_EDGE('',*,*,#1067,.F.);
#1462=ORIENTED_EDGE('',*,*,#1068,.F.);
#1463=ORIENTED_EDGE('',*,*,#1069,.F.);
#1464=ORIENTED_EDGE('',*,*,#1070,.F.);
#1465=ORIENTED_EDGE('',*,*,#1071,.F.);
#1466=ORIENTED_EDGE('',*,*,#1062,.T.);
#1467=ORIENTED_EDGE('',*,*,#1065,.T.);
#1468=ORIENTED_EDGE('',*,*,#1068,.T.);
#1469=ORIENTED_EDGE('',*,*,#1072,.F.);
#1470=ORIENTED_EDGE('',*,*,#1069,.T.);
#1471=ORIENTED_EDGE('',*,*,#1024,.T.);
#1472=ORIENTED_EDGE('',*,*,#1071,.T.);
#1473=ORIENTED_EDGE('',*,*,#1073,.F.);
#1474=ORIENTED_EDGE('',*,*,#1066,.T.);
#1475=ORIENTED_EDGE('',*,*,#1063,.T.);
#1476=ORIENTED_EDGE('',*,*,#1061,.T.);
#1477=ORIENTED_EDGE('',*,*,#838,.T.);
#1478=ORIENTED_EDGE('',*,*,#989,.T.);
#1479=ORIENTED_EDGE('',*,*,#987,.T.);
#1480=ORIENTED_EDGE('',*,*,#982,.T.);
#1481=ORIENTED_EDGE('',*,*,#882,.T.);
#1482=ORIENTED_EDGE('',*,*,#998,.T.);
#1483=ORIENTED_EDGE('',*,*,#1074,.T.);
#1484=ORIENTED_EDGE('',*,*,#993,.T.);
#1485=ORIENTED_EDGE('',*,*,#1075,.T.);
#1486=ORIENTED_EDGE('',*,*,#841,.T.);
#1487=ORIENTED_EDGE('',*,*,#845,.T.);
#1488=ORIENTED_EDGE('',*,*,#847,.T.);
#1489=ORIENTED_EDGE('',*,*,#1076,.T.);
#1490=ORIENTED_EDGE('',*,*,#990,.T.);
#1491=ORIENTED_EDGE('',*,*,#885,.T.);
#1492=ORIENTED_EDGE('',*,*,#884,.T.);
#1493=ORIENTED_EDGE('',*,*,#984,.T.);
#1494=ORIENTED_EDGE('',*,*,#986,.T.);
#1495=ORIENTED_EDGE('',*,*,#988,.T.);
#1496=ORIENTED_EDGE('',*,*,#836,.T.);
#1497=ORIENTED_EDGE('',*,*,#1000,.T.);
#1498=ORIENTED_EDGE('',*,*,#1077,.T.);
#1499=ORIENTED_EDGE('',*,*,#995,.T.);
#1500=ORIENTED_EDGE('',*,*,#1078,.T.);
#1501=ORIENTED_EDGE('',*,*,#996,.T.);
#1502=ORIENTED_EDGE('',*,*,#1079,.T.);
#1503=ORIENTED_EDGE('',*,*,#1080,.F.);
#1504=ORIENTED_EDGE('',*,*,#877,.T.);
#1505=ORIENTED_EDGE('',*,*,#901,.T.);
#1506=ORIENTED_EDGE('',*,*,#906,.T.);
#1507=ORIENTED_EDGE('',*,*,#1010,.T.);
#1508=ORIENTED_EDGE('',*,*,#1015,.T.);
#1509=ORIENTED_EDGE('',*,*,#1013,.T.);
#1510=ORIENTED_EDGE('',*,*,#1011,.T.);
#1511=ORIENTED_EDGE('',*,*,#900,.T.);
#1512=ORIENTED_EDGE('',*,*,#1004,.T.);
#1513=ORIENTED_EDGE('',*,*,#1006,.T.);
#1514=ORIENTED_EDGE('',*,*,#1008,.T.);
#1515=ORIENTED_EDGE('',*,*,#1081,.T.);
#1516=ORIENTED_EDGE('',*,*,#1082,.T.);
#1517=ORIENTED_EDGE('',*,*,#870,.T.);
#1518=ORIENTED_EDGE('',*,*,#873,.T.);
#1519=ORIENTED_EDGE('',*,*,#954,.T.);
#1520=ORIENTED_EDGE('',*,*,#874,.T.);
#1521=ORIENTED_EDGE('',*,*,#1080,.T.);
#1522=ORIENTED_EDGE('',*,*,#1017,.T.);
#1523=ORIENTED_EDGE('',*,*,#916,.T.);
#1524=ORIENTED_EDGE('',*,*,#879,.T.);
#1525=ORIENTED_EDGE('',*,*,#918,.T.);
#1526=ORIENTED_EDGE('',*,*,#1018,.T.);
#1527=ORIENTED_EDGE('',*,*,#921,.T.);
#1528=ORIENTED_EDGE('',*,*,#1019,.T.);
#1529=ORIENTED_EDGE('',*,*,#926,.T.);
#1530=ORIENTED_EDGE('',*,*,#909,.T.);
#1531=ORIENTED_EDGE('',*,*,#1016,.T.);
#1532=ORIENTED_EDGE('',*,*,#912,.T.);
#1533=ORIENTED_EDGE('',*,*,#1083,.F.);
#1534=ORIENTED_EDGE('',*,*,#1084,.F.);
#1535=ORIENTED_EDGE('',*,*,#1085,.F.);
#1536=ORIENTED_EDGE('',*,*,#1086,.F.);
#1537=ORIENTED_EDGE('',*,*,#1085,.T.);
#1538=ORIENTED_EDGE('',*,*,#1087,.F.);
#1539=ORIENTED_EDGE('',*,*,#1088,.F.);
#1540=ORIENTED_EDGE('',*,*,#1089,.F.);
#1541=ORIENTED_EDGE('',*,*,#1086,.T.);
#1542=ORIENTED_EDGE('',*,*,#1089,.T.);
#1543=ORIENTED_EDGE('',*,*,#1090,.F.);
#1544=ORIENTED_EDGE('',*,*,#1091,.F.);
#1545=ORIENTED_EDGE('',*,*,#1059,.T.);
#1546=ORIENTED_EDGE('',*,*,#1091,.T.);
#1547=ORIENTED_EDGE('',*,*,#1092,.F.);
#1548=ORIENTED_EDGE('',*,*,#1093,.F.);
#1549=ORIENTED_EDGE('',*,*,#1083,.T.);
#1550=ORIENTED_EDGE('',*,*,#1093,.T.);
#1551=ORIENTED_EDGE('',*,*,#1094,.F.);
#1552=ORIENTED_EDGE('',*,*,#1087,.T.);
#1553=ORIENTED_EDGE('',*,*,#1084,.T.);
#1554=ORIENTED_EDGE('',*,*,#1020,.T.);
#1555=ORIENTED_EDGE('',*,*,#965,.T.);
#1556=ORIENTED_EDGE('',*,*,#969,.T.);
#1557=ORIENTED_EDGE('',*,*,#1095,.F.);
#1558=ORIENTED_EDGE('',*,*,#1030,.T.);
#1559=ORIENTED_EDGE('',*,*,#975,.T.);
#1560=ORIENTED_EDGE('',*,*,#1029,.T.);
#1561=ORIENTED_EDGE('',*,*,#1096,.F.);
#1562=ORIENTED_EDGE('',*,*,#1031,.T.);
#1563=ORIENTED_EDGE('',*,*,#1095,.T.);
#1564=ORIENTED_EDGE('',*,*,#968,.T.);
#1565=ORIENTED_EDGE('',*,*,#1056,.T.);
#1566=ORIENTED_EDGE('',*,*,#1097,.F.);
#1567=ORIENTED_EDGE('',*,*,#1057,.T.);
#1568=ORIENTED_EDGE('',*,*,#966,.T.);
#1569=ORIENTED_EDGE('',*,*,#1096,.T.);
#1570=ORIENTED_EDGE('',*,*,#1028,.T.);
#1571=ORIENTED_EDGE('',*,*,#1098,.F.);
#1572=ORIENTED_EDGE('',*,*,#959,.T.);
#1573=ORIENTED_EDGE('',*,*,#1049,.T.);
#1574=ORIENTED_EDGE('',*,*,#1046,.T.);
#1575=ORIENTED_EDGE('',*,*,#957,.T.);
#1576=ORIENTED_EDGE('',*,*,#1037,.T.);
#1577=ORIENTED_EDGE('',*,*,#1099,.F.);
#1578=ORIENTED_EDGE('',*,*,#1050,.T.);
#1579=ORIENTED_EDGE('',*,*,#1100,.F.);
#1580=ORIENTED_EDGE('',*,*,#1041,.T.);
#1581=ORIENTED_EDGE('',*,*,#1099,.T.);
#1582=ORIENTED_EDGE('',*,*,#1036,.T.);
#1583=ORIENTED_EDGE('',*,*,#1035,.T.);
#1584=ORIENTED_EDGE('',*,*,#1055,.T.);
#1585=ORIENTED_EDGE('',*,*,#936,.T.);
#1586=ORIENTED_EDGE('',*,*,#1051,.T.);
#1587=ORIENTED_EDGE('',*,*,#1039,.T.);
#1588=ORIENTED_EDGE('',*,*,#1042,.T.);
#1589=ORIENTED_EDGE('',*,*,#1100,.T.);
#1590=ORIENTED_EDGE('',*,*,#1053,.T.);
#1591=ORIENTED_EDGE('',*,*,#932,.T.);
#1592=ORIENTED_EDGE('',*,*,#1054,.T.);
#1593=ORIENTED_EDGE('',*,*,#1052,.T.);
#1594=ORIENTED_EDGE('',*,*,#934,.T.);
#1595=ORIENTED_EDGE('',*,*,#1072,.T.);
#1596=ORIENTED_EDGE('',*,*,#1067,.T.);
#1597=ORIENTED_EDGE('',*,*,#1073,.T.);
#1598=ORIENTED_EDGE('',*,*,#1070,.T.);
#1599=ORIENTED_EDGE('',*,*,#1090,.T.);
#1600=ORIENTED_EDGE('',*,*,#1088,.T.);
#1601=ORIENTED_EDGE('',*,*,#1094,.T.);
#1602=ORIENTED_EDGE('',*,*,#1092,.T.);
#1603=ORIENTED_EDGE('',*,*,#1045,.T.);
#1604=ORIENTED_EDGE('',*,*,#1097,.T.);
#1605=ORIENTED_EDGE('',*,*,#1058,.T.);
#1606=ORIENTED_EDGE('',*,*,#1098,.T.);
#1607=ORIENTED_EDGE('',*,*,#1027,.T.);
#1608=ORIENTED_EDGE('',*,*,#973,.T.);
#1609=ORIENTED_EDGE('',*,*,#1032,.T.);
#1610=ORIENTED_EDGE('',*,*,#1043,.T.);
#1611=ORIENTED_EDGE('',*,*,#1048,.T.);
#1612=ORIENTED_EDGE('',*,*,#1082,.F.);
#1613=ORIENTED_EDGE('',*,*,#1081,.F.);
#1614=ORIENTED_EDGE('',*,*,#1007,.F.);
#1615=ORIENTED_EDGE('',*,*,#946,.F.);
#1616=ORIENTED_EDGE('',*,*,#871,.T.);
#1617=ORIENTED_EDGE('',*,*,#1077,.F.);
#1618=ORIENTED_EDGE('',*,*,#1002,.F.);
#1619=ORIENTED_EDGE('',*,*,#945,.F.);
#1620=ORIENTED_EDGE('',*,*,#1001,.F.);
#1621=ORIENTED_EDGE('',*,*,#1075,.F.);
#1622=ORIENTED_EDGE('',*,*,#992,.F.);
#1623=ORIENTED_EDGE('',*,*,#1079,.F.);
#1624=ORIENTED_EDGE('',*,*,#999,.F.);
#1625=ORIENTED_EDGE('',*,*,#1078,.F.);
#1626=ORIENTED_EDGE('',*,*,#994,.F.);
#1627=ORIENTED_EDGE('',*,*,#1074,.F.);
#1628=ORIENTED_EDGE('',*,*,#997,.F.);
#1629=ORIENTED_EDGE('',*,*,#1076,.F.);
#1630=ORIENTED_EDGE('',*,*,#846,.T.);
#1631=ORIENTED_EDGE('',*,*,#943,.F.);
#1632=ORIENTED_EDGE('',*,*,#991,.F.);
#1633=PLANE('',#1781);
#1634=PLANE('',#1782);
#1635=PLANE('',#1784);
#1636=PLANE('',#1785);
#1637=PLANE('',#1786);
#1638=PLANE('',#1787);
#1639=PLANE('',#1788);
#1640=PLANE('',#1789);
#1641=PLANE('',#1790);
#1642=PLANE('',#1791);
#1643=PLANE('',#1792);
#1644=PLANE('',#1796);
#1645=PLANE('',#1798);
#1646=PLANE('',#1799);
#1647=PLANE('',#1800);
#1648=PLANE('',#1801);
#1649=PLANE('',#1802);
#1650=PLANE('',#1803);
#1651=PLANE('',#1876);
#1652=PLANE('',#1877);
#1653=PLANE('',#1878);
#1654=PLANE('',#1879);
#1655=PLANE('',#1880);
#1656=PLANE('',#1887);
#1657=PLANE('',#1888);
#1658=PLANE('',#1889);
#1659=PLANE('',#1890);
#1660=PLANE('',#1891);
#1661=PLANE('',#1892);
#1662=PLANE('',#1893);
#1663=PLANE('',#1894);
#1664=PLANE('',#1895);
#1665=PLANE('',#1896);
#1666=PLANE('',#1897);
#1667=PLANE('',#1898);
#1668=PLANE('',#1899);
#1669=ADVANCED_FACE('',(#410),#1633,.F.);
#1670=ADVANCED_FACE('',(#411),#1634,.T.);
#1671=ADVANCED_FACE('',(#412),#248,.F.);
#1672=ADVANCED_FACE('',(#413),#1635,.F.);
#1673=ADVANCED_FACE('',(#414),#1636,.F.);
#1674=ADVANCED_FACE('',(#415),#1637,.T.);
#1675=ADVANCED_FACE('',(#416),#1638,.T.);
#1676=ADVANCED_FACE('',(#417),#1639,.T.);
#1677=ADVANCED_FACE('',(#418),#1640,.F.);
#1678=ADVANCED_FACE('',(#419),#1641,.T.);
#1679=ADVANCED_FACE('',(#420),#1642,.T.);
#1680=ADVANCED_FACE('',(#421),#1643,.F.);
#1681=ADVANCED_FACE('',(#422),#249,.F.);
#1682=ADVANCED_FACE('',(#423),#250,.T.);
#1683=ADVANCED_FACE('',(#424),#83,.F.);
#1684=ADVANCED_FACE('',(#425),#1644,.T.);
#1685=ADVANCED_FACE('',(#426),#251,.T.);
#1686=ADVANCED_FACE('',(#427),#1645,.T.);
#1687=ADVANCED_FACE('',(#428),#1646,.T.);
#1688=ADVANCED_FACE('',(#429),#1647,.T.);
#1689=ADVANCED_FACE('',(#430),#1648,.T.);
#1690=ADVANCED_FACE('',(#431),#1649,.T.);
#1691=ADVANCED_FACE('',(#432),#1650,.F.);
#1692=ADVANCED_FACE('',(#433),#252,.F.);
#1693=ADVANCED_FACE('',(#434),#253,.T.);
#1694=ADVANCED_FACE('',(#435),#254,.F.);
#1695=ADVANCED_FACE('',(#436),#255,.F.);
#1696=ADVANCED_FACE('',(#437),#256,.T.);
#1697=ADVANCED_FACE('',(#438),#257,.T.);
#1698=ADVANCED_FACE('',(#439),#258,.T.);
#1699=ADVANCED_FACE('',(#440),#259,.T.);
#1700=ADVANCED_FACE('',(#441,#65,#66,#67,#68,#69,#70),#260,.T.);
#1701=ADVANCED_FACE('',(#442),#261,.T.);
#1702=ADVANCED_FACE('',(#443),#262,.T.);
#1703=ADVANCED_FACE('',(#444),#25,.T.);
#1704=ADVANCED_FACE('',(#445),#24,.T.);
#1705=ADVANCED_FACE('',(#446),#263,.T.);
#1706=ADVANCED_FACE('',(#447),#264,.T.);
#1707=ADVANCED_FACE('',(#448),#265,.T.);
#1708=ADVANCED_FACE('',(#449),#266,.F.);
#1709=ADVANCED_FACE('',(#450),#267,.T.);
#1710=ADVANCED_FACE('',(#451),#268,.T.);
#1711=ADVANCED_FACE('',(#452),#269,.F.);
#1712=ADVANCED_FACE('',(#453),#270,.T.);
#1713=ADVANCED_FACE('',(#454),#271,.T.);
#1714=ADVANCED_FACE('',(#455),#272,.T.);
#1715=ADVANCED_FACE('',(#456),#273,.F.);
#1716=ADVANCED_FACE('',(#457),#26,.F.);
#1717=ADVANCED_FACE('',(#458),#274,.F.);
#1718=ADVANCED_FACE('',(#459),#275,.F.);
#1719=ADVANCED_FACE('',(#460),#276,.F.);
#1720=ADVANCED_FACE('',(#461),#277,.F.);
#1721=ADVANCED_FACE('',(#462),#278,.T.);
#1722=ADVANCED_FACE('',(#463),#279,.T.);
#1723=ADVANCED_FACE('',(#464),#27,.F.);
#1724=ADVANCED_FACE('',(#465),#28,.F.);
#1725=ADVANCED_FACE('',(#466),#29,.T.);
#1726=ADVANCED_FACE('',(#467),#30,.T.);
#1727=ADVANCED_FACE('',(#468),#31,.T.);
#1728=ADVANCED_FACE('',(#469),#32,.T.);
#1729=ADVANCED_FACE('',(#470),#33,.T.);
#1730=ADVANCED_FACE('',(#471),#34,.T.);
#1731=ADVANCED_FACE('',(#472,#71),#35,.F.);
#1732=ADVANCED_FACE('',(#473),#36,.F.);
#1733=ADVANCED_FACE('',(#474),#37,.F.);
#1734=ADVANCED_FACE('',(#475),#38,.T.);
#1735=ADVANCED_FACE('',(#476),#39,.T.);
#1736=ADVANCED_FACE('',(#477),#40,.F.);
#1737=ADVANCED_FACE('',(#478),#1651,.T.);
#1738=ADVANCED_FACE('',(#479),#1652,.F.);
#1739=ADVANCED_FACE('',(#480),#1653,.T.);
#1740=ADVANCED_FACE('',(#481,#72),#1654,.T.);
#1741=ADVANCED_FACE('',(#482,#73),#1655,.F.);
#1742=ADVANCED_FACE('',(#483),#280,.T.);
#1743=ADVANCED_FACE('',(#484),#281,.F.);
#1744=ADVANCED_FACE('',(#485,#74),#282,.T.);
#1745=ADVANCED_FACE('',(#486,#75),#283,.F.);
#1746=ADVANCED_FACE('',(#487),#20,.F.);
#1747=ADVANCED_FACE('',(#488),#284,.F.);
#1748=ADVANCED_FACE('',(#489),#285,.T.);
#1749=ADVANCED_FACE('',(#490),#1656,.T.);
#1750=ADVANCED_FACE('',(#491),#1657,.F.);
#1751=ADVANCED_FACE('',(#492,#76),#1658,.T.);
#1752=ADVANCED_FACE('',(#493),#1659,.T.);
#1753=ADVANCED_FACE('',(#494,#77),#1660,.F.);
#1754=ADVANCED_FACE('',(#495),#1661,.T.);
#1755=ADVANCED_FACE('',(#496),#1662,.T.);
#1756=ADVANCED_FACE('',(#497),#1663,.F.);
#1757=ADVANCED_FACE('',(#498),#1664,.T.);
#1758=ADVANCED_FACE('',(#499),#1665,.T.);
#1759=ADVANCED_FACE('',(#500),#1666,.F.);
#1760=ADVANCED_FACE('',(#501,#78,#79,#80),#1667,.T.);
#1761=ADVANCED_FACE('',(#502,#81,#82),#1668,.F.);
#1762=ADVANCED_FACE('',(#503),#15,.T.);
#1763=ADVANCED_FACE('',(#504),#16,.F.);
#1764=ADVANCED_FACE('',(#505),#17,.F.);
#1765=ADVANCED_FACE('',(#506),#18,.F.);
#1766=ADVANCED_FACE('',(#507),#19,.F.);
#1767=CLOSED_SHELL('',(#1669,#1670,#1671,#1672,#1673,#1674,#1675,#1676,
#1677,#1678,#1679,#1680,#1681,#1682,#1683,#1684,#1685,#1686,#1687,#1688,
#1689,#1690,#1691,#1692,#1693,#1694,#1695,#1696,#1697,#1698,#1699,#1700,
#1701,#1702,#1703,#1704,#1705,#1706,#1707,#1708,#1709,#1710,#1711,#1712,
#1713,#1714,#1715,#1716,#1717,#1718,#1719,#1720,#1721,#1722,#1723,#1724,
#1725,#1726,#1727,#1728,#1729,#1730,#1731,#1732,#1733,#1734,#1735,#1736,
#1737,#1738,#1739,#1740,#1741,#1742,#1743,#1744,#1745,#1746,#1747,#1748,
#1749,#1750,#1751,#1752,#1753,#1754,#1755,#1756,#1757,#1758,#1759,#1760,
#1761,#1762,#1763,#1764,#1765,#1766));
#1768=DERIVED_UNIT_ELEMENT(#1770,1.);
#1769=DERIVED_UNIT_ELEMENT(#5704,-3.);
#1770=(
MASS_UNIT()
NAMED_UNIT(*)
SI_UNIT(.KILO.,.GRAM.)
);
#1771=DERIVED_UNIT((#1768,#1769));
#1772=MEASURE_REPRESENTATION_ITEM('density measure',
POSITIVE_RATIO_MEASURE(7850.),#1771);
#1773=PROPERTY_DEFINITION_REPRESENTATION(#1778,#1775);
#1774=PROPERTY_DEFINITION_REPRESENTATION(#1779,#1776);
#1775=REPRESENTATION('material name',(#1777),#5701);
#1776=REPRESENTATION('density',(#1772),#5701);
#1777=DESCRIPTIVE_REPRESENTATION_ITEM('Steel','Steel');
#1778=PROPERTY_DEFINITION('material property','material name',#5711);
#1779=PROPERTY_DEFINITION('material property','density of part',#5711);
#1780=AXIS2_PLACEMENT_3D('',#2222,#1900,#1901);
#1781=AXIS2_PLACEMENT_3D('',#2223,#1902,#1903);
#1782=AXIS2_PLACEMENT_3D('',#2241,#1904,#1905);
#1783=AXIS2_PLACEMENT_3D('',#2262,#1906,#1907);
#1784=AXIS2_PLACEMENT_3D('',#2276,#1908,#1909);
#1785=AXIS2_PLACEMENT_3D('',#2286,#1911,#1912);
#1786=AXIS2_PLACEMENT_3D('',#2299,#1915,#1916);
#1787=AXIS2_PLACEMENT_3D('',#2310,#1920,#1921);
#1788=AXIS2_PLACEMENT_3D('',#2318,#1924,#1925);
#1789=AXIS2_PLACEMENT_3D('',#2327,#1930,#1931);
#1790=AXIS2_PLACEMENT_3D('',#2335,#1934,#1935);
#1791=AXIS2_PLACEMENT_3D('',#2343,#1938,#1939);
#1792=AXIS2_PLACEMENT_3D('',#2372,#1940,#1941);
#1793=AXIS2_PLACEMENT_3D('',#2388,#1943,#1944);
#1794=AXIS2_PLACEMENT_3D('',#2409,#1945,#1946);
#1795=AXIS2_PLACEMENT_3D('',#2428,#1947,#1948);
#1796=AXIS2_PLACEMENT_3D('',#2445,#1949,#1950);
#1797=AXIS2_PLACEMENT_3D('',#2453,#1953,#1954);
#1798=AXIS2_PLACEMENT_3D('',#2462,#1955,#1956);
#1799=AXIS2_PLACEMENT_3D('',#2466,#1957,#1958);
#1800=AXIS2_PLACEMENT_3D('',#2470,#1959,#1960);
#1801=AXIS2_PLACEMENT_3D('',#2474,#1961,#1962);
#1802=AXIS2_PLACEMENT_3D('',#2478,#1963,#1964);
#1803=AXIS2_PLACEMENT_3D('',#2496,#1965,#1966);
#1804=AXIS2_PLACEMENT_3D('',#2509,#1967,#1968);
#1805=AXIS2_PLACEMENT_3D('',#2527,#1970,#1971);
#1806=AXIS2_PLACEMENT_3D('',#2550,#1972,#1973);
#1807=AXIS2_PLACEMENT_3D('',#2587,#1975,#1976);
#1808=AXIS2_PLACEMENT_3D('',#2614,#1977,#1978);
#1809=AXIS2_PLACEMENT_3D('',#2633,#1979,#1980);
#1810=AXIS2_PLACEMENT_3D('',#2663,#1982,#1983);
#1811=AXIS2_PLACEMENT_3D('',#2688,#1984,#1985);
#1812=AXIS2_PLACEMENT_3D('',#2721,#1987,#1988);
#1813=AXIS2_PLACEMENT_3D('',#3105,#1989,#1990);
#1814=AXIS2_PLACEMENT_3D('',#3124,#1992,#1993);
#1815=AXIS2_PLACEMENT_3D('',#3141,#1994,#1995);
#1816=AXIS2_PLACEMENT_3D('',#3184,#1998,#1999);
#1817=AXIS2_PLACEMENT_3D('',#3186,#2000,#2001);
#1818=AXIS2_PLACEMENT_3D('',#3220,#2003,#2004);
#1819=AXIS2_PLACEMENT_3D('',#3221,#2005,#2006);
#1820=AXIS2_PLACEMENT_3D('',#3289,#2007,#2008);
#1821=AXIS2_PLACEMENT_3D('',#3292,#2009,#2010);
#1822=AXIS2_PLACEMENT_3D('',#3296,#2012,#2013);
#1823=AXIS2_PLACEMENT_3D('',#3298,#2015,#2016);
#1824=AXIS2_PLACEMENT_3D('',#3327,#2017,#2018);
#1825=AXIS2_PLACEMENT_3D('',#3328,#2019,#2020);
#1826=AXIS2_PLACEMENT_3D('',#3357,#2022,#2023);
#1827=AXIS2_PLACEMENT_3D('',#3387,#2025,#2026);
#1828=AXIS2_PLACEMENT_3D('',#3400,#2027,#2028);
#1829=AXIS2_PLACEMENT_3D('',#3416,#2029,#2030);
#1830=AXIS2_PLACEMENT_3D('',#3456,#2031,#2032);
#1831=AXIS2_PLACEMENT_3D('',#3498,#2033,#2034);
#1832=AXIS2_PLACEMENT_3D('',#3519,#2035,#2036);
#1833=AXIS2_PLACEMENT_3D('',#3528,#2038,#2039);
#1834=AXIS2_PLACEMENT_3D('',#3543,#2041,#2042);
#1835=AXIS2_PLACEMENT_3D('',#3562,#2043,#2044);
#1836=AXIS2_PLACEMENT_3D('',#3579,#2046,#2047);
#1837=AXIS2_PLACEMENT_3D('',#3588,#2049,#2050);
#1838=AXIS2_PLACEMENT_3D('',#3604,#2051,#2052);
#1839=AXIS2_PLACEMENT_3D('',#3611,#2053,#2054);
#1840=AXIS2_PLACEMENT_3D('',#3620,#2055,#2056);
#1841=AXIS2_PLACEMENT_3D('',#3633,#2057,#2058);
#1842=AXIS2_PLACEMENT_3D('',#3644,#2059,#2060);
#1843=AXIS2_PLACEMENT_3D('',#3655,#2061,#2062);
#1844=AXIS2_PLACEMENT_3D('',#3657,#2063,#2064);
#1845=AXIS2_PLACEMENT_3D('',#3697,#2066,#2067);
#1846=AXIS2_PLACEMENT_3D('',#3699,#2068,#2069);
#1847=AXIS2_PLACEMENT_3D('',#3715,#2071,#2072);
#1848=AXIS2_PLACEMENT_3D('',#3717,#2073,#2074);
#1849=AXIS2_PLACEMENT_3D('',#3720,#2076,#2077);
#1850=AXIS2_PLACEMENT_3D('',#3721,#2078,#2079);
#1851=AXIS2_PLACEMENT_3D('',#3723,#2080,#2081);
#1852=AXIS2_PLACEMENT_3D('',#3726,#2083,#2084);
#1853=AXIS2_PLACEMENT_3D('',#3727,#2085,#2086);
#1854=AXIS2_PLACEMENT_3D('',#3729,#2087,#2088);
#1855=AXIS2_PLACEMENT_3D('',#3744,#2090,#2091);
#1856=AXIS2_PLACEMENT_3D('',#3747,#2093,#2094);
#1857=AXIS2_PLACEMENT_3D('',#3748,#2095,#2096);
#1858=AXIS2_PLACEMENT_3D('',#3783,#2098,#2099);
#1859=AXIS2_PLACEMENT_3D('',#3785,#2100,#2101);
#1860=AXIS2_PLACEMENT_3D('',#3787,#2103,#2104);
#1861=AXIS2_PLACEMENT_3D('',#3789,#2105,#2106);
#1862=AXIS2_PLACEMENT_3D('',#3792,#2108,#2109);
#1863=AXIS2_PLACEMENT_3D('',#3793,#2110,#2111);
#1864=AXIS2_PLACEMENT_3D('',#3795,#2112,#2113);
#1865=AXIS2_PLACEMENT_3D('',#3798,#2115,#2116);
#1866=AXIS2_PLACEMENT_3D('',#3799,#2117,#2118);
#1867=AXIS2_PLACEMENT_3D('',#3800,#2119,#2120);
#1868=AXIS2_PLACEMENT_3D('',#3803,#2121,#2122);
#1869=AXIS2_PLACEMENT_3D('',#3805,#2124,#2125);
#1870=AXIS2_PLACEMENT_3D('',#3807,#2127,#2128);
#1871=AXIS2_PLACEMENT_3D('',#3810,#2131,#2132);
#1872=AXIS2_PLACEMENT_3D('',#3815,#2135,#2136);
#1873=AXIS2_PLACEMENT_3D('',#3816,#2137,#2138);
#1874=AXIS2_PLACEMENT_3D('',#3818,#2139,#2140);
#1875=AXIS2_PLACEMENT_3D('',#3821,#2142,#2143);
#1876=AXIS2_PLACEMENT_3D('',#3822,#2144,#2145);
#1877=AXIS2_PLACEMENT_3D('',#3831,#2150,#2151);
#1878=AXIS2_PLACEMENT_3D('',#3837,#2155,#2156);
#1879=AXIS2_PLACEMENT_3D('',#3843,#2160,#2161);
#1880=AXIS2_PLACEMENT_3D('',#3845,#2163,#2164);
#1881=AXIS2_PLACEMENT_3D('',#3847,#2166,#2167);
#1882=AXIS2_PLACEMENT_3D('',#3848,#2168,#2169);
#1883=AXIS2_PLACEMENT_3D('',#3875,#2170,#2171);
#1884=AXIS2_PLACEMENT_3D('',#3888,#2172,#2173);
#1885=AXIS2_PLACEMENT_3D('',#3975,#2174,#2175);
#1886=AXIS2_PLACEMENT_3D('',#3976,#2176,#2177);
#1887=AXIS2_PLACEMENT_3D('',#3977,#2178,#2179);
#1888=AXIS2_PLACEMENT_3D('',#3986,#2184,#2185);
#1889=AXIS2_PLACEMENT_3D('',#3992,#2189,#2190);
#1890=AXIS2_PLACEMENT_3D('',#3996,#2193,#2194);
#1891=AXIS2_PLACEMENT_3D('',#4000,#2197,#2198);
#1892=AXIS2_PLACEMENT_3D('',#4002,#2200,#2201);
#1893=AXIS2_PLACEMENT_3D('',#4005,#2204,#2205);
#1894=AXIS2_PLACEMENT_3D('',#4007,#2207,#2208);
#1895=AXIS2_PLACEMENT_3D('',#4009,#2210,#2211);
#1896=AXIS2_PLACEMENT_3D('',#4012,#2214,#2215);
#1897=AXIS2_PLACEMENT_3D('',#4013,#2216,#2217);
#1898=AXIS2_PLACEMENT_3D('',#4014,#2218,#2219);
#1899=AXIS2_PLACEMENT_3D('',#4015,#2220,#2221);
#1900=DIRECTION('axis',(0.,0.,1.));
#1901=DIRECTION('refdir',(1.,0.,0.));
#1902=DIRECTION('center_axis',(0.952205057495472,0.305454300393164,0.0017885333009504));
#1903=DIRECTION('ref_axis',(0.00187830355643925,0.,-0.999998235986319));
#1904=DIRECTION('center_axis',(0.951799900290761,0.306635636443294,0.00717887661915871));
#1905=DIRECTION('ref_axis',(0.00754220758926261,0.,-0.999971557147842));
#1906=DIRECTION('center_axis',(-0.299995898648732,0.949805813061165,-0.0887207882582132));
#1907=DIRECTION('ref_axis',(0.,0.0930045312831931,0.99566568543904));
#1908=DIRECTION('center_axis',(0.95204842717782,0.305940351677646,0.00207208194777927));
#1909=DIRECTION('ref_axis',(0.0021764407996544,0.,-0.999997631549918));
#1910=DIRECTION('',(-0.0286311706853554,0.0823496119845084,0.996192148870481));
#1911=DIRECTION('center_axis',(-0.0566578352055914,0.994586061846877,-0.0871117402520225));
#1912=DIRECTION('ref_axis',(0.,0.0872518969281162,0.996186281014974));
#1913=DIRECTION('',(-0.998389226809734,-0.0567013657957591,0.00197658977977389));
#1914=DIRECTION('',(0.00453449260174424,-0.0869946504985978,-0.996198458722694));
#1915=DIRECTION('center_axis',(-0.998381150031668,-0.056146945833899,0.00908843963335469));
#1916=DIRECTION('ref_axis',(0.00910279915329328,0.,0.99995856866551));
#1917=DIRECTION('',(-0.0567258552001015,0.994591355752026,-0.0870069676242263));
#1918=DIRECTION('',(-0.00416006923718912,-0.0872771448410465,-0.996175383058795));
#1919=DIRECTION('',(0.00415786512364951,0.0873157907550849,0.996172005650845));
#1920=DIRECTION('center_axis',(-0.998387527023307,-0.0567642111727697,0.000412570259714882));
#1921=DIRECTION('ref_axis',(0.000413236557270294,0.,0.99999991461777));
#1922=DIRECTION('',(-0.0565847865447882,0.994599367043368,-0.0870072468741073));
#1923=DIRECTION('',(0.00452508820113447,-0.0868293479505327,-0.996212922979449));
#1924=DIRECTION('center_axis',(0.0147659939153387,0.085757027685572,0.996206654076466));
#1925=DIRECTION('ref_axis',(0.999890168998178,0.,-0.0148205917828579));
#1926=DIRECTION('',(-0.986365586363405,0.16456829699321,0.000453500529512318));
#1927=DIRECTION('',(-0.165272742481751,-0.982401511093257,0.0870183405624743));
#1928=DIRECTION('',(0.986366258524013,-0.164564267259978,-0.00045385738625721));
#1929=DIRECTION('',(0.165037815837223,0.982441011958705,-0.0870182588037434));
#1930=DIRECTION('center_axis',(-0.986236861713441,0.165277554527866,-0.00449250118655442));
#1931=DIRECTION('ref_axis',(-0.00455514770581744,0.,0.999989625260872));
#1932=DIRECTION('',(-0.00996737294978207,-0.0865550545572143,-0.996197206383896));
#1933=DIRECTION('',(0.00996850612502688,0.0865618001502909,0.996196608928366));
#1934=DIRECTION('center_axis',(-0.986053870335243,0.166345873532466,0.0051783352159877));
#1935=DIRECTION('ref_axis',(0.00525150193768294,0.,0.999986210768628));
#1936=DIRECTION('',(-0.0195643427040188,-0.0849608012156929,-0.996192199704127));
#1937=DIRECTION('',(0.0195632145105435,0.0849540950930458,0.99619279377284));
#1938=DIRECTION('center_axis',(0.765430801173736,-0.643425116113353,0.0109457100752334));
#1939=DIRECTION('ref_axis',(0.0142986029250347,0.,-0.999897769751684));
#1940=DIRECTION('center_axis',(0.764069397044679,-0.645048437322945,-0.0105104713027686));
#1941=DIRECTION('ref_axis',(-0.0137546105916148,0.,-0.999905400869239));
#1942=DIRECTION('',(0.0640648147809674,0.0596541884005995,0.996161170350133));
#1943=DIRECTION('center_axis',(-0.188075920562286,-0.98198032165736,0.018495836892543));
#1944=DIRECTION('ref_axis',(0.,-0.0188319017267796,-0.999822664014651));
#1945=DIRECTION('center_axis',(-0.0258314750910435,0.0832348187386275,0.996195111333201));
#1946=DIRECTION('ref_axis',(0.999663983450429,0.,0.0259214234181039));
#1947=DIRECTION('center_axis',(-0.132899003430874,0.987762792148053,-0.0816242692767473));
#1948=DIRECTION('ref_axis',(0.,0.082354790419044,0.99660307469676));
#1949=DIRECTION('center_axis',(-0.0029675147960342,0.0869789430790647,0.99620573041756));
#1950=DIRECTION('ref_axis',(0.999995563353476,0.,0.00297880401568877));
#1951=DIRECTION('',(-0.998407114668852,-0.0563864754055129,0.00194904334535972));
#1952=DIRECTION('',(0.998418977000562,0.0561766748766561,-0.00193069027897593));
#1953=DIRECTION('center_axis',(-0.998361159895671,-0.0571039007525571,-0.00376017693914306));
#1954=DIRECTION('ref_axis',(0.0571043044508832,-0.998368217850098,0.));
#1955=DIRECTION('center_axis',(-0.0563423590757827,0.994622002150086,-0.0869057616774027));
#1956=DIRECTION('ref_axis',(0.,0.0870440304553837,0.996204465339361));
#1957=DIRECTION('center_axis',(0.0561316386705003,-0.994630366640131,0.0869463794386122));
#1958=DIRECTION('ref_axis',(0.,-0.087083677593794,-0.996201000349197));
#1959=DIRECTION('center_axis',(-0.163901118917385,-0.982631461325391,0.0870162883094709));
#1960=DIRECTION('ref_axis',(0.,-0.0882091608350809,-0.996101974671655));
#1961=DIRECTION('center_axis',(0.163905062873132,0.982630199315615,-0.0870231104793956));
#1962=DIRECTION('ref_axis',(0.,0.0882161351269463,0.99610135704318));
#1963=DIRECTION('center_axis',(0.64213488267229,0.761645077242948,-0.0869457806165881));
#1964=DIRECTION('ref_axis',(-0.13417674151025,0.,-0.99095741686396));
#1965=DIRECTION('center_axis',(0.641744650182702,0.761978891616378,-0.0869020868158991));
#1966=DIRECTION('ref_axis',(-0.134190607253011,0.,-0.990955539328111));
#1967=DIRECTION('center_axis',(-0.0761869250287688,-0.0630651474291475,
-0.995097150852318));
#1968=DIRECTION('ref_axis',(-0.997081929807576,0.,0.0763388842674556));
#1969=DIRECTION('',(0.0622115177694976,0.0609876325195612,0.996197889847431));
#1970=DIRECTION('center_axis',(0.986302131235275,-0.153694215458635,0.0598848399455956));
#1971=DIRECTION('ref_axis',(0.153970547557454,0.988075437648795,0.));
#1972=DIRECTION('center_axis',(-0.0496191946694325,0.0623684662695985,0.996818995573186));
#1973=DIRECTION('ref_axis',(-0.998763395965538,0.,-0.049715982132364));
#1974=DIRECTION('',(-0.0625292587673191,0.0607013826213502,0.996195479785903));
#1975=DIRECTION('center_axis',(-0.064201520301921,0.0923556471105821,0.993654164806704));
#1976=DIRECTION('ref_axis',(-0.997919187544554,0.,-0.0644770899654824));
#1977=DIRECTION('center_axis',(-0.0456309962184791,0.0730416291545835,0.99628446369225));
#1978=DIRECTION('ref_axis',(-0.998952773639997,0.,-0.0457532079417094));
#1979=DIRECTION('center_axis',(0.0839718533683473,-0.0141467462272763,-0.996367701911832));
#1980=DIRECTION('ref_axis',(-0.996467418627066,0.,-0.0839802572912905));
#1981=DIRECTION('',(0.0709737388485853,-0.174319584159271,0.982128001317747));
#1982=DIRECTION('center_axis',(0.0495531526124905,-0.090521662467232,-0.994660903871431));
#1983=DIRECTION('ref_axis',(-0.99876133181037,0.,-0.0497574324134196));
#1984=DIRECTION('center_axis',(-0.050939395014704,-0.0472830336820724,0.997581822589684));
#1985=DIRECTION('ref_axis',(0.998698835401119,0.,0.0509964328992661));
#1986=DIRECTION('',(-0.495551467442463,-0.423582226736633,0.75829205475757));
#1987=DIRECTION('center_axis',(-4.40312358914982E-9,-1.9260064800833E-7,
-0.999999999999982));
#1988=DIRECTION('ref_axis',(0.000578769027476182,0.999999832513174,-1.9260316414182E-7));
#1989=DIRECTION('center_axis',(2.60352507474905E-6,-1.63182951890666E-6,
-0.999999999995279));
#1990=DIRECTION('ref_axis',(-0.999999999996611,0.,-2.60352507475252E-6));
#1991=DIRECTION('',(-0.205609186661936,0.564909645073378,0.799125744337702));
#1992=DIRECTION('center_axis',(0.,0.,1.));
#1993=DIRECTION('ref_axis',(-0.999999999999251,1.22387794923784E-6,0.));
#1994=DIRECTION('center_axis',(0.,0.,1.));
#1995=DIRECTION('ref_axis',(-0.999999999999251,1.22387794923784E-6,0.));
#1996=DIRECTION('',(-0.205609186661936,-0.564909645073378,-0.799125744337702));
#1997=DIRECTION('',(0.600002572748306,-1.30546301543828E-6,-0.799998070431242));
#1998=DIRECTION('center_axis',(0.,0.,-1.));
#1999=DIRECTION('ref_axis',(-0.999999999999251,1.22387794931204E-6,0.));
#2000=DIRECTION('center_axis',(0.,0.,-1.));
#2001=DIRECTION('ref_axis',(-0.999999999999251,1.22387794931204E-6,0.));
#2002=DIRECTION('',(0.19279632365921,0.981238797430826,0.));
#2003=DIRECTION('center_axis',(0.,0.,-1.));
#2004=DIRECTION('ref_axis',(-0.999999999999251,1.22387794931204E-6,0.));
#2005=DIRECTION('center_axis',(4.87296281832282E-7,3.75964539322579E-10,
0.999999999999881));
#2006=DIRECTION('ref_axis',(0.999999999999881,0.,-4.87296281832282E-7));
#2007=DIRECTION('center_axis',(0.,0.,-1.));
#2008=DIRECTION('ref_axis',(1.,0.,0.));
#2009=DIRECTION('center_axis',(0.,0.,-1.));
#2010=DIRECTION('ref_axis',(1.,0.,0.));
#2011=DIRECTION('',(0.,0.,-1.));
#2012=DIRECTION('center_axis',(0.,0.,1.));
#2013=DIRECTION('ref_axis',(1.,0.,0.));
#2014=DIRECTION('',(0.,0.,1.));
#2015=DIRECTION('center_axis',(-0.792041041192896,-0.111909028027858,-0.600122786196236));
#2016=DIRECTION('ref_axis',(0.,-0.98305388512349,0.183316826678876));
#2017=DIRECTION('center_axis',(0.610467844416128,-0.145194450270915,-0.77861902272193));
#2018=DIRECTION('ref_axis',(6.95790100670472E-17,0.983053885123489,-0.183316826678876));
#2019=DIRECTION('center_axis',(-0.0230150936614096,0.0832903657400949,0.996259514603819));
#2020=DIRECTION('ref_axis',(0.999733267002585,0.,0.0230953425680873));
#2021=DIRECTION('',(-0.0229200012464459,0.0840664955564856,0.996196515687399));
#2022=DIRECTION('center_axis',(-0.0239753359213415,0.084950525950643,0.996096677741758));
#2023=DIRECTION('ref_axis',(0.999710460531501,0.,0.0240623170932165));
#2024=DIRECTION('',(-0.0251617119202897,0.083448507632041,0.9961943760267));
#2025=DIRECTION('center_axis',(-0.0267146682242911,0.0829154961501787,0.996198447599591));
#2026=DIRECTION('ref_axis',(0.999640628448773,0.,0.0268069758559436));
#2027=DIRECTION('center_axis',(-0.0188728191545304,0.0813949695564218,0.996503224093163));
#2028=DIRECTION('ref_axis',(-0.999820704523812,0.,-0.0189356490648634));
#2029=DIRECTION('center_axis',(0.0335270466343569,0.0750604700022936,0.996615203068372));
#2030=DIRECTION('ref_axis',(0.999434624278861,0.,-0.0336218945416685));
#2031=DIRECTION('center_axis',(0.0378744974195792,0.0847513305809936,0.995682044836586));
#2032=DIRECTION('ref_axis',(-0.999277311037013,0.,0.0380112568410601));
#2033=DIRECTION('center_axis',(0.0358364113026792,0.0722182166063321,0.996744842382014));
#2034=DIRECTION('ref_axis',(0.999354300810714,0.,-0.035930230323909));
#2035=DIRECTION('center_axis',(-0.0530141204612807,-0.0684137934356116,
-0.996247487273853));
#2036=DIRECTION('ref_axis',(-0.998587145316485,0.,0.0531386225703397));
#2037=DIRECTION('',(0.0537395143434828,0.0686168244367983,0.996194657686105));
#2038=DIRECTION('center_axis',(0.053357389770099,0.0642494265442301,0.996506397443418));
#2039=DIRECTION('ref_axis',(-0.998569570842311,0.,0.0534678612607893));
#2040=DIRECTION('',(0.0566799813663322,0.0662008195150795,0.996195177265903));
#2041=DIRECTION('center_axis',(0.0564412573682508,0.0636363095015556,0.996375835003897));
#2042=DIRECTION('ref_axis',(0.98890500600895,0.133785478951546,-0.0645626417686309));
#2043=DIRECTION('center_axis',(0.0608263779283531,0.0604117146766388,0.996318511560407));
#2044=DIRECTION('ref_axis',(0.998141572830812,0.,-0.0609376778917017));
#2045=DIRECTION('',(0.0574429420658355,0.0655491679799407,0.996194566831178));
#2046=DIRECTION('center_axis',(0.048594638958673,0.0704387828263272,0.996331741408665));
#2047=DIRECTION('ref_axis',(-0.998812688182199,0.,0.0487156435475312));
#2048=DIRECTION('',(-0.0501473971704732,-0.071255398261563,-0.996196720921933));
#2049=DIRECTION('center_axis',(0.0493454713799177,0.0660386365922517,0.99659616843099));
#2050=DIRECTION('ref_axis',(0.998776430821521,0.,-0.0494534249109473));
#2051=DIRECTION('center_axis',(0.0560336684354325,0.066709064207169,0.996197836152173));
#2052=DIRECTION('ref_axis',(0.998421851347724,0.,-0.0561587637985626));
#2053=DIRECTION('center_axis',(-0.037556770811142,0.048025888345361,0.998139771281997));
#2054=DIRECTION('ref_axis',(0.999292864039998,0.,0.0376001579616015));
#2055=DIRECTION('center_axis',(-0.0649411914434462,0.0684548022597255,0.995538337635215));
#2056=DIRECTION('ref_axis',(-0.997879143891784,0.,-0.0650938874687955));
#2057=DIRECTION('center_axis',(-0.0551983479041486,0.0717860229229076,0.995891514825568));
#2058=DIRECTION('ref_axis',(0.998467505675726,0.,0.0553411249406312));
#2059=DIRECTION('center_axis',(0.0603651056111018,-0.0650452338881089,-0.996054803498784));
#2060=DIRECTION('ref_axis',(-0.998168608709153,0.,-0.0604932110871428));
#2061=DIRECTION('center_axis',(0.99999999999974,4.11579878260726E-7,5.9196836193894E-7));
#2062=DIRECTION('ref_axis',(4.11579878260798E-7,-0.999999999999915,0.));
#2063=DIRECTION('center_axis',(1.,0.,0.));
#2064=DIRECTION('ref_axis',(0.,-3.71228695893946E-29,-1.));
#2065=DIRECTION('',(0.99999999999974,4.11579878260726E-7,5.9196836193894E-7));
#2066=DIRECTION('center_axis',(-0.999999999999982,1.62497771269632E-7,-9.45488494284284E-8));
#2067=DIRECTION('ref_axis',(1.62497771269633E-7,0.999999999999987,0.));
#2068=DIRECTION('center_axis',(-1.,0.,0.));
#2069=DIRECTION('ref_axis',(0.,1.,-1.53639773082278E-14));
#2070=DIRECTION('',(-0.999999999999982,1.62497771269632E-7,-9.45488494284284E-8));
#2071=DIRECTION('center_axis',(0.,0.,1.));
#2072=DIRECTION('ref_axis',(0.9812389077395,0.192795762241272,0.));
#2073=DIRECTION('center_axis',(0.,0.,-1.));
#2074=DIRECTION('ref_axis',(0.9812389077395,0.192795762241272,0.));
#2075=DIRECTION('',(0.,0.,-1.));
#2076=DIRECTION('center_axis',(0.,0.,1.));
#2077=DIRECTION('ref_axis',(0.9812389077395,0.192795762241272,0.));
#2078=DIRECTION('center_axis',(0.,0.,1.));
#2079=DIRECTION('ref_axis',(-0.981238797430826,0.19279632365921,0.));
#2080=DIRECTION('center_axis',(0.,0.,1.));
#2081=DIRECTION('ref_axis',(-0.981238797430826,0.19279632365921,0.));
#2082=DIRECTION('',(0.,0.,1.));
#2083=DIRECTION('center_axis',(0.,0.,-1.));
#2084=DIRECTION('ref_axis',(-0.981238797430826,0.19279632365921,0.));
#2085=DIRECTION('center_axis',(0.205592386981311,-0.564863122414815,0.799162951688273));
#2086=DIRECTION('ref_axis',(-0.939693178204332,-0.342018611827245,7.82523347843915E-8));
#2087=DIRECTION('center_axis',(1.39154286572725E-5,-3.84613154381837E-5,
-0.999999999163544));
#2088=DIRECTION('ref_axis',(0.34201861154417,-0.939693177417232,4.090117133446E-5));
#2089=DIRECTION('',(0.205592386981311,-0.564863122414815,0.799162951688273));
#2090=DIRECTION('center_axis',(-0.205609186661936,0.564909645073378,0.799125744337702));
#2091=DIRECTION('ref_axis',(-0.939693178204332,-0.342018611827244,7.82523342547992E-8));
#2092=DIRECTION('',(-0.205609186661936,0.564909645073378,0.799125744337702));
#2093=DIRECTION('center_axis',(0.,0.,-1.));
#2094=DIRECTION('ref_axis',(0.342018611827244,-0.939693178204335,0.));
#2095=DIRECTION('center_axis',(-0.205549424418306,-0.564745083122887,0.799257421116517));
#2096=DIRECTION('ref_axis',(0.939693178204333,-0.342018611827242,7.82523341928546E-8));
#2097=DIRECTION('',(0.205549424418306,0.564745083122887,-0.799257421116517));
#2098=DIRECTION('center_axis',(0.205609186661936,0.564909645073378,0.799125744337702));
#2099=DIRECTION('ref_axis',(0.939693178204332,-0.342018611827243,7.82523342547991E-8));
#2100=DIRECTION('center_axis',(0.,0.,-1.));
#2101=DIRECTION('ref_axis',(0.342018611827244,0.939693178204335,0.));
#2102=DIRECTION('',(-0.205609186661936,-0.564909645073378,-0.799125744337702));
#2103=DIRECTION('center_axis',(7.66785794099094E-8,2.12449775796582E-8,
0.999999999999997));
#2104=DIRECTION('ref_axis',(-0.999999999999997,0.,7.66785794099094E-8));
#2105=DIRECTION('center_axis',(0.,0.,1.));
#2106=DIRECTION('ref_axis',(-1.,-1.62903470040357E-15,0.));
#2107=DIRECTION('',(7.66785794099094E-8,2.12449775796582E-8,0.999999999999997));
#2108=DIRECTION('center_axis',(2.31412651400827E-7,2.16196190615264E-6,
-0.999999999997636));
#2109=DIRECTION('ref_axis',(-1.65776167702132E-13,-0.999999999997663,-2.16196190615274E-6));
#2110=DIRECTION('center_axis',(2.05103043794073E-8,-1.37087282494572E-7,
-0.99999999999999));
#2111=DIRECTION('ref_axis',(1.,0.,2.05103043794075E-8));
#2112=DIRECTION('center_axis',(0.,0.,-1.));
#2113=DIRECTION('ref_axis',(0.,-1.,0.));
#2114=DIRECTION('',(2.05103043794073E-8,-1.37087282494572E-7,-0.99999999999999));
#2115=DIRECTION('center_axis',(0.,0.,1.));
#2116=DIRECTION('ref_axis',(0.,-1.,0.));
#2117=DIRECTION('center_axis',(0.,0.,-1.));
#2118=DIRECTION('ref_axis',(0.,-1.,0.));
#2119=DIRECTION('center_axis',(-1.75988166742963E-18,2.28795544043038E-7,
0.999999999999974));
#2120=DIRECTION('ref_axis',(-0.939693178204333,0.342018611827242,-7.82523344492145E-8));
#2121=DIRECTION('center_axis',(0.,0.,1.));
#2122=DIRECTION('ref_axis',(-0.342018611827243,-0.939693178204336,0.));
#2123=DIRECTION('',(1.75988166742963E-18,-2.28795544043038E-7,-0.999999999999974));
#2124=DIRECTION('center_axis',(2.31412651400827E-7,2.16196190615264E-6,
-0.999999999997636));
#2125=DIRECTION('ref_axis',(-0.342018611826326,-0.939693178202299,-2.11072828854103E-6));
#2126=DIRECTION('',(-1.75988166742963E-18,2.28795544043038E-7,0.999999999999974));
#2127=DIRECTION('center_axis',(2.06346680879842E-8,-7.58440229922597E-7,
-0.999999999999712));
#2128=DIRECTION('ref_axis',(-5.88174894238952E-9,0.999999999999712,-7.58440230043966E-7));
#2129=DIRECTION('',(-1.73845108604385E-7,-7.06433476521043E-7,-0.999999999999735));
#2130=DIRECTION('',(-1.77505596071855E-7,7.164906341682E-7,0.999999999999728));
#2131=DIRECTION('center_axis',(0.,0.,-1.));
#2132=DIRECTION('ref_axis',(0.9812389077395,0.192795762241272,0.));
#2133=DIRECTION('',(0.,0.,-1.));
#2134=DIRECTION('',(0.,0.,1.));
#2135=DIRECTION('center_axis',(0.,0.,-1.));
#2136=DIRECTION('ref_axis',(0.9812389077395,0.192795762241272,0.));
#2137=DIRECTION('center_axis',(-1.,-1.95054650218196E-15,9.34912912808859E-16));
#2138=DIRECTION('ref_axis',(-1.95054650218196E-15,1.,0.));
#2139=DIRECTION('center_axis',(-1.,0.,0.));
#2140=DIRECTION('ref_axis',(-1.95054650218196E-15,1.,0.));
#2141=DIRECTION('',(-1.,-1.95054650218196E-15,9.34912912808859E-16));
#2142=DIRECTION('center_axis',(1.,0.,0.));
#2143=DIRECTION('ref_axis',(-1.95054650218196E-15,1.,0.));
#2144=DIRECTION('center_axis',(0.,0.,1.));
#2145=DIRECTION('ref_axis',(1.,0.,0.));
#2146=DIRECTION('',(-1.,0.,0.));
#2147=DIRECTION('',(0.,-1.,0.));
#2148=DIRECTION('',(1.,0.,0.));
#2149=DIRECTION('',(0.,1.,0.));
#2150=DIRECTION('center_axis',(0.,1.,0.));
#2151=DIRECTION('ref_axis',(0.,0.,1.));
#2152=DIRECTION('',(0.,0.,-1.));
#2153=DIRECTION('',(0.999999999999973,0.,2.31412651401367E-7));
#2154=DIRECTION('',(0.,0.,1.));
#2155=DIRECTION('center_axis',(0.,1.,0.));
#2156=DIRECTION('ref_axis',(0.,0.,1.));
#2157=DIRECTION('',(0.,0.,-1.));
#2158=DIRECTION('',(-0.999999999999973,0.,-2.31412651401367E-7));
#2159=DIRECTION('',(0.,0.,1.));
#2160=DIRECTION('center_axis',(1.,0.,0.));
#2161=DIRECTION('ref_axis',(0.,0.,-1.));
#2162=DIRECTION('',(0.,0.999999999997663,2.1619619061527E-6));
#2163=DIRECTION('center_axis',(1.,0.,0.));
#2164=DIRECTION('ref_axis',(0.,0.,-1.));
#2165=DIRECTION('',(0.,-0.999999999997663,-2.1619619061527E-6));
#2166=DIRECTION('center_axis',(0.0258326340811407,-0.0858259197165553,-0.995975193727854));
#2167=DIRECTION('ref_axis',(-0.999663804968596,0.,-0.0259283056852627));
#2168=DIRECTION('center_axis',(0.0378820235547953,0.0783326284508472,0.996207283456297));
#2169=DIRECTION('ref_axis',(0.99927778543998,0.,-0.0379987832195785));
#2170=DIRECTION('center_axis',(0.0171380834119349,-0.0519682634452392,-0.998501670349856));
#2171=DIRECTION('ref_axis',(0.999852734514249,0.,0.0171612728076383));
#2172=DIRECTION('center_axis',(0.0302036729569312,0.0818160488215435,0.996189676866379));
#2173=DIRECTION('ref_axis',(0.999540689731766,0.,-0.0303052729825197));
#2174=DIRECTION('center_axis',(0.642140489543071,0.761763490672953,-0.0858602117813759));
#2175=DIRECTION('ref_axis',(0.,-0.112003222694291,-0.993707843435933));
#2176=DIRECTION('center_axis',(0.0171691451499855,-0.0229260780663323,-0.999589723536269));
#2177=DIRECTION('ref_axis',(-0.999852521842957,0.,-0.0171736590241946));
#2178=DIRECTION('center_axis',(0.,0.,1.));
#2179=DIRECTION('ref_axis',(1.,0.,0.));
#2180=DIRECTION('',(-1.,0.,0.));
#2181=DIRECTION('',(0.,-1.,0.));
#2182=DIRECTION('',(1.,0.,0.));
#2183=DIRECTION('',(0.,1.,0.));
#2184=DIRECTION('center_axis',(0.,1.,0.));
#2185=DIRECTION('ref_axis',(0.,0.,1.));
#2186=DIRECTION('',(0.,0.,-1.));
#2187=DIRECTION('',(0.999999999999973,0.,2.31412651401367E-7));
#2188=DIRECTION('',(0.,0.,1.));
#2189=DIRECTION('center_axis',(1.,0.,0.));
#2190=DIRECTION('ref_axis',(0.,0.,-1.));
#2191=DIRECTION('',(0.,0.999999999997663,2.1619619061527E-6));
#2192=DIRECTION('',(0.,0.,1.));
#2193=DIRECTION('center_axis',(0.,1.,0.));
#2194=DIRECTION('ref_axis',(0.,0.,1.));
#2195=DIRECTION('',(-0.999999999999973,0.,-2.31412651401367E-7));
#2196=DIRECTION('',(0.,0.,1.));
#2197=DIRECTION('center_axis',(1.,0.,0.));
#2198=DIRECTION('ref_axis',(0.,0.,-1.));
#2199=DIRECTION('',(0.,-0.999999999997663,-2.1619619061527E-6));
#2200=DIRECTION('center_axis',(0.,0.,1.));
#2201=DIRECTION('ref_axis',(1.,0.,0.));
#2202=DIRECTION('',(0.19279632365921,0.981238797430826,0.));
#2203=DIRECTION('',(0.192795762241272,-0.9812389077395,0.));
#2204=DIRECTION('center_axis',(-0.981238797430826,0.19279632365921,0.));
#2205=DIRECTION('ref_axis',(0.,0.,1.));
#2206=DIRECTION('',(0.19279632365921,0.981238797430826,0.));
#2207=DIRECTION('center_axis',(-0.9812389077395,-0.192795762241272,0.));
#2208=DIRECTION('ref_axis',(0.,0.,1.));
#2209=DIRECTION('',(0.192795762241272,-0.9812389077395,0.));
#2210=DIRECTION('center_axis',(0.,0.,1.));
#2211=DIRECTION('ref_axis',(1.,0.,0.));
#2212=DIRECTION('',(0.342018611827243,-0.939693178204336,0.));
#2213=DIRECTION('',(0.342018611827244,0.939693178204336,0.));
#2214=DIRECTION('center_axis',(-0.939693178204333,-0.342018611827242,7.82523343642069E-8));
#2215=DIRECTION('ref_axis',(8.32743454770414E-8,0.,0.999999999999996));
#2216=DIRECTION('center_axis',(-0.939693178204333,0.342018611827243,-7.82523343675144E-8));
#2217=DIRECTION('ref_axis',(-8.32743454805611E-8,0.,0.999999999999996));
#2218=DIRECTION('center_axis',(-2.31412651400827E-7,-2.16196190615264E-6,
0.999999999997636));
#2219=DIRECTION('ref_axis',(0.999999999999973,0.,2.31412651401367E-7));
#2220=DIRECTION('center_axis',(0.,0.,1.));
#2221=DIRECTION('ref_axis',(1.,0.,0.));
#2222=CARTESIAN_POINT('',(0.,0.,0.));
#2223=CARTESIAN_POINT('Origin',(-4.63458061218262,14.9423027038574,7.36936211585999));
#2224=CARTESIAN_POINT('',(-4.75678771980386,15.3252328981155,7.03308192354216));
#2225=CARTESIAN_POINT('',(-4.7737591389342,15.3746396339272,7.63065047010719));
#2226=CARTESIAN_POINT('Ctrl Pts',(-4.75678771993488,15.3252328974588,7.03308192359274));
#2227=CARTESIAN_POINT('Ctrl Pts',(-4.76527356131083,15.3499366624213,7.33186855019809));
#2228=CARTESIAN_POINT('Ctrl Pts',(-4.77375913909032,15.3746396332229,7.63065047016078));
#2229=CARTESIAN_POINT('',(-4.49521168789753,14.5093713648795,7.10822345489566));
#2230=CARTESIAN_POINT('Ctrl Pts',(-4.49521168937369,14.5093713691377,7.10822345491687));
#2231=CARTESIAN_POINT('Ctrl Pts',(-4.61615003397188,14.886580783225,7.07348308402286));
#2232=CARTESIAN_POINT('Ctrl Pts',(-4.75678772011413,15.3252328980178,7.0330819235606));
#2233=CARTESIAN_POINT('',(-4.51220264165239,14.5588370637662,7.70612210428057));
#2234=CARTESIAN_POINT('Ctrl Pts',(-4.51220264184242,14.5588370640322,7.70612210425296));
#2235=CARTESIAN_POINT('Ctrl Pts',(-4.50370715599001,14.5341041851633,7.40717302533466));
#2236=CARTESIAN_POINT('Ctrl Pts',(-4.49521168741284,14.5093713630242,7.10822345506286));
#2237=CARTESIAN_POINT('Ctrl Pts',(-4.77375913927863,15.3746396338106,7.6306504700418));
#2238=CARTESIAN_POINT('Ctrl Pts',(-4.74210346456075,15.2759038889351,7.63991186312429));
#2239=CARTESIAN_POINT('Ctrl Pts',(-4.63485055007623,14.9413781441412,7.67097627562537));
#2240=CARTESIAN_POINT('Ctrl Pts',(-4.51220264176886,14.5588370637983,7.70612210503626));
#2241=CARTESIAN_POINT('Origin',(-5.12438774108887,13.8542532920837,7.44319945573807));
#2242=CARTESIAN_POINT('',(-4.49294421693348,11.8829710181472,7.92482226277512));
#2243=CARTESIAN_POINT('',(-5.77438834703564,15.8691332627367,7.55972329473294));
#2244=CARTESIAN_POINT('Ctrl Pts',(-4.49294421636449,11.8829710184644,7.92482226278325));
#2245=CARTESIAN_POINT('Ctrl Pts',(-5.03424405310352,13.5667769726448,7.77078983818985));
#2246=CARTESIAN_POINT('Ctrl Pts',(-5.77438834750296,15.8691332625828,7.55972329469077));
#2247=CARTESIAN_POINT('',(-4.47285179549162,11.8346115791219,7.3265063610982));
#2248=CARTESIAN_POINT('Ctrl Pts',(-4.47285179571323,11.8346115778048,7.32650635130361));
#2249=CARTESIAN_POINT('Ctrl Pts',(-4.48299215222204,11.8590111285404,7.62875678133366));
#2250=CARTESIAN_POINT('Ctrl Pts',(-4.4929442163269,11.8829710183478,7.92482226277905));
#2251=CARTESIAN_POINT('',(-5.75507843867891,15.8231829383006,6.96225351607619));
#2252=CARTESIAN_POINT('Ctrl Pts',(-5.75507843919856,15.823182938154,6.96225351629882));
#2253=CARTESIAN_POINT('Ctrl Pts',(-5.54764957650645,15.1779348921798,7.02149320460503));
#2254=CARTESIAN_POINT('Ctrl Pts',(-4.77409091553257,12.7716382373308,7.24203604591563));
#2255=CARTESIAN_POINT('Ctrl Pts',(-4.47285179641837,11.8346115796776,7.32650636480106));
#2256=CARTESIAN_POINT('Ctrl Pts',(-5.7743883473115,15.8691332619862,7.55972329478852));
#2257=CARTESIAN_POINT('Ctrl Pts',(-5.77126263020116,15.8614856149114,7.47196358818041));
#2258=CARTESIAN_POINT('Ctrl Pts',(-5.76830130265143,15.854323854453,7.38524524444009));
#2259=CARTESIAN_POINT('Ctrl Pts',(-5.76188503602085,15.8389951185268,7.18930020773482));
#2260=CARTESIAN_POINT('Ctrl Pts',(-5.75840028013052,15.8308155264599,7.07665920099343));
#2261=CARTESIAN_POINT('Ctrl Pts',(-5.75507843894679,15.8231829373765,6.96225351613006));
#2262=CARTESIAN_POINT('Origin',(-14.6767808225341,9.05617110817252,12.0457243055635));
#2263=CARTESIAN_POINT('',(-3.73099489984567,12.1277605412615,7.9290618500465));
#2264=CARTESIAN_POINT('Ctrl Pts',(-3.73099489976515,12.1277605410106,7.92906185004928));
#2265=CARTESIAN_POINT('Ctrl Pts',(-3.9847800982058,12.0462969016838,7.92846605700066));
#2266=CARTESIAN_POINT('Ctrl Pts',(-4.23876380285802,11.9646995384501,7.9270508341051));
#2267=CARTESIAN_POINT('Ctrl Pts',(-4.49294421693556,11.8829710181534,7.92482226278844));
#2268=CARTESIAN_POINT('',(-3.71386733947515,12.0785046883248,7.33211941140007));
#2269=CARTESIAN_POINT('Ctrl Pts',(-3.71386733943032,12.0785046880962,7.33211941142019));
#2270=CARTESIAN_POINT('Ctrl Pts',(-3.72249880275351,12.1033250676371,7.63327325151776));
#2271=CARTESIAN_POINT('Ctrl Pts',(-3.73099489951418,12.1277605410937,7.92906185006959));
#2272=CARTESIAN_POINT('Ctrl Pts',(-4.47285179553135,11.834611579105,7.32650636487885));
#2273=CARTESIAN_POINT('Ctrl Pts',(-4.22685921930987,11.9137545103621,7.32944688120982));
#2274=CARTESIAN_POINT('Ctrl Pts',(-3.95960155746617,11.9996419665315,7.33148815968495));
#2275=CARTESIAN_POINT('Ctrl Pts',(-3.71386733941842,12.0785046881439,7.33211941190836));
#2276=CARTESIAN_POINT('Origin',(-3.99378299713135,12.9480743408203,7.55258187651634));
#2277=CARTESIAN_POINT('',(-4.25656850066138,13.7683773887274,7.17649590143647));
#2278=CARTESIAN_POINT('',(-4.27369098630233,13.8177675439943,7.77381228303492));
#2279=CARTESIAN_POINT('',(-4.25656820618983,13.7683764826336,7.17649598889882));
#2280=CARTESIAN_POINT('Ctrl Pts',(-3.7138673396698,12.0785046888386,7.33211941184375));
#2281=CARTESIAN_POINT('Ctrl Pts',(-3.9182734262367,12.7149879562129,7.27352065035415));
#2282=CARTESIAN_POINT('Ctrl Pts',(-4.25656838512735,13.7683770398384,7.17649593375114));
#2283=CARTESIAN_POINT('Ctrl Pts',(-4.27373543872923,13.8177532599353,7.7738121940058));
#2284=CARTESIAN_POINT('Ctrl Pts',(-3.98262648929195,12.9112943150291,7.857086379654));
#2285=CARTESIAN_POINT('Ctrl Pts',(-3.7309948996282,12.1277605414489,7.92906185001714));
#2286=CARTESIAN_POINT('Origin',(-1.21774435043335,16.9572067260742,7.25614950060844));
#2287=CARTESIAN_POINT('',(-1.61471323714213,16.9084929283022,6.95815675644141));
#2288=CARTESIAN_POINT('',(-1.62057938781363,16.9603692536709,7.55426278583698));
#2289=CARTESIAN_POINT('Ctrl Pts',(-1.6147132371312,16.9084929282948,6.95815675644217));
#2290=CARTESIAN_POINT('Ctrl Pts',(-1.6175751780433,16.9338119583891,7.24909464534779));
#2291=CARTESIAN_POINT('Ctrl Pts',(-1.62057938820303,16.9603692536863,7.55426278583361));
#2292=CARTESIAN_POINT('',(-0.816494560472154,16.9538260389228,6.95657646131557));
#2293=CARTESIAN_POINT('',(-0.951743567024074,16.9461448628269,6.95684422350864));
#2294=CARTESIAN_POINT('',(-0.819221915232802,17.0061505796734,7.55575843657656));
#2295=CARTESIAN_POINT('',(-0.817859641706087,16.980015245904,7.2564759088014));
#2296=CARTESIAN_POINT('Ctrl Pts',(-1.62057938794323,16.9603692537022,7.55426278584558));
#2297=CARTESIAN_POINT('Ctrl Pts',(-1.21968705253297,16.9833506703678,7.55590785483238));
#2298=CARTESIAN_POINT('Ctrl Pts',(-0.819221915213721,17.0061505793402,7.55575843661977));
#2299=CARTESIAN_POINT('Origin',(0.563933849334717,13.2327437400818,7.58544936776161));
#2300=CARTESIAN_POINT('',(0.584392128750464,12.8261790810782,7.32113521548664));
#2301=CARTESIAN_POINT('',(0.540992805752715,13.5871123711765,7.25456868282482));
#2302=CARTESIAN_POINT('',(0.533165685042981,13.7243476157648,7.24256332835808));
#2303=CARTESIAN_POINT('',(0.586882392369208,12.878424133721,7.91745668797842));
#2304=CARTESIAN_POINT('',(0.585623169457908,12.8520059842502,7.61592172886758));
#2305=CARTESIAN_POINT('',(0.543482790184817,13.6394024270553,7.85113763852678));
#2306=CARTESIAN_POINT('Ctrl Pts',(0.543482790659881,13.6394024273812,7.85113763846053));
#2307=CARTESIAN_POINT('Ctrl Pts',(0.565878311151663,13.2467162512702,7.88537190274203));
#2308=CARTESIAN_POINT('Ctrl Pts',(0.586882391809746,12.8784241338229,7.917456687939));
#2309=CARTESIAN_POINT('',(0.542355148378897,13.6157217702462,7.58096877891597));
#2310=CARTESIAN_POINT('Origin',(-0.720231533050537,15.2639961242676,7.40727245807648));
#2311=CARTESIAN_POINT('',(-0.621234984754537,13.5217188899008,7.25681613912238));
#2312=CARTESIAN_POINT('',(-0.688661683885558,14.7068881975143,7.15313789201671));
#2313=CARTESIAN_POINT('',(-0.623958996527292,13.5739884074891,7.85651623521694));
#2314=CARTESIAN_POINT('',(-0.622731265752702,13.5504301765782,7.58622728274789));
#2315=CARTESIAN_POINT('Ctrl Pts',(-0.819221914872257,17.0061505797185,7.55575843658819));
#2316=CARTESIAN_POINT('Ctrl Pts',(-0.709481752896029,15.0772332229148,7.72478844423696));
#2317=CARTESIAN_POINT('Ctrl Pts',(-0.623958996667478,13.573988407857,7.85651623520568));
#2318=CARTESIAN_POINT('Origin',(2.18695878982544,14.1526317596436,7.1868896484375));
#2319=CARTESIAN_POINT('',(2.83851214452754,13.6783877492815,7.21805679991079));
#2320=CARTESIAN_POINT('',(1.4158574037976,13.915747883013,7.21871089306743));
#2321=CARTESIAN_POINT('',(2.1846557320775,13.7874791830922,7.21835742314588));
#2322=CARTESIAN_POINT('',(2.95814570756771,14.3895043542798,7.15506810750287));
#2323=CARTESIAN_POINT('',(2.89824643068476,14.0334556892114,7.18660588863293));
#2324=CARTESIAN_POINT('',(1.53531989878888,14.6268870549967,7.15572279307966));
#2325=CARTESIAN_POINT('',(2.30730760929222,14.4980894702641,7.15536757792999));
#2326=CARTESIAN_POINT('',(1.47565703174453,14.2717245257594,7.18718078862378));
#2327=CARTESIAN_POINT('Origin',(1.47857904434204,14.2972850799561,7.48607650399208));
#2328=CARTESIAN_POINT('',(1.541300220959,14.6788191944649,7.75343083494542));
#2329=CARTESIAN_POINT('',(1.53858911156387,14.6552763644896,7.48246686263642));
#2330=CARTESIAN_POINT('',(1.42183855746534,13.967685407837,7.81643396929496));
#2331=CARTESIAN_POINT('Ctrl Pts',(1.42183855808172,13.9676854077408,7.81643396922592));
#2332=CARTESIAN_POINT('Ctrl Pts',(1.47990969713244,14.3133725167189,7.78581006417211));
#2333=CARTESIAN_POINT('Ctrl Pts',(1.54130022034412,14.6788191945682,7.75343083488692));
#2334=CARTESIAN_POINT('',(1.41912731835059,13.9441422822448,7.54548787626158));
#2335=CARTESIAN_POINT('Origin',(2.90419816970825,14.0594339370728,7.4854202568531));
#2336=CARTESIAN_POINT('',(2.85025061984166,13.729363657029,7.8157654091554));
#2337=CARTESIAN_POINT('',(2.84494081961581,13.7063051357682,7.54539696849328));
#2338=CARTESIAN_POINT('',(2.96988374017743,14.4404772694717,7.75278915594892));
#2339=CARTESIAN_POINT('Ctrl Pts',(2.96988374094738,14.4404772693411,7.75278915590641));
#2340=CARTESIAN_POINT('Ctrl Pts',(2.90840681198746,14.0750509392354,7.78515445265603));
#2341=CARTESIAN_POINT('Ctrl Pts',(2.85025061907052,13.7293636571725,7.81576540916874));
#2342=CARTESIAN_POINT('',(2.96457395918429,14.4174193151373,7.48240586362672));
#2343=CARTESIAN_POINT('Origin',(6.31247997283936,11.2208390235901,7.59976580739021));
#2344=CARTESIAN_POINT('',(6.42073823043295,11.3442792356873,7.28512766360183));
#2345=CARTESIAN_POINT('',(6.17583100942281,11.0534821562405,7.31780272740027));
#2346=CARTESIAN_POINT('Ctrl Pts',(6.42072231550171,11.3442537184576,7.2851303322968));
#2347=CARTESIAN_POINT('Ctrl Pts',(6.33914196874428,11.2473895638264,7.29602777402899));
#2348=CARTESIAN_POINT('Ctrl Pts',(6.25751142236361,11.1504655791205,7.30691865292458));
#2349=CARTESIAN_POINT('Ctrl Pts',(6.17583100935518,11.0534821563806,7.3178027281415));
#2350=CARTESIAN_POINT('',(6.44905611863685,11.3881161747548,7.882135036156));
#2351=CARTESIAN_POINT('Ctrl Pts',(6.44903740310465,11.3880939521524,7.88213749047804));
#2352=CARTESIAN_POINT('Ctrl Pts',(6.44789833567825,11.3863095122641,7.85689690328575));
#2353=CARTESIAN_POINT('Ctrl Pts',(6.44698453592919,11.3849077794332,7.83840019233279));
#2354=CARTESIAN_POINT('Ctrl Pts',(6.44412750194165,11.3804964496532,7.77887928803231));
#2355=CARTESIAN_POINT('Ctrl Pts',(6.4433171217508,11.3792372123741,7.76152683373965));
#2356=CARTESIAN_POINT('Ctrl Pts',(6.43967796130166,11.3735949411379,7.68434102109824));
#2357=CARTESIAN_POINT('Ctrl Pts',(6.43536799697152,11.3669237479063,7.59358091718316));
#2358=CARTESIAN_POINT('Ctrl Pts',(6.43442425868806,11.3654624340515,7.57367543048932));
#2359=CARTESIAN_POINT('Ctrl Pts',(6.43031294079653,11.3590862682822,7.48636671393181));
#2360=CARTESIAN_POINT('Ctrl Pts',(6.42645914173315,11.3531314325928,7.40581695204728));
#2361=CARTESIAN_POINT('Ctrl Pts',(6.42561127259944,11.3518266136839,7.38840665097146));
#2362=CARTESIAN_POINT('Ctrl Pts',(6.4228542766432,11.347529475206,7.32860265506849));
#2363=CARTESIAN_POINT('Ctrl Pts',(6.42206965982355,11.3462871327342,7.31044170738468));
#2364=CARTESIAN_POINT('Ctrl Pts',(6.42075516127159,11.344292713995,7.28512572265611));
#2365=CARTESIAN_POINT('',(6.2043388960507,11.0975567773771,7.91510552696161));
#2366=CARTESIAN_POINT('Ctrl Pts',(6.20433889695133,11.0975567779556,7.91510552687553));
#2367=CARTESIAN_POINT('Ctrl Pts',(6.32472922950333,11.2404995597948,7.89888979530887));
#2368=CARTESIAN_POINT('Ctrl Pts',(6.44907483416905,11.3881383973571,7.88213258183395));
#2369=CARTESIAN_POINT('Ctrl Pts',(6.1758310091723,11.0534821561508,7.31780272741885));
#2370=CARTESIAN_POINT('Ctrl Pts',(6.18909443132729,11.0739881447444,7.59570486666891));
#2371=CARTESIAN_POINT('Ctrl Pts',(6.2043388963687,11.0975567772639,7.91510552695488));
#2372=CARTESIAN_POINT('Origin',(8.64234685897827,9.49085712432861,7.58471697568893));
#2373=CARTESIAN_POINT('',(8.42454710624759,9.22748007376902,7.91551361688692));
#2374=CARTESIAN_POINT('',(8.38628408242125,9.19187683498204,7.31898552742495));
#2375=CARTESIAN_POINT('Ctrl Pts',(8.42454710592786,9.22748007422818,7.91551361688142));
#2376=CARTESIAN_POINT('Ctrl Pts',(8.40457976683652,9.20889970437811,7.60428169309747));
#2377=CARTESIAN_POINT('Ctrl Pts',(8.38628408246876,9.19187683489113,7.31898552742734));
#2378=CARTESIAN_POINT('',(8.89851875212996,9.78994733335904,7.85163483462641));
#2379=CARTESIAN_POINT('Ctrl Pts',(8.89851875299628,9.78994733359512,7.85163483459233));
#2380=CARTESIAN_POINT('Ctrl Pts',(8.6542210329292,9.50003635877229,7.88457432809538));
#2381=CARTESIAN_POINT('Ctrl Pts',(8.42454710590526,9.22748007420106,7.91551361690433));
#2382=CARTESIAN_POINT('',(8.86015586885911,9.75422559252506,7.25511995500929));
#2383=CARTESIAN_POINT('',(8.87917739668363,9.77193755828931,7.55089084821477));
#2384=CARTESIAN_POINT('Ctrl Pts',(8.38628408254156,9.19187683496524,7.31898552817156));
#2385=CARTESIAN_POINT('Ctrl Pts',(8.54443116474963,9.37955126497069,7.2976970391059));
#2386=CARTESIAN_POINT('Ctrl Pts',(8.70238942463494,9.56700204245947,7.27640791715676));
#2387=CARTESIAN_POINT('Ctrl Pts',(8.86015586888554,9.75422559258711,7.25511995575147));
#2388=CARTESIAN_POINT('Origin',(5.14499023879918,10.3466703421919,22.8560280770253));
#2389=CARTESIAN_POINT('',(-6.28228814872941,12.2411904024035,7.22388977343568));
#2390=CARTESIAN_POINT('',(-6.30893353792188,12.2864206733829,7.82158937475513));
#2391=CARTESIAN_POINT('Ctrl Pts',(-6.28228814872941,12.2411904024035,7.22388977343568));
#2392=CARTESIAN_POINT('Ctrl Pts',(-6.29116981974007,12.2562670176463,7.42312298953676));
#2393=CARTESIAN_POINT('Ctrl Pts',(-6.30005161864021,12.2713437565417,7.62235619071488));
#2394=CARTESIAN_POINT('Ctrl Pts',(-6.30893354553199,12.2864206190198,7.8215893769705));
#2395=CARTESIAN_POINT('',(-5.51088189134487,12.1253509355451,7.26487019763398));
#2396=CARTESIAN_POINT('Ctrl Pts',(-5.5108818912812,12.1253509359486,7.26487019757921));
#2397=CARTESIAN_POINT('Ctrl Pts',(-5.77001241767168,12.164442468935,7.25162374493754));
#2398=CARTESIAN_POINT('Ctrl Pts',(-6.02759166518839,12.2030424673973,7.23790390649789));
#2399=CARTESIAN_POINT('Ctrl Pts',(-6.28231421574857,12.2409909491393,7.22388546956766));
#2400=CARTESIAN_POINT('',(-5.53476422895475,12.1714100148954,7.86301499066722));
#2401=CARTESIAN_POINT('Ctrl Pts',(-5.53476422931678,12.1714100152695,7.86301499062408));
#2402=CARTESIAN_POINT('Ctrl Pts',(-5.5268007788534,12.1561495774954,7.66382311052566));
#2403=CARTESIAN_POINT('Ctrl Pts',(-5.51884031022243,12.1407947128722,7.4644405730981));
#2404=CARTESIAN_POINT('Ctrl Pts',(-5.51088189178502,12.1253509360264,7.26487019757919));
#2405=CARTESIAN_POINT('Ctrl Pts',(-6.30890036025503,12.2866576793035,7.82157971647356));
#2406=CARTESIAN_POINT('Ctrl Pts',(-6.05062126332862,12.2484396909205,7.83583829536604));
#2407=CARTESIAN_POINT('Ctrl Pts',(-5.79257493777144,12.2100305093586,7.84966596232525));
#2408=CARTESIAN_POINT('Ctrl Pts',(-5.53476422890662,12.1714100152078,7.86301499064132));
#2409=CARTESIAN_POINT('Origin',(-3.75118199173113,12.6773031080108,7.88287351156086));
#2410=CARTESIAN_POINT('',(-4.17111011647947,15.5296353476758,7.63391212203517));
#2411=CARTESIAN_POINT('Ctrl Pts',(-4.17141537042562,15.5314728478672,7.63382726651883));
#2412=CARTESIAN_POINT('Ctrl Pts',(-4.20436788036792,15.52658794309,7.63344727570342));
#2413=CARTESIAN_POINT('Ctrl Pts',(-4.2367240746601,15.5212091282153,7.63310437477068));
#2414=CARTESIAN_POINT('Ctrl Pts',(-4.42980994818701,15.4858536888309,7.63114297699111));
#2415=CARTESIAN_POINT('Ctrl Pts',(-4.60613122290609,15.4381300129449,7.63002602167614));
#2416=CARTESIAN_POINT('Ctrl Pts',(-4.77375913871859,15.3746396333578,7.63065047009637));
#2417=CARTESIAN_POINT('',(-4.15625879005522,15.4795744912362,7.0361877651652));
#2418=CARTESIAN_POINT('Ctrl Pts',(-4.15625879005522,15.4795744912362,7.0361877651652));
#2419=CARTESIAN_POINT('Ctrl Pts',(-4.16120906153875,15.4962616068005,7.23542919509548));
#2420=CARTESIAN_POINT('Ctrl Pts',(-4.16615945321519,15.512948252782,7.43467066150768));
#2421=CARTESIAN_POINT('Ctrl Pts',(-4.17110996380687,15.5296344286511,7.63391216447561));
#2422=CARTESIAN_POINT('Ctrl Pts',(-4.75678771960335,15.325232897586,7.03308192361083));
#2423=CARTESIAN_POINT('Ctrl Pts',(-4.71550971544933,15.3408430695994,7.0329433384439));
#2424=CARTESIAN_POINT('Ctrl Pts',(-4.67424153740099,15.3553722870123,7.03287864329601));
#2425=CARTESIAN_POINT('Ctrl Pts',(-4.48263409274986,15.4180980642378,7.03290271581761));
#2426=CARTESIAN_POINT('Ctrl Pts',(-4.32204114143398,15.4568031598736,7.03387306349243));
#2427=CARTESIAN_POINT('Ctrl Pts',(-4.15655995600468,15.4813854136427,7.0359240816095));
#2428=CARTESIAN_POINT('Origin',(-11.8079513121863,8.20858438118288,7.69950381034133));
#2429=CARTESIAN_POINT('',(-4.06867037874748,16.2730096577052,6.97140319384243));
#2430=CARTESIAN_POINT('Ctrl Pts',(-4.06867037861787,16.2730096567513,6.9714031939123));
#2431=CARTESIAN_POINT('Ctrl Pts',(-4.64830964083878,16.1937411222561,6.96439967843997));
#2432=CARTESIAN_POINT('Ctrl Pts',(-5.21472716831597,16.0423599342851,6.96134281455983));
#2433=CARTESIAN_POINT('Ctrl Pts',(-5.755078438401,15.8231829376166,6.96225351636789));
#2434=CARTESIAN_POINT('',(-4.06581125628251,16.3228297145718,7.56968207281677));
#2435=CARTESIAN_POINT('Ctrl Pts',(-4.06581125635098,16.3228297139537,7.56968207286845));
#2436=CARTESIAN_POINT('Ctrl Pts',(-4.06666699107809,16.3066791828697,7.37538606311519));
#2437=CARTESIAN_POINT('Ctrl Pts',(-4.06750220708793,16.2896798296053,7.17123593531693));
#2438=CARTESIAN_POINT('Ctrl Pts',(-4.06867037883777,16.2730096567225,6.97140319392494));
#2439=CARTESIAN_POINT('Ctrl Pts',(-5.77438834681146,15.8691332621851,7.55972329474553));
#2440=CARTESIAN_POINT('Ctrl Pts',(-5.33932442038217,16.0459257655003,7.5595151052178));
#2441=CARTESIAN_POINT('Ctrl Pts',(-4.88167690382026,16.1810078599987,7.56156149587507));
#2442=CARTESIAN_POINT('Ctrl Pts',(-4.29375555119273,16.2894333242886,7.56713051489918));
#2443=CARTESIAN_POINT('Ctrl Pts',(-4.18008805583999,16.307525718972,7.56833718708536));
#2444=CARTESIAN_POINT('Ctrl Pts',(-4.06581125620277,16.3228297139727,7.56968207285936));
#2445=CARTESIAN_POINT('Origin',(-0.528392791748047,14.1833741324288,7.19932343278612));
#2446=CARTESIAN_POINT('',(-1.37535445131393,12.7154995789641,7.3249609410111));
#2447=CARTESIAN_POINT('Ctrl Pts',(-1.37535445138993,12.7154995789882,7.3249609413375));
#2448=CARTESIAN_POINT('Ctrl Pts',(-1.39019741218543,12.9765385293288,7.30212535827039));
#2449=CARTESIAN_POINT('Ctrl Pts',(-1.50589808756279,15.0092665807012,7.12430277049289));
#2450=CARTESIAN_POINT('Ctrl Pts',(-1.61471323713061,16.9084929283409,6.95815675677481));
#2451=CARTESIAN_POINT('',(-0.388631557228135,12.7712261712593,7.32303470737744));
#2452=CARTESIAN_POINT('',(-0.261191842689676,13.5419769448631,7.25611990615562));
#2453=CARTESIAN_POINT('Origin',(-1.28704842522552,11.855428706235,-3.30091243718775));
#2454=CARTESIAN_POINT('',(-1.38125957983736,12.7672577158106,7.92115260285088));
#2455=CARTESIAN_POINT('Ctrl Pts',(-1.38125957936959,12.7672577158384,7.92115260286427));
#2456=CARTESIAN_POINT('Ctrl Pts',(-1.45739733163542,14.1062583404393,7.80406096655656));
#2457=CARTESIAN_POINT('Ctrl Pts',(-1.5387172225576,15.5310696639818,7.67937769110985));
#2458=CARTESIAN_POINT('Ctrl Pts',(-1.62057938819495,16.96036925365,7.55426278584783));
#2459=CARTESIAN_POINT('Ctrl Pts',(-1.37535445139086,12.7154995789556,7.32496094101108));
#2460=CARTESIAN_POINT('Ctrl Pts',(-1.37822640668203,12.740672119123,7.61491841391506));
#2461=CARTESIAN_POINT('Ctrl Pts',(-1.38125957936844,12.7672577157421,7.92115260286342));
#2462=CARTESIAN_POINT('Origin',(-0.32994270324707,12.8006251653035,7.62145241101583));
#2463=CARTESIAN_POINT('Ctrl Pts',(0.58688239241951,12.8784241338841,7.91745668793092));
#2464=CARTESIAN_POINT('Ctrl Pts',(-0.399030916647219,12.8233818226173,7.92668953770236));
#2465=CARTESIAN_POINT('Ctrl Pts',(-1.38125958000407,12.7672577157065,7.921152602869));
#2466=CARTESIAN_POINT('Origin',(-0.0319881439208984,13.5862789154053,7.6149445772171));
#2467=CARTESIAN_POINT('Ctrl Pts',(-0.623958996495312,13.573988406925,7.85651623528799));
#2468=CARTESIAN_POINT('Ctrl Pts',(-0.041713094341993,13.6068253341275,7.85626537200355));
#2469=CARTESIAN_POINT('Ctrl Pts',(0.543482790225833,13.6394024272523,7.85113763847351));
#2470=CARTESIAN_POINT('Origin',(2.37365341186523,14.5187873840332,7.51406562328339));
#2471=CARTESIAN_POINT('Ctrl Pts',(1.54130022093021,14.6788191943135,7.75343083490309));
#2472=CARTESIAN_POINT('Ctrl Pts',(2.25544595783293,14.5599752568362,7.756527880303));
#2473=CARTESIAN_POINT('Ctrl Pts',(2.96988374020169,14.4404772695753,7.75278915590097));
#2474=CARTESIAN_POINT('Origin',(2.24699211120605,13.8088512420654,7.57709062099457));
#2475=CARTESIAN_POINT('Ctrl Pts',(2.85025061988237,13.7293636572247,7.81576540914824));
#2476=CARTESIAN_POINT('Ctrl Pts',(2.13588160069207,13.8488716293533,7.81971198685221));
#2477=CARTESIAN_POINT('Ctrl Pts',(1.42183855742403,13.9676854076127,7.81643396924353));
#2478=CARTESIAN_POINT('Origin',(8.43917083740234,12.8890037536621,7.43364894390106));
#2479=CARTESIAN_POINT('',(8.11468104010148,13.1895662223296,7.6700687796563));
#2480=CARTESIAN_POINT('',(8.08486157524195,13.1465961021112,7.07341993468973));
#2481=CARTESIAN_POINT('Ctrl Pts',(8.11468104068703,13.1895662223921,7.67006877962252));
#2482=CARTESIAN_POINT('Ctrl Pts',(8.09977135713681,13.1680814781985,7.37174748830543));
#2483=CARTESIAN_POINT('Ctrl Pts',(8.08486157516486,13.1465961021071,7.07341993467424));
#2484=CARTESIAN_POINT('',(8.7101348803353,12.6880729123917,7.6746897057347));
#2485=CARTESIAN_POINT('Ctrl Pts',(8.71013487995338,12.68807291194,7.67468970584934));
#2486=CARTESIAN_POINT('Ctrl Pts',(8.41300742813009,12.9384195901355,7.67330279135257));
#2487=CARTESIAN_POINT('Ctrl Pts',(8.11468104036788,13.1895662226598,7.67006877961063));
#2488=CARTESIAN_POINT('',(8.67812854814471,12.6468424966462,7.07712965947644));
#2489=CARTESIAN_POINT('Ctrl Pts',(8.67812854825847,12.6468424968952,7.07712965945234));
#2490=CARTESIAN_POINT('Ctrl Pts',(8.69413197842674,12.6674580789923,7.37591491605675));
#2491=CARTESIAN_POINT('Ctrl Pts',(8.71013488009715,12.6880729118117,7.67468970578747));
#2492=CARTESIAN_POINT('Ctrl Pts',(8.08486157524343,13.1465961021201,7.07341993536843));
#2493=CARTESIAN_POINT('Ctrl Pts',(8.28296608739514,12.9797762908659,7.07517194262992));
#2494=CARTESIAN_POINT('Ctrl Pts',(8.48072586949333,12.8131880897811,7.07640686387805));
#2495=CARTESIAN_POINT('Ctrl Pts',(8.6781285483662,12.6468424969131,7.07712966040535));
#2496=CARTESIAN_POINT('Origin',(8.29547564188639,10.264253616333,7.55718489487966));
#2497=CARTESIAN_POINT('',(7.70799910018149,10.7251521316349,7.26012657493146));
#2498=CARTESIAN_POINT('Ctrl Pts',(8.86015586885487,9.75422559251182,7.25511995575803));
#2499=CARTESIAN_POINT('Ctrl Pts',(8.47753302967628,10.0768825133221,7.25870563272138));
#2500=CARTESIAN_POINT('Ctrl Pts',(8.09345549428575,10.4005475065064,7.2603878612471));
#2501=CARTESIAN_POINT('Ctrl Pts',(7.707999100236,10.7251521317005,7.26012657590813));
#2502=CARTESIAN_POINT('',(7.74114962390381,10.7655276420897,7.85895520910109));
#2503=CARTESIAN_POINT('Ctrl Pts',(7.74114962390391,10.7655276420898,7.85895520910107));
#2504=CARTESIAN_POINT('Ctrl Pts',(8.31808660154872,10.2796760264206,7.85938722747756));
#2505=CARTESIAN_POINT('Ctrl Pts',(8.89851875230172,9.7899473334601,7.8516348346447));
#2506=CARTESIAN_POINT('Ctrl Pts',(7.7079991000191,10.7251521314376,7.26012657200143));
#2507=CARTESIAN_POINT('Ctrl Pts',(7.72461151334583,10.7453661618462,7.56004562826181));
#2508=CARTESIAN_POINT('Ctrl Pts',(7.74114962390371,10.76552764209,7.85895520910098));
#2509=CARTESIAN_POINT('Origin',(7.77050674862345,15.9750027037027,7.53347784622437));
#2510=CARTESIAN_POINT('',(10.0598398225019,11.3089640954282,7.68631025018705));
#2511=CARTESIAN_POINT('Ctrl Pts',(10.0676827245018,11.2905345456402,7.68695323106034));
#2512=CARTESIAN_POINT('Ctrl Pts',(10.0525123009407,11.2831417330358,7.68835447868195));
#2513=CARTESIAN_POINT('Ctrl Pts',(10.0373047346422,11.2758224381361,7.68975329077376));
#2514=CARTESIAN_POINT('Ctrl Pts',(9.52149547757319,11.0306602224732,7.73699915991248));
#2515=CARTESIAN_POINT('Ctrl Pts',(8.98049095558652,10.8772528691465,7.77989805282494));
#2516=CARTESIAN_POINT('Ctrl Pts',(8.23510185644338,10.779124905622,7.83001807793089));
#2517=CARTESIAN_POINT('Ctrl Pts',(7.99027381056483,10.7632898273745,7.84517576583042));
#2518=CARTESIAN_POINT('Ctrl Pts',(7.74114962390381,10.7655276420898,7.85895520910107));
#2519=CARTESIAN_POINT('',(10.0223743496288,11.2723545030511,7.08923741386081));
#2520=CARTESIAN_POINT('',(10.0223350524902,11.2723159790039,7.08860814571381));
#2521=CARTESIAN_POINT('Ctrl Pts',(7.70799910023557,10.7251521317007,7.26012657590813));
#2522=CARTESIAN_POINT('Ctrl Pts',(8.05468473005972,10.7228920003955,7.24108173101212));
#2523=CARTESIAN_POINT('Ctrl Pts',(8.40127103463087,10.7551284391278,7.21912253468193));
#2524=CARTESIAN_POINT('Ctrl Pts',(9.18968119216218,10.9091832083841,7.16297802361939));
#2525=CARTESIAN_POINT('Ctrl Pts',(9.62256566718044,11.0546656171952,7.1274937383502));
#2526=CARTESIAN_POINT('Ctrl Pts',(10.0303458767022,11.2541765337315,7.08986684577091));
#2527=CARTESIAN_POINT('Origin',(-7.04715913130712,14.8551233899881,6.37163421415516));
#2528=CARTESIAN_POINT('',(-7.20344094997916,14.3630400551379,7.62499272534368));
#2529=CARTESIAN_POINT('',(-7.32319979313353,13.5927416132235,7.67803220081619));
#2530=CARTESIAN_POINT('Ctrl Pts',(-7.20344095069846,14.3630400552416,7.62499272521158));
#2531=CARTESIAN_POINT('Ctrl Pts',(-7.24373972853115,14.1060815263441,7.64290793209056));
#2532=CARTESIAN_POINT('Ctrl Pts',(-7.28357353149318,13.8493021581592,7.66060149381121));
#2533=CARTESIAN_POINT('Ctrl Pts',(-7.32319979258167,13.5927416131417,7.67803220086632));
#2534=CARTESIAN_POINT('',(-7.17791897589999,14.3172693034346,7.02778654949902));
#2535=CARTESIAN_POINT('Ctrl Pts',(-7.17791897569881,14.3172693030425,7.02778654953789));
#2536=CARTESIAN_POINT('Ctrl Pts',(-7.18657507679922,14.3325551800945,7.22676845528999));
#2537=CARTESIAN_POINT('Ctrl Pts',(-7.19502672634554,14.3478003715759,7.42584430879498));
#2538=CARTESIAN_POINT('Ctrl Pts',(-7.2034409506628,14.3630400555011,7.624992725287));
#2539=CARTESIAN_POINT('',(-7.29611670572701,13.5490816107788,7.08039565729398));
#2540=CARTESIAN_POINT('Ctrl Pts',(-7.29611670529196,13.5490816107151,7.08039565733783));
#2541=CARTESIAN_POINT('Ctrl Pts',(-7.28980318592933,13.5902826485857,7.07760626364623));
#2542=CARTESIAN_POINT('Ctrl Pts',(-7.28353727616802,13.631157032111,7.07483338884689));
#2543=CARTESIAN_POINT('Ctrl Pts',(-7.24538827709145,13.8798995112467,7.05792714403385));
#2544=CARTESIAN_POINT('Ctrl Pts',(-7.21217771512705,14.0961458239896,7.0430886450467));
#2545=CARTESIAN_POINT('Ctrl Pts',(-7.1779189756843,14.3172693034661,7.02778655043595));
#2546=CARTESIAN_POINT('Ctrl Pts',(-7.32319979269496,13.5927416124006,7.67803220089566));
#2547=CARTESIAN_POINT('Ctrl Pts',(-7.31429240290161,13.5781641685494,7.47795779514068));
#2548=CARTESIAN_POINT('Ctrl Pts',(-7.30528335016187,13.5635942770072,7.27842397474815));
#2549=CARTESIAN_POINT('Ctrl Pts',(-7.29611670538201,13.54908161012,7.08039565735823));
#2550=CARTESIAN_POINT('Origin',(-7.89856762504728,12.1407744900359,7.76645453385606));
#2551=CARTESIAN_POINT('',(-9.1747236964667,10.3549243113779,7.19775508022943));
#2552=CARTESIAN_POINT('',(-9.21229323317107,10.3913780224536,7.79544981128228));
#2553=CARTESIAN_POINT('',(-9.17477607727051,10.3549575805664,7.19773888587952));
#2554=CARTESIAN_POINT('',(-9.51048496991197,13.5155012720895,6.97223769162779));
#2555=CARTESIAN_POINT('Ctrl Pts',(-9.50860122689913,13.5138657853257,6.97223037526824));
#2556=CARTESIAN_POINT('Ctrl Pts',(-9.61545996901629,13.3900175357802,6.97497726817966));
#2557=CARTESIAN_POINT('Ctrl Pts',(-9.70935355863682,13.2526188062669,6.97914881518248));
#2558=CARTESIAN_POINT('Ctrl Pts',(-9.94151102341479,12.8119083554611,6.99576966567599));
#2559=CARTESIAN_POINT('Ctrl Pts',(-10.0255591193093,12.4800125725258,7.01255529981515));
#2560=CARTESIAN_POINT('Ctrl Pts',(-10.0455559449846,11.8465470497081,7.05197429442868));
#2561=CARTESIAN_POINT('Ctrl Pts',(-9.98259023157011,11.5105006000321,7.07676326638368));
#2562=CARTESIAN_POINT('Ctrl Pts',(-9.71001333373259,10.9048062854889,7.1308932066569));
#2563=CARTESIAN_POINT('Ctrl Pts',(-9.50040545744748,10.6351623360686,7.16029462886855));
#2564=CARTESIAN_POINT('Ctrl Pts',(-9.22847218533479,10.4094850691529,7.19097149502524));
#2565=CARTESIAN_POINT('Ctrl Pts',(-9.19898131238796,10.3862547307233,7.19422297828025));
#2566=CARTESIAN_POINT('Ctrl Pts',(-9.1685877365556,10.3636003659754,7.19749593555461));
#2567=CARTESIAN_POINT('',(-9.35050919915501,13.7592810994003,7.56617592077883));
#2568=CARTESIAN_POINT('Ctrl Pts',(-9.35050928018175,13.7592811910303,7.56617590882437));
#2569=CARTESIAN_POINT('Ctrl Pts',(-9.4028500392929,13.6886143443089,7.38617120176909));
#2570=CARTESIAN_POINT('Ctrl Pts',(-9.45171755568146,13.6149917348181,7.20643939929239));
#2571=CARTESIAN_POINT('Ctrl Pts',(-9.49683840172387,13.5388154934306,7.02697144090588));
#2572=CARTESIAN_POINT('Ctrl Pts',(-9.50142603852859,13.5310703166601,7.00872413653601));
#2573=CARTESIAN_POINT('Ctrl Pts',(-9.50597498166398,13.5232987636998,6.99047955718452));
#2574=CARTESIAN_POINT('Ctrl Pts',(-9.51048496991197,13.5155012720895,6.97223769162779));
#2575=CARTESIAN_POINT('Ctrl Pts',(-9.20675857449422,10.3990730921512,7.79532821528365));
#2576=CARTESIAN_POINT('Ctrl Pts',(-9.28128275694896,10.4549187177149,7.78724744752191));
#2577=CARTESIAN_POINT('Ctrl Pts',(-9.35101638718233,10.5147513668992,7.7792230508047));
#2578=CARTESIAN_POINT('Ctrl Pts',(-9.63230499765378,10.7874273194342,7.74494852105482));
#2579=CARTESIAN_POINT('Ctrl Pts',(-9.81546015454967,11.0586035409833,7.71696952584865));
#2580=CARTESIAN_POINT('Ctrl Pts',(-10.0436244226539,11.6542965135427,7.66602905761678));
#2581=CARTESIAN_POINT('Ctrl Pts',(-10.088630486754,11.9788097406262,7.64301274288169));
#2582=CARTESIAN_POINT('Ctrl Pts',(-10.0471100683432,12.583602219543,7.60673038439126));
#2583=CARTESIAN_POINT('Ctrl Pts',(-9.95814910613482,12.8993689608311,7.59132607191048));
#2584=CARTESIAN_POINT('Ctrl Pts',(-9.6848401211071,13.3974701694829,7.57322481849314));
#2585=CARTESIAN_POINT('Ctrl Pts',(-9.52683050756084,13.5945169499344,7.56837695760721));
#2586=CARTESIAN_POINT('Ctrl Pts',(-9.34715931230305,13.7554928416803,7.56667015386095));
#2587=CARTESIAN_POINT('Origin',(-7.95012211603874,12.3349300349007,7.73200317147805));
#2588=CARTESIAN_POINT('',(-6.79045494202571,10.2155812672703,7.94854428172711));
#2589=CARTESIAN_POINT('Ctrl Pts',(-5.5347642293416,12.1714100149217,7.8630149906461));
#2590=CARTESIAN_POINT('Ctrl Pts',(-5.5451232892936,12.0272965036159,7.87380276973741));
#2591=CARTESIAN_POINT('Ctrl Pts',(-5.56844942699362,11.8863929573451,7.88375706853472));
#2592=CARTESIAN_POINT('Ctrl Pts',(-5.66742615986419,11.4939856832382,7.9097822769059));
#2593=CARTESIAN_POINT('Ctrl Pts',(-5.78353584368055,11.2265545023318,7.9250983441665));
#2594=CARTESIAN_POINT('Ctrl Pts',(-6.1045561122008,10.7512309499478,7.94553874219714));
#2595=CARTESIAN_POINT('Ctrl Pts',(-6.30946318188909,10.5433335341963,7.95060092907593));
#2596=CARTESIAN_POINT('Ctrl Pts',(-6.60859650950822,10.3248525611282,7.95060096523915));
#2597=CARTESIAN_POINT('Ctrl Pts',(-6.69737267986657,10.2680532830165,7.94990683369852));
#2598=CARTESIAN_POINT('Ctrl Pts',(-6.79102248365563,10.2166600175397,7.94844386769362));
#2599=CARTESIAN_POINT('',(-6.75820466618257,10.1738773824646,7.35110253611474));
#2600=CARTESIAN_POINT('Ctrl Pts',(-6.75887501272029,10.175141499976,7.35097860287916));
#2601=CARTESIAN_POINT('Ctrl Pts',(-6.66965922661714,10.2241551491041,7.35238726694011));
#2602=CARTESIAN_POINT('Ctrl Pts',(-6.58503435979068,10.278033829149,7.35307894809641));
#2603=CARTESIAN_POINT('Ctrl Pts',(-6.30405315755437,10.481112933516,7.35324742636021));
#2604=CARTESIAN_POINT('Ctrl Pts',(-6.11016532937281,10.6718182702246,7.3488780187555));
#2605=CARTESIAN_POINT('Ctrl Pts',(-5.79887196345795,11.1074969909823,7.33089185338303));
#2606=CARTESIAN_POINT('Ctrl Pts',(-5.68147007596607,11.3524757480582,7.31734213333664));
#2607=CARTESIAN_POINT('Ctrl Pts',(-5.55833798490192,11.7577701610547,7.29141561518845));
#2608=CARTESIAN_POINT('Ctrl Pts',(-5.52358071292779,11.9395867263915,7.27876997080439));
#2609=CARTESIAN_POINT('Ctrl Pts',(-5.5108818918148,12.1253509355738,7.26487019758723));
#2610=CARTESIAN_POINT('Ctrl Pts',(-6.79045494202571,10.2155812672703,7.94854428172711));
#2611=CARTESIAN_POINT('Ctrl Pts',(-6.77970574826702,10.2016759842085,7.74939724872621));
#2612=CARTESIAN_POINT('Ctrl Pts',(-6.76895565062684,10.1877746720139,7.55025000164437));
#2613=CARTESIAN_POINT('Ctrl Pts',(-6.75820463549746,10.1738773245997,7.35110254178778));
#2614=CARTESIAN_POINT('Origin',(-8.87630732303321,12.5616177652387,7.68210770431006));
#2615=CARTESIAN_POINT('',(-6.4488871445742,11.5742006082411,7.26619299505788));
#2616=CARTESIAN_POINT('Ctrl Pts',(-6.28229840824533,12.2410898986259,7.22387868724663));
#2617=CARTESIAN_POINT('Ctrl Pts',(-6.29396146398982,12.1366242945726,7.23125913887046));
#2618=CARTESIAN_POINT('Ctrl Pts',(-6.31188121065479,12.0345675473153,7.23814777270338));
#2619=CARTESIAN_POINT('Ctrl Pts',(-6.36307928375208,11.8169107287932,7.25215024520109));
#2620=CARTESIAN_POINT('Ctrl Pts',(-6.40097667459366,11.6947762077616,7.25952256920765));
#2621=CARTESIAN_POINT('Ctrl Pts',(-6.4488871445742,11.5742006082411,7.26619299505788));
#2622=CARTESIAN_POINT('',(-6.41019663700909,11.802937371706,7.85330119463509));
#2623=CARTESIAN_POINT('Ctrl Pts',(-6.41019763523214,11.8029341011161,7.85330107067599));
#2624=CARTESIAN_POINT('Ctrl Pts',(-6.38481791935243,11.8843292665731,7.8484154289231));
#2625=CARTESIAN_POINT('Ctrl Pts',(-6.3638484882307,11.9658225848594,7.84327467021792));
#2626=CARTESIAN_POINT('Ctrl Pts',(-6.33091861750027,12.124311837114,7.83285979315647));
#2627=CARTESIAN_POINT('Ctrl Pts',(-6.31800912601331,12.2046480945035,7.82737938244529));
#2628=CARTESIAN_POINT('Ctrl Pts',(-6.30892067491499,12.2865397874785,7.82158773589446));
#2629=CARTESIAN_POINT('Ctrl Pts',(-6.44888759676357,11.5741995698179,7.2661935901965));
#2630=CARTESIAN_POINT('Ctrl Pts',(-6.4336581111381,11.6495805531412,7.46206636921664));
#2631=CARTESIAN_POINT('Ctrl Pts',(-6.42073953359108,11.7258858286525,7.65776554235281));
#2632=CARTESIAN_POINT('Ctrl Pts',(-6.41019663700909,11.802937371706,7.85330119463509));
#2633=CARTESIAN_POINT('Origin',(-7.82158709011011,12.12936091254,7.76610883986018));
#2634=CARTESIAN_POINT('',(-7.77155806573507,10.6667819390909,7.26162146320981));
#2635=CARTESIAN_POINT('',(-9.11687404811846,11.5430536921624,7.12651711329236));
#2636=CARTESIAN_POINT('Ctrl Pts',(-7.77161805491505,10.6639128115813,7.26181122552942));
#2637=CARTESIAN_POINT('Ctrl Pts',(-7.81200945888215,10.6637836344214,7.25953341480341));
#2638=CARTESIAN_POINT('Ctrl Pts',(-7.85189256719642,10.6653372819742,7.25716178205987));
#2639=CARTESIAN_POINT('Ctrl Pts',(-8.0534103048311,10.6812169738119,7.24460587642878));
#2640=CARTESIAN_POINT('Ctrl Pts',(-8.22545020066219,10.7238947205058,7.2318118726945));
#2641=CARTESIAN_POINT('Ctrl Pts',(-8.54181910754606,10.8691489410238,7.20386735693729));
#2642=CARTESIAN_POINT('Ctrl Pts',(-8.68614902869362,10.9717259878341,7.1887301283342));
#2643=CARTESIAN_POINT('Ctrl Pts',(-8.92863991842516,11.2130505069747,7.15886358191924));
#2644=CARTESIAN_POINT('Ctrl Pts',(-9.0379339771133,11.3710684182223,7.14223543040692));
#2645=CARTESIAN_POINT('Ctrl Pts',(-9.11222128025577,11.5449845507234,7.12658695939959));
#2646=CARTESIAN_POINT('',(-7.80530385677581,10.7073461711892,7.85925031351795));
#2647=CARTESIAN_POINT('Ctrl Pts',(-7.80530385677581,10.7073461711892,7.85925031351795));
#2648=CARTESIAN_POINT('Ctrl Pts',(-7.79405484517129,10.6938248215882,7.66004071579968));
#2649=CARTESIAN_POINT('Ctrl Pts',(-7.78280624607242,10.6803035105042,7.46083109244144));
#2650=CARTESIAN_POINT('Ctrl Pts',(-7.77155805949307,10.66678223763,7.26162144346463));
#2651=CARTESIAN_POINT('',(-9.07265663146973,11.4344501495361,7.73834228515625));
#2652=CARTESIAN_POINT('Ctrl Pts',(-9.06893987653121,11.4364051941509,7.73842845596911));
#2653=CARTESIAN_POINT('Ctrl Pts',(-9.01420472916303,11.3375504334123,7.74805038749087));
#2654=CARTESIAN_POINT('Ctrl Pts',(-8.94814607533428,11.2466063451002,7.75782117771339));
#2655=CARTESIAN_POINT('Ctrl Pts',(-8.76373849673156,11.0447143580878,7.78174362957511));
#2656=CARTESIAN_POINT('Ctrl Pts',(-8.62131020461064,10.9345095574425,7.79727736604041));
#2657=CARTESIAN_POINT('Ctrl Pts',(-8.30512529111132,10.7762928935981,7.82607040898566));
#2658=CARTESIAN_POINT('Ctrl Pts',(-8.13136757009628,10.7282805905004,7.83931522096916));
#2659=CARTESIAN_POINT('Ctrl Pts',(-7.91386154199974,10.7068857939009,7.85314302634283));
#2660=CARTESIAN_POINT('Ctrl Pts',(-7.85995570001769,10.7045346559148,7.85636009697794));
#2661=CARTESIAN_POINT('Ctrl Pts',(-7.80531424544532,10.705350132248,7.85938747835554));
#2662=CARTESIAN_POINT('',(-9.11687850952148,11.5430641174316,7.12640404701233));
#2663=CARTESIAN_POINT('Origin',(-7.69353856822775,11.9672146808022,7.77237146033983));
#2664=CARTESIAN_POINT('',(-9.07297044966476,12.8894144320492,7.64117392414942));
#2665=CARTESIAN_POINT('Ctrl Pts',(-7.3231997932917,13.5927416125358,7.67803220087963));
#2666=CARTESIAN_POINT('Ctrl Pts',(-7.32554596413212,13.5932677831323,7.67788677411933));
#2667=CARTESIAN_POINT('Ctrl Pts',(-7.3278918118968,13.5937885481796,7.67774173899789));
#2668=CARTESIAN_POINT('Ctrl Pts',(-7.55217872012009,13.6430708728656,7.66391028122722));
#2669=CARTESIAN_POINT('Ctrl Pts',(-7.79828682284601,13.6467318303909,7.65223830172337));
#2670=CARTESIAN_POINT('Ctrl Pts',(-8.26828649514212,13.5475453317246,7.63679406639463));
#2671=CARTESIAN_POINT('Ctrl Pts',(-8.49217694059084,13.444695979322,7.63299978709532));
#2672=CARTESIAN_POINT('Ctrl Pts',(-8.82734691461739,13.1995229017855,7.63299927188025));
#2673=CARTESIAN_POINT('Ctrl Pts',(-8.96709871608707,13.0566035907728,7.63553663853223));
#2674=CARTESIAN_POINT('Ctrl Pts',(-9.07736641052949,12.8924570411205,7.64079166060026));
#2675=CARTESIAN_POINT('',(-8.95254073470312,12.9774507375185,7.03939767318744));
#2676=CARTESIAN_POINT('Ctrl Pts',(-8.95448936250435,12.9791008735921,7.03902230478351));
#2677=CARTESIAN_POINT('Ctrl Pts',(-8.86279626793606,13.0897417440031,7.03628688493747));
#2678=CARTESIAN_POINT('Ctrl Pts',(-8.75769704186058,13.1872101275198,7.0350088251783));
#2679=CARTESIAN_POINT('Ctrl Pts',(-8.45333009512005,13.4079206555174,7.03517494742446));
#2680=CARTESIAN_POINT('Ctrl Pts',(-8.21790361793056,13.5124983056789,7.03944719944378));
#2681=CARTESIAN_POINT('Ctrl Pts',(-7.7459183575269,13.6020228684476,7.05574106253054));
#2682=CARTESIAN_POINT('Ctrl Pts',(-7.51100377416095,13.5966056175478,7.06708270832035));
#2683=CARTESIAN_POINT('Ctrl Pts',(-7.29611670585281,13.5490816102254,7.08039565734892));
#2684=CARTESIAN_POINT('Ctrl Pts',(-9.07297015483722,12.889414227988,7.64117394978701));
#2685=CARTESIAN_POINT('Ctrl Pts',(-9.03515969850148,12.9201960803566,7.44034668943501));
#2686=CARTESIAN_POINT('Ctrl Pts',(-8.99496395297817,12.9496256572442,7.23975229509385));
#2687=CARTESIAN_POINT('Ctrl Pts',(-8.95254073470313,12.9774507375185,7.03939767318744));
#2688=CARTESIAN_POINT('Origin',(0.00040178714432564,1.44962671790671,16.5812892670088));
#2689=CARTESIAN_POINT('',(-14.7859472849868,-1.07537348255777,4.00008683067183));
#2690=CARTESIAN_POINT('',(-16.0915512927478,-2.19136382700747,5.99791997372422));
#2691=CARTESIAN_POINT('',(-14.7858905792236,-1.07532501220703,4.00000005960464));
#2692=CARTESIAN_POINT('',(-4.02041019646606,-13.0020875075671,3.99882196517019));
#2693=CARTESIAN_POINT('Ctrl Pts',(-4.02145347298704,-13.0055707373937,3.99397039370995));
#2694=CARTESIAN_POINT('Ctrl Pts',(-4.60373693117558,-12.8424878171808,3.9953768627002));
#2695=CARTESIAN_POINT('Ctrl Pts',(-5.17899230926228,-12.643379624438,3.99660134693511));
#2696=CARTESIAN_POINT('Ctrl Pts',(-7.58737296814506,-11.6423386355022,4.00112528473669));
#2697=CARTESIAN_POINT('Ctrl Pts',(-9.27362446484653,-10.4867431500271,4.00274770382073));
#2698=CARTESIAN_POINT('Ctrl Pts',(-11.9367730875616,-7.82278685291796,4.00334935121581));
#2699=CARTESIAN_POINT('Ctrl Pts',(-13.091710810562,-6.13651164155191,4.00236965578296));
#2700=CARTESIAN_POINT('Ctrl Pts',(-14.2897093876499,-3.25186769057715,3.9981314603587));
#2701=CARTESIAN_POINT('Ctrl Pts',(-14.6028354269982,-2.16462208074373,3.99605337645158));
#2702=CARTESIAN_POINT('Ctrl Pts',(-14.7907588550188,-1.07636302774498,3.99337072048225));
#2703=CARTESIAN_POINT('',(-4.53627443642474,-14.4141722061499,6.00294140469692));
#2704=CARTESIAN_POINT('Ctrl Pts',(-4.53625679016113,-14.414176940918,6.00000023841858));
#2705=CARTESIAN_POINT('Ctrl Pts',(-4.27832670277085,-13.7077989633683,4.99990587897768));
#2706=CARTESIAN_POINT('Ctrl Pts',(-4.02015686035156,-13.00124168396,4.00000005960464));
#2707=CARTESIAN_POINT('Ctrl Pts',(-16.093250125159,-2.19100667932757,6.01386546143947));
#2708=CARTESIAN_POINT('Ctrl Pts',(-15.8880121430306,-3.09815848287351,6.00957765910681));
#2709=CARTESIAN_POINT('Ctrl Pts',(-15.6032393218341,-3.99699208134755,6.00573464455089));
#2710=CARTESIAN_POINT('Ctrl Pts',(-14.8230442558146,-5.88055956488426,5.99883409422687));
#2711=CARTESIAN_POINT('Ctrl Pts',(-14.2987736262439,-6.85503622338596,5.99602673830509));
#2712=CARTESIAN_POINT('Ctrl Pts',(-13.0871630298174,-8.65716238025415,5.99257247021278));
#2713=CARTESIAN_POINT('Ctrl Pts',(-12.3997475612896,-9.48476111828943,5.99192676668485));
#2714=CARTESIAN_POINT('Ctrl Pts',(-10.9347695147236,-10.9497412204967,5.99260789045935));
#2715=CARTESIAN_POINT('Ctrl Pts',(-10.1071697005332,-11.63715910339,5.99395847285952));
#2716=CARTESIAN_POINT('Ctrl Pts',(-8.30504148568541,-12.8487735984672,5.99875339769746));
#2717=CARTESIAN_POINT('Ctrl Pts',(-7.33056384865973,-13.3730457219537,6.00219563648939));
#2718=CARTESIAN_POINT('Ctrl Pts',(-5.7334357550414,-14.0345955660279,6.00890443624578));
#2719=CARTESIAN_POINT('Ctrl Pts',(-5.13851795418281,-14.241961978864,6.01161218069983));
#2720=CARTESIAN_POINT('Ctrl Pts',(-4.53634389736459,-14.414153568695,6.01451870958464));
#2721=CARTESIAN_POINT('Origin',(1.18804019456889E-5,1.45003801885979,7.4388229426415));
#2722=CARTESIAN_POINT('',(-2.8190706442147,-10.5239382720101,7.8424038386595));
#2723=CARTESIAN_POINT('',(-4.26255494116081,-14.4898989801618,7.4750682828846));
#2724=CARTESIAN_POINT('Ctrl Pts',(-2.8190706442186,-10.5239382720209,7.84240383879056));
#2725=CARTESIAN_POINT('Ctrl Pts',(-3.43559694598968,-12.2178389902246,7.68579007582781));
#2726=CARTESIAN_POINT('Ctrl Pts',(-4.26255494166163,-14.4898989799788,7.47506828287586));
#2727=CARTESIAN_POINT('',(-1.49999618435734,-8.9519214623994,7.99916094939226));
#2728=CARTESIAN_POINT('Ctrl Pts',(-1.49997168931257,-8.95190646123371,7.9991670118107));
#2729=CARTESIAN_POINT('Ctrl Pts',(-1.62796772139935,-9.0258037508649,7.99116977419527));
#2730=CARTESIAN_POINT('Ctrl Pts',(-1.74826681074776,-9.10801267458085,7.98238063499298));
#2731=CARTESIAN_POINT('Ctrl Pts',(-2.10939260725173,-9.39302063910417,7.95238333494156));
#2732=CARTESIAN_POINT('Ctrl Pts',(-2.34552023966581,-9.64851546402686,7.92624083485017));
#2733=CARTESIAN_POINT('Ctrl Pts',(-2.64805662455628,-10.1229836857723,7.87997836778211));
#2734=CARTESIAN_POINT('Ctrl Pts',(-2.74569587524599,-10.3223417242228,7.86104294414517));
#2735=CARTESIAN_POINT('Ctrl Pts',(-2.81907064421859,-10.5239382720208,7.84240383879054));
#2736=CARTESIAN_POINT('',(1.48660788620697,-8.94422512719759,8.00000011920929));
#2737=CARTESIAN_POINT('Ctrl Pts',(1.48660788620697,-8.94422512719759,8.00000011920929));
#2738=CARTESIAN_POINT('Ctrl Pts',(2.12022918793222,-8.85368910977506,8.00000011920929));
#2739=CARTESIAN_POINT('Ctrl Pts',(3.11628264951322,-8.61666210544328,8.00000011920929));
#2740=CARTESIAN_POINT('Ctrl Pts',(4.4174741166959,-8.09819125999896,8.00000011920929));
#2741=CARTESIAN_POINT('Ctrl Pts',(5.4239286076245,-7.56461483246484,8.00000011920929));
#2742=CARTESIAN_POINT('Ctrl Pts',(6.36678480870161,-6.92534295111614,8.00000011920929));
#2743=CARTESIAN_POINT('Ctrl Pts',(7.23499821848832,-6.18787654721393,8.00000011920929));
#2744=CARTESIAN_POINT('Ctrl Pts',(8.0183846448005,-5.36086269976307,8.00000011920929));
#2745=CARTESIAN_POINT('Ctrl Pts',(8.70775340387807,-4.45399165488096,8.00000011920929));
#2746=CARTESIAN_POINT('Ctrl Pts',(9.29505458651246,-3.47791684326601,8.00000011920929));
#2747=CARTESIAN_POINT('Ctrl Pts',(9.77334443140545,-2.44404963824669,8.00000011920929));
#2748=CARTESIAN_POINT('Ctrl Pts',(10.137096034411,-1.36454641104802,8.00000011920929));
#2749=CARTESIAN_POINT('Ctrl Pts',(10.3819806236668,-0.252036490169275,8.00000011920929));
#2750=CARTESIAN_POINT('Ctrl Pts',(10.5051237073053,0.880430187101085,8.00000011920929));
#2751=CARTESIAN_POINT('Ctrl Pts',(10.5051227220046,2.01957251282513,8.00000011920929));
#2752=CARTESIAN_POINT('Ctrl Pts',(10.3819830601415,3.15203972818177,8.00000011920929));
#2753=CARTESIAN_POINT('Ctrl Pts',(10.1370927119334,4.26455152681302,8.00000011920929));
#2754=CARTESIAN_POINT('Ctrl Pts',(9.77334613659578,5.34405593646207,8.00000011920929));
#2755=CARTESIAN_POINT('Ctrl Pts',(9.29505808614287,6.37792519813122,8.00000011920929));
#2756=CARTESIAN_POINT('Ctrl Pts',(8.70774388131849,7.35399395912765,8.00000011920929));
#2757=CARTESIAN_POINT('Ctrl Pts',(8.01839451277016,8.2608797512895,8.00000011920929));
#2758=CARTESIAN_POINT('Ctrl Pts',(7.2349967880962,9.08788524494896,8.00000011920929));
#2759=CARTESIAN_POINT('Ctrl Pts',(6.3667828979788,9.82534321825443,8.00000011920929));
#2760=CARTESIAN_POINT('Ctrl Pts',(5.42392478122839,10.4646124990394,8.00000011920929));
#2761=CARTESIAN_POINT('Ctrl Pts',(4.41748200898399,10.9982038725605,8.00000011920929));
#2762=CARTESIAN_POINT('Ctrl Pts',(3.35924382378249,11.4198474785279,8.00000011920929));
#2763=CARTESIAN_POINT('Ctrl Pts',(2.26162037078761,11.7246019633257,8.00000011920929));
#2764=CARTESIAN_POINT('Ctrl Pts',(1.13747745254854,11.9088766077408,8.00000011920929));
#2765=CARTESIAN_POINT('Ctrl Pts',(6.32622063353066E-6,11.9705715560567,
8.00000011920929));
#2766=CARTESIAN_POINT('Ctrl Pts',(-1.13746464785003,11.9088755783514,8.00000011920929));
#2767=CARTESIAN_POINT('Ctrl Pts',(-2.26160129851759,11.7246019626976,8.00000011920929));
#2768=CARTESIAN_POINT('Ctrl Pts',(-3.35922475379107,11.4198474814507,8.00000011920929));
#2769=CARTESIAN_POINT('Ctrl Pts',(-4.41746292030167,10.9982038614973,8.00000011920929));
#2770=CARTESIAN_POINT('Ctrl Pts',(-5.42390576503147,10.4646125403698,8.00000011920929));
#2771=CARTESIAN_POINT('Ctrl Pts',(-6.36676361053412,9.82534306399859,8.00000011920929));
#2772=CARTESIAN_POINT('Ctrl Pts',(-7.23497851315943,9.087885820646,8.00000011920929));
#2773=CARTESIAN_POINT('Ctrl Pts',(-8.01837378460693,8.2608762033793,8.00000011920929));
#2774=CARTESIAN_POINT('Ctrl Pts',(-8.70773718988356,7.35400014826573,8.00000011920931));
#2775=CARTESIAN_POINT('Ctrl Pts',(-9.29503637059304,6.3779216995646,8.00000011920924));
#2776=CARTESIAN_POINT('Ctrl Pts',(-9.77332878518533,5.34405665924758,8.00000011920949));
#2777=CARTESIAN_POINT('Ctrl Pts',(-10.1370703003372,4.26454999497904,8.00000011920854));
#2778=CARTESIAN_POINT('Ctrl Pts',(-10.3819767504377,3.15204118984192,8.00000011921209));
#2779=CARTESIAN_POINT('Ctrl Pts',(-10.5051125250865,2.01957225241229,8.00000011919886));
#2780=CARTESIAN_POINT('Ctrl Pts',(-10.5051135102943,0.880430447828113,8.00000011924822));
#2781=CARTESIAN_POINT('Ctrl Pts',(-10.3819743142233,-0.252037953396659,
8.00000011906398));
#2782=CARTESIAN_POINT('Ctrl Pts',(-10.1370736217174,-1.36454487319331,8.00000011975159));
#2783=CARTESIAN_POINT('Ctrl Pts',(-9.77332708424653,-2.44405038360406,8.00000011718545));
#2784=CARTESIAN_POINT('Ctrl Pts',(-9.29503285501418,-3.47791326042476,8.00000012676252));
#2785=CARTESIAN_POINT('Ctrl Pts',(-8.70774677189197,-4.45399815860461,8.00000009102048));
#2786=CARTESIAN_POINT('Ctrl Pts',(-8.01836369458337,-5.36085797776142,8.00000022441112));
#2787=CARTESIAN_POINT('Ctrl Pts',(-7.23498077228964,-6.18788150451949,7.99999972658485));
#2788=CARTESIAN_POINT('Ctrl Pts',(-6.36676242841249,-6.92532644466225,8.00000158449082));
#2789=CARTESIAN_POINT('Ctrl Pts',(-5.42392113401486,-7.56467590068078,7.99999465073462));
#2790=CARTESIAN_POINT('Ctrl Pts',(-4.41741195010496,-8.09796349146275,8.0000205280171));
#2791=CARTESIAN_POINT('Ctrl Pts',(-3.12011736650423,-8.61630271835535,7.99990211087357));
#2792=CARTESIAN_POINT('Ctrl Pts',(-2.12710474957081,-8.84782202027028,8.00036233222446));
#2793=CARTESIAN_POINT('Ctrl Pts',(-1.49999618530273,-8.9519214630127,7.99916088581085));
#2794=CARTESIAN_POINT('',(2.81908971772345,-10.5239382720717,7.84240390787272));
#2795=CARTESIAN_POINT('Ctrl Pts',(2.81908971772751,-10.5239382720829,7.84240390800941));
#2796=CARTESIAN_POINT('Ctrl Pts',(2.74571506520454,-10.3223420442154,7.86104298361435));
#2797=CARTESIAN_POINT('Ctrl Pts',(2.64807601423813,-10.1229843299217,7.87997837483181));
#2798=CARTESIAN_POINT('Ctrl Pts',(2.34554000060125,-9.64851631201529,7.92624081404411));
#2799=CARTESIAN_POINT('Ctrl Pts',(2.10941246057017,-9.39302140174153,7.95238331622854));
#2800=CARTESIAN_POINT('Ctrl Pts',(1.74445141455186,-9.10498636465883,7.98269920726625));
#2801=CARTESIAN_POINT('Ctrl Pts',(1.61960177752631,-9.02009922733682,7.99178011509305));
#2802=CARTESIAN_POINT('Ctrl Pts',(1.4866082675735,-8.94422602348918,7.99999861742639));
#2803=CARTESIAN_POINT('',(4.26257399641367,-14.4898989300401,7.47506835592447));
#2804=CARTESIAN_POINT('Ctrl Pts',(4.26257399690689,-14.4898989298616,7.47506835593437));
#2805=CARTESIAN_POINT('Ctrl Pts',(3.43561600790185,-12.2178389584247,7.68579014941777));
#2806=CARTESIAN_POINT('Ctrl Pts',(2.81908971772752,-10.5239382720829,7.84240390800934));
#2807=CARTESIAN_POINT('Ctrl Pts',(-4.2625549412616,-14.4898989805387,7.47506828283755));
#2808=CARTESIAN_POINT('Ctrl Pts',(-4.95816734994144,-14.3038819934809,7.4750682748975));
#2809=CARTESIAN_POINT('Ctrl Pts',(-5.64558261735183,-14.0709857294522,7.47506826652904));
#2810=CARTESIAN_POINT('Ctrl Pts',(-7.33059220072385,-13.3730307055035,7.47506824466443));
#2811=CARTESIAN_POINT('Ctrl Pts',(-8.30506790428779,-12.8487569091009,7.47506823073653));
#2812=CARTESIAN_POINT('Ctrl Pts',(-10.1071888008109,-11.6371429872537,7.4750682024046));
#2813=CARTESIAN_POINT('Ctrl Pts',(-10.9347832402002,-10.949727374066,7.47506818800019));
#2814=CARTESIAN_POINT('Ctrl Pts',(-12.3997507374316,-9.48475587503123,7.47506815986282));
#2815=CARTESIAN_POINT('Ctrl Pts',(-13.0871634571523,-8.65716048924165,7.47506814516875));
#2816=CARTESIAN_POINT('Ctrl Pts',(-14.298771589899,-6.85503835235416,7.47506811561657));
#2817=CARTESIAN_POINT('Ctrl Pts',(-14.8230424904087,-5.88056235437443,7.47506810075836));
#2818=CARTESIAN_POINT('Ctrl Pts',(-15.6649823275429,-3.84792987596062,7.4750680719225));
#2819=CARTESIAN_POINT('Ctrl Pts',(-15.9833217532302,-2.78815468385006,7.47506805792189));
#2820=CARTESIAN_POINT('Ctrl Pts',(-16.4008708670683,-0.657124134765681,
7.47506803167658));
#2821=CARTESIAN_POINT('Ctrl Pts',(-16.4999912895732,0.414148711738178,7.47506801943246));
#2822=CARTESIAN_POINT('Ctrl Pts',(-16.4999891350667,1.4500380258406,7.47506800841423));
#2823=CARTESIAN_POINT('Ctrl Pts',(-16.4999869805636,2.48592565800874,7.47506799739601));
#2824=CARTESIAN_POINT('Ctrl Pts',(-16.4008624234164,3.55719640797373,7.47506798685095));
#2825=CARTESIAN_POINT('Ctrl Pts',(-15.9833057404819,5.68822205912615,7.47506796776289));
#2826=CARTESIAN_POINT('Ctrl Pts',(-15.6649628795751,6.74799445005091,7.47506795921892));
#2827=CARTESIAN_POINT('Ctrl Pts',(-14.8230171001145,8.78062086190807,7.47506794481466));
#2828=CARTESIAN_POINT('Ctrl Pts',(-14.298743689577,9.75509358531291,7.47506793894289));
#2829=CARTESIAN_POINT('Ctrl Pts',(-13.0871315753389,11.5572090072447,7.47506793015861));
#2830=CARTESIAN_POINT('Ctrl Pts',(-12.3997173849096,12.3848009528052,7.4750679272473));
#2831=CARTESIAN_POINT('Ctrl Pts',(-10.9347496392182,13.849764082282,7.47506792422045));
#2832=CARTESIAN_POINT('Ctrl Pts',(-10.1071566019549,14.5371749349976,7.47506792400152));
#2833=CARTESIAN_POINT('Ctrl Pts',(-8.30503974922368,15.7487803713093,7.47506792655892));
#2834=CARTESIAN_POINT('Ctrl Pts',(-7.33056668620101,16.273050441335,7.475067929334));
#2835=CARTESIAN_POINT('Ctrl Pts',(-5.29794034088755,17.1149897882732,7.47506793779876));
#2836=CARTESIAN_POINT('Ctrl Pts',(-4.23816835948984,17.4333295506748,7.47506794349519));
#2837=CARTESIAN_POINT('Ctrl Pts',(-2.10714417250811,17.8508805040886,7.47506795731714));
#2838=CARTESIAN_POINT('Ctrl Pts',(-1.03587447750992,17.9500024307062,7.47506796544375));
#2839=CARTESIAN_POINT('Ctrl Pts',(1.03589811871897,17.9500021234946,7.47506798319904));
#2840=CARTESIAN_POINT('Ctrl Pts',(2.10716766424386,17.8508799020969,7.47506799343421));
#2841=CARTESIAN_POINT('Ctrl Pts',(4.23819150202635,17.4333284090429,7.47506801613843));
#2842=CARTESIAN_POINT('Ctrl Pts',(5.2979632837129,17.1149884017267,7.4750680286067));
#2843=CARTESIAN_POINT('Ctrl Pts',(7.33058919650992,16.273048631129,7.47506805498151));
#2844=CARTESIAN_POINT('Ctrl Pts',(8.30506202607112,15.7487783821504,7.47506806890907));
#2845=CARTESIAN_POINT('Ctrl Pts',(10.1071784000583,14.5371726619772,7.47506809724026));
#2846=CARTESIAN_POINT('Ctrl Pts',(10.9347711920498,13.8497617044069,7.47506811164425));
#2847=CARTESIAN_POINT('Ctrl Pts',(12.3997383410314,12.3847985572156,7.47506813978085));
#2848=CARTESIAN_POINT('Ctrl Pts',(13.0871521920612,11.5572067116197,7.47506815447453));
#2849=CARTESIAN_POINT('Ctrl Pts',(14.29876370132,9.7550915779905,7.47506818402595));
#2850=CARTESIAN_POINT('Ctrl Pts',(14.823036846184,8.78061904284349,7.4750681988838));
#2851=CARTESIAN_POINT('Ctrl Pts',(15.664982193127,6.7479930723598,7.47506822771904));
#2852=CARTESIAN_POINT('Ctrl Pts',(15.9833248865334,5.68822093565484,7.47506824171939));
#2853=CARTESIAN_POINT('Ctrl Pts',(16.4008813465014,3.55719582858484,7.47506826796432));
#2854=CARTESIAN_POINT('Ctrl Pts',(16.5000058483019,2.48592536851072,7.47506828020832));
#2855=CARTESIAN_POINT('Ctrl Pts',(16.5000101573104,0.414149001236407,7.47506830224473));
#2856=CARTESIAN_POINT('Ctrl Pts',(16.4008897901511,-0.657123555376359,7.47506831278984));
#2857=CARTESIAN_POINT('Ctrl Pts',(15.9833408992776,-2.78815356037756,7.47506833187818));
#2858=CARTESIAN_POINT('Ctrl Pts',(15.66500164109,-3.8479284982678,7.47506834042235));
#2859=CARTESIAN_POINT('Ctrl Pts',(14.8230622364722,-5.88056053530686,7.47506835482716));
#2860=CARTESIAN_POINT('Ctrl Pts',(14.2987916016355,-6.85503634502799,7.47506836069926));
#2861=CARTESIAN_POINT('Ctrl Pts',(13.0871840738677,-8.65715819361127,7.47506836948427));
#2862=CARTESIAN_POINT('Ctrl Pts',(12.3997716935463,-9.48475347943543,7.47506837239597));
#2863=CARTESIAN_POINT('Ctrl Pts',(10.9348047930257,-10.9497249961838,7.4750683754236));
#2864=CARTESIAN_POINT('Ctrl Pts',(10.1072105989091,-11.6371407142262,7.47506837564294));
#2865=CARTESIAN_POINT('Ctrl Pts',(8.30509018113163,-12.8487549199354,7.47506837308632));
#2866=CARTESIAN_POINT('Ctrl Pts',(7.33061471102992,-13.3730288952914,7.4750683703116));
#2867=CARTESIAN_POINT('Ctrl Pts',(5.64560418067911,-14.0709848112142,7.475068363295));
#2868=CARTESIAN_POINT('Ctrl Pts',(4.95818766947792,-14.3038815964807,7.47506835988108));
#2869=CARTESIAN_POINT('Ctrl Pts',(4.26257399650883,-14.489898930396,7.47506835589827));
#2870=CARTESIAN_POINT('Ctrl Pts',(-7.20344094993039,14.363040055343,7.62499272523657));
#2871=CARTESIAN_POINT('Ctrl Pts',(-7.5080149898023,14.4261756744127,7.60718737734049));
#2872=CARTESIAN_POINT('Ctrl Pts',(-7.83939231152512,14.4306702845058,7.59219607099475));
#2873=CARTESIAN_POINT('Ctrl Pts',(-8.51068270232122,14.2998309252418,7.57051715321446));
#2874=CARTESIAN_POINT('Ctrl Pts',(-8.84775308907878,14.1484313119962,7.56491200997145));
#2875=CARTESIAN_POINT('Ctrl Pts',(-9.20197500634668,13.8898164501318,7.56491202746628));
#2876=CARTESIAN_POINT('Ctrl Pts',(-9.27798080441253,13.8271261878963,7.56534071870445));
#2877=CARTESIAN_POINT('Ctrl Pts',(-9.35056528339029,13.7592351324845,7.56622918809565));
#2878=CARTESIAN_POINT('Ctrl Pts',(-9.07381277976614,11.4335916916696,7.73832397046029));
#2879=CARTESIAN_POINT('Ctrl Pts',(-9.12788680281048,11.5228264976247,7.72936469610017));
#2880=CARTESIAN_POINT('Ctrl Pts',(-9.17263743521534,11.6195333297738,7.72046739154715));
#2881=CARTESIAN_POINT('Ctrl Pts',(-9.26843949417417,11.9095173896486,7.69598131946339));
#2882=CARTESIAN_POINT('Ctrl Pts',(-9.28850310996105,12.1132305701963,7.68147131327701));
#2883=CARTESIAN_POINT('Ctrl Pts',(-9.25048425793509,12.4896236778813,7.65859317038139));
#2884=CARTESIAN_POINT('Ctrl Pts',(-9.19005657064349,12.6854985935063,7.64881174173783));
#2885=CARTESIAN_POINT('Ctrl Pts',(-9.08490131489021,12.8694296832184,7.64195939628685));
#2886=CARTESIAN_POINT('Ctrl Pts',(-9.0789558428931,12.8795348823691,7.64159103156449));
#2887=CARTESIAN_POINT('Ctrl Pts',(-9.07288616398218,12.8895633295302,7.64123359518705));
#2888=CARTESIAN_POINT('Ctrl Pts',(-6.40788143943071,11.8022163309369,7.85346112879538));
#2889=CARTESIAN_POINT('Ctrl Pts',(-6.44968838349086,11.6695574868151,7.86140462050097));
#2890=CARTESIAN_POINT('Ctrl Pts',(-6.51133300481325,11.5376746667366,7.86825252794921));
#2891=CARTESIAN_POINT('Ctrl Pts',(-6.69573891198177,11.2550050244192,7.87998336831799));
#2892=CARTESIAN_POINT('Ctrl Pts',(-6.83303530521986,11.1134799529409,7.88330195944653));
#2893=CARTESIAN_POINT('Ctrl Pts',(-7.12591705105901,10.8995759060787,7.88330205320167));
#2894=CARTESIAN_POINT('Ctrl Pts',(-7.30250745719117,10.8118554907632,7.87998360733113));
#2895=CARTESIAN_POINT('Ctrl Pts',(-7.59288907976144,10.7318511947442,7.86951458205736));
#2896=CARTESIAN_POINT('Ctrl Pts',(-7.69983547617205,10.7140905941112,7.86475142015224));
#2897=CARTESIAN_POINT('Ctrl Pts',(-7.80536906072756,10.7073423017665,7.85925114344402));
#2898=CARTESIAN_POINT('Ctrl Pts',(-9.21326999590338,10.3907251473776,7.79542839408906));
#2899=CARTESIAN_POINT('Ctrl Pts',(-9.06913227041297,10.2709535850045,7.8117756318689));
#2900=CARTESIAN_POINT('Ctrl Pts',(-8.90220737321964,10.1663704787656,7.82863426333996));
#2901=CARTESIAN_POINT('Ctrl Pts',(-8.49453147733957,9.98636925927051,7.86505980966339));
#2902=CARTESIAN_POINT('Ctrl Pts',(-8.24571072831801,9.92869673985514,7.88398931518755));
#2903=CARTESIAN_POINT('Ctrl Pts',(-7.77690839798282,9.89941535772492,7.91404419016714));
#2904=CARTESIAN_POINT('Ctrl Pts',(-7.52249321313446,9.92565381901106,7.92737341287799));
#2905=CARTESIAN_POINT('Ctrl Pts',(-7.10769130426797,10.0493562518517,7.94266873593295));
#2906=CARTESIAN_POINT('Ctrl Pts',(-6.94053638316371,10.1244067750571,7.94681364144211));
#2907=CARTESIAN_POINT('Ctrl Pts',(-6.79042265404645,10.2156013507815,7.9485492270608));
#2908=CARTESIAN_POINT('',(-3.09466479623093,15.6599059343989,7.64627421681513));
#2909=CARTESIAN_POINT('Ctrl Pts',(-3.09566428681141,15.6594990624887,7.64630108082749));
#2910=CARTESIAN_POINT('Ctrl Pts',(-3.12725809546916,15.7366357979284,7.63911876657698));
#2911=CARTESIAN_POINT('Ctrl Pts',(-3.16862972917362,15.8113765017992,7.63195800351782));
#2912=CARTESIAN_POINT('Ctrl Pts',(-3.30570143022553,16.000935866516,7.6131609097932));
#2913=CARTESIAN_POINT('Ctrl Pts',(-3.41983905307997,16.1026018123675,7.6022718760127));
#2914=CARTESIAN_POINT('Ctrl Pts',(-3.66300011982847,16.2460124953863,7.58509809743994));
#2915=CARTESIAN_POINT('Ctrl Pts',(-3.80738330122814,16.2968160318612,7.57772672344466));
#2916=CARTESIAN_POINT('Ctrl Pts',(-3.99236019600888,16.3195119863386,7.57164601322835));
#2917=CARTESIAN_POINT('Ctrl Pts',(-4.02911872533731,16.3221136901938,7.57058901470676));
#2918=CARTESIAN_POINT('Ctrl Pts',(-4.06581125629565,16.3228297139517,7.56968207285898));
#2919=CARTESIAN_POINT('Ctrl Pts',(-3.09329045869843,15.660467743749,7.64626246408011));
#2920=CARTESIAN_POINT('Ctrl Pts',(-3.06565912105481,15.5994104790391,7.65199623899942));
#2921=CARTESIAN_POINT('Ctrl Pts',(-3.04135380473011,15.5367423926955,7.65780413613193));
#2922=CARTESIAN_POINT('Ctrl Pts',(-3.02108037662259,15.472819003129,7.66364483213432));
#2923=CARTESIAN_POINT('Ctrl Pts',(-3.00386890413626,15.4185501515602,7.66860339059878));
#2924=CARTESIAN_POINT('Ctrl Pts',(-2.98956236702256,15.3633769256877,7.67358558868642));
#2925=CARTESIAN_POINT('Ctrl Pts',(-2.9785634541557,15.307512959969,7.67856614110674));
#2926=CARTESIAN_POINT('Ctrl Pts',(-2.96908987167064,15.2593962148338,7.68285598999875));
#2927=CARTESIAN_POINT('Ctrl Pts',(-2.96207630642531,15.210767919267,7.68714445170791));
#2928=CARTESIAN_POINT('Ctrl Pts',(-2.95840266174766,15.1618863453604,7.69139263227514));
#2929=CARTESIAN_POINT('Ctrl Pts',(-2.95504780891622,15.1172466207774,7.6952721638725));
#2930=CARTESIAN_POINT('Ctrl Pts',(-2.95447836356321,15.0723956646415,7.69911805727204));
#2931=CARTESIAN_POINT('Ctrl Pts',(-2.9563140758126,15.0276278939602,7.7029108997351));
#2932=CARTESIAN_POINT('Ctrl Pts',(-2.95796123619557,14.9874583639455,7.70631416723854));
#2933=CARTESIAN_POINT('Ctrl Pts',(-2.96154484592734,14.9473558147278,7.70967479207892));
#2934=CARTESIAN_POINT('Ctrl Pts',(-2.96786297125658,14.9076742832523,7.71294597393666));
#2935=CARTESIAN_POINT('Ctrl Pts',(-2.97372067693682,14.8708844571232,7.71597877552742));
#2936=CARTESIAN_POINT('Ctrl Pts',(-2.98192887619279,14.8344565140842,7.7189345958801));
#2937=CARTESIAN_POINT('Ctrl Pts',(-2.99202927022877,14.7985557317912,7.72180618556859));
#2938=CARTESIAN_POINT('Ctrl Pts',(-3.00434072185609,14.754795979151,7.72530638936434));
#2939=CARTESIAN_POINT('Ctrl Pts',(-3.01946347291458,14.7118194548244,7.72868150722937));
#2940=CARTESIAN_POINT('Ctrl Pts',(-3.03731904159772,14.6700185328038,7.73189595958345));
#2941=CARTESIAN_POINT('Ctrl Pts',(-3.05478574735158,14.629127961457,7.73504040681025));
#2942=CARTESIAN_POINT('Ctrl Pts',(-3.07486753906846,14.5893623350755,7.73803101155407));
#2943=CARTESIAN_POINT('Ctrl Pts',(-3.09695246986708,14.5507146261017,7.74087704822253));
#2944=CARTESIAN_POINT('Ctrl Pts',(-3.12096874391177,14.5086871468954,7.74397197286569));
#2945=CARTESIAN_POINT('Ctrl Pts',(-3.14735382503328,14.4679816773172,7.74689612408613));
#2946=CARTESIAN_POINT('Ctrl Pts',(-3.17655554072547,14.4293876670065,7.74956852945138));
#2947=CARTESIAN_POINT('Ctrl Pts',(-3.20380850792123,14.3933691909677,7.75206259440704));
#2948=CARTESIAN_POINT('Ctrl Pts',(-3.23351472232464,14.3591897428468,7.75433714548838));
#2949=CARTESIAN_POINT('Ctrl Pts',(-3.26482782214454,14.3265918619362,7.75642831592477));
#2950=CARTESIAN_POINT('Ctrl Pts',(-3.29910899378744,14.2909041287792,7.75871770193499));
#2951=CARTESIAN_POINT('Ctrl Pts',(-3.33531611250022,14.2571120084183,7.76078743393008));
#2952=CARTESIAN_POINT('Ctrl Pts',(-3.37319387725178,14.2252068917308,7.76264026536386));
#2953=CARTESIAN_POINT('Ctrl Pts',(-3.40756973290664,14.1962514955215,7.76432179716328));
#2954=CARTESIAN_POINT('Ctrl Pts',(-3.44332235920431,14.1688500806322,7.76582474893195));
#2955=CARTESIAN_POINT('Ctrl Pts',(-3.48079425823048,14.1440899338779,7.76704691726213));
#2956=CARTESIAN_POINT('Ctrl Pts',(-3.48404990275888,14.141938715541,7.76715310204968));
#2957=CARTESIAN_POINT('Ctrl Pts',(-3.48731855648545,14.1398074250355,7.76725716733419));
#2958=CARTESIAN_POINT('Ctrl Pts',(-3.4906004620872,14.1376967696771,7.76735904608723));
#2959=CARTESIAN_POINT('Ctrl Pts',(-3.52692693076491,14.114334532895,7.76848671268712));
#2960=CARTESIAN_POINT('Ctrl Pts',(-3.56487185770516,14.0935023971371,7.76934626999429));
#2961=CARTESIAN_POINT('Ctrl Pts',(-3.6034396422545,14.073942466835,7.7700656454191));
#2962=CARTESIAN_POINT('Ctrl Pts',(-3.60669051494509,14.0722937632864,7.77012628146419));
#2963=CARTESIAN_POINT('Ctrl Pts',(-3.60994579036601,14.0706541198155,7.77018592154805));
#2964=CARTESIAN_POINT('Ctrl Pts',(-3.61320485950068,14.0690227951132,7.77024464228139));
#2965=CARTESIAN_POINT('Ctrl Pts',(-3.67180648882716,14.0396897918642,7.7713005053229));
#2966=CARTESIAN_POINT('Ctrl Pts',(-3.73159642975361,14.0130646195075,7.77205844367769));
#2967=CARTESIAN_POINT('Ctrl Pts',(-3.79220283223892,13.9882818047418,7.77259877795276));
#2968=CARTESIAN_POINT('Ctrl Pts',(-3.85205582670876,13.9638070691645,7.77313239524485));
#2969=CARTESIAN_POINT('Ctrl Pts',(-3.91270520048304,13.9411290229912,7.77345378497325));
#2970=CARTESIAN_POINT('Ctrl Pts',(-3.97374859531941,13.9194380800729,7.77364030938714));
#2971=CARTESIAN_POINT('Ctrl Pts',(-4.03429857890792,13.8979224641534,7.77382532613186));
#2972=CARTESIAN_POINT('Ctrl Pts',(-4.09523623684564,13.8773779402948,7.77387764897234));
#2973=CARTESIAN_POINT('Ctrl Pts',(-4.15612444662101,13.8570401682281,7.77387277932729));
#2974=CARTESIAN_POINT('Ctrl Pts',(-4.19537704976275,13.8439290831975,7.77386964002914));
#2975=CARTESIAN_POINT('Ctrl Pts',(-4.23460819452526,13.8309044530706,7.77384273180878));
#2976=CARTESIAN_POINT('Ctrl Pts',(-4.27369098630234,13.8177675439944,7.77381228303492));
#2977=CARTESIAN_POINT('',(7.2106575624489,14.5564598681595,7.60987829028936));
#2978=CARTESIAN_POINT('',(6.57106047972117,15.6767870198187,7.54759651131502));
#2979=CARTESIAN_POINT('Ctrl Pts',(7.21065784459861,14.5564604020956,7.60988525476432));
#2980=CARTESIAN_POINT('Ctrl Pts',(7.21196976693007,14.698645843791,7.5989308654031));
#2981=CARTESIAN_POINT('Ctrl Pts',(7.18869683350445,14.84004804965,7.5890304812285));
#2982=CARTESIAN_POINT('Ctrl Pts',(7.09321829397445,15.1298612041178,7.57051880181842));
#2983=CARTESIAN_POINT('Ctrl Pts',(7.002351089646,15.2905550890861,7.5616662409952));
#2984=CARTESIAN_POINT('Ctrl Pts',(6.79137983165779,15.5250306697667,7.55141696120961));
#2985=CARTESIAN_POINT('Ctrl Pts',(6.68458448304584,15.6109350271279,7.5486622808895));
#2986=CARTESIAN_POINT('Ctrl Pts',(6.57106048194064,15.6767870243873,7.54759656963656));
#2987=CARTESIAN_POINT('Ctrl Pts',(6.57119735619876,15.6770226014783,7.54757283744519));
#2988=CARTESIAN_POINT('Ctrl Pts',(6.40236597520358,15.7749323971019,7.54598989284654));
#2989=CARTESIAN_POINT('Ctrl Pts',(6.23306458514274,15.8574725524204,7.54532821270841));
#2990=CARTESIAN_POINT('Ctrl Pts',(5.93719339867332,15.9364697958718,7.54895721988781));
#2991=CARTESIAN_POINT('Ctrl Pts',(5.81605573067439,15.9507814787481,7.55177111728949));
#2992=CARTESIAN_POINT('Ctrl Pts',(5.56943009233429,15.9247718640517,7.56178009854861));
#2993=CARTESIAN_POINT('Ctrl Pts',(5.45516765893361,15.8855971228543,7.56852913454463));
#2994=CARTESIAN_POINT('Ctrl Pts',(5.23489954055101,15.7677176108058,7.58491227404838));
#2995=CARTESIAN_POINT('Ctrl Pts',(5.10258932641293,15.6744463010976,7.59653470582477));
#2996=CARTESIAN_POINT('Ctrl Pts',(4.72086672673925,15.297629469261,7.63870872764747));
#2997=CARTESIAN_POINT('Ctrl Pts',(4.49881969757468,15.0058914529897,7.66905948651373));
#2998=CARTESIAN_POINT('Ctrl Pts',(4.11662313075622,14.3909122525314,7.73057064878502));
#2999=CARTESIAN_POINT('Ctrl Pts',(3.95030945507424,14.0456556412297,7.76373069770595));
#3000=CARTESIAN_POINT('Ctrl Pts',(3.79217234703721,13.4672601369524,7.8161530515645));
#3001=CARTESIAN_POINT('Ctrl Pts',(3.75892279805134,13.2275795157114,7.83704776143818));
#3002=CARTESIAN_POINT('Ctrl Pts',(3.78714309822456,12.7893403712427,7.87272108148487));
#3003=CARTESIAN_POINT('Ctrl Pts',(3.83327131793175,12.5967920432655,7.88743255644026));
#3004=CARTESIAN_POINT('Ctrl Pts',(3.99741860820055,12.2438069052601,7.91168427848856));
#3005=CARTESIAN_POINT('Ctrl Pts',(4.10944780920291,12.0885914523565,7.92097044040258));
#3006=CARTESIAN_POINT('Ctrl Pts',(4.37673589777922,11.838664429806,7.93247843373429));
#3007=CARTESIAN_POINT('Ctrl Pts',(4.52662114523592,11.7420712685473,7.93507051130575));
#3008=CARTESIAN_POINT('Ctrl Pts',(4.84068767412912,11.6169748167625,7.93356475290088));
#3009=CARTESIAN_POINT('Ctrl Pts',(5.00044628959919,11.5846919619769,7.929988873089));
#3010=CARTESIAN_POINT('Ctrl Pts',(5.33136178451052,11.5832558156184,7.91695917899208));
#3011=CARTESIAN_POINT('Ctrl Pts',(5.49597576098918,11.616675303058,7.90755716796815));
#3012=CARTESIAN_POINT('Ctrl Pts',(5.80460290591756,11.7439654294312,7.88475241800122));
#3013=CARTESIAN_POINT('Ctrl Pts',(5.97651547837076,11.8466109900344,7.86948306629168));
#3014=CARTESIAN_POINT('Ctrl Pts',(6.41356643418499,12.2785278993606,7.81758817120906));
#3015=CARTESIAN_POINT('Ctrl Pts',(6.61969368633162,12.6230701800357,7.78243890691884));
#3016=CARTESIAN_POINT('Ctrl Pts',(6.88821875852991,13.215501128702,7.72584930760556));
#3017=CARTESIAN_POINT('Ctrl Pts',(6.9700507660367,13.4168431828519,7.70702969062504));
#3018=CARTESIAN_POINT('Ctrl Pts',(7.14601338832822,13.9047676662115,7.66237471533706));
#3019=CARTESIAN_POINT('Ctrl Pts',(7.19753501593686,14.1302501041898,7.64305563762074));
#3020=CARTESIAN_POINT('Ctrl Pts',(7.21113583400355,14.4750159462702,7.6161041625793));
#3021=CARTESIAN_POINT('Ctrl Pts',(7.21215740427832,14.5136149151628,7.61310608088286));
#3022=CARTESIAN_POINT('Ctrl Pts',(7.2125532196947,14.5564368937767,7.6098071170545));
#3023=CARTESIAN_POINT('',(9.78308334238541,12.1385890272131,7.65092151054091));
#3024=CARTESIAN_POINT('Ctrl Pts',(6.44905838378473,11.3880962652682,7.88213645737451));
#3025=CARTESIAN_POINT('Ctrl Pts',(6.73970090650562,11.4200162218411,7.86595205939323));
#3026=CARTESIAN_POINT('Ctrl Pts',(7.03099440893754,11.4457169813425,7.84961890273412));
#3027=CARTESIAN_POINT('Ctrl Pts',(7.62057143748998,11.4982496836621,7.81547764239106));
#3028=CARTESIAN_POINT('Ctrl Pts',(7.89482725574393,11.5219513081879,7.79916631065444));
#3029=CARTESIAN_POINT('Ctrl Pts',(8.48842142655777,11.5797877588569,7.76251584005807));
#3030=CARTESIAN_POINT('Ctrl Pts',(8.78642213190334,11.6115972784151,7.74341561874279));
#3031=CARTESIAN_POINT('Ctrl Pts',(9.13379423255143,11.694746851509,7.7178463881039));
#3032=CARTESIAN_POINT('Ctrl Pts',(9.27286284504441,11.7365611448629,7.70699720093556));
#3033=CARTESIAN_POINT('Ctrl Pts',(9.48578896230717,11.8492546683059,7.68717168681176));
#3034=CARTESIAN_POINT('Ctrl Pts',(9.55130917203322,11.8902962332212,7.68065284845312));
#3035=CARTESIAN_POINT('Ctrl Pts',(9.70774328020777,12.017471125625,7.66320345290314));
#3036=CARTESIAN_POINT('Ctrl Pts',(9.75302614547473,12.0902581398693,7.65583222962422));
#3037=CARTESIAN_POINT('Ctrl Pts',(9.78246246347822,12.1390528163975,7.65094431223143));
#3038=CARTESIAN_POINT('',(9.69429016113281,12.7755928039551,7.61434972286224));
#3039=CARTESIAN_POINT('Ctrl Pts',(9.69394452391901,12.7752138821097,7.61439611851206));
#3040=CARTESIAN_POINT('Ctrl Pts',(9.73324812905336,12.7358118541115,7.61477893730729));
#3041=CARTESIAN_POINT('Ctrl Pts',(9.76768952768311,12.6885735951433,7.61593047562476));
#3042=CARTESIAN_POINT('Ctrl Pts',(9.82619317690064,12.5719913676908,7.62023342000113));
#3043=CARTESIAN_POINT('Ctrl Pts',(9.84486788928894,12.4998952405501,7.62386107328755));
#3044=CARTESIAN_POINT('Ctrl Pts',(9.85360172360986,12.3629148252066,7.63227243776764));
#3045=CARTESIAN_POINT('Ctrl Pts',(9.844228010585,12.2891347550028,7.6376028239073));
#3046=CARTESIAN_POINT('Ctrl Pts',(9.81006699929923,12.1922102610017,7.64588270656354));
#3047=CARTESIAN_POINT('Ctrl Pts',(9.79761856981998,12.1646594763313,7.64839646594916));
#3048=CARTESIAN_POINT('Ctrl Pts',(9.7830860708835,12.1385887261647,7.65093742877182));
#3049=CARTESIAN_POINT('',(8.96081924438477,12.8918838500977,7.64714062213898));
#3050=CARTESIAN_POINT('Ctrl Pts',(8.96197482611989,12.8900202049308,7.6472103596354));
#3051=CARTESIAN_POINT('Ctrl Pts',(8.96805597427396,12.8936802429218,7.64663018836495));
#3052=CARTESIAN_POINT('Ctrl Pts',(8.9742074424248,12.8972292201663,7.64605381433242));
#3053=CARTESIAN_POINT('Ctrl Pts',(9.04943636665267,12.9387939589174,7.63913072283142));
#3054=CARTESIAN_POINT('Ctrl Pts',(9.1267370507721,12.9620209011657,7.63334883945849));
#3055=CARTESIAN_POINT('Ctrl Pts',(9.27494260272257,12.9771066633193,7.62422553031516));
#3056=CARTESIAN_POINT('Ctrl Pts',(9.35544999218149,12.9699431023522,7.6202924756251));
#3057=CARTESIAN_POINT('Ctrl Pts',(9.50646871170559,12.9230965442362,7.61508147625036));
#3058=CARTESIAN_POINT('Ctrl Pts',(9.57697989848031,12.8834133778121,7.61380090100713));
#3059=CARTESIAN_POINT('Ctrl Pts',(9.65512221875937,12.8172906985575,7.61380091329529));
#3060=CARTESIAN_POINT('Ctrl Pts',(9.67552445307406,12.7974004739834,7.61396944475761));
#3061=CARTESIAN_POINT('Ctrl Pts',(9.69456120245151,12.7757936222632,7.61432250210687));
#3062=CARTESIAN_POINT('Ctrl Pts',(8.71013488049032,12.6880729122642,7.67468970579814));
#3063=CARTESIAN_POINT('Ctrl Pts',(8.77921912693463,12.7674857136583,7.6654956601851));
#3064=CARTESIAN_POINT('Ctrl Pts',(8.86516458290446,12.8383338896117,7.65599277841624));
#3065=CARTESIAN_POINT('Ctrl Pts',(8.96084172440781,12.8919371380689,7.64713945865404));
#3066=CARTESIAN_POINT('',(8.48451294329504,13.5061811582403,7.62883862479813));
#3067=CARTESIAN_POINT('Ctrl Pts',(8.48449229625557,13.5062289730384,7.62883622280118));
#3068=CARTESIAN_POINT('Ctrl Pts',(8.34791004231607,13.415534968435,7.64220221805238));
#3069=CARTESIAN_POINT('Ctrl Pts',(8.22292096928502,13.3079524364572,7.65616405389321));
#3070=CARTESIAN_POINT('Ctrl Pts',(8.11468104038914,13.1895662220662,7.67006877965231));
#3071=CARTESIAN_POINT('',(9.8619199425121,13.5689384260125,7.55166220119655));
#3072=CARTESIAN_POINT('Ctrl Pts',(9.86214800423334,13.5693567215864,7.55162098686776));
#3073=CARTESIAN_POINT('Ctrl Pts',(9.77931349385713,13.6146549678537,7.553121257325));
#3074=CARTESIAN_POINT('Ctrl Pts',(9.69044843162061,13.6516239231534,7.55544567886472));
#3075=CARTESIAN_POINT('Ctrl Pts',(9.41958746440982,13.731082253139,7.56460922629589));
#3076=CARTESIAN_POINT('Ctrl Pts',(9.22886329332635,13.743858818577,7.57376645363026));
#3077=CARTESIAN_POINT('Ctrl Pts',(8.87915004854378,13.69815982763,7.59514902238544));
#3078=CARTESIAN_POINT('Ctrl Pts',(8.69837638693277,13.636837078174,7.60870923727675));
#3079=CARTESIAN_POINT('Ctrl Pts',(8.52093021013066,13.5289455752984,7.62537560627032));
#3080=CARTESIAN_POINT('Ctrl Pts',(8.50286496921022,13.5173473493889,7.62711559737384));
#3081=CARTESIAN_POINT('Ctrl Pts',(8.48510507884824,13.5053227439038,7.62887020390238));
#3082=CARTESIAN_POINT('',(10.3119084516768,13.2146546141017,7.54993744909788));
#3083=CARTESIAN_POINT('Ctrl Pts',(10.3118413975331,13.2145979020454,7.54994486522382));
#3084=CARTESIAN_POINT('Ctrl Pts',(10.2615204850402,13.270143609571,7.54919228156274));
#3085=CARTESIAN_POINT('Ctrl Pts',(10.2081322950207,13.321721202344,7.54883071387124));
#3086=CARTESIAN_POINT('Ctrl Pts',(10.0652201923574,13.4434580095357,7.54883068984934));
#3087=CARTESIAN_POINT('Ctrl Pts',(9.96729754147291,13.5114391055345,7.54974474953836));
#3088=CARTESIAN_POINT('Ctrl Pts',(9.86192010759862,13.5689383130977,7.55166196455717));
#3089=CARTESIAN_POINT('Ctrl Pts',(10.0570120360431,11.3102948397859,7.68641097977959));
#3090=CARTESIAN_POINT('Ctrl Pts',(10.133739818493,11.3584592930239,7.67866758843644));
#3091=CARTESIAN_POINT('Ctrl Pts',(10.2040045395585,11.4144341610966,7.67084706992004));
#3092=CARTESIAN_POINT('Ctrl Pts',(10.384447179562,11.5906398832805,7.64878186572951));
#3093=CARTESIAN_POINT('Ctrl Pts',(10.4862938212859,11.7394231757616,7.63332338797527));
#3094=CARTESIAN_POINT('Ctrl Pts',(10.6173944363784,12.066330174361,7.60504664963722));
#3095=CARTESIAN_POINT('Ctrl Pts',(10.6466474726919,12.244452960133,7.59221340643352));
#3096=CARTESIAN_POINT('Ctrl Pts',(10.6354254018974,12.5777352109581,7.57197596750802));
#3097=CARTESIAN_POINT('Ctrl Pts',(10.5942476044032,12.7537404878801,7.56330348227846));
#3098=CARTESIAN_POINT('Ctrl Pts',(10.4644912267055,13.0239801399486,7.55355766146099));
#3099=CARTESIAN_POINT('Ctrl Pts',(10.394375080586,13.1271816088759,7.55093648324364));
#3100=CARTESIAN_POINT('Ctrl Pts',(10.3134377324592,13.2160466316826,7.54975749173145));
#3101=CARTESIAN_POINT('Ctrl Pts',(6.20433889612921,11.0975567774703,7.91510552695022));
#3102=CARTESIAN_POINT('Ctrl Pts',(6.91288774930648,10.5015785668569,7.92543039071441));
#3103=CARTESIAN_POINT('Ctrl Pts',(7.68536755546797,9.85102135057507,7.9260259311792));
#3104=CARTESIAN_POINT('Ctrl Pts',(8.42454710634732,9.22748007388713,7.91551361689449));
#3105=CARTESIAN_POINT('Origin',(-1.10708678632821E-5,1.45001491533305,-0.450559140152876));
#3106=CARTESIAN_POINT('',(4.02017634432443,-13.0012428073764,4.00000164944131));
#3107=CARTESIAN_POINT('',(15.0000092706307,1.45002217782606,4.00000048646929));
#3108=CARTESIAN_POINT('Ctrl Pts',(4.02021733890481,-13.0012236866701,4.0000008684439));
#3109=CARTESIAN_POINT('Ctrl Pts',(4.60303992809331,-12.839087346771,4.00000082591506));
#3110=CARTESIAN_POINT('Ctrl Pts',(5.17884794490635,-12.6407353434358,4.00000078530221));
#3111=CARTESIAN_POINT('Ctrl Pts',(7.58810146731325,-11.6427906172054,4.00000062155373));
#3112=CARTESIAN_POINT('Ctrl Pts',(9.27481883120315,-10.488390551182,4.00000052367876));
#3113=CARTESIAN_POINT('Ctrl Pts',(11.9383974274231,-7.82481320156937,4.00000040003995));
#3114=CARTESIAN_POINT('Ctrl Pts',(13.0927984293728,-6.13809603847242,4.00000036603502));
#3115=CARTESIAN_POINT('Ctrl Pts',(14.6236043247443,-2.44240505323877,4.00000037460915));
#3116=CARTESIAN_POINT('Ctrl Pts',(15.0000092181511,-0.433431231095963,4.00000041718832));
#3117=CARTESIAN_POINT('Ctrl Pts',(15.0000092706424,1.45000298780632,4.00000048646858));
#3118=CARTESIAN_POINT('Ctrl Pts',(15.0000092706426,1.45000938447884,4.00000048646881));
#3119=CARTESIAN_POINT('Ctrl Pts',(15.0000092706387,1.45001578115282,4.00000048646905));
#3120=CARTESIAN_POINT('Ctrl Pts',(15.0000092706307,1.45002217782824,4.00000048646929));
#3121=CARTESIAN_POINT('',(4.07171936191032,-13.1425895558872,3.80000358359691));
#3122=CARTESIAN_POINT('',(4.04301531303396,-13.0637256126407,3.91156714255581));
#3123=CARTESIAN_POINT('',(1.47841933938041,-13.6276895398733,3.8000032305659));
#3124=CARTESIAN_POINT('Origin',(7.4452793330515E-6,1.45000330983868,3.80000323057175));
#3125=CARTESIAN_POINT('',(-1.47840454686874,-13.6276895302516,3.80000323056293));
#3126=CARTESIAN_POINT('Ctrl Pts',(-1.47840454687236,-13.6276895302365,3.8000032305453));
#3127=CARTESIAN_POINT('Ctrl Pts',(-1.3374713271969,-13.7279725858814,3.68526841889387));
#3128=CARTESIAN_POINT('Ctrl Pts',(-1.18105629286505,-13.8167739114263,3.5846631151063));
#3129=CARTESIAN_POINT('Ctrl Pts',(-0.877148499440852,-13.949494217555,3.43499779877649));
#3130=CARTESIAN_POINT('Ctrl Pts',(-0.709370295343084,-14.0059715435759,
3.37170390612303));
#3131=CARTESIAN_POINT('Ctrl Pts',(-0.35667449266597,-14.0813614039504,3.28741282484116));
#3132=CARTESIAN_POINT('Ctrl Pts',(-0.171637683111931,-14.0999996941072,
3.26666961872706));
#3133=CARTESIAN_POINT('Ctrl Pts',(0.171684816334278,-14.0999975360117,3.26667208910354));
#3134=CARTESIAN_POINT('Ctrl Pts',(0.356721344687903,-14.0813568730187,3.28741801019128));
#3135=CARTESIAN_POINT('Ctrl Pts',(0.709415696561149,-14.0059626925978,3.37171403962736));
#3136=CARTESIAN_POINT('Ctrl Pts',(0.877192742752197,-13.9494834282198,3.43501015541769));
#3137=CARTESIAN_POINT('Ctrl Pts',(1.18108895885894,-13.8167638094665,3.584674757409));
#3138=CARTESIAN_POINT('Ctrl Pts',(1.33749393851734,-13.7279670338882,3.68527490179439));
#3139=CARTESIAN_POINT('Ctrl Pts',(1.47841933938279,-13.6276895398633,3.80000323055422));
#3140=CARTESIAN_POINT('',(-4.07170042245706,-13.1425899775761,3.80000349365556));
#3141=CARTESIAN_POINT('Origin',(7.4452793330515E-6,1.45000330983868,3.80000323057175));
#3142=CARTESIAN_POINT('',(-4.02012111032747,-13.0008763725918,4.00047418489989));
#3143=CARTESIAN_POINT('',(-14.9556766979181,0.348550277538151,4.00508628116403));
#3144=CARTESIAN_POINT('Ctrl Pts',(-14.9556766979181,0.348550277538147,4.00508628116403));
#3145=CARTESIAN_POINT('Ctrl Pts',(-14.9163258904052,-0.121803541487233,
4.01134970412051));
#3146=CARTESIAN_POINT('Ctrl Pts',(-14.858300782881,-0.597685491807937,4.01206336902484));
#3147=CARTESIAN_POINT('Ctrl Pts',(-14.7808077988956,-1.0747536373007,4.00681072277695));
#3148=CARTESIAN_POINT('',(-14.9599405812922,2.54544964464262,4.00000301974496));
#3149=CARTESIAN_POINT('Ctrl Pts',(-14.9599405812922,2.54544964464262,4.00000301974496));
#3150=CARTESIAN_POINT('Ctrl Pts',(-15.0389596850221,2.43366784873853,3.90580965883602));
#3151=CARTESIAN_POINT('Ctrl Pts',(-15.1106229716394,2.30338977508416,3.82132360544037));
#3152=CARTESIAN_POINT('Ctrl Pts',(-15.2093785315958,2.05160435032304,3.70550161635392));
#3153=CARTESIAN_POINT('Ctrl Pts',(-15.2431820483341,1.93521844245572,3.66609254737332));
#3154=CARTESIAN_POINT('Ctrl Pts',(-15.288489525429,1.695436239856,3.61334433582315));
#3155=CARTESIAN_POINT('Ctrl Pts',(-15.2999948592936,1.57204125504926,3.60000041849299));
#3156=CARTESIAN_POINT('Ctrl Pts',(-15.2999942280622,1.3279527929946,3.60000113883415));
#3157=CARTESIAN_POINT('Ctrl Pts',(-15.2884882303387,1.20455780792942,3.61334581424004));
#3158=CARTESIAN_POINT('Ctrl Pts',(-15.2431794674836,0.964775839284715,3.66609549294743));
#3159=CARTESIAN_POINT('Ctrl Pts',(-15.2093753285638,0.848390165806735,3.70550527139615));
#3160=CARTESIAN_POINT('Ctrl Pts',(-15.1096131791522,0.594042486406834,3.82250775731983));
#3161=CARTESIAN_POINT('Ctrl Pts',(-15.0363697895086,0.461673256549575,3.90886406807274));
#3162=CARTESIAN_POINT('Ctrl Pts',(-14.9556766979181,0.348550277538148,4.00508628116403));
#3163=CARTESIAN_POINT('Ctrl Pts',(15.0000092706307,1.45002217782824,4.00000048646929));
#3164=CARTESIAN_POINT('Ctrl Pts',(15.0000069135863,3.33345089376571,4.00000055574954));
#3165=CARTESIAN_POINT('Ctrl Pts',(14.6236019260096,5.34241740725001,4.00000066096637));
#3166=CARTESIAN_POINT('Ctrl Pts',(13.0927987750107,9.03810226451553,4.00000092428459));
#3167=CARTESIAN_POINT('Ctrl Pts',(11.9383978219666,10.7248195137735,4.00000108238644));
#3168=CARTESIAN_POINT('Ctrl Pts',(9.27481923180789,13.3883970673165,4.00000140200433));
#3169=CARTESIAN_POINT('Ctrl Pts',(7.5881018159501,14.5427972418773,4.00000158482439));
#3170=CARTESIAN_POINT('Ctrl Pts',(3.89241069787957,16.0736015480586,4.00000194866659));
#3171=CARTESIAN_POINT('Ctrl Pts',(1.88343699560121,16.4500056795206,4.00000212968863));
#3172=CARTESIAN_POINT('Ctrl Pts',(-1.88343050634344,16.4500045379299,4.00000244314778));
#3173=CARTESIAN_POINT('Ctrl Pts',(-3.89240353512339,16.0735993655864,4.00000259647837));
#3174=CARTESIAN_POINT('Ctrl Pts',(-7.58809304602402,14.5427934852236,4.00000284770038));
#3175=CARTESIAN_POINT('Ctrl Pts',(-9.27480952810259,13.3883927771027,4.00000294559151));
#3176=CARTESIAN_POINT('Ctrl Pts',(-11.9383859008864,10.7248151577271,4.00000306924689));
#3177=CARTESIAN_POINT('Ctrl Pts',(-13.0927856730912,9.0380984748609,4.00000310325333));
#3178=CARTESIAN_POINT('Ctrl Pts',(-14.4768162975619,5.69675173300142,4.00000309548862));
#3179=CARTESIAN_POINT('Ctrl Pts',(-14.8462284409787,4.09835809686614,4.00000306741914));
#3180=CARTESIAN_POINT('Ctrl Pts',(-14.9599405812922,2.54544964464262,4.00000301974496));
#3181=CARTESIAN_POINT('',(16.5000196629696,1.45001891415774,2.00000002980232));
#3182=CARTESIAN_POINT('',(18.3379155466167,1.45001491533305,-0.450511396901109));
#3183=CARTESIAN_POINT('',(16.1934348752672,4.61595935874713,2.00000002980232));
#3184=CARTESIAN_POINT('Origin',(1.47677133544022E-5,1.44999872030578,2.00000002980232));
#3185=CARTESIAN_POINT('',(16.1904525756812,4.63113784791254,2.00000968551289));
#3186=CARTESIAN_POINT('Origin',(1.47677133544022E-5,1.44999872030578,2.00000002980232));
#3187=CARTESIAN_POINT('',(-16.1904223883101,4.63114587479034,2.00000847521001));
#3188=CARTESIAN_POINT('Ctrl Pts',(-16.1904223883101,4.63114587479034,2.00000847521001));
#3189=CARTESIAN_POINT('Ctrl Pts',(-15.9816278126166,5.69380836329069,2.00000764328008));
#3190=CARTESIAN_POINT('Ctrl Pts',(-15.6638515089957,6.75065877398607,2.0000068200148));
#3191=CARTESIAN_POINT('Ctrl Pts',(-14.8230251019323,8.78059410298014,2.0000052473465));
#3192=CARTESIAN_POINT('Ctrl Pts',(-14.2987544970491,9.75506651231431,2.00000449689267));
#3193=CARTESIAN_POINT('Ctrl Pts',(-13.0871481702896,11.5571820013061,2.00000311810457));
#3194=CARTESIAN_POINT('Ctrl Pts',(-12.399736962087,12.3847743285121,2.00000248981323));
#3195=CARTESIAN_POINT('Ctrl Pts',(-10.9347736820616,13.8497402881726,2.00000138691293));
#3196=CARTESIAN_POINT('Ctrl Pts',(-10.107181988566,14.5371534338651,2.00000087463168));
#3197=CARTESIAN_POINT('Ctrl Pts',(-8.30506733011902,15.7487636370533,1.99999998453659));
#3198=CARTESIAN_POINT('Ctrl Pts',(-7.33059511792163,16.2730361810489,1.99999960666122));
#3199=CARTESIAN_POINT('Ctrl Pts',(-5.29796992886397,17.1149804821518,1.99999901729877));
#3200=CARTESIAN_POINT('Ctrl Pts',(-4.23819825232011,17.4333227293135,1.99999880534236));
#3201=CARTESIAN_POINT('Ctrl Pts',(-2.10717415153635,17.8508784843196,1.99999855502048));
#3202=CARTESIAN_POINT('Ctrl Pts',(-1.03590423764356,17.950002727581,1.9999985167262));
#3203=CARTESIAN_POINT('Ctrl Pts',(1.03587089212192,17.950006714942,1.99999859415211));
#3204=CARTESIAN_POINT('Ctrl Pts',(2.10714274606162,17.8508862976893,1.99999871251721));
#3205=CARTESIAN_POINT('Ctrl Pts',(4.23817137917827,17.4333375467767,1.99999912212158));
#3206=CARTESIAN_POINT('Ctrl Pts',(5.2979456478163,17.1149984784081,1.99999941329097));
#3207=CARTESIAN_POINT('Ctrl Pts',(7.3305764505967,16.2730596760572,2.00000015458534));
#3208=CARTESIAN_POINT('Ctrl Pts',(8.30505169293965,15.7487894547232,2.00000060530064));
#3209=CARTESIAN_POINT('Ctrl Pts',(10.1071725651056,14.5371829358175,2.00000163010374));
#3210=CARTESIAN_POINT('Ctrl Pts',(10.934767442034,13.849771151047,2.00000220424928));
#3211=CARTESIAN_POINT('Ctrl Pts',(12.3997384668732,12.3848054212896,2.00000341666377));
#3212=CARTESIAN_POINT('Ctrl Pts',(13.0871540802041,11.5572117966131,2.00000409634585));
#3213=CARTESIAN_POINT('Ctrl Pts',(14.2987682590976,9.75509256566501,2.00000556571876));
#3214=CARTESIAN_POINT('Ctrl Pts',(14.8230423122019,8.78061771288557,2.00000635537229));
#3215=CARTESIAN_POINT('Ctrl Pts',(15.6638768417642,6.75067058812648,2.00000799092048));
#3216=CARTESIAN_POINT('Ctrl Pts',(15.9816565911505,5.69381029163596,2.00000883795756));
#3217=CARTESIAN_POINT('Ctrl Pts',(16.1904525756812,4.63113784791254,2.00000968551289));
#3218=CARTESIAN_POINT('',(-16.193211351137,4.61695142087979,2.00000002980232));
#3219=CARTESIAN_POINT('',(-18.1114888733874,-5.14614101442395,2.00000002980232));
#3220=CARTESIAN_POINT('Origin',(1.47677133544022E-5,1.44999872030578,2.00000002980232));
#3221=CARTESIAN_POINT('Origin',(4.15970754222335E-6,1.45000298868422,6.33508498543421));
#3222=CARTESIAN_POINT('',(4.53624262345503,-14.4140788205932,5.99986228670159));
#3223=CARTESIAN_POINT('',(-16.4271008465975,2.99919579597958,5.99999890366063));
#3224=CARTESIAN_POINT('Ctrl Pts',(4.5362715569294,-14.4141796777104,5.9999985208478));
#3225=CARTESIAN_POINT('Ctrl Pts',(5.13848378168498,-14.2419809194711,5.99999848785961));
#3226=CARTESIAN_POINT('Ctrl Pts',(5.7334385805764,-14.0346030676582,5.99999845405318));
#3227=CARTESIAN_POINT('Ctrl Pts',(7.33060016292418,-13.3730370789485,5.99999835987755));
#3228=CARTESIAN_POINT('Ctrl Pts',(8.30507442948782,-12.8487650562593,5.99999829848156));
#3229=CARTESIAN_POINT('Ctrl Pts',(10.107193064746,-11.6371552352523,5.99999817704104));
#3230=CARTESIAN_POINT('Ctrl Pts',(10.9347866804384,-10.9497419498751,5.99999811699636));
#3231=CARTESIAN_POINT('Ctrl Pts',(12.3997540035492,-9.48477462676415,5.99999800261029));
#3232=CARTESIAN_POINT('Ctrl Pts',(13.0871672889265,-8.65718101107144,5.99999794436176));
#3233=CARTESIAN_POINT('Ctrl Pts',(14.2987771099336,-6.85506237581255,5.99999783048757));
#3234=CARTESIAN_POINT('Ctrl Pts',(14.8230491326228,-5.88058810924855,5.99999777486014));
#3235=CARTESIAN_POINT('Ctrl Pts',(15.664991724666,-3.8479588847978,5.99999767026401));
#3236=CARTESIAN_POINT('Ctrl Pts',(15.9833327842152,-2.78818522038866,5.99999762121203));
#3237=CARTESIAN_POINT('Ctrl Pts',(16.4008855711228,-0.657157392308042,5.99999753269236));
#3238=CARTESIAN_POINT('Ctrl Pts',(16.5000080332777,0.414114260983008,5.99999749322817));
#3239=CARTESIAN_POINT('Ctrl Pts',(16.5000080332777,1.45000258937157,5.99999745942355));
#3240=CARTESIAN_POINT('Ctrl Pts',(16.5000080332777,2.48589091776015,5.99999742561894));
#3241=CARTESIAN_POINT('Ctrl Pts',(16.4008855711228,3.55716257105124,5.99999739516454));
#3242=CARTESIAN_POINT('Ctrl Pts',(15.9833327842152,5.68819039913192,5.99999734459862));
#3243=CARTESIAN_POINT('Ctrl Pts',(15.664991724666,6.74796406354109,5.99999732448247));
#3244=CARTESIAN_POINT('Ctrl Pts',(14.8230491326228,8.78059328799191,5.9999972964152));
#3245=CARTESIAN_POINT('Ctrl Pts',(14.2987771099336,9.75506755455594,5.99999728844173));
#3246=CARTESIAN_POINT('Ctrl Pts',(13.0871672889265,11.5571861898149,5.99999728469727));
#3247=CARTESIAN_POINT('Ctrl Pts',(12.3997540035492,12.3847798055077,5.99999728893137));
#3248=CARTESIAN_POINT('Ctrl Pts',(10.9347866804385,13.8497471286188,5.99999730770365));
#3249=CARTESIAN_POINT('Ctrl Pts',(10.1071930647461,14.5371604139961,5.99999732288304));
#3250=CARTESIAN_POINT('Ctrl Pts',(8.3050744294879,15.7487702350032,5.99999736524568));
#3251=CARTESIAN_POINT('Ctrl Pts',(7.33060016292428,16.2730422576925,5.99999739242414));
#3252=CARTESIAN_POINT('Ctrl Pts',(5.29797093847424,17.1149848497359,5.99999745732602));
#3253=CARTESIAN_POINT('Ctrl Pts',(4.23819727406546,17.4333259092851,5.99999749510112));
#3254=CARTESIAN_POINT('Ctrl Pts',(2.10716944598549,17.8508786961929,5.9999975783238));
#3255=CARTESIAN_POINT('Ctrl Pts',(1.03589779269475,17.9500011583479,5.99999762377508));
#3256=CARTESIAN_POINT('Ctrl Pts',(-1.0358788640818,17.950001158348,5.99999771793071));
#3257=CARTESIAN_POINT('Ctrl Pts',(-2.10715051737253,17.8508786961931,5.99999776985117));
#3258=CARTESIAN_POINT('Ctrl Pts',(-4.23817834545248,17.4333259092856,5.9999978803253));
#3259=CARTESIAN_POINT('Ctrl Pts',(-5.29795200986126,17.1149848497364,5.99999793887684));
#3260=CARTESIAN_POINT('Ctrl Pts',(-7.3305812343113,16.2730422576932,5.99999805872793));
#3261=CARTESIAN_POINT('Ctrl Pts',(-8.30505550087494,15.7487702350041,5.99999812012294));
#3262=CARTESIAN_POINT('Ctrl Pts',(-10.1071741361331,14.5371604139971,5.99999824156131));
#3263=CARTESIAN_POINT('Ctrl Pts',(-10.9347677518255,13.8497471286199,5.99999830160483));
#3264=CARTESIAN_POINT('Ctrl Pts',(-12.3997350749363,12.3847798055089,5.99999841598862));
#3265=CARTESIAN_POINT('Ctrl Pts',(-13.0871483603137,11.5571861898162,5.99999847423594));
#3266=CARTESIAN_POINT('Ctrl Pts',(-14.2987581813207,9.75506755455733,5.99999858810786));
#3267=CARTESIAN_POINT('Ctrl Pts',(-14.8230302040099,8.78059328799334,5.99999864373421));
#3268=CARTESIAN_POINT('Ctrl Pts',(-15.6649727960531,6.74796406354259,5.99999874832852));
#3269=CARTESIAN_POINT('Ctrl Pts',(-15.9833138556023,5.68819039913346,5.99999879737976));
#3270=CARTESIAN_POINT('Ctrl Pts',(-16.2981880741387,4.08119424658553,5.99999886413116));
#3271=CARTESIAN_POINT('Ctrl Pts',(-16.376263920246,3.53825303074493,5.99999888539739));
#3272=CARTESIAN_POINT('Ctrl Pts',(-16.4271008471421,2.99919579603094,5.99999890529897));
#3273=CARTESIAN_POINT('Ctrl Pts',(4.02017634432443,-13.0012428073764,4.00000164944131));
#3274=CARTESIAN_POINT('Ctrl Pts',(4.27833409278274,-13.7077669885026,4.99986062913479));
#3275=CARTESIAN_POINT('Ctrl Pts',(4.53625210867381,-14.4141118845682,5.99990813123253));
#3276=CARTESIAN_POINT('Ctrl Pts',(-16.427100846054,2.99919579522927,5.99999890375421));
#3277=CARTESIAN_POINT('Ctrl Pts',(-16.3868394829716,3.0220517853504,5.9494154361615));
#3278=CARTESIAN_POINT('Ctrl Pts',(-16.3459728062812,3.04238640854688,5.8977977224592));
#3279=CARTESIAN_POINT('Ctrl Pts',(-16.1286346857542,3.13593445857861,5.62167345706808));
#3280=CARTESIAN_POINT('Ctrl Pts',(-15.9467309493011,3.16221031449906,5.38452959852662));
#3281=CARTESIAN_POINT('Ctrl Pts',(-15.7825177862066,3.14457866938789,5.16431995812282));
#3282=CARTESIAN_POINT('Ctrl Pts',(-15.6341194089735,3.12864506532629,4.96531792520888));
#3283=CARTESIAN_POINT('Ctrl Pts',(-15.4776751847619,3.07416119954911,4.74991409749673));
#3284=CARTESIAN_POINT('Ctrl Pts',(-15.1936282157025,2.8754685990155,4.34683071505832));
#3285=CARTESIAN_POINT('Ctrl Pts',(-15.0660139551205,2.73096966622836,4.15930238962565));
#3286=CARTESIAN_POINT('Ctrl Pts',(-14.9646305797681,2.5537744785193,4.0070524049893));
#3287=CARTESIAN_POINT('Ctrl Pts',(-14.9622818180474,2.54962702216109,4.00352310177691));
#3288=CARTESIAN_POINT('Ctrl Pts',(-14.9599405812922,2.54544964464261,4.00000301974496));
#3289=CARTESIAN_POINT('Origin',(3.65583789907475E-6,32.0499577530606,2.00000002980232));
#3290=CARTESIAN_POINT('',(17.4468043550462,-14.8073204694316,0.));
#3291=CARTESIAN_POINT('',(-17.446804058298,-14.807319672448,0.));
#3292=CARTESIAN_POINT('Origin',(3.65583789907475E-6,32.0499577530606,0.));
#3293=CARTESIAN_POINT('',(17.4468043550462,-14.8073204694316,2.00000002980232));
#3294=CARTESIAN_POINT('',(17.4468040466309,-14.8073196411133,2.00000002980232));
#3295=CARTESIAN_POINT('',(-17.446804058298,-14.807319672448,2.00000002980232));
#3296=CARTESIAN_POINT('Origin',(3.65583789907475E-6,32.0499577530606,2.00000002980232));
#3297=CARTESIAN_POINT('',(-17.4468040466309,-14.8073196411133,2.00000002980232));
#3298=CARTESIAN_POINT('Origin',(9.69156021431573,2.67874278413468,24.1420417384528));
#3299=CARTESIAN_POINT('',(-15.57825510646,-0.193429773883148,4.86510946007231));
#3300=CARTESIAN_POINT('Ctrl Pts',(-14.9556766979181,0.348550277538152,4.00508628116403));
#3301=CARTESIAN_POINT('Ctrl Pts',(-14.9652652034103,0.332580154789263,4.01867044126408));
#3302=CARTESIAN_POINT('Ctrl Pts',(-14.9749831743248,0.317033857384542,4.03240365143452));
#3303=CARTESIAN_POINT('Ctrl Pts',(-15.1006918675129,0.123460700761033,4.20966065725908));
#3304=CARTESIAN_POINT('Ctrl Pts',(-15.2483329631736,-0.0199188556360625,
4.41353590266291));
#3305=CARTESIAN_POINT('Ctrl Pts',(-15.4635513756183,-0.145915286894132,
4.70844391301024));
#3306=CARTESIAN_POINT('Ctrl Pts',(-15.5206883974981,-0.172640760088979,
4.78654873696645));
#3307=CARTESIAN_POINT('Ctrl Pts',(-15.5782551066759,-0.193429773831809,
4.86510946034762));
#3308=CARTESIAN_POINT('',(-16.4278346335613,-0.0913899773217091,6.01701382455315));
#3309=CARTESIAN_POINT('Ctrl Pts',(-16.42783463354,-0.0913899773199508,6.01701382453965));
#3310=CARTESIAN_POINT('Ctrl Pts',(-16.3781195907333,-0.621242641455859,
6.026350935165));
#3311=CARTESIAN_POINT('Ctrl Pts',(-16.3021264624334,-1.1544035998347,6.02185203050364));
#3312=CARTESIAN_POINT('Ctrl Pts',(-16.166726648744,-1.85393994156618,5.99689573337121));
#3313=CARTESIAN_POINT('Ctrl Pts',(-16.131433071719,-2.02219303202622,5.989438976826));
#3314=CARTESIAN_POINT('Ctrl Pts',(-16.0934598238505,-2.19007970938878,5.98053385027518));
#3315=CARTESIAN_POINT('',(-15.8977542639968,-0.249997375703723,5.30000030922909));
#3316=CARTESIAN_POINT('Ctrl Pts',(-15.8977542639968,-0.249997375703723,
5.30000030922909));
#3317=CARTESIAN_POINT('Ctrl Pts',(-16.0570310779473,-0.249997349821595,
5.51631362224195));
#3318=CARTESIAN_POINT('Ctrl Pts',(-16.2291376983399,-0.206551955668956,
5.74943687950597));
#3319=CARTESIAN_POINT('Ctrl Pts',(-16.4033255005628,-0.106412987599476,
5.98403012819396));
#3320=CARTESIAN_POINT('Ctrl Pts',(-16.4156131690673,-0.099038792680012,
6.0005708693297));
#3321=CARTESIAN_POINT('Ctrl Pts',(-16.4278346334785,-0.0913899767985076,
6.01701382437129));
#3322=CARTESIAN_POINT('Ctrl Pts',(-15.5782551066759,-0.193429773831809,
4.86510946034762));
#3323=CARTESIAN_POINT('Ctrl Pts',(-15.6854867453757,-0.232154238760231,
5.01144742591729));
#3324=CARTESIAN_POINT('Ctrl Pts',(-15.7942409915239,-0.2499973925244,5.15941927703706));
#3325=CARTESIAN_POINT('Ctrl Pts',(-15.8977542639968,-0.249997375703723,
5.30000030922909));
#3326=CARTESIAN_POINT('',(-15.5845165661125,-0.892563546904728,4.99057251820269));
#3327=CARTESIAN_POINT('Origin',(9.69156021431573,2.67874278413468,24.1420417384528));
#3328=CARTESIAN_POINT('Origin',(-4.13594246233096,15.1468541368443,7.66737257204016));
#3329=CARTESIAN_POINT('',(-3.75536918640137,15.2185535430908,7.67002880573273));
#3330=CARTESIAN_POINT('Ctrl Pts',(-3.75679286390663,15.2183734131394,7.67009365264403));
#3331=CARTESIAN_POINT('Ctrl Pts',(-3.75723697577117,15.220735793,7.66988381569278));
#3332=CARTESIAN_POINT('Ctrl Pts',(-3.75770344471544,15.2230945709477,7.66967373708741));
#3333=CARTESIAN_POINT('Ctrl Pts',(-3.76606648848621,15.2633857045781,7.6660756864876));
#3334=CARTESIAN_POINT('Ctrl Pts',(-3.7800156644167,15.3000581038083,7.66264658263132));
#3335=CARTESIAN_POINT('Ctrl Pts',(-3.81454038237235,15.3630951499587,7.65649995775157));
#3336=CARTESIAN_POINT('Ctrl Pts',(-3.83793827436518,15.3946129828261,7.65327988598068));
#3337=CARTESIAN_POINT('Ctrl Pts',(-3.89342654861385,15.4488078308953,7.64738319285064));
#3338=CARTESIAN_POINT('Ctrl Pts',(-3.92551693877866,15.4714848733884,7.64470689674663));
#3339=CARTESIAN_POINT('Ctrl Pts',(-3.95748363698741,15.4880481122479,7.64255253276068));
#3340=CARTESIAN_POINT('Ctrl Pts',(-4.00006632581977,15.5101119250885,7.63968271459408));
#3341=CARTESIAN_POINT('Ctrl Pts',(-4.0499161246057,15.525237757629,7.63723410552361));
#3342=CARTESIAN_POINT('Ctrl Pts',(-4.12423351866139,15.5318782664784,7.63491842009969));
#3343=CARTESIAN_POINT('Ctrl Pts',(-4.14794464885308,15.5318060665981,7.63436280654181));
#3344=CARTESIAN_POINT('Ctrl Pts',(-4.17117864108363,15.5296345959192,7.63398753507218));
#3345=CARTESIAN_POINT('',(-3.74161784740705,15.1680950885801,7.07231947052891));
#3346=CARTESIAN_POINT('',(-3.74161720275879,15.1681137084961,7.07231163978577));
#3347=CARTESIAN_POINT('Ctrl Pts',(-4.15632618025041,15.4795594982014,7.03608335695749));
#3348=CARTESIAN_POINT('Ctrl Pts',(-4.12434833226422,15.4824649775347,7.03663478250245));
#3349=CARTESIAN_POINT('Ctrl Pts',(-4.0913381251211,15.4813682296343,7.03753983914379));
#3350=CARTESIAN_POINT('Ctrl Pts',(-4.00622237931766,15.4674744722124,7.04078485567364));
#3351=CARTESIAN_POINT('Ctrl Pts',(-3.95530758133424,15.4473016108208,7.04370330274059));
#3352=CARTESIAN_POINT('Ctrl Pts',(-3.87033563809105,15.3927229452946,7.0503175962605));
#3353=CARTESIAN_POINT('Ctrl Pts',(-3.8308823616361,15.3548511585216,7.05443369900226));
#3354=CARTESIAN_POINT('Ctrl Pts',(-3.77197686381456,15.2667867446517,7.06323347008044));
#3355=CARTESIAN_POINT('Ctrl Pts',(-3.75220698429065,15.2167972849364,7.06790871562126));
#3356=CARTESIAN_POINT('Ctrl Pts',(-3.74307651977747,15.1679142244833,7.07224639118215));
#3357=CARTESIAN_POINT('Origin',(-4.12301545410085,15.1041280705804,7.67057845390186));
#3358=CARTESIAN_POINT('',(-3.98916342129036,14.685920138263,7.10694184564765));
#3359=CARTESIAN_POINT('',(-4.00427426419951,14.7359701407437,7.7044663692083));
#3360=CARTESIAN_POINT('',(-3.98916244506836,14.6859169006348,7.10690319538116));
#3361=CARTESIAN_POINT('Ctrl Pts',(-3.74141423624188,15.168304061551,7.07225175060579));
#3362=CARTESIAN_POINT('Ctrl Pts',(-3.7365290388055,15.1527327396353,7.07367898950788));
#3363=CARTESIAN_POINT('Ctrl Pts',(-3.73270828118408,15.1370396742133,7.07509197710754));
#3364=CARTESIAN_POINT('Ctrl Pts',(-3.72178858578355,15.0762381317468,7.08047718633209));
#3365=CARTESIAN_POINT('Ctrl Pts',(-3.72176970357196,15.0262723542559,7.08469742997938));
#3366=CARTESIAN_POINT('Ctrl Pts',(-3.74116991343512,14.9302038924876,7.09235727698348));
#3367=CARTESIAN_POINT('Ctrl Pts',(-3.7605889821858,14.8841011233228,7.09579587473792));
#3368=CARTESIAN_POINT('Ctrl Pts',(-3.81072841244015,14.8067945626162,7.10113007373151));
#3369=CARTESIAN_POINT('Ctrl Pts',(-3.84494124730174,14.770205923572,7.10339707087922));
#3370=CARTESIAN_POINT('Ctrl Pts',(-3.91733616420292,14.7184816191077,7.10598925000162));
#3371=CARTESIAN_POINT('Ctrl Pts',(-3.95350855208636,14.7004880632196,7.10661031056872));
#3372=CARTESIAN_POINT('Ctrl Pts',(-3.98993400680502,14.6886350132472,7.1066946975701));
#3373=CARTESIAN_POINT('Ctrl Pts',(-4.00504956139361,14.7387990899975,7.70421040903745));
#3374=CARTESIAN_POINT('Ctrl Pts',(-3.97327184823217,14.7490548070392,7.70415162972443));
#3375=CARTESIAN_POINT('Ctrl Pts',(-3.9405466258574,14.7644210848923,7.70368487726081));
#3376=CARTESIAN_POINT('Ctrl Pts',(-3.8793258463799,14.8048510623725,7.70182453295504));
#3377=CARTESIAN_POINT('Ctrl Pts',(-3.85114594745428,14.8304034207047,7.70038161372042));
#3378=CARTESIAN_POINT('Ctrl Pts',(-3.80619880210249,14.8835520204865,7.69703445967188));
#3379=CARTESIAN_POINT('Ctrl Pts',(-3.78570346914127,14.9155566023832,7.69485249469511));
#3380=CARTESIAN_POINT('Ctrl Pts',(-3.7553482121943,14.984219376863,7.68982945535711));
#3381=CARTESIAN_POINT('Ctrl Pts',(-3.74548828732818,15.0208775673587,7.68698835778197));
#3382=CARTESIAN_POINT('Ctrl Pts',(-3.73648885642653,15.0897554565045,7.68141407037064));
#3383=CARTESIAN_POINT('Ctrl Pts',(-3.73660290129916,15.1276881320829,7.67821834686984));
#3384=CARTESIAN_POINT('Ctrl Pts',(-3.74536852785328,15.1831072413831,7.67333957731132));
#3385=CARTESIAN_POINT('Ctrl Pts',(-3.74964268028025,15.2012986093513,7.67170396870761));
#3386=CARTESIAN_POINT('Ctrl Pts',(-3.75509071327149,15.2187757442091,7.67010014511338));
#3387=CARTESIAN_POINT('Origin',(-5.86934028260669,19.2841929254993,7.27608742003947));
#3388=CARTESIAN_POINT('Ctrl Pts',(-3.98872102050058,14.6852581932094,7.10700873610419));
#3389=CARTESIAN_POINT('Ctrl Pts',(-4.10756818697012,14.6366504886852,7.10811893970551));
#3390=CARTESIAN_POINT('Ctrl Pts',(-4.22634539068523,14.5934792765732,7.10862235062184));
#3391=CARTESIAN_POINT('Ctrl Pts',(-4.39334536831971,14.5395859030926,7.10856094340646));
#3392=CARTESIAN_POINT('Ctrl Pts',(-4.44392645853391,14.5241320519732,7.10844420028434));
#3393=CARTESIAN_POINT('Ctrl Pts',(-4.4952116873796,14.5093713630713,7.10822345547697));
#3394=CARTESIAN_POINT('Ctrl Pts',(-4.5122026417575,14.5588370641255,7.70612210501055));
#3395=CARTESIAN_POINT('Ctrl Pts',(-4.43833564460988,14.5800687660238,7.70630732237739));
#3396=CARTESIAN_POINT('Ctrl Pts',(-4.36647937969941,14.6025948826276,7.70631353549492));
#3397=CARTESIAN_POINT('Ctrl Pts',(-4.2009282011647,14.6584244855781,7.70595497420938));
#3398=CARTESIAN_POINT('Ctrl Pts',(-4.10262350658217,14.6949098251553,7.70542578456188));
#3399=CARTESIAN_POINT('Ctrl Pts',(-4.00381637616562,14.7353471240924,7.70452945582183));
#3400=CARTESIAN_POINT('Origin',(-4.077773461631,15.2060062843917,7.0727305363534));
#3401=CARTESIAN_POINT('',(-3.08268624376222,15.6035071770362,7.04924385965653));
#3402=CARTESIAN_POINT('Ctrl Pts',(-3.08268043776091,15.6034924673413,7.04924235812221));
#3403=CARTESIAN_POINT('Ctrl Pts',(-3.09682276216553,15.6387069041287,7.04598231473099));
#3404=CARTESIAN_POINT('Ctrl Pts',(-3.11288931577438,15.6732501159893,7.04274130587481));
#3405=CARTESIAN_POINT('Ctrl Pts',(-3.20530871280704,15.8469229813718,7.02621159693533));
#3406=CARTESIAN_POINT('Ctrl Pts',(-3.31281127069833,15.969561156954,7.0136844109638));
#3407=CARTESIAN_POINT('Ctrl Pts',(-3.55463630975528,16.1503126547959,6.99334890713207));
#3408=CARTESIAN_POINT('Ctrl Pts',(-3.70288527512945,16.2188352747016,6.98436752199282));
#3409=CARTESIAN_POINT('Ctrl Pts',(-3.92791942046274,16.265198316265,6.97535120964839));
#3410=CARTESIAN_POINT('Ctrl Pts',(-3.99859030898469,16.272568704253,6.97309525898157));
#3411=CARTESIAN_POINT('Ctrl Pts',(-4.06867037875534,16.2730096567207,6.97140319391163));
#3412=CARTESIAN_POINT('Ctrl Pts',(-3.08268434089481,15.6035022612539,7.04924335963553));
#3413=CARTESIAN_POINT('Ctrl Pts',(-3.08700228224287,15.6221683437144,7.24826055818465));
#3414=CARTESIAN_POINT('Ctrl Pts',(-3.09132888997629,15.6408337807684,7.4472776453179));
#3415=CARTESIAN_POINT('Ctrl Pts',(-3.09566416786847,15.6594985102226,7.6462946260438));
#3416=CARTESIAN_POINT('Origin',(5.8633622168508,14.5851957520075,7.66154679237944));
#3417=CARTESIAN_POINT('',(5.53892113440749,14.9804976653333,7.03697240807541));
#3418=CARTESIAN_POINT('',(5.55883041513467,15.0287716198039,7.63495060870586));
#3419=CARTESIAN_POINT('Ctrl Pts',(5.53906809604778,14.9803328951103,7.03723671711901));
#3420=CARTESIAN_POINT('Ctrl Pts',(5.54565253595589,14.9964780953405,7.23647486032539));
#3421=CARTESIAN_POINT('Ctrl Pts',(5.55223997369718,15.012624341245,7.43571282392655));
#3422=CARTESIAN_POINT('Ctrl Pts',(5.55883041513467,15.0287716198039,7.63495060870586));
#3423=CARTESIAN_POINT('',(6.3881061841258,14.7032845309556,7.63145737032846));
#3424=CARTESIAN_POINT('Ctrl Pts',(6.38810699681138,14.7032860056218,7.63147566705662));
#3425=CARTESIAN_POINT('Ctrl Pts',(6.37789579203102,14.7478619487857,7.62833668063247));
#3426=CARTESIAN_POINT('Ctrl Pts',(6.36176093523783,14.7917253675614,7.62546487590601));
#3427=CARTESIAN_POINT('Ctrl Pts',(6.30111124830989,14.9074888577522,7.61852807217772));
#3428=CARTESIAN_POINT('Ctrl Pts',(6.24347542314223,14.9726360921269,7.61545996804142));
#3429=CARTESIAN_POINT('Ctrl Pts',(6.11262113697242,15.0670697211752,7.61268291703353));
#3430=CARTESIAN_POINT('Ctrl Pts',(6.03258730638464,15.1012746961337,7.61282916451238));
#3431=CARTESIAN_POINT('Ctrl Pts',(5.86586072376375,15.1286266554713,7.61655628319198));
#3432=CARTESIAN_POINT('Ctrl Pts',(5.77916793902219,15.1217735689,7.62013621185216));
#3433=CARTESIAN_POINT('Ctrl Pts',(5.70221353483608,15.0979139485135,7.6246950625235));
#3434=CARTESIAN_POINT('Ctrl Pts',(5.65368295238061,15.0828670998403,7.62757005948757));
#3435=CARTESIAN_POINT('Ctrl Pts',(5.60389074338144,15.0594785585747,7.63113755920731));
#3436=CARTESIAN_POINT('Ctrl Pts',(5.55883557875028,15.028784306551,7.63510731745969));
#3437=CARTESIAN_POINT('',(6.36514076677074,14.6560751606562,7.03335591385978));
#3438=CARTESIAN_POINT('Ctrl Pts',(6.38810653360347,14.703285040079,7.63146346304993));
#3439=CARTESIAN_POINT('Ctrl Pts',(6.38053278779628,14.6875732517348,7.43222476041175));
#3440=CARTESIAN_POINT('Ctrl Pts',(6.37295776975721,14.6718639945865,7.2329859099346));
#3441=CARTESIAN_POINT('Ctrl Pts',(6.36538149012975,14.6561572729108,7.0337469109383));
#3442=CARTESIAN_POINT('Ctrl Pts',(5.53900676256163,14.9802007814339,7.03569487305826));
#3443=CARTESIAN_POINT('Ctrl Pts',(5.53964511723129,14.9806385324495,7.03563785501091));
#3444=CARTESIAN_POINT('Ctrl Pts',(5.54028443232303,14.981074898937,7.0355809128648));
#3445=CARTESIAN_POINT('Ctrl Pts',(5.60290646563585,15.023618227229,7.0300191199474));
#3446=CARTESIAN_POINT('Ctrl Pts',(5.67426722585519,15.052019858746,7.02527008741896));
#3447=CARTESIAN_POINT('Ctrl Pts',(5.8137787342927,15.0778473174659,7.01832928791165));
#3448=CARTESIAN_POINT('Ctrl Pts',(5.89067868414277,15.0768932400646,7.01570214174515));
#3449=CARTESIAN_POINT('Ctrl Pts',(6.03698516043135,15.0427109343059,7.01324979667234));
#3450=CARTESIAN_POINT('Ctrl Pts',(6.10639167227554,15.0094826732514,7.01342418284232));
#3451=CARTESIAN_POINT('Ctrl Pts',(6.21416018029803,14.9289666792578,7.0159662495576));
#3452=CARTESIAN_POINT('Ctrl Pts',(6.2614466997123,14.8787114297748,7.01825387527839));
#3453=CARTESIAN_POINT('Ctrl Pts',(6.32950920039313,14.7697357948374,7.02442659170502));
#3454=CARTESIAN_POINT('Ctrl Pts',(6.35257085091406,14.7123903754153,7.02812347154893));
#3455=CARTESIAN_POINT('Ctrl Pts',(6.3653193338504,14.6560273514987,7.03210809061995));
#3456=CARTESIAN_POINT('Origin',(5.11595078586911,12.8795224826791,7.81974371756507));
#3457=CARTESIAN_POINT('',(5.42807170807971,12.4336396863951,7.24424292954785));
#3458=CARTESIAN_POINT('',(4.5901274500797,12.7076189116052,7.25245311822741));
#3459=CARTESIAN_POINT('Ctrl Pts',(5.42786168392617,12.4337099970326,7.24276325296718));
#3460=CARTESIAN_POINT('Ctrl Pts',(5.40900356053506,12.4178345643859,7.24472860470477));
#3461=CARTESIAN_POINT('Ctrl Pts',(5.38927172160414,12.4035564913467,7.24659696671908));
#3462=CARTESIAN_POINT('Ctrl Pts',(5.31716965693907,12.3584616877928,7.25285290107756));
#3463=CARTESIAN_POINT('Ctrl Pts',(5.25526191445896,12.3334670104628,7.257116768344));
#3464=CARTESIAN_POINT('Ctrl Pts',(5.12650065067301,12.3091814421884,7.26374309035735));
#3465=CARTESIAN_POINT('Ctrl Pts',(5.05964711814516,12.309890532751,7.26610525926052));
#3466=CARTESIAN_POINT('Ctrl Pts',(4.93177439801416,12.3338336825143,7.26879258651525));
#3467=CARTESIAN_POINT('Ctrl Pts',(4.86277761751289,12.3613804377492,7.26905688376498));
#3468=CARTESIAN_POINT('Ctrl Pts',(4.74275625556904,12.4428677453492,7.26679893630939));
#3469=CARTESIAN_POINT('Ctrl Pts',(4.69173168790688,12.4968083287105,7.26427707774917));
#3470=CARTESIAN_POINT('Ctrl Pts',(4.62655081373269,12.6001860325961,7.25827125382345));
#3471=CARTESIAN_POINT('Ctrl Pts',(4.60380781003217,12.6525243768438,7.25486175800911));
#3472=CARTESIAN_POINT('Ctrl Pts',(4.5903283764051,12.7075566397952,7.25090335299357));
#3473=CARTESIAN_POINT('',(5.45119390213556,12.4806067914761,7.84216317509751));
#3474=CARTESIAN_POINT('Ctrl Pts',(5.4279222138041,12.4338372339311,7.24444172906209));
#3475=CARTESIAN_POINT('Ctrl Pts',(5.43568424558957,12.4494290568489,7.44368186068038));
#3476=CARTESIAN_POINT('Ctrl Pts',(5.44344148013595,12.4650188998385,7.64292234330888));
#3477=CARTESIAN_POINT('Ctrl Pts',(5.45119390213556,12.4806067914761,7.84216317509751));
#3478=CARTESIAN_POINT('',(4.61012605163717,12.7561393022553,7.85039926168376));
#3479=CARTESIAN_POINT('Ctrl Pts',(4.61013329033445,12.7561568849121,7.85061760238719));
#3480=CARTESIAN_POINT('Ctrl Pts',(4.61458874851702,12.7382154493585,7.8519145416137));
#3481=CARTESIAN_POINT('Ctrl Pts',(4.61993892434911,12.7207889259808,7.85313642809608));
#3482=CARTESIAN_POINT('Ctrl Pts',(4.6259953285171,12.7040983227155,7.85427221642913));
#3483=CARTESIAN_POINT('Ctrl Pts',(4.65217179865911,12.6319596301994,7.85918122325282));
#3484=CARTESIAN_POINT('Ctrl Pts',(4.69664891892486,12.5620074901082,7.86323425851351));
#3485=CARTESIAN_POINT('Ctrl Pts',(4.81280722418785,12.450232341815,7.86804797415796));
#3486=CARTESIAN_POINT('Ctrl Pts',(4.88448844090994,12.4084094010115,7.86880945396725));
#3487=CARTESIAN_POINT('Ctrl Pts',(5.0309181797797,12.361408162942,7.86725041311224));
#3488=CARTESIAN_POINT('Ctrl Pts',(5.11351903502083,12.3537094671236,7.86484641702823));
#3489=CARTESIAN_POINT('Ctrl Pts',(5.27291072550755,12.3770406776967,7.85712488763299));
#3490=CARTESIAN_POINT('Ctrl Pts',(5.34970157612351,12.4080706172449,7.85180777179606));
#3491=CARTESIAN_POINT('Ctrl Pts',(5.42595308879538,12.460536619964,7.84478277004782));
#3492=CARTESIAN_POINT('Ctrl Pts',(5.43876802122781,12.4702409898655,7.84353064654215));
#3493=CARTESIAN_POINT('Ctrl Pts',(5.45119683642507,12.4806127047653,7.84223887896272));
#3494=CARTESIAN_POINT('Ctrl Pts',(4.61012605163717,12.7561393022553,7.85039926168376));
#3495=CARTESIAN_POINT('Ctrl Pts',(4.60354482042362,12.7399959071887,7.6511599434676));
#3496=CARTESIAN_POINT('Ctrl Pts',(4.59696531376861,12.7238491671824,7.4519208443689));
#3497=CARTESIAN_POINT('Ctrl Pts',(4.59038751545135,12.7076990754975,7.25268196557825));
#3498=CARTESIAN_POINT('Origin',(5.92925628240936,14.5721780984736,7.66030116635359));
#3499=CARTESIAN_POINT('',(7.18555856090827,14.5108482544182,7.01476067896384));
#3500=CARTESIAN_POINT('',(6.54919275596215,15.6294458361097,6.94979265351873));
#3501=CARTESIAN_POINT('Ctrl Pts',(7.1855575818292,14.5107984596936,7.01475428746087));
#3502=CARTESIAN_POINT('Ctrl Pts',(7.18620652237664,14.5688653066832,7.01018336507569));
#3503=CARTESIAN_POINT('Ctrl Pts',(7.18283050643523,14.6260502973447,7.00582556705268));
#3504=CARTESIAN_POINT('Ctrl Pts',(7.15901250859794,14.8187450310236,6.99158238635783));
#3505=CARTESIAN_POINT('Ctrl Pts',(7.11681005061447,14.9638421008103,6.98171774507845));
#3506=CARTESIAN_POINT('Ctrl Pts',(6.98340706576059,15.2296654322784,6.96559791800296));
#3507=CARTESIAN_POINT('Ctrl Pts',(6.8922064869524,15.3503915877443,6.95934141051467));
#3508=CARTESIAN_POINT('Ctrl Pts',(6.72037186382431,15.5151300471438,6.95244308554576));
#3509=CARTESIAN_POINT('Ctrl Pts',(6.63847601753583,15.5774440433857,6.95041852847338));
#3510=CARTESIAN_POINT('Ctrl Pts',(6.54916758031675,15.6293965529251,6.94945964773844));
#3511=CARTESIAN_POINT('Ctrl Pts',(7.18555856090827,14.5108482544182,7.01476067896384));
#3512=CARTESIAN_POINT('Ctrl Pts',(7.19392572626875,14.5260497704694,7.21313413607937));
#3513=CARTESIAN_POINT('Ctrl Pts',(7.20229209128294,14.5412537015864,7.41150744698878));
#3514=CARTESIAN_POINT('Ctrl Pts',(7.21065764881229,14.5564600462306,7.60988061206018));
#3515=CARTESIAN_POINT('Ctrl Pts',(6.57106048046017,15.6767870213401,7.54759653075567));
#3516=CARTESIAN_POINT('Ctrl Pts',(6.56376971785993,15.6610004523841,7.34835498156313));
#3517=CARTESIAN_POINT('Ctrl Pts',(6.55647735564883,15.6452143771341,7.1491134541111));
#3518=CARTESIAN_POINT('Ctrl Pts',(6.54918339502366,15.6294287986417,6.94987194813545));
#3519=CARTESIAN_POINT('Origin',(9.42723919328,12.0647711824124,7.67930965761132));
#3520=CARTESIAN_POINT('',(8.92858135787121,12.8507210927854,7.04953113500409));
#3521=CARTESIAN_POINT('',(8.92857551574707,12.8507137298584,7.04942345619202));
#3522=CARTESIAN_POINT('Ctrl Pts',(8.67812854813712,12.646842496763,7.07712966042809));
#3523=CARTESIAN_POINT('Ctrl Pts',(8.69088649848596,12.6615166889607,7.07543109938355));
#3524=CARTESIAN_POINT('Ctrl Pts',(8.70410921014724,12.6758087888051,7.07373333075668));
#3525=CARTESIAN_POINT('Ctrl Pts',(8.78019751201554,12.7530963100666,7.06430232202585));
#3526=CARTESIAN_POINT('Ctrl Pts',(8.85120310706241,12.8072758180712,7.05672854003168));
#3527=CARTESIAN_POINT('Ctrl Pts',(8.92864503796002,12.8507084838168,7.04952921220973));
#3528=CARTESIAN_POINT('Origin',(9.26155208245057,12.3951223565071,7.66518542108183));
#3529=CARTESIAN_POINT('',(9.66028213500977,12.7358722686768,7.01663196086884));
#3530=CARTESIAN_POINT('',(9.66028213500977,12.7358722686768,7.01663196086884));
#3531=CARTESIAN_POINT('Ctrl Pts',(8.92977295368928,12.8488101741098,7.04959783272709));
#3532=CARTESIAN_POINT('Ctrl Pts',(8.96809766337116,12.8720170576589,7.04591745653925));
#3533=CARTESIAN_POINT('Ctrl Pts',(9.00909588439582,12.8906994401853,7.04239872962618));
#3534=CARTESIAN_POINT('Ctrl Pts',(9.1184946953965,12.9257297930357,7.0340090247271));
#3535=CARTESIAN_POINT('Ctrl Pts',(9.18841452444473,12.9347273086595,7.02954994069054));
#3536=CARTESIAN_POINT('Ctrl Pts',(9.3350062850254,12.9268471574723,7.02196646189901));
#3537=CARTESIAN_POINT('Ctrl Pts',(9.41019461134286,12.9074184154453,7.0190914641333));
#3538=CARTESIAN_POINT('Ctrl Pts',(9.54721151092125,12.8409218200916,7.0158649273038));
#3539=CARTESIAN_POINT('Ctrl Pts',(9.60795774778548,12.7950597626467,7.01549434125555));
#3540=CARTESIAN_POINT('Ctrl Pts',(9.65900081061495,12.7379424742112,7.01638248474533));
#3541=CARTESIAN_POINT('Ctrl Pts',(9.65980696845518,12.7370346448957,7.01639688256834));
#3542=CARTESIAN_POINT('Ctrl Pts',(9.66061014067223,12.736124424631,7.01641159890005));
#3543=CARTESIAN_POINT('Origin',(9.31684910682148,12.3995167364032,7.66156142894536));
#3544=CARTESIAN_POINT('',(9.74774826241181,12.1000295107663,7.0532234455775));
#3545=CARTESIAN_POINT('Ctrl Pts',(9.78308544028263,12.1385880380346,7.65092676273907));
#3546=CARTESIAN_POINT('Ctrl Pts',(9.77130633117653,12.1257343952942,7.45169237762162));
#3547=CARTESIAN_POINT('Ctrl Pts',(9.75952727115143,12.112881553023,7.25245793859971));
#3548=CARTESIAN_POINT('Ctrl Pts',(9.74774826241181,12.1000295107663,7.0532234455775));
#3549=CARTESIAN_POINT('Ctrl Pts',(9.65998916372016,12.7355438893214,7.01648570969915));
#3550=CARTESIAN_POINT('Ctrl Pts',(9.67014414766174,12.7253256228824,7.01658590126284));
#3551=CARTESIAN_POINT('Ctrl Pts',(9.67989789578846,12.7146859035934,7.01673546812633));
#3552=CARTESIAN_POINT('Ctrl Pts',(9.73338102905926,12.6513706383858,7.01787733727182));
#3553=CARTESIAN_POINT('Ctrl Pts',(9.76709082125176,12.5911199002041,7.01991205369563));
#3554=CARTESIAN_POINT('Ctrl Pts',(9.78850892335429,12.5261909889154,7.02293963920305));
#3555=CARTESIAN_POINT('Ctrl Pts',(9.80593645166252,12.4733594899296,7.02540313162098));
#3556=CARTESIAN_POINT('Ctrl Pts',(9.81498721338582,12.4181544048177,7.02849071726924));
#3557=CARTESIAN_POINT('Ctrl Pts',(9.815740321158,12.2968737342984,7.0363683827284));
#3558=CARTESIAN_POINT('Ctrl Pts',(9.80396743419974,12.2316957643783,7.04129925779255));
#3559=CARTESIAN_POINT('Ctrl Pts',(9.7713722169727,12.1460940761181,7.04877668985541));
#3560=CARTESIAN_POINT('Ctrl Pts',(9.76038116205623,12.1225902155839,7.0509490345141));
#3561=CARTESIAN_POINT('Ctrl Pts',(9.74774432306825,12.1000252080301,7.05315692552585));
#3562=CARTESIAN_POINT('Origin',(9.35054716306465,12.3375095776382,7.06481627411083));
#3563=CARTESIAN_POINT('',(10.2774730624265,13.175353520506,6.95227538112758));
#3564=CARTESIAN_POINT('',(10.2774429321289,13.1753253936768,6.95222496986389));
#3565=CARTESIAN_POINT('Ctrl Pts',(10.0196424605863,11.2739419936477,7.08929644775854));
#3566=CARTESIAN_POINT('Ctrl Pts',(10.041905871728,11.2878964139106,7.08705232900488));
#3567=CARTESIAN_POINT('Ctrl Pts',(10.0637475815758,11.3025658688156,7.08478888058149));
#3568=CARTESIAN_POINT('Ctrl Pts',(10.2012351814038,11.4013691621652,7.07013476352401));
#3569=CARTESIAN_POINT('Ctrl Pts',(10.3021163940874,11.5041315676113,7.05748393288031));
#3570=CARTESIAN_POINT('Ctrl Pts',(10.4661772917642,11.7415622293699,7.03252585609954));
#3571=CARTESIAN_POINT('Ctrl Pts',(10.5273727626761,11.8749766560428,7.02041918273769));
#3572=CARTESIAN_POINT('Ctrl Pts',(10.6042167690704,12.1690467924646,6.99723751399207));
#3573=CARTESIAN_POINT('Ctrl Pts',(10.6148356204601,12.3284140903688,6.9865447141706));
#3574=CARTESIAN_POINT('Ctrl Pts',(10.5751749727071,12.6510622813674,6.96838086559921));
#3575=CARTESIAN_POINT('Ctrl Pts',(10.5220883715429,12.8109044322608,6.96128210269122));
#3576=CARTESIAN_POINT('Ctrl Pts',(10.3940002363343,13.035232478732,6.9542039829574));
#3577=CARTESIAN_POINT('Ctrl Pts',(10.3402314006167,13.1093133047393,6.95248461867349));
#3578=CARTESIAN_POINT('Ctrl Pts',(10.2791036528154,13.1768198439381,6.95156310210295));
#3579=CARTESIAN_POINT('Origin',(9.60258635953165,11.8318992029694,7.69320015041713));
#3580=CARTESIAN_POINT('',(8.45446624031982,13.46348514018,7.0318930485341));
#3581=CARTESIAN_POINT('Ctrl Pts',(8.45450291515963,13.4634421163838,7.0318951399385));
#3582=CARTESIAN_POINT('Ctrl Pts',(8.42351958767253,13.4428462247972,7.03495810046274));
#3583=CARTESIAN_POINT('Ctrl Pts',(8.39308473615876,13.4213694069094,7.03805360283402));
#3584=CARTESIAN_POINT('Ctrl Pts',(8.26265430488399,13.3237518116354,7.05170976611454));
#3585=CARTESIAN_POINT('Ctrl Pts',(8.16946293017164,13.2392256074756,7.06250174225226));
#3586=CARTESIAN_POINT('Ctrl Pts',(8.08486157523559,13.1465961021965,7.07341993536341));
#3587=CARTESIAN_POINT('',(8.48451614379883,13.5061836242676,7.62884557247162));
#3588=CARTESIAN_POINT('Origin',(9.20062333919439,12.3704337969026,7.06671528625369));
#3589=CARTESIAN_POINT('',(9.82897194787214,13.5284875947129,6.95390413574577));
#3590=CARTESIAN_POINT('Ctrl Pts',(9.8291907669145,13.5289028901444,6.95352219298465));
#3591=CARTESIAN_POINT('Ctrl Pts',(9.80234620538997,13.5435173808497,6.95402439937929));
#3592=CARTESIAN_POINT('Ctrl Pts',(9.77496871113821,13.5572194234121,6.95461155768961));
#3593=CARTESIAN_POINT('Ctrl Pts',(9.587867178099,13.642877263092,6.95912433588353));
#3594=CARTESIAN_POINT('Ctrl Pts',(9.41582166525327,13.6834933180182,6.96565883066934));
#3595=CARTESIAN_POINT('Ctrl Pts',(9.0801055083656,13.6949670653896,6.98284123954152));
#3596=CARTESIAN_POINT('Ctrl Pts',(8.91967396893865,13.671042214818,6.99297921001801));
#3597=CARTESIAN_POINT('Ctrl Pts',(8.65672667761547,13.5808463598157,7.01309762667635));
#3598=CARTESIAN_POINT('Ctrl Pts',(8.55163654352024,13.5282580677029,7.02227494785517));
#3599=CARTESIAN_POINT('Ctrl Pts',(8.45505032128065,13.4626351920164,7.03192428612767));
#3600=CARTESIAN_POINT('Ctrl Pts',(9.8619199425121,13.5689384260125,7.55166220119655));
#3601=CARTESIAN_POINT('Ctrl Pts',(9.85093039990164,13.5554417286779,7.35242158599948));
#3602=CARTESIAN_POINT('Ctrl Pts',(9.83994081496074,13.5419449846797,7.15318097630818));
#3603=CARTESIAN_POINT('Ctrl Pts',(9.8289511876693,13.5284481940405,6.95394037212223));
#3604=CARTESIAN_POINT('Origin',(9.01355569374375,12.0308713014525,7.10028131170058));
#3605=CARTESIAN_POINT('Ctrl Pts',(10.2773985873119,13.1752777200703,6.95176403191853));
#3606=CARTESIAN_POINT('Ctrl Pts',(10.272271101962,13.1809303837179,6.95168737811327));
#3607=CARTESIAN_POINT('Ctrl Pts',(10.267104350659,13.1865505793645,6.95161470540922));
#3608=CARTESIAN_POINT('Ctrl Pts',(10.1363474408181,13.3268910725844,6.94988958729871));
#3609=CARTESIAN_POINT('Ctrl Pts',(9.99009309730857,13.44038132752,6.95057489207192));
#3610=CARTESIAN_POINT('Ctrl Pts',(9.82893026104935,13.5284233150739,6.95356938056246));
#3611=CARTESIAN_POINT('Origin',(-7.67957200190866,11.9707220007338,7.17309282176476));
#3612=CARTESIAN_POINT('Ctrl Pts',(-7.17791897601126,14.3172693031706,7.02778655044427));
#3613=CARTESIAN_POINT('Ctrl Pts',(-7.46305941442372,14.3771673220821,7.01095357848761));
#3614=CARTESIAN_POINT('Ctrl Pts',(-7.76864735859247,14.3852503123102,6.99670369681191));
#3615=CARTESIAN_POINT('Ctrl Pts',(-8.4347848053404,14.2750158022841,6.97365136544988));
#3616=CARTESIAN_POINT('Ctrl Pts',(-8.7901932627171,14.1228131252849,6.9671660251496));
#3617=CARTESIAN_POINT('Ctrl Pts',(-9.23600326906803,13.8011582304618,6.96688599978829));
#3618=CARTESIAN_POINT('Ctrl Pts',(-9.38210275069632,13.6671762550384,6.96851765058561));
#3619=CARTESIAN_POINT('Ctrl Pts',(-9.51048292686477,13.5154741353768,6.97201776828837));
#3620=CARTESIAN_POINT('Origin',(-7.87258203756466,12.0003019145721,7.7682682298021));
#3621=CARTESIAN_POINT('Ctrl Pts',(-9.17561814587842,10.3545594005813,7.19760415117875));
#3622=CARTESIAN_POINT('Ctrl Pts',(-9.1736925899827,10.3529528168966,7.19782189234814));
#3623=CARTESIAN_POINT('Ctrl Pts',(-9.17176498201252,10.3513504373879,7.19803950726883));
#3624=CARTESIAN_POINT('Ctrl Pts',(-8.9999660862475,10.2090624339997,7.21740275137459));
#3625=CARTESIAN_POINT('Ctrl Pts',(-8.79325089770908,10.0863760260514,7.23778159629318));
#3626=CARTESIAN_POINT('Ctrl Pts',(-8.34977985776836,9.92071173825219,7.2754181716023));
#3627=CARTESIAN_POINT('Ctrl Pts',(-8.11302256318649,9.87773253887333,7.29265308540801));
#3628=CARTESIAN_POINT('Ctrl Pts',(-7.67120537336633,9.86712228963652,7.31990802282959));
#3629=CARTESIAN_POINT('Ctrl Pts',(-7.43234754065033,9.89867774860613,7.3320111213649));
#3630=CARTESIAN_POINT('Ctrl Pts',(-7.04806862308733,10.0210870925769,7.345729061837));
#3631=CARTESIAN_POINT('Ctrl Pts',(-6.89585090757736,10.0907969965758,7.34944421910104));
#3632=CARTESIAN_POINT('Ctrl Pts',(-6.75817123569277,10.1738974352092,7.3511024713811));
#3633=CARTESIAN_POINT('Origin',(-7.89899822026523,12.2655707864831,7.7438098944306));
#3634=CARTESIAN_POINT('Ctrl Pts',(-6.44891630133698,11.5742133172212,7.26619069173613));
#3635=CARTESIAN_POINT('Ctrl Pts',(-6.48463159586438,11.4968973523601,7.2702342938573));
#3636=CARTESIAN_POINT('Ctrl Pts',(-6.52723659804068,11.4214479738118,7.27376138201115));
#3637=CARTESIAN_POINT('Ctrl Pts',(-6.68032284089721,11.1964198727006,7.28280766939329));
#3638=CARTESIAN_POINT('Ctrl Pts',(-6.81371298847985,11.0622634268027,7.2857958123034));
#3639=CARTESIAN_POINT('Ctrl Pts',(-7.09554911543129,10.8587371857843,7.28562295303642));
#3640=CARTESIAN_POINT('Ctrl Pts',(-7.26484523477887,10.7743100175513,7.28244920953135));
#3641=CARTESIAN_POINT('Ctrl Pts',(-7.55131342963527,10.6927292246426,7.27227003919063));
#3642=CARTESIAN_POINT('Ctrl Pts',(-7.66245323640723,10.6738115700545,7.26732869309629));
#3643=CARTESIAN_POINT('Ctrl Pts',(-7.77167478429847,10.6667748277164,7.26161694711138));
#3644=CARTESIAN_POINT('Origin',(-7.86916999203906,12.1650258065348,7.75287572836913));
#3645=CARTESIAN_POINT('Ctrl Pts',(-9.11773598875185,11.5425609978616,7.12642193883862));
#3646=CARTESIAN_POINT('Ctrl Pts',(-9.13146289971637,11.5729256687831,7.12364596862951));
#3647=CARTESIAN_POINT('Ctrl Pts',(-9.14412197933849,11.6038158599682,7.120897074142));
#3648=CARTESIAN_POINT('Ctrl Pts',(-9.2268731257589,11.8282592087634,7.10144976460174));
#3649=CARTESIAN_POINT('Ctrl Pts',(-9.25343741063423,12.0379880393518,7.08616519000215));
#3650=CARTESIAN_POINT('Ctrl Pts',(-9.22235901362415,12.4278889727977,7.06196389560417));
#3651=CARTESIAN_POINT('Ctrl Pts',(-9.16287980180819,12.6310705456756,7.05161527239285));
#3652=CARTESIAN_POINT('Ctrl Pts',(-9.02936174311688,12.8691091190027,7.04258076154044));
#3653=CARTESIAN_POINT('Ctrl Pts',(-8.99269222740275,12.92484207612,7.04072710977318));
#3654=CARTESIAN_POINT('Ctrl Pts',(-8.95249076200857,12.9774945540645,7.03924078725938));
#3655=CARTESIAN_POINT('Origin',(-2.57067680358887,1.45000217225415,5.30000160305423));
#3656=CARTESIAN_POINT('',(-3.59998910241597,3.15000159010128,5.30000099373433));
#3657=CARTESIAN_POINT('Origin',(-3.5999870300293,1.45000174861077,5.30000099373514));
#3658=CARTESIAN_POINT('',(-1.93405936120461,3.15000227576444,5.30000197991203));
#3659=CARTESIAN_POINT('',(-2.57067750327459,3.15000201374522,5.30000160305423));
#3660=CARTESIAN_POINT('',(-2.57499075726376,1.45000213436221,3.60000175900899));
#3661=CARTESIAN_POINT('Ctrl Pts',(-2.57499075726376,1.45000213436221,3.60000175900899));
#3662=CARTESIAN_POINT('Ctrl Pts',(-2.57499078177841,1.22906353689502,3.60000176370275));
#3663=CARTESIAN_POINT('Ctrl Pts',(-2.54418193164861,0.998011580308771,3.64562667154475));
#3664=CARTESIAN_POINT('Ctrl Pts',(-2.43344834296593,0.580813876221274,3.82156894313172));
#3665=CARTESIAN_POINT('Ctrl Pts',(-2.35444954982062,0.394284153098203,3.95155700111612));
#3666=CARTESIAN_POINT('Ctrl Pts',(-2.19910934139712,0.100011113064763,4.24583020954454));
#3667=CARTESIAN_POINT('Ctrl Pts',(-2.11079107793827,-0.0289487883244766,
4.43201308746875));
#3668=CARTESIAN_POINT('Ctrl Pts',(-1.97668401711637,-0.20392009247224,4.84696822919392));
#3669=CARTESIAN_POINT('Ctrl Pts',(-1.93406049362413,-0.249997411962172,
5.07672903818082));
#3670=CARTESIAN_POINT('Ctrl Pts',(-1.93406045938363,-0.249997402475314,
5.52327493318674));
#3671=CARTESIAN_POINT('Ctrl Pts',(-1.97668393218935,-0.203920091448933,
5.7530356880651));
#3672=CARTESIAN_POINT('Ctrl Pts',(-2.11079092682402,-0.0289487768640942,
6.16799068481871));
#3673=CARTESIAN_POINT('Ctrl Pts',(-2.19910916993831,0.100011141278265,6.35417347416867));
#3674=CARTESIAN_POINT('Ctrl Pts',(-2.35444934993236,0.394284221520242,6.64844652003288));
#3675=CARTESIAN_POINT('Ctrl Pts',(-2.43344812817602,0.580813971365026,6.77843448188193));
#3676=CARTESIAN_POINT('Ctrl Pts',(-2.54418168587081,0.998011693142698,6.95437659720522));
#3677=CARTESIAN_POINT('Ctrl Pts',(-2.57499052107126,1.2290636394393,7.00000144668593));
#3678=CARTESIAN_POINT('Ctrl Pts',(-2.57499047204197,1.6709408436814,7.00000143729841));
#3679=CARTESIAN_POINT('Ctrl Pts',(-2.54418156767377,1.901992847122,6.95437655191637));
#3680=CARTESIAN_POINT('Ctrl Pts',(-2.43344784571735,2.31919067004526,6.7784343762421));
#3681=CARTESIAN_POINT('Ctrl Pts',(-2.35444897097933,2.50572046429544,6.64844639102341));
#3682=CARTESIAN_POINT('Ctrl Pts',(-2.19910860499903,2.79999360065007,6.35417334793959));
#3683=CARTESIAN_POINT('Ctrl Pts',(-2.11079025230795,2.92895355310962,6.16799058682537));
#3684=CARTESIAN_POINT('Ctrl Pts',(-1.97668305430274,3.10392493582841,5.75303563405102));
#3685=CARTESIAN_POINT('Ctrl Pts',(-1.93405949754448,3.15000227576437,5.52327492751114));
#3686=CARTESIAN_POINT('Ctrl Pts',(-1.93405951049536,3.15000227576437,5.30000197991203));
#3687=CARTESIAN_POINT('Ctrl Pts',(-1.93405951049536,3.15000227576437,5.30000194379553));
#3688=CARTESIAN_POINT('Ctrl Pts',(-1.93405952761562,3.15000227102094,5.07672891247071));
#3689=CARTESIAN_POINT('Ctrl Pts',(-1.97668314791241,3.10392488922801,4.84696809921566));
#3690=CARTESIAN_POINT('Ctrl Pts',(-2.11079043283515,2.92895345022972,4.43201298535377));
#3691=CARTESIAN_POINT('Ctrl Pts',(-2.19910881723463,2.79999347616299,4.24583013583603));
#3692=CARTESIAN_POINT('Ctrl Pts',(-2.35444920887887,2.50572033213738,3.95155697629233));
#3693=CARTESIAN_POINT('Ctrl Pts',(-2.43344808596216,2.31919056389488,3.82156893360786));
#3694=CARTESIAN_POINT('Ctrl Pts',(-2.54418181979228,1.90199277523175,3.64562666920617));
#3695=CARTESIAN_POINT('Ctrl Pts',(-2.5749905231112,1.67094322220309,3.60000207185454));
#3696=CARTESIAN_POINT('Ctrl Pts',(-2.57499075726233,1.45000457763631,3.60000175901069));
#3697=CARTESIAN_POINT('Origin',(-15.0996156305727,1.45000208169115,5.30000038469215));
#3698=CARTESIAN_POINT('',(-9.7499942779541,-0.249998374699326,5.30000329017948));
#3699=CARTESIAN_POINT('Origin',(-9.7499942779541,1.4500012123896,5.3000008904927));
#3700=CARTESIAN_POINT('',(-15.0996159068189,-0.249997505399427,5.30000038469215));
#3701=CARTESIAN_POINT('Ctrl Pts',(-16.4271008472015,2.99919579540126,5.99999890337357));
#3702=CARTESIAN_POINT('Ctrl Pts',(-16.4352056820901,2.91325510814196,6.19019749379048));
#3703=CARTESIAN_POINT('Ctrl Pts',(-16.4459931591793,2.79103244052084,6.36313237867119));
#3704=CARTESIAN_POINT('Ctrl Pts',(-16.4671621816055,2.50123486592674,6.65293039429232));
#3705=CARTESIAN_POINT('Ctrl Pts',(-16.4788853244948,2.31017561099741,6.78373804156585));
#3706=CARTESIAN_POINT('Ctrl Pts',(-16.4954159894107,1.89137536200442,6.95727686538154));
#3707=CARTESIAN_POINT('Ctrl Pts',(-16.4999891220527,1.66362168314347,6.99999967736201));
#3708=CARTESIAN_POINT('Ctrl Pts',(-16.4999891285462,1.23638551237473,7.00000000139512));
#3709=CARTESIAN_POINT('Ctrl Pts',(-16.4954160027649,1.00863176690342,6.95727753432362));
#3710=CARTESIAN_POINT('Ctrl Pts',(-16.4788853502748,0.589831249958364,6.78373934553007));
#3711=CARTESIAN_POINT('Ctrl Pts',(-16.4671622129406,0.398771793687902,6.65293198843625));
#3712=CARTESIAN_POINT('Ctrl Pts',(-16.4462966069856,0.113127349974205,6.36728798337413));
#3713=CARTESIAN_POINT('Ctrl Pts',(-16.4358453884022,-0.00601290588884407,
6.20055226958678));
#3714=CARTESIAN_POINT('Ctrl Pts',(-16.4278346335867,-0.0913899768224577,
6.0170138243198));
#3715=CARTESIAN_POINT('Origin',(16.4000067454341,-11.9958803236917,2.00000002980232));
#3716=CARTESIAN_POINT('',(19.3437194824219,-11.4174938201904,0.));
#3717=CARTESIAN_POINT('Origin',(16.4000067454341,-11.9958803236917,0.));
#3718=CARTESIAN_POINT('',(19.3437194824219,-11.4174938201904,2.00000002980232));
#3719=CARTESIAN_POINT('',(19.3437194824219,-11.4174938201904,2.00000002980232));
#3720=CARTESIAN_POINT('Origin',(16.4000067454341,-11.9958803236917,2.00000002980232));
#3721=CARTESIAN_POINT('Origin',(-16.3999821952152,-11.9958831490469,2.00000002980232));
#3722=CARTESIAN_POINT('',(-19.3437004089355,-11.4174938201904,2.00000002980232));
#3723=CARTESIAN_POINT('Origin',(-16.3999821952152,-11.9958831490469,2.00000002980232));
#3724=CARTESIAN_POINT('',(-19.3437004089355,-11.4174938201904,0.));
#3725=CARTESIAN_POINT('',(-19.3437004089355,-11.4174938201904,2.00000002980232));
#3726=CARTESIAN_POINT('Origin',(-16.3999821952152,-11.9958831490469,0.));
#3727=CARTESIAN_POINT('Origin',(4.19660350617848,-13.431515311068,5.1158999811249));
#3728=CARTESIAN_POINT('',(3.62762415695111,-12.7453805307355,4.00000005960467));
#3729=CARTESIAN_POINT('Origin',(3.90953169040488,-12.6427751000568,4.00000003612901));
#3730=CARTESIAN_POINT('',(4.26257417578482,-14.4898996517104,6.46812905346569));
#3731=CARTESIAN_POINT('Ctrl Pts',(4.26257417578619,-14.4898996517141,6.46812918776765));
#3732=CARTESIAN_POINT('Ctrl Pts',(4.26257417708923,-14.4898996996081,6.40498105157173));
#3733=CARTESIAN_POINT('Ctrl Pts',(4.26980453074834,-14.4879746399203,6.33624244910743));
#3734=CARTESIAN_POINT('Ctrl Pts',(4.30408788309407,-14.4787501420049,6.20588512143214));
#3735=CARTESIAN_POINT('Ctrl Pts',(4.33077070422444,-14.4715553241554,6.14416194274353));
#3736=CARTESIAN_POINT('Ctrl Pts',(4.3904122065419,-14.455179590948,6.06660068444121));
#3737=CARTESIAN_POINT('Ctrl Pts',(4.41836575939939,-14.4474555569823,6.0398726098341));
#3738=CARTESIAN_POINT('Ctrl Pts',(4.46618590081656,-14.434061579043,6.01374631482102));
#3739=CARTESIAN_POINT('Ctrl Pts',(4.48310977618136,-14.4292948736759,6.00728091896484));
#3740=CARTESIAN_POINT('Ctrl Pts',(4.51226262429151,-14.4210300075417,6.00099337987145));
#3741=CARTESIAN_POINT('Ctrl Pts',(4.52430306263025,-14.4176019928147,5.99971124912892));
#3742=CARTESIAN_POINT('Ctrl Pts',(4.53627156553686,-14.4141796754682,5.99971193748203));
#3743=CARTESIAN_POINT('',(3.91470019424649,-13.5341192052463,5.11590000460022));
#3744=CARTESIAN_POINT('Origin',(3.97859858486377,-12.8325358567065,3.73156293786695));
#3745=CARTESIAN_POINT('',(3.67908187264089,-12.8867602053432,3.80000323057156));
#3746=CARTESIAN_POINT('',(3.69669105141,-12.9351412873852,3.73156296134261));
#3747=CARTESIAN_POINT('Origin',(3.96098940005443,-12.784154758069,3.80000323057175));
#3748=CARTESIAN_POINT('Origin',(-3.95312158943947,-12.7625279875915,4.16910855827834));
#3749=CARTESIAN_POINT('',(-3.62765151913007,-12.7455071364581,4.00000005960464));
#3750=CARTESIAN_POINT('Ctrl Pts',(-3.62765151913007,-12.7455071364581,4.00000005960464));
#3751=CARTESIAN_POINT('Ctrl Pts',(-3.63353596977027,-12.7616835220146,4.00000005960464));
#3752=CARTESIAN_POINT('Ctrl Pts',(-3.64178164997973,-12.780903218259,4.00000005960465));
#3753=CARTESIAN_POINT('Ctrl Pts',(-3.66058115200791,-12.8178306304903,4.00000005960464));
#3754=CARTESIAN_POINT('Ctrl Pts',(-3.68212881263864,-12.8529428517512,4.00000005960465));
#3755=CARTESIAN_POINT('Ctrl Pts',(-3.7078352220278,-12.8850269937516,4.00000005960464));
#3756=CARTESIAN_POINT('Ctrl Pts',(-3.73414692593992,-12.9131965894603,4.00000005960465));
#3757=CARTESIAN_POINT('Ctrl Pts',(-3.76044271579687,-12.9373758867064,4.00000005960464));
#3758=CARTESIAN_POINT('Ctrl Pts',(-3.79223775933844,-12.9598346129781,4.00000005960465));
#3759=CARTESIAN_POINT('Ctrl Pts',(-3.81996922431224,-12.9759687013605,4.00000005960464));
#3760=CARTESIAN_POINT('Ctrl Pts',(-3.84283885866829,-12.9868869385242,4.00000005960465));
#3761=CARTESIAN_POINT('Ctrl Pts',(-3.86681500924483,-12.9958477247103,4.00000005960464));
#3762=CARTESIAN_POINT('Ctrl Pts',(-3.89066300275793,-13.0028891467179,4.00000005960465));
#3763=CARTESIAN_POINT('Ctrl Pts',(-3.91262027580948,-13.0071970075295,4.00000005960464));
#3764=CARTESIAN_POINT('Ctrl Pts',(-3.9306271512241,-13.0091801376289,4.00000005960465));
#3765=CARTESIAN_POINT('Ctrl Pts',(-3.947824398638,-13.0103450669599,4.00000005960465));
#3766=CARTESIAN_POINT('Ctrl Pts',(-3.9774590348164,-13.0101674130628,4.00000005960465));
#3767=CARTESIAN_POINT('Ctrl Pts',(-4.00383076282745,-13.0057772943442,4.00000005960464));
#3768=CARTESIAN_POINT('Ctrl Pts',(-4.02015686035156,-13.00124168396,4.00000005960464));
#3769=CARTESIAN_POINT('',(-4.26255489727036,-14.4898990882968,6.4685517549548));
#3770=CARTESIAN_POINT('',(-3.67119401759593,-12.8651407116107,4.16910858175567));
#3771=CARTESIAN_POINT('Ctrl Pts',(-4.53630169598563,-14.4141656470372,6.00000222499179));
#3772=CARTESIAN_POINT('Ctrl Pts',(-4.52432397810275,-14.4175906394181,5.99999960224852));
#3773=CARTESIAN_POINT('Ctrl Pts',(-4.51227413201809,-14.421021361337,6.00128191882586));
#3774=CARTESIAN_POINT('Ctrl Pts',(-4.48311128085919,-14.4292891058443,6.00757244109856));
#3775=CARTESIAN_POINT('Ctrl Pts',(-4.46618667443288,-14.4340560398145,6.01403911301808));
#3776=CARTESIAN_POINT('Ctrl Pts',(-4.4183649195378,-14.447450532176,6.04017014499024));
#3777=CARTESIAN_POINT('Ctrl Pts',(-4.39041100756288,-14.455174697695,6.06690256453591));
#3778=CARTESIAN_POINT('Ctrl Pts',(-4.33076049631489,-14.4715529761766,6.144484519337));
#3779=CARTESIAN_POINT('Ctrl Pts',(-4.30407410184432,-14.4787487566849,6.20622833400138));
#3780=CARTESIAN_POINT('Ctrl Pts',(-4.26978616042773,-14.4879744955575,6.33662738510901));
#3781=CARTESIAN_POINT('Ctrl Pts',(-4.26255511548595,-14.4898997393352,6.4053871470815));
#3782=CARTESIAN_POINT('Ctrl Pts',(-4.26255511678939,-14.4898996914266,6.46855448226086));
#3783=CARTESIAN_POINT('Origin',(-3.95570438215728,-12.7696866166576,3.82046998021103));
#3784=CARTESIAN_POINT('',(-3.67906279915457,-12.8867602053432,3.80000323057156));
#3785=CARTESIAN_POINT('Origin',(-3.96097032656811,-12.784154758069,3.80000323057175));
#3786=CARTESIAN_POINT('',(-3.67379684870351,-12.8722920473363,3.82047000368669));
#3787=CARTESIAN_POINT('Origin',(8.62514452852964E-6,1.45000194212636,8.00000011920929));
#3788=CARTESIAN_POINT('',(2.57500705673854,1.45000177216653,-4.23538480953667E-7));
#3789=CARTESIAN_POINT('Origin',(8.01171588410957E-6,1.45000177216653,0.));
#3790=CARTESIAN_POINT('',(2.57500767016674,1.45000194212623,7.99999400530807));
#3791=CARTESIAN_POINT('',(2.5750076701672,1.45000194212636,7.99999992176202));
#3792=CARTESIAN_POINT('Origin',(8.62514401403259E-6,1.45000194212621,7.99999340942072));
#3793=CARTESIAN_POINT('Origin',(7.48095898098992E-6,-11.5499972249448,0.));
#3794=CARTESIAN_POINT('',(-2.54999443496498,-11.5499967040127,3.80000354983725));
#3795=CARTESIAN_POINT('Origin',(7.40301975808816E-6,-11.5499967040127,3.80000323057175));
#3796=CARTESIAN_POINT('',(-2.54999435702575,-11.5499973297124,0.));
#3797=CARTESIAN_POINT('',(-2.54999435702575,-11.5499972249448,-5.23013138651155E-8));
#3798=CARTESIAN_POINT('Origin',(7.48095898098992E-6,-11.5499972249448,0.));
#3799=CARTESIAN_POINT('Origin',(7.40301975808816E-6,-11.5499967040127,3.80000323057175));
#3800=CARTESIAN_POINT('Origin',(9.5367431640625E-6,-11.5499952659603,3.80000323057229));
#3801=CARTESIAN_POINT('',(2.81908971716625,-10.5239391954241,3.80000323057175));
#3802=CARTESIAN_POINT('',(-2.81907064367992,-10.5239391954241,3.80000323057175));
#3803=CARTESIAN_POINT('Origin',(9.5367431640625E-6,-11.5499952659603,3.80000323057175));
#3804=CARTESIAN_POINT('',(2.81908971716624,-10.5239391954241,3.80000299581524));
#3805=CARTESIAN_POINT('Origin',(9.53674316405511E-6,-11.5499943050277,7.99996530392426));
#3806=CARTESIAN_POINT('',(-2.81907064367992,-10.5239391954241,3.80000299581524));
#3807=CARTESIAN_POINT('Origin',(9.22044791130217E-6,1.45001155254645,17.8179025159537));
#3808=CARTESIAN_POINT('',(-4.26255502929668,-14.4898993358987,6.97180956602141));
#3809=CARTESIAN_POINT('',(4.26257408637732,-14.4898992908242,6.97180956602147));
#3810=CARTESIAN_POINT('Origin',(1.43051161205499E-5,1.45000849930449,2.00000002980232));
#3811=CARTESIAN_POINT('',(-16.1904221453586,4.63114711129425,0.));
#3812=CARTESIAN_POINT('',(-16.1904221453586,4.63114711129425,2.00000002980232));
#3813=CARTESIAN_POINT('',(16.1904525756836,4.63113784790039,0.));
#3814=CARTESIAN_POINT('',(16.1904525756836,4.63113784790039,2.00000002980232));
#3815=CARTESIAN_POINT('Origin',(1.43051161205499E-5,1.45000849930449,0.));
#3816=CARTESIAN_POINT('Origin',(-7.19999313354492,1.45000166362912,5.30000102628636));
#3817=CARTESIAN_POINT('',(-5.94999313354492,-0.249998636769132,5.30000329017966));
#3818=CARTESIAN_POINT('Origin',(-5.94999313354492,1.45000166362912,5.30000102628635));
#3819=CARTESIAN_POINT('',(-7.19999313354492,-0.249998636769134,5.30000329017966));
#3820=CARTESIAN_POINT('',(-7.19999313354492,-0.249998636770642,5.30000102628636));
#3821=CARTESIAN_POINT('Origin',(-7.19999313354492,1.45000166362912,5.30000102628636));
#3822=CARTESIAN_POINT('Origin',(-8.47499370574951,1.45000457763672,2.60000616312027));
#3823=CARTESIAN_POINT('',(-7.19999313354492,-1.24999046325684,2.60000616312027));
#3824=CARTESIAN_POINT('',(-9.7499942779541,-1.24999046325684,2.60000616312027));
#3825=CARTESIAN_POINT('',(-8.47499370574951,-1.24999046325684,2.60000616312027));
#3826=CARTESIAN_POINT('',(-7.19999313354492,4.14999961853027,2.60000616312027));
#3827=CARTESIAN_POINT('',(-7.19999313354492,1.45000326633453,2.60000616312027));
#3828=CARTESIAN_POINT('',(-9.7499942779541,4.14999961853027,2.60000616312027));
#3829=CARTESIAN_POINT('',(-8.47499370574951,4.14999961853027,2.60000616312027));
#3830=CARTESIAN_POINT('',(-9.7499942779541,1.45000326633453,2.60000616312027));
#3831=CARTESIAN_POINT('Origin',(-8.47499370574951,4.14999961853027,5.30000314116478));
#3832=CARTESIAN_POINT('',(-7.19999313354492,4.14999961853028,7.99999758092828));
#3833=CARTESIAN_POINT('',(-7.19999313354492,4.14999961853027,5.30000200122595));
#3834=CARTESIAN_POINT('',(-9.7499942779541,4.14999961853028,7.99999699091569));
#3835=CARTESIAN_POINT('',(-4.49216622104241,4.14999961853027,7.99999820716675));
#3836=CARTESIAN_POINT('',(-9.7499942779541,4.14999961853027,5.30000200122595));
#3837=CARTESIAN_POINT('Origin',(-8.47499370574951,-1.24999046325684,5.30000314116478));
#3838=CARTESIAN_POINT('',(-9.7499942779541,-1.24999046325682,7.99998531661805));
#3839=CARTESIAN_POINT('',(-9.7499942779541,-1.24999046325684,5.30000200122595));
#3840=CARTESIAN_POINT('',(-7.19999313354492,-1.24999046325682,7.9999859066906));
#3841=CARTESIAN_POINT('',(-4.49216622103971,-1.24999046325684,7.9999865325939));
#3842=CARTESIAN_POINT('',(-7.19999313354492,-1.24999046325684,5.30000200122595));
#3843=CARTESIAN_POINT('Origin',(-9.7499942779541,1.45000195503235,5.30000086128712));
#3844=CARTESIAN_POINT('',(-9.7499942779541,1.21510938315506,7.99999064531793));
#3845=CARTESIAN_POINT('Origin',(-7.19999313354492,1.45000195503235,5.30000086128712));
#3846=CARTESIAN_POINT('',(-7.19999313354492,1.21510938315378,7.99999123542046));
#3847=CARTESIAN_POINT('Origin',(-4.29513152591136,15.6627467502041,7.61634857490919));
#3848=CARTESIAN_POINT('Origin',(3.95423117194495,14.5562795897075,7.73312744488634));
#3849=CARTESIAN_POINT('Ctrl Pts',(5.45232118098769,12.4792738042635,7.84230666934869));
#3850=CARTESIAN_POINT('Ctrl Pts',(5.62437263179199,12.622729122435,7.82443454516763));
#3851=CARTESIAN_POINT('Ctrl Pts',(5.75612316140294,12.7967707574489,7.80563560767809));
#3852=CARTESIAN_POINT('Ctrl Pts',(5.96841226655842,13.1360811884758,7.77071280373193));
#3853=CARTESIAN_POINT('Ctrl Pts',(6.06374911742515,13.3325807188203,7.75155452760064));
#3854=CARTESIAN_POINT('Ctrl Pts',(6.20509672647177,13.662421830287,7.72020267785639));
#3855=CARTESIAN_POINT('Ctrl Pts',(6.29329284253934,13.884099261749,7.69944460418283));
#3856=CARTESIAN_POINT('Ctrl Pts',(6.37524595229857,14.1947332095611,7.67197114799071));
#3857=CARTESIAN_POINT('Ctrl Pts',(6.39597208764343,14.2967008695745,7.66318888016845));
#3858=CARTESIAN_POINT('Ctrl Pts',(6.41352864752255,14.4999139082284,7.6465572677263));
#3859=CARTESIAN_POINT('Ctrl Pts',(6.41018801892105,14.602598399735,7.63860044071234));
#3860=CARTESIAN_POINT('Ctrl Pts',(6.38716730989914,14.703074203208,7.63152518101226));
#3861=CARTESIAN_POINT('Ctrl Pts',(5.55804465095495,15.0298231907988,7.63505431410818));
#3862=CARTESIAN_POINT('Ctrl Pts',(5.47690840529154,14.974593058697,7.64219959264828));
#3863=CARTESIAN_POINT('Ctrl Pts',(5.40627173167396,14.9060568899409,7.65001274992202));
#3864=CARTESIAN_POINT('Ctrl Pts',(5.2809897441366,14.7571211121459,7.66602762723876));
#3865=CARTESIAN_POINT('Ctrl Pts',(5.22470470625692,14.6750068549062,7.67442138150093));
#3866=CARTESIAN_POINT('Ctrl Pts',(5.07420560956775,14.4315710215671,7.69880696627279));
#3867=CARTESIAN_POINT('Ctrl Pts',(4.97450236610331,14.2345363370638,7.71790689925226));
#3868=CARTESIAN_POINT('Ctrl Pts',(4.7596922359839,13.7807094898657,7.76180511954043));
#3869=CARTESIAN_POINT('Ctrl Pts',(4.68774493750453,13.5811685568443,7.78067138977944));
#3870=CARTESIAN_POINT('Ctrl Pts',(4.61537270718097,13.3232867953876,7.80425166314132));
#3871=CARTESIAN_POINT('Ctrl Pts',(4.59225405721619,13.209850851925,7.81433061319028));
#3872=CARTESIAN_POINT('Ctrl Pts',(4.57488923757262,12.9818570583999,7.83353172462343));
#3873=CARTESIAN_POINT('Ctrl Pts',(4.58071930912973,12.8667633477937,7.84269415100975));
#3874=CARTESIAN_POINT('Ctrl Pts',(4.60833308388369,12.7557225970237,7.85071960010985));
#3875=CARTESIAN_POINT('Origin',(-2.72738567125843,9.54729945342071,7.38647513033685));
#3876=CARTESIAN_POINT('Ctrl Pts',(-4.25656897843882,13.7683786177678,7.17649578595631));
#3877=CARTESIAN_POINT('Ctrl Pts',(-3.99241915791148,13.8709684696437,7.17547609020569));
#3878=CARTESIAN_POINT('Ctrl Pts',(-3.67637907245037,13.9285073662353,7.1786988942136));
#3879=CARTESIAN_POINT('Ctrl Pts',(-3.25767469376906,14.2505708626431,7.16061347692342));
#3880=CARTESIAN_POINT('Ctrl Pts',(-3.15832826433367,14.3693629463375,7.15252049983599));
#3881=CARTESIAN_POINT('Ctrl Pts',(-3.01729976663429,14.6144206695914,7.13448425134679));
#3882=CARTESIAN_POINT('Ctrl Pts',(-2.97170339969097,14.7493342366219,7.12387137353052));
#3883=CARTESIAN_POINT('Ctrl Pts',(-2.93746699274902,15.0287464304068,7.1007783049601));
#3884=CARTESIAN_POINT('Ctrl Pts',(-2.94976251627005,15.15290255972,7.09000572282667));
#3885=CARTESIAN_POINT('Ctrl Pts',(-2.99557805389143,15.3845830411752,7.06947843974165));
#3886=CARTESIAN_POINT('Ctrl Pts',(-3.03826828039918,15.5008171631512,7.05880789952264));
#3887=CARTESIAN_POINT('Ctrl Pts',(-3.07995375268898,15.6045691389276,7.04920305415077));
#3888=CARTESIAN_POINT('Origin',(11.2786734488861,11.1467677936167,7.15068449333305));
#3889=CARTESIAN_POINT('Ctrl Pts',(7.18742377880806,14.5107027743921,7.01469660782213));
#3890=CARTESIAN_POINT('Ctrl Pts',(7.18119785638791,13.952876583342,7.05860689220625));
#3891=CARTESIAN_POINT('Ctrl Pts',(7.10007904643309,13.7521514253938,7.07720621779536));
#3892=CARTESIAN_POINT('Ctrl Pts',(6.7041007025704,12.7971727373117,7.16735763057657));
#3893=CARTESIAN_POINT('Ctrl Pts',(6.54409067700292,12.5028890975407,7.19683409459548));
#3894=CARTESIAN_POINT('Ctrl Pts',(6.2553621433596,12.0988573746833,7.23991048406325));
#3895=CARTESIAN_POINT('Ctrl Pts',(6.10588153364736,11.9346418533064,7.25865749175194));
#3896=CARTESIAN_POINT('Ctrl Pts',(5.78926823244045,11.7041320297548,7.28889995324032));
#3897=CARTESIAN_POINT('Ctrl Pts',(5.63641322791104,11.6269591819504,7.30074558284637));
#3898=CARTESIAN_POINT('Ctrl Pts',(5.30993373650121,11.5387910178298,7.31979183933792));
#3899=CARTESIAN_POINT('Ctrl Pts',(5.14443546212121,11.5279032245122,7.3266878396443));
#3900=CARTESIAN_POINT('Ctrl Pts',(4.80594844763433,11.5730736750942,7.33527499446152));
#3901=CARTESIAN_POINT('Ctrl Pts',(4.63907265826326,11.632026233052,7.33650830671987));
#3902=CARTESIAN_POINT('Ctrl Pts',(4.32286633560541,11.8158517093541,7.3329699269554));
#3903=CARTESIAN_POINT('Ctrl Pts',(4.17862744757315,11.944607731944,7.32769867658732));
#3904=CARTESIAN_POINT('Ctrl Pts',(3.95261500676773,12.2424138953278,7.31165966867568));
#3905=CARTESIAN_POINT('Ctrl Pts',(3.86071650515684,12.4197768511175,7.30057905688346));
#3906=CARTESIAN_POINT('Ctrl Pts',(3.74720664561988,12.8578105898387,7.2692152217819));
#3907=CARTESIAN_POINT('Ctrl Pts',(3.74093959344949,13.0937901944386,7.25038791689236));
#3908=CARTESIAN_POINT('Ctrl Pts',(3.81243994452657,13.6199057171421,7.20547473464728));
#3909=CARTESIAN_POINT('Ctrl Pts',(3.91388846071895,13.9375340883062,7.17634868743589));
#3910=CARTESIAN_POINT('Ctrl Pts',(4.30019907042856,14.7065691492965,7.10120163650801));
#3911=CARTESIAN_POINT('Ctrl Pts',(4.59069390147304,15.1172550251665,7.05835755890796));
#3912=CARTESIAN_POINT('Ctrl Pts',(5.03620502676131,15.5870366794638,7.00560618616353));
#3913=CARTESIAN_POINT('Ctrl Pts',(5.17286050977185,15.6883266394167,6.99286110131536));
#3914=CARTESIAN_POINT('Ctrl Pts',(5.3733875249936,15.8089025822626,6.97636917109251));
#3915=CARTESIAN_POINT('Ctrl Pts',(5.47582663951633,15.8534478894236,6.96929582187743));
#3916=CARTESIAN_POINT('Ctrl Pts',(5.7067929886044,15.9023930534564,6.95740167291857));
#3917=CARTESIAN_POINT('Ctrl Pts',(5.8261551430395,15.9005159159329,6.95339304231661));
#3918=CARTESIAN_POINT('Ctrl Pts',(6.19878602585836,15.8301758149813,6.94593164330695));
#3919=CARTESIAN_POINT('Ctrl Pts',(6.39688069881204,15.7181224194125,6.94781385038094));
#3920=CARTESIAN_POINT('Ctrl Pts',(6.54923347401784,15.6295199454069,6.94944773910388));
#3921=CARTESIAN_POINT('Ctrl Pts',(6.36440226656137,14.6558232535814,7.03215639826008));
#3922=CARTESIAN_POINT('Ctrl Pts',(6.38764655756434,14.5530840331583,7.0394194422026));
#3923=CARTESIAN_POINT('Ctrl Pts',(6.39040805491038,14.4482594402818,7.04757458158533));
#3924=CARTESIAN_POINT('Ctrl Pts',(6.37102287156073,14.2411202730239,7.06459395173663));
#3925=CARTESIAN_POINT('Ctrl Pts',(6.34909937118679,14.1372237467883,7.07357510373956));
#3926=CARTESIAN_POINT('Ctrl Pts',(6.26338006753403,13.8200731037719,7.10170725629127));
#3927=CARTESIAN_POINT('Ctrl Pts',(6.17270942581094,13.5944523216262,7.12287229010767));
#3928=CARTESIAN_POINT('Ctrl Pts',(6.01785998574777,13.2366386059681,7.15692893576193));
#3929=CARTESIAN_POINT('Ctrl Pts',(5.92347905456675,13.0539289423138,7.17495177985144));
#3930=CARTESIAN_POINT('Ctrl Pts',(5.73028834286852,12.7486247444799,7.2064241593326));
#3931=CARTESIAN_POINT('Ctrl Pts',(5.60042396094755,12.5764766207674,7.22498132171189));
#3932=CARTESIAN_POINT('Ctrl Pts',(5.42910139249909,12.4322744112908,7.24283450892271));
#3933=CARTESIAN_POINT('Ctrl Pts',(4.58851130138047,12.7071188286714,7.25100437944261));
#3934=CARTESIAN_POINT('Ctrl Pts',(4.56298812468094,12.8112490730253,7.24351498936753));
#3935=CARTESIAN_POINT('Ctrl Pts',(4.55725653052333,12.9185657237455,7.23506536404676));
#3936=CARTESIAN_POINT('Ctrl Pts',(4.57201092661253,13.1308526231679,7.21743862555661));
#3937=CARTESIAN_POINT('Ctrl Pts',(4.59216763124651,13.2363087823508,7.20823390342719));
#3938=CARTESIAN_POINT('Ctrl Pts',(4.65426552060919,13.472859476198,7.1870118727201));
#3939=CARTESIAN_POINT('Ctrl Pts',(4.71620195884929,13.6593219959403,7.16982512753595));
#3940=CARTESIAN_POINT('Ctrl Pts',(4.90264909373137,14.0793271005058,7.12965281883891));
#3941=CARTESIAN_POINT('Ctrl Pts',(5.00968284567522,14.3078865664256,7.10764209297754));
#3942=CARTESIAN_POINT('Ctrl Pts',(5.18036887979541,14.5929333622667,7.07897840730562));
#3943=CARTESIAN_POINT('Ctrl Pts',(5.24059491065189,14.6830969811443,7.06970478554536));
#3944=CARTESIAN_POINT('Ctrl Pts',(5.37474530419403,14.846008122984,7.05207810931177));
#3945=CARTESIAN_POINT('Ctrl Pts',(5.45084007229266,14.9213909453478,7.04343985033018));
#3946=CARTESIAN_POINT('Ctrl Pts',(5.5381870804866,14.9813183553584,7.03563571903473));
#3947=CARTESIAN_POINT('Ctrl Pts',(8.88766647267445,14.4210830160635,6.94095988098817));
#3948=CARTESIAN_POINT('Ctrl Pts',(7.39682175509461,12.721227614999,7.13991882688747));
#3949=CARTESIAN_POINT('Ctrl Pts',(6.06064008417533,10.8968238428052,7.33454779935014));
#3950=CARTESIAN_POINT('Ctrl Pts',(10.0051374647636,13.4426769923063,6.95516864990916));
#3951=CARTESIAN_POINT('Ctrl Pts',(8.55700558250587,11.7915226014549,7.14842740410382));
#3952=CARTESIAN_POINT('Ctrl Pts',(7.25910563670354,10.0193881615155,7.33748023899046));
#3953=CARTESIAN_POINT('Ctrl Pts',(11.1213336552092,12.4627493911068,6.94682506307035));
#3954=CARTESIAN_POINT('Ctrl Pts',(9.71592765520112,10.8603108865251,7.13438188439784));
#3955=CARTESIAN_POINT('Ctrl Pts',(8.45632112793033,9.14046174486483,7.31785687843912));
#3956=CARTESIAN_POINT('Ctrl Pts',(8.38628408244703,9.1918768350045,7.31898552817494));
#3957=CARTESIAN_POINT('Ctrl Pts',(7.64959452152804,9.81282213387593,7.32569781013057));
#3958=CARTESIAN_POINT('Ctrl Pts',(6.91268950734486,10.4333452374624,7.32530771264781));
#3959=CARTESIAN_POINT('Ctrl Pts',(6.17583100931433,11.0534821561209,7.31780272816185));
#3960=CARTESIAN_POINT('',(8.84422307161053,11.5984372750923,7.13837311922511));
#3961=CARTESIAN_POINT('Ctrl Pts',(9.74771623955987,12.1000410564168,7.05315755141203));
#3962=CARTESIAN_POINT('Ctrl Pts',(9.70620709670239,12.0264019716961,7.06037871948326));
#3963=CARTESIAN_POINT('Ctrl Pts',(9.61695184330665,11.9434588703993,7.07100904919448));
#3964=CARTESIAN_POINT('Ctrl Pts',(9.54137764960312,11.8770653424249,7.07975678340354));
#3965=CARTESIAN_POINT('Ctrl Pts',(9.47912384360513,11.8253584369603,7.08677183156964));
#3966=CARTESIAN_POINT('Ctrl Pts',(9.17314670567866,11.665395281455,7.11506438709279));
#3967=CARTESIAN_POINT('Ctrl Pts',(8.88073069143157,11.6053981614958,7.13582811009835));
#3968=CARTESIAN_POINT('Ctrl Pts',(8.84422307161052,11.5984372750923,7.13837311922508));
#3969=CARTESIAN_POINT('Ctrl Pts',(8.84422307161053,11.5984372750923,7.13837311922511));
#3970=CARTESIAN_POINT('Ctrl Pts',(8.74712341825846,11.5799233412857,7.14514210348633));
#3971=CARTESIAN_POINT('Ctrl Pts',(8.23416929627771,11.5125046131319,7.17885877917395));
#3972=CARTESIAN_POINT('Ctrl Pts',(7.05975478896228,11.3899272818388,7.25015640973078));
#3973=CARTESIAN_POINT('Ctrl Pts',(6.83850861060001,11.378182013769,7.26203630578979));
#3974=CARTESIAN_POINT('Ctrl Pts',(6.42073721358709,11.3442912745304,7.2851269358686));
#3975=CARTESIAN_POINT('Origin',(5.58744607322811,11.1062107192889,3.37721112948181));
#3976=CARTESIAN_POINT('Origin',(-2.55096373625144,4.86240040959795,7.31821256720963));
#3977=CARTESIAN_POINT('Origin',(-4.77499008178711,1.45000457763672,2.60000616312027));
#3978=CARTESIAN_POINT('',(-3.5999870300293,-1.24999046325684,2.60000616312027));
#3979=CARTESIAN_POINT('',(-5.94999313354492,-1.24999046325684,2.60000616312027));
#3980=CARTESIAN_POINT('',(-4.77499008178711,-1.24999046325684,2.60000616312027));
#3981=CARTESIAN_POINT('',(-3.5999870300293,4.14999961853027,2.60000616312027));
#3982=CARTESIAN_POINT('',(-3.5999870300293,1.45000326633453,2.60000616312027));
#3983=CARTESIAN_POINT('',(-5.94999313354492,4.14999961853027,2.60000616312027));
#3984=CARTESIAN_POINT('',(-4.77499008178711,4.14999961853027,2.60000616312027));
#3985=CARTESIAN_POINT('',(-5.94999313354492,1.45000326633453,2.60000616312027));
#3986=CARTESIAN_POINT('Origin',(-4.77499008178711,4.14999961853027,5.30000314116478));
#3987=CARTESIAN_POINT('',(-3.5999870300293,4.14999961853028,7.99999841440817));
#3988=CARTESIAN_POINT('',(-3.5999870300293,4.14999961853027,5.30000200122595));
#3989=CARTESIAN_POINT('',(-5.94999313354492,4.14999961853028,7.99999787015));
#3990=CARTESIAN_POINT('',(-2.64216440906131,4.14999961853027,7.99999863528057));
#3991=CARTESIAN_POINT('',(-5.94999313354492,4.14999961853027,5.30000200122595));
#3992=CARTESIAN_POINT('Origin',(-5.94999313354492,1.45000195503235,5.30000086128712));
#3993=CARTESIAN_POINT('',(-5.94999313354492,-1.24999046325682,7.99998619594172));
#3994=CARTESIAN_POINT('',(-5.94999313354492,1.21510938315316,7.99999152468627));
#3995=CARTESIAN_POINT('',(-5.94999313354492,-1.24999046325684,5.30000200122595));
#3996=CARTESIAN_POINT('Origin',(-4.77499008178711,-1.24999046325684,5.30000314116478));
#3997=CARTESIAN_POINT('',(-3.5999870300293,-1.24999046325682,7.99998673973523));
#3998=CARTESIAN_POINT('',(-2.64216440905861,-1.24999046325684,7.99998696070772));
#3999=CARTESIAN_POINT('',(-3.5999870300293,-1.24999046325684,5.30000200122595));
#4000=CARTESIAN_POINT('Origin',(-3.5999870300293,1.45000195503235,5.30000086128712));
#4001=CARTESIAN_POINT('',(-3.5999870300293,1.21510938315198,7.99999206850741));
#4002=CARTESIAN_POINT('Origin',(8.66976651278409E-6,-10.5253715226145,2.00000002980232));
#4003=CARTESIAN_POINT('',(-18.1114888733874,-5.14614101442395,2.00000002980232));
#4004=CARTESIAN_POINT('',(18.1115126288226,-5.14614587623629,2.00000002980232));
#4005=CARTESIAN_POINT('Origin',(-17.7670621871948,-3.39317798614502,1.00000001490116));
#4006=CARTESIAN_POINT('',(-17.4578363113506,-1.81936983052757,0.));
#4007=CARTESIAN_POINT('Origin',(17.7670860290527,-3.39317798614502,1.00000001490116));
#4008=CARTESIAN_POINT('',(17.4578618662327,-1.81937378918125,0.));
#4009=CARTESIAN_POINT('Origin',(-0.170640309651693,-11.8061723709106,3.80000323057175));
#4010=CARTESIAN_POINT('',(3.2548976314814,-11.7213176711202,3.80000323057175));
#4011=CARTESIAN_POINT('',(-3.27484061914405,-11.7761632614943,3.80000323057175));
#4012=CARTESIAN_POINT('Origin',(3.62833431788853,-12.7473313467843,5.50783221210752));
#4013=CARTESIAN_POINT('Origin',(-3.6283152444022,-12.7473313467843,5.50783221210752));
#4014=CARTESIAN_POINT('Origin',(-0.509338111520928,0.980222648549303,7.9999922759065));
#4015=CARTESIAN_POINT('Origin',(7.84947321965144E-6,-3.61496631915753,0.));
#4016=CARTESIAN_POINT('Ctrl Pts',(9.79320896726654,12.1568868995357,7.6538432515794));
#4017=CARTESIAN_POINT('Ctrl Pts',(9.79288005004969,12.1563690871882,7.64626205536658));
#4018=CARTESIAN_POINT('Ctrl Pts',(9.79249338848714,12.1558190730568,7.63868705046739));
#4019=CARTESIAN_POINT('Ctrl Pts',(9.7920459636447,12.1552247912209,7.6311193623307));
#4020=CARTESIAN_POINT('Ctrl Pts',(9.79106978983224,12.1540143748179,7.61599096505367));
#4021=CARTESIAN_POINT('Ctrl Pts',(9.79000076400357,12.1528188780191,7.60086769412851));
#4022=CARTESIAN_POINT('Ctrl Pts',(9.78946057619772,12.1522404211197,7.59330505501427));
#4023=CARTESIAN_POINT('Ctrl Pts',(9.78839757760694,12.1511176065018,7.57817638391387));
#4024=CARTESIAN_POINT('Ctrl Pts',(9.78739135311527,12.1500485263608,7.56304063058221));
#4025=CARTESIAN_POINT('Ctrl Pts',(9.78690831038734,12.1495236154549,7.5554709027434));
#4026=CARTESIAN_POINT('Ctrl Pts',(9.78597454621777,12.1484873322521,7.54032853358702));
#4027=CARTESIAN_POINT('Ctrl Pts',(9.78508325979881,12.1474741869198,7.52518165549429));
#4028=CARTESIAN_POINT('Ctrl Pts',(9.78464262482253,12.1469722859245,7.51760743438482));
#4029=CARTESIAN_POINT('Ctrl Pts',(9.7833203777045,12.1454776678821,7.49488332822815));
#4030=CARTESIAN_POINT('Ctrl Pts',(9.781986450101,12.1440068534499,7.4721562419379));
#4031=CARTESIAN_POINT('Ctrl Pts',(9.78108283057739,12.1430279751357,7.4570047662864));
#4032=CARTESIAN_POINT('Ctrl Pts',(9.77928548021455,12.1410896094896,7.42670013124562));
#4033=CARTESIAN_POINT('Ctrl Pts',(9.77752094872175,12.1391919651336,7.3963915896763));
#4034=CARTESIAN_POINT('Ctrl Pts',(9.77665060580325,12.1382551787161,7.38123613634811));
#4035=CARTESIAN_POINT('Ctrl Pts',(9.77491735150114,12.1363953555901,7.35092350354503));
#4036=CARTESIAN_POINT('Ctrl Pts',(9.77318995355108,12.134562010834,7.32060775571174));
#4037=CARTESIAN_POINT('Ctrl Pts',(9.77232488559988,12.1336520636231,7.30544920966228));
#4038=CARTESIAN_POINT('Ctrl Pts',(9.77061550846985,12.1318411866785,7.27512960385815));
#4039=CARTESIAN_POINT('Ctrl Pts',(9.76890928051736,12.1300705769765,7.24480611144129));
#4040=CARTESIAN_POINT('Ctrl Pts',(9.76805574138152,12.1291962734063,7.22964348245275));
#4041=CARTESIAN_POINT('Ctrl Pts',(9.76637899181243,12.1274345935993,7.19931840938044));
#4042=CARTESIAN_POINT('Ctrl Pts',(9.76464166982446,12.1257398211188,7.16899370671419));
#4043=CARTESIAN_POINT('Ctrl Pts',(9.76376342923983,12.12490735076,7.15383110925429));
#4044=CARTESIAN_POINT('Ctrl Pts',(9.76215430898977,12.1232001304693,7.12349696154142));
#4045=CARTESIAN_POINT('Ctrl Pts',(9.76025911464784,12.1217317255381,7.09315797309935));
#4046=CARTESIAN_POINT('Ctrl Pts',(9.75910293795399,12.1211608897363,7.07798806909446));
#4047=CARTESIAN_POINT('Ctrl Pts',(9.75839702228616,12.120117778783,7.06282653724477));
#4048=CARTESIAN_POINT('Ctrl Pts',(9.7576147695177,12.1189695351581,7.04767944116255));
#4049=CARTESIAN_POINT('Ctrl Pts',(9.78528452435393,12.1438112734195,7.6552382499358));
#4050=CARTESIAN_POINT('Ctrl Pts',(9.78501696604143,12.1432324707373,7.64765791014386));
#4051=CARTESIAN_POINT('Ctrl Pts',(9.78469458427494,12.1426364508185,7.64008241622895));
#4052=CARTESIAN_POINT('Ctrl Pts',(9.78431325631253,12.1420115350783,7.63251292445686));
#4053=CARTESIAN_POINT('Ctrl Pts',(9.78347354203521,12.1407746212187,7.61737789989172));
#4054=CARTESIAN_POINT('Ctrl Pts',(9.7825398366369,12.1396094485848,7.60224343950254));
#4055=CARTESIAN_POINT('Ctrl Pts',(9.78206475353772,12.1390573783777,7.59467441086799));
#4056=CARTESIAN_POINT('Ctrl Pts',(9.78111926535705,12.1380019110546,7.57953239141084));
#4057=CARTESIAN_POINT('Ctrl Pts',(9.78020149175575,12.1370205080122,7.56438309289165));
#4058=CARTESIAN_POINT('Ctrl Pts',(9.77975434245314,12.1365421541185,7.5568067987956));
#4059=CARTESIAN_POINT('Ctrl Pts',(9.77887936738054,12.135600526043,7.54165188353302));
#4060=CARTESIAN_POINT('Ctrl Pts',(9.77802815569201,12.1346794784108,7.52649385843332));
#4061=CARTESIAN_POINT('Ctrl Pts',(9.77760472235102,12.1342215890855,7.51891446707034));
#4062=CARTESIAN_POINT('Ctrl Pts',(9.77632999417097,12.1328508490285,7.49617613682291));
#4063=CARTESIAN_POINT('Ctrl Pts',(9.77503819571432,12.1314769984766,7.47343854138596));
#4064=CARTESIAN_POINT('Ctrl Pts',(9.77416773938689,12.1305479336884,7.45828155901212));
#4065=CARTESIAN_POINT('Ctrl Pts',(9.77242978239251,12.1286942608772,7.42796720199423));
#4066=CARTESIAN_POINT('Ctrl Pts',(9.77070339198394,12.126860466545,7.39765100295116));
#4067=CARTESIAN_POINT('Ctrl Pts',(9.76984677224132,12.125951404607,7.38249205743706));
#4068=CARTESIAN_POINT('Ctrl Pts',(9.76813834499107,12.1241341928545,7.35217371255605));
#4069=CARTESIAN_POINT('Ctrl Pts',(9.76642578844068,12.1223230282187,7.32185493523643));
#4070=CARTESIAN_POINT('Ctrl Pts',(9.76556704795569,12.1214185247923,7.30669555657301));
#4071=CARTESIAN_POINT('Ctrl Pts',(9.7638692028219,12.1196073640648,7.27637551744051));
#4072=CARTESIAN_POINT('Ctrl Pts',(9.76216465440171,12.1178199479045,7.24605384443341));
#4073=CARTESIAN_POINT('Ctrl Pts',(9.76131073934988,12.1169323989422,7.23089260097901));
#4074=CARTESIAN_POINT('Ctrl Pts',(9.75964502281286,12.1151244268901,7.20057035641799));
#4075=CARTESIAN_POINT('Ctrl Pts',(9.75792265346688,12.1133591084177,7.17024923094117));
#4076=CARTESIAN_POINT('Ctrl Pts',(9.75705397792503,12.1124853470731,7.1550886366205));
#4077=CARTESIAN_POINT('Ctrl Pts',(9.75550378518696,12.1106606473859,7.1247601364888));
#4078=CARTESIAN_POINT('Ctrl Pts',(9.75373543439582,12.1090528710105,7.09442699685543));
#4079=CARTESIAN_POINT('Ctrl Pts',(9.75272112042563,12.1083800686894,7.07925825758421));
#4080=CARTESIAN_POINT('Ctrl Pts',(9.75209403048393,12.1073033652331,7.06409594173045));
#4081=CARTESIAN_POINT('Ctrl Pts',(9.75121885873149,12.1062582141195,7.04894783315562));
#4082=CARTESIAN_POINT('Ctrl Pts',(9.77717991358763,12.1304005053218,7.65667077962578));
#4083=CARTESIAN_POINT('Ctrl Pts',(9.77697581117186,12.1297501132634,7.64909200464338));
#4084=CARTESIAN_POINT('Ctrl Pts',(9.77672472114243,12.1291104190297,7.64151542994766));
#4085=CARTESIAN_POINT('Ctrl Pts',(9.77642219983703,12.1284728434463,7.63394198482472));
#4086=CARTESIAN_POINT('Ctrl Pts',(9.7757502810035,12.1272581394331,7.61879468386364));
#4087=CARTESIAN_POINT('Ctrl Pts',(9.77498670091933,12.1261787716746,7.60364262407507));
#4088=CARTESIAN_POINT('Ctrl Pts',(9.77459290833764,12.1256776507122,7.596064309787));
#4089=CARTESIAN_POINT('Ctrl Pts',(9.77379164242917,12.1247325120272,7.58090392362588));
#4090=CARTESIAN_POINT('Ctrl Pts',(9.77297656982402,12.1238714741341,7.56573751586985));
#4091=CARTESIAN_POINT('Ctrl Pts',(9.77256899860567,12.1234539862556,7.5581532127167));
#4092=CARTESIAN_POINT('Ctrl Pts',(9.77175595509543,12.12263217689,7.54298335789605));
#4093=CARTESIAN_POINT('Ctrl Pts',(9.77094345963595,12.1218218840592,7.52781257091699));
#4094=CARTESIAN_POINT('Ctrl Pts',(9.77053643995095,12.1214158378772,7.52022734056364));
#4095=CARTESIAN_POINT('Ctrl Pts',(9.76930796073019,12.1201887315105,7.49747311658764));
#4096=CARTESIAN_POINT('Ctrl Pts',(9.76806080202413,12.1189225511849,7.47472416983859));
#4097=CARTESIAN_POINT('Ctrl Pts',(9.76722754246971,12.1180480453047,7.45956131796586));
#4098=CARTESIAN_POINT('Ctrl Pts',(9.76555534964233,12.1162856664143,7.42923665214368));
#4099=CARTESIAN_POINT('Ctrl Pts',(9.76386677559643,12.1145202102049,7.3989124264933));
#4100=CARTESIAN_POINT('Ctrl Pts',(9.76302236093935,12.1136404899112,7.38374983781294));
#4101=CARTESIAN_POINT('Ctrl Pts',(9.76133615116703,12.1118675710862,7.35342564707152));
#4102=CARTESIAN_POINT('Ctrl Pts',(9.75963400460336,12.1100794020945,7.3231040329673));
#4103=CARTESIAN_POINT('Ctrl Pts',(9.75877969769438,12.1091800371229,7.30794397899107));
#4104=CARTESIAN_POINT('Ctrl Pts',(9.75708654584018,12.1073681044008,7.27762405428637));
#4105=CARTESIAN_POINT('Ctrl Pts',(9.75537106756257,12.1055631281145,7.24730525773133));
#4106=CARTESIAN_POINT('Ctrl Pts',(9.75450972039781,12.1046611606036,7.2321460714682));
#4107=CARTESIAN_POINT('Ctrl Pts',(9.75283372035389,12.1028072803569,7.20182803568111));
#4108=CARTESIAN_POINT('Ctrl Pts',(9.75109610331496,12.1009705141691,7.17151210383378));
#4109=CARTESIAN_POINT('Ctrl Pts',(9.75022139574325,12.1000529778709,7.15635439289467));
#4110=CARTESIAN_POINT('Ctrl Pts',(9.74865296544012,12.098124667428,7.1260352272823));
#4111=CARTESIAN_POINT('Ctrl Pts',(9.74695837269016,12.0963545125931,7.09571385983854));
#4112=CARTESIAN_POINT('Ctrl Pts',(9.74613690989566,12.0955073899955,7.08054931088922));
#4113=CARTESIAN_POINT('Ctrl Pts',(9.74558803526257,12.094381513107,7.06538791029251));
#4114=CARTESIAN_POINT('Ctrl Pts',(9.74457916564713,12.0934726917187,7.05023894830428));
#4115=CARTESIAN_POINT('Ctrl Pts',(9.76881664086668,12.1166751208428,7.65814394840092));
#4116=CARTESIAN_POINT('Ctrl Pts',(9.76867107126521,12.1159392866711,7.65056810457816));
#4117=CARTESIAN_POINT('Ctrl Pts',(9.76849442691073,12.1152667464859,7.64298940816533));
#4118=CARTESIAN_POINT('Ctrl Pts',(9.76828418611441,12.1146596638171,7.63540783309147));
#4119=CARTESIAN_POINT('Ctrl Pts',(9.7678112761808,12.1135630402382,7.62023889840231));
#4120=CARTESIAN_POINT('Ctrl Pts',(9.7672488375471,12.1126551303012,7.60506068698464));
#4121=CARTESIAN_POINT('Ctrl Pts',(9.76694930730492,12.1122369633739,7.59746980621849));
#4122=CARTESIAN_POINT('Ctrl Pts',(9.76631450242083,12.111451144772,7.58228589392599));
#4123=CARTESIAN_POINT('Ctrl Pts',(9.76561754900094,12.1107359821841,7.56709947779648));
#4124=CARTESIAN_POINT('Ctrl Pts',(9.7652557994845,12.1103882540847,7.55950611075352));
#4125=CARTESIAN_POINT('Ctrl Pts',(9.7645147138675,12.1096994076512,7.5443197223884));
#4126=CARTESIAN_POINT('Ctrl Pts',(9.7637475868469,12.1090065049853,7.52913529281421));
#4127=CARTESIAN_POINT('Ctrl Pts',(9.76335985190698,12.1086547277388,7.52154387873175));
#4128=CARTESIAN_POINT('Ctrl Pts',(9.76218588483723,12.1075767523221,7.49877287058659));
#4129=CARTESIAN_POINT('Ctrl Pts',(9.76099011799486,12.1064209401797,7.47601192856963));
#4130=CARTESIAN_POINT('Ctrl Pts',(9.76019687645578,12.1056039533531,7.46084275024725));
#4131=CARTESIAN_POINT('Ctrl Pts',(9.75859437897384,12.1039369774641,7.43050715738414));
#4132=CARTESIAN_POINT('Ctrl Pts',(9.75694535944648,12.1022403422837,7.40017476802411));
#4133=CARTESIAN_POINT('Ctrl Pts',(9.75611315330249,12.1013895154705,7.38500858292974));
#4134=CARTESIAN_POINT('Ctrl Pts',(9.75444666242438,12.0996610879967,7.35467871463814));
#4135=CARTESIAN_POINT('Ctrl Pts',(9.75275088652655,12.0978960772298,7.32435452410536));
#4136=CARTESIAN_POINT('Ctrl Pts',(9.75189891189344,12.0970017539919,7.30919393875297));
#4137=CARTESIAN_POINT('Ctrl Pts',(9.75019955990344,12.0951917410789,7.27887463188578));
#4138=CARTESIAN_POINT('Ctrl Pts',(9.74845838528858,12.093370902121,7.24855954406308));
#4139=CARTESIAN_POINT('Ctrl Pts',(9.74758191173918,12.0924544477513,7.23340292241156));
#4140=CARTESIAN_POINT('Ctrl Pts',(9.74586041427157,12.0905664391718,7.20309048227961));
#4141=CARTESIAN_POINT('Ctrl Pts',(9.74405395400817,12.0886760368778,7.1727818141461));
#4142=CARTESIAN_POINT('Ctrl Pts',(9.74314329600666,12.087723372872,7.15762822005844));
#4143=CARTESIAN_POINT('Ctrl Pts',(9.7413977593967,12.0857628301202,7.12732307430157));
#4144=CARTESIAN_POINT('Ctrl Pts',(9.739503378169,12.0839409056407,7.09702242995392));
#4145=CARTESIAN_POINT('Ctrl Pts',(9.73868908060843,12.082979861487,7.08186920325754));
#4146=CARTESIAN_POINT('Ctrl Pts',(9.73801705215763,12.0819089002167,7.06671363791315));
#4147=CARTESIAN_POINT('Ctrl Pts',(9.73684219319519,12.0811673821368,7.05156356831024));
#4148=CARTESIAN_POINT('Ctrl Pts',(9.75174952267589,12.0899142485357,7.66105838551391));
#4149=CARTESIAN_POINT('Ctrl Pts',(9.75170546780155,12.0890209603824,7.65348823714374));
#4150=CARTESIAN_POINT('Ctrl Pts',(9.75166027040058,12.0882854870295,7.64590605076444));
#4151=CARTESIAN_POINT('Ctrl Pts',(9.7516147137665,12.0877302818954,7.63831001699766));
#4152=CARTESIAN_POINT('Ctrl Pts',(9.75149875253155,12.086836267006,7.62310265503446));
#4153=CARTESIAN_POINT('Ctrl Pts',(9.75130193323335,12.0862226400775,7.60787794635553));
#4154=CARTESIAN_POINT('Ctrl Pts',(9.75117540701988,12.0859461982755,7.60026469971863));
#4155=CARTESIAN_POINT('Ctrl Pts',(9.75085573411458,12.0854304755301,7.58503867758531));
#4156=CARTESIAN_POINT('Ctrl Pts',(9.75040561515442,12.0849575289547,7.56981597418243));
#4157=CARTESIAN_POINT('Ctrl Pts',(9.75014847519138,12.0847241670866,7.5622060273358));
#4158=CARTESIAN_POINT('Ctrl Pts',(9.74958422336239,12.0842532266177,7.54698921132222));
#4159=CARTESIAN_POINT('Ctrl Pts',(9.74894425008206,12.0837553249261,7.53177930950292));
#4160=CARTESIAN_POINT('Ctrl Pts',(9.74861147780726,12.0834951725637,7.52417625596001));
#4161=CARTESIAN_POINT('Ctrl Pts',(9.74758818034861,12.082673254206,7.50137321823949));
#4162=CARTESIAN_POINT('Ctrl Pts',(9.74651347595371,12.0817192871883,7.47858802287023));
#4163=CARTESIAN_POINT('Ctrl Pts',(9.74579927672167,12.0810148176716,7.46340538107825));
#4164=CARTESIAN_POINT('Ctrl Pts',(9.744332209677,12.0795369612194,7.43304700045913));
#4165=CARTESIAN_POINT('Ctrl Pts',(9.74276989286692,12.0779692971018,7.40269867861319));
#4166=CARTESIAN_POINT('Ctrl Pts',(9.74196658172879,12.0771712313939,7.38752590118464));
#4167=CARTESIAN_POINT('Ctrl Pts',(9.74033795082052,12.0755283615332,7.35718573620708));
#4168=CARTESIAN_POINT('Ctrl Pts',(9.73864790893441,12.0738083834866,7.32685708981849));
#4169=CARTESIAN_POINT('Ctrl Pts',(9.73779212650172,12.0729267153034,7.31169576622351));
#4170=CARTESIAN_POINT('Ctrl Pts',(9.73605656037605,12.0711295294784,7.28137835777296));
#4171=CARTESIAN_POINT('Ctrl Pts',(9.73423520311233,12.0692868946155,7.25107116428555));
#4172=CARTESIAN_POINT('Ctrl Pts',(9.73330667845715,12.0683510084636,7.23591989782421));
#4173=CARTESIAN_POINT('Ctrl Pts',(9.73142846263091,12.0664283342735,7.20562021143236));
#4174=CARTESIAN_POINT('Ctrl Pts',(9.72935971790849,12.06450190187,7.17533010053786));
#4175=CARTESIAN_POINT('Ctrl Pts',(9.72828043659634,12.0635370799167,7.1601876641749));
#4176=CARTESIAN_POINT('Ctrl Pts',(9.72592492552465,12.061671099535,7.1299156097734));
#4177=CARTESIAN_POINT('Ctrl Pts',(9.72293496742545,12.0601864809409,7.09966427521543));
#4178=CARTESIAN_POINT('Ctrl Pts',(9.72125412178573,12.0595561483654,7.08454420004831));
#4179=CARTESIAN_POINT('Ctrl Pts',(9.71984646846082,12.0589081376983,7.06940589069103));
#4180=CARTESIAN_POINT('Ctrl Pts',(9.7184522502696,12.0584342183856,7.05425138286655));
#4181=CARTESIAN_POINT('Ctrl Pts',(9.73425630761706,12.0657296323073,7.66380082832702));
#4182=CARTESIAN_POINT('Ctrl Pts',(9.73428648949467,12.064739016227,7.65623329018941));
#4183=CARTESIAN_POINT('Ctrl Pts',(9.73433034771413,12.0639238384352,7.6486513666964));
#4184=CARTESIAN_POINT('Ctrl Pts',(9.73438843300159,12.0633057392777,7.64105331662985));
#4185=CARTESIAN_POINT('Ctrl Pts',(9.73449952700678,12.0623294422819,7.62583718894167));
#4186=CARTESIAN_POINT('Ctrl Pts',(9.73455022230153,12.0617077073333,7.61059649471263));
#4187=CARTESIAN_POINT('Ctrl Pts',(9.73454775529259,12.061442872558,7.60297398836682));
#4188=CARTESIAN_POINT('Ctrl Pts',(9.73447136722648,12.0609693036732,7.58772827735224));
#4189=CARTESIAN_POINT('Ctrl Pts',(9.73424782039562,12.0605650835938,7.57248493259985));
#4190=CARTESIAN_POINT('Ctrl Pts',(9.73409795985999,12.0603696413502,7.56486479824506));
#4191=CARTESIAN_POINT('Ctrl Pts',(9.73373274122987,12.0599800520346,7.54962821228883));
#4192=CARTESIAN_POINT('Ctrl Pts',(9.73326012923727,12.0595712451546,7.53439999700291));
#4193=CARTESIAN_POINT('Ctrl Pts',(9.7330029397609,12.059356786959,7.52678821253244));
#4194=CARTESIAN_POINT('Ctrl Pts',(9.73218600348472,12.0586730148202,7.50396012670571));
#4195=CARTESIAN_POINT('Ctrl Pts',(9.73126312920695,12.05785548945,7.48115328587874));
#4196=CARTESIAN_POINT('Ctrl Pts',(9.73063047068715,12.0572382422972,7.46595769961945));
#4197=CARTESIAN_POINT('Ctrl Pts',(9.7292999739697,12.0559131789551,7.435577483061));
#4198=CARTESIAN_POINT('Ctrl Pts',(9.72782984208674,12.0544500314558,7.4052148114551));
#4199=CARTESIAN_POINT('Ctrl Pts',(9.72705982948581,12.0536935314398,7.39003663144227));
#4200=CARTESIAN_POINT('Ctrl Pts',(9.72546820009881,12.0521222688331,7.35968830741291));
#4201=CARTESIAN_POINT('Ctrl Pts',(9.72376800070256,12.0504461892922,7.32935669215065));
#4202=CARTESIAN_POINT('Ctrl Pts',(9.7228935288636,12.0495818951815,7.31419520481018));
#4203=CARTESIAN_POINT('Ctrl Pts',(9.72108694581507,12.0478120156786,7.28388042353073));
#4204=CARTESIAN_POINT('Ctrl Pts',(9.71913291351595,12.045978219846,7.25358127796585));
#4205=CARTESIAN_POINT('Ctrl Pts',(9.71811637306329,12.0450464558329,7.2384353710029));
#4206=CARTESIAN_POINT('Ctrl Pts',(9.7159927551459,12.0431516544518,7.20814957866512));
#4207=CARTESIAN_POINT('Ctrl Pts',(9.71352169421359,12.0413046628848,7.17788039391001));
#4208=CARTESIAN_POINT('Ctrl Pts',(9.71218176955452,12.0404068493084,7.16275050940904));
#4209=CARTESIAN_POINT('Ctrl Pts',(9.7090691971822,12.0388013602226,7.13250913358631));
#4210=CARTESIAN_POINT('Ctrl Pts',(9.70489218694272,12.0378662772418,7.10229328919891));
#4211=CARTESIAN_POINT('Ctrl Pts',(9.70232637741656,12.0377048516911,7.08719418850936));
#4212=CARTESIAN_POINT('Ctrl Pts',(9.70028489178295,12.0374766688861,7.07206513271868));
#4213=CARTESIAN_POINT('Ctrl Pts',(9.69873922570753,12.0372184114522,7.0569050242146));
#4214=CARTESIAN_POINT('Ctrl Pts',(9.72546145555803,12.054570363139,7.66510310630482));
#4215=CARTESIAN_POINT('Ctrl Pts',(9.72552222884853,12.0535529436091,7.65753556651122));
#4216=CARTESIAN_POINT('Ctrl Pts',(9.7255979694761,12.0526895957339,7.64995517014873));
#4217=CARTESIAN_POINT('Ctrl Pts',(9.72568789278961,12.0519933770421,7.64236091817838));
#4218=CARTESIAN_POINT('Ctrl Pts',(9.72586868740196,12.0508595867569,7.62715205457854));
#4219=CARTESIAN_POINT('Ctrl Pts',(9.7260016426323,12.0501108206371,7.61191545412961));
#4220=CARTESIAN_POINT('Ctrl Pts',(9.72604368092641,12.0497992132376,7.60429350036749));
#4221=CARTESIAN_POINT('Ctrl Pts',(9.72606075408146,12.049256877784,7.58904676127828));
#4222=CARTESIAN_POINT('Ctrl Pts',(9.7259353683698,12.0488233978234,7.57379918036432));
#4223=CARTESIAN_POINT('Ctrl Pts',(9.72583466845333,12.0486203047151,7.56617642368966));
#4224=CARTESIAN_POINT('Ctrl Pts',(9.72556510969906,12.0482253218579,7.55093404790585));
#4225=CARTESIAN_POINT('Ctrl Pts',(9.72517939652745,12.0478267041575,7.5356994107744));
#4226=CARTESIAN_POINT('Ctrl Pts',(9.72496258808006,12.0476201232455,7.52808437773102));
#4227=CARTESIAN_POINT('Ctrl Pts',(9.72425694818788,12.0469665052171,7.50524654248392));
#4228=CARTESIAN_POINT('Ctrl Pts',(9.72341642729885,12.0461936384579,7.48243028606558));
#4229=CARTESIAN_POINT('Ctrl Pts',(9.72282590543403,12.0456087518467,7.46722885049011));
#4230=CARTESIAN_POINT('Ctrl Pts',(9.72156533170527,12.0443432730728,7.4368386189593));
#4231=CARTESIAN_POINT('Ctrl Pts',(9.72014088027779,12.0429240542158,7.40646938174341));
#4232=CARTESIAN_POINT('Ctrl Pts',(9.71938778310575,12.0421850710376,7.3912888148161));
#4233=CARTESIAN_POINT('Ctrl Pts',(9.71781479862402,12.0406445457722,7.36093697810037));
#4234=CARTESIAN_POINT('Ctrl Pts',(9.71610538636711,12.0389902524424,7.33060426796659));
#4235=CARTESIAN_POINT('Ctrl Pts',(9.71521832175615,12.0381357416807,7.31544282301745));
#4236=CARTESIAN_POINT('Ctrl Pts',(9.71337007079522,12.0363827277725,7.28512939556874));
#4237=CARTESIAN_POINT('Ctrl Pts',(9.71133822480439,12.0345634430449,7.2548340821845));
#4238=CARTESIAN_POINT('Ctrl Pts',(9.71027071414613,12.0336406859852,7.23969071693657));
#4239=CARTESIAN_POINT('Ctrl Pts',(9.70801178621194,12.0317751181528,7.20941164939712));
#4240=CARTESIAN_POINT('Ctrl Pts',(9.70533109035638,12.0299905928349,7.179152160381));
#4241=CARTESIAN_POINT('Ctrl Pts',(9.70386141618829,12.0291380814822,7.16402785908597));
#4242=CARTESIAN_POINT('Ctrl Pts',(9.7004245289785,12.0276670837447,7.13379810394863));
#4243=CARTESIAN_POINT('Ctrl Pts',(9.69593570953381,12.0269071636483,7.10358920672615));
#4244=CARTESIAN_POINT('Ctrl Pts',(9.69328457486485,12.0268194847684,7.08848994550864));
#4245=CARTESIAN_POINT('Ctrl Pts',(9.69116136888857,12.0266837536777,7.07335929145624));
#4246=CARTESIAN_POINT('Ctrl Pts',(9.68953010117055,12.0265325092658,7.05819678521736));
#4247=CARTESIAN_POINT('Ctrl Pts',(9.69883797928311,12.0226278280673,7.66890642844103));
#4248=CARTESIAN_POINT('Ctrl Pts',(9.69897008903379,12.0215372259675,7.66133959518));
#4249=CARTESIAN_POINT('Ctrl Pts',(9.6991189944725,12.0205428800636,7.65376415264963));
#4250=CARTESIAN_POINT('Ctrl Pts',(9.69928182406585,12.0196414252113,7.64618050006915));
#4251=CARTESIAN_POINT('Ctrl Pts',(9.69961852383085,12.01805640089,7.63099524347008));
#4252=CARTESIAN_POINT('Ctrl Pts',(9.69993650404156,12.0168786967894,7.61577870820815));
#4253=CARTESIAN_POINT('Ctrl Pts',(9.70008063330056,12.0163851660279,7.608163728739));
#4254=CARTESIAN_POINT('Ctrl Pts',(9.70031942616606,12.0155424470881,7.59292515388178));
#4255=CARTESIAN_POINT('Ctrl Pts',(9.70044115530148,12.0149193272364,7.57767604405296));
#4256=CARTESIAN_POINT('Ctrl Pts',(9.70046797642128,12.0146448137862,7.57005058723749));
#4257=CARTESIAN_POINT('Ctrl Pts',(9.70045330456146,12.0141426994014,7.55480020852236));
#4258=CARTESIAN_POINT('Ctrl Pts',(9.70031047811623,12.0136963268847,7.53955376791076));
#4259=CARTESIAN_POINT('Ctrl Pts',(9.70020913157606,12.013477472388,7.53193225642431));
#4260=CARTESIAN_POINT('Ctrl Pts',(9.69982700866083,12.0128156486451,7.50907383663134));
#4261=CARTESIAN_POINT('Ctrl Pts',(9.69923689572224,12.0121036342982,7.48623508256213));
#4262=CARTESIAN_POINT('Ctrl Pts',(9.69877584026999,12.0115763479344,7.47101910330979));
#4263=CARTESIAN_POINT('Ctrl Pts',(9.69772842311117,12.0104280454559,7.44060339322433));
#4264=CARTESIAN_POINT('Ctrl Pts',(9.69643781127845,12.009108301713,7.41021700048596));
#4265=CARTESIAN_POINT('Ctrl Pts',(9.69573337382992,12.0084106348132,7.39503023324281));
#4266=CARTESIAN_POINT('Ctrl Pts',(9.6942125564419,12.0069457438236,7.36466947168076));
#4267=CARTESIAN_POINT('Ctrl Pts',(9.69246678324404,12.0053542588252,7.33433438737514));
#4268=CARTESIAN_POINT('Ctrl Pts',(9.69153688697411,12.0045304914406,7.31917330381258));
#4269=CARTESIAN_POINT('Ctrl Pts',(9.68955214854318,12.0028373606407,7.28886387157296));
#4270=CARTESIAN_POINT('Ctrl Pts',(9.68727218605489,12.0010871353584,7.25857904296838));
#4271=CARTESIAN_POINT('Ctrl Pts',(9.68604687916985,12.0002067740646,7.24344254602559));
#4272=CARTESIAN_POINT('Ctrl Pts',(9.68338159539871,11.9984636361678,7.21318136288207));
#4273=CARTESIAN_POINT('Ctrl Pts',(9.68014472076188,11.9968863036303,7.18294498950844));
#4274=CARTESIAN_POINT('Ctrl Pts',(9.67835368392017,11.9961690944928,7.16783308815646));
#4275=CARTESIAN_POINT('Ctrl Pts',(9.67427227684609,11.9950140031039,7.13762362590218));
#4276=CARTESIAN_POINT('Ctrl Pts',(9.66961927912842,11.9944573902798,7.10741073739299));
#4277=CARTESIAN_POINT('Ctrl Pts',(9.66728608616787,11.994318052903,7.09229526926247));
#4278=CARTESIAN_POINT('Ctrl Pts',(9.6652059704948,11.9943125662452,7.07715233317916));
#4279=CARTESIAN_POINT('Ctrl Pts',(9.66332879508694,11.9944652873903,7.06198271875278));
#4280=CARTESIAN_POINT('Ctrl Pts',(9.67150353538196,11.9940783458436,7.67249247511432));
#4281=CARTESIAN_POINT('Ctrl Pts',(9.67165820411987,11.9929185154525,7.66492916470256));
#4282=CARTESIAN_POINT('Ctrl Pts',(9.67182753847202,11.9918392389241,7.65735854116909));
#4283=CARTESIAN_POINT('Ctrl Pts',(9.67200917917623,11.9908409422588,7.64978069556449));
#4284=CARTESIAN_POINT('Ctrl Pts',(9.67238433772573,11.9890107865695,7.634610988057));
#4285=CARTESIAN_POINT('Ctrl Pts',(9.67275577621939,11.9875106227944,7.61941522231015));
#4286=CARTESIAN_POINT('Ctrl Pts',(9.67293369879783,11.986842385103,7.61181131273263));
#4287=CARTESIAN_POINT('Ctrl Pts',(9.67325956394471,11.9856526329926,7.59659370246525));
#4288=CARTESIAN_POINT('Ctrl Pts',(9.67350603313278,11.9847091850165,7.58136154777795));
#4289=CARTESIAN_POINT('Ctrl Pts',(9.67360447588782,11.9842873908046,7.57374308766628));
#4290=CARTESIAN_POINT('Ctrl Pts',(9.67374668122713,11.9835184325327,7.55850379842313));
#4291=CARTESIAN_POINT('Ctrl Pts',(9.67377682428382,11.9828608013659,7.54326311457414));
#4292=CARTESIAN_POINT('Ctrl Pts',(9.67376316977409,11.9825501731047,7.53564327453891));
#4293=CARTESIAN_POINT('Ctrl Pts',(9.67363888595396,11.9816515330122,7.51278689221615));
#4294=CARTESIAN_POINT('Ctrl Pts',(9.67327578357508,11.9808072436618,7.48994297367694));
#4295=CARTESIAN_POINT('Ctrl Pts',(9.67293843420411,11.9802281513199,7.47472191070673));
#4296=CARTESIAN_POINT('Ctrl Pts',(9.67209374725621,11.9790192164715,7.44429574616638));
#4297=CARTESIAN_POINT('Ctrl Pts',(9.67092182785095,11.9776961083261,7.4139009683485));
#4298=CARTESIAN_POINT('Ctrl Pts',(9.67025781251597,11.9770033262521,7.39871120577087));
#4299=CARTESIAN_POINT('Ctrl Pts',(9.66877569157681,11.9755605754225,7.36834653613287));
#4300=CARTESIAN_POINT('Ctrl Pts',(9.6669772974614,11.9740186493309,7.33801136337837));
#4301=CARTESIAN_POINT('Ctrl Pts',(9.66599703717194,11.9732269341801,7.32285107955756));
#4302=CARTESIAN_POINT('Ctrl Pts',(9.66386284098148,11.9716142644675,7.29254488112241));
#4303=CARTESIAN_POINT('Ctrl Pts',(9.66133376723775,11.969990952651,7.26226637539193));
#4304=CARTESIAN_POINT('Ctrl Pts',(9.65996007851529,11.9691880806137,7.24713373007429));
#4305=CARTESIAN_POINT('Ctrl Pts',(9.65695125292033,11.9676386486623,7.21688141960091));
#4306=CARTESIAN_POINT('Ctrl Pts',(9.65338776509525,11.9663053172905,7.18665030045858));
#4307=CARTESIAN_POINT('Ctrl Pts',(9.65145583921111,11.9657199102957,7.17153894763439));
#4308=CARTESIAN_POINT('Ctrl Pts',(9.64737074234352,11.9647470352669,7.14131770422858));
#4309=CARTESIAN_POINT('Ctrl Pts',(9.64335643880654,11.9641473372213,7.11106695243465));
#4310=CARTESIAN_POINT('Ctrl Pts',(9.64159687562043,11.9638774508598,7.09592420056991));
#4311=CARTESIAN_POINT('Ctrl Pts',(9.63973558283991,11.9639125779814,7.08076352063592));
#4312=CARTESIAN_POINT('Ctrl Pts',(9.63774114847895,11.9642708052128,7.06558511329728));
#4313=CARTESIAN_POINT('Ctrl Pts',(9.65297674515079,11.9757583752938,7.67484719949332));
#4314=CARTESIAN_POINT('Ctrl Pts',(9.65313596019467,11.9745473447827,7.66728740362521));
#4315=CARTESIAN_POINT('Ctrl Pts',(9.65331091840093,11.9734303519214,7.65971918344232));
#4316=CARTESIAN_POINT('Ctrl Pts',(9.65349985075406,11.9724114643759,7.65214231941655));
#4317=CARTESIAN_POINT('Ctrl Pts',(9.65389319635833,11.9705520922291,7.63697345727066));
#4318=CARTESIAN_POINT('Ctrl Pts',(9.65429028514253,11.9690100589395,7.62177913435848));
#4319=CARTESIAN_POINT('Ctrl Pts',(9.65448296046783,11.9683084810552,7.61417681155456));
#4320=CARTESIAN_POINT('Ctrl Pts',(9.65484332620548,11.967025565991,7.59896416681384));
#4321=CARTESIAN_POINT('Ctrl Pts',(9.65513560733795,11.9659500301669,7.58373937322676));
#4322=CARTESIAN_POINT('Ctrl Pts',(9.65526011378157,11.9654557655612,7.5761249115753));
#4323=CARTESIAN_POINT('Ctrl Pts',(9.65546040852792,11.9645384905625,7.5608935208516));
#4324=CARTESIAN_POINT('Ctrl Pts',(9.655558131617,11.9637357950338,7.54565987135684));
#4325=CARTESIAN_POINT('Ctrl Pts',(9.65558004861174,11.9633561127935,7.53804315186768));
#4326=CARTESIAN_POINT('Ctrl Pts',(9.65556506257494,11.9622642556163,7.5151948109278));
#4327=CARTESIAN_POINT('Ctrl Pts',(9.65531150558566,11.9612727384051,7.49235509602362));
#4328=CARTESIAN_POINT('Ctrl Pts',(9.655040225309,11.9606193562899,7.47713527913038));
#4329=CARTESIAN_POINT('Ctrl Pts',(9.65430688946002,11.9592980252214,7.44671006550364));
#4330=CARTESIAN_POINT('Ctrl Pts',(9.65320164541098,11.9579216846857,7.41631466779801));
#4331=CARTESIAN_POINT('Ctrl Pts',(9.65255880324073,11.9572134584826,7.40112462413673));
#4332=CARTESIAN_POINT('Ctrl Pts',(9.65109425364767,11.955758116,7.37075974243275));
#4333=CARTESIAN_POINT('Ctrl Pts',(9.64926283190411,11.9542380606239,7.34042511782541));
#4334=CARTESIAN_POINT('Ctrl Pts',(9.64825316799878,11.9534653603038,7.32526531090809));
#4335=CARTESIAN_POINT('Ctrl Pts',(9.64603393814549,11.9519084759813,7.29496039943541));
#4336=CARTESIAN_POINT('Ctrl Pts',(9.64337829688766,11.9503779209734,7.26468324591503));
#4337=CARTESIAN_POINT('Ctrl Pts',(9.64193282807416,11.9496314340245,7.2495511653959));
#4338=CARTESIAN_POINT('Ctrl Pts',(9.638778972001,11.9482134512775,7.21929890984734));
#4339=CARTESIAN_POINT('Ctrl Pts',(9.63509294814596,11.9470456236235,7.18906385076922));
#4340=CARTESIAN_POINT('Ctrl Pts',(9.63311491801386,11.9465490869941,7.17394899689291));
#4341=CARTESIAN_POINT('Ctrl Pts',(9.62892597929797,11.9457903199784,7.14371810618238));
#4342=CARTESIAN_POINT('Ctrl Pts',(9.62446663306061,11.9456214934231,7.11346153179451));
#4343=CARTESIAN_POINT('Ctrl Pts',(9.62218941436549,11.9457271310532,7.09832191063207));
#4344=CARTESIAN_POINT('Ctrl Pts',(9.62005501656754,11.946001518428,7.08315955361979));
#4345=CARTESIAN_POINT('Ctrl Pts',(9.61808899134349,11.946431526857,7.06797355184869));
#4346=CARTESIAN_POINT('Ctrl Pts',(9.59688445827247,11.9258825078682,7.68155086442287));
#4347=CARTESIAN_POINT('Ctrl Pts',(9.59704243300584,11.9245863744073,7.67399743208487));
#4348=CARTESIAN_POINT('Ctrl Pts',(9.59721163556501,11.923345075522,7.66643890000331));
#4349=CARTESIAN_POINT('Ctrl Pts',(9.59739053964583,11.9221573934063,7.65887545849418));
#4350=CARTESIAN_POINT('Ctrl Pts',(9.5977628177922,11.9198991310797,7.64373833699756));
#4351=CARTESIAN_POINT('Ctrl Pts',(9.59815006644977,11.9178766673802,7.62858158725451));
#4352=CARTESIAN_POINT('Ctrl Pts',(9.59834395832606,11.9169248761682,7.62099850919007));
#4353=CARTESIAN_POINT('Ctrl Pts',(9.59872355863401,11.9151318641698,7.6058241933784));
#4354=CARTESIAN_POINT('Ctrl Pts',(9.59907091418901,11.9135421311883,7.59063603578607));
#4355=CARTESIAN_POINT('Ctrl Pts',(9.59923253771896,11.9127935627365,7.5830391220435));
#4356=CARTESIAN_POINT('Ctrl Pts',(9.59952445879158,11.91137955248,7.56784085408737));
#4357=CARTESIAN_POINT('Ctrl Pts',(9.59974229340113,11.9101143259878,7.55263585085048));
#4358=CARTESIAN_POINT('Ctrl Pts',(9.59982981479008,11.9095145166774,7.54503220476585));
#4359=CARTESIAN_POINT('Ctrl Pts',(9.60002175038245,11.9078009632788,7.52221925840046));
#4360=CARTESIAN_POINT('Ctrl Pts',(9.59998835592829,11.9063109442231,7.49940391942565));
#4361=CARTESIAN_POINT('Ctrl Pts',(9.59985394962113,11.9053864894131,7.48419587230998));
#4362=CARTESIAN_POINT('Ctrl Pts',(9.59935713888339,11.9036293029556,7.45378819167605));
#4363=CARTESIAN_POINT('Ctrl Pts',(9.59839873506309,11.9020028164294,7.42340197125655));
#4364=CARTESIAN_POINT('Ctrl Pts',(9.5978029252794,11.9012088923442,7.40821538803166));
#4365=CARTESIAN_POINT('Ctrl Pts',(9.59637610674152,11.8996507282991,7.3778560502228));
#4366=CARTESIAN_POINT('Ctrl Pts',(9.59446936167101,11.8981563367421,7.34752462584897));
#4367=CARTESIAN_POINT('Ctrl Pts',(9.59339383138142,11.8974262431025,7.33236593644435));
#4368=CARTESIAN_POINT('Ctrl Pts',(9.59099115385674,11.8960138142251,7.30206205670715));
#4369=CARTESIAN_POINT('Ctrl Pts',(9.58807933369226,11.8947442478788,7.27178203963933));
#4370=CARTESIAN_POINT('Ctrl Pts',(9.58649468155647,11.8941570435817,7.25664720642052));
#4371=CARTESIAN_POINT('Ctrl Pts',(9.5830717943626,11.8931114853929,7.22638514618662));
#4372=CARTESIAN_POINT('Ctrl Pts',(9.57919330998327,11.8924063935714,7.19612835182925));
#4373=CARTESIAN_POINT('Ctrl Pts',(9.57715458094685,11.8921584630974,7.18099878629534));
#4374=CARTESIAN_POINT('Ctrl Pts',(9.57290849275074,11.8919320217589,7.15073030534392));
#4375=CARTESIAN_POINT('Ctrl Pts',(9.56849423647063,11.8923170052107,7.12042578520345));
#4376=CARTESIAN_POINT('Ctrl Pts',(9.56628785349765,11.8926796040116,7.10526021892643));
#4377=CARTESIAN_POINT('Ctrl Pts',(9.56419588844026,11.8931949476182,7.09007523611397));
#4378=CARTESIAN_POINT('Ctrl Pts',(9.56221794165154,11.89386348764,7.07487068286763));
#4379=CARTESIAN_POINT('Ctrl Pts',(9.53910338045484,11.884878821972,7.68767549661369));
#4380=CARTESIAN_POINT('Ctrl Pts',(9.53921984374958,11.8835394362784,7.68012814688434));
#4381=CARTESIAN_POINT('Ctrl Pts',(9.53934457355073,11.8822356825907,7.672577419761));
#4382=CARTESIAN_POINT('Ctrl Pts',(9.53947665131249,11.8809678262272,7.66502335465895));
#4383=CARTESIAN_POINT('Ctrl Pts',(9.53975051970937,11.8785040415749,7.64990886790169));
#4384=CARTESIAN_POINT('Ctrl Pts',(9.54003267627101,11.8761921116064,7.63478179849836));
#4385=CARTESIAN_POINT('Ctrl Pts',(9.54017304513357,11.8750760987401,7.62721515139107));
#4386=CARTESIAN_POINT('Ctrl Pts',(9.5404463603597,11.87292846264,7.61207569457002));
#4387=CARTESIAN_POINT('Ctrl Pts',(9.54069339647132,11.870947872594,7.596924836841));
#4388=CARTESIAN_POINT('Ctrl Pts',(9.54080747805136,11.8699990505852,7.58934677810958));
#4389=CARTESIAN_POINT('Ctrl Pts',(9.54101135680489,11.868180228131,7.5741861000956));
#4390=CARTESIAN_POINT('Ctrl Pts',(9.54115721365961,11.8665101990509,7.55901765647902));
#4391=CARTESIAN_POINT('Ctrl Pts',(9.54121326673136,11.8657101371818,7.55143183515139));
#4392=CARTESIAN_POINT('Ctrl Pts',(9.5413246512439,11.8634075103406,7.52867057780824));
#4393=CARTESIAN_POINT('Ctrl Pts',(9.54124993433888,11.8613772773205,7.50590063049427));
#4394=CARTESIAN_POINT('Ctrl Pts',(9.54110336877669,11.8601267054428,7.49071920667243));
#4395=CARTESIAN_POINT('Ctrl Pts',(9.54059810859429,11.8577995285019,7.46035718278052));
#4396=CARTESIAN_POINT('Ctrl Pts',(9.53964558869047,11.8557744691292,7.43000200742989));
#4397=CARTESIAN_POINT('Ctrl Pts',(9.53905178269683,11.8548259511777,7.41482743500595));
#4398=CARTESIAN_POINT('Ctrl Pts',(9.53762398373176,11.8530430366766,7.38448582184926));
#4399=CARTESIAN_POINT('Ctrl Pts',(9.53571244996492,11.8514813016024,7.3541601397318));
#4400=CARTESIAN_POINT('Ctrl Pts',(9.53463502675983,11.8507538995445,7.33900149563419));
#4401=CARTESIAN_POINT('Ctrl Pts',(9.53223889746652,11.8494125007594,7.30869198550352));
#4402=CARTESIAN_POINT('Ctrl Pts',(9.52938160050194,11.8483255042386,7.27839444960264));
#4403=CARTESIAN_POINT('Ctrl Pts',(9.52784326738277,11.8478523368543,7.26324777669625));
#4404=CARTESIAN_POINT('Ctrl Pts',(9.52456538845134,11.847068861714,7.23295563470946));
#4405=CARTESIAN_POINT('Ctrl Pts',(9.52096502341696,11.8466542853688,7.20265718957912));
#4406=CARTESIAN_POINT('Ctrl Pts',(9.51910053809465,11.8465517679889,7.18750430970398));
#4407=CARTESIAN_POINT('Ctrl Pts',(9.51534008276288,11.8465591124166,7.15718468263749));
#4408=CARTESIAN_POINT('Ctrl Pts',(9.5116960756795,11.8470060563759,7.12682419228822));
#4409=CARTESIAN_POINT('Ctrl Pts',(9.50998577556131,11.847322025751,7.11162970491783));
#4410=CARTESIAN_POINT('Ctrl Pts',(9.50816869070541,11.8478764553846,7.09642325454391));
#4411=CARTESIAN_POINT('Ctrl Pts',(9.50624700946961,11.8486692888862,7.08120461652491));
#4412=CARTESIAN_POINT('Ctrl Pts',(9.50006751648155,11.8599147354938,7.69160786440074));
#4413=CARTESIAN_POINT('Ctrl Pts',(9.50015319125464,11.8585595802124,7.68406379019813));
#4414=CARTESIAN_POINT('Ctrl Pts',(9.50024524765503,11.8572352616046,7.67651684735766));
#4415=CARTESIAN_POINT('Ctrl Pts',(9.50034282986515,11.8559416971744,7.66896709895593));
#4416=CARTESIAN_POINT('Ctrl Pts',(9.50054520427349,11.8534185321334,7.65386205933052));
#4417=CARTESIAN_POINT('Ctrl Pts',(9.50075255566108,11.851028142369,7.63874619878252));
#4418=CARTESIAN_POINT('Ctrl Pts',(9.50085511957236,11.8498673545227,7.63118562902591));
#4419=CARTESIAN_POINT('Ctrl Pts',(9.50105266855942,11.8476164040949,7.61605943531166));
#4420=CARTESIAN_POINT('Ctrl Pts',(9.5012249581698,11.8455072532664,7.60092378322587));
#4421=CARTESIAN_POINT('Ctrl Pts',(9.50130225108568,11.8444882922905,7.59335375376265));
#4422=CARTESIAN_POINT('Ctrl Pts',(9.50143431465326,11.8425206156927,7.57820969652365));
#4423=CARTESIAN_POINT('Ctrl Pts',(9.50151275652174,11.8406899545902,7.56305850694167));
#4424=CARTESIAN_POINT('Ctrl Pts',(9.50153642339004,11.8398080093807,7.55548134540579));
#4425=CARTESIAN_POINT('Ctrl Pts',(9.50155508289952,11.8372586406811,7.53274584314061));
#4426=CARTESIAN_POINT('Ctrl Pts',(9.50140209812228,11.8349866961865,7.5100002429858));
#4427=CARTESIAN_POINT('Ctrl Pts',(9.50121080326294,11.8335846275382,7.49483376837839));
#4428=CARTESIAN_POINT('Ctrl Pts',(9.5006321443901,11.8309816149306,7.46449844396193));
#4429=CARTESIAN_POINT('Ctrl Pts',(9.49963865277295,11.8287451998833,7.43416277039611));
#4430=CARTESIAN_POINT('Ctrl Pts',(9.49903254543701,11.82770961349,7.4189959544641));
#4431=CARTESIAN_POINT('Ctrl Pts',(9.49759609746972,11.8257914041737,7.3886657278885));
#4432=CARTESIAN_POINT('Ctrl Pts',(9.49570977639019,11.8241696479968,7.35834319965658));
#4433=CARTESIAN_POINT('Ctrl Pts',(9.49465384381343,11.8234304679186,7.34318408240228));
#4434=CARTESIAN_POINT('Ctrl Pts',(9.49232069547582,11.8220979919941,7.3128696804962));
#4435=CARTESIAN_POINT('Ctrl Pts',(9.48956747184266,11.8210751033065,7.28256006085502));
#4436=CARTESIAN_POINT('Ctrl Pts',(9.48809146457103,11.8206454922603,7.26740572712926));
#4437=CARTESIAN_POINT('Ctrl Pts',(9.48495925216109,11.8199651882234,7.23709557083625));
#4438=CARTESIAN_POINT('Ctrl Pts',(9.48152291729933,11.8196822529673,7.20677552142845));
#4439=CARTESIAN_POINT('Ctrl Pts',(9.47974245152867,11.8196499766819,7.19161131941558));
#4440=CARTESIAN_POINT('Ctrl Pts',(9.47609690350082,11.8198281886567,7.16126992769848));
#4441=CARTESIAN_POINT('Ctrl Pts',(9.47236389187733,11.820542369668,7.13089297925774));
#4442=CARTESIAN_POINT('Ctrl Pts',(9.47049765889476,11.8210456903147,7.11569314384011));
#4443=CARTESIAN_POINT('Ctrl Pts',(9.46863957812657,11.8217102271734,7.10048014580394));
#4444=CARTESIAN_POINT('Ctrl Pts',(9.46679688169167,11.8225315400607,7.08525379941676));
#4445=CARTESIAN_POINT('Ctrl Pts',(9.38184473339751,11.7913744123466,7.70298471114487));
#4446=CARTESIAN_POINT('Ctrl Pts',(9.38183290266782,11.790014080243,7.69544758590047));
#4447=CARTESIAN_POINT('Ctrl Pts',(9.38182135858298,11.7886714196445,7.68790904897577));
#4448=CARTESIAN_POINT('Ctrl Pts',(9.38180957517745,11.7873463925312,7.68036913976385));
#4449=CARTESIAN_POINT('Ctrl Pts',(9.38178340148247,11.7847340038051,7.66528653393453));
#4450=CARTESIAN_POINT('Ctrl Pts',(9.38174699952295,11.7822035495664,7.65019817856634));
#4451=CARTESIAN_POINT('Ctrl Pts',(9.38172498854395,11.7809604504317,7.64265252027165));
#4452=CARTESIAN_POINT('Ctrl Pts',(9.38167065942974,11.7785222328281,7.62755813503266));
#4453=CARTESIAN_POINT('Ctrl Pts',(9.38159056122787,11.7761859611611,7.61245749842763));
#4454=CARTESIAN_POINT('Ctrl Pts',(9.38154277509794,11.7750448280401,7.60490558759942));
#4455=CARTESIAN_POINT('Ctrl Pts',(9.38142917045496,11.7728189898402,7.58979856741234));
#4456=CARTESIAN_POINT('Ctrl Pts',(9.38127451152806,11.7707094835394,7.57468522146459));
#4457=CARTESIAN_POINT('Ctrl Pts',(9.38118567208305,11.7696846866799,7.56712698447778));
#4458=CARTESIAN_POINT('Ctrl Pts',(9.38088098917253,11.766701801562,7.54444770350384));
#4459=CARTESIAN_POINT('Ctrl Pts',(9.38045165233163,11.7639961501415,7.52175520000762));
#4460=CARTESIAN_POINT('Ctrl Pts',(9.38010098147486,11.7623180050439,7.506621422428));
#4461=CARTESIAN_POINT('Ctrl Pts',(9.37925548268309,11.7592102091818,7.47634425596455));
#4462=CARTESIAN_POINT('Ctrl Pts',(9.37810159137593,11.7565900183366,7.4460500090309));
#4463=CARTESIAN_POINT('Ctrl Pts',(9.37744249913615,11.7553994385679,7.43089915596285));
#4464=CARTESIAN_POINT('Ctrl Pts',(9.37595513416107,11.7532506990068,7.40059086213578));
#4465=CARTESIAN_POINT('Ctrl Pts',(9.37413131721415,11.7515562148707,7.37027012486756));
#4466=CARTESIAN_POINT('Ctrl Pts',(9.37313574268797,11.7508198478498,7.35510683379649));
#4467=CARTESIAN_POINT('Ctrl Pts',(9.37098403125968,11.7495647306066,7.32477428164099));
#4468=CARTESIAN_POINT('Ctrl Pts',(9.36853421748734,11.7487400687922,7.29442860366606));
#4469=CARTESIAN_POINT('Ctrl Pts',(9.36724048270944,11.7484341580227,7.27925219069038));
#4470=CARTESIAN_POINT('Ctrl Pts',(9.36453172369169,11.7480342003239,7.24889117448018));
#4471=CARTESIAN_POINT('Ctrl Pts',(9.36161461870535,11.7480591078079,7.21851133413278));
#4472=CARTESIAN_POINT('Ctrl Pts',(9.36011266163108,11.7481782387471,7.20331607564034));
#4473=CARTESIAN_POINT('Ctrl Pts',(9.35703791689358,11.748630981807,7.1729136794276));
#4474=CARTESIAN_POINT('Ctrl Pts',(9.35383899361357,11.7495392685236,7.14248418950635));
#4475=CARTESIAN_POINT('Ctrl Pts',(9.35221033149178,11.7501121223799,7.12726213703194));
#4476=CARTESIAN_POINT('Ctrl Pts',(9.35056898388201,11.7508260736166,7.11202996973));
#4477=CARTESIAN_POINT('Ctrl Pts',(9.34892141565148,11.7516769048438,7.09678757465395));
#4478=CARTESIAN_POINT('Ctrl Pts',(9.26060026651106,11.7386106170776,7.7133337020019));
#4479=CARTESIAN_POINT('Ctrl Pts',(9.26049857695867,11.7373247672738,7.70579688333877));
#4480=CARTESIAN_POINT('Ctrl Pts',(9.2603910386661,11.7360671780533,7.69825824419684));
#4481=CARTESIAN_POINT('Ctrl Pts',(9.26027697137761,11.7348387939873,7.69071775643435));
#4482=CARTESIAN_POINT('Ctrl Pts',(9.2600359911923,11.7324380959845,7.67563325501499));
#4483=CARTESIAN_POINT('Ctrl Pts',(9.2597693472386,11.7301447726721,7.66054207770226));
#4484=CARTESIAN_POINT('Ctrl Pts',(9.25962962116416,11.7290237569853,7.65299491421495));
#4485=CARTESIAN_POINT('Ctrl Pts',(9.25933682312354,11.7268314429338,7.63789759871394));
#4486=CARTESIAN_POINT('Ctrl Pts',(9.25901541169344,11.7247377632446,7.62279450103317));
#4487=CARTESIAN_POINT('Ctrl Pts',(9.2588470810756,11.7237153549056,7.61524155689408));
#4488=CARTESIAN_POINT('Ctrl Pts',(9.25849397617612,11.7217197679043,7.60013293123725));
#4489=CARTESIAN_POINT('Ctrl Pts',(9.25810573606665,11.7198237533443,7.58501889899222));
#4490=CARTESIAN_POINT('Ctrl Pts',(9.25790226571888,11.7189009235889,7.57746054807637));
#4491=CARTESIAN_POINT('Ctrl Pts',(9.25726216759448,11.7162091254724,7.55478151384303));
#4492=CARTESIAN_POINT('Ctrl Pts',(9.25652855254128,11.7137506632102,7.53209058989879));
#4493=CARTESIAN_POINT('Ctrl Pts',(9.25599394398155,11.7122183473308,7.51695806803481));
#4494=CARTESIAN_POINT('Ctrl Pts',(9.25482724485455,11.7093720892508,7.48668259857843));
#4495=CARTESIAN_POINT('Ctrl Pts',(9.25345678116483,11.706968803901,7.45638640609085));
#4496=CARTESIAN_POINT('Ctrl Pts',(9.25271840211893,11.7058794899263,7.44123315938769));
#4497=CARTESIAN_POINT('Ctrl Pts',(9.25113299306955,11.7039269653523,7.41091641871165));
#4498=CARTESIAN_POINT('Ctrl Pts',(9.24933005069795,11.7024266351519,7.38057921053479));
#4499=CARTESIAN_POINT('Ctrl Pts',(9.24837412703329,11.7017895198,7.36540549675384));
#4500=CARTESIAN_POINT('Ctrl Pts',(9.24635548619517,11.7007399639924,7.33504782116282));
#4501=CARTESIAN_POINT('Ctrl Pts',(9.2441309559195,11.7001350609752,7.30466949801095));
#4502=CARTESIAN_POINT('Ctrl Pts',(9.2429691529193,11.6999425786521,7.28947513752675));
#4503=CARTESIAN_POINT('Ctrl Pts',(9.24055185658937,11.6997744528118,7.25907589609349));
#4504=CARTESIAN_POINT('Ctrl Pts',(9.23795984751231,11.7000322242426,7.22865535558855));
#4505=CARTESIAN_POINT('Ctrl Pts',(9.23662339394386,11.7002652225718,7.21343972433303));
#4506=CARTESIAN_POINT('Ctrl Pts',(9.23387670142101,11.7009376910198,7.18299738726122));
#4507=CARTESIAN_POINT('Ctrl Pts',(9.23102068297936,11.7019774779757,7.15253391803756));
#4508=CARTESIAN_POINT('Ctrl Pts',(9.22957750266385,11.7025805713013,7.13729677628137));
#4509=CARTESIAN_POINT('Ctrl Pts',(9.2281214744092,11.7032275991194,7.12205708693619));
#4510=CARTESIAN_POINT('Ctrl Pts',(9.2266537709616,11.7039161371037,7.10681494136871));
#4511=CARTESIAN_POINT('Ctrl Pts',(9.17858096229671,11.7094107016813,7.71984663067218));
#4512=CARTESIAN_POINT('Ctrl Pts',(9.17843383691865,11.7081922165553,7.71230763294858));
#4513=CARTESIAN_POINT('Ctrl Pts',(9.17828109400475,11.7069995510148,7.70476699419959));
#4514=CARTESIAN_POINT('Ctrl Pts',(9.17812238782521,11.7058331035453,7.69722470694475));
#4515=CARTESIAN_POINT('Ctrl Pts',(9.17779240924233,11.7035531120278,7.68213684279755));
#4516=CARTESIAN_POINT('Ctrl Pts',(9.17743618090529,11.7013788915508,7.66704247913543));
#4517=CARTESIAN_POINT('Ctrl Pts',(9.17725122392881,11.7003182203651,7.65949369202648));
#4518=CARTESIAN_POINT('Ctrl Pts',(9.1768671344936,11.6982492804473,7.64439297833036));
#4519=CARTESIAN_POINT('Ctrl Pts',(9.17645364834086,11.6962843165492,7.62928612290937));
#4520=CARTESIAN_POINT('Ctrl Pts',(9.17623929589306,11.6953276170388,7.62173119433019));
#4521=CARTESIAN_POINT('Ctrl Pts',(9.17579481428508,11.6934654562719,7.6066183996471));
#4522=CARTESIAN_POINT('Ctrl Pts',(9.17531758310015,11.6917055812237,7.5914998277458));
#4523=CARTESIAN_POINT('Ctrl Pts',(9.17507048190648,11.6908511635083,7.5839391221986));
#4524=CARTESIAN_POINT('Ctrl Pts',(9.17430277663551,11.6883646170547,7.56125280076851));
#4525=CARTESIAN_POINT('Ctrl Pts',(9.17345307637473,11.6861091592182,7.53855398287165));
#4526=CARTESIAN_POINT('Ctrl Pts',(9.1728476829077,11.6847090962025,7.52341598805568));
#4527=CARTESIAN_POINT('Ctrl Pts',(9.17155429946344,11.6821195412672,7.49312916184226));
#4528=CARTESIAN_POINT('Ctrl Pts',(9.17008897683355,11.6799566816571,7.46282070079645));
#4529=CARTESIAN_POINT('Ctrl Pts',(9.16931163971884,11.6789833001855,7.4476610725317));
#4530=CARTESIAN_POINT('Ctrl Pts',(9.16766554888282,11.6772550728471,7.41733097662847));
#4531=CARTESIAN_POINT('Ctrl Pts',(9.16583681243782,11.6759621574056,7.38697933701225));
#4532=CARTESIAN_POINT('Ctrl Pts',(9.1648768326714,11.6754240288723,7.37179816944929));
#4533=CARTESIAN_POINT('Ctrl Pts',(9.16286790188901,11.67456015263,7.34142532398828));
#4534=CARTESIAN_POINT('Ctrl Pts',(9.1606922582187,11.674090776203,7.31103306467671));
#4535=CARTESIAN_POINT('Ctrl Pts',(9.15956538673564,11.6739480388874,7.29583242574378));
#4536=CARTESIAN_POINT('Ctrl Pts',(9.15724398052369,11.6738127709636,7.26542405463833));
#4537=CARTESIAN_POINT('Ctrl Pts',(9.15480447873051,11.6739353815774,7.23500364937682));
#4538=CARTESIAN_POINT('Ctrl Pts',(9.15356044652146,11.6740456425239,7.21979129423886));
#4539=CARTESIAN_POINT('Ctrl Pts',(9.15101851465624,11.6744179920904,7.18935842273397));
#4540=CARTESIAN_POINT('Ctrl Pts',(9.14833557773145,11.6753154464342,7.15889417230732));
#4541=CARTESIAN_POINT('Ctrl Pts',(9.14693969402972,11.6760072364668,7.14364676469396));
#4542=CARTESIAN_POINT('Ctrl Pts',(9.14555040179596,11.6766357843922,7.12840386999963));
#4543=CARTESIAN_POINT('Ctrl Pts',(9.14417239525745,11.6771866115029,7.11316629639863));
#4544=CARTESIAN_POINT('Ctrl Pts',(9.07468826909059,11.6800508508718,7.72752271525757));
#4545=CARTESIAN_POINT('Ctrl Pts',(9.07449560200199,11.6789122441329,7.7199805742511));
#4546=CARTESIAN_POINT('Ctrl Pts',(9.07429756892587,11.6777958914667,7.71243705544228));
#4547=CARTESIAN_POINT('Ctrl Pts',(9.07409392821548,11.6767021147521,7.70489215023732));
#4548=CARTESIAN_POINT('Ctrl Pts',(9.07367503853246,11.674559974659,7.68979957362663));
#4549=CARTESIAN_POINT('Ctrl Pts',(9.07323222600126,11.672508829729,7.67470150015939));
#4550=CARTESIAN_POINT('Ctrl Pts',(9.0730046622242,11.6715060490374,7.66715109804552));
#4551=CARTESIAN_POINT('Ctrl Pts',(9.07253689167914,11.6695460274063,7.6520475891669));
#4552=CARTESIAN_POINT('Ctrl Pts',(9.07204314934119,11.6676770820545,7.63693871872699));
#4553=CARTESIAN_POINT('Ctrl Pts',(9.07178961452053,11.6667653752242,7.62938295518967));
#4554=CARTESIAN_POINT('Ctrl Pts',(9.07126886448069,11.6649875192054,7.61426879392981));
#4555=CARTESIAN_POINT('Ctrl Pts',(9.07072003147751,11.6633009576386,7.59914940039652));
#4556=CARTESIAN_POINT('Ctrl Pts',(9.07043841393119,11.6624805443953,7.59158840463719));
#4557=CARTESIAN_POINT('Ctrl Pts',(9.06957140753289,11.6600881272581,7.5689015414194));
#4558=CARTESIAN_POINT('Ctrl Pts',(9.06863633649243,11.6579030151845,7.54620309640098));
#4559=CARTESIAN_POINT('Ctrl Pts',(9.06798127736196,11.6565391588568,7.53106569290733));
#4560=CARTESIAN_POINT('Ctrl Pts',(9.06660515327447,11.653999249675,7.50078069804763));
#4561=CARTESIAN_POINT('Ctrl Pts',(9.06509307048821,11.6518390341462,7.47047528500881));
#4562=CARTESIAN_POINT('Ctrl Pts',(9.06430204719599,11.6508548805885,7.45531746299645));
#4563=CARTESIAN_POINT('Ctrl Pts',(9.06264872492222,11.6490806081498,7.42499151502415));
#4564=CARTESIAN_POINT('Ctrl Pts',(9.06085179874506,11.6476990731261,7.39464467254416));
#4565=CARTESIAN_POINT('Ctrl Pts',(9.05991717987208,11.6471075900073,7.37946596069792));
#4566=CARTESIAN_POINT('Ctrl Pts',(9.05797577550519,11.646126282639,7.34909770705851));
#4567=CARTESIAN_POINT('Ctrl Pts',(9.0558924972236,11.6455503508004,7.31870746908363));
#4568=CARTESIAN_POINT('Ctrl Pts',(9.0548160923789,11.6453637663888,7.30350680420304));
#4569=CARTESIAN_POINT('Ctrl Pts',(9.05259562231304,11.6451945555696,7.27309416298343));
#4570=CARTESIAN_POINT('Ctrl Pts',(9.05025570729138,11.6453758137786,7.24266231080047));
#4571=CARTESIAN_POINT('Ctrl Pts',(9.04905901902768,11.6455440542984,7.2274421514287));
#4572=CARTESIAN_POINT('Ctrl Pts',(9.04663478390212,11.6459322944009,7.19699991725286));
#4573=CARTESIAN_POINT('Ctrl Pts',(9.04417563198383,11.6463113738614,7.16656083611286));
#4574=CARTESIAN_POINT('Ctrl Pts',(9.04294944871554,11.6464423284285,7.15134565983756));
#4575=CARTESIAN_POINT('Ctrl Pts',(9.04168792015119,11.6467221867152,7.136121259912));
#4576=CARTESIAN_POINT('Ctrl Pts',(9.0403931416759,11.6471464714728,7.12088784100553));
#4577=CARTESIAN_POINT('Ctrl Pts',(8.96964751057041,11.6566133228905,7.73481386858566));
#4578=CARTESIAN_POINT('Ctrl Pts',(8.96941971009648,11.6555508066772,7.72726817159832));
#4579=CARTESIAN_POINT('Ctrl Pts',(8.96918730983281,11.6545062587964,7.71972138065475));
#4580=CARTESIAN_POINT('Ctrl Pts',(8.96895014855426,11.6534798734319,7.7121734916489));
#4581=CARTESIAN_POINT('Ctrl Pts',(8.96846599378832,11.651463851384,7.6970755057172));
#4582=CARTESIAN_POINT('Ctrl Pts',(8.96796156288417,11.6495222202866,7.68197307618364));
#4583=CARTESIAN_POINT('Ctrl Pts',(8.96770412553034,11.6485702253308,7.67442074361402));
#4584=CARTESIAN_POINT('Ctrl Pts',(8.96717850322231,11.6467043398754,7.6593138275799));
#4585=CARTESIAN_POINT('Ctrl Pts',(8.96663079594731,11.6449154877962,7.64420238599451));
#4586=CARTESIAN_POINT('Ctrl Pts',(8.9663512736933,11.6440405268116,7.63664552782238));
#4587=CARTESIAN_POINT('Ctrl Pts',(8.96578060751085,11.6423298947092,7.62152952825432));
#4588=CARTESIAN_POINT('Ctrl Pts',(8.96518616721327,11.6406984096505,7.60640895465292));
#4589=CARTESIAN_POINT('Ctrl Pts',(8.96488287079984,11.6399025961882,7.59884752241299));
#4590=CARTESIAN_POINT('Ctrl Pts',(8.96395438279523,11.6375752602812,7.57615979026159));
#4591=CARTESIAN_POINT('Ctrl Pts',(8.96296910041095,11.6354288847635,7.55346177074878));
#4592=CARTESIAN_POINT('Ctrl Pts',(8.96228611580193,11.634078969345,7.53832520247127));
#4593=CARTESIAN_POINT('Ctrl Pts',(8.9608665129885,11.6315412294065,7.50804304503943));
#4594=CARTESIAN_POINT('Ctrl Pts',(8.95933801613875,11.629326142537,7.47774308184435));
#4595=CARTESIAN_POINT('Ctrl Pts',(8.95854613429511,11.6282988864321,7.46258870753382));
#4596=CARTESIAN_POINT('Ctrl Pts',(8.95690686424428,11.6264032685597,7.43227132391497));
#4597=CARTESIAN_POINT('Ctrl Pts',(8.95515721389341,11.6248212749195,7.40193695762886));
#4598=CARTESIAN_POINT('Ctrl Pts',(8.95425494183541,11.6241076813932,7.38676559832939));
#4599=CARTESIAN_POINT('Ctrl Pts',(8.95239639916073,11.6228326703934,7.35641467418357));
#4600=CARTESIAN_POINT('Ctrl Pts',(8.95043164895865,11.6218609167759,7.3260473057829));
#4601=CARTESIAN_POINT('Ctrl Pts',(8.94942316816836,11.6214505762445,7.31085950265556));
#4602=CARTESIAN_POINT('Ctrl Pts',(8.94735474578614,11.6207832055319,7.28047543352592));
#4603=CARTESIAN_POINT('Ctrl Pts',(8.9451823277548,11.6204423003665,7.25007296117063));
#4604=CARTESIAN_POINT('Ctrl Pts',(8.94407014685801,11.6203568916739,7.23486685462045));
#4605=CARTESIAN_POINT('Ctrl Pts',(8.94178980026565,11.6203851948177,7.20444290583412));
#4606=CARTESIAN_POINT('Ctrl Pts',(8.93941119271665,11.6207562932594,7.17399888706858));
#4607=CARTESIAN_POINT('Ctrl Pts',(8.93819938542152,11.6210207966952,7.15877224698366));
#4608=CARTESIAN_POINT('Ctrl Pts',(8.9369842013866,11.6212687240061,7.14354714350033));
#4609=CARTESIAN_POINT('Ctrl Pts',(8.93576577334694,11.6215036809374,7.12832328374011));
#4610=CARTESIAN_POINT('Ctrl Pts',(8.94859793339746,11.6521395267604,7.73625820863696));
#4611=CARTESIAN_POINT('Ctrl Pts',(8.94836347459818,11.6510920740545,7.72871178744221));
#4612=CARTESIAN_POINT('Ctrl Pts',(8.94812458861511,11.6500616891161,7.72116433111623));
#4613=CARTESIAN_POINT('Ctrl Pts',(8.94788113057997,11.6490485333227,7.7136158370003));
#4614=CARTESIAN_POINT('Ctrl Pts',(8.94738476327893,11.6470571891562,7.69851675448845));
#4615=CARTESIAN_POINT('Ctrl Pts',(8.94686887729912,11.6451369025448,7.68341343801337));
#4616=CARTESIAN_POINT('Ctrl Pts',(8.94660590064687,11.64419480378,7.67586070997117));
#4617=CARTESIAN_POINT('Ctrl Pts',(8.94606957279011,11.6423472829474,7.66075308948027));
#4618=CARTESIAN_POINT('Ctrl Pts',(8.94551191559066,11.6405741137506,7.64564110213502));
#4619=CARTESIAN_POINT('Ctrl Pts',(8.94522760946078,11.6397063681589,7.63808400712731));
#4620=CARTESIAN_POINT('Ctrl Pts',(8.94464776894185,11.638008972224,7.62296760069278));
#4621=CARTESIAN_POINT('Ctrl Pts',(8.94404497442667,11.6363883928357,7.60784674692246));
#4622=CARTESIAN_POINT('Ctrl Pts',(8.94373771423132,11.63559746438,7.60028520453753));
#4623=CARTESIAN_POINT('Ctrl Pts',(8.94279800734458,11.6332830846344,7.57759722915366));
#4624=CARTESIAN_POINT('Ctrl Pts',(8.94180363176817,11.631144500509,7.55489922584303));
#4625=CARTESIAN_POINT('Ctrl Pts',(8.94111562666347,11.6297974206183,7.53976278190602));
#4626=CARTESIAN_POINT('Ctrl Pts',(8.93968829275023,11.6272602395979,7.50948111541284));
#4627=CARTESIAN_POINT('Ctrl Pts',(8.93815712812664,11.6250342602609,7.47918219295539));
#4628=CARTESIAN_POINT('Ctrl Pts',(8.93736529033357,11.623998383438,7.46402849308117));
#4629=CARTESIAN_POINT('Ctrl Pts',(8.9357290827684,11.6220783345848,7.43371281710232));
#4630=CARTESIAN_POINT('Ctrl Pts',(8.93398893903348,11.6204549408737,7.40338104443713));
#4631=CARTESIAN_POINT('Ctrl Pts',(8.93309315479758,11.6197157612089,7.38821124529217));
#4632=CARTESIAN_POINT('Ctrl Pts',(8.93125134981374,11.6183779757344,7.35786409115666));
#4633=CARTESIAN_POINT('Ctrl Pts',(8.92931164189619,11.6173150745133,7.32750214304345));
#4634=CARTESIAN_POINT('Ctrl Pts',(8.92831792056914,11.6168509474725,7.31231753908221));
#4635=CARTESIAN_POINT('Ctrl Pts',(8.92628421786649,11.6160550158061,7.28194115377265));
#4636=CARTESIAN_POINT('Ctrl Pts',(8.92415610166009,11.615546035735,7.25154879954522));
#4637=CARTESIAN_POINT('Ctrl Pts',(8.92306843304212,11.6153664396957,7.23634838419862));
#4638=CARTESIAN_POINT('Ctrl Pts',(8.92083815882144,11.6152041803439,7.20593591611559));
#4639=CARTESIAN_POINT('Ctrl Pts',(8.9184979817968,11.6154498882713,7.17549907187951));
#4640=CARTESIAN_POINT('Ctrl Pts',(8.91729680104928,11.6156970363718,7.16027305783966));
#4641=CARTESIAN_POINT('Ctrl Pts',(8.91609360455888,11.6159208135763,7.14504901849935));
#4642=CARTESIAN_POINT('Ctrl Pts',(8.91488901360614,11.6161219104432,7.12982685583083));
#4643=CARTESIAN_POINT('Ctrl Pts',(8.90642628629024,11.6435659482651,7.73912257836235));
#4644=CARTESIAN_POINT('Ctrl Pts',(8.90617918160954,11.6425482307713,7.73157469367497));
#4645=CARTESIAN_POINT('Ctrl Pts',(8.90592799017909,11.6415458875697,7.7240258833769));
#4646=CARTESIAN_POINT('Ctrl Pts',(8.90567259615645,11.6405590230779,7.7164761472785));
#4647=CARTESIAN_POINT('Ctrl Pts',(8.90515310233179,11.6386169007421,7.70137479335999));
#4648=CARTESIAN_POINT('Ctrl Pts',(8.90461555937432,11.6367395796193,7.68626959561801));
#4649=CARTESIAN_POINT('Ctrl Pts',(8.90434211631684,11.6358175156073,7.67871601574682));
#4650=CARTESIAN_POINT('Ctrl Pts',(8.90378556420351,11.6340074321729,7.66360684960319));
#4651=CARTESIAN_POINT('Ctrl Pts',(8.90320911220313,11.6322667515679,7.64849360703614));
#4652=CARTESIAN_POINT('Ctrl Pts',(8.90291576853746,11.6314140948185,7.64093595044383));
#4653=CARTESIAN_POINT('Ctrl Pts',(8.90231859452637,11.6297446479995,7.62581854492408));
#4654=CARTESIAN_POINT('Ctrl Pts',(8.90170001128124,11.6281476318318,7.61069693037919));
#4655=CARTESIAN_POINT('Ctrl Pts',(8.90138525832298,11.6273674062241,7.60313506472734));
#4656=CARTESIAN_POINT('Ctrl Pts',(8.90042433663472,11.625081886396,7.58044628779907));
#4657=CARTESIAN_POINT('Ctrl Pts',(8.89941272486943,11.6229622730427,7.55774798587362));
#4658=CARTESIAN_POINT('Ctrl Pts',(8.89871516583736,11.6216233116647,7.54261156513814));
#4659=CARTESIAN_POINT('Ctrl Pts',(8.89727297130877,11.6190926902439,7.51233041221989));
#4660=CARTESIAN_POINT('Ctrl Pts',(8.895736169608,11.6168519440167,7.48203304138558));
#4661=CARTESIAN_POINT('Ctrl Pts',(8.89494400440046,11.6158028462565,7.46688040357184));
#4662=CARTESIAN_POINT('Ctrl Pts',(8.89331247581889,11.6138433496681,7.43656750395629));
#4663=CARTESIAN_POINT('Ctrl Pts',(8.89158857886886,11.6121497866565,7.4062401185099));
#4664=CARTESIAN_POINT('Ctrl Pts',(8.89070404504354,11.6113666154833,7.39107299543004));
#4665=CARTESIAN_POINT('Ctrl Pts',(8.88889150690473,11.6099198504436,7.36073237211908));
#4666=CARTESIAN_POINT('Ctrl Pts',(8.88699704390424,11.6086913823809,7.33038028658342));
#4667=CARTESIAN_POINT('Ctrl Pts',(8.88603056104396,11.608126627253,7.31520169361523));
#4668=CARTESIAN_POINT('Ctrl Pts',(8.88406259366206,11.6070818691147,7.28484028071596));
#4669=CARTESIAN_POINT('Ctrl Pts',(8.88203197993994,11.6061778279049,7.25447216530563));
#4670=CARTESIAN_POINT('Ctrl Pts',(8.88100249330368,11.6057556479507,7.23928674885265));
#4671=CARTESIAN_POINT('Ctrl Pts',(8.87892137088993,11.6049441017086,7.20891487686851));
#4672=CARTESIAN_POINT('Ctrl Pts',(8.87677492368348,11.6043182700243,7.17853296777786));
#4673=CARTESIAN_POINT('Ctrl Pts',(8.87568239775832,11.6040699497889,7.16333828558608));
#4674=CARTESIAN_POINT('Ctrl Pts',(8.87454128500965,11.6040410507547,7.14812976266769));
#4675=CARTESIAN_POINT('Ctrl Pts',(8.87335470424894,11.6042186184459,7.13290819820068));
#4676=CARTESIAN_POINT('Ctrl Pts',(8.86412663282547,11.6356528206313,7.74194401934914));
#4677=CARTESIAN_POINT('Ctrl Pts',(8.86386811970629,11.634663883371,7.73439466149714));
#4678=CARTESIAN_POINT('Ctrl Pts',(8.86360578836739,11.6336891186175,7.72684445394346));
#4679=CARTESIAN_POINT('Ctrl Pts',(8.8633395459194,11.6327285855686,7.71929339846369));
#4680=CARTESIAN_POINT('Ctrl Pts',(8.86279893943074,11.6308367633992,7.70418955116246));
#4681=CARTESIAN_POINT('Ctrl Pts',(8.86224146168909,11.6290052321386,7.68908213328385));
#4682=CARTESIAN_POINT('Ctrl Pts',(8.86195834790214,11.6281049902718,7.68152750721117));
#4683=CARTESIAN_POINT('Ctrl Pts',(8.86138306174421,11.6263364626957,7.66641637094532));
#4684=CARTESIAN_POINT('Ctrl Pts',(8.86078913387643,11.6246332053563,7.65130139634566));
#4685=CARTESIAN_POINT('Ctrl Pts',(8.8604873774886,11.6237982388708,7.64374293159746));
#4686=CARTESIAN_POINT('Ctrl Pts',(8.85987405422166,11.6221621338727,7.62862402338441));
#4687=CARTESIAN_POINT('Ctrl Pts',(8.85924072519912,11.6205943915117,7.61350112909795));
#4688=CARTESIAN_POINT('Ctrl Pts',(8.85891896306348,11.6198277877684,7.60593867826755));
#4689=CARTESIAN_POINT('Ctrl Pts',(8.85793814399108,11.6175800906422,7.58324830699285));
#4690=CARTESIAN_POINT('Ctrl Pts',(8.8569101389954,11.6154891643445,7.56054888691398));
#4691=CARTESIAN_POINT('Ctrl Pts',(8.85620330968281,11.6141652614021,7.54541192580779));
#4692=CARTESIAN_POINT('Ctrl Pts',(8.85474608271901,11.6116565537149,7.51513009445249));
#4693=CARTESIAN_POINT('Ctrl Pts',(8.85320156538549,11.6094210192541,7.48483285180814));
#4694=CARTESIAN_POINT('Ctrl Pts',(8.85240744730953,11.6083702765109,7.46968048032254));
#4695=CARTESIAN_POINT('Ctrl Pts',(8.85077592878027,11.6063987813949,7.43936852649175));
#4696=CARTESIAN_POINT('Ctrl Pts',(8.84906000339731,11.6046750956065,7.40904295903577));
#4697=CARTESIAN_POINT('Ctrl Pts',(8.848181481662,11.6038721394656,7.39387697548536));
#4698=CARTESIAN_POINT('Ctrl Pts',(8.84638502895523,11.6023759412673,7.36353912405044));
#4699=CARTESIAN_POINT('Ctrl Pts',(8.84451503497961,11.6010756263755,7.33319098811515));
#4700=CARTESIAN_POINT('Ctrl Pts',(8.84356296339183,11.6004685933833,7.31801471753406));
#4701=CARTESIAN_POINT('Ctrl Pts',(8.84162836315027,11.5993246255233,7.28765878360523));
#4702=CARTESIAN_POINT('Ctrl Pts',(8.83964287720637,11.5982760491519,7.25729888614688));
#4703=CARTESIAN_POINT('Ctrl Pts',(8.83863925431633,11.5977678669533,7.24211842684925));
#4704=CARTESIAN_POINT('Ctrl Pts',(8.83662170844665,11.5967284011437,7.21176003249855));
#4705=CARTESIAN_POINT('Ctrl Pts',(8.8345619146805,11.5957638805157,7.18139868723919));
#4706=CARTESIAN_POINT('Ctrl Pts',(8.8335219404399,11.5953000310109,7.16621726929512));
#4707=CARTESIAN_POINT('Ctrl Pts',(8.83241775764375,11.5951379881533,7.15101663118274));
#4708=CARTESIAN_POINT('Ctrl Pts',(8.8312523568507,11.5952649270953,7.13579757089103));
#4709=CARTESIAN_POINT('Ctrl Pts',(8.84294958024085,11.6318366917821,7.74334561218464));
#4710=CARTESIAN_POINT('Ctrl Pts',(8.84268565972605,11.6308617917155,7.73579552511362));
#4711=CARTESIAN_POINT('Ctrl Pts',(8.84241799426895,11.6299008002456,7.72824460408518));
#4712=CARTESIAN_POINT('Ctrl Pts',(8.84214649525134,11.6289537875134,7.72069284972455));
#4713=CARTESIAN_POINT('Ctrl Pts',(8.84159557174795,11.6270883454005,7.70558764313999));
#4714=CARTESIAN_POINT('Ctrl Pts',(8.84102824076884,11.6252816146155,7.69047895825269));
#4715=CARTESIAN_POINT('Ctrl Pts',(8.84074033434995,11.6243933126558,7.68292372562769));
#4716=CARTESIAN_POINT('Ctrl Pts',(8.84015575621196,11.622647668498,7.66781143434851));
#4717=CARTESIAN_POINT('Ctrl Pts',(8.83955315485115,11.6209652501179,7.65269542275911));
#4718=CARTESIAN_POINT('Ctrl Pts',(8.83924722448282,11.6201401781641,7.64513646954262));
#4719=CARTESIAN_POINT('Ctrl Pts',(8.83862588870838,11.6185228188083,7.6300166432499));
#4720=CARTESIAN_POINT('Ctrl Pts',(8.8379852360906,11.6169717570593,7.61489294563485));
#4721=CARTESIAN_POINT('Ctrl Pts',(8.83765998880617,11.6162129832167,7.60733012106152));
#4722=CARTESIAN_POINT('Ctrl Pts',(8.83666925553465,11.6139872716136,7.58463870941343));
#4723=CARTESIAN_POINT('Ctrl Pts',(8.83563299111644,11.61191390107,7.56193848286425));
#4724=CARTESIAN_POINT('Ctrl Pts',(8.83492141814761,11.6105998091258,7.54680108021008));
#4725=CARTESIAN_POINT('Ctrl Pts',(8.83345627348421,11.6081070915803,7.5165185427595));
#4726=CARTESIAN_POINT('Ctrl Pts',(8.83190698923696,11.6058807504572,7.4862209104422));
#4727=CARTESIAN_POINT('Ctrl Pts',(8.83111127728596,11.6048330278304,7.4710684134362));
#4728=CARTESIAN_POINT('Ctrl Pts',(8.82947812085691,11.6028647144953,7.44075632601883));
#4729=CARTESIAN_POINT('Ctrl Pts',(8.82776337481194,11.6011399456886,7.41043076534537));
#4730=CARTESIAN_POINT('Ctrl Pts',(8.82688606974333,11.6003357805426,7.39526479430959));
#4731=CARTESIAN_POINT('Ctrl Pts',(8.82509308684822,11.5988368034493,7.36492692469997));
#4732=CARTESIAN_POINT('Ctrl Pts',(8.82322723004109,11.5975397321547,7.33457825238926));
#4733=CARTESIAN_POINT('Ctrl Pts',(8.82227701355081,11.5969376636432,7.31940146628445));
#4734=CARTESIAN_POINT('Ctrl Pts',(8.82034460917351,11.5958155600024,7.28904367011774));
#4735=CARTESIAN_POINT('Ctrl Pts',(8.81835097832134,11.5948498066372,7.25867784574238));
#4736=CARTESIAN_POINT('Ctrl Pts',(8.81733953896998,11.5944040712367,7.24349303252199));
#4737=CARTESIAN_POINT('Ctrl Pts',(8.81528671904723,11.5935942103724,7.2131190786488));
#4738=CARTESIAN_POINT('Ctrl Pts',(8.8131554720073,11.5930516765376,7.18272959184904));
#4739=CARTESIAN_POINT('Ctrl Pts',(8.81206496340651,11.5928766173803,7.16752902751236));
#4740=CARTESIAN_POINT('Ctrl Pts',(8.81094503135532,11.5928233413664,7.15232095120545));
#4741=CARTESIAN_POINT('Ctrl Pts',(8.80979738048794,11.5928854682501,7.13710574462428));
#4742=CARTESIAN_POINT('Ctrl Pts',(8.77933981331338,11.6207941112132,7.74752401072622));
#4743=CARTESIAN_POINT('Ctrl Pts',(8.77906042804165,11.6198605234895,7.7399717468564));
#4744=CARTESIAN_POINT('Ctrl Pts',(8.77877746991341,11.6189403357221,7.73241867734723));
#4745=CARTESIAN_POINT('Ctrl Pts',(8.77849086140605,11.6180336484245,7.72486479968285));
#4746=CARTESIAN_POINT('Ctrl Pts',(8.77791019102676,11.6162475125011,7.70975541997122));
#4747=CARTESIAN_POINT('Ctrl Pts',(8.77731427287471,11.6145165780681,7.69464275834783));
#4748=CARTESIAN_POINT('Ctrl Pts',(8.77701241691555,11.6136650905174,7.68708559888615));
#4749=CARTESIAN_POINT('Ctrl Pts',(8.77640072016973,11.6119905700929,7.67196959707078));
#4750=CARTESIAN_POINT('Ctrl Pts',(8.77577267921185,11.6103739437253,7.65685017825542));
#4751=CARTESIAN_POINT('Ctrl Pts',(8.77545447901776,11.6095803505789,7.64928960176807));
#4752=CARTESIAN_POINT('Ctrl Pts',(8.77480953948599,11.6080230754973,7.6341666901769));
#4753=CARTESIAN_POINT('Ctrl Pts',(8.77414720915509,11.6065263629013,7.61904022506901));
#4754=CARTESIAN_POINT('Ctrl Pts',(8.77381161792147,11.6057933335629,7.61147609497787));
#4755=CARTESIAN_POINT('Ctrl Pts',(8.77279136416754,11.6036406444876,7.588780993386));
#4756=CARTESIAN_POINT('Ctrl Pts',(8.77173017192894,11.601627977665,7.56607772796222));
#4757=CARTESIAN_POINT('Ctrl Pts',(8.77100407179332,11.6003491692752,7.55093856252151));
#4758=CARTESIAN_POINT('Ctrl Pts',(8.76951408508386,11.5979174651411,7.52065295942894));
#4759=CARTESIAN_POINT('Ctrl Pts',(8.76794815783379,11.5957355313173,7.49035300034663));
#4760=CARTESIAN_POINT('Ctrl Pts',(8.76714611442261,11.5947065052135,7.47519947816609));
#4761=CARTESIAN_POINT('Ctrl Pts',(8.76550402385099,11.5927702340032,7.44488550350421));
#4762=CARTESIAN_POINT('Ctrl Pts',(8.76378653907578,11.5910733196205,7.41455795774992));
#4763=CARTESIAN_POINT('Ctrl Pts',(8.76290908695132,11.5902837227243,7.39939085980551));
#4764=CARTESIAN_POINT('Ctrl Pts',(8.76111728296179,11.5888198155709,7.36905016983212));
#4765=CARTESIAN_POINT('Ctrl Pts',(8.75925122994392,11.5875907156169,7.33869619312053));
#4766=CARTESIAN_POINT('Ctrl Pts',(8.75829950291069,11.5870360581463,7.32351579986085));
#4767=CARTESIAN_POINT('Ctrl Pts',(8.75635762302654,11.5860534727561,7.29314773106094));
#4768=CARTESIAN_POINT('Ctrl Pts',(8.75432909113078,11.5853793793816,7.2627614628263));
#4769=CARTESIAN_POINT('Ctrl Pts',(8.75329156993919,11.585128758953,7.24756316007987));
#4770=CARTESIAN_POINT('Ctrl Pts',(8.75115401768755,11.584885960887,7.21715061431226));
#4771=CARTESIAN_POINT('Ctrl Pts',(8.7489046517481,11.5850968621779,7.18671022992232));
#4772=CARTESIAN_POINT('Ctrl Pts',(8.74774917502557,11.5853318562321,7.1714820110948));
#4773=CARTESIAN_POINT('Ctrl Pts',(8.74661974065903,11.5854025954961,7.15626486949153));
#4774=CARTESIAN_POINT('Ctrl Pts',(8.74551435099761,11.5853212985732,7.14105798478839));
#4775=CARTESIAN_POINT('Ctrl Pts',(8.71550376435889,11.610920197543,7.75162643160515));
#4776=CARTESIAN_POINT('Ctrl Pts',(8.71521099799778,11.6100254230357,7.74407204430138));
#4777=CARTESIAN_POINT('Ctrl Pts',(8.71491483767965,11.6091435786212,7.73651687610278));
#4778=CARTESIAN_POINT('Ctrl Pts',(8.71461522092602,11.6082747484019,7.72896092474327));
#4779=CARTESIAN_POINT('Ctrl Pts',(8.71400892901604,11.6065634160253,7.71384744228809));
#4780=CARTESIAN_POINT('Ctrl Pts',(8.71338823997332,11.6049053346554,7.69873077314901));
#4781=CARTESIAN_POINT('Ctrl Pts',(8.71307422596841,11.604089755961,7.69117163507318));
#4782=CARTESIAN_POINT('Ctrl Pts',(8.71243872605543,11.6024858045163,7.67605173902254));
#4783=CARTESIAN_POINT('Ctrl Pts',(8.71178802265493,11.600936827369,7.66092857710909));
#4784=CARTESIAN_POINT('Ctrl Pts',(8.71145880519893,11.6001762229351,7.65336617317078));
#4785=CARTESIAN_POINT('Ctrl Pts',(8.71079251070221,11.598683070842,7.63823970561304));
#4786=CARTESIAN_POINT('Ctrl Pts',(8.71011025281025,11.5972465850592,7.62310989234959));
#4787=CARTESIAN_POINT('Ctrl Pts',(8.70976507199032,11.5965426468084,7.61554414271334));
#4788=CARTESIAN_POINT('Ctrl Pts',(8.70871720126331,11.5944741346246,7.59284434635086));
#4789=CARTESIAN_POINT('Ctrl Pts',(8.70763188190615,11.5925365214244,7.5701368622936));
#4790=CARTESIAN_POINT('Ctrl Pts',(8.70689127763213,11.5913038473211,7.55499508192077));
#4791=CARTESIAN_POINT('Ctrl Pts',(8.70537533068414,11.5889577293092,7.52470456376845));
#4792=CARTESIAN_POINT('Ctrl Pts',(8.70378904132265,11.5868513284795,7.49440009365926));
#4793=CARTESIAN_POINT('Ctrl Pts',(8.70297809203375,11.5858583837064,7.47924436055678));
#4794=CARTESIAN_POINT('Ctrl Pts',(8.70132033233159,11.5839932144047,7.44892590014834));
#4795=CARTESIAN_POINT('Ctrl Pts',(8.69959037864309,11.5823708847286,7.41859337605153));
#4796=CARTESIAN_POINT('Ctrl Pts',(8.69870724100176,11.5816207484888,7.40342358130862));
#4797=CARTESIAN_POINT('Ctrl Pts',(8.69690435703012,11.5802440691166,7.37307682680507));
#4798=CARTESIAN_POINT('Ctrl Pts',(8.69502761108888,11.5791190385966,7.34271543880063));
#4799=CARTESIAN_POINT('Ctrl Pts',(8.69407070540772,11.5786200619247,7.32753104242152));
#4800=CARTESIAN_POINT('Ctrl Pts',(8.69211888369715,11.5777551569806,7.29715444300451));
#4801=CARTESIAN_POINT('Ctrl Pts',(8.69009743218322,11.577126002008,7.26676416917809));
#4802=CARTESIAN_POINT('Ctrl Pts',(8.68907018152316,11.5768664910201,7.25156585652913));
#4803=CARTESIAN_POINT('Ctrl Pts',(8.68699779253845,11.5763806161423,7.22116786776612));
#4804=CARTESIAN_POINT('Ctrl Pts',(8.68491862824266,11.5758143890131,7.19077664493286));
#4805=CARTESIAN_POINT('Ctrl Pts',(8.68389241899692,11.5754339217747,7.17558774104673));
#4806=CARTESIAN_POINT('Ctrl Pts',(8.68283521311642,11.5751877005844,7.16039045553762));
#4807=CARTESIAN_POINT('Ctrl Pts',(8.68174745795599,11.5750748139502,7.14518482848912));
#4808=CARTESIAN_POINT('Ctrl Pts',(8.67285815354261,11.6047938504191,7.75433170951067));
#4809=CARTESIAN_POINT('Ctrl Pts',(8.67255729217196,11.6039234096398,7.74677597085352));
#4810=CARTESIAN_POINT('Ctrl Pts',(8.67225315575627,11.6030655793552,7.73921946829843));
#4811=CARTESIAN_POINT('Ctrl Pts',(8.67194568616476,11.602220453087,7.7316621985417));
#4812=CARTESIAN_POINT('Ctrl Pts',(8.67132396641706,11.6005558028799,7.71654611730653));
#4813=CARTESIAN_POINT('Ctrl Pts',(8.67068845626777,11.5989427864831,7.70142693487639));
#4814=CARTESIAN_POINT('Ctrl Pts',(8.67036719630942,11.598149293797,7.69386656394021));
#4815=CARTESIAN_POINT('Ctrl Pts',(8.66971755076595,11.5965885770056,7.67874425203694));
#4816=CARTESIAN_POINT('Ctrl Pts',(8.66905342393396,11.595080893658,7.66361877713296));
#4817=CARTESIAN_POINT('Ctrl Pts',(8.66871768272994,11.5943404342565,7.65605524320553));
#4818=CARTESIAN_POINT('Ctrl Pts',(8.66803873121184,11.592886535766,7.64092657023681));
#4819=CARTESIAN_POINT('Ctrl Pts',(8.66734462576153,11.5914871654273,7.62579466382601));
#4820=CARTESIAN_POINT('Ctrl Pts',(8.66699373060532,11.5908012343014,7.61822789644816));
#4821=CARTESIAN_POINT('Ctrl Pts',(8.66592936458785,11.5887850509046,7.59552513520282));
#4822=CARTESIAN_POINT('Ctrl Pts',(8.66482953622753,11.5868946325364,7.57281495267083));
#4823=CARTESIAN_POINT('Ctrl Pts',(8.66408018172636,11.5856910832275,7.55767149338366));
#4824=CARTESIAN_POINT('Ctrl Pts',(8.66254859539815,11.5833987087246,7.52737784294208));
#4825=CARTESIAN_POINT('Ctrl Pts',(8.66095040265004,11.581337312923,7.49707066900238));
#4826=CARTESIAN_POINT('Ctrl Pts',(8.66013444180585,11.5803647409209,7.4819136863209));
#4827=CARTESIAN_POINT('Ctrl Pts',(8.658468536036,11.5785361646427,7.45159292314806));
#4828=CARTESIAN_POINT('Ctrl Pts',(8.65673456525218,11.576940158679,7.42125861690619));
#4829=CARTESIAN_POINT('Ctrl Pts',(8.6558505419895,11.5762001421902,7.40608809213655));
#4830=CARTESIAN_POINT('Ctrl Pts',(8.65404857048853,11.574835237571,7.37574035590023));
#4831=CARTESIAN_POINT('Ctrl Pts',(8.65217984260023,11.573695645991,7.34537955982063));
#4832=CARTESIAN_POINT('Ctrl Pts',(8.65122906352043,11.5731809386057,7.33019597547673));
#4833=CARTESIAN_POINT('Ctrl Pts',(8.6492956535674,11.5722574111538,7.2998227035948));
#4834=CARTESIAN_POINT('Ctrl Pts',(8.64730183414764,11.5715307750863,7.26943816581296));
#4835=CARTESIAN_POINT('Ctrl Pts',(8.64629067787981,11.5712127920507,7.25424332643065));
#4836=CARTESIAN_POINT('Ctrl Pts',(8.64424186176208,11.5706585854288,7.22384906835787));
#4837=CARTESIAN_POINT('Ctrl Pts',(8.64214897357953,11.5702247865594,7.19344841468005));
#4838=CARTESIAN_POINT('Ctrl Pts',(8.64109370164997,11.5700274421809,7.17824716459217));
#4839=CARTESIAN_POINT('Ctrl Pts',(8.64003373391554,11.569829119981,7.16304631548162));
#4840=CARTESIAN_POINT('Ctrl Pts',(8.63896903192104,11.5696312005618,7.14784576137307));
#4841=CARTESIAN_POINT('Ctrl Pts',(8.54469365135226,11.5875923570811,7.76237096552855));
#4842=CARTESIAN_POINT('Ctrl Pts',(8.54437102085455,11.5867883837679,7.75481151226511));
#4843=CARTESIAN_POINT('Ctrl Pts',(8.54404553490101,11.5859956983713,7.74725137021248));
#4844=CARTESIAN_POINT('Ctrl Pts',(8.54371715227351,11.5852143848411,7.73969053565036));
#4845=CARTESIAN_POINT('Ctrl Pts',(8.54305452031184,11.5836746179899,7.72456747746372));
#4846=CARTESIAN_POINT('Ctrl Pts',(8.54238001782145,11.582180760514,7.70944163584942));
#4847=CARTESIAN_POINT('Ctrl Pts',(8.54203976463605,11.5814453565271,7.70187801784851));
#4848=CARTESIAN_POINT('Ctrl Pts',(8.5413531894136,11.5799976782244,7.68674938568183));
#4849=CARTESIAN_POINT('Ctrl Pts',(8.54065434288226,11.5785964619138,7.67161795457506));
#4850=CARTESIAN_POINT('Ctrl Pts',(8.54030181848472,11.5779075193356,7.66405153767304));
#4851=CARTESIAN_POINT('Ctrl Pts',(8.53959049904017,11.5765530859946,7.64891729646371));
#4852=CARTESIAN_POINT('Ctrl Pts',(8.53886650020185,11.5752458315531,7.63378022846676));
#4853=CARTESIAN_POINT('Ctrl Pts',(8.5385012964573,11.5746040676084,7.62621098479471));
#4854=CARTESIAN_POINT('Ctrl Pts',(8.53739596832942,11.5727145938666,7.60350111409549));
#4855=CARTESIAN_POINT('Ctrl Pts',(8.53626119297871,11.5709332451106,7.58078479243042));
#4856=CARTESIAN_POINT('Ctrl Pts',(8.53549132491873,11.5697943304158,7.56563768256116));
#4857=CARTESIAN_POINT('Ctrl Pts',(8.53392441400085,11.5676149428661,7.53533761565408));
#4858=CARTESIAN_POINT('Ctrl Pts',(8.53230257024982,11.5656333425688,7.50502582469798));
#4859=CARTESIAN_POINT('Ctrl Pts',(8.53147776980855,11.5646922125282,7.48986699095207));
#4860=CARTESIAN_POINT('Ctrl Pts',(8.52980029902848,11.5629090668799,7.4595434728681));
#4861=CARTESIAN_POINT('Ctrl Pts',(8.52806753081039,11.5613207434367,7.42920849102496));
#4862=CARTESIAN_POINT('Ctrl Pts',(8.52718743338942,11.5605744329427,7.41403819369658));
#4863=CARTESIAN_POINT('Ctrl Pts',(8.52540037085567,11.5591743131449,7.38369219904244));
#4864=CARTESIAN_POINT('Ctrl Pts',(8.52356172299532,11.5579479218312,7.35333614055603));
#4865=CARTESIAN_POINT('Ctrl Pts',(8.52263004640439,11.5573753076429,7.33815578149236));
#4866=CARTESIAN_POINT('Ctrl Pts',(8.52074352912614,11.5563034276897,7.30779091028476));
#4867=CARTESIAN_POINT('Ctrl Pts',(8.51881571646941,11.5553529249557,7.27741937084831));
#4868=CARTESIAN_POINT('Ctrl Pts',(8.5178425974832,11.554902451745,7.26223229384177));
#4869=CARTESIAN_POINT('Ctrl Pts',(8.51588280835863,11.554026373018,7.23185712421593));
#4870=CARTESIAN_POINT('Ctrl Pts',(8.51389946056496,11.5531832779117,7.20148099228048));
#4871=CARTESIAN_POINT('Ctrl Pts',(8.51290340323808,11.5527625658712,7.1862931627074));
#4872=CARTESIAN_POINT('Ctrl Pts',(8.51189686509474,11.5523748760766,7.17110346781072));
#4873=CARTESIAN_POINT('Ctrl Pts',(8.51088056591348,11.5520170983023,7.15591210137124));
#4874=CARTESIAN_POINT('Ctrl Pts',(8.41595548445965,11.5733585083019,7.7702172239485));
#4875=CARTESIAN_POINT('Ctrl Pts',(8.41561824430464,11.5725997289552,7.76265523173284));
#4876=CARTESIAN_POINT('Ctrl Pts',(8.41527874660627,11.5718498361366,7.75509269794267));
#4877=CARTESIAN_POINT('Ctrl Pts',(8.41493696370849,11.5711088800993,7.74752962056011));
#4878=CARTESIAN_POINT('Ctrl Pts',(8.41424877173139,11.569644928048,7.73240237570235));
#4879=CARTESIAN_POINT('Ctrl Pts',(8.41355120463776,11.5682171204911,7.71727294156938));
#4880=CARTESIAN_POINT('Ctrl Pts',(8.41320004670924,11.5675123085131,7.70970767493984));
#4881=CARTESIAN_POINT('Ctrl Pts',(8.41249291350814,11.5661210166968,7.69457603565809));
#4882=CARTESIAN_POINT('Ctrl Pts',(8.41177600417249,11.5647667238872,7.67944216788821));
#4883=CARTESIAN_POINT('Ctrl Pts',(8.41141507015882,11.5640989105494,7.67187467279577));
#4884=CARTESIAN_POINT('Ctrl Pts',(8.41068817203137,11.5627821277841,7.6567385512077));
#4885=CARTESIAN_POINT('Ctrl Pts',(8.40995108177506,11.5615033514599,7.64160015098562));
#4886=CARTESIAN_POINT('Ctrl Pts',(8.40957995558175,11.560873544798,7.63403037724425));
#4887=CARTESIAN_POINT('Ctrl Pts',(8.40845874246607,11.5590130831779,7.6113193247048));
#4888=CARTESIAN_POINT('Ctrl Pts',(8.40731378935058,11.5572399912899,7.58860305587868));
#4889=CARTESIAN_POINT('Ctrl Pts',(8.40653972564512,11.556097202549,7.57345653833524));
#4890=CARTESIAN_POINT('Ctrl Pts',(8.40496978954831,11.5538905217282,7.54315881897625));
#4891=CARTESIAN_POINT('Ctrl Pts',(8.40335607139198,11.5518406055726,7.51285182359517));
#4892=CARTESIAN_POINT('Ctrl Pts',(8.40253822472094,11.5508545859919,7.49769602973977));
#4893=CARTESIAN_POINT('Ctrl Pts',(8.40088067780054,11.5489590384259,7.46737995018218));
#4894=CARTESIAN_POINT('Ctrl Pts',(8.39918010664551,11.5472118043551,7.43705520639844));
#4895=CARTESIAN_POINT('Ctrl Pts',(8.39831923377236,11.5463741083045,7.42189074766621));
#4896=CARTESIAN_POINT('Ctrl Pts',(8.39657687798624,11.54476725662,7.39155787663456));
#4897=CARTESIAN_POINT('Ctrl Pts',(8.39479470817918,11.5432898141839,7.36121760331119));
#4898=CARTESIAN_POINT('Ctrl Pts',(8.39389400047158,11.5425816353475,7.34604573526188));
#4899=CARTESIAN_POINT('Ctrl Pts',(8.39207432129748,11.5412212628531,7.31569886860989));
#4900=CARTESIAN_POINT('Ctrl Pts',(8.3902184310906,11.5399715547323,7.28534582192976));
#4901=CARTESIAN_POINT('Ctrl Pts',(8.38928176293129,11.5393727385759,7.27016785857651));
#4902=CARTESIAN_POINT('Ctrl Pts',(8.38738775506945,11.5382442731781,7.23980793520992));
#4903=CARTESIAN_POINT('Ctrl Pts',(8.38545308782531,11.5372515559817,7.20944017433885));
#4904=CARTESIAN_POINT('Ctrl Pts',(8.38447405031468,11.5367973698342,7.19425379538133));
#4905=CARTESIAN_POINT('Ctrl Pts',(8.38349827535744,11.5363079318042,7.17906995313164));
#4906=CARTESIAN_POINT('Ctrl Pts',(8.38252498065776,11.5357876816193,7.16388835338007));
#4907=CARTESIAN_POINT('Ctrl Pts',(8.32996491465839,11.5647241261311,7.77539246018568));
#4908=CARTESIAN_POINT('Ctrl Pts',(8.32962076773153,11.5639846489348,7.76782942899565));
#4909=CARTESIAN_POINT('Ctrl Pts',(8.32927497258084,11.5632512739191,7.76026603254845));
#4910=CARTESIAN_POINT('Ctrl Pts',(8.32892751450054,11.5625240019396,7.75270227180286));
#4911=CARTESIAN_POINT('Ctrl Pts',(8.32822917320467,11.5610820027591,7.73757400203114));
#4912=CARTESIAN_POINT('Ctrl Pts',(8.32752372000651,11.5596660955969,7.72244417520611));
#4913=CARTESIAN_POINT('Ctrl Pts',(8.3271691501862,11.5589649147135,7.71487885746824));
#4914=CARTESIAN_POINT('Ctrl Pts',(8.32645616950244,11.5575767221899,7.6997473751261));
#4915=CARTESIAN_POINT('Ctrl Pts',(8.32573523626257,11.55621792479,7.68461413492334));
#4916=CARTESIAN_POINT('Ctrl Pts',(8.32537271331216,11.5555461419448,7.67704705913601));
#4917=CARTESIAN_POINT('Ctrl Pts',(8.32464343659304,11.5542182523155,7.66191196952889));
#4918=CARTESIAN_POINT('Ctrl Pts',(8.32390550621619,11.5529223891671,7.64677496428218));
#4919=CARTESIAN_POINT('Ctrl Pts',(8.32353432942065,11.5522826337446,7.63920597279434));
#4920=CARTESIAN_POINT('Ctrl Pts',(8.32241404990622,11.5503882588839,7.61649751120223));
#4921=CARTESIAN_POINT('Ctrl Pts',(8.32127324615701,11.5485693434898,7.59378454586298));
#4922=CARTESIAN_POINT('Ctrl Pts',(8.32050334358576,11.547390962168,7.57864053008212));
#4923=CARTESIAN_POINT('Ctrl Pts',(8.31894453769945,11.5451030256453,7.54834841049483));
#4924=CARTESIAN_POINT('Ctrl Pts',(8.31734750922403,11.5429521545249,7.51804817648518));
#4925=CARTESIAN_POINT('Ctrl Pts',(8.31653938516534,11.5419108327188,7.50289604666722));
#4926=CARTESIAN_POINT('Ctrl Pts',(8.3149039744086,11.5398954045069,7.47258783700467));
#4927=CARTESIAN_POINT('Ctrl Pts',(8.31323067114378,11.5380110356894,7.44227196209324));
#4928=CARTESIAN_POINT('Ctrl Pts',(8.31238465449124,11.5371007736081,7.4271121670064));
#4929=CARTESIAN_POINT('Ctrl Pts',(8.31067426929599,11.5353417221317,7.39678902160392));
#4930=CARTESIAN_POINT('Ctrl Pts',(8.30892823518087,11.533699620541,7.36645916328769));
#4931=CARTESIAN_POINT('Ctrl Pts',(8.30804656911785,11.5329063107978,7.35129265512872));
#4932=CARTESIAN_POINT('Ctrl Pts',(8.30626661589782,11.5313715485266,7.32095671841314));
#4933=CARTESIAN_POINT('Ctrl Pts',(8.30445498983033,11.5299324098266,7.29061546711893));
#4934=CARTESIAN_POINT('Ctrl Pts',(8.30354164864813,11.5292347353713,7.27544364361888));
#4935=CARTESIAN_POINT('Ctrl Pts',(8.30170081441191,11.5278786477808,7.24509789360199));
#4936=CARTESIAN_POINT('Ctrl Pts',(8.29983345354345,11.5265924386266,7.21474849263425));
#4937=CARTESIAN_POINT('Ctrl Pts',(8.29889358198616,11.5259646617061,7.19957301693951));
#4938=CARTESIAN_POINT('Ctrl Pts',(8.29794794400432,11.5253502161819,7.18439689321901));
#4939=CARTESIAN_POINT('Ctrl Pts',(8.29699660885438,11.5247489998846,7.16922012449217));
#4940=CARTESIAN_POINT('Ctrl Pts',(8.07193998986478,11.5390903328415,7.79090073009384));
#4941=CARTESIAN_POINT('Ctrl Pts',(8.07158121854929,11.5383859621488,7.78333594958858));
#4942=CARTESIAN_POINT('Ctrl Pts',(8.07122150118146,11.5376850113432,7.77577096594602));
#4943=CARTESIAN_POINT('Ctrl Pts',(8.07086082907162,11.5369874856309,7.76820577936356));
#4944=CARTESIAN_POINT('Ctrl Pts',(8.07013758244666,11.5355991599435,7.75307500959288));
#4945=CARTESIAN_POINT('Ctrl Pts',(8.06941052258964,11.5342241111371,7.73794346087594));
#4946=CARTESIAN_POINT('Ctrl Pts',(8.06904603743978,11.5335398615529,7.73037749539309));
#4947=CARTESIAN_POINT('Ctrl Pts',(8.06831513880298,11.5321778809537,7.71524518584273));
#4948=CARTESIAN_POINT('Ctrl Pts',(8.06758029935223,11.5308291337904,7.70011210953543));
#4949=CARTESIAN_POINT('Ctrl Pts',(8.06721187375352,11.5301581155001,7.69254537743823));
#4950=CARTESIAN_POINT('Ctrl Pts',(8.06647294704191,11.5288230019178,7.67741151310486));
#4951=CARTESIAN_POINT('Ctrl Pts',(8.06572972736211,11.527502242335,7.66227681846744));
#4952=CARTESIAN_POINT('Ctrl Pts',(8.06535700876359,11.5268455781698,7.65470925605849));
#4953=CARTESIAN_POINT('Ctrl Pts',(8.06423541151008,11.5248871645267,7.63200589764993));
#4954=CARTESIAN_POINT('Ctrl Pts',(8.06310316848901,11.5229646773212,7.60930045461068));
#4955=CARTESIAN_POINT('Ctrl Pts',(8.06234331994451,11.5217000582404,7.5941625019797));
#4956=CARTESIAN_POINT('Ctrl Pts',(8.06081310369649,11.5192066053068,7.56388451479651));
#4957=CARTESIAN_POINT('Ctrl Pts',(8.05926115289109,11.5167869235131,7.53360223935382));
#4958=CARTESIAN_POINT('Ctrl Pts',(8.05847956822231,11.5155960836291,7.51845999793999));
#4959=CARTESIAN_POINT('Ctrl Pts',(8.05690494580371,11.5132529910526,7.48817327806726));
#4960=CARTESIAN_POINT('Ctrl Pts',(8.05530710158415,11.51098759852,7.45788206473009));
#4961=CARTESIAN_POINT('Ctrl Pts',(8.05450229515033,11.509874458458,7.44273532986673));
#4962=CARTESIAN_POINT('Ctrl Pts',(8.05288083161033,11.5076872359679,7.41243961373004));
#4963=CARTESIAN_POINT('Ctrl Pts',(8.05123558195557,11.505577758289,7.38213943971128));
#4964=CARTESIAN_POINT('Ctrl Pts',(8.05040698949992,11.5045423625227,7.36698824699982));
#4965=CARTESIAN_POINT('Ctrl Pts',(8.04873786724892,11.5025099379722,7.33668367535831));
#4966=CARTESIAN_POINT('Ctrl Pts',(8.04704488895047,11.5005536362051,7.30637477793948));
#4967=CARTESIAN_POINT('Ctrl Pts',(8.04619244067033,11.4995943620337,7.29121925952801));
#4968=CARTESIAN_POINT('Ctrl Pts',(8.04447564481597,11.4977132840461,7.2609061041973));
#4969=CARTESIAN_POINT('Ctrl Pts',(8.04273503431805,11.4959069975751,7.23058872464212));
#4970=CARTESIAN_POINT('Ctrl Pts',(8.04185877226828,11.4950225106118,7.21542898228639));
#4971=CARTESIAN_POINT('Ctrl Pts',(8.04097654305231,11.4941567083763,7.20026818580591));
#4972=CARTESIAN_POINT('Ctrl Pts',(8.04008834285569,11.4933096206715,7.18510633299262));
#4973=CARTESIAN_POINT('Ctrl Pts',(7.8135340158675,11.5154213349998,7.80628130608416));
#4974=CARTESIAN_POINT('Ctrl Pts',(7.81317251545768,11.5147096583901,7.79871728235526));
#4975=CARTESIAN_POINT('Ctrl Pts',(7.81281075449909,11.5139984211158,7.7911532419759));
#4976=CARTESIAN_POINT('Ctrl Pts',(7.81244873634247,11.5132875781492,7.7835891882471));
#4977=CARTESIAN_POINT('Ctrl Pts',(7.8117240501843,11.5118672741541,7.76846101692164));
#4978=CARTESIAN_POINT('Ctrl Pts',(7.81099781008364,11.5104508602749,7.7533326471188));
#4979=CARTESIAN_POINT('Ctrl Pts',(7.81063423717433,11.509743911174,7.74576839467444));
#4980=CARTESIAN_POINT('Ctrl Pts',(7.80990607703331,11.5083330014932,7.73063972512851));
#4981=CARTESIAN_POINT('Ctrl Pts',(7.80917574984799,11.506928598182,7.71551069431493));
#4982=CARTESIAN_POINT('Ctrl Pts',(7.80881000904689,11.5062281599992,7.707946080305));
#4983=CARTESIAN_POINT('Ctrl Pts',(7.80807733322593,11.5048309208207,7.69281664917509));
#4984=CARTESIAN_POINT('Ctrl Pts',(7.80734219932358,11.5034411274907,7.67768680317164));
#4985=CARTESIAN_POINT('Ctrl Pts',(7.80697400063764,11.5027481341134,7.67012177435631));
#4986=CARTESIAN_POINT('Ctrl Pts',(7.80586746343722,11.5006749618789,7.64742636594118));
#4987=CARTESIAN_POINT('Ctrl Pts',(7.80475493350092,11.4986196829701,7.62472996645221));
#4988=CARTESIAN_POINT('Ctrl Pts',(7.80401043567404,11.4972578526627,7.60959857155287));
#4989=CARTESIAN_POINT('Ctrl Pts',(7.80251541282752,11.4945523185793,7.57933477488576));
#4990=CARTESIAN_POINT('Ctrl Pts',(7.80100743944981,11.4918864143599,7.54906876154552));
#4991=CARTESIAN_POINT('Ctrl Pts',(7.80024999138032,11.4905642123166,7.5339351500785));
#4992=CARTESIAN_POINT('Ctrl Pts',(7.79872769453689,11.4879431994804,7.50366660226227));
#4993=CARTESIAN_POINT('Ctrl Pts',(7.7971896851825,11.4853726175168,7.47339518151197));
#4994=CARTESIAN_POINT('Ctrl Pts',(7.7964165238988,11.4841008499573,7.4582586968764));
#4995=CARTESIAN_POINT('Ctrl Pts',(7.79486145120023,11.4815861383346,7.42798406994243));
#4996=CARTESIAN_POINT('Ctrl Pts',(7.79328806682665,11.4791323996897,7.39770592290702));
#4997=CARTESIAN_POINT('Ctrl Pts',(7.79249659358314,11.4779216065662,7.38256591807537));
#4998=CARTESIAN_POINT('Ctrl Pts',(7.7909037083472,11.4755337329843,7.35228394944144));
#4999=CARTESIAN_POINT('Ctrl Pts',(7.78929023553647,11.4732162729304,7.32199787756438));
#5000=CARTESIAN_POINT('Ctrl Pts',(7.78847817558634,11.4720758890269,7.30685376976695));
#5001=CARTESIAN_POINT('Ctrl Pts',(7.78684306749732,11.469833279565,7.27656331903514));
#5002=CARTESIAN_POINT('Ctrl Pts',(7.78518543283292,11.4676693330222,7.24626825195115));
#5003=CARTESIAN_POINT('Ctrl Pts',(7.78435083808822,11.4666076553636,7.23111952495924));
#5004=CARTESIAN_POINT('Ctrl Pts',(7.78351039864738,11.4655665198307,7.21596958984003));
#5005=CARTESIAN_POINT('Ctrl Pts',(7.78266406586211,11.4645461415113,7.2008184329901));
#5006=CARTESIAN_POINT('Ctrl Pts',(7.64117189962764,11.500116071965,7.81650418106202));
#5007=CARTESIAN_POINT('Ctrl Pts',(7.64080900997208,11.4994003050653,7.80894057143933));
#5008=CARTESIAN_POINT('Ctrl Pts',(7.64044614425116,11.4986837842845,7.80137701914787));
#5009=CARTESIAN_POINT('Ctrl Pts',(7.64008329888368,11.4979665040366,7.79381352487304));
#5010=CARTESIAN_POINT('Ctrl Pts',(7.63935756570654,11.4965307728411,7.77868663079147));
#5011=CARTESIAN_POINT('Ctrl Pts',(7.63863160904827,11.4950932577313,7.76355989149683));
#5012=CARTESIAN_POINT('Ctrl Pts',(7.63826853959251,11.4943741964953,7.75599655182144));
#5013=CARTESIAN_POINT('Ctrl Pts',(7.63754215378401,11.4929357206019,7.74086991696169));
#5014=CARTESIAN_POINT('Ctrl Pts',(7.63681513220044,11.4914971074007,7.72574333622042));
#5015=CARTESIAN_POINT('Ctrl Pts',(7.63645142714208,11.4907779079983,7.71818005071894));
#5016=CARTESIAN_POINT('Ctrl Pts',(7.63572355336092,11.4893400284183,7.70305347073523));
#5017=CARTESIAN_POINT('Ctrl Pts',(7.63499460172859,11.4879038003763,7.6879268351012));
#5018=CARTESIAN_POINT('Ctrl Pts',(7.63462981878585,11.4871862526604,7.68036349394005));
#5019=CARTESIAN_POINT('Ctrl Pts',(7.63353443551676,11.485035770565,7.65767337198747));
#5020=CARTESIAN_POINT('Ctrl Pts',(7.63243561534493,11.4828931368681,7.63498287059095));
#5021=CARTESIAN_POINT('Ctrl Pts',(7.63170124426029,11.4814694174161,7.61985562623713));
#5022=CARTESIAN_POINT('Ctrl Pts',(7.63022827858704,11.4786337447861,7.58960050527722));
#5023=CARTESIAN_POINT('Ctrl Pts',(7.62874575533492,11.475826183314,7.5593438374187));
#5024=CARTESIAN_POINT('Ctrl Pts',(7.62800182656864,11.4744305754975,7.54421504613589));
#5025=CARTESIAN_POINT('Ctrl Pts',(7.62650809815859,11.4716579283744,7.51395641160148));
#5026=CARTESIAN_POINT('Ctrl Pts',(7.6250015847558,11.4689267703856,7.48369540384688));
#5027=CARTESIAN_POINT('Ctrl Pts',(7.62424487098243,11.4675726517682,7.4685642393398));
#5028=CARTESIAN_POINT('Ctrl Pts',(7.62272402248948,11.4648894654767,7.43830045699793));
#5029=CARTESIAN_POINT('Ctrl Pts',(7.62118733860164,11.4622605993246,7.40803350577659));
#5030=CARTESIAN_POINT('Ctrl Pts',(7.62041478950677,11.4609608004967,7.3928991724124));
#5031=CARTESIAN_POINT('Ctrl Pts',(7.61886078975626,11.4583925620486,7.36262865985209));
#5032=CARTESIAN_POINT('Ctrl Pts',(7.61728802788419,11.4558912074116,7.33235419515822));
#5033=CARTESIAN_POINT('Ctrl Pts',(7.61649671791434,11.4546582863984,7.3172159100443));
#5034=CARTESIAN_POINT('Ctrl Pts',(7.61490375864879,11.4522300775343,7.28693710120041));
#5035=CARTESIAN_POINT('Ctrl Pts',(7.61328929503267,11.4498807809664,7.25665358614785));
#5036=CARTESIAN_POINT('Ctrl Pts',(7.61247653017914,11.448726535159,7.24151060999619));
#5037=CARTESIAN_POINT('Ctrl Pts',(7.611657869407,11.4475943679367,7.22636630882875));
#5038=CARTESIAN_POINT('Ctrl Pts',(7.61083325942705,11.4464844914851,7.2112206696069));
#5039=CARTESIAN_POINT('Ctrl Pts',(7.38258314156604,11.4773929941122,7.83182323554039));
#5040=CARTESIAN_POINT('Ctrl Pts',(7.3822172704668,11.4766793980845,7.82425965851507));
#5041=CARTESIAN_POINT('Ctrl Pts',(7.38185180811119,11.4759634160363,7.81669624031181));
#5042=CARTESIAN_POINT('Ctrl Pts',(7.38148674547427,11.4752450726678,7.80913297961498));
#5043=CARTESIAN_POINT('Ctrl Pts',(7.38075738553912,11.4738037865698,7.79400676591637));
#5044=CARTESIAN_POINT('Ctrl Pts',(7.3800294242205,11.4723538524306,7.77888113353476));
#5045=CARTESIAN_POINT('Ctrl Pts',(7.37966576051231,11.4716268595227,7.77131845425085));
#5046=CARTESIAN_POINT('Ctrl Pts',(7.37893897770322,11.4701692080865,7.75619334538496));
#5047=CARTESIAN_POINT('Ctrl Pts',(7.37821310633376,11.4687049938038,7.74106868793424));
#5048=CARTESIAN_POINT('Ctrl Pts',(7.37785035374595,11.467971439569,7.73350645996837));
#5049=CARTESIAN_POINT('Ctrl Pts',(7.37712512357823,11.4665018321393,7.71838218085497));
#5050=CARTESIAN_POINT('Ctrl Pts',(7.37640026295565,11.4650280089419,7.70325820649641));
#5051=CARTESIAN_POINT('Ctrl Pts',(7.37603787986197,11.4642902391813,7.69569628326994));
#5052=CARTESIAN_POINT('Ctrl Pts',(7.37495073750152,11.4620749396336,7.67301066893246));
#5053=CARTESIAN_POINT('Ctrl Pts',(7.37386321585964,11.4598554047993,7.650325412129));
#5054=CARTESIAN_POINT('Ctrl Pts',(7.37313767715058,11.4583753757811,7.63520197002571));
#5055=CARTESIAN_POINT('Ctrl Pts',(7.37168485501271,11.4554176626682,7.6049550216469));
#5056=CARTESIAN_POINT('Ctrl Pts',(7.37022718206455,11.4524705676061,7.57470757398013));
#5057=CARTESIAN_POINT('Ctrl Pts',(7.36949679245812,11.4510011570319,7.55958363256404));
#5058=CARTESIAN_POINT('Ctrl Pts',(7.36803224103936,11.4480735182149,7.52933513244389));
#5059=CARTESIAN_POINT('Ctrl Pts',(7.36655883440196,11.4451739974721,7.49908503702319));
#5060=CARTESIAN_POINT('Ctrl Pts',(7.3658195895598,11.443732705033,7.48395950030294));
#5061=CARTESIAN_POINT('Ctrl Pts',(7.3643353718109,11.4408699017172,7.45370727019594));
#5062=CARTESIAN_POINT('Ctrl Pts',(7.36283841798271,11.4380523472555,7.42345236921289));
#5063=CARTESIAN_POINT('Ctrl Pts',(7.36208643709989,11.4366563034567,7.40832416163069));
#5064=CARTESIAN_POINT('Ctrl Pts',(7.36057483212032,11.4338925243952,7.37806605328374));
#5065=CARTESIAN_POINT('Ctrl Pts',(7.35904667228907,11.4311910799259,7.34780419774314));
#5066=CARTESIAN_POINT('Ctrl Pts',(7.35827813736317,11.4298573667929,7.33267224321918));
#5067=CARTESIAN_POINT('Ctrl Pts',(7.35673151952825,11.4272268577102,7.30240609735578));
#5068=CARTESIAN_POINT('Ctrl Pts',(7.35516456596501,11.4246758489478,7.27213511908955));
#5069=CARTESIAN_POINT('Ctrl Pts',(7.35437567663526,11.4234217255437,7.25699832644264));
#5070=CARTESIAN_POINT('Ctrl Pts',(7.35358115780914,11.4221899642962,7.24186016829394));
#5071=CARTESIAN_POINT('Ctrl Pts',(7.35278096164582,11.4209807374539,7.22672063437962));
#5072=CARTESIAN_POINT('Ctrl Pts',(7.1240872466597,11.4541871206574,7.8471737201759));
#5073=CARTESIAN_POINT('Ctrl Pts',(7.12371420762772,11.4534992814705,7.8396086159421));
#5074=CARTESIAN_POINT('Ctrl Pts',(7.12334180552733,11.4528081544921,7.83204372556158));
#5075=CARTESIAN_POINT('Ctrl Pts',(7.1229700332411,11.4521137552764,7.82447904830049));
#5076=CARTESIAN_POINT('Ctrl Pts',(7.12222769034613,11.4507186582403,7.80935010473197));
#5077=CARTESIAN_POINT('Ctrl Pts',(7.12148761067882,11.4493115773674,7.79422194463947));
#5078=CARTESIAN_POINT('Ctrl Pts',(7.12111810153314,11.4486051947267,7.78665805082811));
#5079=CARTESIAN_POINT('Ctrl Pts',(7.12038006355078,11.4471871068161,7.77153061290092));
#5080=CARTESIAN_POINT('Ctrl Pts',(7.11964381979857,11.44575911877,7.75640382741971));
#5081=CARTESIAN_POINT('Ctrl Pts',(7.11927610476769,11.4450428365665,7.74884058601741));
#5082=CARTESIAN_POINT('Ctrl Pts',(7.11854140243619,11.443606082341,7.73371438151204));
#5083=CARTESIAN_POINT('Ctrl Pts',(7.11780798491266,11.4421617155005,7.71858868523802));
#5084=CARTESIAN_POINT('Ctrl Pts',(7.11744155464335,11.4414378209101,7.71102595205239));
#5085=CARTESIAN_POINT('Ctrl Pts',(7.11634297179661,11.4392615766984,7.68833806121372));
#5086=CARTESIAN_POINT('Ctrl Pts',(7.11524613394392,11.4370733513984,7.66565098935579));
#5087=CARTESIAN_POINT('Ctrl Pts',(7.11451534730071,11.4356107217936,7.65052654345301));
#5088=CARTESIAN_POINT('Ctrl Pts',(7.11305398970249,11.4326807964634,7.62027800257604));
#5089=CARTESIAN_POINT('Ctrl Pts',(7.11159174139463,11.4297474291906,7.59002979288062));
#5090=CARTESIAN_POINT('Ctrl Pts',(7.11086006402379,11.4282813578323,7.57490567814583));
#5091=CARTESIAN_POINT('Ctrl Pts',(7.10939494137144,11.4253533749714,7.54465724435583));
#5092=CARTESIAN_POINT('Ctrl Pts',(7.10792493522057,11.4224396758405,7.51440802718957));
#5093=CARTESIAN_POINT('Ctrl Pts',(7.10718837444507,11.4209878878792,7.49928312909822));
#5094=CARTESIAN_POINT('Ctrl Pts',(7.10571145126853,11.4180974642118,7.46903256368617));
#5095=CARTESIAN_POINT('Ctrl Pts',(7.10422551468961,11.4152395720954,7.43878006872559));
#5096=CARTESIAN_POINT('Ctrl Pts',(7.10347994070315,11.413820314875,7.42365324113608));
#5097=CARTESIAN_POINT('Ctrl Pts',(7.10198285706901,11.4110043780727,7.39339822473109));
#5098=CARTESIAN_POINT('Ctrl Pts',(7.1004724226413,11.4082401596858,7.36314007319016));
#5099=CARTESIAN_POINT('Ctrl Pts',(7.09971349948252,11.4068726131912,7.34801011095573));
#5100=CARTESIAN_POINT('Ctrl Pts',(7.09818747577644,11.4041700583887,7.31774819870336));
#5101=CARTESIAN_POINT('Ctrl Pts',(7.09664367183013,11.4015389501611,7.28748190960014));
#5102=CARTESIAN_POINT('Ctrl Pts',(7.09586698500555,11.4002427707768,7.27234757560059));
#5103=CARTESIAN_POINT('Ctrl Pts',(7.0950851303568,11.3989676992749,7.25721194264943));
#5104=CARTESIAN_POINT('Ctrl Pts',(7.09429808378069,11.3977137740321,7.24207500935665));
#5105=CARTESIAN_POINT('Ctrl Pts',(7.03794176186853,11.4463505409261,7.85229712035837));
#5106=CARTESIAN_POINT('Ctrl Pts',(7.03756576593861,11.4456743319477,7.84473130757574));
#5107=CARTESIAN_POINT('Ctrl Pts',(7.03719041791645,11.4449947866142,7.83716571168292));
#5108=CARTESIAN_POINT('Ctrl Pts',(7.03681570457864,11.4443119400248,7.82960033082742));
#5109=CARTESIAN_POINT('Ctrl Pts',(7.03606754315411,11.4429397084485,7.81446999448907));
#5110=CARTESIAN_POINT('Ctrl Pts',(7.03532183905494,11.44155480517,7.79934048224385));
#5111=CARTESIAN_POINT('Ctrl Pts',(7.03494958352488,11.4408592852691,7.79177592557482));
#5112=CARTESIAN_POINT('Ctrl Pts',(7.0342061928415,11.4394624511956,7.77664718933188));
#5113=CARTESIAN_POINT('Ctrl Pts',(7.03346487382889,11.4380547845449,7.76151915966349));
#5114=CARTESIAN_POINT('Ctrl Pts',(7.03309468996479,11.4373484325205,7.75395530953407));
#5115=CARTESIAN_POINT('Ctrl Pts',(7.03235518197872,11.4359310938488,7.73882791341045));
#5116=CARTESIAN_POINT('Ctrl Pts',(7.03161722112601,11.4345052555388,7.72370107709621));
#5117=CARTESIAN_POINT('Ctrl Pts',(7.0312485841508,11.4337904046923,7.7161377867288));
#5118=CARTESIAN_POINT('Ctrl Pts',(7.0301435788285,11.4316406190037,7.69344826354073));
#5119=CARTESIAN_POINT('Ctrl Pts',(7.02904092548755,11.4294767824409,7.67075968000183));
#5120=CARTESIAN_POINT('Ctrl Pts',(7.02830654460088,11.4280294446939,7.65563428276379));
#5121=CARTESIAN_POINT('Ctrl Pts',(7.02683860186147,11.4251280334258,7.62538396011265));
#5122=CARTESIAN_POINT('Ctrl Pts',(7.02537102735976,11.4222188399166,7.59513422259485));
#5123=CARTESIAN_POINT('Ctrl Pts',(7.02463701514926,11.4207637187677,7.5800094105515));
#5124=CARTESIAN_POINT('Ctrl Pts',(7.02316789906027,11.417855281176,7.54975972039978));
#5125=CARTESIAN_POINT('Ctrl Pts',(7.02169527377786,11.4149563144718,7.51950952990114));
#5126=CARTESIAN_POINT('Ctrl Pts',(7.0209577524525,11.4135106639415,7.50438421752661));
#5127=CARTESIAN_POINT('Ctrl Pts',(7.01947960846499,11.4106300364206,7.47413296980368));
#5128=CARTESIAN_POINT('Ctrl Pts',(7.01799383151479,11.4077770365904,7.44388008219565));
#5129=CARTESIAN_POINT('Ctrl Pts',(7.01724867819711,11.406359009555,7.42875313019842));
#5130=CARTESIAN_POINT('Ctrl Pts',(7.01575308864437,11.4035432041198,7.39849800271302));
#5131=CARTESIAN_POINT('Ctrl Pts',(7.01424541799382,11.4007745587105,7.3682400101786));
#5132=CARTESIAN_POINT('Ctrl Pts',(7.01348817753348,11.3994037172872,7.3531101915403));
#5133=CARTESIAN_POINT('Ctrl Pts',(7.01196619768264,11.3966920436405,7.3228487180899));
#5134=CARTESIAN_POINT('Ctrl Pts',(7.01042783795943,11.3940465125228,7.29258318731369));
#5135=CARTESIAN_POINT('Ctrl Pts',(7.0096542806734,11.3927415421231,7.27744932831387));
#5136=CARTESIAN_POINT('Ctrl Pts',(7.00887553807468,11.3914578898198,7.2623141549826));
#5137=CARTESIAN_POINT('Ctrl Pts',(7.00809163500286,11.3901953651481,7.24717768051386));
#5138=CARTESIAN_POINT('Ctrl Pts',(6.86570331933468,11.4303982581441,7.86256216801926));
#5139=CARTESIAN_POINT('Ctrl Pts',(6.86531972481823,11.4297533853584,7.85499442102287));
#5140=CARTESIAN_POINT('Ctrl Pts',(6.86493686801068,11.429104985433,7.84742689980594));
#5141=CARTESIAN_POINT('Ctrl Pts',(6.86455474787167,11.4284530532436,7.83985960483851));
#5142=CARTESIAN_POINT('Ctrl Pts',(6.86379189454904,11.4271424343832,7.82472544899241));
#5143=CARTESIAN_POINT('Ctrl Pts',(6.86303164269921,11.425818985786,7.80959211988469));
#5144=CARTESIAN_POINT('Ctrl Pts',(6.86265212364068,11.4251542249785,7.80202565159448));
#5145=CARTESIAN_POINT('Ctrl Pts',(6.86189422565687,11.4238189571874,7.78689308698373));
#5146=CARTESIAN_POINT('Ctrl Pts',(6.86113849339105,11.4224727574927,7.77176123029522));
#5147=CARTESIAN_POINT('Ctrl Pts',(6.86076113961242,11.4217970663777,7.76419546983201));
#5148=CARTESIAN_POINT('Ctrl Pts',(6.86000740720166,11.4204407624879,7.74906426765546));
#5149=CARTESIAN_POINT('Ctrl Pts',(6.8592555206325,11.4190751466102,7.73393366855993));
#5150=CARTESIAN_POINT('Ctrl Pts',(6.85888001287664,11.418390143075,7.72636851119944));
#5151=CARTESIAN_POINT('Ctrl Pts',(6.85775471624526,11.4163289455211,7.70367343986746));
#5152=CARTESIAN_POINT('Ctrl Pts',(6.8566328524271,11.4142503964637,7.6809794930613));
#5153=CARTESIAN_POINT('Ctrl Pts',(6.85588624888727,11.4128580617075,7.66585062580739));
#5154=CARTESIAN_POINT('Ctrl Pts',(6.8543951974792,11.410062280418,7.63559361473763));
#5155=CARTESIAN_POINT('Ctrl Pts',(6.85290747648636,11.4072488007846,7.60533776343991));
#5156=CARTESIAN_POINT('Ctrl Pts',(6.85216420307172,11.4058387685224,7.59021005591193));
#5157=CARTESIAN_POINT('Ctrl Pts',(6.85067829833626,11.4030145073312,7.55995492652728));
#5158=CARTESIAN_POINT('Ctrl Pts',(6.84919246723068,11.4001871442303,7.52970003697035));
#5159=CARTESIAN_POINT('Ctrl Pts',(6.8484492679007,11.3987740084715,7.51457256936344));
#5160=CARTESIAN_POINT('Ctrl Pts',(6.84696162332092,11.3959517309331,7.48431740760296));
#5161=CARTESIAN_POINT('Ctrl Pts',(6.84546997803387,11.3931438207642,7.45406139633008));
#5162=CARTESIAN_POINT('Ctrl Pts',(6.84472277761579,11.3917450544121,7.43893307907724));
#5163=CARTESIAN_POINT('Ctrl Pts',(6.84322479899735,11.3889613421915,7.40867560790851));
#5164=CARTESIAN_POINT('Ctrl Pts',(6.84171785469563,11.3862128797199,7.37841599125708));
#5165=CARTESIAN_POINT('Ctrl Pts',(6.84096170096734,11.3848493090838,7.36328553190881));
#5166=CARTESIAN_POINT('Ctrl Pts',(6.83944292348318,11.3821481759501,7.33302301974362));
#5167=CARTESIAN_POINT('Ctrl Pts',(6.83790934904862,11.3795069521431,7.30275682942185));
#5168=CARTESIAN_POINT('Ctrl Pts',(6.83713834107083,11.378203532479,7.28762267689545));
#5169=CARTESIAN_POINT('Ctrl Pts',(6.83636325047033,11.3769167078349,7.27248750443878));
#5170=CARTESIAN_POINT('Ctrl Pts',(6.83558404529484,11.3756464984567,7.25735131261883));
#5171=CARTESIAN_POINT('Ctrl Pts',(6.69361458910867,11.4136781917141,7.87287706345241));
#5172=CARTESIAN_POINT('Ctrl Pts',(6.69322105222836,11.4130767335298,7.86530659732239));
#5173=CARTESIAN_POINT('Ctrl Pts',(6.6928280055848,11.4124728612288,7.85773628672338));
#5174=CARTESIAN_POINT('Ctrl Pts',(6.69243541976185,11.4118666576303,7.85016612715304));
#5175=CARTESIAN_POINT('Ctrl Pts',(6.69165117310793,11.4106496150886,7.83502610772746));
#5176=CARTESIAN_POINT('Ctrl Pts',(6.69086878873538,11.409423385611,7.81988668040276));
#5177=CARTESIAN_POINT('Ctrl Pts',(6.69047806545322,11.4088079942361,7.81231711298155));
#5178=CARTESIAN_POINT('Ctrl Pts',(6.68969755401174,11.4075727432648,7.79717826418095));
#5179=CARTESIAN_POINT('Ctrl Pts',(6.68891888109592,11.4063287971848,7.78203997078017));
#5180=CARTESIAN_POINT('Ctrl Pts',(6.68852999672832,11.4057047098385,7.77447095880026));
#5181=CARTESIAN_POINT('Ctrl Pts',(6.68775311099692,11.404452441807,7.75933319515416));
#5182=CARTESIAN_POINT('Ctrl Pts',(6.68697795846738,11.40319221902,7.74419593625663));
#5183=CARTESIAN_POINT('Ctrl Pts',(6.6865908071005,11.4025601775823,7.73662742898692));
#5184=CARTESIAN_POINT('Ctrl Pts',(6.68543060809668,11.400658415272,7.71392226317255));
#5185=CARTESIAN_POINT('Ctrl Pts',(6.6842741235922,11.3987401508143,7.69121813665767));
#5186=CARTESIAN_POINT('Ctrl Pts',(6.68350473988605,11.397454339498,7.67608248872391));
#5187=CARTESIAN_POINT('Ctrl Pts',(6.68196911052426,11.394869387927,7.64581202328866));
#5188=CARTESIAN_POINT('Ctrl Pts',(6.68043946483444,11.3922593816291,7.61554311337041));
#5189=CARTESIAN_POINT('Ctrl Pts',(6.67967606529294,11.3909485146701,7.60040902099238));
#5190=CARTESIAN_POINT('Ctrl Pts',(6.67815190090513,11.3883160318751,7.57014149929441));
#5191=CARTESIAN_POINT('Ctrl Pts',(6.67663232804968,11.3856649015636,7.53987512686393));
#5192=CARTESIAN_POINT('Ctrl Pts',(6.67587352015282,11.3843353865336,7.52474218378923));
#5193=CARTESIAN_POINT('Ctrl Pts',(6.67435739340253,11.3816703392761,7.49447666845315));
#5194=CARTESIAN_POINT('Ctrl Pts',(6.67284292935344,11.378998457829,7.46421157727181));
#5195=CARTESIAN_POINT('Ctrl Pts',(6.67208578627667,11.3776620996253,7.44907905891089));
#5196=CARTESIAN_POINT('Ctrl Pts',(6.67057081844873,11.3749919145201,7.41881387166957));
#5197=CARTESIAN_POINT('Ctrl Pts',(6.66905247333474,11.3723345942731,7.38854790976379));
#5198=CARTESIAN_POINT('Ctrl Pts',(6.66829194633068,11.371011130968,7.37341461483851));
#5199=CARTESIAN_POINT('Ctrl Pts',(6.66676712926111,11.3683785979324,7.34314715571361));
#5200=CARTESIAN_POINT('Ctrl Pts',(6.6652323752711,11.3657841235657,7.3128773964323));
#5201=CARTESIAN_POINT('Ctrl Pts',(6.66446198464219,11.3644984043595,7.29774182098798));
#5202=CARTESIAN_POINT('Ctrl Pts',(6.66368737647514,11.3632291113264,7.28260524747858));
#5203=CARTESIAN_POINT('Ctrl Pts',(6.66290879568041,11.3619749643793,7.26746775942935));
#5204=CARTESIAN_POINT('Ctrl Pts',(6.60782494019818,11.404468492509,7.87808380019729));
#5205=CARTESIAN_POINT('Ctrl Pts',(6.60742889768635,11.4038825166422,7.87051229620438));
#5206=CARTESIAN_POINT('Ctrl Pts',(6.60702836016358,11.4033090315246,7.8629401172065));
#5207=CARTESIAN_POINT('Ctrl Pts',(6.6066227366148,11.4027497783132,7.85536716674356));
#5208=CARTESIAN_POINT('Ctrl Pts',(6.60580438343819,11.4016507793769,7.84022021733597));
#5209=CARTESIAN_POINT('Ctrl Pts',(6.60497868259353,11.4005706964191,7.82507228162156));
#5210=CARTESIAN_POINT('Ctrl Pts',(6.60456571229154,11.4000303579733,7.81749834488529));
#5211=CARTESIAN_POINT('Ctrl Pts',(6.60374241012141,11.3989406369701,7.8023510011279));
#5212=CARTESIAN_POINT('Ctrl Pts',(6.60292626854211,11.3978274219195,7.78720501300985));
#5213=CARTESIAN_POINT('Ctrl Pts',(6.60252050444886,11.3972634539942,7.77963243943944));
#5214=CARTESIAN_POINT('Ctrl Pts',(6.60171300981769,11.3961226467462,7.76448802760646));
#5215=CARTESIAN_POINT('Ctrl Pts',(6.60091210266259,11.3949607061489,7.74934482533174));
#5216=CARTESIAN_POINT('Ctrl Pts',(6.6005129171855,11.394375630902,7.74177345987929));
#5217=CARTESIAN_POINT('Ctrl Pts',(6.59931794080433,11.3926118324112,7.71905986018837));
#5218=CARTESIAN_POINT('Ctrl Pts',(6.5981292790846,11.390826597212,7.69634751144286));
#5219=CARTESIAN_POINT('Ctrl Pts',(6.59733834070789,11.389630858711,7.68120628062511));
#5220=CARTESIAN_POINT('Ctrl Pts',(6.5957634330154,11.387215410766,7.65092522421676));
#5221=CARTESIAN_POINT('Ctrl Pts',(6.59420166076118,11.3847540219418,7.6206468756415));
#5222=CARTESIAN_POINT('Ctrl Pts',(6.59342400247881,11.3835118711241,7.60550837979279));
#5223=CARTESIAN_POINT('Ctrl Pts',(6.59187225199541,11.3810146745515,7.57523215603748));
#5224=CARTESIAN_POINT('Ctrl Pts',(6.59032804931081,11.3784890084281,7.54495764933697));
#5225=CARTESIAN_POINT('Ctrl Pts',(6.58955782407023,11.3772188497059,7.52982084217456));
#5226=CARTESIAN_POINT('Ctrl Pts',(6.58802441774195,11.3746494121027,7.49954902918079));
#5227=CARTESIAN_POINT('Ctrl Pts',(6.58650645348651,11.3720157129414,7.46928119797056));
#5228=CARTESIAN_POINT('Ctrl Pts',(6.58575182100648,11.3706806205135,7.45414841496047));
#5229=CARTESIAN_POINT('Ctrl Pts',(6.58424743631078,11.3679920811637,7.42388395453525));
#5230=CARTESIAN_POINT('Ctrl Pts',(6.58275860676496,11.3652405447719,7.39362336879628));
#5231=CARTESIAN_POINT('Ctrl Pts',(6.58201890015568,11.3638452754913,7.37849428251849));
#5232=CARTESIAN_POINT('Ctrl Pts',(6.58056528499177,11.3609399571147,7.34824334028611));
#5233=CARTESIAN_POINT('Ctrl Pts',(6.57913585681944,11.3579203217304,7.31799970255615));
#5234=CARTESIAN_POINT('Ctrl Pts',(6.57842286138083,11.3563998965251,7.30287859748255));
#5235=CARTESIAN_POINT('Ctrl Pts',(6.57767134563062,11.3550438220995,7.28774724861688));
#5236=CARTESIAN_POINT('Ctrl Pts',(6.57688507221395,11.3538352305183,7.27260672034623));
#5237=CARTESIAN_POINT('Ctrl Pts',(6.52153628999524,11.3966032844144,7.88321887300709));
#5238=CARTESIAN_POINT('Ctrl Pts',(6.52113515308607,11.3960397556285,7.87564596020451));
#5239=CARTESIAN_POINT('Ctrl Pts',(6.52073618534601,11.3954693893529,7.86807343636291));
#5240=CARTESIAN_POINT('Ctrl Pts',(6.52033930990249,11.3948924474728,7.86050128617157));
#5241=CARTESIAN_POINT('Ctrl Pts',(6.51954833057156,11.3937297115121,7.84535749181281));
#5242=CARTESIAN_POINT('Ctrl Pts',(6.51876003366363,11.3925580237042,7.83021421718373));
#5243=CARTESIAN_POINT('Ctrl Pts',(6.51836584302092,11.3919721220642,7.82264258718111));
#5244=CARTESIAN_POINT('Ctrl Pts',(6.51757615342299,11.3908039860529,7.80749912819151));
#5245=CARTESIAN_POINT('Ctrl Pts',(6.51678312981524,11.3896454450408,7.79235514264161));
#5246=CARTESIAN_POINT('Ctrl Pts',(6.51638558669957,11.3890691951198,7.78478298288326));
#5247=CARTESIAN_POINT('Ctrl Pts',(6.51558890620715,11.3879213193567,7.76963840875376));
#5248=CARTESIAN_POINT('Ctrl Pts',(6.51479034553809,11.3867787073545,7.75449354909798));
#5249=CARTESIAN_POINT('Ctrl Pts',(6.51439092231181,11.3862077212115,7.74692110380758));
#5250=CARTESIAN_POINT('Ctrl Pts',(6.51319331736747,11.3844923925255,7.72420390850335));
#5251=CARTESIAN_POINT('Ctrl Pts',(6.51199901562621,11.3827660397104,7.70148735303145));
#5252=CARTESIAN_POINT('Ctrl Pts',(6.51120554185632,11.3816064429136,7.68634347931638));
#5253=CARTESIAN_POINT('Ctrl Pts',(6.5096195579399,11.3792840971039,7.65605591352301));
#5254=CARTESIAN_POINT('Ctrl Pts',(6.50803423266883,11.3769589026052,7.62576852585202));
#5255=CARTESIAN_POINT('Ctrl Pts',(6.5072413078574,11.3757968154087,7.61062480962015));
#5256=CARTESIAN_POINT('Ctrl Pts',(6.50565744210484,11.3734645064044,7.58033787934196));
#5257=CARTESIAN_POINT('Ctrl Pts',(6.50407727246912,11.3711179336234,7.55005181521182));
#5258=CARTESIAN_POINT('Ctrl Pts',(6.50328813423026,11.3699412111629,7.53490898808045));
#5259=CARTESIAN_POINT('Ctrl Pts',(6.50170888537277,11.3675932882959,7.50462296803392));
#5260=CARTESIAN_POINT('Ctrl Pts',(6.50012960727485,11.3652470411215,7.47433681928844));
#5261=CARTESIAN_POINT('Ctrl Pts',(6.49934027789626,11.3640727156063,7.4591938180109));
#5262=CARTESIAN_POINT('Ctrl Pts',(6.49776823596363,11.3616938527618,7.42890973047767));
#5263=CARTESIAN_POINT('Ctrl Pts',(6.49620290987248,11.3592850182866,7.39862753277146));
#5264=CARTESIAN_POINT('Ctrl Pts',(6.49542061039926,11.3580792322137,7.38348651651076));
#5265=CARTESIAN_POINT('Ctrl Pts',(6.49384147403517,11.3557363077298,7.3532000998306));
#5266=CARTESIAN_POINT('Ctrl Pts',(6.49223806702242,11.3535047035267,7.32290662110926));
#5267=CARTESIAN_POINT('Ctrl Pts',(6.49143042962575,11.3524149444947,7.30775824699738));
#5268=CARTESIAN_POINT('Ctrl Pts',(6.49063212393175,11.3512796927593,7.29261279906895));
#5269=CARTESIAN_POINT('Ctrl Pts',(6.48984462887772,11.3500916958147,7.27747074443142));
#5270=CARTESIAN_POINT('Ctrl Pts',(6.43579826741965,11.386984672821,7.88845401365674));
#5271=CARTESIAN_POINT('Ctrl Pts',(6.43538960129852,11.3864508081488,7.88087929053532));
#5272=CARTESIAN_POINT('Ctrl Pts',(6.43498351718813,11.3859091210887,7.87330500571135));
#5273=CARTESIAN_POINT('Ctrl Pts',(6.43457993167352,11.3853598937141,7.86573114273404));
#5274=CARTESIAN_POINT('Ctrl Pts',(6.43377659480667,11.384249892926,7.85058406218681));
#5275=CARTESIAN_POINT('Ctrl Pts',(6.43297829605008,11.3831247820281,7.83543782492645));
#5276=CARTESIAN_POINT('Ctrl Pts',(6.4325797506871,11.382560438107,7.82786480560225));
#5277=CARTESIAN_POINT('Ctrl Pts',(6.4317826065713,11.3814320070325,7.81271875049325));
#5278=CARTESIAN_POINT('Ctrl Pts',(6.43098422695806,11.380307515592,7.79757247035036));
#5279=CARTESIAN_POINT('Ctrl Pts',(6.43058443030107,11.3797471592977,7.78999922330024));
#5280=CARTESIAN_POINT('Ctrl Pts',(6.42978370077578,11.3786299769899,7.77485252947321));
#5281=CARTESIAN_POINT('Ctrl Pts',(6.42898132534697,11.3775179248551,7.7597055450646));
#5282=CARTESIAN_POINT('Ctrl Pts',(6.42857988194537,11.3769627013791,7.75213200728252));
#5283=CARTESIAN_POINT('Ctrl Pts',(6.42737547287794,11.3752973353011,7.7294113754672));
#5284=CARTESIAN_POINT('Ctrl Pts',(6.42617171961818,11.3736302018272,7.70669083793191));
#5285=CARTESIAN_POINT('Ctrl Pts',(6.42537039774031,11.3725153082539,7.69154400514793));
#5286=CARTESIAN_POINT('Ctrl Pts',(6.42376744402178,11.3702870717246,7.66125023936447));
#5287=CARTESIAN_POINT('Ctrl Pts',(6.42216289417865,11.368064598702,7.63095613042408));
#5288=CARTESIAN_POINT('Ctrl Pts',(6.42135991901063,11.3669556582754,7.61580894349944));
#5289=CARTESIAN_POINT('Ctrl Pts',(6.41975410869413,11.3647367830559,7.58551463786656));
#5290=CARTESIAN_POINT('Ctrl Pts',(6.41814838328416,11.3625175558502,7.55522035409597));
#5291=CARTESIAN_POINT('Ctrl Pts',(6.41734554342338,11.3614080572766,7.54007320175713));
#5292=CARTESIAN_POINT('Ctrl Pts',(6.41573814706843,11.3591969419341,7.50977839686762));
#5293=CARTESIAN_POINT('Ctrl Pts',(6.41412872658474,11.3569946862958,7.47948303599789));
#5294=CARTESIAN_POINT('Ctrl Pts',(6.41332378302382,11.3558944038096,7.46433530519281));
#5295=CARTESIAN_POINT('Ctrl Pts',(6.41171692732138,11.3536793029328,7.43404077511018));
#5296=CARTESIAN_POINT('Ctrl Pts',(6.41011193903197,11.3514550415935,7.40374683495709));
#5297=CARTESIAN_POINT('Ctrl Pts',(6.40930907218264,11.3503446184459,7.38859975657307));
#5298=CARTESIAN_POINT('Ctrl Pts',(6.40769404315867,11.3481674133245,7.3583028160797));
#5299=CARTESIAN_POINT('Ctrl Pts',(6.40607256158744,11.3460208224486,7.32800391805927));
#5300=CARTESIAN_POINT('Ctrl Pts',(6.40526260954576,11.3449438258524,7.31285470505508));
#5301=CARTESIAN_POINT('Ctrl Pts',(6.40446625465979,11.3438040677704,7.29770947966638));
#5302=CARTESIAN_POINT('Ctrl Pts',(6.4036844899704,11.3425964021849,7.28256857717039));
#5303=CARTESIAN_POINT('Ctrl Pts',(7.9944506769816,14.7810491454137,6.90510117817625));
#5304=CARTESIAN_POINT('Ctrl Pts',(7.99488727004566,14.7819827413116,6.9170209600383));
#5305=CARTESIAN_POINT('Ctrl Pts',(7.99532386310972,14.7829163372095,6.92894074190035));
#5306=CARTESIAN_POINT('Ctrl Pts',(7.99576045617377,14.7838499331074,6.9408605237624));
#5307=CARTESIAN_POINT('Ctrl Pts',(7.99619704923783,14.7847835290053,6.95278030562444));
#5308=CARTESIAN_POINT('Ctrl Pts',(7.99663364230189,14.7857171249032,6.96470008748649));
#5309=CARTESIAN_POINT('Ctrl Pts',(8.00099957294248,14.7950530838821,7.08389790610697));
#5310=CARTESIAN_POINT('Ctrl Pts',(8.00489293328896,14.8060055593297,7.20298275630961));
#5311=CARTESIAN_POINT('Ctrl Pts',(8.00897155584297,14.8160594850618,7.32213285917185));
#5312=CARTESIAN_POINT('Ctrl Pts',(8.01338574170785,14.8254854618377,7.4413221986676));
#5313=CARTESIAN_POINT('Ctrl Pts',(8.01722664556485,14.8363486032929,7.56041584300118));
#5314=CARTESIAN_POINT('Ctrl Pts',(8.01764914498912,14.837543548853,7.57351614387787));
#5315=CARTESIAN_POINT('Ctrl Pts',(8.01807164441339,14.8387384944131,7.58661644475456));
#5316=CARTESIAN_POINT('Ctrl Pts',(8.01849414383766,14.8399334399731,7.59971674563126));
#5317=CARTESIAN_POINT('Ctrl Pts',(8.01891664326193,14.8411283855332,7.61281704650795));
#5318=CARTESIAN_POINT('Ctrl Pts',(8.0193391426862,14.8423233310933,7.62591734738464));
#5319=CARTESIAN_POINT('Ctrl Pts',(7.70564640364849,14.9493967580384,6.90200070743982));
#5320=CARTESIAN_POINT('Ctrl Pts',(7.70608357640223,14.9503336950987,6.91392978610009));
#5321=CARTESIAN_POINT('Ctrl Pts',(7.70652074915597,14.9512706321589,6.92585886476036));
#5322=CARTESIAN_POINT('Ctrl Pts',(7.70695792190971,14.9522075692191,6.93778794342063));
#5323=CARTESIAN_POINT('Ctrl Pts',(7.70739509466345,14.9531445062794,6.9497170220809));
#5324=CARTESIAN_POINT('Ctrl Pts',(7.70783226741719,14.9540814433396,6.96164610074117));
#5325=CARTESIAN_POINT('Ctrl Pts',(7.7122039949546,14.963450813942,7.08093688734387));
#5326=CARTESIAN_POINT('Ctrl Pts',(7.71619734878063,14.9741141860237,7.20013724748759));
#5327=CARTESIAN_POINT('Ctrl Pts',(7.72033890353084,14.984058326383,7.31938984167088));
#5328=CARTESIAN_POINT('Ctrl Pts',(7.7247489705918,14.9934998425462,7.43867384486995));
#5329=CARTESIAN_POINT('Ctrl Pts',(7.7287000472404,15.0040917944132,7.55788124833597));
#5330=CARTESIAN_POINT('Ctrl Pts',(7.72913466567175,15.0052569091186,7.57099406271723));
#5331=CARTESIAN_POINT('Ctrl Pts',(7.7295692841031,15.006422023824,7.58410687709849));
#5332=CARTESIAN_POINT('Ctrl Pts',(7.73000390253445,15.0075871385294,7.59721969147976));
#5333=CARTESIAN_POINT('Ctrl Pts',(7.73043852096579,15.0087522532347,7.61033250586102));
#5334=CARTESIAN_POINT('Ctrl Pts',(7.73087313939714,15.0099173679401,7.62344532024228));
#5335=CARTESIAN_POINT('Ctrl Pts',(7.41684213031539,15.1177443706631,6.89890023670339));
#5336=CARTESIAN_POINT('Ctrl Pts',(7.41727988275881,15.1186846488857,6.91083861216188));
#5337=CARTESIAN_POINT('Ctrl Pts',(7.41771763520223,15.1196249271083,6.92277698762037));
#5338=CARTESIAN_POINT('Ctrl Pts',(7.41815538764565,15.1205652053309,6.93471536307887));
#5339=CARTESIAN_POINT('Ctrl Pts',(7.41859314008908,15.1215054835535,6.94665373853736));
#5340=CARTESIAN_POINT('Ctrl Pts',(7.4190308925325,15.1224457617761,6.95859211399585));
#5341=CARTESIAN_POINT('Ctrl Pts',(7.42340841696673,15.1318485440019,7.07797586858077));
#5342=CARTESIAN_POINT('Ctrl Pts',(7.42750176427229,15.1422228127178,7.19729173866558));
#5343=CARTESIAN_POINT('Ctrl Pts',(7.4317062512187,15.1520571677043,7.31664682416991));
#5344=CARTESIAN_POINT('Ctrl Pts',(7.43611219947574,15.1615142232547,7.43602549107229));
#5345=CARTESIAN_POINT('Ctrl Pts',(7.44017344891596,15.1718349855335,7.55534665367076));
#5346=CARTESIAN_POINT('Ctrl Pts',(7.44062018635438,15.1729702693842,7.56847198155659));
#5347=CARTESIAN_POINT('Ctrl Pts',(7.44106692379281,15.1741055532349,7.58159730944242));
#5348=CARTESIAN_POINT('Ctrl Pts',(7.44151366123123,15.1752408370856,7.59472263732826));
#5349=CARTESIAN_POINT('Ctrl Pts',(7.44196039866965,15.1763761209363,7.60784796521409));
#5350=CARTESIAN_POINT('Ctrl Pts',(7.44240713610808,15.1775114047869,7.62097329309992));
#5351=CARTESIAN_POINT('Ctrl Pts',(7.12803785698228,15.2860919832879,6.89579976596696));
#5352=CARTESIAN_POINT('Ctrl Pts',(7.12847618911539,15.2870356026728,6.90774743822367));
#5353=CARTESIAN_POINT('Ctrl Pts',(7.12891452124849,15.2879792220577,6.91969511048039));
#5354=CARTESIAN_POINT('Ctrl Pts',(7.1293528533816,15.2889228414427,6.9316427827371));
#5355=CARTESIAN_POINT('Ctrl Pts',(7.1297911855147,15.2898664608276,6.94359045499382));
#5356=CARTESIAN_POINT('Ctrl Pts',(7.1302295176478,15.2908100802125,6.95553812725053));
#5357=CARTESIAN_POINT('Ctrl Pts',(7.13461283897885,15.3002462740618,7.07501484981767));
#5358=CARTESIAN_POINT('Ctrl Pts',(7.13880617976395,15.3103314394118,7.19444622984356));
#5359=CARTESIAN_POINT('Ctrl Pts',(7.14307359890656,15.3200560090256,7.31390380666893));
#5360=CARTESIAN_POINT('Ctrl Pts',(7.14747542835969,15.3295286039631,7.43337713727464));
#5361=CARTESIAN_POINT('Ctrl Pts',(7.15164685059151,15.3395781766539,7.55281205900555));
#5362=CARTESIAN_POINT('Ctrl Pts',(7.15210570703701,15.3406836296498,7.56594990039596));
#5363=CARTESIAN_POINT('Ctrl Pts',(7.15256456348252,15.3417890826458,7.57908774178636));
#5364=CARTESIAN_POINT('Ctrl Pts',(7.15302341992802,15.3428945356418,7.59222558317676));
#5365=CARTESIAN_POINT('Ctrl Pts',(7.15348227637352,15.3439999886378,7.60536342456716));
#5366=CARTESIAN_POINT('Ctrl Pts',(7.15394113281902,15.3451054416338,7.61850126595756));
#5367=CARTESIAN_POINT('Ctrl Pts',(6.83923358364918,15.4544395959126,6.89269929523053));
#5368=CARTESIAN_POINT('Ctrl Pts',(6.83967249547196,15.4553865564599,6.90465626428546));
#5369=CARTESIAN_POINT('Ctrl Pts',(6.84011140729475,15.4563335170072,6.9166132333404));
#5370=CARTESIAN_POINT('Ctrl Pts',(6.84055031911754,15.4572804775544,6.92857020239534));
#5371=CARTESIAN_POINT('Ctrl Pts',(6.84098923094032,15.4582274381017,6.94052717145027));
#5372=CARTESIAN_POINT('Ctrl Pts',(6.84142814276311,15.459174398649,6.95248414050521));
#5373=CARTESIAN_POINT('Ctrl Pts',(6.84581726099097,15.4686440041217,7.07205383105457));
#5374=CARTESIAN_POINT('Ctrl Pts',(6.85011059525562,15.4784400661059,7.19160072102154));
#5375=CARTESIAN_POINT('Ctrl Pts',(6.85444094659443,15.4880548503469,7.31116078916796));
#5376=CARTESIAN_POINT('Ctrl Pts',(6.85883865724363,15.4975429846716,7.43072878347699));
#5377=CARTESIAN_POINT('Ctrl Pts',(6.86312025226707,15.5073213677742,7.55027746434035));
#5378=CARTESIAN_POINT('Ctrl Pts',(6.86359122771965,15.5083969899155,7.56342781923532));
#5379=CARTESIAN_POINT('Ctrl Pts',(6.86406220317222,15.5094726120567,7.57657817413029));
#5380=CARTESIAN_POINT('Ctrl Pts',(6.8645331786248,15.510548234198,7.58972852902526));
#5381=CARTESIAN_POINT('Ctrl Pts',(6.86500415407738,15.5116238563393,7.60287888392023));
#5382=CARTESIAN_POINT('Ctrl Pts',(6.86547512952996,15.5126994784806,7.6160292388152));
#5383=CARTESIAN_POINT('Ctrl Pts',(6.55042931031607,15.6227872085373,6.8895988244941));
#5384=CARTESIAN_POINT('Ctrl Pts',(6.55086880182854,15.6237375102469,6.90156509034725));
#5385=CARTESIAN_POINT('Ctrl Pts',(6.55130829334101,15.6246878119566,6.91353135620041));
#5386=CARTESIAN_POINT('Ctrl Pts',(6.55174778485348,15.6256381136662,6.92549762205357));
#5387=CARTESIAN_POINT('Ctrl Pts',(6.55218727636595,15.6265884153758,6.93746388790673));
#5388=CARTESIAN_POINT('Ctrl Pts',(6.55262676787841,15.6275387170854,6.94943015375989));
#5389=CARTESIAN_POINT('Ctrl Pts',(6.5570216830031,15.6370417341816,7.06909281229147));
#5390=CARTESIAN_POINT('Ctrl Pts',(6.56141501074728,15.6465486927999,7.18875521219953));
#5391=CARTESIAN_POINT('Ctrl Pts',(6.56580829428229,15.6560536916682,7.30841777166699));
#5392=CARTESIAN_POINT('Ctrl Pts',(6.57020188612758,15.6655573653801,7.42808042967934));
#5393=CARTESIAN_POINT('Ctrl Pts',(6.57459365394262,15.6750645588945,7.54774286967514));
#5394=CARTESIAN_POINT('Ctrl Pts',(6.57507674840228,15.6761103501811,7.56090573807468));
#5395=CARTESIAN_POINT('Ctrl Pts',(6.57555984286193,15.6771561414677,7.57406860647422));
#5396=CARTESIAN_POINT('Ctrl Pts',(6.57604293732159,15.6782019327542,7.58723147487376));
#5397=CARTESIAN_POINT('Ctrl Pts',(6.57652603178124,15.6792477240408,7.60039434327329));
#5398=CARTESIAN_POINT('Ctrl Pts',(6.5770091262409,15.6802935153274,7.61355721167283));
#5399=CARTESIAN_POINT('Ctrl Pts',(5.17544512740296,16.424282636284,6.87483762247663));
#5400=CARTESIAN_POINT('Ctrl Pts',(5.17588737879198,16.4252488451176,6.88684814996885));
#5401=CARTESIAN_POINT('Ctrl Pts',(5.17632963018101,16.4262150539512,6.89885867746108));
#5402=CARTESIAN_POINT('Ctrl Pts',(5.17677188157003,16.4271812627847,6.9108692049533));
#5403=CARTESIAN_POINT('Ctrl Pts',(5.17721413295906,16.4281474716183,6.92287973244552));
#5404=CARTESIAN_POINT('Ctrl Pts',(5.17765638434808,16.4291136804519,6.93489025993775));
#5405=CARTESIAN_POINT('Ctrl Pts',(5.18207889823834,16.4387757687877,7.05499553485999));
#5406=CARTESIAN_POINT('Ctrl Pts',(5.1869482904506,16.4469063192571,7.17520787241311));
#5407=CARTESIAN_POINT('Ctrl Pts',(5.19164119134712,16.4558886348931,7.29535838845994));
#5408=CARTESIAN_POINT('Ctrl Pts',(5.19601517375182,16.46546629093,7.41547173611499));
#5409=CARTESIAN_POINT('Ctrl Pts',(5.20093146928282,16.473682362987,7.53567577823451));
#5410=CARTESIAN_POINT('Ctrl Pts',(5.20147226179123,16.4745861309132,7.54889822286765));
#5411=CARTESIAN_POINT('Ctrl Pts',(5.20201305429964,16.4754898988395,7.5621206675008));
#5412=CARTESIAN_POINT('Ctrl Pts',(5.20255384680805,16.4763936667658,7.57534311213395));
#5413=CARTESIAN_POINT('Ctrl Pts',(5.20309463931646,16.477297434692,7.5885655567671));
#5414=CARTESIAN_POINT('Ctrl Pts',(5.20363543182487,16.4782012026183,7.60178800140024));
#5415=CARTESIAN_POINT('Ctrl Pts',(5.0327262298719,14.9474559893439,6.99456448191579));
#5416=CARTESIAN_POINT('Ctrl Pts',(5.03288899132018,14.9487699905687,7.00625532572864));
#5417=CARTESIAN_POINT('Ctrl Pts',(5.03305175276846,14.9500839917935,7.01794616954149));
#5418=CARTESIAN_POINT('Ctrl Pts',(5.03321451421673,14.9513979930183,7.02963701335434));
#5419=CARTESIAN_POINT('Ctrl Pts',(5.03337727566501,14.9527119942432,7.04132785716719));
#5420=CARTESIAN_POINT('Ctrl Pts',(5.03354003711328,14.954025995468,7.05301870098004));
#5421=CARTESIAN_POINT('Ctrl Pts',(5.03516765159604,14.9671660077162,7.16992713910855));
#5422=CARTESIAN_POINT('Ctrl Pts',(5.03757254019658,14.977419717363,7.28703965522783));
#5423=CARTESIAN_POINT('Ctrl Pts',(5.03967653505064,14.9892795022842,7.40403449991912));
#5424=CARTESIAN_POINT('Ctrl Pts',(5.04121531222733,15.0022593350204,7.52095811626129));
#5425=CARTESIAN_POINT('Ctrl Pts',(5.04370843490867,15.0126750099668,7.63805497701409));
#5426=CARTESIAN_POINT('Ctrl Pts',(5.04398267840361,15.0138207342109,7.65093563169689));
#5427=CARTESIAN_POINT('Ctrl Pts',(5.04425692189856,15.014966458455,7.6638162863797));
#5428=CARTESIAN_POINT('Ctrl Pts',(5.04453116539351,15.0161121826991,7.67669694106251));
#5429=CARTESIAN_POINT('Ctrl Pts',(5.04480540888845,15.0172579069432,7.68957759574532));
#5430=CARTESIAN_POINT('Ctrl Pts',(5.0450796523834,15.0184036311873,7.70245825042812));
#5431=CARTESIAN_POINT('Ctrl Pts',(0.958683575762872,12.9038825147251,7.3042508116352));
#5432=CARTESIAN_POINT('Ctrl Pts',(0.959045021100376,12.9048047526361,7.3162180325586));
#5433=CARTESIAN_POINT('Ctrl Pts',(0.95940646643788,12.9057269905471,7.32818525348199));
#5434=CARTESIAN_POINT('Ctrl Pts',(0.959767911775384,12.9066492284581,7.34015247440539));
#5435=CARTESIAN_POINT('Ctrl Pts',(0.960129357112889,12.907571466369,7.35211969532878));
#5436=CARTESIAN_POINT('Ctrl Pts',(0.960490802450393,12.90849370428,7.36408691625218));
#5437=CARTESIAN_POINT('Ctrl Pts',(0.964105255825435,12.9177160833899,7.48375912548612));
#5438=CARTESIAN_POINT('Ctrl Pts',(0.968318779597905,12.9241238614511,7.60363600169225));
#5439=CARTESIAN_POINT('Ctrl Pts',(0.972315002586063,12.9321004406111,7.72339529508576));
#5440=CARTESIAN_POINT('Ctrl Pts',(0.97584609183348,12.9411650550696,7.84308225774165));
#5441=CARTESIAN_POINT('Ctrl Pts',(0.980142171667993,12.9477337578473,7.96294384908054));
#5442=CARTESIAN_POINT('Ctrl Pts',(0.980614740449789,12.9484563151528,7.97612862412782));
#5443=CARTESIAN_POINT('Ctrl Pts',(0.981087309231585,12.9491788724584,7.9893133991751));
#5444=CARTESIAN_POINT('Ctrl Pts',(0.981559878013382,12.9499014297639,8.00249817422238));
#5445=CARTESIAN_POINT('Ctrl Pts',(0.982032446795178,12.9506239870695,8.01568294926966));
#5446=CARTESIAN_POINT('Ctrl Pts',(0.982505015576974,12.951346544375,8.02886772431694));
#5447=CARTESIAN_POINT('Ctrl Pts',(6.32278139283071,9.01261031885382,7.42887583268922));
#5448=CARTESIAN_POINT('Ctrl Pts',(6.32315548628424,9.01371091005829,7.44096264510304));
#5449=CARTESIAN_POINT('Ctrl Pts',(6.32352957973778,9.01481150126276,7.45304945751686));
#5450=CARTESIAN_POINT('Ctrl Pts',(6.32390367319132,9.01591209246723,7.46513626993068));
#5451=CARTESIAN_POINT('Ctrl Pts',(6.32427776664485,9.0170126836717,7.47722308234451));
#5452=CARTESIAN_POINT('Ctrl Pts',(6.32465186009839,9.01811327487617,7.48930989475833));
#5453=CARTESIAN_POINT('Ctrl Pts',(6.32839279463375,9.02911918692086,7.61017801889655));
#5454=CARTESIAN_POINT('Ctrl Pts',(6.3322304711867,9.03864094922404,7.73116187048));
#5455=CARTESIAN_POINT('Ctrl Pts',(6.33605828503343,9.04899377906642,7.85207980390063));
#5456=CARTESIAN_POINT('Ctrl Pts',(6.33975921940249,9.05991475388041,7.97295563178694));
#5457=CARTESIAN_POINT('Ctrl Pts',(6.34363508731222,9.0695259078238,8.09393138668447));
#5458=CARTESIAN_POINT('Ctrl Pts',(6.34406143278229,9.07058313475758,8.1072387197232));
#5459=CARTESIAN_POINT('Ctrl Pts',(6.34448777825236,9.07164036169135,8.12054605276193));
#5460=CARTESIAN_POINT('Ctrl Pts',(6.34491412372244,9.07269758862512,8.13385338580065));
#5461=CARTESIAN_POINT('Ctrl Pts',(6.34534046919251,9.0737548155589,8.14716071883938));
#5462=CARTESIAN_POINT('Ctrl Pts',(6.34576681466258,9.07481204249267,8.16046805187811));
#5463=CARTESIAN_POINT('Ctrl Pts',(6.84087608017225,13.5570368834481,7.03995959339294));
#5464=CARTESIAN_POINT('Ctrl Pts',(6.84140943423823,13.557819541672,7.05172258847858));
#5465=CARTESIAN_POINT('Ctrl Pts',(6.84194278830421,13.5586021998958,7.06348558356421));
#5466=CARTESIAN_POINT('Ctrl Pts',(6.84247614237019,13.5593848581197,7.07524857864985));
#5467=CARTESIAN_POINT('Ctrl Pts',(6.84300949643618,13.5601675163436,7.08701157373548));
#5468=CARTESIAN_POINT('Ctrl Pts',(6.84354285050216,13.5609501745675,7.09877456882112));
#5469=CARTESIAN_POINT('Ctrl Pts',(6.84887639116198,13.5687767568064,7.21640451967747));
#5470=CARTESIAN_POINT('Ctrl Pts',(6.85409107572979,13.5762306388287,7.33406863350704));
#5471=CARTESIAN_POINT('Ctrl Pts',(6.85937153036969,13.5838961974175,7.45171360544938));
#5472=CARTESIAN_POINT('Ctrl Pts',(6.86469726673119,13.5917012085327,7.56934538879565));
#5473=CARTESIAN_POINT('Ctrl Pts',(6.86991772750977,13.5991814339298,7.68700738914049));
#5474=CARTESIAN_POINT('Ctrl Pts',(6.87049197819542,13.6000042587235,7.69995020917842));
#5475=CARTESIAN_POINT('Ctrl Pts',(6.87106622888106,13.6008270835171,7.71289302921635));
#5476=CARTESIAN_POINT('Ctrl Pts',(6.8716404795667,13.6016499083108,7.72583584925428));
#5477=CARTESIAN_POINT('Ctrl Pts',(6.87221473025235,13.6024727331045,7.73877866929221));
#5478=CARTESIAN_POINT('Ctrl Pts',(6.87278898093799,13.6032955578982,7.75172148933015));
#5479=CARTESIAN_POINT('Ctrl Pts',(7.1774837359414,13.7985493834929,7.01146746286353));
#5480=CARTESIAN_POINT('Ctrl Pts',(7.1780190686615,13.7994717736284,7.02340314367993));
#5481=CARTESIAN_POINT('Ctrl Pts',(7.1785544013816,13.8003941637639,7.03533882449633));
#5482=CARTESIAN_POINT('Ctrl Pts',(7.17908973410171,13.8013165538994,7.04727450531272));
#5483=CARTESIAN_POINT('Ctrl Pts',(7.17962506682181,13.8022389440349,7.05921018612912));
#5484=CARTESIAN_POINT('Ctrl Pts',(7.18016039954191,13.8031613341704,7.07114586694552));
#5485=CARTESIAN_POINT('Ctrl Pts',(7.18551372674295,13.8123852355255,7.19050267510949));
#5486=CARTESIAN_POINT('Ctrl Pts',(7.19080257370043,13.8215456679553,7.30986688142389));
#5487=CARTESIAN_POINT('Ctrl Pts',(7.1961235096757,13.8307437419345,7.42922698424145));
#5488=CARTESIAN_POINT('Ctrl Pts',(7.20147575338888,13.8399651705546,7.54858399688564));
#5489=CARTESIAN_POINT('Ctrl Pts',(7.20676398472633,13.8491326156032,7.66794773740713));
#5490=CARTESIAN_POINT('Ctrl Pts',(7.20734569017344,13.8501410345586,7.68107774886449));
#5491=CARTESIAN_POINT('Ctrl Pts',(7.20792739562056,13.8511494535139,7.69420776032186));
#5492=CARTESIAN_POINT('Ctrl Pts',(7.20850910106768,13.8521578724693,7.70733777177922));
#5493=CARTESIAN_POINT('Ctrl Pts',(7.2090908065148,13.8531662914246,7.72046778323658));
#5494=CARTESIAN_POINT('Ctrl Pts',(7.20967251196192,13.85417471038,7.73359779469395));
#5495=CARTESIAN_POINT('Ctrl Pts',(7.18494705021118,14.509743872182,6.95482493246266));
#5496=CARTESIAN_POINT('Ctrl Pts',(7.18544967791141,14.5106580052352,6.96673090911732));
#5497=CARTESIAN_POINT('Ctrl Pts',(7.18595230561164,14.5115721382884,6.97863688577199));
#5498=CARTESIAN_POINT('Ctrl Pts',(7.18645493331187,14.5124862713416,6.99054286242665));
#5499=CARTESIAN_POINT('Ctrl Pts',(7.1869575610121,14.5134004043947,7.00244883908132));
#5500=CARTESIAN_POINT('Ctrl Pts',(7.18746018871233,14.5143145374479,7.01435481573598));
#5501=CARTESIAN_POINT('Ctrl Pts',(7.19248646571462,14.5234558679796,7.13341458228262));
#5502=CARTESIAN_POINT('Ctrl Pts',(7.19751282791491,14.5325982498975,7.2524742677329));
#5503=CARTESIAN_POINT('Ctrl Pts',(7.20253878530358,14.5417411689377,7.37153392925422));
#5504=CARTESIAN_POINT('Ctrl Pts',(7.20756434125682,14.5508846976155,7.4905935629327));
#5505=CARTESIAN_POINT('Ctrl Pts',(7.21258997779223,14.5600292289673,7.60965311823283));
#5506=CARTESIAN_POINT('Ctrl Pts',(7.21314279781112,14.5610351274159,7.62274966931584));
#5507=CARTESIAN_POINT('Ctrl Pts',(7.21369561783002,14.5620410258646,7.63584622039885));
#5508=CARTESIAN_POINT('Ctrl Pts',(7.21424843784891,14.5630469243133,7.64894277148187));
#5509=CARTESIAN_POINT('Ctrl Pts',(7.21480125786781,14.564052822762,7.66203932256488));
#5510=CARTESIAN_POINT('Ctrl Pts',(7.2153540778867,14.5650587212107,7.6751358736479));
#5511=CARTESIAN_POINT('Ctrl Pts',(7.1864972338882,14.6574640468521,6.94305987435599));
#5512=CARTESIAN_POINT('Ctrl Pts',(7.18699306852222,14.6583764648503,6.95495968124412));
#5513=CARTESIAN_POINT('Ctrl Pts',(7.18748890315624,14.6592888828485,6.96685948813224));
#5514=CARTESIAN_POINT('Ctrl Pts',(7.18798473779026,14.6602013008467,6.97875929502036));
#5515=CARTESIAN_POINT('Ctrl Pts',(7.18848057242429,14.6611137188449,6.99065910190849));
#5516=CARTESIAN_POINT('Ctrl Pts',(7.18897640705831,14.6620261368431,7.00255890879661));
#5517=CARTESIAN_POINT('Ctrl Pts',(7.19393475339852,14.671150316825,7.12155697767785));
#5518=CARTESIAN_POINT('Ctrl Pts',(7.19890659564006,14.6802889495227,7.24055341196976));
#5519=CARTESIAN_POINT('Ctrl Pts',(7.20387128386955,14.6894204124881,7.3595506696881));
#5520=CARTESIAN_POINT('Ctrl Pts',(7.20882898444184,14.6985477607915,7.4785485356315));
#5521=CARTESIAN_POINT('Ctrl Pts',(7.21380007816141,14.7076875328048,7.59754490948866));
#5522=CARTESIAN_POINT('Ctrl Pts',(7.21434689847056,14.7086929077263,7.61063451061294));
#5523=CARTESIAN_POINT('Ctrl Pts',(7.21489371877971,14.7096982826478,7.62372411173723));
#5524=CARTESIAN_POINT('Ctrl Pts',(7.21544053908886,14.7107036575692,7.63681371286152));
#5525=CARTESIAN_POINT('Ctrl Pts',(7.21598735939802,14.7117090324907,7.6499033139858));
#5526=CARTESIAN_POINT('Ctrl Pts',(7.21653417970717,14.7127144074121,7.66299291511009));
#5527=CARTESIAN_POINT('Ctrl Pts',(7.18804741756522,14.8051842215221,6.93129481624933));
#5528=CARTESIAN_POINT('Ctrl Pts',(7.18853645913303,14.8060949244653,6.94318845337091));
#5529=CARTESIAN_POINT('Ctrl Pts',(7.18902550070085,14.8070056274086,6.95508209049249));
#5530=CARTESIAN_POINT('Ctrl Pts',(7.18951454226866,14.8079163303518,6.96697572761408));
#5531=CARTESIAN_POINT('Ctrl Pts',(7.19000358383647,14.808827033295,6.97886936473566));
#5532=CARTESIAN_POINT('Ctrl Pts',(7.19049262540428,14.8097377362382,6.99076300185724));
#5533=CARTESIAN_POINT('Ctrl Pts',(7.19538304108242,14.8188447656704,7.10969937307308));
#5534=CARTESIAN_POINT('Ctrl Pts',(7.20030036336522,14.8279796491479,7.22863255620663));
#5535=CARTESIAN_POINT('Ctrl Pts',(7.20520378243552,14.8370996560386,7.34756741012197));
#5536=CARTESIAN_POINT('Ctrl Pts',(7.21009362762686,14.8462108239676,7.46650350833031));
#5537=CARTESIAN_POINT('Ctrl Pts',(7.21501017853059,14.8553458366424,7.58543670074449));
#5538=CARTESIAN_POINT('Ctrl Pts',(7.21555099913,14.8563506880366,7.59851935191005));
#5539=CARTESIAN_POINT('Ctrl Pts',(7.21609181972941,14.8573555394309,7.61160200307561));
#5540=CARTESIAN_POINT('Ctrl Pts',(7.21663264032882,14.8583603908251,7.62468465424117));
#5541=CARTESIAN_POINT('Ctrl Pts',(7.21717346092823,14.8593652422193,7.63776730540672));
#5542=CARTESIAN_POINT('Ctrl Pts',(7.21771428152763,14.8603700936136,7.65084995657228));
#5543=CARTESIAN_POINT('Ctrl Pts',(7.18959760124223,14.9529043961922,6.91952975814266));
#5544=CARTESIAN_POINT('Ctrl Pts',(7.19007984974384,14.9538133840804,6.9314172254977));
#5545=CARTESIAN_POINT('Ctrl Pts',(7.19056209824545,14.9547223719687,6.94330469285275));
#5546=CARTESIAN_POINT('Ctrl Pts',(7.19104434674705,14.9556313598569,6.95519216020779));
#5547=CARTESIAN_POINT('Ctrl Pts',(7.19152659524866,14.9565403477451,6.96707962756283));
#5548=CARTESIAN_POINT('Ctrl Pts',(7.19200884375026,14.9574493356334,6.97896709491788));
#5549=CARTESIAN_POINT('Ctrl Pts',(7.19683132876631,14.9665392145158,7.09784176846832));
#5550=CARTESIAN_POINT('Ctrl Pts',(7.20169413109037,14.975670348773,7.21671170044349));
#5551=CARTESIAN_POINT('Ctrl Pts',(7.2065362810015,14.984778899589,7.33558415055584));
#5552=CARTESIAN_POINT('Ctrl Pts',(7.21135827081189,14.9938738871437,7.45445848102912));
#5553=CARTESIAN_POINT('Ctrl Pts',(7.21622027889977,15.00300414048,7.57332849200032));
#5554=CARTESIAN_POINT('Ctrl Pts',(7.21675509978943,15.004008468347,7.58640419320715));
#5555=CARTESIAN_POINT('Ctrl Pts',(7.2172899206791,15.005012796214,7.59947989441398));
#5556=CARTESIAN_POINT('Ctrl Pts',(7.21782474156877,15.006017124081,7.61255559562081));
#5557=CARTESIAN_POINT('Ctrl Pts',(7.21835956245843,15.007021451948,7.62563129682765));
#5558=CARTESIAN_POINT('Ctrl Pts',(7.2188943833481,15.008025779815,7.63870699803448));
#5559=CARTESIAN_POINT('Ctrl Pts',(7.19114778491925,15.1006245708622,6.90776470003599));
#5560=CARTESIAN_POINT('Ctrl Pts',(7.19162324035465,15.1015318436955,6.91964599762449));
#5561=CARTESIAN_POINT('Ctrl Pts',(7.19209869579005,15.1024391165287,6.931527295213));
#5562=CARTESIAN_POINT('Ctrl Pts',(7.19257415122545,15.103346389362,6.9434085928015));
#5563=CARTESIAN_POINT('Ctrl Pts',(7.19304960666084,15.1042536621953,6.95528989039));
#5564=CARTESIAN_POINT('Ctrl Pts',(7.19352506209624,15.1051609350286,6.96717118797851));
#5565=CARTESIAN_POINT('Ctrl Pts',(7.19827961645021,15.1142336633612,7.08598416386355));
#5566=CARTESIAN_POINT('Ctrl Pts',(7.20308789881553,15.1233610483982,7.20479084468035));
#5567=CARTESIAN_POINT('Ctrl Pts',(7.20786877956747,15.1324581431395,7.32360089098971));
#5568=CARTESIAN_POINT('Ctrl Pts',(7.21262291399691,15.1415369503198,7.44241345372792));
#5569=CARTESIAN_POINT('Ctrl Pts',(7.21743037926895,15.1506624443176,7.56122028325615));
#5570=CARTESIAN_POINT('Ctrl Pts',(7.21795920044887,15.1516662486573,7.57428903450425));
#5571=CARTESIAN_POINT('Ctrl Pts',(7.2184880216288,15.1526700529971,7.58735778575236));
#5572=CARTESIAN_POINT('Ctrl Pts',(7.21901684280872,15.1536738573368,7.60042653700046));
#5573=CARTESIAN_POINT('Ctrl Pts',(7.21954566398864,15.1546776616766,7.61349528824857));
#5574=CARTESIAN_POINT('Ctrl Pts',(7.22007448516857,15.1556814660164,7.62656403949667));
#5575=CARTESIAN_POINT('Ctrl Pts',(7.19269796859627,15.2483447455323,6.89599964192932));
#5576=CARTESIAN_POINT('Ctrl Pts',(7.19316663096546,15.2492503033105,6.90787476975129));
#5577=CARTESIAN_POINT('Ctrl Pts',(7.19363529333465,15.2501558610888,6.91974989757325));
#5578=CARTESIAN_POINT('Ctrl Pts',(7.19410395570384,15.2510614188671,6.93162502539521));
#5579=CARTESIAN_POINT('Ctrl Pts',(7.19457261807303,15.2519669766454,6.94350015321718));
#5580=CARTESIAN_POINT('Ctrl Pts',(7.19504128044222,15.2528725344237,6.95537528103914));
#5581=CARTESIAN_POINT('Ctrl Pts',(7.19972790413411,15.2619281122067,7.07412655925879));
#5582=CARTESIAN_POINT('Ctrl Pts',(7.20448166654068,15.2710517480234,7.19286998891721));
#5583=CARTESIAN_POINT('Ctrl Pts',(7.20920127813345,15.2801373866899,7.31161763142359));
#5584=CARTESIAN_POINT('Ctrl Pts',(7.21388755718193,15.2892000134958,7.43036842642673));
#5585=CARTESIAN_POINT('Ctrl Pts',(7.21864047963813,15.2983207481551,7.54911207451198));
#5586=CARTESIAN_POINT('Ctrl Pts',(7.21916330110831,15.2993240289677,7.56217387580135));
#5587=CARTESIAN_POINT('Ctrl Pts',(7.21968612257849,15.3003273097802,7.57523567709073));
#5588=CARTESIAN_POINT('Ctrl Pts',(7.22020894404867,15.3013305905927,7.58829747838011));
#5589=CARTESIAN_POINT('Ctrl Pts',(7.22073176551885,15.3023338714052,7.60135927966949));
#5590=CARTESIAN_POINT('Ctrl Pts',(7.22125458698904,15.3033371522178,7.61442108095887));
#5591=CARTESIAN_POINT('Ctrl Pts',(5.5580448409738,15.0298236547652,7.63506004739293));
#5592=CARTESIAN_POINT('Ctrl Pts',(5.55407147964991,15.0201219527836,7.51517504336522));
#5593=CARTESIAN_POINT('Ctrl Pts',(5.55009901945463,15.0104205606037,7.39528998569016));
#5594=CARTESIAN_POINT('Ctrl Pts',(5.54612745980398,15.0007194795323,7.27540487428815));
#5595=CARTESIAN_POINT('Ctrl Pts',(5.54215680011191,14.9910187108665,7.15551970908227));
#5596=CARTESIAN_POINT('Ctrl Pts',(5.53818703978934,14.9813182559111,7.03563448999332));
#5597=CARTESIAN_POINT('Ctrl Pts',(5.12829037310767,14.7372900779832,7.67297314027204));
#5598=CARTESIAN_POINT('Ctrl Pts',(5.12616907077606,14.7275667781712,7.55308655048056));
#5599=CARTESIAN_POINT('Ctrl Pts',(5.12242656159781,14.7193379517027,7.43313430990995));
#5600=CARTESIAN_POINT('Ctrl Pts',(5.12060843114478,14.708740794951,7.31330697056031));
#5601=CARTESIAN_POINT('Ctrl Pts',(5.11713348205744,14.700486314446,7.19334845860631));
#5602=CARTESIAN_POINT('Ctrl Pts',(5.1144245380015,14.690581414128,7.07349547775403));
#5603=CARTESIAN_POINT('Ctrl Pts',(4.98657188512914,14.1638607680674,7.72234568897521));
#5604=CARTESIAN_POINT('Ctrl Pts',(4.97811483924901,14.154030068973,7.60291022583255));
#5605=CARTESIAN_POINT('Ctrl Pts',(4.96733140050884,14.1459821645399,7.4834080931099));
#5606=CARTESIAN_POINT('Ctrl Pts',(4.9591972009606,14.1350567818866,7.36404983552298));
#5607=CARTESIAN_POINT('Ctrl Pts',(4.94901855338623,14.1270641951272,7.24452348680795));
#5608=CARTESIAN_POINT('Ctrl Pts',(4.93964291924541,14.1169761138301,7.12513894093594));
#5609=CARTESIAN_POINT('Ctrl Pts',(4.72885147095804,13.8053487372909,7.76054639788734));
#5610=CARTESIAN_POINT('Ctrl Pts',(4.73177176371013,13.793574919087,7.6407960128715));
#5611=CARTESIAN_POINT('Ctrl Pts',(4.7324714932014,13.7831250037607,7.521010749979));
#5612=CARTESIAN_POINT('Ctrl Pts',(4.73558354478244,13.7704726514441,7.40132587062149));
#5613=CARTESIAN_POINT('Ctrl Pts',(4.73709233965965,13.760171901022,7.28150155299009));
#5614=CARTESIAN_POINT('Ctrl Pts',(4.73905856485596,13.7481558161757,7.16180252944839));
#5615=CARTESIAN_POINT('Ctrl Pts',(4.4847469601904,13.2527100776758,7.81490360733784));
#5616=CARTESIAN_POINT('Ctrl Pts',(4.48123126181212,13.2447113710016,7.69482835411716));
#5617=CARTESIAN_POINT('Ctrl Pts',(4.47630593903561,13.2372890914427,7.57475105740062));
#5618=CARTESIAN_POINT('Ctrl Pts',(4.47283108382288,13.2288483010024,7.4547117026205));
#5619=CARTESIAN_POINT('Ctrl Pts',(4.46858171545576,13.2215875353581,7.33459850489989));
#5620=CARTESIAN_POINT('Ctrl Pts',(4.46440710851982,13.2134364062806,7.21455784476993));
#5621=CARTESIAN_POINT('Ctrl Pts',(4.60833327352345,12.7557230618106,7.85072533624319));
#5622=CARTESIAN_POINT('Ctrl Pts',(4.60436783945361,12.7460042036055,7.73078076724221));
#5623=CARTESIAN_POINT('Ctrl Pts',(4.60040292276231,12.7362843418973,7.61083626397695));
#5624=CARTESIAN_POINT('Ctrl Pts',(4.59643852182996,12.7265634760077,7.4908918265693));
#5625=CARTESIAN_POINT('Ctrl Pts',(4.59247463503283,12.7168416052636,7.37094745513503));
#5626=CARTESIAN_POINT('Ctrl Pts',(4.58851126074868,12.7071187289943,7.25100314979545));
#5627=CARTESIAN_POINT('Ctrl Pts',(6.36440212874127,14.6558230812988,7.03215322555945));
#5628=CARTESIAN_POINT('Ctrl Pts',(6.36895597172269,14.6652718927745,7.1520289951739));
#5629=CARTESIAN_POINT('Ctrl Pts',(6.37350943621552,14.6747214649164,7.27190472023119));
#5630=CARTESIAN_POINT('Ctrl Pts',(6.37806252115555,14.6841717972961,7.39178040079941));
#5631=CARTESIAN_POINT('Ctrl Pts',(6.38261522547712,14.6936228894892,7.5116560369462));
#5632=CARTESIAN_POINT('Ctrl Pts',(6.38716754811758,14.7030747410637,7.63153162874012));
#5633=CARTESIAN_POINT('Ctrl Pts',(6.4777572458308,14.1547953505241,7.06756888854204));
#5634=CARTESIAN_POINT('Ctrl Pts',(6.48241504014993,14.1647321283906,7.1873821892442));
#5635=CARTESIAN_POINT('Ctrl Pts',(6.4871882127351,14.1748431845144,7.3071768762936));
#5636=CARTESIAN_POINT('Ctrl Pts',(6.49199018878963,14.184373952411,7.42701671804666));
#5637=CARTESIAN_POINT('Ctrl Pts',(6.49655752235815,14.1948053246535,7.54679422666877));
#5638=CARTESIAN_POINT('Ctrl Pts',(6.50141599192475,14.2044230325589,7.6666248285303));
#5639=CARTESIAN_POINT('Ctrl Pts',(6.1730911713651,13.6708952744431,7.11654098268902));
#5640=CARTESIAN_POINT('Ctrl Pts',(6.17844959741608,13.6795075541947,7.23646268618047));
#5641=CARTESIAN_POINT('Ctrl Pts',(6.18386046884121,13.6885127873586,7.35635151058492));
#5642=CARTESIAN_POINT('Ctrl Pts',(6.18963494050577,13.696383467878,7.47631514689984));
#5643=CARTESIAN_POINT('Ctrl Pts',(6.19464495875339,13.7059691911333,7.59617408113646));
#5644=CARTESIAN_POINT('Ctrl Pts',(6.20045985956102,13.7140464738973,7.71611992457097));
#5645=CARTESIAN_POINT('Ctrl Pts',(6.06500216298582,13.2267930348973,7.15584694889334));
#5646=CARTESIAN_POINT('Ctrl Pts',(6.06851220410795,13.2360795695812,7.27574343545487));
#5647=CARTESIAN_POINT('Ctrl Pts',(6.07195377326248,13.2458908385705,7.39560207702934));
#5648=CARTESIAN_POINT('Ctrl Pts',(6.07607904179545,13.2543036795926,7.51554260308572));
#5649=CARTESIAN_POINT('Ctrl Pts',(6.07902707074781,13.2647959446646,7.63536721740711));
#5650=CARTESIAN_POINT('Ctrl Pts',(6.08314786376999,13.2734920704699,7.75528600299907));
#5651=CARTESIAN_POINT('Ctrl Pts',(5.81025968743476,12.7530950278581,7.2031072076058));
#5652=CARTESIAN_POINT('Ctrl Pts',(5.81562324731438,12.7625017952927,7.32297049475832));
#5653=CARTESIAN_POINT('Ctrl Pts',(5.8208601386315,12.7723461318384,7.4428052664307));
#5654=CARTESIAN_POINT('Ctrl Pts',(5.82676581945594,12.7810821592361,7.56269936787161));
#5655=CARTESIAN_POINT('Ctrl Pts',(5.83161107313413,12.7914472839874,7.68250874674));
#5656=CARTESIAN_POINT('Ctrl Pts',(5.83748301340488,12.8004230778906,7.80238577281386));
#5657=CARTESIAN_POINT('Ctrl Pts',(5.42910126972323,12.4322741629019,7.24283134115288));
#5658=CARTESIAN_POINT('Ctrl Pts',(5.43374818341606,12.4416753745934,7.36272748673309));
#5659=CARTESIAN_POINT('Ctrl Pts',(5.43839365789504,12.4510759922884,7.48262373761992));
#5660=CARTESIAN_POINT('Ctrl Pts',(5.44303769162113,12.4604760188436,7.60252009362759));
#5661=CARTESIAN_POINT('Ctrl Pts',(5.44768028306398,12.4698754571121,7.72241655457289));
#5662=CARTESIAN_POINT('Ctrl Pts',(5.45232143070021,12.4792743099598,7.84231312026881));
#5663=CARTESIAN_POINT('Ctrl Pts',(-4.25656844673189,13.7683770273588,7.17647663274852));
#5664=CARTESIAN_POINT('Ctrl Pts',(-4.2599929546459,13.778255130686,7.29594376280572));
#5665=CARTESIAN_POINT('Ctrl Pts',(-4.26341746256024,13.7881332340129,7.41541089286329));
#5666=CARTESIAN_POINT('Ctrl Pts',(-4.26684197047401,13.7980113373402,7.53487802292016));
#5667=CARTESIAN_POINT('Ctrl Pts',(-4.27026647838829,13.8078894406672,7.65434515297771));
#5668=CARTESIAN_POINT('Ctrl Pts',(-4.27369098630233,13.8177675439943,7.77381228303492));
#5669=CARTESIAN_POINT('Ctrl Pts',(-3.76450623318871,13.9594647352398,7.17438173339493));
#5670=CARTESIAN_POINT('Ctrl Pts',(-3.76699679519538,13.9688747108371,7.29392834322147));
#5671=CARTESIAN_POINT('Ctrl Pts',(-3.76918196601861,13.9784058478564,7.41347015307911));
#5672=CARTESIAN_POINT('Ctrl Pts',(-3.77140866868931,13.9879261312595,7.53301209261772));
#5673=CARTESIAN_POINT('Ctrl Pts',(-3.77401844985208,13.9972751396126,7.65256176562086));
#5674=CARTESIAN_POINT('Ctrl Pts',(-3.77609496410427,14.0068522345257,7.77210157462572));
#5675=CARTESIAN_POINT('Ctrl Pts',(-3.2901748617528,13.9550915160207,7.18697368157532));
#5676=CARTESIAN_POINT('Ctrl Pts',(-3.2956876187442,13.9680928228233,7.30626739561009));
#5677=CARTESIAN_POINT('Ctrl Pts',(-3.30074254896827,13.9812758523968,7.42555390636298));
#5678=CARTESIAN_POINT('Ctrl Pts',(-3.30586003701128,13.994442581559,7.5448406083281));
#5679=CARTESIAN_POINT('Ctrl Pts',(-3.31155240287778,14.0073523775402,7.66413890725948));
#5680=CARTESIAN_POINT('Ctrl Pts',(-3.31644512849941,14.0206042821313,7.78342240699601));
#5681=CARTESIAN_POINT('Ctrl Pts',(-2.74766499511271,14.6007125665282,7.14002299640693));
#5682=CARTESIAN_POINT('Ctrl Pts',(-2.74729992862855,14.6086974702208,7.25998194188798));
#5683=CARTESIAN_POINT('Ctrl Pts',(-2.7464775553931,14.6168640579595,7.37993367743049));
#5684=CARTESIAN_POINT('Ctrl Pts',(-2.74571826007143,14.6250143053136,7.49988559756605));
#5685=CARTESIAN_POINT('Ctrl Pts',(-2.74553436274457,14.6329075782744,7.61984910820749));
#5686=CARTESIAN_POINT('Ctrl Pts',(-2.7445513454146,14.641142917385,7.73979781325888));
#5687=CARTESIAN_POINT('Ctrl Pts',(-2.89064510258424,15.1333966485924,7.09289026013351));
#5688=CARTESIAN_POINT('Ctrl Pts',(-2.89301684524134,15.1452159096104,7.21226778559893));
#5689=CARTESIAN_POINT('Ctrl Pts',(-2.8950847567631,15.1571562158764,7.33164049112547));
#5690=CARTESIAN_POINT('Ctrl Pts',(-2.89719576041687,15.1690855486059,7.45101330647543));
#5691=CARTESIAN_POINT('Ctrl Pts',(-2.89969140307669,15.1808434826485,7.5703938359088));
#5692=CARTESIAN_POINT('Ctrl Pts',(-2.90165533955117,15.1928293758709,7.68976448215828));
#5693=CARTESIAN_POINT('Ctrl Pts',(-3.07995332587416,15.6045673464447,7.04918390910921));
#5694=CARTESIAN_POINT('Ctrl Pts',(-3.08261555150587,15.6157478256092,7.16859968590344));
#5695=CARTESIAN_POINT('Ctrl Pts',(-3.08528037721808,15.6269281111501,7.28801542941475));
#5696=CARTESIAN_POINT('Ctrl Pts',(-3.08794780340391,15.6381081968244,7.40743113982944));
#5697=CARTESIAN_POINT('Ctrl Pts',(-3.09061783044693,15.6492880764368,7.52684681794296));
#5698=CARTESIAN_POINT('Ctrl Pts',(-3.09329045869842,15.660467743749,7.64626246408011));
#5699=UNCERTAINTY_MEASURE_WITH_UNIT(LENGTH_MEASURE(0.01),#5703,
'DISTANCE_ACCURACY_VALUE',
'Maximum model space distance between geometric entities at asserted c
onnectivities');
#5700=UNCERTAINTY_MEASURE_WITH_UNIT(LENGTH_MEASURE(0.01),#5703,
'DISTANCE_ACCURACY_VALUE',
'Maximum model space distance between geometric entities at asserted c
onnectivities');
#5701=(
GEOMETRIC_REPRESENTATION_CONTEXT(3)
GLOBAL_UNCERTAINTY_ASSIGNED_CONTEXT((#5699))
GLOBAL_UNIT_ASSIGNED_CONTEXT((#5703,#5705,#5706))
REPRESENTATION_CONTEXT('','3D')
);
#5702=(
GEOMETRIC_REPRESENTATION_CONTEXT(3)
GLOBAL_UNCERTAINTY_ASSIGNED_CONTEXT((#5700))
GLOBAL_UNIT_ASSIGNED_CONTEXT((#5703,#5705,#5706))
REPRESENTATION_CONTEXT('','3D')
);
#5703=(
LENGTH_UNIT()
NAMED_UNIT(*)
SI_UNIT(.MILLI.,.METRE.)
);
#5704=(
LENGTH_UNIT()
NAMED_UNIT(*)
SI_UNIT($,.METRE.)
);
#5705=(
NAMED_UNIT(*)
PLANE_ANGLE_UNIT()
SI_UNIT($,.RADIAN.)
);
#5706=(
NAMED_UNIT(*)
SI_UNIT($,.STERADIAN.)
SOLID_ANGLE_UNIT()
);
#5707=SHAPE_DEFINITION_REPRESENTATION(#5708,#5709);
#5708=PRODUCT_DEFINITION_SHAPE('',$,#5711);
#5709=SHAPE_REPRESENTATION('',(#1780),#5701);
#5710=PRODUCT_DEFINITION_CONTEXT('part definition',#5715,'design');
#5711=PRODUCT_DEFINITION('carriage_pulley','carriage_pulley v1',#5712,#5710);
#5712=PRODUCT_DEFINITION_FORMATION('',$,#5717);
#5713=PRODUCT_RELATED_PRODUCT_CATEGORY('carriage_pulley v1',
'carriage_pulley v1',(#5717));
#5714=APPLICATION_PROTOCOL_DEFINITION('international standard',
'automotive_design',2009,#5715);
#5715=APPLICATION_CONTEXT(
'Core Data for Automotive Mechanical Design Process');
#5716=PRODUCT_CONTEXT('part definition',#5715,'mechanical');
#5717=PRODUCT('carriage_pulley','carriage_pulley v1',$,(#5716));
#5718=PRESENTATION_STYLE_ASSIGNMENT((#5719));
#5719=SURFACE_STYLE_USAGE(.BOTH.,#5720);
#5720=SURFACE_SIDE_STYLE('',(#5721));
#5721=SURFACE_STYLE_FILL_AREA(#5722);
#5722=FILL_AREA_STYLE('Steel - Satin',(#5723));
#5723=FILL_AREA_STYLE_COLOUR('Steel - Satin',#5724);
#5724=COLOUR_RGB('Steel - Satin',0.627450980392157,0.627450980392157,0.627450980392157);
ENDSEC;
END-ISO-10303-21;
