ISO-10303-21;
HEADER;
/* Generated by software containing ST-Developer
 * from STEP Tools, Inc. (www.steptools.com) 
 */

FILE_DESCRIPTION(
/* description */ (''),
/* implementation_level */ '2;1');

FILE_NAME(
/* name */ 'PRT_carriage_centre_plate.step',
/* time_stamp */ '2026-10-02T15:52:33-04:00',
/* author */ (''),
/* organization */ (''),
/* preprocessor_version */ 'ST-DEVELOPER v20.2',
/* originating_system */ 'Autodesk Translation Framework v15.15.0.0',
/* authorisation */ '');

FILE_SCHEMA (('AUTOMOTIVE_DESIGN { 1 0 10303 214 3 1 1 }'));
ENDSEC;

DATA;
#10=MECHANICAL_DESIGN_GEOMETRIC_PRESENTATION_REPRESENTATION('',(#13),#3515);
#11=SHAPE_REPRESENTATION_RELATIONSHIP('SRR','None',#3522,#12);
#12=ADVANCED_BREP_SHAPE_REPRESENTATION('',(#14),#3514);
#13=STYLED_ITEM('',(#3531),#14);
#14=MANIFOLD_SOLID_BREP('carriage_center_plate',#1887);
#15=CONICAL_SURFACE('',#2037,2.75008247944473,0.349066042397325);
#16=CONICAL_SURFACE('',#2038,2.75004173684532,0.349067066626931);
#17=CONICAL_SURFACE('',#2051,2.75004744306776,0.349067671932477);
#18=CONICAL_SURFACE('',#2052,2.75003026235094,0.349066601715319);
#19=CONICAL_SURFACE('',#2059,2.75006273288321,0.349064643008603);
#20=CONICAL_SURFACE('',#2060,2.75008244107994,0.349065660503095);
#21=CONICAL_SURFACE('',#2061,2.75001806099338,0.349066239422568);
#22=CONICAL_SURFACE('',#2062,2.75002191699599,0.349065200552574);
#23=B_SPLINE_CURVE_WITH_KNOTS('',3,(#2789,#2790,#2791,#2792,#2793,#2794,
#2795,#2796,#2797,#2798,#2799,#2800,#2801,#2802,#2803,#2804,#2805,#2806,
#2807,#2808,#2809,#2810,#2811,#2812,#2813,#2814,#2815,#2816,#2817,#2818,
#2819,#2820,#2821,#2822),.UNSPECIFIED.,.T.,.F.,(4,2,2,2,2,2,2,2,2,2,2,2,
2,2,2,2,4),(0.,0.115263429405934,0.230526858811868,0.361201722108226,0.491876585404584,
0.60887336331973,0.725870141234877,0.839109144383693,0.95234814753251,1.06516764782385,
1.1779871481152,1.29540432786553,1.41282150761586,1.54349632744343,1.67417114727101,
1.78943454727842,1.90469794728583),.UNSPECIFIED.);
#24=B_SPLINE_CURVE_WITH_KNOTS('',3,(#2826,#2827,#2828,#2829,#2830,#2831,
#2832,#2833,#2834,#2835,#2836,#2837,#2838,#2839,#2840,#2841,#2842,#2843),
 .UNSPECIFIED.,.F.,.F.,(4,2,2,2,2,2,2,2,4),(0.952355488841206,1.06559554929363,
1.17883560974605,1.29583374601537,1.41283188228468,1.53862346729588,1.66441505230709,
1.78465030694011,1.90488556157314),.UNSPECIFIED.);
#25=B_SPLINE_CURVE_WITH_KNOTS('',3,(#2845,#2846,#2847,#2848,#2849,#2850,
#2851,#2852,#2853,#2854),.UNSPECIFIED.,.F.,.F.,(4,2,2,2,4),(0.491877318232937,
0.609296369376026,0.726715420519115,0.83953545468016,0.952355488841206),
 .UNSPECIFIED.);
#26=B_SPLINE_CURVE_WITH_KNOTS('',3,(#2855,#2856,#2857,#2858,#2859,#2860,
#2861,#2862,#2863,#2864),.UNSPECIFIED.,.F.,.F.,(4,2,2,2,4),(0.,0.115262373801726,
0.230524747603452,0.3612009787716,0.491877209939747),.UNSPECIFIED.);
#27=B_SPLINE_CURVE_WITH_KNOTS('',3,(#3135,#3136,#3137,#3138,#3139,#3140,
#3141,#3142,#3143,#3144,#3145,#3146,#3147,#3148,#3149,#3150,#3151,#3152),
 .UNSPECIFIED.,.F.,.F.,(4,2,2,2,2,2,2,2,4),(2.20831151877542E-14,0.0960550941392148,
0.192110188278408,0.2881652824176,0.384220376556793,0.480275470695986,0.576330564835179,
0.672385658974372,0.768440753113565),.UNSPECIFIED.);
#28=B_SPLINE_CURVE_WITH_KNOTS('',3,(#3153,#3154,#3155,#3156,#3157,#3158,
#3159,#3160,#3161,#3162,#3163,#3164,#3165,#3166,#3167,#3168,#3169,#3170),
 .UNSPECIFIED.,.F.,.F.,(4,2,2,2,2,2,2,2,4),(0.76844083031896,0.864495912000692,
0.960550993682424,1.05660607536416,1.15266115704589,1.24871623872762,1.34477132040935,
1.44082640209109,1.53688148377282),.UNSPECIFIED.);
#29=B_SPLINE_CURVE_WITH_KNOTS('',3,(#3175,#3176,#3177,#3178,#3179,#3180,
#3181,#3182,#3183,#3184,#3185,#3186,#3187,#3188,#3189,#3190,#3191,#3192),
 .UNSPECIFIED.,.F.,.F.,(4,2,2,2,2,2,2,2,4),(0.,0.0960550976212845,0.192110195242569,
0.288165292863853,0.384220390485137,0.480275488106422,0.576330585727706,
0.67238568334899,0.768440780970274),.UNSPECIFIED.);
#30=B_SPLINE_CURVE_WITH_KNOTS('',3,(#3193,#3194,#3195,#3196,#3197,#3198,
#3199,#3200,#3201,#3202,#3203,#3204,#3205,#3206,#3207,#3208,#3209,#3210),
 .UNSPECIFIED.,.F.,.F.,(4,2,2,2,2,2,2,2,4),(0.768440873476071,0.864495957391239,
0.960551041306408,1.05660612522158,1.15266120913675,1.24871629305191,1.34477137696708,
1.44082646088225,1.53688154479742),.UNSPECIFIED.);
#31=B_SPLINE_CURVE_WITH_KNOTS('',3,(#3237,#3238,#3239,#3240,#3241,#3242,
#3243,#3244,#3245,#3246,#3247,#3248,#3249,#3250,#3251,#3252,#3253,#3254),
 .UNSPECIFIED.,.F.,.F.,(4,2,2,2,2,2,2,2,4),(0.,0.0960550930752532,0.192110186150506,
0.288165279225759,0.384220372301012,0.480275465376266,0.576330558451519,
0.672385651526772,0.768440744602025),.UNSPECIFIED.);
#32=B_SPLINE_CURVE_WITH_KNOTS('',3,(#3255,#3256,#3257,#3258,#3259,#3260,
#3261,#3262,#3263,#3264,#3265,#3266,#3267,#3268,#3269,#3270,#3271,#3272),
 .UNSPECIFIED.,.F.,.F.,(4,2,2,2,2,2,2,2,4),(0.768440789309815,0.864495874653702,
0.96055095999759,1.05660604534148,1.15266113068536,1.24871621602925,1.34477130137314,
1.44082638671702,1.53688147206091),.UNSPECIFIED.);
#33=B_SPLINE_CURVE_WITH_KNOTS('',3,(#3277,#3278,#3279,#3280,#3281,#3282,
#3283,#3284,#3285,#3286,#3287,#3288,#3289,#3290,#3291,#3292,#3293,#3294),
 .UNSPECIFIED.,.F.,.F.,(4,2,2,2,2,2,2,2,4),(2.15814306491666E-14,0.0960551024608366,
0.192110204921652,0.288165307382466,0.384220409843281,0.480275512304096,
0.576330614764912,0.672385717225727,0.768440819686541),.UNSPECIFIED.);
#34=B_SPLINE_CURVE_WITH_KNOTS('',3,(#3295,#3296,#3297,#3298,#3299,#3300,
#3301,#3302,#3303,#3304,#3305,#3306,#3307,#3308,#3309,#3310,#3311,#3312),
 .UNSPECIFIED.,.F.,.F.,(4,2,2,2,2,2,2,2,4),(0.768440850459152,0.864495934658413,
0.960551018857673,1.05660610305693,1.15266118725619,1.24871627145545,1.34477135565471,
1.44082643985397,1.53688152405324),.UNSPECIFIED.);
#35=B_SPLINE_CURVE_WITH_KNOTS('',3,(#3327,#3328,#3329,#3330,#3331,#3332,
#3333,#3334,#3335,#3336,#3337,#3338,#3339,#3340,#3341,#3342,#3343,#3344,
#3345,#3346,#3347,#3348,#3349,#3350,#3351,#3352,#3353,#3354,#3355,#3356,
#3357,#3358,#3359,#3360),.UNSPECIFIED.,.T.,.F.,(4,2,2,2,2,2,2,2,2,2,2,2,
2,2,2,2,4),(0.,0.0960551037898701,0.19211020757974,0.28816531136961,0.38422041515948,
0.480275518949349,0.576330622739218,0.672385726529088,0.768440830318958,
0.864495934108828,0.960551037898699,1.05660614168857,1.15266124547844,1.24871634926831,
1.34477145305818,1.44082655684805,1.53688166063792),.UNSPECIFIED.);
#36=B_SPLINE_CURVE_WITH_KNOTS('',3,(#3364,#3365,#3366,#3367,#3368,#3369,
#3370,#3371,#3372,#3373,#3374,#3375,#3376,#3377,#3378,#3379,#3380,#3381,
#3382,#3383,#3384,#3385,#3386,#3387,#3388,#3389,#3390,#3391,#3392,#3393,
#3394,#3395,#3396,#3397),.UNSPECIFIED.,.T.,.F.,(4,2,2,2,2,2,2,2,2,2,2,2,
2,2,2,2,4),(0.,0.0960550976212851,0.19211019524257,0.288165292863854,0.384220390485138,
0.480275488106423,0.576330585727707,0.672385683348993,0.768440780970278,
0.864495878591563,0.960550976212848,1.05660607383413,1.15266117145542,1.2487162690767,
1.34477136669798,1.44082646431927,1.53688156194056),.UNSPECIFIED.);
#37=B_SPLINE_CURVE_WITH_KNOTS('',3,(#3401,#3402,#3403,#3404,#3405,#3406,
#3407,#3408,#3409,#3410,#3411,#3412,#3413,#3414,#3415,#3416,#3417,#3418,
#3419,#3420,#3421,#3422,#3423,#3424,#3425,#3426,#3427,#3428,#3429,#3430,
#3431,#3432,#3433,#3434),.UNSPECIFIED.,.T.,.F.,(4,2,2,2,2,2,2,2,2,2,2,2,
2,2,2,2,4),(0.,0.0960550930752531,0.192110186150506,0.288165279225759,0.384220372301013,
0.480275465376266,0.576330558451519,0.672385651526772,0.768440744602025,
0.864495837677278,0.960550930752531,1.05660602382778,1.15266111690304,1.24871620997829,
1.34477130305354,1.4408263961288,1.53688148920405),.UNSPECIFIED.);
#38=B_SPLINE_CURVE_WITH_KNOTS('',3,(#3438,#3439,#3440,#3441,#3442,#3443,
#3444,#3445,#3446,#3447,#3448,#3449,#3450,#3451,#3452,#3453,#3454,#3455,
#3456,#3457,#3458,#3459,#3460,#3461,#3462,#3463,#3464,#3465,#3466,#3467,
#3468,#3469,#3470,#3471),.UNSPECIFIED.,.T.,.F.,(4,2,2,2,2,2,2,2,2,2,2,2,
2,2,2,2,4),(0.,0.0960551063073939,0.192110212614788,0.288165318922182,0.384220425229576,
0.48027553153697,0.576330637844364,0.672385744151758,0.768440850459152,
0.864495956766546,0.96055106307394,1.05660616938133,1.15266127568873,1.24871638199612,
1.34477148830352,1.44082659461091,1.5368817009183),.UNSPECIFIED.);
#39=FACE_BOUND('',#246,.T.);
#40=FACE_BOUND('',#247,.T.);
#41=FACE_BOUND('',#248,.T.);
#42=FACE_BOUND('',#249,.T.);
#43=FACE_BOUND('',#253,.T.);
#44=FACE_BOUND('',#254,.T.);
#45=FACE_BOUND('',#276,.T.);
#46=FACE_BOUND('',#277,.T.);
#47=FACE_BOUND('',#278,.T.);
#48=FACE_BOUND('',#279,.T.);
#49=FACE_BOUND('',#280,.T.);
#50=FACE_BOUND('',#281,.T.);
#51=FACE_BOUND('',#282,.T.);
#52=FACE_BOUND('',#283,.T.);
#53=FACE_BOUND('',#286,.T.);
#54=FACE_BOUND('',#287,.T.);
#55=FACE_BOUND('',#288,.T.);
#56=FACE_BOUND('',#289,.T.);
#57=FACE_BOUND('',#290,.T.);
#58=FACE_BOUND('',#291,.T.);
#59=FACE_BOUND('',#292,.T.);
#60=FACE_BOUND('',#293,.T.);
#61=FACE_BOUND('',#322,.T.);
#62=FACE_BOUND('',#323,.T.);
#63=PLANE('',#1904);
#64=PLANE('',#1908);
#65=PLANE('',#1912);
#66=PLANE('',#1916);
#67=PLANE('',#1920);
#68=PLANE('',#1924);
#69=PLANE('',#1928);
#70=PLANE('',#1932);
#71=PLANE('',#1933);
#72=PLANE('',#1934);
#73=PLANE('',#1935);
#74=PLANE('',#1936);
#75=PLANE('',#1937);
#76=PLANE('',#1941);
#77=PLANE('',#1942);
#78=PLANE('',#1948);
#79=PLANE('',#1949);
#80=PLANE('',#1950);
#81=PLANE('',#1951);
#82=PLANE('',#1952);
#83=PLANE('',#1953);
#84=PLANE('',#1954);
#85=PLANE('',#1955);
#86=PLANE('',#1956);
#87=PLANE('',#1957);
#88=PLANE('',#1958);
#89=PLANE('',#1959);
#90=PLANE('',#1960);
#91=PLANE('',#1961);
#92=PLANE('',#1962);
#93=PLANE('',#1963);
#94=PLANE('',#1964);
#95=PLANE('',#1965);
#96=PLANE('',#1994);
#97=PLANE('',#2021);
#98=PLANE('',#2024);
#99=PLANE('',#2026);
#100=PLANE('',#2027);
#101=PLANE('',#2029);
#102=PLANE('',#2031);
#103=PLANE('',#2033);
#104=PLANE('',#2035);
#105=PLANE('',#2040);
#106=PLANE('',#2042);
#107=PLANE('',#2050);
#108=PLANE('',#2054);
#109=PLANE('',#2056);
#110=PLANE('',#2058);
#111=PLANE('',#2079);
#112=PLANE('',#2080);
#113=PLANE('',#2081);
#114=PLANE('',#2082);
#115=PLANE('',#2083);
#116=PLANE('',#2084);
#117=PLANE('',#2085);
#118=PLANE('',#2086);
#119=FACE_OUTER_BOUND('',#225,.T.);
#120=FACE_OUTER_BOUND('',#226,.T.);
#121=FACE_OUTER_BOUND('',#227,.T.);
#122=FACE_OUTER_BOUND('',#228,.T.);
#123=FACE_OUTER_BOUND('',#229,.T.);
#124=FACE_OUTER_BOUND('',#230,.T.);
#125=FACE_OUTER_BOUND('',#231,.T.);
#126=FACE_OUTER_BOUND('',#232,.T.);
#127=FACE_OUTER_BOUND('',#233,.T.);
#128=FACE_OUTER_BOUND('',#234,.T.);
#129=FACE_OUTER_BOUND('',#235,.T.);
#130=FACE_OUTER_BOUND('',#236,.T.);
#131=FACE_OUTER_BOUND('',#237,.T.);
#132=FACE_OUTER_BOUND('',#238,.T.);
#133=FACE_OUTER_BOUND('',#239,.T.);
#134=FACE_OUTER_BOUND('',#240,.T.);
#135=FACE_OUTER_BOUND('',#241,.T.);
#136=FACE_OUTER_BOUND('',#242,.T.);
#137=FACE_OUTER_BOUND('',#243,.T.);
#138=FACE_OUTER_BOUND('',#244,.T.);
#139=FACE_OUTER_BOUND('',#245,.T.);
#140=FACE_OUTER_BOUND('',#250,.T.);
#141=FACE_OUTER_BOUND('',#251,.T.);
#142=FACE_OUTER_BOUND('',#252,.T.);
#143=FACE_OUTER_BOUND('',#255,.T.);
#144=FACE_OUTER_BOUND('',#256,.T.);
#145=FACE_OUTER_BOUND('',#257,.T.);
#146=FACE_OUTER_BOUND('',#258,.T.);
#147=FACE_OUTER_BOUND('',#259,.T.);
#148=FACE_OUTER_BOUND('',#260,.T.);
#149=FACE_OUTER_BOUND('',#261,.T.);
#150=FACE_OUTER_BOUND('',#262,.T.);
#151=FACE_OUTER_BOUND('',#263,.T.);
#152=FACE_OUTER_BOUND('',#264,.T.);
#153=FACE_OUTER_BOUND('',#265,.T.);
#154=FACE_OUTER_BOUND('',#266,.T.);
#155=FACE_OUTER_BOUND('',#267,.T.);
#156=FACE_OUTER_BOUND('',#268,.T.);
#157=FACE_OUTER_BOUND('',#269,.T.);
#158=FACE_OUTER_BOUND('',#270,.T.);
#159=FACE_OUTER_BOUND('',#271,.T.);
#160=FACE_OUTER_BOUND('',#272,.T.);
#161=FACE_OUTER_BOUND('',#273,.T.);
#162=FACE_OUTER_BOUND('',#274,.T.);
#163=FACE_OUTER_BOUND('',#275,.T.);
#164=FACE_OUTER_BOUND('',#284,.T.);
#165=FACE_OUTER_BOUND('',#285,.T.);
#166=FACE_OUTER_BOUND('',#294,.T.);
#167=FACE_OUTER_BOUND('',#295,.T.);
#168=FACE_OUTER_BOUND('',#296,.T.);
#169=FACE_OUTER_BOUND('',#297,.T.);
#170=FACE_OUTER_BOUND('',#298,.T.);
#171=FACE_OUTER_BOUND('',#299,.T.);
#172=FACE_OUTER_BOUND('',#300,.T.);
#173=FACE_OUTER_BOUND('',#301,.T.);
#174=FACE_OUTER_BOUND('',#302,.T.);
#175=FACE_OUTER_BOUND('',#303,.T.);
#176=FACE_OUTER_BOUND('',#304,.T.);
#177=FACE_OUTER_BOUND('',#305,.T.);
#178=FACE_OUTER_BOUND('',#306,.T.);
#179=FACE_OUTER_BOUND('',#307,.T.);
#180=FACE_OUTER_BOUND('',#308,.T.);
#181=FACE_OUTER_BOUND('',#309,.T.);
#182=FACE_OUTER_BOUND('',#310,.T.);
#183=FACE_OUTER_BOUND('',#311,.T.);
#184=FACE_OUTER_BOUND('',#312,.T.);
#185=FACE_OUTER_BOUND('',#313,.T.);
#186=FACE_OUTER_BOUND('',#314,.T.);
#187=FACE_OUTER_BOUND('',#315,.T.);
#188=FACE_OUTER_BOUND('',#316,.T.);
#189=FACE_OUTER_BOUND('',#317,.T.);
#190=FACE_OUTER_BOUND('',#318,.T.);
#191=FACE_OUTER_BOUND('',#319,.T.);
#192=FACE_OUTER_BOUND('',#320,.T.);
#193=FACE_OUTER_BOUND('',#321,.T.);
#194=FACE_OUTER_BOUND('',#324,.T.);
#195=FACE_OUTER_BOUND('',#325,.T.);
#196=FACE_OUTER_BOUND('',#326,.T.);
#197=FACE_OUTER_BOUND('',#327,.T.);
#198=FACE_OUTER_BOUND('',#328,.T.);
#199=FACE_OUTER_BOUND('',#329,.T.);
#200=FACE_OUTER_BOUND('',#330,.T.);
#201=FACE_OUTER_BOUND('',#331,.T.);
#202=FACE_OUTER_BOUND('',#332,.T.);
#203=FACE_OUTER_BOUND('',#333,.T.);
#204=FACE_OUTER_BOUND('',#334,.T.);
#205=FACE_OUTER_BOUND('',#335,.T.);
#206=FACE_OUTER_BOUND('',#336,.T.);
#207=FACE_OUTER_BOUND('',#337,.T.);
#208=FACE_OUTER_BOUND('',#338,.T.);
#209=FACE_OUTER_BOUND('',#339,.T.);
#210=FACE_OUTER_BOUND('',#340,.T.);
#211=FACE_OUTER_BOUND('',#341,.T.);
#212=FACE_OUTER_BOUND('',#342,.T.);
#213=FACE_OUTER_BOUND('',#343,.T.);
#214=FACE_OUTER_BOUND('',#344,.T.);
#215=FACE_OUTER_BOUND('',#345,.T.);
#216=FACE_OUTER_BOUND('',#346,.T.);
#217=FACE_OUTER_BOUND('',#347,.T.);
#218=FACE_OUTER_BOUND('',#348,.T.);
#219=FACE_OUTER_BOUND('',#349,.T.);
#220=FACE_OUTER_BOUND('',#350,.T.);
#221=FACE_OUTER_BOUND('',#351,.T.);
#222=FACE_OUTER_BOUND('',#352,.T.);
#223=FACE_OUTER_BOUND('',#353,.T.);
#224=FACE_OUTER_BOUND('',#354,.T.);
#225=EDGE_LOOP('',(#1211,#1212,#1213,#1214));
#226=EDGE_LOOP('',(#1215,#1216,#1217,#1218));
#227=EDGE_LOOP('',(#1219,#1220,#1221,#1222));
#228=EDGE_LOOP('',(#1223,#1224,#1225,#1226));
#229=EDGE_LOOP('',(#1227,#1228,#1229,#1230));
#230=EDGE_LOOP('',(#1231,#1232,#1233,#1234));
#231=EDGE_LOOP('',(#1235,#1236,#1237,#1238));
#232=EDGE_LOOP('',(#1239,#1240,#1241,#1242));
#233=EDGE_LOOP('',(#1243,#1244,#1245,#1246));
#234=EDGE_LOOP('',(#1247));
#235=EDGE_LOOP('',(#1248,#1249,#1250,#1251));
#236=EDGE_LOOP('',(#1252));
#237=EDGE_LOOP('',(#1253,#1254,#1255,#1256));
#238=EDGE_LOOP('',(#1257));
#239=EDGE_LOOP('',(#1258,#1259,#1260,#1261));
#240=EDGE_LOOP('',(#1262));
#241=EDGE_LOOP('',(#1263,#1264,#1265,#1266));
#242=EDGE_LOOP('',(#1267,#1268,#1269,#1270));
#243=EDGE_LOOP('',(#1271,#1272,#1273,#1274));
#244=EDGE_LOOP('',(#1275,#1276,#1277,#1278));
#245=EDGE_LOOP('',(#1279,#1280,#1281,#1282));
#246=EDGE_LOOP('',(#1283));
#247=EDGE_LOOP('',(#1284));
#248=EDGE_LOOP('',(#1285));
#249=EDGE_LOOP('',(#1286));
#250=EDGE_LOOP('',(#1287,#1288,#1289,#1290));
#251=EDGE_LOOP('',(#1291,#1292,#1293,#1294));
#252=EDGE_LOOP('',(#1295,#1296,#1297,#1298));
#253=EDGE_LOOP('',(#1299,#1300,#1301,#1302,#1303,#1304));
#254=EDGE_LOOP('',(#1305,#1306,#1307,#1308,#1309,#1310));
#255=EDGE_LOOP('',(#1311));
#256=EDGE_LOOP('',(#1312,#1313,#1314));
#257=EDGE_LOOP('',(#1315,#1316,#1317,#1318));
#258=EDGE_LOOP('',(#1319,#1320,#1321,#1322));
#259=EDGE_LOOP('',(#1323,#1324,#1325,#1326));
#260=EDGE_LOOP('',(#1327,#1328,#1329,#1330));
#261=EDGE_LOOP('',(#1331,#1332,#1333,#1334));
#262=EDGE_LOOP('',(#1335,#1336,#1337,#1338));
#263=EDGE_LOOP('',(#1339,#1340,#1341,#1342));
#264=EDGE_LOOP('',(#1343,#1344,#1345,#1346));
#265=EDGE_LOOP('',(#1347,#1348,#1349,#1350));
#266=EDGE_LOOP('',(#1351,#1352,#1353,#1354));
#267=EDGE_LOOP('',(#1355,#1356,#1357,#1358,#1359,#1360));
#268=EDGE_LOOP('',(#1361,#1362,#1363,#1364));
#269=EDGE_LOOP('',(#1365,#1366,#1367,#1368));
#270=EDGE_LOOP('',(#1369,#1370,#1371,#1372));
#271=EDGE_LOOP('',(#1373,#1374,#1375,#1376));
#272=EDGE_LOOP('',(#1377,#1378,#1379,#1380));
#273=EDGE_LOOP('',(#1381,#1382,#1383,#1384));
#274=EDGE_LOOP('',(#1385,#1386,#1387,#1388,#1389,#1390));
#275=EDGE_LOOP('',(#1391,#1392,#1393,#1394,#1395,#1396,#1397,#1398,#1399,
#1400,#1401,#1402,#1403,#1404,#1405,#1406));
#276=EDGE_LOOP('',(#1407,#1408,#1409,#1410,#1411,#1412,#1413,#1414));
#277=EDGE_LOOP('',(#1415));
#278=EDGE_LOOP('',(#1416));
#279=EDGE_LOOP('',(#1417,#1418,#1419,#1420,#1421,#1422,#1423,#1424,#1425,
#1426,#1427,#1428,#1429,#1430,#1431,#1432));
#280=EDGE_LOOP('',(#1433,#1434,#1435,#1436,#1437,#1438,#1439,#1440));
#281=EDGE_LOOP('',(#1441));
#282=EDGE_LOOP('',(#1442));
#283=EDGE_LOOP('',(#1443,#1444,#1445,#1446,#1447,#1448,#1449,#1450));
#284=EDGE_LOOP('',(#1451,#1452,#1453,#1454));
#285=EDGE_LOOP('',(#1455,#1456,#1457,#1458,#1459,#1460,#1461,#1462,#1463,
#1464,#1465,#1466,#1467,#1468,#1469,#1470));
#286=EDGE_LOOP('',(#1471,#1472,#1473,#1474,#1475,#1476,#1477,#1478));
#287=EDGE_LOOP('',(#1479,#1480,#1481,#1482,#1483,#1484,#1485,#1486));
#288=EDGE_LOOP('',(#1487,#1488,#1489,#1490,#1491,#1492,#1493,#1494,#1495,
#1496,#1497,#1498,#1499,#1500,#1501,#1502));
#289=EDGE_LOOP('',(#1503));
#290=EDGE_LOOP('',(#1504,#1505,#1506,#1507,#1508,#1509,#1510,#1511));
#291=EDGE_LOOP('',(#1512));
#292=EDGE_LOOP('',(#1513));
#293=EDGE_LOOP('',(#1514));
#294=EDGE_LOOP('',(#1515,#1516,#1517,#1518));
#295=EDGE_LOOP('',(#1519,#1520,#1521,#1522));
#296=EDGE_LOOP('',(#1523,#1524,#1525,#1526));
#297=EDGE_LOOP('',(#1527,#1528,#1529,#1530));
#298=EDGE_LOOP('',(#1531,#1532,#1533,#1534));
#299=EDGE_LOOP('',(#1535,#1536,#1537,#1538));
#300=EDGE_LOOP('',(#1539,#1540,#1541,#1542));
#301=EDGE_LOOP('',(#1543,#1544,#1545,#1546));
#302=EDGE_LOOP('',(#1547,#1548,#1549,#1550));
#303=EDGE_LOOP('',(#1551,#1552,#1553,#1554));
#304=EDGE_LOOP('',(#1555,#1556,#1557,#1558));
#305=EDGE_LOOP('',(#1559,#1560,#1561,#1562));
#306=EDGE_LOOP('',(#1563,#1564,#1565,#1566));
#307=EDGE_LOOP('',(#1567,#1568,#1569,#1570));
#308=EDGE_LOOP('',(#1571,#1572,#1573,#1574));
#309=EDGE_LOOP('',(#1575,#1576,#1577,#1578));
#310=EDGE_LOOP('',(#1579,#1580,#1581,#1582));
#311=EDGE_LOOP('',(#1583,#1584,#1585,#1586,#1587));
#312=EDGE_LOOP('',(#1588,#1589,#1590,#1591,#1592));
#313=EDGE_LOOP('',(#1593,#1594,#1595,#1596));
#314=EDGE_LOOP('',(#1597,#1598,#1599,#1600));
#315=EDGE_LOOP('',(#1601,#1602,#1603,#1604));
#316=EDGE_LOOP('',(#1605,#1606,#1607,#1608));
#317=EDGE_LOOP('',(#1609,#1610,#1611,#1612));
#318=EDGE_LOOP('',(#1613,#1614,#1615,#1616));
#319=EDGE_LOOP('',(#1617,#1618,#1619,#1620));
#320=EDGE_LOOP('',(#1621,#1622,#1623,#1624));
#321=EDGE_LOOP('',(#1625,#1626,#1627,#1628));
#322=EDGE_LOOP('',(#1629,#1630,#1631));
#323=EDGE_LOOP('',(#1632));
#324=EDGE_LOOP('',(#1633,#1634,#1635,#1636));
#325=EDGE_LOOP('',(#1637,#1638,#1639,#1640));
#326=EDGE_LOOP('',(#1641,#1642,#1643,#1644));
#327=EDGE_LOOP('',(#1645,#1646,#1647,#1648,#1649));
#328=EDGE_LOOP('',(#1650,#1651,#1652,#1653,#1654));
#329=EDGE_LOOP('',(#1655,#1656,#1657,#1658));
#330=EDGE_LOOP('',(#1659,#1660,#1661,#1662));
#331=EDGE_LOOP('',(#1663,#1664,#1665,#1666));
#332=EDGE_LOOP('',(#1667,#1668,#1669,#1670));
#333=EDGE_LOOP('',(#1671,#1672,#1673,#1674));
#334=EDGE_LOOP('',(#1675,#1676,#1677,#1678));
#335=EDGE_LOOP('',(#1679,#1680,#1681,#1682));
#336=EDGE_LOOP('',(#1683,#1684,#1685,#1686));
#337=EDGE_LOOP('',(#1687,#1688,#1689,#1690));
#338=EDGE_LOOP('',(#1691,#1692,#1693,#1694));
#339=EDGE_LOOP('',(#1695,#1696,#1697,#1698,#1699));
#340=EDGE_LOOP('',(#1700,#1701,#1702,#1703,#1704));
#341=EDGE_LOOP('',(#1705,#1706,#1707,#1708,#1709));
#342=EDGE_LOOP('',(#1710,#1711,#1712,#1713,#1714));
#343=EDGE_LOOP('',(#1715,#1716,#1717,#1718));
#344=EDGE_LOOP('',(#1719,#1720,#1721,#1722));
#345=EDGE_LOOP('',(#1723,#1724,#1725,#1726));
#346=EDGE_LOOP('',(#1727,#1728,#1729,#1730));
#347=EDGE_LOOP('',(#1731));
#348=EDGE_LOOP('',(#1732));
#349=EDGE_LOOP('',(#1733));
#350=EDGE_LOOP('',(#1734));
#351=EDGE_LOOP('',(#1735));
#352=EDGE_LOOP('',(#1736));
#353=EDGE_LOOP('',(#1737));
#354=EDGE_LOOP('',(#1738));
#355=LINE('',#2635,#523);
#356=LINE('',#2638,#524);
#357=LINE('',#2641,#525);
#358=LINE('',#2643,#526);
#359=LINE('',#2644,#527);
#360=LINE('',#2649,#528);
#361=LINE('',#2653,#529);
#362=LINE('',#2655,#530);
#363=LINE('',#2656,#531);
#364=LINE('',#2661,#532);
#365=LINE('',#2665,#533);
#366=LINE('',#2667,#534);
#367=LINE('',#2668,#535);
#368=LINE('',#2673,#536);
#369=LINE('',#2676,#537);
#370=LINE('',#2677,#538);
#371=LINE('',#2682,#539);
#372=LINE('',#2689,#540);
#373=LINE('',#2696,#541);
#374=LINE('',#2703,#542);
#375=LINE('',#2709,#543);
#376=LINE('',#2711,#544);
#377=LINE('',#2713,#545);
#378=LINE('',#2714,#546);
#379=LINE('',#2717,#547);
#380=LINE('',#2719,#548);
#381=LINE('',#2720,#549);
#382=LINE('',#2724,#550);
#383=LINE('',#2726,#551);
#384=LINE('',#2728,#552);
#385=LINE('',#2729,#553);
#386=LINE('',#2732,#554);
#387=LINE('',#2734,#555);
#388=LINE('',#2735,#556);
#389=LINE('',#2737,#557);
#390=LINE('',#2738,#558);
#391=LINE('',#2742,#559);
#392=LINE('',#2746,#560);
#393=LINE('',#2750,#561);
#394=LINE('',#2752,#562);
#395=LINE('',#2753,#563);
#396=LINE('',#2757,#564);
#397=LINE('',#2759,#565);
#398=LINE('',#2761,#566);
#399=LINE('',#2762,#567);
#400=LINE('',#2765,#568);
#401=LINE('',#2767,#569);
#402=LINE('',#2769,#570);
#403=LINE('',#2771,#571);
#404=LINE('',#2773,#572);
#405=LINE('',#2774,#573);
#406=LINE('',#2777,#574);
#407=LINE('',#2779,#575);
#408=LINE('',#2781,#576);
#409=LINE('',#2783,#577);
#410=LINE('',#2785,#578);
#411=LINE('',#2786,#579);
#412=LINE('',#2870,#580);
#413=LINE('',#2873,#581);
#414=LINE('',#2877,#582);
#415=LINE('',#2879,#583);
#416=LINE('',#2881,#584);
#417=LINE('',#2882,#585);
#418=LINE('',#2885,#586);
#419=LINE('',#2887,#587);
#420=LINE('',#2888,#588);
#421=LINE('',#2891,#589);
#422=LINE('',#2893,#590);
#423=LINE('',#2894,#591);
#424=LINE('',#2897,#592);
#425=LINE('',#2899,#593);
#426=LINE('',#2900,#594);
#427=LINE('',#2903,#595);
#428=LINE('',#2904,#596);
#429=LINE('',#2907,#597);
#430=LINE('',#2908,#598);
#431=LINE('',#2911,#599);
#432=LINE('',#2912,#600);
#433=LINE('',#2915,#601);
#434=LINE('',#2916,#602);
#435=LINE('',#2918,#603);
#436=LINE('',#2922,#604);
#437=LINE('',#2924,#605);
#438=LINE('',#2925,#606);
#439=LINE('',#2928,#607);
#440=LINE('',#2929,#608);
#441=LINE('',#2932,#609);
#442=LINE('',#2933,#610);
#443=LINE('',#2936,#611);
#444=LINE('',#2937,#612);
#445=LINE('',#2940,#613);
#446=LINE('',#2941,#614);
#447=LINE('',#2943,#615);
#448=LINE('',#2949,#616);
#449=LINE('',#2953,#617);
#450=LINE('',#2958,#618);
#451=LINE('',#2962,#619);
#452=LINE('',#2977,#620);
#453=LINE('',#2980,#621);
#454=LINE('',#2984,#622);
#455=LINE('',#2992,#623);
#456=LINE('',#2996,#624);
#457=LINE('',#3000,#625);
#458=LINE('',#3004,#626);
#459=LINE('',#3013,#627);
#460=LINE('',#3017,#628);
#461=LINE('',#3020,#629);
#462=LINE('',#3023,#630);
#463=LINE('',#3027,#631);
#464=LINE('',#3031,#632);
#465=LINE('',#3036,#633);
#466=LINE('',#3040,#634);
#467=LINE('',#3043,#635);
#468=LINE('',#3047,#636);
#469=LINE('',#3051,#637);
#470=LINE('',#3055,#638);
#471=LINE('',#3058,#639);
#472=LINE('',#3062,#640);
#473=LINE('',#3079,#641);
#474=LINE('',#3083,#642);
#475=LINE('',#3087,#643);
#476=LINE('',#3091,#644);
#477=LINE('',#3100,#645);
#478=LINE('',#3102,#646);
#479=LINE('',#3103,#647);
#480=LINE('',#3106,#648);
#481=LINE('',#3108,#649);
#482=LINE('',#3110,#650);
#483=LINE('',#3113,#651);
#484=LINE('',#3116,#652);
#485=LINE('',#3117,#653);
#486=LINE('',#3119,#654);
#487=LINE('',#3121,#655);
#488=LINE('',#3123,#656);
#489=LINE('',#3125,#657);
#490=LINE('',#3127,#658);
#491=LINE('',#3129,#659);
#492=LINE('',#3133,#660);
#493=LINE('',#3173,#661);
#494=LINE('',#3212,#662);
#495=LINE('',#3214,#663);
#496=LINE('',#3216,#664);
#497=LINE('',#3218,#665);
#498=LINE('',#3220,#666);
#499=LINE('',#3222,#667);
#500=LINE('',#3225,#668);
#501=LINE('',#3227,#669);
#502=LINE('',#3229,#670);
#503=LINE('',#3231,#671);
#504=LINE('',#3235,#672);
#505=LINE('',#3275,#673);
#506=LINE('',#3314,#674);
#507=LINE('',#3316,#675);
#508=LINE('',#3318,#676);
#509=LINE('',#3320,#677);
#510=LINE('',#3322,#678);
#511=LINE('',#3326,#679);
#512=LINE('',#3363,#680);
#513=LINE('',#3400,#681);
#514=LINE('',#3437,#682);
#515=LINE('',#3474,#683);
#516=LINE('',#3478,#684);
#517=LINE('',#3482,#685);
#518=LINE('',#3486,#686);
#519=LINE('',#3490,#687);
#520=LINE('',#3494,#688);
#521=LINE('',#3498,#689);
#522=LINE('',#3502,#690);
#523=VECTOR('',#2093,10.);
#524=VECTOR('',#2096,10.);
#525=VECTOR('',#2099,10.);
#526=VECTOR('',#2100,10.);
#527=VECTOR('',#2101,10.);
#528=VECTOR('',#2106,10.);
#529=VECTOR('',#2111,10.);
#530=VECTOR('',#2112,10.);
#531=VECTOR('',#2113,10.);
#532=VECTOR('',#2118,10.);
#533=VECTOR('',#2123,10.);
#534=VECTOR('',#2124,10.);
#535=VECTOR('',#2125,10.);
#536=VECTOR('',#2130,10.);
#537=VECTOR('',#2135,10.);
#538=VECTOR('',#2136,10.);
#539=VECTOR('',#2141,2.5);
#540=VECTOR('',#2150,2.5);
#541=VECTOR('',#2159,2.5);
#542=VECTOR('',#2168,2.5);
#543=VECTOR('',#2175,10.);
#544=VECTOR('',#2176,10.);
#545=VECTOR('',#2177,10.);
#546=VECTOR('',#2178,10.);
#547=VECTOR('',#2181,10.);
#548=VECTOR('',#2182,10.);
#549=VECTOR('',#2183,10.);
#550=VECTOR('',#2186,10.);
#551=VECTOR('',#2187,10.);
#552=VECTOR('',#2188,10.);
#553=VECTOR('',#2189,10.);
#554=VECTOR('',#2192,10.);
#555=VECTOR('',#2193,10.);
#556=VECTOR('',#2194,10.);
#557=VECTOR('',#2197,10.);
#558=VECTOR('',#2198,10.);
#559=VECTOR('',#2201,10.);
#560=VECTOR('',#2204,10.);
#561=VECTOR('',#2209,10.);
#562=VECTOR('',#2210,10.);
#563=VECTOR('',#2211,10.);
#564=VECTOR('',#2214,10.);
#565=VECTOR('',#2215,10.);
#566=VECTOR('',#2216,10.);
#567=VECTOR('',#2217,10.);
#568=VECTOR('',#2218,10.);
#569=VECTOR('',#2219,10.);
#570=VECTOR('',#2220,10.);
#571=VECTOR('',#2221,10.);
#572=VECTOR('',#2222,10.);
#573=VECTOR('',#2223,10.);
#574=VECTOR('',#2224,10.);
#575=VECTOR('',#2225,10.);
#576=VECTOR('',#2226,10.);
#577=VECTOR('',#2227,10.);
#578=VECTOR('',#2228,10.);
#579=VECTOR('',#2229,10.);
#580=VECTOR('',#2238,10.);
#581=VECTOR('',#2241,10.);
#582=VECTOR('',#2244,10.);
#583=VECTOR('',#2245,10.);
#584=VECTOR('',#2246,10.);
#585=VECTOR('',#2247,10.);
#586=VECTOR('',#2250,10.);
#587=VECTOR('',#2251,10.);
#588=VECTOR('',#2252,10.);
#589=VECTOR('',#2255,10.);
#590=VECTOR('',#2256,10.);
#591=VECTOR('',#2257,10.);
#592=VECTOR('',#2260,10.);
#593=VECTOR('',#2261,10.);
#594=VECTOR('',#2262,10.);
#595=VECTOR('',#2265,10.);
#596=VECTOR('',#2266,10.);
#597=VECTOR('',#2269,10.);
#598=VECTOR('',#2270,10.);
#599=VECTOR('',#2273,10.);
#600=VECTOR('',#2274,10.);
#601=VECTOR('',#2277,10.);
#602=VECTOR('',#2278,10.);
#603=VECTOR('',#2281,10.);
#604=VECTOR('',#2286,10.);
#605=VECTOR('',#2287,10.);
#606=VECTOR('',#2288,10.);
#607=VECTOR('',#2291,10.);
#608=VECTOR('',#2292,10.);
#609=VECTOR('',#2295,10.);
#610=VECTOR('',#2296,10.);
#611=VECTOR('',#2299,10.);
#612=VECTOR('',#2300,10.);
#613=VECTOR('',#2303,10.);
#614=VECTOR('',#2304,10.);
#615=VECTOR('',#2307,10.);
#616=VECTOR('',#2314,10.);
#617=VECTOR('',#2317,10.);
#618=VECTOR('',#2322,10.);
#619=VECTOR('',#2325,10.);
#620=VECTOR('',#2340,10.);
#621=VECTOR('',#2343,10.);
#622=VECTOR('',#2346,10.);
#623=VECTOR('',#2353,10.);
#624=VECTOR('',#2356,10.);
#625=VECTOR('',#2359,10.);
#626=VECTOR('',#2362,10.);
#627=VECTOR('',#2371,10.);
#628=VECTOR('',#2374,10.);
#629=VECTOR('',#2377,10.);
#630=VECTOR('',#2380,10.);
#631=VECTOR('',#2385,10.);
#632=VECTOR('',#2388,10.);
#633=VECTOR('',#2393,10.);
#634=VECTOR('',#2396,10.);
#635=VECTOR('',#2399,10.);
#636=VECTOR('',#2402,10.);
#637=VECTOR('',#2405,10.);
#638=VECTOR('',#2408,10.);
#639=VECTOR('',#2411,10.);
#640=VECTOR('',#2414,10.);
#641=VECTOR('',#2431,10.);
#642=VECTOR('',#2434,10.);
#643=VECTOR('',#2437,10.);
#644=VECTOR('',#2440,10.);
#645=VECTOR('',#2451,10.);
#646=VECTOR('',#2454,10.);
#647=VECTOR('',#2455,10.);
#648=VECTOR('',#2460,10.);
#649=VECTOR('',#2463,10.);
#650=VECTOR('',#2466,10.);
#651=VECTOR('',#2471,10.);
#652=VECTOR('',#2476,10.);
#653=VECTOR('',#2477,10.);
#654=VECTOR('',#2480,10.);
#655=VECTOR('',#2483,10.);
#656=VECTOR('',#2486,10.);
#657=VECTOR('',#2489,10.);
#658=VECTOR('',#2492,10.);
#659=VECTOR('',#2495,10.);
#660=VECTOR('',#2500,10.);
#661=VECTOR('',#2503,10.);
#662=VECTOR('',#2506,10.);
#663=VECTOR('',#2509,10.);
#664=VECTOR('',#2512,10.);
#665=VECTOR('',#2515,10.);
#666=VECTOR('',#2518,10.);
#667=VECTOR('',#2521,10.);
#668=VECTOR('',#2526,10.);
#669=VECTOR('',#2529,10.);
#670=VECTOR('',#2532,10.);
#671=VECTOR('',#2535,10.);
#672=VECTOR('',#2540,10.);
#673=VECTOR('',#2543,10.);
#674=VECTOR('',#2546,10.);
#675=VECTOR('',#2549,10.);
#676=VECTOR('',#2552,10.);
#677=VECTOR('',#2555,10.);
#678=VECTOR('',#2558,10.);
#679=VECTOR('',#2563,10.);
#680=VECTOR('',#2566,10.);
#681=VECTOR('',#2569,10.);
#682=VECTOR('',#2572,10.);
#683=VECTOR('',#2575,10.);
#684=VECTOR('',#2580,10.);
#685=VECTOR('',#2585,10.);
#686=VECTOR('',#2590,10.);
#687=VECTOR('',#2595,10.);
#688=VECTOR('',#2600,10.);
#689=VECTOR('',#2605,10.);
#690=VECTOR('',#2610,10.);
#691=CIRCLE('',#1902,3.);
#692=CIRCLE('',#1903,3.);
#693=CIRCLE('',#1906,3.);
#694=CIRCLE('',#1907,3.);
#695=CIRCLE('',#1910,3.);
#696=CIRCLE('',#1911,3.);
#697=CIRCLE('',#1914,3.);
#698=CIRCLE('',#1915,3.);
#699=CIRCLE('',#1918,2.5);
#700=CIRCLE('',#1919,2.5);
#701=CIRCLE('',#1922,2.5);
#702=CIRCLE('',#1923,2.5);
#703=CIRCLE('',#1926,2.5);
#704=CIRCLE('',#1927,2.5);
#705=CIRCLE('',#1930,2.5);
#706=CIRCLE('',#1931,2.5);
#707=CIRCLE('',#1939,1.50000095367432);
#708=CIRCLE('',#1940,1.50000095367431);
#709=CIRCLE('',#1946,10.0011689595247);
#710=CIRCLE('',#1947,10.0011689595247);
#711=CIRCLE('',#1966,20.0000314153456);
#712=CIRCLE('',#1967,3.50000245730884);
#713=CIRCLE('',#1968,3.49999808663567);
#714=CIRCLE('',#1969,3.50000031144242);
#715=CIRCLE('',#1970,3.49999892105691);
#716=CIRCLE('',#1971,19.9999859051425);
#717=CIRCLE('',#1972,2.75000062602102);
#718=CIRCLE('',#1973,2.75000037319704);
#719=CIRCLE('',#1974,6.2500030995378);
#720=CIRCLE('',#1975,10.0010397200933);
#721=CIRCLE('',#1976,1.5023593410161);
#722=CIRCLE('',#1977,1.49999684051538);
#723=CIRCLE('',#1978,1.50000333786011);
#724=CIRCLE('',#1979,1.49999618530273);
#725=CIRCLE('',#1980,1.50000160887597);
#726=CIRCLE('',#1981,1.50228479101671);
#727=CIRCLE('',#1982,10.0011689595247);
#728=CIRCLE('',#1983,1.50000041677638);
#729=CIRCLE('',#1984,1.50000214576721);
#730=CIRCLE('',#1985,1.5000002950374);
#731=CIRCLE('',#1986,3.49999869215313);
#732=CIRCLE('',#1987,2.74999991220912);
#733=CIRCLE('',#1988,2.75000033648688);
#734=CIRCLE('',#1989,1.49999929371753);
#735=CIRCLE('',#1990,3.50000075691829);
#736=CIRCLE('',#1991,1.49999950030873);
#737=CIRCLE('',#1993,3.49999808663567);
#738=CIRCLE('',#1995,3.50000245730884);
#739=CIRCLE('',#1996,20.0000314153456);
#740=CIRCLE('',#1997,19.9999859051425);
#741=CIRCLE('',#1998,3.49999892105691);
#742=CIRCLE('',#1999,3.50000031144242);
#743=CIRCLE('',#2000,1.49999950030873);
#744=CIRCLE('',#2001,3.50000075691829);
#745=CIRCLE('',#2002,1.49999929371753);
#746=CIRCLE('',#2003,1.49999618530273);
#747=CIRCLE('',#2004,1.50000333786011);
#748=CIRCLE('',#2005,1.49999684051538);
#749=CIRCLE('',#2006,1.5023593410161);
#750=CIRCLE('',#2007,10.0010397200933);
#751=CIRCLE('',#2008,6.2500030995378);
#752=CIRCLE('',#2009,10.0011689595247);
#753=CIRCLE('',#2010,1.50228479101671);
#754=CIRCLE('',#2011,1.50000160887597);
#755=CIRCLE('',#2012,2.74999990807445);
#756=CIRCLE('',#2013,1.5000002950374);
#757=CIRCLE('',#2014,1.50000214576721);
#758=CIRCLE('',#2015,1.50000041677638);
#759=CIRCLE('',#2016,3.49999869215313);
#760=CIRCLE('',#2017,2.75000037409578);
#761=CIRCLE('',#2018,2.75000061271756);
#762=CIRCLE('',#2019,2.75000033386575);
#763=CIRCLE('',#2064,2.54999989162465);
#764=CIRCLE('',#2066,2.54999972786561);
#765=CIRCLE('',#2068,2.54999960718094);
#766=CIRCLE('',#2070,2.54999995845803);
#767=CIRCLE('',#2072,2.54999989162465);
#768=CIRCLE('',#2074,2.54999972786561);
#769=CIRCLE('',#2076,2.54999960718094);
#770=CIRCLE('',#2078,2.54999995845803);
#771=VERTEX_POINT('',#2631);
#772=VERTEX_POINT('',#2632);
#773=VERTEX_POINT('',#2634);
#774=VERTEX_POINT('',#2636);
#775=VERTEX_POINT('',#2640);
#776=VERTEX_POINT('',#2642);
#777=VERTEX_POINT('',#2646);
#778=VERTEX_POINT('',#2648);
#779=VERTEX_POINT('',#2652);
#780=VERTEX_POINT('',#2654);
#781=VERTEX_POINT('',#2658);
#782=VERTEX_POINT('',#2660);
#783=VERTEX_POINT('',#2664);
#784=VERTEX_POINT('',#2666);
#785=VERTEX_POINT('',#2670);
#786=VERTEX_POINT('',#2672);
#787=VERTEX_POINT('',#2679);
#788=VERTEX_POINT('',#2681);
#789=VERTEX_POINT('',#2686);
#790=VERTEX_POINT('',#2688);
#791=VERTEX_POINT('',#2693);
#792=VERTEX_POINT('',#2695);
#793=VERTEX_POINT('',#2700);
#794=VERTEX_POINT('',#2702);
#795=VERTEX_POINT('',#2707);
#796=VERTEX_POINT('',#2708);
#797=VERTEX_POINT('',#2710);
#798=VERTEX_POINT('',#2712);
#799=VERTEX_POINT('',#2716);
#800=VERTEX_POINT('',#2718);
#801=VERTEX_POINT('',#2722);
#802=VERTEX_POINT('',#2723);
#803=VERTEX_POINT('',#2725);
#804=VERTEX_POINT('',#2727);
#805=VERTEX_POINT('',#2731);
#806=VERTEX_POINT('',#2733);
#807=VERTEX_POINT('',#2740);
#808=VERTEX_POINT('',#2741);
#809=VERTEX_POINT('',#2743);
#810=VERTEX_POINT('',#2745);
#811=VERTEX_POINT('',#2749);
#812=VERTEX_POINT('',#2751);
#813=VERTEX_POINT('',#2755);
#814=VERTEX_POINT('',#2756);
#815=VERTEX_POINT('',#2758);
#816=VERTEX_POINT('',#2760);
#817=VERTEX_POINT('',#2763);
#818=VERTEX_POINT('',#2764);
#819=VERTEX_POINT('',#2766);
#820=VERTEX_POINT('',#2768);
#821=VERTEX_POINT('',#2770);
#822=VERTEX_POINT('',#2772);
#823=VERTEX_POINT('',#2775);
#824=VERTEX_POINT('',#2776);
#825=VERTEX_POINT('',#2778);
#826=VERTEX_POINT('',#2780);
#827=VERTEX_POINT('',#2782);
#828=VERTEX_POINT('',#2784);
#829=VERTEX_POINT('',#2788);
#830=VERTEX_POINT('',#2824);
#831=VERTEX_POINT('',#2825);
#832=VERTEX_POINT('',#2844);
#833=VERTEX_POINT('',#2866);
#834=VERTEX_POINT('',#2867);
#835=VERTEX_POINT('',#2869);
#836=VERTEX_POINT('',#2871);
#837=VERTEX_POINT('',#2875);
#838=VERTEX_POINT('',#2876);
#839=VERTEX_POINT('',#2878);
#840=VERTEX_POINT('',#2880);
#841=VERTEX_POINT('',#2884);
#842=VERTEX_POINT('',#2886);
#843=VERTEX_POINT('',#2890);
#844=VERTEX_POINT('',#2892);
#845=VERTEX_POINT('',#2896);
#846=VERTEX_POINT('',#2898);
#847=VERTEX_POINT('',#2902);
#848=VERTEX_POINT('',#2906);
#849=VERTEX_POINT('',#2910);
#850=VERTEX_POINT('',#2914);
#851=VERTEX_POINT('',#2921);
#852=VERTEX_POINT('',#2923);
#853=VERTEX_POINT('',#2927);
#854=VERTEX_POINT('',#2931);
#855=VERTEX_POINT('',#2935);
#856=VERTEX_POINT('',#2939);
#857=VERTEX_POINT('',#2946);
#858=VERTEX_POINT('',#2948);
#859=VERTEX_POINT('',#2950);
#860=VERTEX_POINT('',#2952);
#861=VERTEX_POINT('',#2955);
#862=VERTEX_POINT('',#2957);
#863=VERTEX_POINT('',#2959);
#864=VERTEX_POINT('',#2961);
#865=VERTEX_POINT('',#2964);
#866=VERTEX_POINT('',#2966);
#867=VERTEX_POINT('',#2968);
#868=VERTEX_POINT('',#2970);
#869=VERTEX_POINT('',#2972);
#870=VERTEX_POINT('',#2974);
#871=VERTEX_POINT('',#2976);
#872=VERTEX_POINT('',#2979);
#873=VERTEX_POINT('',#2981);
#874=VERTEX_POINT('',#2983);
#875=VERTEX_POINT('',#2985);
#876=VERTEX_POINT('',#2987);
#877=VERTEX_POINT('',#2990);
#878=VERTEX_POINT('',#2991);
#879=VERTEX_POINT('',#2993);
#880=VERTEX_POINT('',#2995);
#881=VERTEX_POINT('',#2997);
#882=VERTEX_POINT('',#2999);
#883=VERTEX_POINT('',#3001);
#884=VERTEX_POINT('',#3003);
#885=VERTEX_POINT('',#3006);
#886=VERTEX_POINT('',#3008);
#887=VERTEX_POINT('',#3010);
#888=VERTEX_POINT('',#3012);
#889=VERTEX_POINT('',#3014);
#890=VERTEX_POINT('',#3016);
#891=VERTEX_POINT('',#3018);
#892=VERTEX_POINT('',#3022);
#893=VERTEX_POINT('',#3026);
#894=VERTEX_POINT('',#3028);
#895=VERTEX_POINT('',#3030);
#896=VERTEX_POINT('',#3033);
#897=VERTEX_POINT('',#3035);
#898=VERTEX_POINT('',#3037);
#899=VERTEX_POINT('',#3039);
#900=VERTEX_POINT('',#3042);
#901=VERTEX_POINT('',#3044);
#902=VERTEX_POINT('',#3046);
#903=VERTEX_POINT('',#3048);
#904=VERTEX_POINT('',#3050);
#905=VERTEX_POINT('',#3053);
#906=VERTEX_POINT('',#3054);
#907=VERTEX_POINT('',#3056);
#908=VERTEX_POINT('',#3059);
#909=VERTEX_POINT('',#3061);
#910=VERTEX_POINT('',#3063);
#911=VERTEX_POINT('',#3065);
#912=VERTEX_POINT('',#3067);
#913=VERTEX_POINT('',#3070);
#914=VERTEX_POINT('',#3072);
#915=VERTEX_POINT('',#3075);
#916=VERTEX_POINT('',#3077);
#917=VERTEX_POINT('',#3078);
#918=VERTEX_POINT('',#3080);
#919=VERTEX_POINT('',#3082);
#920=VERTEX_POINT('',#3084);
#921=VERTEX_POINT('',#3086);
#922=VERTEX_POINT('',#3088);
#923=VERTEX_POINT('',#3090);
#924=VERTEX_POINT('',#3093);
#925=VERTEX_POINT('',#3095);
#926=VERTEX_POINT('',#3097);
#927=VERTEX_POINT('',#3132);
#928=VERTEX_POINT('',#3134);
#929=VERTEX_POINT('',#3172);
#930=VERTEX_POINT('',#3174);
#931=VERTEX_POINT('',#3234);
#932=VERTEX_POINT('',#3236);
#933=VERTEX_POINT('',#3274);
#934=VERTEX_POINT('',#3276);
#935=VERTEX_POINT('',#3325);
#936=VERTEX_POINT('',#3362);
#937=VERTEX_POINT('',#3399);
#938=VERTEX_POINT('',#3436);
#939=VERTEX_POINT('',#3473);
#940=VERTEX_POINT('',#3477);
#941=VERTEX_POINT('',#3481);
#942=VERTEX_POINT('',#3485);
#943=VERTEX_POINT('',#3489);
#944=VERTEX_POINT('',#3493);
#945=VERTEX_POINT('',#3497);
#946=VERTEX_POINT('',#3501);
#947=EDGE_CURVE('',#771,#772,#691,.T.);
#948=EDGE_CURVE('',#772,#773,#355,.T.);
#949=EDGE_CURVE('',#773,#774,#692,.T.);
#950=EDGE_CURVE('',#774,#771,#356,.T.);
#951=EDGE_CURVE('',#775,#772,#357,.T.);
#952=EDGE_CURVE('',#776,#775,#358,.T.);
#953=EDGE_CURVE('',#773,#776,#359,.T.);
#954=EDGE_CURVE('',#775,#777,#693,.T.);
#955=EDGE_CURVE('',#777,#778,#360,.T.);
#956=EDGE_CURVE('',#778,#776,#694,.T.);
#957=EDGE_CURVE('',#779,#777,#361,.T.);
#958=EDGE_CURVE('',#780,#779,#362,.T.);
#959=EDGE_CURVE('',#778,#780,#363,.T.);
#960=EDGE_CURVE('',#779,#781,#695,.T.);
#961=EDGE_CURVE('',#781,#782,#364,.T.);
#962=EDGE_CURVE('',#782,#780,#696,.T.);
#963=EDGE_CURVE('',#783,#781,#365,.T.);
#964=EDGE_CURVE('',#784,#783,#366,.T.);
#965=EDGE_CURVE('',#782,#784,#367,.T.);
#966=EDGE_CURVE('',#783,#785,#697,.T.);
#967=EDGE_CURVE('',#785,#786,#368,.T.);
#968=EDGE_CURVE('',#786,#784,#698,.T.);
#969=EDGE_CURVE('',#786,#774,#369,.T.);
#970=EDGE_CURVE('',#771,#785,#370,.T.);
#971=EDGE_CURVE('',#787,#787,#699,.T.);
#972=EDGE_CURVE('',#787,#788,#371,.T.);
#973=EDGE_CURVE('',#788,#788,#700,.T.);
#974=EDGE_CURVE('',#789,#789,#701,.T.);
#975=EDGE_CURVE('',#789,#790,#372,.T.);
#976=EDGE_CURVE('',#790,#790,#702,.T.);
#977=EDGE_CURVE('',#791,#791,#703,.T.);
#978=EDGE_CURVE('',#791,#792,#373,.T.);
#979=EDGE_CURVE('',#792,#792,#704,.T.);
#980=EDGE_CURVE('',#793,#793,#705,.T.);
#981=EDGE_CURVE('',#793,#794,#374,.T.);
#982=EDGE_CURVE('',#794,#794,#706,.T.);
#983=EDGE_CURVE('',#795,#796,#375,.T.);
#984=EDGE_CURVE('',#797,#796,#376,.T.);
#985=EDGE_CURVE('',#798,#797,#377,.T.);
#986=EDGE_CURVE('',#798,#795,#378,.T.);
#987=EDGE_CURVE('',#796,#799,#379,.T.);
#988=EDGE_CURVE('',#800,#799,#380,.T.);
#989=EDGE_CURVE('',#800,#797,#381,.T.);
#990=EDGE_CURVE('',#801,#802,#382,.T.);
#991=EDGE_CURVE('',#803,#802,#383,.T.);
#992=EDGE_CURVE('',#804,#803,#384,.T.);
#993=EDGE_CURVE('',#801,#804,#385,.T.);
#994=EDGE_CURVE('',#802,#805,#386,.T.);
#995=EDGE_CURVE('',#806,#805,#387,.T.);
#996=EDGE_CURVE('',#803,#806,#388,.T.);
#997=EDGE_CURVE('',#805,#795,#389,.T.);
#998=EDGE_CURVE('',#806,#798,#390,.T.);
#999=EDGE_CURVE('',#807,#808,#391,.T.);
#1000=EDGE_CURVE('',#809,#807,#707,.T.);
#1001=EDGE_CURVE('',#810,#809,#392,.T.);
#1002=EDGE_CURVE('',#810,#808,#708,.T.);
#1003=EDGE_CURVE('',#811,#808,#393,.T.);
#1004=EDGE_CURVE('',#811,#812,#394,.T.);
#1005=EDGE_CURVE('',#807,#812,#395,.T.);
#1006=EDGE_CURVE('',#813,#814,#396,.T.);
#1007=EDGE_CURVE('',#814,#815,#397,.T.);
#1008=EDGE_CURVE('',#815,#816,#398,.T.);
#1009=EDGE_CURVE('',#816,#813,#399,.T.);
#1010=EDGE_CURVE('',#817,#818,#400,.T.);
#1011=EDGE_CURVE('',#818,#819,#401,.T.);
#1012=EDGE_CURVE('',#819,#820,#402,.T.);
#1013=EDGE_CURVE('',#820,#821,#403,.T.);
#1014=EDGE_CURVE('',#821,#822,#404,.T.);
#1015=EDGE_CURVE('',#822,#817,#405,.T.);
#1016=EDGE_CURVE('',#823,#824,#406,.T.);
#1017=EDGE_CURVE('',#824,#825,#407,.T.);
#1018=EDGE_CURVE('',#825,#826,#408,.T.);
#1019=EDGE_CURVE('',#826,#827,#409,.T.);
#1020=EDGE_CURVE('',#827,#828,#410,.T.);
#1021=EDGE_CURVE('',#828,#823,#411,.T.);
#1022=EDGE_CURVE('',#829,#829,#23,.T.);
#1023=EDGE_CURVE('',#830,#831,#24,.T.);
#1024=EDGE_CURVE('',#832,#830,#25,.T.);
#1025=EDGE_CURVE('',#831,#832,#26,.T.);
#1026=EDGE_CURVE('',#833,#834,#709,.T.);
#1027=EDGE_CURVE('',#835,#834,#412,.T.);
#1028=EDGE_CURVE('',#836,#835,#710,.T.);
#1029=EDGE_CURVE('',#836,#833,#413,.T.);
#1030=EDGE_CURVE('',#837,#838,#414,.T.);
#1031=EDGE_CURVE('',#838,#839,#415,.T.);
#1032=EDGE_CURVE('',#840,#839,#416,.T.);
#1033=EDGE_CURVE('',#837,#840,#417,.T.);
#1034=EDGE_CURVE('',#839,#841,#418,.T.);
#1035=EDGE_CURVE('',#842,#841,#419,.T.);
#1036=EDGE_CURVE('',#840,#842,#420,.T.);
#1037=EDGE_CURVE('',#841,#843,#421,.T.);
#1038=EDGE_CURVE('',#843,#844,#422,.T.);
#1039=EDGE_CURVE('',#844,#842,#423,.T.);
#1040=EDGE_CURVE('',#817,#845,#424,.T.);
#1041=EDGE_CURVE('',#845,#846,#425,.T.);
#1042=EDGE_CURVE('',#818,#846,#426,.T.);
#1043=EDGE_CURVE('',#822,#847,#427,.T.);
#1044=EDGE_CURVE('',#847,#845,#428,.T.);
#1045=EDGE_CURVE('',#821,#848,#429,.T.);
#1046=EDGE_CURVE('',#848,#847,#430,.T.);
#1047=EDGE_CURVE('',#820,#849,#431,.T.);
#1048=EDGE_CURVE('',#849,#848,#432,.T.);
#1049=EDGE_CURVE('',#819,#850,#433,.T.);
#1050=EDGE_CURVE('',#850,#849,#434,.T.);
#1051=EDGE_CURVE('',#846,#850,#435,.T.);
#1052=EDGE_CURVE('',#826,#851,#436,.T.);
#1053=EDGE_CURVE('',#851,#852,#437,.T.);
#1054=EDGE_CURVE('',#827,#852,#438,.T.);
#1055=EDGE_CURVE('',#825,#853,#439,.T.);
#1056=EDGE_CURVE('',#853,#851,#440,.T.);
#1057=EDGE_CURVE('',#824,#854,#441,.T.);
#1058=EDGE_CURVE('',#854,#853,#442,.T.);
#1059=EDGE_CURVE('',#823,#855,#443,.T.);
#1060=EDGE_CURVE('',#855,#854,#444,.T.);
#1061=EDGE_CURVE('',#828,#856,#445,.T.);
#1062=EDGE_CURVE('',#856,#855,#446,.T.);
#1063=EDGE_CURVE('',#852,#856,#447,.T.);
#1064=EDGE_CURVE('',#801,#857,#711,.T.);
#1065=EDGE_CURVE('',#857,#858,#448,.T.);
#1066=EDGE_CURVE('',#858,#859,#712,.T.);
#1067=EDGE_CURVE('',#859,#860,#449,.T.);
#1068=EDGE_CURVE('',#860,#816,#713,.T.);
#1069=EDGE_CURVE('',#815,#861,#714,.T.);
#1070=EDGE_CURVE('',#861,#862,#450,.T.);
#1071=EDGE_CURVE('',#862,#863,#715,.T.);
#1072=EDGE_CURVE('',#863,#864,#451,.T.);
#1073=EDGE_CURVE('',#864,#799,#716,.T.);
#1074=EDGE_CURVE('',#865,#865,#717,.T.);
#1075=EDGE_CURVE('',#866,#866,#718,.T.);
#1076=EDGE_CURVE('',#833,#867,#719,.T.);
#1077=EDGE_CURVE('',#867,#868,#720,.T.);
#1078=EDGE_CURVE('',#868,#869,#721,.T.);
#1079=EDGE_CURVE('',#869,#870,#722,.T.);
#1080=EDGE_CURVE('',#870,#871,#452,.T.);
#1081=EDGE_CURVE('',#871,#843,#723,.T.);
#1082=EDGE_CURVE('',#872,#838,#453,.T.);
#1083=EDGE_CURVE('',#872,#873,#724,.T.);
#1084=EDGE_CURVE('',#873,#874,#454,.T.);
#1085=EDGE_CURVE('',#874,#875,#725,.T.);
#1086=EDGE_CURVE('',#875,#876,#726,.T.);
#1087=EDGE_CURVE('',#876,#834,#727,.T.);
#1088=EDGE_CURVE('',#877,#878,#455,.T.);
#1089=EDGE_CURVE('',#878,#879,#728,.T.);
#1090=EDGE_CURVE('',#880,#879,#456,.T.);
#1091=EDGE_CURVE('',#880,#881,#729,.T.);
#1092=EDGE_CURVE('',#881,#882,#457,.T.);
#1093=EDGE_CURVE('',#882,#883,#730,.T.);
#1094=EDGE_CURVE('',#884,#883,#458,.T.);
#1095=EDGE_CURVE('',#884,#877,#731,.T.);
#1096=EDGE_CURVE('',#885,#885,#732,.T.);
#1097=EDGE_CURVE('',#886,#886,#733,.T.);
#1098=EDGE_CURVE('',#812,#887,#734,.T.);
#1099=EDGE_CURVE('',#887,#888,#459,.T.);
#1100=EDGE_CURVE('',#888,#889,#735,.T.);
#1101=EDGE_CURVE('',#889,#890,#460,.T.);
#1102=EDGE_CURVE('',#890,#891,#736,.T.);
#1103=EDGE_CURVE('',#891,#809,#461,.T.);
#1104=EDGE_CURVE('',#892,#860,#462,.T.);
#1105=EDGE_CURVE('',#813,#892,#737,.T.);
#1106=EDGE_CURVE('',#892,#893,#463,.T.);
#1107=EDGE_CURVE('',#893,#894,#738,.T.);
#1108=EDGE_CURVE('',#894,#895,#464,.T.);
#1109=EDGE_CURVE('',#895,#804,#739,.T.);
#1110=EDGE_CURVE('',#800,#896,#740,.T.);
#1111=EDGE_CURVE('',#896,#897,#465,.T.);
#1112=EDGE_CURVE('',#897,#898,#741,.T.);
#1113=EDGE_CURVE('',#898,#899,#466,.T.);
#1114=EDGE_CURVE('',#899,#814,#742,.T.);
#1115=EDGE_CURVE('',#810,#900,#467,.T.);
#1116=EDGE_CURVE('',#900,#901,#743,.T.);
#1117=EDGE_CURVE('',#901,#902,#468,.T.);
#1118=EDGE_CURVE('',#902,#903,#744,.T.);
#1119=EDGE_CURVE('',#903,#904,#469,.T.);
#1120=EDGE_CURVE('',#904,#811,#745,.T.);
#1121=EDGE_CURVE('',#905,#906,#470,.T.);
#1122=EDGE_CURVE('',#907,#906,#746,.T.);
#1123=EDGE_CURVE('',#907,#837,#471,.T.);
#1124=EDGE_CURVE('',#844,#908,#747,.T.);
#1125=EDGE_CURVE('',#908,#909,#472,.T.);
#1126=EDGE_CURVE('',#909,#910,#748,.T.);
#1127=EDGE_CURVE('',#910,#911,#749,.T.);
#1128=EDGE_CURVE('',#911,#912,#750,.T.);
#1129=EDGE_CURVE('',#912,#836,#751,.T.);
#1130=EDGE_CURVE('',#835,#913,#752,.T.);
#1131=EDGE_CURVE('',#913,#914,#753,.T.);
#1132=EDGE_CURVE('',#914,#905,#754,.T.);
#1133=EDGE_CURVE('',#915,#915,#755,.T.);
#1134=EDGE_CURVE('',#916,#917,#473,.T.);
#1135=EDGE_CURVE('',#916,#918,#756,.T.);
#1136=EDGE_CURVE('',#918,#919,#474,.T.);
#1137=EDGE_CURVE('',#919,#920,#757,.T.);
#1138=EDGE_CURVE('',#921,#920,#475,.T.);
#1139=EDGE_CURVE('',#921,#922,#758,.T.);
#1140=EDGE_CURVE('',#922,#923,#476,.T.);
#1141=EDGE_CURVE('',#923,#917,#759,.T.);
#1142=EDGE_CURVE('',#924,#924,#760,.T.);
#1143=EDGE_CURVE('',#925,#925,#761,.T.);
#1144=EDGE_CURVE('',#926,#926,#762,.T.);
#1145=EDGE_CURVE('',#861,#899,#477,.T.);
#1146=EDGE_CURVE('',#863,#897,#478,.T.);
#1147=EDGE_CURVE('',#896,#864,#479,.T.);
#1148=EDGE_CURVE('',#857,#895,#480,.T.);
#1149=EDGE_CURVE('',#894,#858,#481,.T.);
#1150=EDGE_CURVE('',#859,#893,#482,.T.);
#1151=EDGE_CURVE('',#898,#862,#483,.T.);
#1152=EDGE_CURVE('',#877,#923,#484,.T.);
#1153=EDGE_CURVE('',#922,#878,#485,.T.);
#1154=EDGE_CURVE('',#879,#921,#486,.T.);
#1155=EDGE_CURVE('',#920,#880,#487,.T.);
#1156=EDGE_CURVE('',#881,#919,#488,.T.);
#1157=EDGE_CURVE('',#918,#882,#489,.T.);
#1158=EDGE_CURVE('',#883,#916,#490,.T.);
#1159=EDGE_CURVE('',#917,#884,#491,.T.);
#1160=EDGE_CURVE('',#885,#927,#492,.T.);
#1161=EDGE_CURVE('',#928,#927,#27,.T.);
#1162=EDGE_CURVE('',#927,#928,#28,.T.);
#1163=EDGE_CURVE('',#866,#929,#493,.T.);
#1164=EDGE_CURVE('',#930,#929,#29,.T.);
#1165=EDGE_CURVE('',#929,#930,#30,.T.);
#1166=EDGE_CURVE('',#908,#871,#494,.T.);
#1167=EDGE_CURVE('',#907,#872,#495,.T.);
#1168=EDGE_CURVE('',#906,#873,#496,.T.);
#1169=EDGE_CURVE('',#905,#874,#497,.T.);
#1170=EDGE_CURVE('',#875,#914,#498,.T.);
#1171=EDGE_CURVE('',#876,#913,#499,.T.);
#1172=EDGE_CURVE('',#867,#912,#500,.T.);
#1173=EDGE_CURVE('',#911,#868,#501,.T.);
#1174=EDGE_CURVE('',#910,#869,#502,.T.);
#1175=EDGE_CURVE('',#870,#909,#503,.T.);
#1176=EDGE_CURVE('',#865,#931,#504,.T.);
#1177=EDGE_CURVE('',#932,#931,#31,.T.);
#1178=EDGE_CURVE('',#931,#932,#32,.T.);
#1179=EDGE_CURVE('',#886,#933,#505,.T.);
#1180=EDGE_CURVE('',#934,#933,#33,.T.);
#1181=EDGE_CURVE('',#933,#934,#34,.T.);
#1182=EDGE_CURVE('',#887,#904,#506,.T.);
#1183=EDGE_CURVE('',#903,#888,#507,.T.);
#1184=EDGE_CURVE('',#889,#902,#508,.T.);
#1185=EDGE_CURVE('',#901,#890,#509,.T.);
#1186=EDGE_CURVE('',#891,#900,#510,.T.);
#1187=EDGE_CURVE('',#915,#935,#511,.T.);
#1188=EDGE_CURVE('',#935,#935,#35,.T.);
#1189=EDGE_CURVE('',#924,#936,#512,.T.);
#1190=EDGE_CURVE('',#936,#936,#36,.T.);
#1191=EDGE_CURVE('',#925,#937,#513,.T.);
#1192=EDGE_CURVE('',#937,#937,#37,.T.);
#1193=EDGE_CURVE('',#926,#938,#514,.T.);
#1194=EDGE_CURVE('',#938,#938,#38,.T.);
#1195=EDGE_CURVE('',#927,#939,#515,.T.);
#1196=EDGE_CURVE('',#939,#939,#763,.T.);
#1197=EDGE_CURVE('',#929,#940,#516,.T.);
#1198=EDGE_CURVE('',#940,#940,#764,.T.);
#1199=EDGE_CURVE('',#931,#941,#517,.T.);
#1200=EDGE_CURVE('',#941,#941,#765,.T.);
#1201=EDGE_CURVE('',#933,#942,#518,.T.);
#1202=EDGE_CURVE('',#942,#942,#766,.T.);
#1203=EDGE_CURVE('',#935,#943,#519,.T.);
#1204=EDGE_CURVE('',#943,#943,#767,.T.);
#1205=EDGE_CURVE('',#936,#944,#520,.T.);
#1206=EDGE_CURVE('',#944,#944,#768,.T.);
#1207=EDGE_CURVE('',#937,#945,#521,.T.);
#1208=EDGE_CURVE('',#945,#945,#769,.T.);
#1209=EDGE_CURVE('',#938,#946,#522,.T.);
#1210=EDGE_CURVE('',#946,#946,#770,.T.);
#1211=ORIENTED_EDGE('',*,*,#947,.T.);
#1212=ORIENTED_EDGE('',*,*,#948,.T.);
#1213=ORIENTED_EDGE('',*,*,#949,.T.);
#1214=ORIENTED_EDGE('',*,*,#950,.T.);
#1215=ORIENTED_EDGE('',*,*,#948,.F.);
#1216=ORIENTED_EDGE('',*,*,#951,.F.);
#1217=ORIENTED_EDGE('',*,*,#952,.F.);
#1218=ORIENTED_EDGE('',*,*,#953,.F.);
#1219=ORIENTED_EDGE('',*,*,#954,.T.);
#1220=ORIENTED_EDGE('',*,*,#955,.T.);
#1221=ORIENTED_EDGE('',*,*,#956,.T.);
#1222=ORIENTED_EDGE('',*,*,#952,.T.);
#1223=ORIENTED_EDGE('',*,*,#955,.F.);
#1224=ORIENTED_EDGE('',*,*,#957,.F.);
#1225=ORIENTED_EDGE('',*,*,#958,.F.);
#1226=ORIENTED_EDGE('',*,*,#959,.F.);
#1227=ORIENTED_EDGE('',*,*,#960,.T.);
#1228=ORIENTED_EDGE('',*,*,#961,.T.);
#1229=ORIENTED_EDGE('',*,*,#962,.T.);
#1230=ORIENTED_EDGE('',*,*,#958,.T.);
#1231=ORIENTED_EDGE('',*,*,#961,.F.);
#1232=ORIENTED_EDGE('',*,*,#963,.F.);
#1233=ORIENTED_EDGE('',*,*,#964,.F.);
#1234=ORIENTED_EDGE('',*,*,#965,.F.);
#1235=ORIENTED_EDGE('',*,*,#966,.T.);
#1236=ORIENTED_EDGE('',*,*,#967,.T.);
#1237=ORIENTED_EDGE('',*,*,#968,.T.);
#1238=ORIENTED_EDGE('',*,*,#964,.T.);
#1239=ORIENTED_EDGE('',*,*,#950,.F.);
#1240=ORIENTED_EDGE('',*,*,#969,.F.);
#1241=ORIENTED_EDGE('',*,*,#967,.F.);
#1242=ORIENTED_EDGE('',*,*,#970,.F.);
#1243=ORIENTED_EDGE('',*,*,#971,.F.);
#1244=ORIENTED_EDGE('',*,*,#972,.T.);
#1245=ORIENTED_EDGE('',*,*,#973,.T.);
#1246=ORIENTED_EDGE('',*,*,#972,.F.);
#1247=ORIENTED_EDGE('',*,*,#973,.F.);
#1248=ORIENTED_EDGE('',*,*,#974,.F.);
#1249=ORIENTED_EDGE('',*,*,#975,.T.);
#1250=ORIENTED_EDGE('',*,*,#976,.T.);
#1251=ORIENTED_EDGE('',*,*,#975,.F.);
#1252=ORIENTED_EDGE('',*,*,#976,.F.);
#1253=ORIENTED_EDGE('',*,*,#977,.F.);
#1254=ORIENTED_EDGE('',*,*,#978,.T.);
#1255=ORIENTED_EDGE('',*,*,#979,.T.);
#1256=ORIENTED_EDGE('',*,*,#978,.F.);
#1257=ORIENTED_EDGE('',*,*,#979,.F.);
#1258=ORIENTED_EDGE('',*,*,#980,.F.);
#1259=ORIENTED_EDGE('',*,*,#981,.T.);
#1260=ORIENTED_EDGE('',*,*,#982,.T.);
#1261=ORIENTED_EDGE('',*,*,#981,.F.);
#1262=ORIENTED_EDGE('',*,*,#982,.F.);
#1263=ORIENTED_EDGE('',*,*,#983,.T.);
#1264=ORIENTED_EDGE('',*,*,#984,.F.);
#1265=ORIENTED_EDGE('',*,*,#985,.F.);
#1266=ORIENTED_EDGE('',*,*,#986,.T.);
#1267=ORIENTED_EDGE('',*,*,#987,.T.);
#1268=ORIENTED_EDGE('',*,*,#988,.F.);
#1269=ORIENTED_EDGE('',*,*,#989,.T.);
#1270=ORIENTED_EDGE('',*,*,#984,.T.);
#1271=ORIENTED_EDGE('',*,*,#990,.T.);
#1272=ORIENTED_EDGE('',*,*,#991,.F.);
#1273=ORIENTED_EDGE('',*,*,#992,.F.);
#1274=ORIENTED_EDGE('',*,*,#993,.F.);
#1275=ORIENTED_EDGE('',*,*,#994,.T.);
#1276=ORIENTED_EDGE('',*,*,#995,.F.);
#1277=ORIENTED_EDGE('',*,*,#996,.F.);
#1278=ORIENTED_EDGE('',*,*,#991,.T.);
#1279=ORIENTED_EDGE('',*,*,#997,.T.);
#1280=ORIENTED_EDGE('',*,*,#986,.F.);
#1281=ORIENTED_EDGE('',*,*,#998,.F.);
#1282=ORIENTED_EDGE('',*,*,#995,.T.);
#1283=ORIENTED_EDGE('',*,*,#971,.T.);
#1284=ORIENTED_EDGE('',*,*,#974,.T.);
#1285=ORIENTED_EDGE('',*,*,#977,.T.);
#1286=ORIENTED_EDGE('',*,*,#980,.T.);
#1287=ORIENTED_EDGE('',*,*,#999,.F.);
#1288=ORIENTED_EDGE('',*,*,#1000,.F.);
#1289=ORIENTED_EDGE('',*,*,#1001,.F.);
#1290=ORIENTED_EDGE('',*,*,#1002,.T.);
#1291=ORIENTED_EDGE('',*,*,#999,.T.);
#1292=ORIENTED_EDGE('',*,*,#1003,.F.);
#1293=ORIENTED_EDGE('',*,*,#1004,.T.);
#1294=ORIENTED_EDGE('',*,*,#1005,.F.);
#1295=ORIENTED_EDGE('',*,*,#1006,.T.);
#1296=ORIENTED_EDGE('',*,*,#1007,.T.);
#1297=ORIENTED_EDGE('',*,*,#1008,.T.);
#1298=ORIENTED_EDGE('',*,*,#1009,.T.);
#1299=ORIENTED_EDGE('',*,*,#1010,.T.);
#1300=ORIENTED_EDGE('',*,*,#1011,.T.);
#1301=ORIENTED_EDGE('',*,*,#1012,.T.);
#1302=ORIENTED_EDGE('',*,*,#1013,.T.);
#1303=ORIENTED_EDGE('',*,*,#1014,.T.);
#1304=ORIENTED_EDGE('',*,*,#1015,.T.);
#1305=ORIENTED_EDGE('',*,*,#1016,.T.);
#1306=ORIENTED_EDGE('',*,*,#1017,.T.);
#1307=ORIENTED_EDGE('',*,*,#1018,.T.);
#1308=ORIENTED_EDGE('',*,*,#1019,.T.);
#1309=ORIENTED_EDGE('',*,*,#1020,.T.);
#1310=ORIENTED_EDGE('',*,*,#1021,.T.);
#1311=ORIENTED_EDGE('',*,*,#1022,.F.);
#1312=ORIENTED_EDGE('',*,*,#1023,.F.);
#1313=ORIENTED_EDGE('',*,*,#1024,.F.);
#1314=ORIENTED_EDGE('',*,*,#1025,.F.);
#1315=ORIENTED_EDGE('',*,*,#1026,.T.);
#1316=ORIENTED_EDGE('',*,*,#1027,.F.);
#1317=ORIENTED_EDGE('',*,*,#1028,.F.);
#1318=ORIENTED_EDGE('',*,*,#1029,.T.);
#1319=ORIENTED_EDGE('',*,*,#1030,.T.);
#1320=ORIENTED_EDGE('',*,*,#1031,.T.);
#1321=ORIENTED_EDGE('',*,*,#1032,.F.);
#1322=ORIENTED_EDGE('',*,*,#1033,.F.);
#1323=ORIENTED_EDGE('',*,*,#1034,.T.);
#1324=ORIENTED_EDGE('',*,*,#1035,.F.);
#1325=ORIENTED_EDGE('',*,*,#1036,.F.);
#1326=ORIENTED_EDGE('',*,*,#1032,.T.);
#1327=ORIENTED_EDGE('',*,*,#1037,.T.);
#1328=ORIENTED_EDGE('',*,*,#1038,.T.);
#1329=ORIENTED_EDGE('',*,*,#1039,.T.);
#1330=ORIENTED_EDGE('',*,*,#1035,.T.);
#1331=ORIENTED_EDGE('',*,*,#1010,.F.);
#1332=ORIENTED_EDGE('',*,*,#1040,.T.);
#1333=ORIENTED_EDGE('',*,*,#1041,.T.);
#1334=ORIENTED_EDGE('',*,*,#1042,.F.);
#1335=ORIENTED_EDGE('',*,*,#1015,.F.);
#1336=ORIENTED_EDGE('',*,*,#1043,.T.);
#1337=ORIENTED_EDGE('',*,*,#1044,.T.);
#1338=ORIENTED_EDGE('',*,*,#1040,.F.);
#1339=ORIENTED_EDGE('',*,*,#1014,.F.);
#1340=ORIENTED_EDGE('',*,*,#1045,.T.);
#1341=ORIENTED_EDGE('',*,*,#1046,.T.);
#1342=ORIENTED_EDGE('',*,*,#1043,.F.);
#1343=ORIENTED_EDGE('',*,*,#1013,.F.);
#1344=ORIENTED_EDGE('',*,*,#1047,.T.);
#1345=ORIENTED_EDGE('',*,*,#1048,.T.);
#1346=ORIENTED_EDGE('',*,*,#1045,.F.);
#1347=ORIENTED_EDGE('',*,*,#1012,.F.);
#1348=ORIENTED_EDGE('',*,*,#1049,.T.);
#1349=ORIENTED_EDGE('',*,*,#1050,.T.);
#1350=ORIENTED_EDGE('',*,*,#1047,.F.);
#1351=ORIENTED_EDGE('',*,*,#1011,.F.);
#1352=ORIENTED_EDGE('',*,*,#1042,.T.);
#1353=ORIENTED_EDGE('',*,*,#1051,.T.);
#1354=ORIENTED_EDGE('',*,*,#1049,.F.);
#1355=ORIENTED_EDGE('',*,*,#1051,.F.);
#1356=ORIENTED_EDGE('',*,*,#1041,.F.);
#1357=ORIENTED_EDGE('',*,*,#1044,.F.);
#1358=ORIENTED_EDGE('',*,*,#1046,.F.);
#1359=ORIENTED_EDGE('',*,*,#1048,.F.);
#1360=ORIENTED_EDGE('',*,*,#1050,.F.);
#1361=ORIENTED_EDGE('',*,*,#1019,.F.);
#1362=ORIENTED_EDGE('',*,*,#1052,.T.);
#1363=ORIENTED_EDGE('',*,*,#1053,.T.);
#1364=ORIENTED_EDGE('',*,*,#1054,.F.);
#1365=ORIENTED_EDGE('',*,*,#1018,.F.);
#1366=ORIENTED_EDGE('',*,*,#1055,.T.);
#1367=ORIENTED_EDGE('',*,*,#1056,.T.);
#1368=ORIENTED_EDGE('',*,*,#1052,.F.);
#1369=ORIENTED_EDGE('',*,*,#1017,.F.);
#1370=ORIENTED_EDGE('',*,*,#1057,.T.);
#1371=ORIENTED_EDGE('',*,*,#1058,.T.);
#1372=ORIENTED_EDGE('',*,*,#1055,.F.);
#1373=ORIENTED_EDGE('',*,*,#1016,.F.);
#1374=ORIENTED_EDGE('',*,*,#1059,.T.);
#1375=ORIENTED_EDGE('',*,*,#1060,.T.);
#1376=ORIENTED_EDGE('',*,*,#1057,.F.);
#1377=ORIENTED_EDGE('',*,*,#1021,.F.);
#1378=ORIENTED_EDGE('',*,*,#1061,.T.);
#1379=ORIENTED_EDGE('',*,*,#1062,.T.);
#1380=ORIENTED_EDGE('',*,*,#1059,.F.);
#1381=ORIENTED_EDGE('',*,*,#1020,.F.);
#1382=ORIENTED_EDGE('',*,*,#1054,.T.);
#1383=ORIENTED_EDGE('',*,*,#1063,.T.);
#1384=ORIENTED_EDGE('',*,*,#1061,.F.);
#1385=ORIENTED_EDGE('',*,*,#1063,.F.);
#1386=ORIENTED_EDGE('',*,*,#1053,.F.);
#1387=ORIENTED_EDGE('',*,*,#1056,.F.);
#1388=ORIENTED_EDGE('',*,*,#1058,.F.);
#1389=ORIENTED_EDGE('',*,*,#1060,.F.);
#1390=ORIENTED_EDGE('',*,*,#1062,.F.);
#1391=ORIENTED_EDGE('',*,*,#1064,.T.);
#1392=ORIENTED_EDGE('',*,*,#1065,.T.);
#1393=ORIENTED_EDGE('',*,*,#1066,.T.);
#1394=ORIENTED_EDGE('',*,*,#1067,.T.);
#1395=ORIENTED_EDGE('',*,*,#1068,.T.);
#1396=ORIENTED_EDGE('',*,*,#1008,.F.);
#1397=ORIENTED_EDGE('',*,*,#1069,.T.);
#1398=ORIENTED_EDGE('',*,*,#1070,.T.);
#1399=ORIENTED_EDGE('',*,*,#1071,.T.);
#1400=ORIENTED_EDGE('',*,*,#1072,.T.);
#1401=ORIENTED_EDGE('',*,*,#1073,.T.);
#1402=ORIENTED_EDGE('',*,*,#987,.F.);
#1403=ORIENTED_EDGE('',*,*,#983,.F.);
#1404=ORIENTED_EDGE('',*,*,#997,.F.);
#1405=ORIENTED_EDGE('',*,*,#994,.F.);
#1406=ORIENTED_EDGE('',*,*,#990,.F.);
#1407=ORIENTED_EDGE('',*,*,#965,.T.);
#1408=ORIENTED_EDGE('',*,*,#968,.F.);
#1409=ORIENTED_EDGE('',*,*,#969,.T.);
#1410=ORIENTED_EDGE('',*,*,#949,.F.);
#1411=ORIENTED_EDGE('',*,*,#953,.T.);
#1412=ORIENTED_EDGE('',*,*,#956,.F.);
#1413=ORIENTED_EDGE('',*,*,#959,.T.);
#1414=ORIENTED_EDGE('',*,*,#962,.F.);
#1415=ORIENTED_EDGE('',*,*,#1074,.T.);
#1416=ORIENTED_EDGE('',*,*,#1075,.T.);
#1417=ORIENTED_EDGE('',*,*,#1026,.F.);
#1418=ORIENTED_EDGE('',*,*,#1076,.T.);
#1419=ORIENTED_EDGE('',*,*,#1077,.T.);
#1420=ORIENTED_EDGE('',*,*,#1078,.T.);
#1421=ORIENTED_EDGE('',*,*,#1079,.T.);
#1422=ORIENTED_EDGE('',*,*,#1080,.T.);
#1423=ORIENTED_EDGE('',*,*,#1081,.T.);
#1424=ORIENTED_EDGE('',*,*,#1037,.F.);
#1425=ORIENTED_EDGE('',*,*,#1034,.F.);
#1426=ORIENTED_EDGE('',*,*,#1031,.F.);
#1427=ORIENTED_EDGE('',*,*,#1082,.F.);
#1428=ORIENTED_EDGE('',*,*,#1083,.T.);
#1429=ORIENTED_EDGE('',*,*,#1084,.T.);
#1430=ORIENTED_EDGE('',*,*,#1085,.T.);
#1431=ORIENTED_EDGE('',*,*,#1086,.T.);
#1432=ORIENTED_EDGE('',*,*,#1087,.T.);
#1433=ORIENTED_EDGE('',*,*,#1088,.T.);
#1434=ORIENTED_EDGE('',*,*,#1089,.T.);
#1435=ORIENTED_EDGE('',*,*,#1090,.F.);
#1436=ORIENTED_EDGE('',*,*,#1091,.T.);
#1437=ORIENTED_EDGE('',*,*,#1092,.T.);
#1438=ORIENTED_EDGE('',*,*,#1093,.T.);
#1439=ORIENTED_EDGE('',*,*,#1094,.F.);
#1440=ORIENTED_EDGE('',*,*,#1095,.T.);
#1441=ORIENTED_EDGE('',*,*,#1096,.T.);
#1442=ORIENTED_EDGE('',*,*,#1097,.T.);
#1443=ORIENTED_EDGE('',*,*,#1000,.T.);
#1444=ORIENTED_EDGE('',*,*,#1005,.T.);
#1445=ORIENTED_EDGE('',*,*,#1098,.T.);
#1446=ORIENTED_EDGE('',*,*,#1099,.T.);
#1447=ORIENTED_EDGE('',*,*,#1100,.T.);
#1448=ORIENTED_EDGE('',*,*,#1101,.T.);
#1449=ORIENTED_EDGE('',*,*,#1102,.T.);
#1450=ORIENTED_EDGE('',*,*,#1103,.T.);
#1451=ORIENTED_EDGE('',*,*,#1068,.F.);
#1452=ORIENTED_EDGE('',*,*,#1104,.F.);
#1453=ORIENTED_EDGE('',*,*,#1105,.F.);
#1454=ORIENTED_EDGE('',*,*,#1009,.F.);
#1455=ORIENTED_EDGE('',*,*,#1006,.F.);
#1456=ORIENTED_EDGE('',*,*,#1105,.T.);
#1457=ORIENTED_EDGE('',*,*,#1106,.T.);
#1458=ORIENTED_EDGE('',*,*,#1107,.T.);
#1459=ORIENTED_EDGE('',*,*,#1108,.T.);
#1460=ORIENTED_EDGE('',*,*,#1109,.T.);
#1461=ORIENTED_EDGE('',*,*,#992,.T.);
#1462=ORIENTED_EDGE('',*,*,#996,.T.);
#1463=ORIENTED_EDGE('',*,*,#998,.T.);
#1464=ORIENTED_EDGE('',*,*,#985,.T.);
#1465=ORIENTED_EDGE('',*,*,#989,.F.);
#1466=ORIENTED_EDGE('',*,*,#1110,.T.);
#1467=ORIENTED_EDGE('',*,*,#1111,.T.);
#1468=ORIENTED_EDGE('',*,*,#1112,.T.);
#1469=ORIENTED_EDGE('',*,*,#1113,.T.);
#1470=ORIENTED_EDGE('',*,*,#1114,.T.);
#1471=ORIENTED_EDGE('',*,*,#963,.T.);
#1472=ORIENTED_EDGE('',*,*,#960,.F.);
#1473=ORIENTED_EDGE('',*,*,#957,.T.);
#1474=ORIENTED_EDGE('',*,*,#954,.F.);
#1475=ORIENTED_EDGE('',*,*,#951,.T.);
#1476=ORIENTED_EDGE('',*,*,#947,.F.);
#1477=ORIENTED_EDGE('',*,*,#970,.T.);
#1478=ORIENTED_EDGE('',*,*,#966,.F.);
#1479=ORIENTED_EDGE('',*,*,#1115,.T.);
#1480=ORIENTED_EDGE('',*,*,#1116,.T.);
#1481=ORIENTED_EDGE('',*,*,#1117,.T.);
#1482=ORIENTED_EDGE('',*,*,#1118,.T.);
#1483=ORIENTED_EDGE('',*,*,#1119,.T.);
#1484=ORIENTED_EDGE('',*,*,#1120,.T.);
#1485=ORIENTED_EDGE('',*,*,#1003,.T.);
#1486=ORIENTED_EDGE('',*,*,#1002,.F.);
#1487=ORIENTED_EDGE('',*,*,#1121,.T.);
#1488=ORIENTED_EDGE('',*,*,#1122,.F.);
#1489=ORIENTED_EDGE('',*,*,#1123,.T.);
#1490=ORIENTED_EDGE('',*,*,#1033,.T.);
#1491=ORIENTED_EDGE('',*,*,#1036,.T.);
#1492=ORIENTED_EDGE('',*,*,#1039,.F.);
#1493=ORIENTED_EDGE('',*,*,#1124,.T.);
#1494=ORIENTED_EDGE('',*,*,#1125,.T.);
#1495=ORIENTED_EDGE('',*,*,#1126,.T.);
#1496=ORIENTED_EDGE('',*,*,#1127,.T.);
#1497=ORIENTED_EDGE('',*,*,#1128,.T.);
#1498=ORIENTED_EDGE('',*,*,#1129,.T.);
#1499=ORIENTED_EDGE('',*,*,#1028,.T.);
#1500=ORIENTED_EDGE('',*,*,#1130,.T.);
#1501=ORIENTED_EDGE('',*,*,#1131,.T.);
#1502=ORIENTED_EDGE('',*,*,#1132,.T.);
#1503=ORIENTED_EDGE('',*,*,#1133,.T.);
#1504=ORIENTED_EDGE('',*,*,#1134,.F.);
#1505=ORIENTED_EDGE('',*,*,#1135,.T.);
#1506=ORIENTED_EDGE('',*,*,#1136,.T.);
#1507=ORIENTED_EDGE('',*,*,#1137,.T.);
#1508=ORIENTED_EDGE('',*,*,#1138,.F.);
#1509=ORIENTED_EDGE('',*,*,#1139,.T.);
#1510=ORIENTED_EDGE('',*,*,#1140,.T.);
#1511=ORIENTED_EDGE('',*,*,#1141,.T.);
#1512=ORIENTED_EDGE('',*,*,#1142,.T.);
#1513=ORIENTED_EDGE('',*,*,#1143,.T.);
#1514=ORIENTED_EDGE('',*,*,#1144,.T.);
#1515=ORIENTED_EDGE('',*,*,#1069,.F.);
#1516=ORIENTED_EDGE('',*,*,#1007,.F.);
#1517=ORIENTED_EDGE('',*,*,#1114,.F.);
#1518=ORIENTED_EDGE('',*,*,#1145,.F.);
#1519=ORIENTED_EDGE('',*,*,#1146,.T.);
#1520=ORIENTED_EDGE('',*,*,#1111,.F.);
#1521=ORIENTED_EDGE('',*,*,#1147,.T.);
#1522=ORIENTED_EDGE('',*,*,#1072,.F.);
#1523=ORIENTED_EDGE('',*,*,#1147,.F.);
#1524=ORIENTED_EDGE('',*,*,#1110,.F.);
#1525=ORIENTED_EDGE('',*,*,#988,.T.);
#1526=ORIENTED_EDGE('',*,*,#1073,.F.);
#1527=ORIENTED_EDGE('',*,*,#993,.T.);
#1528=ORIENTED_EDGE('',*,*,#1109,.F.);
#1529=ORIENTED_EDGE('',*,*,#1148,.F.);
#1530=ORIENTED_EDGE('',*,*,#1064,.F.);
#1531=ORIENTED_EDGE('',*,*,#1148,.T.);
#1532=ORIENTED_EDGE('',*,*,#1108,.F.);
#1533=ORIENTED_EDGE('',*,*,#1149,.T.);
#1534=ORIENTED_EDGE('',*,*,#1065,.F.);
#1535=ORIENTED_EDGE('',*,*,#1149,.F.);
#1536=ORIENTED_EDGE('',*,*,#1107,.F.);
#1537=ORIENTED_EDGE('',*,*,#1150,.F.);
#1538=ORIENTED_EDGE('',*,*,#1066,.F.);
#1539=ORIENTED_EDGE('',*,*,#1067,.F.);
#1540=ORIENTED_EDGE('',*,*,#1150,.T.);
#1541=ORIENTED_EDGE('',*,*,#1106,.F.);
#1542=ORIENTED_EDGE('',*,*,#1104,.T.);
#1543=ORIENTED_EDGE('',*,*,#1070,.F.);
#1544=ORIENTED_EDGE('',*,*,#1145,.T.);
#1545=ORIENTED_EDGE('',*,*,#1113,.F.);
#1546=ORIENTED_EDGE('',*,*,#1151,.T.);
#1547=ORIENTED_EDGE('',*,*,#1151,.F.);
#1548=ORIENTED_EDGE('',*,*,#1112,.F.);
#1549=ORIENTED_EDGE('',*,*,#1146,.F.);
#1550=ORIENTED_EDGE('',*,*,#1071,.F.);
#1551=ORIENTED_EDGE('',*,*,#1152,.T.);
#1552=ORIENTED_EDGE('',*,*,#1140,.F.);
#1553=ORIENTED_EDGE('',*,*,#1153,.T.);
#1554=ORIENTED_EDGE('',*,*,#1088,.F.);
#1555=ORIENTED_EDGE('',*,*,#1153,.F.);
#1556=ORIENTED_EDGE('',*,*,#1139,.F.);
#1557=ORIENTED_EDGE('',*,*,#1154,.F.);
#1558=ORIENTED_EDGE('',*,*,#1089,.F.);
#1559=ORIENTED_EDGE('',*,*,#1154,.T.);
#1560=ORIENTED_EDGE('',*,*,#1138,.T.);
#1561=ORIENTED_EDGE('',*,*,#1155,.T.);
#1562=ORIENTED_EDGE('',*,*,#1090,.T.);
#1563=ORIENTED_EDGE('',*,*,#1155,.F.);
#1564=ORIENTED_EDGE('',*,*,#1137,.F.);
#1565=ORIENTED_EDGE('',*,*,#1156,.F.);
#1566=ORIENTED_EDGE('',*,*,#1091,.F.);
#1567=ORIENTED_EDGE('',*,*,#1156,.T.);
#1568=ORIENTED_EDGE('',*,*,#1136,.F.);
#1569=ORIENTED_EDGE('',*,*,#1157,.T.);
#1570=ORIENTED_EDGE('',*,*,#1092,.F.);
#1571=ORIENTED_EDGE('',*,*,#1093,.F.);
#1572=ORIENTED_EDGE('',*,*,#1157,.F.);
#1573=ORIENTED_EDGE('',*,*,#1135,.F.);
#1574=ORIENTED_EDGE('',*,*,#1158,.F.);
#1575=ORIENTED_EDGE('',*,*,#1094,.T.);
#1576=ORIENTED_EDGE('',*,*,#1158,.T.);
#1577=ORIENTED_EDGE('',*,*,#1134,.T.);
#1578=ORIENTED_EDGE('',*,*,#1159,.T.);
#1579=ORIENTED_EDGE('',*,*,#1159,.F.);
#1580=ORIENTED_EDGE('',*,*,#1141,.F.);
#1581=ORIENTED_EDGE('',*,*,#1152,.F.);
#1582=ORIENTED_EDGE('',*,*,#1095,.F.);
#1583=ORIENTED_EDGE('',*,*,#1096,.F.);
#1584=ORIENTED_EDGE('',*,*,#1160,.T.);
#1585=ORIENTED_EDGE('',*,*,#1161,.F.);
#1586=ORIENTED_EDGE('',*,*,#1162,.F.);
#1587=ORIENTED_EDGE('',*,*,#1160,.F.);
#1588=ORIENTED_EDGE('',*,*,#1075,.F.);
#1589=ORIENTED_EDGE('',*,*,#1163,.T.);
#1590=ORIENTED_EDGE('',*,*,#1164,.F.);
#1591=ORIENTED_EDGE('',*,*,#1165,.F.);
#1592=ORIENTED_EDGE('',*,*,#1163,.F.);
#1593=ORIENTED_EDGE('',*,*,#1166,.F.);
#1594=ORIENTED_EDGE('',*,*,#1124,.F.);
#1595=ORIENTED_EDGE('',*,*,#1038,.F.);
#1596=ORIENTED_EDGE('',*,*,#1081,.F.);
#1597=ORIENTED_EDGE('',*,*,#1167,.T.);
#1598=ORIENTED_EDGE('',*,*,#1082,.T.);
#1599=ORIENTED_EDGE('',*,*,#1030,.F.);
#1600=ORIENTED_EDGE('',*,*,#1123,.F.);
#1601=ORIENTED_EDGE('',*,*,#1168,.T.);
#1602=ORIENTED_EDGE('',*,*,#1083,.F.);
#1603=ORIENTED_EDGE('',*,*,#1167,.F.);
#1604=ORIENTED_EDGE('',*,*,#1122,.T.);
#1605=ORIENTED_EDGE('',*,*,#1121,.F.);
#1606=ORIENTED_EDGE('',*,*,#1169,.T.);
#1607=ORIENTED_EDGE('',*,*,#1084,.F.);
#1608=ORIENTED_EDGE('',*,*,#1168,.F.);
#1609=ORIENTED_EDGE('',*,*,#1085,.F.);
#1610=ORIENTED_EDGE('',*,*,#1169,.F.);
#1611=ORIENTED_EDGE('',*,*,#1132,.F.);
#1612=ORIENTED_EDGE('',*,*,#1170,.F.);
#1613=ORIENTED_EDGE('',*,*,#1086,.F.);
#1614=ORIENTED_EDGE('',*,*,#1170,.T.);
#1615=ORIENTED_EDGE('',*,*,#1131,.F.);
#1616=ORIENTED_EDGE('',*,*,#1171,.F.);
#1617=ORIENTED_EDGE('',*,*,#1027,.T.);
#1618=ORIENTED_EDGE('',*,*,#1087,.F.);
#1619=ORIENTED_EDGE('',*,*,#1171,.T.);
#1620=ORIENTED_EDGE('',*,*,#1130,.F.);
#1621=ORIENTED_EDGE('',*,*,#1076,.F.);
#1622=ORIENTED_EDGE('',*,*,#1029,.F.);
#1623=ORIENTED_EDGE('',*,*,#1129,.F.);
#1624=ORIENTED_EDGE('',*,*,#1172,.F.);
#1625=ORIENTED_EDGE('',*,*,#1077,.F.);
#1626=ORIENTED_EDGE('',*,*,#1172,.T.);
#1627=ORIENTED_EDGE('',*,*,#1128,.F.);
#1628=ORIENTED_EDGE('',*,*,#1173,.T.);
#1629=ORIENTED_EDGE('',*,*,#1025,.T.);
#1630=ORIENTED_EDGE('',*,*,#1024,.T.);
#1631=ORIENTED_EDGE('',*,*,#1023,.T.);
#1632=ORIENTED_EDGE('',*,*,#1022,.T.);
#1633=ORIENTED_EDGE('',*,*,#1078,.F.);
#1634=ORIENTED_EDGE('',*,*,#1173,.F.);
#1635=ORIENTED_EDGE('',*,*,#1127,.F.);
#1636=ORIENTED_EDGE('',*,*,#1174,.T.);
#1637=ORIENTED_EDGE('',*,*,#1079,.F.);
#1638=ORIENTED_EDGE('',*,*,#1174,.F.);
#1639=ORIENTED_EDGE('',*,*,#1126,.F.);
#1640=ORIENTED_EDGE('',*,*,#1175,.F.);
#1641=ORIENTED_EDGE('',*,*,#1080,.F.);
#1642=ORIENTED_EDGE('',*,*,#1175,.T.);
#1643=ORIENTED_EDGE('',*,*,#1125,.F.);
#1644=ORIENTED_EDGE('',*,*,#1166,.T.);
#1645=ORIENTED_EDGE('',*,*,#1074,.F.);
#1646=ORIENTED_EDGE('',*,*,#1176,.T.);
#1647=ORIENTED_EDGE('',*,*,#1177,.F.);
#1648=ORIENTED_EDGE('',*,*,#1178,.F.);
#1649=ORIENTED_EDGE('',*,*,#1176,.F.);
#1650=ORIENTED_EDGE('',*,*,#1097,.F.);
#1651=ORIENTED_EDGE('',*,*,#1179,.T.);
#1652=ORIENTED_EDGE('',*,*,#1180,.F.);
#1653=ORIENTED_EDGE('',*,*,#1181,.F.);
#1654=ORIENTED_EDGE('',*,*,#1179,.F.);
#1655=ORIENTED_EDGE('',*,*,#1004,.F.);
#1656=ORIENTED_EDGE('',*,*,#1120,.F.);
#1657=ORIENTED_EDGE('',*,*,#1182,.F.);
#1658=ORIENTED_EDGE('',*,*,#1098,.F.);
#1659=ORIENTED_EDGE('',*,*,#1182,.T.);
#1660=ORIENTED_EDGE('',*,*,#1119,.F.);
#1661=ORIENTED_EDGE('',*,*,#1183,.T.);
#1662=ORIENTED_EDGE('',*,*,#1099,.F.);
#1663=ORIENTED_EDGE('',*,*,#1100,.F.);
#1664=ORIENTED_EDGE('',*,*,#1183,.F.);
#1665=ORIENTED_EDGE('',*,*,#1118,.F.);
#1666=ORIENTED_EDGE('',*,*,#1184,.F.);
#1667=ORIENTED_EDGE('',*,*,#1101,.F.);
#1668=ORIENTED_EDGE('',*,*,#1184,.T.);
#1669=ORIENTED_EDGE('',*,*,#1117,.F.);
#1670=ORIENTED_EDGE('',*,*,#1185,.T.);
#1671=ORIENTED_EDGE('',*,*,#1102,.F.);
#1672=ORIENTED_EDGE('',*,*,#1185,.F.);
#1673=ORIENTED_EDGE('',*,*,#1116,.F.);
#1674=ORIENTED_EDGE('',*,*,#1186,.F.);
#1675=ORIENTED_EDGE('',*,*,#1001,.T.);
#1676=ORIENTED_EDGE('',*,*,#1103,.F.);
#1677=ORIENTED_EDGE('',*,*,#1186,.T.);
#1678=ORIENTED_EDGE('',*,*,#1115,.F.);
#1679=ORIENTED_EDGE('',*,*,#1133,.F.);
#1680=ORIENTED_EDGE('',*,*,#1187,.T.);
#1681=ORIENTED_EDGE('',*,*,#1188,.F.);
#1682=ORIENTED_EDGE('',*,*,#1187,.F.);
#1683=ORIENTED_EDGE('',*,*,#1142,.F.);
#1684=ORIENTED_EDGE('',*,*,#1189,.T.);
#1685=ORIENTED_EDGE('',*,*,#1190,.F.);
#1686=ORIENTED_EDGE('',*,*,#1189,.F.);
#1687=ORIENTED_EDGE('',*,*,#1143,.F.);
#1688=ORIENTED_EDGE('',*,*,#1191,.T.);
#1689=ORIENTED_EDGE('',*,*,#1192,.F.);
#1690=ORIENTED_EDGE('',*,*,#1191,.F.);
#1691=ORIENTED_EDGE('',*,*,#1144,.F.);
#1692=ORIENTED_EDGE('',*,*,#1193,.T.);
#1693=ORIENTED_EDGE('',*,*,#1194,.F.);
#1694=ORIENTED_EDGE('',*,*,#1193,.F.);
#1695=ORIENTED_EDGE('',*,*,#1161,.T.);
#1696=ORIENTED_EDGE('',*,*,#1195,.T.);
#1697=ORIENTED_EDGE('',*,*,#1196,.F.);
#1698=ORIENTED_EDGE('',*,*,#1195,.F.);
#1699=ORIENTED_EDGE('',*,*,#1162,.T.);
#1700=ORIENTED_EDGE('',*,*,#1164,.T.);
#1701=ORIENTED_EDGE('',*,*,#1197,.T.);
#1702=ORIENTED_EDGE('',*,*,#1198,.F.);
#1703=ORIENTED_EDGE('',*,*,#1197,.F.);
#1704=ORIENTED_EDGE('',*,*,#1165,.T.);
#1705=ORIENTED_EDGE('',*,*,#1177,.T.);
#1706=ORIENTED_EDGE('',*,*,#1199,.T.);
#1707=ORIENTED_EDGE('',*,*,#1200,.F.);
#1708=ORIENTED_EDGE('',*,*,#1199,.F.);
#1709=ORIENTED_EDGE('',*,*,#1178,.T.);
#1710=ORIENTED_EDGE('',*,*,#1180,.T.);
#1711=ORIENTED_EDGE('',*,*,#1201,.T.);
#1712=ORIENTED_EDGE('',*,*,#1202,.F.);
#1713=ORIENTED_EDGE('',*,*,#1201,.F.);
#1714=ORIENTED_EDGE('',*,*,#1181,.T.);
#1715=ORIENTED_EDGE('',*,*,#1188,.T.);
#1716=ORIENTED_EDGE('',*,*,#1203,.T.);
#1717=ORIENTED_EDGE('',*,*,#1204,.F.);
#1718=ORIENTED_EDGE('',*,*,#1203,.F.);
#1719=ORIENTED_EDGE('',*,*,#1190,.T.);
#1720=ORIENTED_EDGE('',*,*,#1205,.T.);
#1721=ORIENTED_EDGE('',*,*,#1206,.F.);
#1722=ORIENTED_EDGE('',*,*,#1205,.F.);
#1723=ORIENTED_EDGE('',*,*,#1192,.T.);
#1724=ORIENTED_EDGE('',*,*,#1207,.T.);
#1725=ORIENTED_EDGE('',*,*,#1208,.F.);
#1726=ORIENTED_EDGE('',*,*,#1207,.F.);
#1727=ORIENTED_EDGE('',*,*,#1194,.T.);
#1728=ORIENTED_EDGE('',*,*,#1209,.T.);
#1729=ORIENTED_EDGE('',*,*,#1210,.F.);
#1730=ORIENTED_EDGE('',*,*,#1209,.F.);
#1731=ORIENTED_EDGE('',*,*,#1196,.T.);
#1732=ORIENTED_EDGE('',*,*,#1198,.T.);
#1733=ORIENTED_EDGE('',*,*,#1200,.T.);
#1734=ORIENTED_EDGE('',*,*,#1202,.T.);
#1735=ORIENTED_EDGE('',*,*,#1204,.T.);
#1736=ORIENTED_EDGE('',*,*,#1206,.T.);
#1737=ORIENTED_EDGE('',*,*,#1208,.T.);
#1738=ORIENTED_EDGE('',*,*,#1210,.T.);
#1739=CYLINDRICAL_SURFACE('',#1901,3.);
#1740=CYLINDRICAL_SURFACE('',#1905,3.);
#1741=CYLINDRICAL_SURFACE('',#1909,3.);
#1742=CYLINDRICAL_SURFACE('',#1913,3.);
#1743=CYLINDRICAL_SURFACE('',#1917,2.5);
#1744=CYLINDRICAL_SURFACE('',#1921,2.5);
#1745=CYLINDRICAL_SURFACE('',#1925,2.5);
#1746=CYLINDRICAL_SURFACE('',#1929,2.5);
#1747=CYLINDRICAL_SURFACE('',#1938,1.50000095367432);
#1748=CYLINDRICAL_SURFACE('',#1943,10.0010397200933);
#1749=CYLINDRICAL_SURFACE('',#1944,10.0010397200933);
#1750=CYLINDRICAL_SURFACE('',#1945,10.0011689595247);
#1751=CYLINDRICAL_SURFACE('',#1992,3.49999808663567);
#1752=CYLINDRICAL_SURFACE('',#2020,3.50000031144242);
#1753=CYLINDRICAL_SURFACE('',#2022,19.9999859051425);
#1754=CYLINDRICAL_SURFACE('',#2023,20.0000314153456);
#1755=CYLINDRICAL_SURFACE('',#2025,3.50000245730884);
#1756=CYLINDRICAL_SURFACE('',#2028,3.4999989210569);
#1757=CYLINDRICAL_SURFACE('',#2030,1.50000041677638);
#1758=CYLINDRICAL_SURFACE('',#2032,1.50000214576721);
#1759=CYLINDRICAL_SURFACE('',#2034,1.5000002950374);
#1760=CYLINDRICAL_SURFACE('',#2036,3.49999869215313);
#1761=CYLINDRICAL_SURFACE('',#2039,1.50000333786011);
#1762=CYLINDRICAL_SURFACE('',#2041,1.49999618530273);
#1763=CYLINDRICAL_SURFACE('',#2043,1.50000160887597);
#1764=CYLINDRICAL_SURFACE('',#2044,1.50228479101671);
#1765=CYLINDRICAL_SURFACE('',#2045,10.001168959495);
#1766=CYLINDRICAL_SURFACE('',#2046,6.2500030995378);
#1767=CYLINDRICAL_SURFACE('',#2047,10.0010397200914);
#1768=CYLINDRICAL_SURFACE('',#2048,1.5023593410161);
#1769=CYLINDRICAL_SURFACE('',#2049,1.49999684051538);
#1770=CYLINDRICAL_SURFACE('',#2053,1.49999929371753);
#1771=CYLINDRICAL_SURFACE('',#2055,3.50000075691829);
#1772=CYLINDRICAL_SURFACE('',#2057,1.49999950030873);
#1773=CYLINDRICAL_SURFACE('',#2063,2.54999989162465);
#1774=CYLINDRICAL_SURFACE('',#2065,2.54999972786561);
#1775=CYLINDRICAL_SURFACE('',#2067,2.54999960718094);
#1776=CYLINDRICAL_SURFACE('',#2069,2.54999995845803);
#1777=CYLINDRICAL_SURFACE('',#2071,2.54999989162465);
#1778=CYLINDRICAL_SURFACE('',#2073,2.54999972786561);
#1779=CYLINDRICAL_SURFACE('',#2075,2.54999960718094);
#1780=CYLINDRICAL_SURFACE('',#2077,2.54999995845803);
#1781=ADVANCED_FACE('',(#119),#1739,.F.);
#1782=ADVANCED_FACE('',(#120),#63,.F.);
#1783=ADVANCED_FACE('',(#121),#1740,.F.);
#1784=ADVANCED_FACE('',(#122),#64,.F.);
#1785=ADVANCED_FACE('',(#123),#1741,.F.);
#1786=ADVANCED_FACE('',(#124),#65,.F.);
#1787=ADVANCED_FACE('',(#125),#1742,.F.);
#1788=ADVANCED_FACE('',(#126),#66,.F.);
#1789=ADVANCED_FACE('',(#127),#1743,.F.);
#1790=ADVANCED_FACE('',(#128),#67,.T.);
#1791=ADVANCED_FACE('',(#129),#1744,.F.);
#1792=ADVANCED_FACE('',(#130),#68,.T.);
#1793=ADVANCED_FACE('',(#131),#1745,.F.);
#1794=ADVANCED_FACE('',(#132),#69,.T.);
#1795=ADVANCED_FACE('',(#133),#1746,.F.);
#1796=ADVANCED_FACE('',(#134),#70,.T.);
#1797=ADVANCED_FACE('',(#135),#71,.T.);
#1798=ADVANCED_FACE('',(#136),#72,.T.);
#1799=ADVANCED_FACE('',(#137),#73,.T.);
#1800=ADVANCED_FACE('',(#138),#74,.T.);
#1801=ADVANCED_FACE('',(#139,#39,#40,#41,#42),#75,.T.);
#1802=ADVANCED_FACE('',(#140),#1747,.F.);
#1803=ADVANCED_FACE('',(#141),#76,.T.);
#1804=ADVANCED_FACE('',(#142,#43,#44),#77,.F.);
#1805=ADVANCED_FACE('',(#143),#1748,.F.);
#1806=ADVANCED_FACE('',(#144),#1749,.F.);
#1807=ADVANCED_FACE('',(#145),#1750,.F.);
#1808=ADVANCED_FACE('',(#146),#78,.T.);
#1809=ADVANCED_FACE('',(#147),#79,.T.);
#1810=ADVANCED_FACE('',(#148),#80,.T.);
#1811=ADVANCED_FACE('',(#149),#81,.F.);
#1812=ADVANCED_FACE('',(#150),#82,.F.);
#1813=ADVANCED_FACE('',(#151),#83,.F.);
#1814=ADVANCED_FACE('',(#152),#84,.F.);
#1815=ADVANCED_FACE('',(#153),#85,.F.);
#1816=ADVANCED_FACE('',(#154),#86,.F.);
#1817=ADVANCED_FACE('',(#155),#87,.F.);
#1818=ADVANCED_FACE('',(#156),#88,.F.);
#1819=ADVANCED_FACE('',(#157),#89,.F.);
#1820=ADVANCED_FACE('',(#158),#90,.F.);
#1821=ADVANCED_FACE('',(#159),#91,.F.);
#1822=ADVANCED_FACE('',(#160),#92,.F.);
#1823=ADVANCED_FACE('',(#161),#93,.F.);
#1824=ADVANCED_FACE('',(#162),#94,.F.);
#1825=ADVANCED_FACE('',(#163,#45,#46,#47,#48,#49,#50,#51,#52),#95,.F.);
#1826=ADVANCED_FACE('',(#164),#1751,.T.);
#1827=ADVANCED_FACE('',(#165,#53,#54,#55,#56,#57,#58,#59,#60),#96,.T.);
#1828=ADVANCED_FACE('',(#166),#1752,.T.);
#1829=ADVANCED_FACE('',(#167),#97,.T.);
#1830=ADVANCED_FACE('',(#168),#1753,.F.);
#1831=ADVANCED_FACE('',(#169),#1754,.F.);
#1832=ADVANCED_FACE('',(#170),#98,.T.);
#1833=ADVANCED_FACE('',(#171),#1755,.T.);
#1834=ADVANCED_FACE('',(#172),#99,.F.);
#1835=ADVANCED_FACE('',(#173),#100,.F.);
#1836=ADVANCED_FACE('',(#174),#1756,.T.);
#1837=ADVANCED_FACE('',(#175),#101,.F.);
#1838=ADVANCED_FACE('',(#176),#1757,.F.);
#1839=ADVANCED_FACE('',(#177),#102,.F.);
#1840=ADVANCED_FACE('',(#178),#1758,.F.);
#1841=ADVANCED_FACE('',(#179),#103,.F.);
#1842=ADVANCED_FACE('',(#180),#1759,.F.);
#1843=ADVANCED_FACE('',(#181),#104,.F.);
#1844=ADVANCED_FACE('',(#182),#1760,.F.);
#1845=ADVANCED_FACE('',(#183),#15,.F.);
#1846=ADVANCED_FACE('',(#184),#16,.F.);
#1847=ADVANCED_FACE('',(#185),#1761,.F.);
#1848=ADVANCED_FACE('',(#186),#105,.T.);
#1849=ADVANCED_FACE('',(#187),#1762,.F.);
#1850=ADVANCED_FACE('',(#188),#106,.F.);
#1851=ADVANCED_FACE('',(#189),#1763,.F.);
#1852=ADVANCED_FACE('',(#190),#1764,.T.);
#1853=ADVANCED_FACE('',(#191),#1765,.F.);
#1854=ADVANCED_FACE('',(#192),#1766,.F.);
#1855=ADVANCED_FACE('',(#193,#61,#62),#1767,.F.);
#1856=ADVANCED_FACE('',(#194),#1768,.T.);
#1857=ADVANCED_FACE('',(#195),#1769,.F.);
#1858=ADVANCED_FACE('',(#196),#107,.T.);
#1859=ADVANCED_FACE('',(#197),#17,.F.);
#1860=ADVANCED_FACE('',(#198),#18,.F.);
#1861=ADVANCED_FACE('',(#199),#1770,.F.);
#1862=ADVANCED_FACE('',(#200),#108,.T.);
#1863=ADVANCED_FACE('',(#201),#1771,.F.);
#1864=ADVANCED_FACE('',(#202),#109,.F.);
#1865=ADVANCED_FACE('',(#203),#1772,.F.);
#1866=ADVANCED_FACE('',(#204),#110,.T.);
#1867=ADVANCED_FACE('',(#205),#19,.F.);
#1868=ADVANCED_FACE('',(#206),#20,.F.);
#1869=ADVANCED_FACE('',(#207),#21,.F.);
#1870=ADVANCED_FACE('',(#208),#22,.F.);
#1871=ADVANCED_FACE('',(#209),#1773,.F.);
#1872=ADVANCED_FACE('',(#210),#1774,.F.);
#1873=ADVANCED_FACE('',(#211),#1775,.F.);
#1874=ADVANCED_FACE('',(#212),#1776,.F.);
#1875=ADVANCED_FACE('',(#213),#1777,.F.);
#1876=ADVANCED_FACE('',(#214),#1778,.F.);
#1877=ADVANCED_FACE('',(#215),#1779,.F.);
#1878=ADVANCED_FACE('',(#216),#1780,.F.);
#1879=ADVANCED_FACE('',(#217),#111,.F.);
#1880=ADVANCED_FACE('',(#218),#112,.F.);
#1881=ADVANCED_FACE('',(#219),#113,.F.);
#1882=ADVANCED_FACE('',(#220),#114,.F.);
#1883=ADVANCED_FACE('',(#221),#115,.T.);
#1884=ADVANCED_FACE('',(#222),#116,.T.);
#1885=ADVANCED_FACE('',(#223),#117,.T.);
#1886=ADVANCED_FACE('',(#224),#118,.T.);
#1887=CLOSED_SHELL('',(#1781,#1782,#1783,#1784,#1785,#1786,#1787,#1788,
#1789,#1790,#1791,#1792,#1793,#1794,#1795,#1796,#1797,#1798,#1799,#1800,
#1801,#1802,#1803,#1804,#1805,#1806,#1807,#1808,#1809,#1810,#1811,#1812,
#1813,#1814,#1815,#1816,#1817,#1818,#1819,#1820,#1821,#1822,#1823,#1824,
#1825,#1826,#1827,#1828,#1829,#1830,#1831,#1832,#1833,#1834,#1835,#1836,
#1837,#1838,#1839,#1840,#1841,#1842,#1843,#1844,#1845,#1846,#1847,#1848,
#1849,#1850,#1851,#1852,#1853,#1854,#1855,#1856,#1857,#1858,#1859,#1860,
#1861,#1862,#1863,#1864,#1865,#1866,#1867,#1868,#1869,#1870,#1871,#1872,
#1873,#1874,#1875,#1876,#1877,#1878,#1879,#1880,#1881,#1882,#1883,#1884,
#1885,#1886));
#1888=DERIVED_UNIT_ELEMENT(#1890,1.);
#1889=DERIVED_UNIT_ELEMENT(#3517,-3.);
#1890=(
MASS_UNIT()
NAMED_UNIT(*)
SI_UNIT(.KILO.,.GRAM.)
);
#1891=DERIVED_UNIT((#1888,#1889));
#1892=MEASURE_REPRESENTATION_ITEM('density measure',
POSITIVE_RATIO_MEASURE(7850.),#1891);
#1893=PROPERTY_DEFINITION_REPRESENTATION(#1898,#1895);
#1894=PROPERTY_DEFINITION_REPRESENTATION(#1899,#1896);
#1895=REPRESENTATION('material name',(#1897),#3514);
#1896=REPRESENTATION('density',(#1892),#3514);
#1897=DESCRIPTIVE_REPRESENTATION_ITEM('Steel','Steel');
#1898=PROPERTY_DEFINITION('material property','material name',#3524);
#1899=PROPERTY_DEFINITION('material property','density of part',#3524);
#1900=AXIS2_PLACEMENT_3D('',#2629,#2087,#2088);
#1901=AXIS2_PLACEMENT_3D('',#2630,#2089,#2090);
#1902=AXIS2_PLACEMENT_3D('',#2633,#2091,#2092);
#1903=AXIS2_PLACEMENT_3D('',#2637,#2094,#2095);
#1904=AXIS2_PLACEMENT_3D('',#2639,#2097,#2098);
#1905=AXIS2_PLACEMENT_3D('',#2645,#2102,#2103);
#1906=AXIS2_PLACEMENT_3D('',#2647,#2104,#2105);
#1907=AXIS2_PLACEMENT_3D('',#2650,#2107,#2108);
#1908=AXIS2_PLACEMENT_3D('',#2651,#2109,#2110);
#1909=AXIS2_PLACEMENT_3D('',#2657,#2114,#2115);
#1910=AXIS2_PLACEMENT_3D('',#2659,#2116,#2117);
#1911=AXIS2_PLACEMENT_3D('',#2662,#2119,#2120);
#1912=AXIS2_PLACEMENT_3D('',#2663,#2121,#2122);
#1913=AXIS2_PLACEMENT_3D('',#2669,#2126,#2127);
#1914=AXIS2_PLACEMENT_3D('',#2671,#2128,#2129);
#1915=AXIS2_PLACEMENT_3D('',#2674,#2131,#2132);
#1916=AXIS2_PLACEMENT_3D('',#2675,#2133,#2134);
#1917=AXIS2_PLACEMENT_3D('',#2678,#2137,#2138);
#1918=AXIS2_PLACEMENT_3D('',#2680,#2139,#2140);
#1919=AXIS2_PLACEMENT_3D('',#2683,#2142,#2143);
#1920=AXIS2_PLACEMENT_3D('',#2684,#2144,#2145);
#1921=AXIS2_PLACEMENT_3D('',#2685,#2146,#2147);
#1922=AXIS2_PLACEMENT_3D('',#2687,#2148,#2149);
#1923=AXIS2_PLACEMENT_3D('',#2690,#2151,#2152);
#1924=AXIS2_PLACEMENT_3D('',#2691,#2153,#2154);
#1925=AXIS2_PLACEMENT_3D('',#2692,#2155,#2156);
#1926=AXIS2_PLACEMENT_3D('',#2694,#2157,#2158);
#1927=AXIS2_PLACEMENT_3D('',#2697,#2160,#2161);
#1928=AXIS2_PLACEMENT_3D('',#2698,#2162,#2163);
#1929=AXIS2_PLACEMENT_3D('',#2699,#2164,#2165);
#1930=AXIS2_PLACEMENT_3D('',#2701,#2166,#2167);
#1931=AXIS2_PLACEMENT_3D('',#2704,#2169,#2170);
#1932=AXIS2_PLACEMENT_3D('',#2705,#2171,#2172);
#1933=AXIS2_PLACEMENT_3D('',#2706,#2173,#2174);
#1934=AXIS2_PLACEMENT_3D('',#2715,#2179,#2180);
#1935=AXIS2_PLACEMENT_3D('',#2721,#2184,#2185);
#1936=AXIS2_PLACEMENT_3D('',#2730,#2190,#2191);
#1937=AXIS2_PLACEMENT_3D('',#2736,#2195,#2196);
#1938=AXIS2_PLACEMENT_3D('',#2739,#2199,#2200);
#1939=AXIS2_PLACEMENT_3D('',#2744,#2202,#2203);
#1940=AXIS2_PLACEMENT_3D('',#2747,#2205,#2206);
#1941=AXIS2_PLACEMENT_3D('',#2748,#2207,#2208);
#1942=AXIS2_PLACEMENT_3D('',#2754,#2212,#2213);
#1943=AXIS2_PLACEMENT_3D('',#2787,#2230,#2231);
#1944=AXIS2_PLACEMENT_3D('',#2823,#2232,#2233);
#1945=AXIS2_PLACEMENT_3D('',#2865,#2234,#2235);
#1946=AXIS2_PLACEMENT_3D('',#2868,#2236,#2237);
#1947=AXIS2_PLACEMENT_3D('',#2872,#2239,#2240);
#1948=AXIS2_PLACEMENT_3D('',#2874,#2242,#2243);
#1949=AXIS2_PLACEMENT_3D('',#2883,#2248,#2249);
#1950=AXIS2_PLACEMENT_3D('',#2889,#2253,#2254);
#1951=AXIS2_PLACEMENT_3D('',#2895,#2258,#2259);
#1952=AXIS2_PLACEMENT_3D('',#2901,#2263,#2264);
#1953=AXIS2_PLACEMENT_3D('',#2905,#2267,#2268);
#1954=AXIS2_PLACEMENT_3D('',#2909,#2271,#2272);
#1955=AXIS2_PLACEMENT_3D('',#2913,#2275,#2276);
#1956=AXIS2_PLACEMENT_3D('',#2917,#2279,#2280);
#1957=AXIS2_PLACEMENT_3D('',#2919,#2282,#2283);
#1958=AXIS2_PLACEMENT_3D('',#2920,#2284,#2285);
#1959=AXIS2_PLACEMENT_3D('',#2926,#2289,#2290);
#1960=AXIS2_PLACEMENT_3D('',#2930,#2293,#2294);
#1961=AXIS2_PLACEMENT_3D('',#2934,#2297,#2298);
#1962=AXIS2_PLACEMENT_3D('',#2938,#2301,#2302);
#1963=AXIS2_PLACEMENT_3D('',#2942,#2305,#2306);
#1964=AXIS2_PLACEMENT_3D('',#2944,#2308,#2309);
#1965=AXIS2_PLACEMENT_3D('',#2945,#2310,#2311);
#1966=AXIS2_PLACEMENT_3D('',#2947,#2312,#2313);
#1967=AXIS2_PLACEMENT_3D('',#2951,#2315,#2316);
#1968=AXIS2_PLACEMENT_3D('',#2954,#2318,#2319);
#1969=AXIS2_PLACEMENT_3D('',#2956,#2320,#2321);
#1970=AXIS2_PLACEMENT_3D('',#2960,#2323,#2324);
#1971=AXIS2_PLACEMENT_3D('',#2963,#2326,#2327);
#1972=AXIS2_PLACEMENT_3D('',#2965,#2328,#2329);
#1973=AXIS2_PLACEMENT_3D('',#2967,#2330,#2331);
#1974=AXIS2_PLACEMENT_3D('',#2969,#2332,#2333);
#1975=AXIS2_PLACEMENT_3D('',#2971,#2334,#2335);
#1976=AXIS2_PLACEMENT_3D('',#2973,#2336,#2337);
#1977=AXIS2_PLACEMENT_3D('',#2975,#2338,#2339);
#1978=AXIS2_PLACEMENT_3D('',#2978,#2341,#2342);
#1979=AXIS2_PLACEMENT_3D('',#2982,#2344,#2345);
#1980=AXIS2_PLACEMENT_3D('',#2986,#2347,#2348);
#1981=AXIS2_PLACEMENT_3D('',#2988,#2349,#2350);
#1982=AXIS2_PLACEMENT_3D('',#2989,#2351,#2352);
#1983=AXIS2_PLACEMENT_3D('',#2994,#2354,#2355);
#1984=AXIS2_PLACEMENT_3D('',#2998,#2357,#2358);
#1985=AXIS2_PLACEMENT_3D('',#3002,#2360,#2361);
#1986=AXIS2_PLACEMENT_3D('',#3005,#2363,#2364);
#1987=AXIS2_PLACEMENT_3D('',#3007,#2365,#2366);
#1988=AXIS2_PLACEMENT_3D('',#3009,#2367,#2368);
#1989=AXIS2_PLACEMENT_3D('',#3011,#2369,#2370);
#1990=AXIS2_PLACEMENT_3D('',#3015,#2372,#2373);
#1991=AXIS2_PLACEMENT_3D('',#3019,#2375,#2376);
#1992=AXIS2_PLACEMENT_3D('',#3021,#2378,#2379);
#1993=AXIS2_PLACEMENT_3D('',#3024,#2381,#2382);
#1994=AXIS2_PLACEMENT_3D('',#3025,#2383,#2384);
#1995=AXIS2_PLACEMENT_3D('',#3029,#2386,#2387);
#1996=AXIS2_PLACEMENT_3D('',#3032,#2389,#2390);
#1997=AXIS2_PLACEMENT_3D('',#3034,#2391,#2392);
#1998=AXIS2_PLACEMENT_3D('',#3038,#2394,#2395);
#1999=AXIS2_PLACEMENT_3D('',#3041,#2397,#2398);
#2000=AXIS2_PLACEMENT_3D('',#3045,#2400,#2401);
#2001=AXIS2_PLACEMENT_3D('',#3049,#2403,#2404);
#2002=AXIS2_PLACEMENT_3D('',#3052,#2406,#2407);
#2003=AXIS2_PLACEMENT_3D('',#3057,#2409,#2410);
#2004=AXIS2_PLACEMENT_3D('',#3060,#2412,#2413);
#2005=AXIS2_PLACEMENT_3D('',#3064,#2415,#2416);
#2006=AXIS2_PLACEMENT_3D('',#3066,#2417,#2418);
#2007=AXIS2_PLACEMENT_3D('',#3068,#2419,#2420);
#2008=AXIS2_PLACEMENT_3D('',#3069,#2421,#2422);
#2009=AXIS2_PLACEMENT_3D('',#3071,#2423,#2424);
#2010=AXIS2_PLACEMENT_3D('',#3073,#2425,#2426);
#2011=AXIS2_PLACEMENT_3D('',#3074,#2427,#2428);
#2012=AXIS2_PLACEMENT_3D('',#3076,#2429,#2430);
#2013=AXIS2_PLACEMENT_3D('',#3081,#2432,#2433);
#2014=AXIS2_PLACEMENT_3D('',#3085,#2435,#2436);
#2015=AXIS2_PLACEMENT_3D('',#3089,#2438,#2439);
#2016=AXIS2_PLACEMENT_3D('',#3092,#2441,#2442);
#2017=AXIS2_PLACEMENT_3D('',#3094,#2443,#2444);
#2018=AXIS2_PLACEMENT_3D('',#3096,#2445,#2446);
#2019=AXIS2_PLACEMENT_3D('',#3098,#2447,#2448);
#2020=AXIS2_PLACEMENT_3D('',#3099,#2449,#2450);
#2021=AXIS2_PLACEMENT_3D('',#3101,#2452,#2453);
#2022=AXIS2_PLACEMENT_3D('',#3104,#2456,#2457);
#2023=AXIS2_PLACEMENT_3D('',#3105,#2458,#2459);
#2024=AXIS2_PLACEMENT_3D('',#3107,#2461,#2462);
#2025=AXIS2_PLACEMENT_3D('',#3109,#2464,#2465);
#2026=AXIS2_PLACEMENT_3D('',#3111,#2467,#2468);
#2027=AXIS2_PLACEMENT_3D('',#3112,#2469,#2470);
#2028=AXIS2_PLACEMENT_3D('',#3114,#2472,#2473);
#2029=AXIS2_PLACEMENT_3D('',#3115,#2474,#2475);
#2030=AXIS2_PLACEMENT_3D('',#3118,#2478,#2479);
#2031=AXIS2_PLACEMENT_3D('',#3120,#2481,#2482);
#2032=AXIS2_PLACEMENT_3D('',#3122,#2484,#2485);
#2033=AXIS2_PLACEMENT_3D('',#3124,#2487,#2488);
#2034=AXIS2_PLACEMENT_3D('',#3126,#2490,#2491);
#2035=AXIS2_PLACEMENT_3D('',#3128,#2493,#2494);
#2036=AXIS2_PLACEMENT_3D('',#3130,#2496,#2497);
#2037=AXIS2_PLACEMENT_3D('',#3131,#2498,#2499);
#2038=AXIS2_PLACEMENT_3D('',#3171,#2501,#2502);
#2039=AXIS2_PLACEMENT_3D('',#3211,#2504,#2505);
#2040=AXIS2_PLACEMENT_3D('',#3213,#2507,#2508);
#2041=AXIS2_PLACEMENT_3D('',#3215,#2510,#2511);
#2042=AXIS2_PLACEMENT_3D('',#3217,#2513,#2514);
#2043=AXIS2_PLACEMENT_3D('',#3219,#2516,#2517);
#2044=AXIS2_PLACEMENT_3D('',#3221,#2519,#2520);
#2045=AXIS2_PLACEMENT_3D('',#3223,#2522,#2523);
#2046=AXIS2_PLACEMENT_3D('',#3224,#2524,#2525);
#2047=AXIS2_PLACEMENT_3D('',#3226,#2527,#2528);
#2048=AXIS2_PLACEMENT_3D('',#3228,#2530,#2531);
#2049=AXIS2_PLACEMENT_3D('',#3230,#2533,#2534);
#2050=AXIS2_PLACEMENT_3D('',#3232,#2536,#2537);
#2051=AXIS2_PLACEMENT_3D('',#3233,#2538,#2539);
#2052=AXIS2_PLACEMENT_3D('',#3273,#2541,#2542);
#2053=AXIS2_PLACEMENT_3D('',#3313,#2544,#2545);
#2054=AXIS2_PLACEMENT_3D('',#3315,#2547,#2548);
#2055=AXIS2_PLACEMENT_3D('',#3317,#2550,#2551);
#2056=AXIS2_PLACEMENT_3D('',#3319,#2553,#2554);
#2057=AXIS2_PLACEMENT_3D('',#3321,#2556,#2557);
#2058=AXIS2_PLACEMENT_3D('',#3323,#2559,#2560);
#2059=AXIS2_PLACEMENT_3D('',#3324,#2561,#2562);
#2060=AXIS2_PLACEMENT_3D('',#3361,#2564,#2565);
#2061=AXIS2_PLACEMENT_3D('',#3398,#2567,#2568);
#2062=AXIS2_PLACEMENT_3D('',#3435,#2570,#2571);
#2063=AXIS2_PLACEMENT_3D('',#3472,#2573,#2574);
#2064=AXIS2_PLACEMENT_3D('',#3475,#2576,#2577);
#2065=AXIS2_PLACEMENT_3D('',#3476,#2578,#2579);
#2066=AXIS2_PLACEMENT_3D('',#3479,#2581,#2582);
#2067=AXIS2_PLACEMENT_3D('',#3480,#2583,#2584);
#2068=AXIS2_PLACEMENT_3D('',#3483,#2586,#2587);
#2069=AXIS2_PLACEMENT_3D('',#3484,#2588,#2589);
#2070=AXIS2_PLACEMENT_3D('',#3487,#2591,#2592);
#2071=AXIS2_PLACEMENT_3D('',#3488,#2593,#2594);
#2072=AXIS2_PLACEMENT_3D('',#3491,#2596,#2597);
#2073=AXIS2_PLACEMENT_3D('',#3492,#2598,#2599);
#2074=AXIS2_PLACEMENT_3D('',#3495,#2601,#2602);
#2075=AXIS2_PLACEMENT_3D('',#3496,#2603,#2604);
#2076=AXIS2_PLACEMENT_3D('',#3499,#2606,#2607);
#2077=AXIS2_PLACEMENT_3D('',#3500,#2608,#2609);
#2078=AXIS2_PLACEMENT_3D('',#3503,#2611,#2612);
#2079=AXIS2_PLACEMENT_3D('',#3504,#2613,#2614);
#2080=AXIS2_PLACEMENT_3D('',#3505,#2615,#2616);
#2081=AXIS2_PLACEMENT_3D('',#3506,#2617,#2618);
#2082=AXIS2_PLACEMENT_3D('',#3507,#2619,#2620);
#2083=AXIS2_PLACEMENT_3D('',#3508,#2621,#2622);
#2084=AXIS2_PLACEMENT_3D('',#3509,#2623,#2624);
#2085=AXIS2_PLACEMENT_3D('',#3510,#2625,#2626);
#2086=AXIS2_PLACEMENT_3D('',#3511,#2627,#2628);
#2087=DIRECTION('axis',(0.,0.,1.));
#2088=DIRECTION('refdir',(1.,0.,0.));
#2089=DIRECTION('center_axis',(0.,0.,-1.));
#2090=DIRECTION('ref_axis',(0.707106781186547,-0.707106781186547,0.));
#2091=DIRECTION('center_axis',(0.,0.,1.));
#2092=DIRECTION('ref_axis',(0.707106781186547,-0.707106781186547,0.));
#2093=DIRECTION('',(0.,0.,-1.));
#2094=DIRECTION('center_axis',(0.,0.,-1.));
#2095=DIRECTION('ref_axis',(0.707106781186547,-0.707106781186547,0.));
#2096=DIRECTION('',(0.,0.,1.));
#2097=DIRECTION('center_axis',(1.,0.,0.));
#2098=DIRECTION('ref_axis',(0.,-1.,0.));
#2099=DIRECTION('',(0.,-1.,0.));
#2100=DIRECTION('',(0.,0.,1.));
#2101=DIRECTION('',(0.,1.,0.));
#2102=DIRECTION('center_axis',(0.,0.,-1.));
#2103=DIRECTION('ref_axis',(0.707106781186547,0.707106781186548,0.));
#2104=DIRECTION('center_axis',(0.,0.,1.));
#2105=DIRECTION('ref_axis',(0.707106781186547,0.707106781186548,0.));
#2106=DIRECTION('',(0.,0.,-1.));
#2107=DIRECTION('center_axis',(0.,0.,-1.));
#2108=DIRECTION('ref_axis',(0.707106781186547,0.707106781186548,0.));
#2109=DIRECTION('center_axis',(0.,1.,0.));
#2110=DIRECTION('ref_axis',(1.,0.,0.));
#2111=DIRECTION('',(1.,0.,0.));
#2112=DIRECTION('',(0.,0.,1.));
#2113=DIRECTION('',(-1.,0.,0.));
#2114=DIRECTION('center_axis',(0.,0.,-1.));
#2115=DIRECTION('ref_axis',(-0.707106781186547,0.707106781186548,0.));
#2116=DIRECTION('center_axis',(0.,0.,1.));
#2117=DIRECTION('ref_axis',(-0.707106781186547,0.707106781186548,0.));
#2118=DIRECTION('',(0.,0.,-1.));
#2119=DIRECTION('center_axis',(0.,0.,-1.));
#2120=DIRECTION('ref_axis',(-0.707106781186547,0.707106781186548,0.));
#2121=DIRECTION('center_axis',(-1.,0.,0.));
#2122=DIRECTION('ref_axis',(0.,1.,0.));
#2123=DIRECTION('',(0.,1.,0.));
#2124=DIRECTION('',(0.,0.,1.));
#2125=DIRECTION('',(0.,-1.,0.));
#2126=DIRECTION('center_axis',(0.,0.,-1.));
#2127=DIRECTION('ref_axis',(-0.707106781186547,-0.707106781186548,0.));
#2128=DIRECTION('center_axis',(0.,0.,1.));
#2129=DIRECTION('ref_axis',(-0.707106781186547,-0.707106781186548,0.));
#2130=DIRECTION('',(0.,0.,-1.));
#2131=DIRECTION('center_axis',(0.,0.,-1.));
#2132=DIRECTION('ref_axis',(-0.707106781186547,-0.707106781186548,0.));
#2133=DIRECTION('center_axis',(0.,-1.,0.));
#2134=DIRECTION('ref_axis',(-1.,0.,0.));
#2135=DIRECTION('',(1.,0.,0.));
#2136=DIRECTION('',(-1.,0.,0.));
#2137=DIRECTION('center_axis',(0.,-1.,0.));
#2138=DIRECTION('ref_axis',(-1.,0.,0.));
#2139=DIRECTION('center_axis',(0.,-1.,0.));
#2140=DIRECTION('ref_axis',(-1.,0.,0.));
#2141=DIRECTION('',(0.,-1.,0.));
#2142=DIRECTION('center_axis',(0.,-1.,0.));
#2143=DIRECTION('ref_axis',(-1.,0.,0.));
#2144=DIRECTION('center_axis',(0.,1.,0.));
#2145=DIRECTION('ref_axis',(-1.,0.,0.));
#2146=DIRECTION('center_axis',(0.,-1.,0.));
#2147=DIRECTION('ref_axis',(-1.,0.,0.));
#2148=DIRECTION('center_axis',(0.,-1.,0.));
#2149=DIRECTION('ref_axis',(-1.,0.,0.));
#2150=DIRECTION('',(0.,-1.,0.));
#2151=DIRECTION('center_axis',(0.,-1.,0.));
#2152=DIRECTION('ref_axis',(-1.,0.,0.));
#2153=DIRECTION('center_axis',(0.,1.,0.));
#2154=DIRECTION('ref_axis',(-1.,0.,0.));
#2155=DIRECTION('center_axis',(0.,-1.,0.));
#2156=DIRECTION('ref_axis',(-1.,0.,0.));
#2157=DIRECTION('center_axis',(0.,-1.,0.));
#2158=DIRECTION('ref_axis',(-1.,0.,0.));
#2159=DIRECTION('',(0.,-1.,0.));
#2160=DIRECTION('center_axis',(0.,-1.,0.));
#2161=DIRECTION('ref_axis',(-1.,0.,0.));
#2162=DIRECTION('center_axis',(0.,1.,0.));
#2163=DIRECTION('ref_axis',(-1.,0.,0.));
#2164=DIRECTION('center_axis',(0.,-1.,0.));
#2165=DIRECTION('ref_axis',(-1.,0.,0.));
#2166=DIRECTION('center_axis',(0.,-1.,0.));
#2167=DIRECTION('ref_axis',(-1.,0.,0.));
#2168=DIRECTION('',(0.,-1.,0.));
#2169=DIRECTION('center_axis',(0.,-1.,0.));
#2170=DIRECTION('ref_axis',(-1.,0.,0.));
#2171=DIRECTION('center_axis',(0.,1.,0.));
#2172=DIRECTION('ref_axis',(-1.,0.,0.));
#2173=DIRECTION('center_axis',(-1.,0.,0.));
#2174=DIRECTION('ref_axis',(0.,1.,0.));
#2175=DIRECTION('',(0.,-1.,0.));
#2176=DIRECTION('',(0.,0.,-1.));
#2177=DIRECTION('',(0.,-1.,0.));
#2178=DIRECTION('',(0.,0.,-1.));
#2179=DIRECTION('center_axis',(-0.98360367666,0.180343581147015,0.));
#2180=DIRECTION('ref_axis',(0.180343581147015,0.98360367666,0.));
#2181=DIRECTION('',(-0.180343581147015,-0.98360367666,0.));
#2182=DIRECTION('',(0.,0.,-1.));
#2183=DIRECTION('',(0.180343581147015,0.98360367666,0.));
#2184=DIRECTION('center_axis',(0.983603536751605,0.180344344213325,0.));
#2185=DIRECTION('ref_axis',(0.180344344213325,-0.983603536751605,0.));
#2186=DIRECTION('',(-0.180344344213325,0.983603536751605,0.));
#2187=DIRECTION('',(0.,0.,-1.));
#2188=DIRECTION('',(-0.180344344213325,0.983603536751605,0.));
#2189=DIRECTION('',(0.,0.,1.));
#2190=DIRECTION('center_axis',(1.,0.,0.));
#2191=DIRECTION('ref_axis',(0.,-1.,0.));
#2192=DIRECTION('',(0.,1.,0.));
#2193=DIRECTION('',(0.,0.,-1.));
#2194=DIRECTION('',(0.,1.,0.));
#2195=DIRECTION('center_axis',(0.,1.,0.));
#2196=DIRECTION('ref_axis',(1.,0.,0.));
#2197=DIRECTION('',(-1.,0.,0.));
#2198=DIRECTION('',(-1.,0.,0.));
#2199=DIRECTION('center_axis',(0.,0.,-1.));
#2200=DIRECTION('ref_axis',(0.,-1.,0.));
#2201=DIRECTION('',(0.,0.,1.));
#2202=DIRECTION('center_axis',(0.,0.,1.));
#2203=DIRECTION('ref_axis',(0.,-1.,0.));
#2204=DIRECTION('',(0.,0.,-1.));
#2205=DIRECTION('center_axis',(0.,0.,1.));
#2206=DIRECTION('ref_axis',(-1.,1.48029642501976E-15,0.));
#2207=DIRECTION('center_axis',(0.,1.,0.));
#2208=DIRECTION('ref_axis',(0.,0.,1.));
#2209=DIRECTION('',(-1.,0.,0.));
#2210=DIRECTION('',(0.,0.,-1.));
#2211=DIRECTION('',(1.,0.,0.));
#2212=DIRECTION('center_axis',(0.,1.,0.));
#2213=DIRECTION('ref_axis',(0.,0.,1.));
#2214=DIRECTION('',(-1.,0.,0.));
#2215=DIRECTION('',(-1.59542871823209E-8,0.,-1.));
#2216=DIRECTION('',(1.,0.,0.));
#2217=DIRECTION('',(0.,0.,1.));
#2218=DIRECTION('',(-0.5,0.,-0.866025403784439));
#2219=DIRECTION('',(-1.,0.,0.));
#2220=DIRECTION('',(-0.5,0.,0.866025403784439));
#2221=DIRECTION('',(0.5,0.,0.866025403784439));
#2222=DIRECTION('',(1.,0.,0.));
#2223=DIRECTION('',(0.5,0.,-0.866025403784438));
#2224=DIRECTION('',(0.499999999999998,0.,0.86602540378444));
#2225=DIRECTION('',(1.,0.,2.45484598261731E-15));
#2226=DIRECTION('',(0.500000000000001,0.,-0.866025403784438));
#2227=DIRECTION('',(-0.499999999999998,0.,-0.86602540378444));
#2228=DIRECTION('',(-1.,0.,-1.63656398841154E-15));
#2229=DIRECTION('',(-0.5,0.,0.866025403784438));
#2230=DIRECTION('center_axis',(0.,0.,-1.));
#2231=DIRECTION('ref_axis',(-0.0585329730768517,0.998285475734664,0.));
#2232=DIRECTION('center_axis',(0.,0.,-1.));
#2233=DIRECTION('ref_axis',(-0.0585329730768517,0.998285475734664,0.));
#2234=DIRECTION('center_axis',(0.,0.,-1.));
#2235=DIRECTION('ref_axis',(0.888161424028979,0.459531592893041,0.));
#2236=DIRECTION('center_axis',(0.,0.,-1.));
#2237=DIRECTION('ref_axis',(0.888161424028979,0.459531592893041,0.));
#2238=DIRECTION('',(0.,3.57326006451289E-6,-0.999999999993616));
#2239=DIRECTION('center_axis',(0.,0.,-1.));
#2240=DIRECTION('ref_axis',(0.67533050663402,0.737515224798402,0.));
#2241=DIRECTION('',(0.,0.,-1.));
#2242=DIRECTION('center_axis',(1.,0.,0.));
#2243=DIRECTION('ref_axis',(0.,-1.,0.));
#2244=DIRECTION('',(0.,0.,-1.));
#2245=DIRECTION('',(0.,1.,0.));
#2246=DIRECTION('',(0.,0.,-1.));
#2247=DIRECTION('',(0.,1.,0.));
#2248=DIRECTION('center_axis',(-0.00262536486209743,0.999996553723732,0.));
#2249=DIRECTION('ref_axis',(0.999996553723732,0.00262536486209743,0.));
#2250=DIRECTION('',(-0.999996553723732,-0.00262536486209743,0.));
#2251=DIRECTION('',(0.,0.,-1.));
#2252=DIRECTION('',(-0.999996553723732,-0.00262536486209743,0.));
#2253=DIRECTION('center_axis',(0.,1.,0.));
#2254=DIRECTION('ref_axis',(0.,0.,1.));
#2255=DIRECTION('',(-1.,0.,0.));
#2256=DIRECTION('',(0.,0.,1.));
#2257=DIRECTION('',(1.,0.,0.));
#2258=DIRECTION('center_axis',(0.866025403784439,0.,-0.5));
#2259=DIRECTION('ref_axis',(-0.5,0.,-0.866025403784439));
#2260=DIRECTION('',(0.,1.,0.));
#2261=DIRECTION('',(-0.5,0.,-0.866025403784439));
#2262=DIRECTION('',(0.,1.,0.));
#2263=DIRECTION('center_axis',(0.866025403784438,0.,0.5));
#2264=DIRECTION('ref_axis',(0.5,0.,-0.866025403784438));
#2265=DIRECTION('',(0.,1.,0.));
#2266=DIRECTION('',(0.5,0.,-0.866025403784438));
#2267=DIRECTION('center_axis',(0.,0.,1.));
#2268=DIRECTION('ref_axis',(1.,0.,0.));
#2269=DIRECTION('',(0.,1.,0.));
#2270=DIRECTION('',(1.,0.,0.));
#2271=DIRECTION('center_axis',(-0.866025403784439,0.,0.5));
#2272=DIRECTION('ref_axis',(0.5,0.,0.866025403784439));
#2273=DIRECTION('',(0.,1.,0.));
#2274=DIRECTION('',(0.5,0.,0.866025403784439));
#2275=DIRECTION('center_axis',(-0.866025403784439,0.,-0.5));
#2276=DIRECTION('ref_axis',(-0.5,0.,0.866025403784439));
#2277=DIRECTION('',(0.,1.,0.));
#2278=DIRECTION('',(-0.5,0.,0.866025403784439));
#2279=DIRECTION('center_axis',(0.,0.,-1.));
#2280=DIRECTION('ref_axis',(-1.,0.,0.));
#2281=DIRECTION('',(-1.,0.,0.));
#2282=DIRECTION('center_axis',(0.,1.,0.));
#2283=DIRECTION('ref_axis',(0.,0.,1.));
#2284=DIRECTION('center_axis',(0.86602540378444,0.,-0.499999999999998));
#2285=DIRECTION('ref_axis',(-0.499999999999998,0.,-0.86602540378444));
#2286=DIRECTION('',(0.,1.,0.));
#2287=DIRECTION('',(-0.499999999999998,0.,-0.86602540378444));
#2288=DIRECTION('',(0.,1.,0.));
#2289=DIRECTION('center_axis',(0.866025403784438,0.,0.500000000000001));
#2290=DIRECTION('ref_axis',(0.500000000000001,0.,-0.866025403784438));
#2291=DIRECTION('',(0.,1.,0.));
#2292=DIRECTION('',(0.500000000000001,0.,-0.866025403784438));
#2293=DIRECTION('center_axis',(-2.45484598261731E-15,0.,1.));
#2294=DIRECTION('ref_axis',(1.,0.,2.45484598261731E-15));
#2295=DIRECTION('',(0.,1.,0.));
#2296=DIRECTION('',(1.,0.,2.45484598261731E-15));
#2297=DIRECTION('center_axis',(-0.86602540378444,0.,0.499999999999998));
#2298=DIRECTION('ref_axis',(0.499999999999998,0.,0.86602540378444));
#2299=DIRECTION('',(0.,1.,0.));
#2300=DIRECTION('',(0.499999999999998,0.,0.86602540378444));
#2301=DIRECTION('center_axis',(-0.866025403784438,0.,-0.5));
#2302=DIRECTION('ref_axis',(-0.5,0.,0.866025403784438));
#2303=DIRECTION('',(0.,1.,0.));
#2304=DIRECTION('',(-0.5,0.,0.866025403784438));
#2305=DIRECTION('center_axis',(1.63656398841154E-15,0.,-1.));
#2306=DIRECTION('ref_axis',(-1.,0.,-1.63656398841154E-15));
#2307=DIRECTION('',(-1.,0.,-1.63656398841154E-15));
#2308=DIRECTION('center_axis',(0.,1.,0.));
#2309=DIRECTION('ref_axis',(0.,0.,1.));
#2310=DIRECTION('center_axis',(0.,0.,1.));
#2311=DIRECTION('ref_axis',(1.,0.,0.));
#2312=DIRECTION('center_axis',(0.,0.,1.));
#2313=DIRECTION('ref_axis',(-0.500000342064494,-0.866025206293321,0.));
#2314=DIRECTION('',(0.866025206293321,-0.500000342064494,0.));
#2315=DIRECTION('center_axis',(0.,0.,-1.));
#2316=DIRECTION('ref_axis',(0.500000342064494,0.866025206293321,0.));
#2317=DIRECTION('',(-0.499999716535497,-0.866025567442684,0.));
#2318=DIRECTION('center_axis',(0.,0.,-1.));
#2319=DIRECTION('ref_axis',(0.,-1.,0.));
#2320=DIRECTION('center_axis',(0.,0.,-1.));
#2321=DIRECTION('ref_axis',(-1.,0.,0.));
#2322=DIRECTION('',(-0.500000141356378,0.86602532217228,0.));
#2323=DIRECTION('center_axis',(0.,0.,-1.));
#2324=DIRECTION('ref_axis',(-0.86602532217228,-0.500000141356378,0.));
#2325=DIRECTION('',(0.866025462724868,0.499999897912167,0.));
#2326=DIRECTION('center_axis',(0.,0.,1.));
#2327=DIRECTION('ref_axis',(0.499999897912167,-0.866025462724868,0.));
#2328=DIRECTION('center_axis',(0.,0.,1.));
#2329=DIRECTION('ref_axis',(-0.99999999999998,-1.99854709471806E-7,0.));
#2330=DIRECTION('center_axis',(0.,0.,1.));
#2331=DIRECTION('ref_axis',(-0.999999999999942,-3.40292817605979E-7,0.));
#2332=DIRECTION('center_axis',(0.,0.,1.));
#2333=DIRECTION('ref_axis',(-1.,0.,2.31734136065167E-18));
#2334=DIRECTION('center_axis',(0.,0.,1.));
#2335=DIRECTION('ref_axis',(0.,-1.,0.));
#2336=DIRECTION('center_axis',(0.,0.,-1.));
#2337=DIRECTION('ref_axis',(-1.,2.32307518953812E-18,0.));
#2338=DIRECTION('center_axis',(0.,0.,1.));
#2339=DIRECTION('ref_axis',(-1.,0.,0.));
#2340=DIRECTION('',(0.,-1.,0.));
#2341=DIRECTION('center_axis',(0.,0.,1.));
#2342=DIRECTION('ref_axis',(0.,-1.,0.));
#2343=DIRECTION('',(-1.,0.,0.));
#2344=DIRECTION('center_axis',(0.,0.,1.));
#2345=DIRECTION('ref_axis',(0.,-1.,0.));
#2346=DIRECTION('',(0.,1.,0.));
#2347=DIRECTION('center_axis',(0.,0.,1.));
#2348=DIRECTION('ref_axis',(1.,0.,0.));
#2349=DIRECTION('center_axis',(0.,0.,-1.));
#2350=DIRECTION('ref_axis',(1.,2.39093638806711E-18,0.));
#2351=DIRECTION('center_axis',(0.,0.,1.));
#2352=DIRECTION('ref_axis',(0.67533050663402,0.737515224798402,0.));
#2353=DIRECTION('',(0.499999939114129,-0.86602543893691,0.));
#2354=DIRECTION('center_axis',(0.,0.,1.));
#2355=DIRECTION('ref_axis',(0.,-1.,0.));
#2356=DIRECTION('',(-1.,0.,0.));
#2357=DIRECTION('center_axis',(0.,0.,1.));
#2358=DIRECTION('ref_axis',(0.,-1.,0.));
#2359=DIRECTION('',(0.,1.,0.));
#2360=DIRECTION('center_axis',(0.,0.,1.));
#2361=DIRECTION('ref_axis',(-0.499999863908346,0.866025482356977,0.));
#2362=DIRECTION('',(0.866025482356977,0.499999863908347,0.));
#2363=DIRECTION('center_axis',(0.,0.,1.));
#2364=DIRECTION('ref_axis',(-0.499999863908347,0.866025482356977,0.));
#2365=DIRECTION('center_axis',(0.,0.,1.));
#2366=DIRECTION('ref_axis',(-0.999999999999965,2.64341588175368E-7,0.));
#2367=DIRECTION('center_axis',(0.,0.,1.));
#2368=DIRECTION('ref_axis',(-0.999999999999992,1.29892357327518E-7,0.));
#2369=DIRECTION('center_axis',(0.,0.,1.));
#2370=DIRECTION('ref_axis',(0.866025264406392,-0.50000024140978,0.));
#2371=DIRECTION('',(0.50000024140978,0.866025264406392,0.));
#2372=DIRECTION('center_axis',(0.,0.,1.));
#2373=DIRECTION('ref_axis',(0.499999863908347,0.866025482356977,0.));
#2374=DIRECTION('',(-0.866025482356977,0.499999863908347,0.));
#2375=DIRECTION('center_axis',(0.,0.,1.));
#2376=DIRECTION('ref_axis',(0.499999863908346,0.866025482356977,0.));
#2377=DIRECTION('',(0.,-1.,0.));
#2378=DIRECTION('center_axis',(0.,0.,1.));
#2379=DIRECTION('ref_axis',(0.,-1.,0.));
#2380=DIRECTION('',(0.,0.,-1.));
#2381=DIRECTION('center_axis',(0.,0.,1.));
#2382=DIRECTION('ref_axis',(0.,-1.,0.));
#2383=DIRECTION('center_axis',(0.,0.,1.));
#2384=DIRECTION('ref_axis',(1.,0.,0.));
#2385=DIRECTION('',(0.499999716535497,0.866025567442684,0.));
#2386=DIRECTION('center_axis',(0.,0.,1.));
#2387=DIRECTION('ref_axis',(0.500000342064494,0.866025206293321,0.));
#2388=DIRECTION('',(-0.866025206293321,0.500000342064494,0.));
#2389=DIRECTION('center_axis',(0.,0.,-1.));
#2390=DIRECTION('ref_axis',(-0.500000342064494,-0.866025206293321,0.));
#2391=DIRECTION('center_axis',(0.,0.,-1.));
#2392=DIRECTION('ref_axis',(0.499999897912167,-0.866025462724868,0.));
#2393=DIRECTION('',(-0.866025462724868,-0.499999897912167,0.));
#2394=DIRECTION('center_axis',(0.,0.,1.));
#2395=DIRECTION('ref_axis',(-0.86602532217228,-0.500000141356378,0.));
#2396=DIRECTION('',(0.500000141356378,-0.86602532217228,0.));
#2397=DIRECTION('center_axis',(0.,0.,1.));
#2398=DIRECTION('ref_axis',(-1.,0.,0.));
#2399=DIRECTION('',(0.,1.,0.));
#2400=DIRECTION('center_axis',(0.,0.,-1.));
#2401=DIRECTION('ref_axis',(0.499999863908346,0.866025482356977,0.));
#2402=DIRECTION('',(0.866025482356977,-0.499999863908347,0.));
#2403=DIRECTION('center_axis',(0.,0.,-1.));
#2404=DIRECTION('ref_axis',(0.499999863908347,0.866025482356977,0.));
#2405=DIRECTION('',(-0.50000024140978,-0.866025264406392,0.));
#2406=DIRECTION('center_axis',(0.,0.,-1.));
#2407=DIRECTION('ref_axis',(0.866025264406392,-0.50000024140978,0.));
#2408=DIRECTION('',(0.,-1.,0.));
#2409=DIRECTION('center_axis',(0.,0.,1.));
#2410=DIRECTION('ref_axis',(0.,-1.,0.));
#2411=DIRECTION('',(-1.,0.,0.));
#2412=DIRECTION('center_axis',(0.,0.,-1.));
#2413=DIRECTION('ref_axis',(0.,-1.,0.));
#2414=DIRECTION('',(0.,1.,0.));
#2415=DIRECTION('center_axis',(0.,0.,-1.));
#2416=DIRECTION('ref_axis',(-1.,0.,0.));
#2417=DIRECTION('center_axis',(0.,0.,1.));
#2418=DIRECTION('ref_axis',(-1.,2.32307518953812E-18,0.));
#2419=DIRECTION('center_axis',(0.,0.,-1.));
#2420=DIRECTION('ref_axis',(0.,-1.,0.));
#2421=DIRECTION('center_axis',(0.,0.,-1.));
#2422=DIRECTION('ref_axis',(-1.,0.,2.31734136065167E-18));
#2423=DIRECTION('center_axis',(0.,0.,-1.));
#2424=DIRECTION('ref_axis',(0.67533050663402,0.737515224798402,0.));
#2425=DIRECTION('center_axis',(0.,0.,1.));
#2426=DIRECTION('ref_axis',(1.,2.39093638806711E-18,0.));
#2427=DIRECTION('center_axis',(0.,0.,-1.));
#2428=DIRECTION('ref_axis',(1.,0.,0.));
#2429=DIRECTION('center_axis',(0.,0.,-1.));
#2430=DIRECTION('ref_axis',(0.999999999999999,5.10908536609736E-8,0.));
#2431=DIRECTION('',(-0.866025482356977,-0.499999863908347,0.));
#2432=DIRECTION('center_axis',(0.,0.,-1.));
#2433=DIRECTION('ref_axis',(-0.499999863908346,0.866025482356977,0.));
#2434=DIRECTION('',(0.,-1.,0.));
#2435=DIRECTION('center_axis',(0.,0.,-1.));
#2436=DIRECTION('ref_axis',(0.,-1.,0.));
#2437=DIRECTION('',(1.,0.,0.));
#2438=DIRECTION('center_axis',(0.,0.,-1.));
#2439=DIRECTION('ref_axis',(0.,-1.,0.));
#2440=DIRECTION('',(-0.499999939114129,0.86602543893691,0.));
#2441=DIRECTION('center_axis',(0.,0.,-1.));
#2442=DIRECTION('ref_axis',(-0.499999863908347,0.866025482356977,0.));
#2443=DIRECTION('center_axis',(0.,0.,-1.));
#2444=DIRECTION('ref_axis',(0.999999999999991,-1.31271782037362E-7,0.));
#2445=DIRECTION('center_axis',(0.,0.,-1.));
#2446=DIRECTION('ref_axis',(0.999999999999969,-2.48426408695577E-7,0.));
#2447=DIRECTION('center_axis',(0.,0.,-1.));
#2448=DIRECTION('ref_axis',(0.999999999999986,1.69353153348226E-7,0.));
#2449=DIRECTION('center_axis',(-1.59542871823209E-8,0.,-1.));
#2450=DIRECTION('ref_axis',(0.,-1.,0.));
#2451=DIRECTION('',(1.59542871823209E-8,0.,1.));
#2452=DIRECTION('center_axis',(-0.499999897912167,0.866025462724868,0.));
#2453=DIRECTION('ref_axis',(0.,0.,1.));
#2454=DIRECTION('',(1.19657150734899E-8,6.90840693802068E-9,1.));
#2455=DIRECTION('',(0.,0.,-1.));
#2456=DIRECTION('center_axis',(0.,0.,1.));
#2457=DIRECTION('ref_axis',(0.499999897912167,-0.866025462724868,0.));
#2458=DIRECTION('center_axis',(0.,0.,1.));
#2459=DIRECTION('ref_axis',(-0.500000342064494,-0.866025206293321,0.));
#2460=DIRECTION('',(0.,0.,1.));
#2461=DIRECTION('center_axis',(0.500000342064494,0.866025206293321,0.));
#2462=DIRECTION('ref_axis',(0.,0.,-1.));
#2463=DIRECTION('',(0.,0.,-1.));
#2464=DIRECTION('center_axis',(0.,0.,1.));
#2465=DIRECTION('ref_axis',(0.500000342064494,0.866025206293321,0.));
#2466=DIRECTION('',(0.,0.,1.));
#2467=DIRECTION('center_axis',(-0.866025567442684,0.499999716535497,0.));
#2468=DIRECTION('ref_axis',(0.,0.,1.));
#2469=DIRECTION('center_axis',(0.86602532217228,0.500000141356378,-1.38168166970986E-8));
#2470=DIRECTION('ref_axis',(-1.59542871823209E-8,0.,-1.));
#2471=DIRECTION('',(-1.19657150734899E-8,-6.90840693802068E-9,-1.));
#2472=DIRECTION('center_axis',(1.19657150734899E-8,6.90840693802068E-9,
1.));
#2473=DIRECTION('ref_axis',(-0.86602532217228,-0.500000141356378,1.38168166970986E-8));
#2474=DIRECTION('center_axis',(-0.86602543893691,-0.499999939114129,0.));
#2475=DIRECTION('ref_axis',(0.,0.,1.));
#2476=DIRECTION('',(0.,0.,1.));
#2477=DIRECTION('',(0.,0.,-1.));
#2478=DIRECTION('center_axis',(0.,0.,1.));
#2479=DIRECTION('ref_axis',(0.,-1.,0.));
#2480=DIRECTION('',(0.,0.,1.));
#2481=DIRECTION('center_axis',(0.,-1.,0.));
#2482=DIRECTION('ref_axis',(0.,0.,-1.));
#2483=DIRECTION('',(0.,0.,-1.));
#2484=DIRECTION('center_axis',(0.,0.,-1.));
#2485=DIRECTION('ref_axis',(0.,-1.,0.));
#2486=DIRECTION('',(0.,0.,1.));
#2487=DIRECTION('center_axis',(1.,0.,0.));
#2488=DIRECTION('ref_axis',(0.,0.,-1.));
#2489=DIRECTION('',(0.,0.,-1.));
#2490=DIRECTION('center_axis',(0.,0.,-1.));
#2491=DIRECTION('ref_axis',(-0.499999863908346,0.866025482356977,0.));
#2492=DIRECTION('',(0.,0.,1.));
#2493=DIRECTION('center_axis',(-0.499999863908347,0.866025482356977,0.));
#2494=DIRECTION('ref_axis',(0.,0.,1.));
#2495=DIRECTION('',(0.,0.,-1.));
#2496=DIRECTION('center_axis',(0.,0.,1.));
#2497=DIRECTION('ref_axis',(-0.499999863908347,0.866025482356977,0.));
#2498=DIRECTION('center_axis',(4.76227953410138E-7,-7.26271161759558E-7,
-0.999999999999623));
#2499=DIRECTION('ref_axis',(-0.999999999999887,0.,-4.76227953410264E-7));
#2500=DIRECTION('',(-0.342020771253021,6.82471603660871E-7,0.939692392238557));
#2501=DIRECTION('center_axis',(-3.87703217529851E-7,9.34944291629671E-7,
-0.999999999999488));
#2502=DIRECTION('ref_axis',(-0.999999999999925,0.,3.8770321753002E-7));
#2503=DIRECTION('',(-0.342020921884236,-8.78559862818565E-7,0.939692337412988));
#2504=DIRECTION('center_axis',(0.,0.,-1.));
#2505=DIRECTION('ref_axis',(0.,-1.,0.));
#2506=DIRECTION('',(0.,0.,-1.));
#2507=DIRECTION('center_axis',(0.,1.,0.));
#2508=DIRECTION('ref_axis',(0.,0.,1.));
#2509=DIRECTION('',(0.,0.,-1.));
#2510=DIRECTION('center_axis',(0.,0.,-1.));
#2511=DIRECTION('ref_axis',(0.,-1.,0.));
#2512=DIRECTION('',(0.,0.,-1.));
#2513=DIRECTION('center_axis',(1.,0.,0.));
#2514=DIRECTION('ref_axis',(0.,0.,-1.));
#2515=DIRECTION('',(0.,0.,-1.));
#2516=DIRECTION('center_axis',(0.,0.,1.));
#2517=DIRECTION('ref_axis',(1.,0.,0.));
#2518=DIRECTION('',(0.,0.,1.));
#2519=DIRECTION('center_axis',(1.53600645460252E-9,1.55659266984384E-9,
-1.));
#2520=DIRECTION('ref_axis',(1.,0.,1.53600645460252E-9));
#2521=DIRECTION('',(-1.53600645460252E-9,-1.55659266984384E-9,1.));
#2522=DIRECTION('center_axis',(1.64700548118948E-6,1.79870132783706E-6,
-0.999999999997026));
#2523=DIRECTION('ref_axis',(0.999999999998644,0.,1.64700548119215E-6));
#2524=DIRECTION('center_axis',(2.31734136065167E-18,-2.52010091732656E-15,
1.));
#2525=DIRECTION('ref_axis',(-1.,0.,2.31734136065167E-18));
#2526=DIRECTION('',(-3.3490090909771E-7,6.21243106963082E-7,0.999999999999751));
#2527=DIRECTION('center_axis',(-3.34900909097711E-7,6.21243106963082E-7,
0.999999999999751));
#2528=DIRECTION('ref_axis',(-0.999999999999944,0.,-3.34900909097775E-7));
#2529=DIRECTION('',(1.51404955236739E-9,-1.53434554761153E-9,-1.));
#2530=DIRECTION('center_axis',(-1.51404955236739E-9,1.53434554761153E-9,
1.));
#2531=DIRECTION('ref_axis',(-1.,0.,-1.51404955236739E-9));
#2532=DIRECTION('',(0.,0.,-1.));
#2533=DIRECTION('center_axis',(0.,0.,-1.));
#2534=DIRECTION('ref_axis',(-1.,0.,0.));
#2535=DIRECTION('',(0.,0.,1.));
#2536=DIRECTION('center_axis',(1.,0.,0.));
#2537=DIRECTION('ref_axis',(0.,0.,-1.));
#2538=DIRECTION('center_axis',(1.7303920909608E-6,5.4909057938672E-7,-0.999999999998352));
#2539=DIRECTION('ref_axis',(-0.999999999998503,0.,-1.73039209096106E-6));
#2540=DIRECTION('',(-0.342023481041883,-5.15976023549706E-7,0.939691405949701));
#2541=DIRECTION('center_axis',(-7.14159844470703E-7,-3.5687618532525E-7,
-0.999999999999681));
#2542=DIRECTION('ref_axis',(-0.999999999999745,0.,7.14159844470748E-7));
#2543=DIRECTION('',(-0.34202017824146,3.35353826137564E-7,0.939692608077539));
#2544=DIRECTION('center_axis',(0.,0.,1.));
#2545=DIRECTION('ref_axis',(0.866025264406392,-0.50000024140978,0.));
#2546=DIRECTION('',(0.,0.,1.));
#2547=DIRECTION('center_axis',(-0.866025264406392,0.50000024140978,0.));
#2548=DIRECTION('ref_axis',(0.,0.,1.));
#2549=DIRECTION('',(0.,0.,-1.));
#2550=DIRECTION('center_axis',(0.,0.,1.));
#2551=DIRECTION('ref_axis',(0.499999863908347,0.866025482356977,0.));
#2552=DIRECTION('',(0.,0.,1.));
#2553=DIRECTION('center_axis',(0.499999863908347,0.866025482356977,0.));
#2554=DIRECTION('ref_axis',(0.,0.,1.));
#2555=DIRECTION('',(0.,0.,-1.));
#2556=DIRECTION('center_axis',(0.,0.,1.));
#2557=DIRECTION('ref_axis',(0.499999863908346,0.866025482356977,0.));
#2558=DIRECTION('',(0.,0.,1.));
#2559=DIRECTION('center_axis',(1.,0.,0.));
#2560=DIRECTION('ref_axis',(0.,0.,-1.));
#2561=DIRECTION('center_axis',(6.5281356366486E-8,-1.40371519115129E-7,
0.999999999999988));
#2562=DIRECTION('ref_axis',(0.999999999999998,0.,-6.52813563664867E-8));
#2563=DIRECTION('',(0.342018947405263,1.31906138605684E-7,-0.939693056064468));
#2564=DIRECTION('center_axis',(-5.5773887767656E-7,3.60665915659326E-7,
0.99999999999978));
#2565=DIRECTION('ref_axis',(0.999999999999844,0.,5.57738877676596E-7));
#2566=DIRECTION('',(0.342020488985098,-3.38915122980535E-7,-0.939692494976032));
#2567=DIRECTION('center_axis',(1.58920772972868E-6,6.82548101879335E-7,
0.999999999998504));
#2568=DIRECTION('ref_axis',(0.999999999998737,0.,-1.58920772972905E-6));
#2569=DIRECTION('',(0.342019015521348,-6.4138532389356E-7,-0.939693031272126));
#2570=DIRECTION('center_axis',(-9.70626467882983E-7,-4.65293664304527E-7,
0.999999999999421));
#2571=DIRECTION('ref_axis',(0.999999999999529,0.,9.70626467883088E-7));
#2572=DIRECTION('',(0.342020444760415,4.37233126219835E-7,-0.939692511072477));
#2573=DIRECTION('center_axis',(0.,0.,1.));
#2574=DIRECTION('ref_axis',(-1.,0.,0.));
#2575=DIRECTION('',(0.,0.,1.));
#2576=DIRECTION('center_axis',(0.,0.,-1.));
#2577=DIRECTION('ref_axis',(-1.,0.,0.));
#2578=DIRECTION('center_axis',(5.28444911478023E-18,1.87164559878978E-17,
1.));
#2579=DIRECTION('ref_axis',(-1.,0.,5.28444911478023E-18));
#2580=DIRECTION('',(5.28444911478023E-18,1.87164559878978E-17,1.));
#2581=DIRECTION('center_axis',(0.,0.,-1.));
#2582=DIRECTION('ref_axis',(-1.,0.,5.28444911478023E-18));
#2583=DIRECTION('center_axis',(3.30931689912226E-18,1.12717318827265E-18,
1.));
#2584=DIRECTION('ref_axis',(-1.,0.,3.30931689912226E-18));
#2585=DIRECTION('',(3.30931689912226E-18,1.12717318827265E-18,1.));
#2586=DIRECTION('center_axis',(0.,0.,-1.));
#2587=DIRECTION('ref_axis',(-1.,0.,3.30931689912226E-18));
#2588=DIRECTION('center_axis',(-2.53215941561551E-17,-8.67013127905275E-19,
1.));
#2589=DIRECTION('ref_axis',(-1.,0.,-2.53215941561551E-17));
#2590=DIRECTION('',(-2.53215941561551E-17,-8.67013127905275E-19,1.));
#2591=DIRECTION('center_axis',(0.,0.,-1.));
#2592=DIRECTION('ref_axis',(-1.,0.,-2.53215941561551E-17));
#2593=DIRECTION('center_axis',(0.,0.,-1.));
#2594=DIRECTION('ref_axis',(1.,0.,0.));
#2595=DIRECTION('',(0.,0.,-1.));
#2596=DIRECTION('center_axis',(0.,0.,1.));
#2597=DIRECTION('ref_axis',(1.,0.,0.));
#2598=DIRECTION('center_axis',(6.1033322710545E-18,2.1616847233188E-17,
-1.));
#2599=DIRECTION('ref_axis',(1.,0.,6.1033322710545E-18));
#2600=DIRECTION('',(6.1033322710545E-18,2.1616847233188E-17,-1.));
#2601=DIRECTION('center_axis',(0.,0.,1.));
#2602=DIRECTION('ref_axis',(1.,0.,6.1033322710545E-18));
#2603=DIRECTION('center_axis',(3.82232013661429E-18,1.30191622866056E-18,
-1.));
#2604=DIRECTION('ref_axis',(1.,0.,3.82232013661429E-18));
#2605=DIRECTION('',(3.82232013661429E-18,1.30191622866056E-18,-1.));
#2606=DIRECTION('center_axis',(0.,0.,1.));
#2607=DIRECTION('ref_axis',(1.,0.,3.82232013661429E-18));
#2608=DIRECTION('center_axis',(-2.92469110209755E-17,-1.00141351589588E-18,
-1.));
#2609=DIRECTION('ref_axis',(1.,0.,-2.92469110209755E-17));
#2610=DIRECTION('',(-2.92469110209755E-17,-1.00141351589588E-18,-1.));
#2611=DIRECTION('center_axis',(0.,0.,1.));
#2612=DIRECTION('ref_axis',(1.,0.,-2.92469110209755E-17));
#2613=DIRECTION('center_axis',(0.,0.,1.));
#2614=DIRECTION('ref_axis',(1.,0.,0.));
#2615=DIRECTION('center_axis',(0.,0.,1.));
#2616=DIRECTION('ref_axis',(1.,0.,0.));
#2617=DIRECTION('center_axis',(0.,0.,1.));
#2618=DIRECTION('ref_axis',(1.,0.,0.));
#2619=DIRECTION('center_axis',(0.,0.,1.));
#2620=DIRECTION('ref_axis',(1.,0.,0.));
#2621=DIRECTION('center_axis',(0.,0.,1.));
#2622=DIRECTION('ref_axis',(1.,0.,0.));
#2623=DIRECTION('center_axis',(0.,0.,1.));
#2624=DIRECTION('ref_axis',(1.,0.,0.));
#2625=DIRECTION('center_axis',(0.,0.,1.));
#2626=DIRECTION('ref_axis',(1.,0.,0.));
#2627=DIRECTION('center_axis',(0.,0.,1.));
#2628=DIRECTION('ref_axis',(1.,0.,0.));
#2629=CARTESIAN_POINT('',(0.,0.,0.));
#2630=CARTESIAN_POINT('Origin',(9.,21.0339584495102,27.9999995231629));
#2631=CARTESIAN_POINT('',(9.,18.0339584495102,27.9999995231628));
#2632=CARTESIAN_POINT('',(12.,21.0339584495102,27.9999995231628));
#2633=CARTESIAN_POINT('Origin',(9.,21.0339584495102,27.9999995231628));
#2634=CARTESIAN_POINT('',(12.,21.0339584495102,0.));
#2635=CARTESIAN_POINT('',(12.,21.0339584495102,27.9999995231629));
#2636=CARTESIAN_POINT('',(9.,18.0339584495102,0.));
#2637=CARTESIAN_POINT('Origin',(9.,21.0339584495102,0.));
#2638=CARTESIAN_POINT('',(9.,18.0339584495102,27.9999995231629));
#2639=CARTESIAN_POINT('Origin',(12.,30.5339641571045,27.9999995231629));
#2640=CARTESIAN_POINT('',(12.,27.5339641571045,27.9999995231628));
#2641=CARTESIAN_POINT('',(12.,14.9722807413858,27.9999995231628));
#2642=CARTESIAN_POINT('',(12.,27.5339641571045,0.));
#2643=CARTESIAN_POINT('',(12.,27.5339641571045,27.9999995231629));
#2644=CARTESIAN_POINT('',(12.,14.8388395980191,0.));
#2645=CARTESIAN_POINT('Origin',(9.,27.5339641571045,27.9999995231629));
#2646=CARTESIAN_POINT('',(9.,30.5339641571045,27.9999995231628));
#2647=CARTESIAN_POINT('Origin',(9.,27.5339641571045,27.9999995231628));
#2648=CARTESIAN_POINT('',(9.,30.5339641571045,0.));
#2649=CARTESIAN_POINT('',(9.,30.5339641571045,27.9999995231629));
#2650=CARTESIAN_POINT('Origin',(9.,27.5339641571045,0.));
#2651=CARTESIAN_POINT('Origin',(-12.,30.5339641571045,27.9999995231629));
#2652=CARTESIAN_POINT('',(-9.,30.5339641571045,27.9999995231628));
#2653=CARTESIAN_POINT('',(-6.2487202766149,30.5339641571045,27.9999995231628));
#2654=CARTESIAN_POINT('',(-9.,30.5339641571045,0.));
#2655=CARTESIAN_POINT('',(-9.,30.5339641571045,27.9999995231629));
#2656=CARTESIAN_POINT('',(-6.05781866400443,30.5339641571045,0.));
#2657=CARTESIAN_POINT('Origin',(-9.,27.5339641571045,27.9999995231629));
#2658=CARTESIAN_POINT('',(-12.,27.5339641571045,27.9999995231628));
#2659=CARTESIAN_POINT('Origin',(-9.,27.5339641571045,27.9999995231628));
#2660=CARTESIAN_POINT('',(-12.,27.5339641571045,0.));
#2661=CARTESIAN_POINT('',(-12.,27.5339641571045,27.9999995231629));
#2662=CARTESIAN_POINT('Origin',(-9.,27.5339641571045,0.));
#2663=CARTESIAN_POINT('Origin',(-12.,18.0339584495102,27.9999995231629));
#2664=CARTESIAN_POINT('',(-12.,21.0339584495102,27.9999995231628));
#2665=CARTESIAN_POINT('',(-12.,8.72227788758866,27.9999995231628));
#2666=CARTESIAN_POINT('',(-12.,21.0339584495102,0.));
#2667=CARTESIAN_POINT('',(-12.,21.0339584495102,27.9999995231629));
#2668=CARTESIAN_POINT('',(-12.,8.58883674422198,0.));
#2669=CARTESIAN_POINT('Origin',(-9.,21.0339584495102,27.9999995231629));
#2670=CARTESIAN_POINT('',(-9.,18.0339584495102,27.9999995231628));
#2671=CARTESIAN_POINT('Origin',(-9.,21.0339584495102,27.9999995231628));
#2672=CARTESIAN_POINT('',(-9.,18.0339584495102,0.));
#2673=CARTESIAN_POINT('',(-9.,18.0339584495102,27.9999995231629));
#2674=CARTESIAN_POINT('Origin',(-9.,21.0339584495102,0.));
#2675=CARTESIAN_POINT('Origin',(12.,18.0339584495102,27.9999995231629));
#2676=CARTESIAN_POINT('',(5.94218133599557,18.0339584495102,0.));
#2677=CARTESIAN_POINT('',(5.75127972338511,18.0339584495102,27.9999995231628));
#2678=CARTESIAN_POINT('Origin',(-7.5,38.5339641571045,23.75));
#2679=CARTESIAN_POINT('',(-5.,38.5339641571045,23.75));
#2680=CARTESIAN_POINT('Origin',(-7.5,38.5339641571045,23.75));
#2681=CARTESIAN_POINT('',(-5.,32.5339641571045,23.75));
#2682=CARTESIAN_POINT('',(-5.,38.5339641571045,23.75));
#2683=CARTESIAN_POINT('Origin',(-7.5,32.5339641571045,23.75));
#2684=CARTESIAN_POINT('Origin',(-7.5,32.5339641571045,23.75));
#2685=CARTESIAN_POINT('Origin',(-7.5,38.5339641571045,3.75));
#2686=CARTESIAN_POINT('',(-5.,38.5339641571045,3.75));
#2687=CARTESIAN_POINT('Origin',(-7.5,38.5339641571045,3.75));
#2688=CARTESIAN_POINT('',(-5.,32.5339641571045,3.75));
#2689=CARTESIAN_POINT('',(-5.,38.5339641571045,3.75));
#2690=CARTESIAN_POINT('Origin',(-7.5,32.5339641571045,3.75));
#2691=CARTESIAN_POINT('Origin',(-7.5,32.5339641571045,3.75));
#2692=CARTESIAN_POINT('Origin',(7.5,38.5339641571045,23.75));
#2693=CARTESIAN_POINT('',(10.,38.5339641571045,23.75));
#2694=CARTESIAN_POINT('Origin',(7.5,38.5339641571045,23.75));
#2695=CARTESIAN_POINT('',(10.,32.5339641571045,23.75));
#2696=CARTESIAN_POINT('',(10.,38.5339641571045,23.75));
#2697=CARTESIAN_POINT('Origin',(7.5,32.5339641571045,23.75));
#2698=CARTESIAN_POINT('Origin',(7.5,32.5339641571045,23.75));
#2699=CARTESIAN_POINT('Origin',(7.5,38.5339641571045,3.75));
#2700=CARTESIAN_POINT('',(10.,38.5339641571045,3.75));
#2701=CARTESIAN_POINT('Origin',(7.5,38.5339641571045,3.75));
#2702=CARTESIAN_POINT('',(10.,32.5339641571045,3.75));
#2703=CARTESIAN_POINT('',(10.,38.5339641571045,3.75));
#2704=CARTESIAN_POINT('Origin',(7.5,32.5339641571045,3.75));
#2705=CARTESIAN_POINT('Origin',(7.5,32.5339641571045,3.75));
#2706=CARTESIAN_POINT('Origin',(-17.,21.4117515413037,27.9999995231628));
#2707=CARTESIAN_POINT('',(-17.,38.5339641571045,0.));
#2708=CARTESIAN_POINT('',(-17.,21.4117515413037,0.));
#2709=CARTESIAN_POINT('',(-17.,24.7679436369772,0.));
#2710=CARTESIAN_POINT('',(-17.,21.4117515413037,27.9999995231628));
#2711=CARTESIAN_POINT('',(-17.,21.4117515413037,27.9999995231628));
#2712=CARTESIAN_POINT('',(-17.,38.5339641571045,27.9999995231628));
#2713=CARTESIAN_POINT('',(-17.,38.5339641571045,27.9999995231628));
#2714=CARTESIAN_POINT('',(-17.,38.5339641571045,27.9999995231628));
#2715=CARTESIAN_POINT('Origin',(-17.677925825119,17.714307308197,27.9999995231628));
#2716=CARTESIAN_POINT('',(-17.677925825119,17.714307308197,0.));
#2717=CARTESIAN_POINT('',(-16.4671670239253,24.3178515032732,-2.22044604925031E-15));
#2718=CARTESIAN_POINT('',(-17.677925825119,17.714307308197,27.9999995231628));
#2719=CARTESIAN_POINT('',(-17.677925825119,17.714307308197,0.));
#2720=CARTESIAN_POINT('',(-17.677925825119,17.714307308197,27.9999995231628));
#2721=CARTESIAN_POINT('Origin',(17.,21.4117288691791,27.9999995231628));
#2722=CARTESIAN_POINT('',(17.6779246330261,17.714307308197,0.));
#2723=CARTESIAN_POINT('',(17.,21.4117288691791,0.));
#2724=CARTESIAN_POINT('',(16.1281973073375,26.1665672623261,0.));
#2725=CARTESIAN_POINT('',(17.,21.4117288691791,27.9999995231628));
#2726=CARTESIAN_POINT('',(17.,21.4117288691791,27.9999995231628));
#2727=CARTESIAN_POINT('',(17.6779246330261,17.714307308197,27.9999995231628));
#2728=CARTESIAN_POINT('',(17.6779246330261,17.714307308197,27.9999995231628));
#2729=CARTESIAN_POINT('',(17.6779246330261,17.714307308197,0.));
#2730=CARTESIAN_POINT('Origin',(17.,38.5339641571045,27.9999995231628));
#2731=CARTESIAN_POINT('',(17.,38.5339641571045,0.));
#2732=CARTESIAN_POINT('',(17.,33.3290499448776,0.));
#2733=CARTESIAN_POINT('',(17.,38.5339641571045,27.9999995231628));
#2734=CARTESIAN_POINT('',(17.,38.5339641571045,27.9999995231628));
#2735=CARTESIAN_POINT('',(17.,18.5339641571045,27.9999995231628));
#2736=CARTESIAN_POINT('Origin',(-17.,38.5339641571045,27.9999995231628));
#2737=CARTESIAN_POINT('',(-8.50000029802322,38.5339641571045,0.));
#2738=CARTESIAN_POINT('',(17.,38.5339641571045,27.9999995231628));
#2739=CARTESIAN_POINT('Origin',(19.5000004768372,-10.5339622497559,22.5999999046326));
#2740=CARTESIAN_POINT('',(19.5000004768372,-12.0339632034302,0.));
#2741=CARTESIAN_POINT('',(19.5000004768372,-12.0339632034302,27.9999995231628));
#2742=CARTESIAN_POINT('',(19.5000004768372,-12.0339632034302,27.9999995231628));
#2743=CARTESIAN_POINT('',(17.9999995231628,-10.5339622497559,0.));
#2744=CARTESIAN_POINT('Origin',(19.5000004768372,-10.5339622497559,0.));
#2745=CARTESIAN_POINT('',(17.9999995231628,-10.5339622497559,27.9999995231628));
#2746=CARTESIAN_POINT('',(17.9999995231628,-10.5339622497559,22.5999999046326));
#2747=CARTESIAN_POINT('Origin',(19.5000004768372,-10.5339622497559,27.9999995231628));
#2748=CARTESIAN_POINT('Origin',(22.0147760709127,-12.0339632034302,16.8666664759318));
#2749=CARTESIAN_POINT('',(29.6943218039466,-12.0339632034302,27.9999995231628));
#2750=CARTESIAN_POINT('',(10.7586677588414,-12.0339632034302,27.9999995231628));
#2751=CARTESIAN_POINT('',(29.6943218039466,-12.0339632034302,0.));
#2752=CARTESIAN_POINT('',(29.6943218039466,-12.0339632034302,27.9999995231628));
#2753=CARTESIAN_POINT('',(10.9495693714519,-12.0339632034302,0.));
#2754=CARTESIAN_POINT('Origin',(-8.71510707007514,-18.5339641571045,10.7598173220952));
#2755=CARTESIAN_POINT('',(27.0962500572205,-18.5339641571045,27.9999995231628));
#2756=CARTESIAN_POINT('',(-27.0962429046631,-18.5339641571045,27.9999995231628));
#2757=CARTESIAN_POINT('',(-0.665453715674698,-18.5339641571045,27.9999995231628));
#2758=CARTESIAN_POINT('',(-27.0962433498529,-18.5339641571045,0.));
#2759=CARTESIAN_POINT('',(-27.0962429046648,-18.5339641571045,27.99989186018));
#2760=CARTESIAN_POINT('',(27.0962500572205,-18.5339641571045,0.));
#2761=CARTESIAN_POINT('',(-0.474552103064235,-18.5339641571045,0.));
#2762=CARTESIAN_POINT('',(27.0962500572205,-18.5339641571045,0.));
#2763=CARTESIAN_POINT('',(-10.2864537348088,-18.5339641571045,14.2));
#2764=CARTESIAN_POINT('',(-11.6432268674044,-18.5339641571045,11.85));
#2765=CARTESIAN_POINT('',(-10.8348567998982,-18.5339641571045,13.2501380282385));
#2766=CARTESIAN_POINT('',(-14.3567731325956,-18.5339641571045,11.85));
#2767=CARTESIAN_POINT('',(-10.1791669687398,-18.5339641571045,11.85));
#2768=CARTESIAN_POINT('',(-15.7135462651912,-18.5339641571045,14.2));
#2769=CARTESIAN_POINT('',(-13.4155334013227,-18.5339641571045,10.2197249633329));
#2770=CARTESIAN_POINT('',(-14.3567731325956,-18.5339641571045,16.55));
#2771=CARTESIAN_POINT('',(-15.5835627639829,-18.5339641571045,14.4251380282385));
#2772=CARTESIAN_POINT('',(-11.6432268674044,-18.5339641571045,16.55));
#2773=CARTESIAN_POINT('',(-11.5359401013354,-18.5339641571045,16.55));
#2774=CARTESIAN_POINT('',(-10.0236005698337,-18.5339641571045,13.7447249633329));
#2775=CARTESIAN_POINT('',(10.2864537348088,-18.5339641571045,14.2));
#2776=CARTESIAN_POINT('',(11.6432268674044,-18.5339641571045,16.55));
#2777=CARTESIAN_POINT('',(7.16643723601712,-18.5339641571045,8.79597290363968));
#2778=CARTESIAN_POINT('',(14.3567731325956,-18.5339641571045,16.55));
#2779=CARTESIAN_POINT('',(1.46405989866461,-18.5339641571045,16.55));
#2780=CARTESIAN_POINT('',(15.7135462651912,-18.5339641571045,14.2));
#2781=CARTESIAN_POINT('',(12.7263994301663,-18.5339641571045,19.3738900879318));
#2782=CARTESIAN_POINT('',(14.3567731325956,-18.5339641571045,11.85));
#2783=CARTESIAN_POINT('',(11.9151432001018,-18.5339641571045,7.62097290363969));
#2784=CARTESIAN_POINT('',(11.6432268674044,-18.5339641571045,11.85));
#2785=CARTESIAN_POINT('',(2.82083303126024,-18.5339641571045,11.85));
#2786=CARTESIAN_POINT('',(9.33446659867726,-18.5339641571045,15.8488900879317));
#2787=CARTESIAN_POINT('Origin',(-3.76961577394852,3.53297259570364,27.9999995231628));
#2788=CARTESIAN_POINT('',(-10.4999955773983,10.93045381481,23.9999985694413));
#2789=CARTESIAN_POINT('Ctrl Pts',(-10.4999955773981,10.9304538148089,23.999997300041));
#2790=CARTESIAN_POINT('Ctrl Pts',(-10.4999957060709,10.9304540534976,24.384208731394));
#2791=CARTESIAN_POINT('Ctrl Pts',(-10.4220961624726,11.0030493801282,24.7805006323947));
#2792=CARTESIAN_POINT('Ctrl Pts',(-10.1307765426832,11.2526347079588,25.4922538685214));
#2793=CARTESIAN_POINT('Ctrl Pts',(-9.91771612065074,11.4264453463631,25.8089731418572));
#2794=CARTESIAN_POINT('Ctrl Pts',(-9.41515317583738,11.7948304693616,26.3416884473771));
#2795=CARTESIAN_POINT('Ctrl Pts',(-9.07720349080328,12.0205291019835,26.5849581317244));
#2796=CARTESIAN_POINT('Ctrl Pts',(-8.32205074191485,12.4483774466354,26.9144106953651));
#2797=CARTESIAN_POINT('Ctrl Pts',(-7.90415285184181,12.6497766947588,26.9999744490684));
#2798=CARTESIAN_POINT('Ctrl Pts',(-7.13816122000704,12.9577152827328,26.9999747646801));
#2799=CARTESIAN_POINT('Ctrl Pts',(-6.74142993942983,13.0900183493679,26.9300603720956));
#2800=CARTESIAN_POINT('Ctrl Pts',(-5.99842092154165,13.2900841776038,26.6279166024342));
#2801=CARTESIAN_POINT('Ctrl Pts',(-5.65264739737571,13.3590607727571,26.3952526336541));
#2802=CARTESIAN_POINT('Ctrl Pts',(-5.11354558624764,13.4469422012107,25.8561519097984));
#2803=CARTESIAN_POINT('Ctrl Pts',(-4.88242235129574,13.4731017736743,25.5193209315148));
#2804=CARTESIAN_POINT('Ctrl Pts',(-4.5756656566871,13.5026657039174,24.7799497498767));
#2805=CARTESIAN_POINT('Ctrl Pts',(-4.50002300601587,13.5073023522338,24.3774631476525));
#2806=CARTESIAN_POINT('Ctrl Pts',(-4.50002275365855,13.5073018841095,23.6239348028521));
#2807=CARTESIAN_POINT('Ctrl Pts',(-4.57510968785582,13.502693503078,23.2228428106066));
#2808=CARTESIAN_POINT('Ctrl Pts',(-4.87978638474172,13.473378346934,22.4855903043747));
#2809=CARTESIAN_POINT('Ctrl Pts',(-5.10938476570983,13.4474559224613,22.1494821915606));
#2810=CARTESIAN_POINT('Ctrl Pts',(-5.64704299995937,13.3601361630899,21.6088464722897));
#2811=CARTESIAN_POINT('Ctrl Pts',(-5.99358562608138,13.2912262065668,21.3746378774901));
#2812=CARTESIAN_POINT('Ctrl Pts',(-6.73874800697134,13.0908909709459,21.0704429023221));
#2813=CARTESIAN_POINT('Ctrl Pts',(-7.13685900407736,12.9582342552259,21.0000228655703));
#2814=CARTESIAN_POINT('Ctrl Pts',(-7.90415070801349,12.6497730213762,21.0000225494229));
#2815=CARTESIAN_POINT('Ctrl Pts',(-8.32204859289274,12.4483739251974,21.0855858939594));
#2816=CARTESIAN_POINT('Ctrl Pts',(-9.07720154102198,12.0205260258316,21.4150377103978));
#2817=CARTESIAN_POINT('Ctrl Pts',(-9.41515142848496,11.7948276845855,21.6583070559191));
#2818=CARTESIAN_POINT('Ctrl Pts',(-9.91771484905828,11.4264431482996,22.1910219445482));
#2819=CARTESIAN_POINT('Ctrl Pts',(-10.130775538361,11.2526328583318,22.5077410809554));
#2820=CARTESIAN_POINT('Ctrl Pts',(-10.4220956664027,11.0030483871145,23.21949412277));
#2821=CARTESIAN_POINT('Ctrl Pts',(-10.4999954487254,10.9304535761203,23.6157859666831));
#2822=CARTESIAN_POINT('Ctrl Pts',(-10.4999955773981,10.9304538148089,23.999997300041));
#2823=CARTESIAN_POINT('Origin',(-3.76961577394852,3.53297259570364,27.9999995231628));
#2824=CARTESIAN_POINT('',(-4.49999532119049,13.5072912204343,3.9999986296738));
#2825=CARTESIAN_POINT('',(-10.5000123958985,10.930419994073,3.99999886750054));
#2826=CARTESIAN_POINT('Ctrl Pts',(-4.49999532119065,13.5072912204349,3.99999963446259));
#2827=CARTESIAN_POINT('Ctrl Pts',(-4.49999532120185,13.5072909766785,3.62253272647034));
#2828=CARTESIAN_POINT('Ctrl Pts',(-4.57563855460517,13.5026539481083,3.2200423642779));
#2829=CARTESIAN_POINT('Ctrl Pts',(-4.88239876460527,13.4730892686526,2.48066481688677));
#2830=CARTESIAN_POINT('Ctrl Pts',(-5.11352483850691,13.4469293051959,2.14383124850079));
#2831=CARTESIAN_POINT('Ctrl Pts',(-5.65263432953937,13.359046409577,1.60472686556008));
#2832=CARTESIAN_POINT('Ctrl Pts',(-5.99841308795876,13.2900685611644,1.37206234401253));
#2833=CARTESIAN_POINT('Ctrl Pts',(-6.74143237421932,13.0899990545632,1.0699208061362));
#2834=CARTESIAN_POINT('Ctrl Pts',(-7.13816866564891,12.9576935461341,1.00000914645971));
#2835=CARTESIAN_POINT('Ctrl Pts',(-7.88906106386737,12.6558231589715,1.00001607780172));
#2836=CARTESIAN_POINT('Ctrl Pts',(-8.29283493449561,12.4625754103684,1.07945453672527));
#2837=CARTESIAN_POINT('Ctrl Pts',(-9.02661494609094,12.0512636386525,1.38702536315743));
#2838=CARTESIAN_POINT('Ctrl Pts',(-9.35723427027532,11.8338766592078,1.61459931583876));
#2839=CARTESIAN_POINT('Ctrl Pts',(-9.87378206085854,11.4611810945283,2.13114870301609));
#2840=CARTESIAN_POINT('Ctrl Pts',(-10.1022657277902,11.276379563123,2.4549382734762));
#2841=CARTESIAN_POINT('Ctrl Pts',(-10.4155045284012,11.0092674950637,3.1882893045028));
#2842=CARTESIAN_POINT('Ctrl Pts',(-10.5000122616754,10.9304197450871,3.5992129648248));
#2843=CARTESIAN_POINT('Ctrl Pts',(-10.5000123958984,10.9304199940715,3.99999718921203));
#2844=CARTESIAN_POINT('',(-7.50001781880961,12.8122291111048,6.99998453772299));
#2845=CARTESIAN_POINT('Ctrl Pts',(-7.50001781880961,12.8122291111048,6.99998453772299));
#2846=CARTESIAN_POINT('Ctrl Pts',(-7.13686789435126,12.9582209659421,6.99998806088657));
#2847=CARTESIAN_POINT('Ctrl Pts',(-6.738751101095,13.0908800296991,6.92957091005199));
#2848=CARTESIAN_POINT('Ctrl Pts',(-5.99357533583234,13.291218533489,6.62537677545387));
#2849=CARTESIAN_POINT('Ctrl Pts',(-5.64702616949508,13.3601290839306,6.39116620482733));
#2850=CARTESIAN_POINT('Ctrl Pts',(-5.10936127362295,13.4474482749334,5.85052561896342));
#2851=CARTESIAN_POINT('Ctrl Pts',(-4.87976150995279,13.4733699573677,5.51441611651476));
#2852=CARTESIAN_POINT('Ctrl Pts',(-4.57508292167525,13.5026837175716,4.77716031166386));
#2853=CARTESIAN_POINT('Ctrl Pts',(-4.49999544713576,13.5072914540638,4.37606642138117));
#2854=CARTESIAN_POINT('Ctrl Pts',(-4.49999532119065,13.5072912204349,3.99999963446259));
#2855=CARTESIAN_POINT('Ctrl Pts',(-10.5000123958985,10.930419994073,3.99999886750054));
#2856=CARTESIAN_POINT('Ctrl Pts',(-10.5000123096277,10.9304204283197,4.38420678017271));
#2857=CARTESIAN_POINT('Ctrl Pts',(-10.42211371274,11.0030153152812,4.78049320891001));
#2858=CARTESIAN_POINT('Ctrl Pts',(-10.1307976444518,11.2525993313001,5.49224029317001));
#2859=CARTESIAN_POINT('Ctrl Pts',(-9.91774010681853,11.4264088802097,5.8089572458432));
#2860=CARTESIAN_POINT('Ctrl Pts',(-9.41518009141137,11.7947951616812,6.34167611565593));
#2861=CARTESIAN_POINT('Ctrl Pts',(-9.07722875503456,12.0204968741196,6.58495029845018));
#2862=CARTESIAN_POINT('Ctrl Pts',(-8.32207118747522,12.4483513369571,6.91441205614258));
#2863=CARTESIAN_POINT('Ctrl Pts',(-7.90417011031605,12.6497536232672,6.99998048140806));
#2864=CARTESIAN_POINT('Ctrl Pts',(-7.50001882358688,12.8122287071688,6.99998453771308));
#2865=CARTESIAN_POINT('Origin',(3.76954110623259,3.5328273387945,27.9999995231628));
#2866=CARTESIAN_POINT('',(4.35502958271727,13.5168437550903,0.));
#2867=CARTESIAN_POINT('',(11.1000013491078,10.336420283248,0.));
#2868=CARTESIAN_POINT('Origin',(3.76954110623259,3.5328273387945,0.));
#2869=CARTESIAN_POINT('',(11.1000013491078,10.3363362264632,27.9999995231628));
#2870=CARTESIAN_POINT('',(11.1000013491078,10.3363862521132,13.9999969003297));
#2871=CARTESIAN_POINT('',(4.35502958294955,13.5168437546719,27.9999995231629));
#2872=CARTESIAN_POINT('Origin',(3.76954110623259,3.53282733879451,27.9999995231628));
#2873=CARTESIAN_POINT('',(4.35502958271727,13.5168437550903,27.9999995231628));
#2874=CARTESIAN_POINT('Origin',(10.2864537348088,-12.0000001788139,27.9999995231628));
#2875=CARTESIAN_POINT('',(10.2864537348088,-12.0339632034302,27.9999995231628));
#2876=CARTESIAN_POINT('',(10.2864537348088,-12.0339632034302,0.));
#2877=CARTESIAN_POINT('',(10.2864537348088,-12.0339632034302,27.9999995231628));
#2878=CARTESIAN_POINT('',(10.2864537348088,-12.0000001788139,0.));
#2879=CARTESIAN_POINT('',(10.2864537348088,-6.00000008940697,0.));
#2880=CARTESIAN_POINT('',(10.2864537348088,-12.0000001788139,27.9999995231628));
#2881=CARTESIAN_POINT('',(10.2864537348088,-12.0000001788139,27.9999995231628));
#2882=CARTESIAN_POINT('',(10.2864537348088,-13.5339641571045,27.9999995231628));
#2883=CARTESIAN_POINT('Origin',(-2.64999866485596,-12.0339632034302,27.9999995231628));
#2884=CARTESIAN_POINT('',(-2.64999866485596,-12.0339632034302,0.));
#2885=CARTESIAN_POINT('',(-1.30921111127453,-12.0304431347683,0.));
#2886=CARTESIAN_POINT('',(-2.64999866485596,-12.0339632034302,27.9999995231628));
#2887=CARTESIAN_POINT('',(-2.64999866485623,-12.0339632034302,20.2081311844728));
#2888=CARTESIAN_POINT('',(10.2864537348088,-12.0000001788139,27.9999995231628));
#2889=CARTESIAN_POINT('Origin',(-0.866174890714533,-12.0339632034302,12.4162628457827));
#2890=CARTESIAN_POINT('',(-12.4999976158142,-12.0339632034302,0.));
#2891=CARTESIAN_POINT('',(-0.490906109361697,-12.0339632034302,0.));
#2892=CARTESIAN_POINT('',(-12.4999976158142,-12.0339632034302,27.9999995231628));
#2893=CARTESIAN_POINT('',(-12.4999976158142,-12.0339632034302,27.9999995231628));
#2894=CARTESIAN_POINT('',(-0.681807721972161,-12.0339632034302,27.9999995231628));
#2895=CARTESIAN_POINT('Origin',(-10.2864537348088,-18.5339641571045,14.2));
#2896=CARTESIAN_POINT('',(-10.2864537348088,-13.5339641571045,14.2));
#2897=CARTESIAN_POINT('',(-10.2864537348088,-18.5339641571045,14.2));
#2898=CARTESIAN_POINT('',(-11.6432268674044,-13.5339641571045,11.85));
#2899=CARTESIAN_POINT('',(-11.6432268674044,-13.5339641571045,11.85));
#2900=CARTESIAN_POINT('',(-11.6432268674044,-18.5339641571045,11.85));
#2901=CARTESIAN_POINT('Origin',(-11.6432268674044,-18.5339641571045,16.55));
#2902=CARTESIAN_POINT('',(-11.6432268674044,-13.5339641571045,16.55));
#2903=CARTESIAN_POINT('',(-11.6432268674044,-18.5339641571045,16.55));
#2904=CARTESIAN_POINT('',(-10.2864537348088,-13.5339641571045,14.2));
#2905=CARTESIAN_POINT('Origin',(-14.3567731325956,-18.5339641571045,16.55));
#2906=CARTESIAN_POINT('',(-14.3567731325956,-13.5339641571045,16.55));
#2907=CARTESIAN_POINT('',(-14.3567731325956,-18.5339641571045,16.55));
#2908=CARTESIAN_POINT('',(-11.6432268674044,-13.5339641571045,16.55));
#2909=CARTESIAN_POINT('Origin',(-15.7135462651912,-18.5339641571045,14.2));
#2910=CARTESIAN_POINT('',(-15.7135462651912,-13.5339641571045,14.2));
#2911=CARTESIAN_POINT('',(-15.7135462651912,-18.5339641571045,14.2));
#2912=CARTESIAN_POINT('',(-14.3567731325956,-13.5339641571045,16.55));
#2913=CARTESIAN_POINT('Origin',(-14.3567731325956,-18.5339641571045,11.85));
#2914=CARTESIAN_POINT('',(-14.3567731325956,-13.5339641571045,11.85));
#2915=CARTESIAN_POINT('',(-14.3567731325956,-18.5339641571045,11.85));
#2916=CARTESIAN_POINT('',(-15.7135462651912,-13.5339641571045,14.2));
#2917=CARTESIAN_POINT('Origin',(-11.6432268674044,-18.5339641571045,11.85));
#2918=CARTESIAN_POINT('',(-14.3567731325956,-13.5339641571045,11.85));
#2919=CARTESIAN_POINT('Origin',(-13.,-13.5339641571045,14.2));
#2920=CARTESIAN_POINT('Origin',(15.7135462651912,-18.5339641571045,14.2));
#2921=CARTESIAN_POINT('',(15.7135462651912,-13.5339641571045,14.2));
#2922=CARTESIAN_POINT('',(15.7135462651912,-18.5339641571045,14.2));
#2923=CARTESIAN_POINT('',(14.3567731325956,-13.5339641571045,11.85));
#2924=CARTESIAN_POINT('',(14.3567731325956,-13.5339641571045,11.85));
#2925=CARTESIAN_POINT('',(14.3567731325956,-18.5339641571045,11.85));
#2926=CARTESIAN_POINT('Origin',(14.3567731325956,-18.5339641571045,16.55));
#2927=CARTESIAN_POINT('',(14.3567731325956,-13.5339641571045,16.55));
#2928=CARTESIAN_POINT('',(14.3567731325956,-18.5339641571045,16.55));
#2929=CARTESIAN_POINT('',(15.7135462651912,-13.5339641571045,14.2));
#2930=CARTESIAN_POINT('Origin',(11.6432268674044,-18.5339641571045,16.55));
#2931=CARTESIAN_POINT('',(11.6432268674044,-13.5339641571045,16.55));
#2932=CARTESIAN_POINT('',(11.6432268674044,-18.5339641571045,16.55));
#2933=CARTESIAN_POINT('',(14.3567731325956,-13.5339641571045,16.55));
#2934=CARTESIAN_POINT('Origin',(10.2864537348088,-18.5339641571045,14.2));
#2935=CARTESIAN_POINT('',(10.2864537348088,-13.5339641571045,14.2));
#2936=CARTESIAN_POINT('',(10.2864537348088,-18.5339641571045,14.2));
#2937=CARTESIAN_POINT('',(11.6432268674044,-13.5339641571045,16.55));
#2938=CARTESIAN_POINT('Origin',(11.6432268674044,-18.5339641571045,11.85));
#2939=CARTESIAN_POINT('',(11.6432268674044,-13.5339641571045,11.85));
#2940=CARTESIAN_POINT('',(11.6432268674044,-18.5339641571045,11.85));
#2941=CARTESIAN_POINT('',(10.2864537348088,-13.5339641571045,14.2));
#2942=CARTESIAN_POINT('Origin',(14.3567731325956,-18.5339641571045,11.85));
#2943=CARTESIAN_POINT('',(11.6432268674044,-13.5339641571045,11.85));
#2944=CARTESIAN_POINT('Origin',(13.,-13.5339641571045,14.2));
#2945=CARTESIAN_POINT('Origin',(-0.115637328008861,-0.856284961066283,0.));
#2946=CARTESIAN_POINT('',(27.3500037193298,4.0006685256958,0.));
#2947=CARTESIAN_POINT('Origin',(37.3500262683032,21.3211998580433,0.));
#2948=CARTESIAN_POINT('',(35.401918888092,-0.64811110496521,0.));
#2949=CARTESIAN_POINT('',(20.1149335720162,8.17784203315161,0.));
#2950=CARTESIAN_POINT('',(36.683008077276,-5.42920169001201,0.));
#2951=CARTESIAN_POINT('Origin',(33.6519164622111,-3.67920145508323,0.));
#2952=CARTESIAN_POINT('',(30.1273378855644,-16.7839641228445,0.));
#2953=CARTESIAN_POINT('',(31.333065018368,-14.6955818901455,0.));
#2954=CARTESIAN_POINT('Origin',(27.0962500572205,-15.0339660704688,0.));
#2955=CARTESIAN_POINT('',(-30.1273322479029,-16.7839644975166,0.));
#2956=CARTESIAN_POINT('Origin',(-27.0962433513831,-15.0339638456621,0.));
#2957=CARTESIAN_POINT('',(-36.6830110860449,-5.42919995193369,1.65138409179073E-16));
#2958=CARTESIAN_POINT('',(-31.402473054946,-14.5753566654492,0.));
#2959=CARTESIAN_POINT('',(-35.401922494813,-0.648111810796039,1.98164218010157E-17));
#2960=CARTESIAN_POINT('Origin',(-33.651923392834,-3.679199996658,0.));
#2961=CARTESIAN_POINT('',(-27.3499965667725,4.0006685256958,0.));
#2962=CARTESIAN_POINT('',(-20.2016527714626,8.1277656166407,0.));
#2963=CARTESIAN_POINT('Origin',(-37.3499874775885,21.3211655736877,0.));
#2964=CARTESIAN_POINT('',(16.6000029190402,12.5339627526746,-7.90632957215003E-7));
#2965=CARTESIAN_POINT('Origin',(13.8500020052492,12.5339633022695,0.));
#2966=CARTESIAN_POINT('',(-11.0999972271719,12.5339624867196,-4.19553461984163E-6));
#2967=CARTESIAN_POINT('Origin',(-13.8499991274224,12.533963422523,0.));
#2968=CARTESIAN_POINT('',(-4.35500655753221,13.5168473344593,0.));
#2969=CARTESIAN_POINT('Origin',(5.25652607591971E-7,9.0339584495103,2.49241435191958E-14));
#2970=CARTESIAN_POINT('',(-12.652551302693,8.12886422938407,5.32839951502099E-14));
#2971=CARTESIAN_POINT('Origin',(-3.76960639672322,3.53295520089693,0.));
#2972=CARTESIAN_POINT('',(-13.249998678549,7.5225039811103,0.));
#2973=CARTESIAN_POINT('Origin',(-13.9774872253799,8.83712160348839,0.));
#2974=CARTESIAN_POINT('',(-14.0000009536743,6.22346639633179,0.));
#2975=CARTESIAN_POINT('Origin',(-12.5000041131589,6.22346639633179,0.));
#2976=CARTESIAN_POINT('',(-14.0000009536743,-10.5339598655701,0.));
#2977=CARTESIAN_POINT('',(-14.0000009536743,-1.50576644388916,0.));
#2978=CARTESIAN_POINT('Origin',(-12.4999976158142,-10.5339598655701,0.));
#2979=CARTESIAN_POINT('',(12.5000023841858,-12.0339632034302,0.));
#2980=CARTESIAN_POINT('',(-0.490906109361697,-12.0339632034302,0.));
#2981=CARTESIAN_POINT('',(13.9999985694885,-10.5339670181274,0.));
#2982=CARTESIAN_POINT('Origin',(12.5000023841858,-10.5339670181274,0.));
#2983=CARTESIAN_POINT('',(13.9999985694885,6.22346639633179,0.));
#2984=CARTESIAN_POINT('',(13.9999985694885,-3.12189785885892,0.));
#2985=CARTESIAN_POINT('',(13.2500010788281,7.52250400546398,0.));
#2986=CARTESIAN_POINT('Origin',(12.4999969606126,6.22346639633179,0.));
#2987=CARTESIAN_POINT('',(12.6525561045766,8.12886624243889,3.54161859701291E-13));
#2988=CARTESIAN_POINT('Origin',(13.9774388067075,8.83706495672352,0.));
#2989=CARTESIAN_POINT('Origin',(3.76958722238528,3.53287770243083,0.));
#2990=CARTESIAN_POINT('',(-33.9509598873186,-6.16124823557863,0.));
#2991=CARTESIAN_POINT('',(-30.9933596740003,-11.2839629052584,0.));
#2992=CARTESIAN_POINT('',(-30.1307031362313,-12.7781281007519,0.));
#2993=CARTESIAN_POINT('',(-29.6943211555481,-12.0339632034302,0.));
#2994=CARTESIAN_POINT('Origin',(-29.6943211555481,-10.5339627866538,0.));
#2995=CARTESIAN_POINT('',(-19.5000004768372,-12.0339632034302,0.));
#2996=CARTESIAN_POINT('',(-12.755176318576,-12.0339632034302,0.));
#2997=CARTESIAN_POINT('',(-17.9999983310699,-10.5339610594779,0.));
#2998=CARTESIAN_POINT('Origin',(-19.5000004768372,-10.533961057663,0.));
#2999=CARTESIAN_POINT('',(-17.9999983310699,4.49141447997722,0.));
#3000=CARTESIAN_POINT('',(-17.9999983310699,-1.93877928702118,0.));
#3001=CARTESIAN_POINT('',(-20.2499985694885,5.79045295715332,0.));
#3002=CARTESIAN_POINT('Origin',(-19.4999986261073,4.49141447810795,0.));
#3003=CARTESIAN_POINT('',(-32.6698708534241,-1.38016104698181,0.));
#3004=CARTESIAN_POINT('',(-17.2436405161017,7.52617395864409,1.11022302462516E-15));
#3005=CARTESIAN_POINT('Origin',(-30.9198719836681,-4.41124910260252,0.));
#3006=CARTESIAN_POINT('',(-17.2499983664268,-15.033962969161,-1.37333789808655E-6));
#3007=CARTESIAN_POINT('Origin',(-19.999998778491,-15.0339636960975,0.));
#3008=CARTESIAN_POINT('',(22.7500030950141,-15.0339632305048,-4.44174562907635E-6));
#3009=CARTESIAN_POINT('Origin',(20.0000011418639,-15.0339635877087,0.));
#3010=CARTESIAN_POINT('',(30.9933590888977,-11.2839639186859,0.));
#3011=CARTESIAN_POINT('Origin',(29.6943218039466,-10.5339639097127,0.));
#3012=CARTESIAN_POINT('',(33.950960033138,-6.16125211254282,0.));
#3013=CARTESIAN_POINT('',(30.1017906152318,-12.8282048193821,0.));
#3014=CARTESIAN_POINT('',(32.6698708534241,-1.38016104698181,0.));
#3015=CARTESIAN_POINT('Origin',(30.9198709512858,-4.41125089074176,0.));
#3016=CARTESIAN_POINT('',(20.2499985694885,5.79045295715332,0.));
#3017=CARTESIAN_POINT('',(17.1569125043578,7.57624638139888,0.));
#3018=CARTESIAN_POINT('',(17.9999995231628,4.49141516471509,0.));
#3019=CARTESIAN_POINT('Origin',(19.4999990234716,4.49141516636323,0.));
#3020=CARTESIAN_POINT('',(17.9999995231628,-3.19406666604759,0.));
#3021=CARTESIAN_POINT('Origin',(27.0962500572205,-15.0339660704688,0.));
#3022=CARTESIAN_POINT('',(30.1273378855644,-16.7839641228445,27.9999995231628));
#3023=CARTESIAN_POINT('',(30.1273378862474,-16.7839641216614,0.));
#3024=CARTESIAN_POINT('Origin',(27.0962500572205,-15.0339660704688,27.9999995231628));
#3025=CARTESIAN_POINT('Origin',(-0.497440553229788,-0.589402674332909,27.9999995231628));
#3026=CARTESIAN_POINT('',(36.683008077276,-5.42920169001201,27.9999995231628));
#3027=CARTESIAN_POINT('',(31.3431213575232,-14.6781637866241,27.9999995231628));
#3028=CARTESIAN_POINT('',(35.401918888092,-0.64811110496521,27.9999995231628));
#3029=CARTESIAN_POINT('Origin',(33.6519164622111,-3.67920145508323,27.9999995231628));
#3030=CARTESIAN_POINT('',(27.3500037193298,4.0006685256958,27.9999995231628));
#3031=CARTESIAN_POINT('',(19.9139756914728,8.29386522541215,27.9999995231628));
#3032=CARTESIAN_POINT('Origin',(37.3500262683032,21.3211998580433,27.9999995231628));
#3033=CARTESIAN_POINT('',(-27.3499965667725,4.0006685256958,27.9999995231628));
#3034=CARTESIAN_POINT('Origin',(-37.3499874775885,21.3211655736877,27.9999995231628));
#3035=CARTESIAN_POINT('',(-35.401922159662,-0.648111617296583,27.9999995231628));
#3036=CARTESIAN_POINT('',(-20.2870472982414,8.07846307703945,27.9999995231628));
#3037=CARTESIAN_POINT('',(-36.6830107510049,-5.42919975849823,27.9999995231628));
#3038=CARTESIAN_POINT('Origin',(-33.6519230577939,-3.67919980322261,27.9999995231628));
#3039=CARTESIAN_POINT('',(-30.1273318027195,-16.7839644948551,27.9999995231628));
#3040=CARTESIAN_POINT('',(-31.507979870967,-14.3926127946996,27.9999995231628));
#3041=CARTESIAN_POINT('Origin',(-27.0962429046631,-15.0339638456621,27.9999995231628));
#3042=CARTESIAN_POINT('',(17.9999995231628,4.49141516471509,27.9999995231628));
#3043=CARTESIAN_POINT('',(17.9999995231628,-3.0606255226809,27.9999995231628));
#3044=CARTESIAN_POINT('',(20.2499985694885,5.79045295715332,27.9999995231628));
#3045=CARTESIAN_POINT('Origin',(19.4999990234716,4.49141516636323,27.9999995231628));
#3046=CARTESIAN_POINT('',(32.6698708534241,-1.38016104698181,27.9999995231628));
#3047=CARTESIAN_POINT('',(16.9559545693718,7.69226945715273,27.9999995231628));
#3048=CARTESIAN_POINT('',(33.950960033138,-6.16125211254282,27.9999995231628));
#3049=CARTESIAN_POINT('Origin',(30.9198709512858,-4.41125089074176,27.9999995231628));
#3050=CARTESIAN_POINT('',(30.9933590888977,-11.2839639186859,27.9999995231628));
#3051=CARTESIAN_POINT('',(30.1118468946252,-12.8107868437506,27.9999995231628));
#3052=CARTESIAN_POINT('Origin',(29.6943218039466,-10.5339639097127,27.9999995231628));
#3053=CARTESIAN_POINT('',(13.9999985694885,6.22346639633179,27.9999995231628));
#3054=CARTESIAN_POINT('',(13.9999985694885,-10.5339670181274,27.9999995231628));
#3055=CARTESIAN_POINT('',(13.9999985694885,-2.98845671549223,27.9999995231628));
#3056=CARTESIAN_POINT('',(12.5000023841858,-12.0339632034302,27.9999995231628));
#3057=CARTESIAN_POINT('Origin',(12.5000023841858,-10.5339670181274,27.9999995231628));
#3058=CARTESIAN_POINT('',(12.5000023841858,-12.0339632034302,27.9999995231628));
#3059=CARTESIAN_POINT('',(-14.0000009536743,-10.5339598655701,27.9999995231628));
#3060=CARTESIAN_POINT('Origin',(-12.4999976158142,-10.5339598655701,27.9999995231628));
#3061=CARTESIAN_POINT('',(-14.0000009536743,6.22346639633179,27.9999995231628));
#3062=CARTESIAN_POINT('',(-14.0000009536743,-1.37232530052247,27.9999995231628));
#3063=CARTESIAN_POINT('',(-13.2499980930049,7.52250433032766,27.9999995231628));
#3064=CARTESIAN_POINT('Origin',(-12.5000041131589,6.22346639633179,27.9999995231628));
#3065=CARTESIAN_POINT('',(-12.6525505587647,8.12886582638244,27.9999995231624));
#3066=CARTESIAN_POINT('Origin',(-13.9774872677733,8.83712164645007,27.9999995231628));
#3067=CARTESIAN_POINT('',(-4.35500636262812,13.5168652905683,27.9999995231629));
#3068=CARTESIAN_POINT('Origin',(-3.76961577394852,3.53297259570363,27.9999995231628));
#3069=CARTESIAN_POINT('Origin',(5.25652607656857E-7,9.03395844951023,27.9999995231629));
#3070=CARTESIAN_POINT('',(12.6525568324552,8.12886467542168,27.9999995231628));
#3071=CARTESIAN_POINT('Origin',(3.76954110623259,3.53282733879451,27.9999995231628));
#3072=CARTESIAN_POINT('',(13.2500010646805,7.52250397960087,27.9999995231628));
#3073=CARTESIAN_POINT('Origin',(13.9774387636993,8.83706491313893,27.9999995231628));
#3074=CARTESIAN_POINT('Origin',(12.4999969606126,6.22346639633179,27.9999995231628));
#3075=CARTESIAN_POINT('',(-22.7499988099143,-15.0339651107789,27.9999995231628));
#3076=CARTESIAN_POINT('Origin',(-19.9999989018403,-15.0339635220584,27.9999995231628));
#3077=CARTESIAN_POINT('',(-20.2499985694885,5.79045295715332,27.9999995231628));
#3078=CARTESIAN_POINT('',(-32.6698708534241,-1.38016104698181,27.9999995231628));
#3079=CARTESIAN_POINT('',(-17.3290350519917,7.47687141825313,27.9999995231628));
#3080=CARTESIAN_POINT('',(-17.9999983310699,4.49141447997722,27.9999995231628));
#3081=CARTESIAN_POINT('Origin',(-19.4999986261073,4.49141447810795,27.9999995231628));
#3082=CARTESIAN_POINT('',(-17.9999983310699,-10.5339610594779,27.9999995231628));
#3083=CARTESIAN_POINT('',(-17.9999983310699,-1.80533814365449,27.9999995231628));
#3084=CARTESIAN_POINT('',(-19.5000004768372,-12.0339632034302,27.9999995231628));
#3085=CARTESIAN_POINT('Origin',(-19.5000004768372,-10.533961057663,27.9999995231628));
#3086=CARTESIAN_POINT('',(-29.6943211555481,-12.0339632034302,27.9999995231628));
#3087=CARTESIAN_POINT('',(-12.9460779311864,-12.0339632034302,27.9999995231628));
#3088=CARTESIAN_POINT('',(-30.9933596740003,-11.2839629052584,27.9999995231628));
#3089=CARTESIAN_POINT('Origin',(-29.6943211555481,-10.5339627866538,27.9999995231628));
#3090=CARTESIAN_POINT('',(-33.9509598873186,-6.16124823557862,27.9999995231628));
#3091=CARTESIAN_POINT('',(-30.2362102331027,-12.5953844187408,27.9999995231628));
#3092=CARTESIAN_POINT('Origin',(-30.9198719836681,-4.41124910260252,27.9999995231628));
#3093=CARTESIAN_POINT('',(-16.5999995527528,12.5339627265928,27.9999995231628));
#3094=CARTESIAN_POINT('Origin',(-13.8499991786571,12.5339632468095,27.9999995231628));
#3095=CARTESIAN_POINT('',(11.1000013491078,12.5339627265925,27.9999995231628));
#3096=CARTESIAN_POINT('Origin',(13.8500019618253,12.5339633450904,27.9999995231628));
#3097=CARTESIAN_POINT('',(17.2500007348813,-15.0339651107792,27.9999995231628));
#3098=CARTESIAN_POINT('Origin',(20.0000010687467,-15.033963617594,27.9999995231628));
#3099=CARTESIAN_POINT('Origin',(-27.0962429046648,-15.0339638456621,27.99989186018));
#3100=CARTESIAN_POINT('',(-30.1273318019848,-16.7839644961307,27.9998919085388));
#3101=CARTESIAN_POINT('Origin',(-31.3759589195251,1.6762787103653,13.9999997615814));
#3102=CARTESIAN_POINT('',(-35.4019224960551,-0.648111811513157,9.11022210569612E-14));
#3103=CARTESIAN_POINT('',(-27.3499965667725,4.0006685256958,0.));
#3104=CARTESIAN_POINT('Origin',(-37.3499874775885,21.3211655736877,0.));
#3105=CARTESIAN_POINT('Origin',(37.3500262683032,21.3211998580433,0.));
#3106=CARTESIAN_POINT('',(27.3500037193298,4.0006685256958,0.));
#3107=CARTESIAN_POINT('Origin',(31.3759613037109,1.6762787103653,13.9999997615814));
#3108=CARTESIAN_POINT('',(35.401918888092,-0.64811110496521,0.));
#3109=CARTESIAN_POINT('Origin',(33.6519164622111,-3.67920145508323,0.));
#3110=CARTESIAN_POINT('',(36.6830080763527,-5.42920169161119,0.));
#3111=CARTESIAN_POINT('Origin',(33.2026425997416,-11.4573760827382,13.9999997615814));
#3112=CARTESIAN_POINT('Origin',(-33.2836527824402,-11.3170585632324,16.7999997138977));
#3113=CARTESIAN_POINT('',(-36.6830110860449,-5.42919995193363,4.8358934634507E-8));
#3114=CARTESIAN_POINT('Origin',(-33.651923392834,-3.679199996658,9.11022210569612E-14));
#3115=CARTESIAN_POINT('Origin',(-32.4721586704254,-8.72260749340057,13.9999997615814));
#3116=CARTESIAN_POINT('',(-33.9509598873186,-6.16124823557861,27.9999995231628));
#3117=CARTESIAN_POINT('',(-30.9933596748924,-11.2839629037132,27.9999995231628));
#3118=CARTESIAN_POINT('Origin',(-29.6943211555481,-10.5339627866538,27.9999995231628));
#3119=CARTESIAN_POINT('',(-29.6943211555481,-12.0339632034302,27.9999995231628));
#3120=CARTESIAN_POINT('Origin',(-25.3947153091431,-12.0339632034302,11.1999998092651));
#3121=CARTESIAN_POINT('',(-19.5000004768372,-12.0339632034302,27.9999995231628));
#3122=CARTESIAN_POINT('Origin',(-19.5000004768372,-10.533961057663,27.9999995231628));
#3123=CARTESIAN_POINT('',(-17.9999983310699,-10.533961057663,27.9999995231628));
#3124=CARTESIAN_POINT('Origin',(-17.9999983310699,-3.02127361297607,13.9999997615814));
#3125=CARTESIAN_POINT('',(-17.9999983310699,4.49141447810795,0.));
#3126=CARTESIAN_POINT('Origin',(-19.4999986261073,4.49141447810795,0.));
#3127=CARTESIAN_POINT('',(-20.2499985694885,5.79045295715332,0.));
#3128=CARTESIAN_POINT('Origin',(-26.4599347114563,2.20514595508575,13.9999997615814));
#3129=CARTESIAN_POINT('',(-32.6698708534241,-1.38016104698181,27.9999995231628));
#3130=CARTESIAN_POINT('Origin',(-30.9198719836681,-4.41124910260252,27.9999995231628));
#3131=CARTESIAN_POINT('Origin',(-19.9999992550484,-15.0339629693238,-0.000226851481264238));
#3132=CARTESIAN_POINT('',(-17.4499990940895,-15.0339633421277,0.549494967303586));
#3133=CARTESIAN_POINT('',(-17.249916775604,-15.0339629693238,-0.000225541815113343));
#3134=CARTESIAN_POINT('',(-22.5499988773382,-15.0339651107789,0.549495457059471));
#3135=CARTESIAN_POINT('Ctrl Pts',(-22.5499988773382,-15.0339651107787,0.549495457059476));
#3136=CARTESIAN_POINT('Ctrl Pts',(-22.549999099414,-14.7137814314792,0.549495490861376));
#3137=CARTESIAN_POINT('Ctrl Pts',(-22.4860100998357,-14.372254252379,0.549495520771659));
#3138=CARTESIAN_POINT('Ctrl Pts',(-22.2257732871487,-13.7439870097614,0.549495562107361));
#3139=CARTESIAN_POINT('Ctrl Pts',(-22.0295252519649,-13.4572451775929,0.549495573532938));
#3140=CARTESIAN_POINT('Ctrl Pts',(-21.5767171502489,-13.004437075877,0.549495577852279));
#3141=CARTESIAN_POINT('Ctrl Pts',(-21.2899753180805,-12.8081890406932,0.549495571033955));
#3142=CARTESIAN_POINT('Ctrl Pts',(-20.6617080754629,-12.5479522280062,0.549495538173536));
#3143=CARTESIAN_POINT('Ctrl Pts',(-20.3201826650137,-12.483963450503,0.549495512131441));
#3144=CARTESIAN_POINT('Ctrl Pts',(-19.6798153064146,-12.483963450503,0.549495450635644));
#3145=CARTESIAN_POINT('Ctrl Pts',(-19.3382898959654,-12.5479522280062,0.549495411082961));
#3146=CARTESIAN_POINT('Ctrl Pts',(-18.7100226533478,-12.8081890406932,0.549495323276212));
#3147=CARTESIAN_POINT('Ctrl Pts',(-18.4232808211794,-13.004437075877,0.549495275022166));
#3148=CARTESIAN_POINT('Ctrl Pts',(-17.9704727194634,-13.4572451775929,0.54949518373595));
#3149=CARTESIAN_POINT('Ctrl Pts',(-17.7742246842796,-13.7439870097614,0.549495134619136));
#3150=CARTESIAN_POINT('Ctrl Pts',(-17.5139878715927,-14.372254252379,0.549495043303432));
#3151=CARTESIAN_POINT('Ctrl Pts',(-17.4499991910304,-14.7137788907742,0.549495001104625));
#3152=CARTESIAN_POINT('Ctrl Pts',(-17.4499990940896,-15.0339625700737,0.549494967303668));
#3153=CARTESIAN_POINT('Ctrl Pts',(-17.4499990940895,-15.0339633421277,0.549494967303586));
#3154=CARTESIAN_POINT('Ctrl Pts',(-17.4499990940895,-15.3541470214273,0.549494933502638));
#3155=CARTESIAN_POINT('Ctrl Pts',(-17.5139878715927,-15.6956724318764,0.549494903593653));
#3156=CARTESIAN_POINT('Ctrl Pts',(-17.7742246842796,-16.323939674494,0.549494862259891));
#3157=CARTESIAN_POINT('Ctrl Pts',(-17.9704727194634,-16.6106815066625,0.549494850835101));
#3158=CARTESIAN_POINT('Ctrl Pts',(-18.4232808211794,-17.0634896083784,0.549494846516483));
#3159=CARTESIAN_POINT('Ctrl Pts',(-18.7100226533478,-17.2597376435622,0.549494853334798));
#3160=CARTESIAN_POINT('Ctrl Pts',(-19.3382898959654,-17.5199744562492,0.549494886194361));
#3161=CARTESIAN_POINT('Ctrl Pts',(-19.6798153064146,-17.5839632337524,0.549494912235616));
#3162=CARTESIAN_POINT('Ctrl Pts',(-20.3201826650137,-17.5839632337524,0.549494973729552));
#3163=CARTESIAN_POINT('Ctrl Pts',(-20.6617080754629,-17.5199744562492,0.549495013281096));
#3164=CARTESIAN_POINT('Ctrl Pts',(-21.2899753180805,-17.2597376435622,0.549495101085905));
#3165=CARTESIAN_POINT('Ctrl Pts',(-21.5767171502489,-17.0634896083784,0.549495149339181));
#3166=CARTESIAN_POINT('Ctrl Pts',(-22.0295252519649,-16.6106815066625,0.549495240624673));
#3167=CARTESIAN_POINT('Ctrl Pts',(-22.2257732871487,-16.323939674494,0.549495289741505));
#3168=CARTESIAN_POINT('Ctrl Pts',(-22.4860100998356,-15.6956724318764,0.549495381058064));
#3169=CARTESIAN_POINT('Ctrl Pts',(-22.5499986552624,-15.3541487900784,0.549495423257575));
#3170=CARTESIAN_POINT('Ctrl Pts',(-22.5499988773382,-15.0339651107789,0.549495457059475));
#3171=CARTESIAN_POINT('Origin',(-13.8499987394058,12.5339624868229,-0.000113645260748653));
#3172=CARTESIAN_POINT('',(-11.2999991401296,12.5339619729663,0.549495127603121));
#3173=CARTESIAN_POINT('',(-11.0999570025607,12.5339624868229,-0.00011471146077837));
#3174=CARTESIAN_POINT('',(-16.3999985958607,12.533962726593,0.549495227410908));
#3175=CARTESIAN_POINT('Ctrl Pts',(-16.3999985958607,12.533962726593,0.549495227410909));
#3176=CARTESIAN_POINT('Ctrl Pts',(-16.399998617386,12.8541463853306,0.54949520764143));
#3177=CARTESIAN_POINT('Ctrl Pts',(-16.3360098224668,13.1956719452786,0.549495185302119));
#3178=CARTESIAN_POINT('Ctrl Pts',(-16.0757730264921,13.8239391475493,0.549495141417866));
#3179=CARTESIAN_POINT('Ctrl Pts',(-15.8795250039112,14.1106809613034,0.549495119872894));
#3180=CARTESIAN_POINT('Ctrl Pts',(-15.4267169312742,14.5634890339404,0.549495083053432));
#3181=CARTESIAN_POINT('Ctrl Pts',(-15.1399751175201,14.7597370565213,0.549495065324757));
#3182=CARTESIAN_POINT('Ctrl Pts',(-14.5117079152494,15.0199738524961,0.549495036961143));
#3183=CARTESIAN_POINT('Ctrl Pts',(-14.1701825267327,15.0839626258899,0.549495026326211));
#3184=CARTESIAN_POINT('Ctrl Pts',(-13.5298152092575,15.0839626258899,0.549495013793383));
#3185=CARTESIAN_POINT('Ctrl Pts',(-13.1882898207408,15.0199738524961,0.54949501106012));
#3186=CARTESIAN_POINT('Ctrl Pts',(-12.56002261847,14.7597370565213,0.549495014832042));
#3187=CARTESIAN_POINT('Ctrl Pts',(-12.2732808047159,14.5634890339404,0.549495021337245));
#3188=CARTESIAN_POINT('Ctrl Pts',(-11.820472732079,14.1106809613034,0.549495040433648));
#3189=CARTESIAN_POINT('Ctrl Pts',(-11.6242247094981,13.8239391475493,0.549495054297706));
#3190=CARTESIAN_POINT('Ctrl Pts',(-11.3639879135233,13.1956719452786,0.549495087997306));
#3191=CARTESIAN_POINT('Ctrl Pts',(-11.2999991401295,12.8541465567619,0.549495107832851));
#3192=CARTESIAN_POINT('Ctrl Pts',(-11.2999991401295,12.5339628980243,0.549495127603063));
#3193=CARTESIAN_POINT('Ctrl Pts',(-11.2999991401296,12.5339619729663,0.549495127603121));
#3194=CARTESIAN_POINT('Ctrl Pts',(-11.299999256282,12.2137783142287,0.549495147373336));
#3195=CARTESIAN_POINT('Ctrl Pts',(-11.3639879135233,11.87225385077,0.549495169713715));
#3196=CARTESIAN_POINT('Ctrl Pts',(-11.6242247094981,11.2439866484993,0.549495213600347));
#3197=CARTESIAN_POINT('Ctrl Pts',(-11.820472732079,10.9572448347452,0.549495235146522));
#3198=CARTESIAN_POINT('Ctrl Pts',(-12.2732808047159,10.5044367621082,0.549495271967687));
#3199=CARTESIAN_POINT('Ctrl Pts',(-12.56002261847,10.3081887395273,0.549495289696975));
#3200=CARTESIAN_POINT('Ctrl Pts',(-13.1882898207408,10.0479519435525,0.549495318060763));
#3201=CARTESIAN_POINT('Ctrl Pts',(-13.5298152092575,9.98396317015869,0.549495328695267));
#3202=CARTESIAN_POINT('Ctrl Pts',(-14.1701825267327,9.98396317015869,0.549495341226629));
#3203=CARTESIAN_POINT('Ctrl Pts',(-14.5117079152494,10.0479519435525,0.549495343958765));
#3204=CARTESIAN_POINT('Ctrl Pts',(-15.1399751175201,10.3081887395273,0.549495340184462));
#3205=CARTESIAN_POINT('Ctrl Pts',(-15.4267169312742,10.5044367621082,0.549495333678037));
#3206=CARTESIAN_POINT('Ctrl Pts',(-15.8795250039112,10.9572448347452,0.54949531457993));
#3207=CARTESIAN_POINT('Ctrl Pts',(-16.0757730264921,11.2439866484993,0.549495300715271));
#3208=CARTESIAN_POINT('Ctrl Pts',(-16.3360098224668,11.87225385077,0.549495267015493));
#3209=CARTESIAN_POINT('Ctrl Pts',(-16.3999985743354,12.2137790678554,0.549495247180389));
#3210=CARTESIAN_POINT('Ctrl Pts',(-16.3999985958607,12.533962726593,0.54949522741091));
#3211=CARTESIAN_POINT('Origin',(-12.4999976158142,-10.5339598655701,27.9999995231628));
#3212=CARTESIAN_POINT('',(-14.0000009536743,-10.5339598655701,27.9999995231628));
#3213=CARTESIAN_POINT('Origin',(-0.866174890714533,-12.0339632034302,12.4162628457827));
#3214=CARTESIAN_POINT('',(12.5000023841858,-12.0339632034302,22.5999999046326));
#3215=CARTESIAN_POINT('Origin',(12.5000023841858,-10.5339670181274,22.5999999046326));
#3216=CARTESIAN_POINT('',(13.9999985694885,-10.5339670181274,27.9999995231628));
#3217=CARTESIAN_POINT('Origin',(13.9999985694885,-5.38751075665156,23.1916657090187));
#3218=CARTESIAN_POINT('',(13.9999985694885,6.22346639633179,0.));
#3219=CARTESIAN_POINT('Origin',(12.4999969606126,6.22346639633179,0.));
#3220=CARTESIAN_POINT('',(13.2500004768372,7.5225043296814,0.));
#3221=CARTESIAN_POINT('Origin',(13.9774388067075,8.83706495672352,4.90437928856812E-16));
#3222=CARTESIAN_POINT('',(12.6525561045766,8.12886624243889,-3.13740481907468E-9));
#3223=CARTESIAN_POINT('Origin',(3.76955981733038,3.53284777325985,16.639322222343));
#3224=CARTESIAN_POINT('Origin',(5.25652607591971E-7,9.0339584495103,0.));
#3225=CARTESIAN_POINT('',(-4.35500636265068,13.5168652907309,28.0003334677212));
#3226=CARTESIAN_POINT('Origin',(-3.7696157740625,3.53297259591507,28.0003398661935));
#3227=CARTESIAN_POINT('',(-12.6525505587647,8.12886582638244,27.9999995262556));
#3228=CARTESIAN_POINT('Origin',(-13.9774872677733,8.83712164645007,27.9999995231628));
#3229=CARTESIAN_POINT('',(-13.2499980926514,7.5225043296814,27.9999995231628));
#3230=CARTESIAN_POINT('Origin',(-12.5000041131589,6.22346639633179,27.9999995231628));
#3231=CARTESIAN_POINT('',(-14.0000009536743,6.22346639633179,27.9999995231628));
#3232=CARTESIAN_POINT('Origin',(-14.0000009536743,-2.15524792671204,13.9999997615814));
#3233=CARTESIAN_POINT('Origin',(13.8500002734807,12.5339627527422,-0.0001286280642115));
#3234=CARTESIAN_POINT('',(16.4000005629508,12.5339624509463,0.549495093726738));
#3235=CARTESIAN_POINT('',(16.6000477165444,12.5339627527422,-0.000123869403866248));
#3236=CARTESIAN_POINT('',(11.300001348589,12.5339627265929,0.549495243883284));
#3237=CARTESIAN_POINT('Ctrl Pts',(11.300001348589,12.5339627265929,0.549495243883286));
#3238=CARTESIAN_POINT('Ctrl Pts',(11.3000013270637,12.854146370177,0.549495265461362));
#3239=CARTESIAN_POINT('Ctrl Pts',(11.3639901189544,13.1956719139616,0.549495286593143));
#3240=CARTESIAN_POINT('Ctrl Pts',(11.6242269026128,13.8239390864982,0.549495321270066));
#3241=CARTESIAN_POINT('Ctrl Pts',(11.8204749159058,14.1106808866815,0.54949533481527));
#3242=CARTESIAN_POINT('Ctrl Pts',(12.2732829671126,14.5634889378883,0.549495351997834));
#3243=CARTESIAN_POINT('Ctrl Pts',(12.560024767296,14.7597369511813,0.549495356780503));
#3244=CARTESIAN_POINT('Ctrl Pts',(13.1882919398326,15.0199737348398,0.549495355820673));
#3245=CARTESIAN_POINT('Ctrl Pts',(13.5298173121857,15.0839625052052,0.54949535007819));
#3246=CARTESIAN_POINT('Ctrl Pts',(14.1701845993541,15.0839625052052,0.549495331225893));
#3247=CARTESIAN_POINT('Ctrl Pts',(14.5117099717073,15.0199737348398,0.54949531685948));
#3248=CARTESIAN_POINT('Ctrl Pts',(15.1399771442438,14.7597369511813,0.54949528082639));
#3249=CARTESIAN_POINT('Ctrl Pts',(15.4267189444272,14.5634889378883,0.54949525915966));
#3250=CARTESIAN_POINT('Ctrl Pts',(15.879526995634,14.1106808866815,0.549495215313529));
#3251=CARTESIAN_POINT('Ctrl Pts',(16.075775008927,13.8239390864982,0.54949519021158));
#3252=CARTESIAN_POINT('Ctrl Pts',(16.3360117925854,13.1956719139616,0.549495140208092));
#3253=CARTESIAN_POINT('Ctrl Pts',(16.4000005629508,12.8541465416084,0.549495115306538));
#3254=CARTESIAN_POINT('Ctrl Pts',(16.4000005629508,12.5339628980243,0.54949509372677));
#3255=CARTESIAN_POINT('Ctrl Pts',(16.4000005629508,12.5339624509463,0.549495093726738));
#3256=CARTESIAN_POINT('Ctrl Pts',(16.4000005068147,12.2137788073622,0.549495072146971));
#3257=CARTESIAN_POINT('Ctrl Pts',(16.3360117925854,11.8722538820869,0.549495051012229));
#3258=CARTESIAN_POINT('Ctrl Pts',(16.075775008927,11.2439867095503,0.549495016328472));
#3259=CARTESIAN_POINT('Ctrl Pts',(15.879526995634,10.957244909367,0.549495002779531));
#3260=CARTESIAN_POINT('Ctrl Pts',(15.4267189444272,10.5044368581602,0.549494985591253));
#3261=CARTESIAN_POINT('Ctrl Pts',(15.1399771442438,10.3081888448672,0.549494980806245));
#3262=CARTESIAN_POINT('Ctrl Pts',(14.5117099717073,10.0479520612087,0.549494981764324));
#3263=CARTESIAN_POINT('Ctrl Pts',(14.1701845993541,9.98396329084332,0.549494987507431));
#3264=CARTESIAN_POINT('Ctrl Pts',(13.5298173121857,9.98396329084332,0.549495006363113));
#3265=CARTESIAN_POINT('Ctrl Pts',(13.1882919398326,10.0479520612087,0.549495020732503));
#3266=CARTESIAN_POINT('Ctrl Pts',(12.560024767296,10.3081888448672,0.549495056772427));
#3267=CARTESIAN_POINT('Ctrl Pts',(12.2732829671126,10.5044368581602,0.549495078442906));
#3268=CARTESIAN_POINT('Ctrl Pts',(11.8204749159058,10.957244909367,0.549495122294751));
#3269=CARTESIAN_POINT('Ctrl Pts',(11.6242269026128,11.2439867095503,0.549495147399049));
#3270=CARTESIAN_POINT('Ctrl Pts',(11.3639901189544,11.8722538820869,0.549495197404287));
#3271=CARTESIAN_POINT('Ctrl Pts',(11.3000013701143,12.2137790830087,0.54949522230521));
#3272=CARTESIAN_POINT('Ctrl Pts',(11.300001348589,12.5339627265929,0.549495243883287));
#3273=CARTESIAN_POINT('Origin',(20.0000018566224,-15.0339632305333,-8.22204460586352E-5));
#3274=CARTESIAN_POINT('',(22.5500015162702,-15.0339630344015,0.549495316180311));
#3275=CARTESIAN_POINT('',(22.7500321189727,-15.0339632305333,-8.41844072430856E-5));
#3276=CARTESIAN_POINT('',(17.4500016770008,-15.0339651107785,0.549495373091589));
#3277=CARTESIAN_POINT('Ctrl Pts',(17.4500016770008,-15.0339651107783,0.54949537309159));
#3278=CARTESIAN_POINT('Ctrl Pts',(17.4500014549251,-14.713781423087,0.549495364984136));
#3279=CARTESIAN_POINT('Ctrl Pts',(17.5139904561804,-14.372254235036,0.549495352945471));
#3280=CARTESIAN_POINT('Ctrl Pts',(17.774227275688,-13.7439869759521,0.549495323247203));
#3281=CARTESIAN_POINT('Ctrl Pts',(17.9704753160153,-13.4572451362683,0.549495305587551));
#3282=CARTESIAN_POINT('Ctrl Pts',(18.423283429599,-13.0044370226847,0.549495270128179));
#3283=CARTESIAN_POINT('Ctrl Pts',(18.7100252692827,-12.8081889823574,0.549495249964921));
#3284=CARTESIAN_POINT('Ctrl Pts',(19.3382925283666,-12.5479521628498,0.549495210084646));
#3285=CARTESIAN_POINT('Ctrl Pts',(19.6798179477669,-12.4839633836696,0.549495190367631));
#3286=CARTESIAN_POINT('Ctrl Pts',(20.3201853231495,-12.4839633836696,0.549495156435895));
#3287=CARTESIAN_POINT('Ctrl Pts',(20.6617107425498,-12.5479521628498,0.549495139959469));
#3288=CARTESIAN_POINT('Ctrl Pts',(21.2899780016337,-12.8081889823574,0.549495113258393));
#3289=CARTESIAN_POINT('Ctrl Pts',(21.5767198413175,-13.0044370226847,0.54949510303373));
#3290=CARTESIAN_POINT('Ctrl Pts',(22.0295279549011,-13.4572451362683,0.549495090505767));
#3291=CARTESIAN_POINT('Ctrl Pts',(22.2257759952284,-13.743986975952,0.549495087367428));
#3292=CARTESIAN_POINT('Ctrl Pts',(22.486012814736,-14.372254235036,0.549495089485875));
#3293=CARTESIAN_POINT('Ctrl Pts',(22.5500015552774,-14.7137793467102,0.549495094742658));
#3294=CARTESIAN_POINT('Ctrl Pts',(22.5500015939162,-15.0339630344015,0.549495102849687));
#3295=CARTESIAN_POINT('Ctrl Pts',(22.5500015939162,-15.0339633421276,0.549495102849694));
#3296=CARTESIAN_POINT('Ctrl Pts',(22.5500015939162,-15.3541470298189,0.549495110956725));
#3297=CARTESIAN_POINT('Ctrl Pts',(22.486012814736,-15.6956724492192,0.549495122994725));
#3298=CARTESIAN_POINT('Ctrl Pts',(22.2257759952284,-16.3239397083031,0.549495152691853));
#3299=CARTESIAN_POINT('Ctrl Pts',(22.0295279549011,-16.6106815479868,0.549495170350993));
#3300=CARTESIAN_POINT('Ctrl Pts',(21.5767198413175,-17.0634896615705,0.549495205809717));
#3301=CARTESIAN_POINT('Ctrl Pts',(21.2899780016338,-17.2597377018978,0.549495225972801));
#3302=CARTESIAN_POINT('Ctrl Pts',(20.6617107425498,-17.5199745214054,0.549495265853242));
#3303=CARTESIAN_POINT('Ctrl Pts',(20.3201853231495,-17.5839633005856,0.549495285570603));
#3304=CARTESIAN_POINT('Ctrl Pts',(19.6798179477669,-17.5839633005856,0.549495319503208));
#3305=CARTESIAN_POINT('Ctrl Pts',(19.3382925283666,-17.5199745214054,0.549495335980214));
#3306=CARTESIAN_POINT('Ctrl Pts',(18.7100252692827,-17.2597377018978,0.549495362682429));
#3307=CARTESIAN_POINT('Ctrl Pts',(18.423283429599,-17.0634896615705,0.549495372907618));
#3308=CARTESIAN_POINT('Ctrl Pts',(17.9704753160153,-16.6106815479868,0.549495385436229));
#3309=CARTESIAN_POINT('Ctrl Pts',(17.774227275688,-16.3239397083031,0.549495388574746));
#3310=CARTESIAN_POINT('Ctrl Pts',(17.5139904561804,-15.6956724492192,0.549495386456132));
#3311=CARTESIAN_POINT('Ctrl Pts',(17.4500018990765,-15.3541487984697,0.549495381199043));
#3312=CARTESIAN_POINT('Ctrl Pts',(17.4500016770008,-15.0339651107785,0.54949537309159));
#3313=CARTESIAN_POINT('Origin',(29.6943218039466,-10.5339639097127,27.9999995231628));
#3314=CARTESIAN_POINT('',(30.9933590888977,-11.2839639186859,27.9999995231628));
#3315=CARTESIAN_POINT('Origin',(32.4721598625183,-8.72260749340057,13.9999997615814));
#3316=CARTESIAN_POINT('',(33.9509600322185,-6.16125211413532,27.9999995231628));
#3317=CARTESIAN_POINT('Origin',(30.9198709512858,-4.41125089074176,27.9999995231628));
#3318=CARTESIAN_POINT('',(32.6698708534241,-1.38016104698181,27.9999995231628));
#3319=CARTESIAN_POINT('Origin',(26.4599347114563,2.20514595508575,13.9999997615814));
#3320=CARTESIAN_POINT('',(20.2499985694885,5.79045295715332,27.9999995231628));
#3321=CARTESIAN_POINT('Origin',(19.4999990234716,4.49141516636323,27.9999995231628));
#3322=CARTESIAN_POINT('',(17.9999995231628,4.49141516636323,27.9999995231628));
#3323=CARTESIAN_POINT('Origin',(17.9999995231628,-5.5318483710289,23.1916657090187));
#3324=CARTESIAN_POINT('Origin',(-19.9999989671701,-15.0339633815828,28.0001721335548));
#3325=CARTESIAN_POINT('',(-22.5499988773382,-15.0339651107789,27.4505020485906));
#3326=CARTESIAN_POINT('',(-22.7500617000533,-15.0339633815828,28.0001723130826));
#3327=CARTESIAN_POINT('Ctrl Pts',(-17.4499990940895,-15.0339633421277,27.4505018109341));
#3328=CARTESIAN_POINT('Ctrl Pts',(-17.4499990940895,-14.7137796628281,27.450501842872));
#3329=CARTESIAN_POINT('Ctrl Pts',(-17.5139878715927,-14.372254252379,27.4505018799205));
#3330=CARTESIAN_POINT('Ctrl Pts',(-17.7742246842796,-13.7439870097614,27.4505019547161));
#3331=CARTESIAN_POINT('Ctrl Pts',(-17.9704727194634,-13.4572451775929,27.4505019924633));
#3332=CARTESIAN_POINT('Ctrl Pts',(-18.4232808211794,-13.004437075877,27.4505020587308));
#3333=CARTESIAN_POINT('Ctrl Pts',(-18.7100226533478,-12.8081890406932,27.4505020916682));
#3334=CARTESIAN_POINT('Ctrl Pts',(-19.3382898959654,-12.5479522280062,27.4505021469034));
#3335=CARTESIAN_POINT('Ctrl Pts',(-19.6798153064146,-12.483963450503,27.450502169201));
#3336=CARTESIAN_POINT('Ctrl Pts',(-20.3201826650137,-12.483963450503,27.4505021990417));
#3337=CARTESIAN_POINT('Ctrl Pts',(-20.6617080754629,-12.5479522280062,27.4505022085738));
#3338=CARTESIAN_POINT('Ctrl Pts',(-21.2899753180805,-12.8081890406932,27.4505022118924));
#3339=CARTESIAN_POINT('Ctrl Pts',(-21.5767171502489,-13.004437075877,27.4505022056789));
#3340=CARTESIAN_POINT('Ctrl Pts',(-22.0295252519649,-13.4572451775929,27.4505021816125));
#3341=CARTESIAN_POINT('Ctrl Pts',(-22.2257732871487,-13.7439870097614,27.4505021621554));
#3342=CARTESIAN_POINT('Ctrl Pts',(-22.4860100998356,-14.372254252379,27.4505021116135));
#3343=CARTESIAN_POINT('Ctrl Pts',(-22.5499988773388,-14.7137796628281,27.4505020805287));
#3344=CARTESIAN_POINT('Ctrl Pts',(-22.5499988773388,-15.3541470214273,27.4505020166529));
#3345=CARTESIAN_POINT('Ctrl Pts',(-22.4860100998356,-15.6956724318764,27.4505019796044));
#3346=CARTESIAN_POINT('Ctrl Pts',(-22.2257732871487,-16.323939674494,27.4505019048087));
#3347=CARTESIAN_POINT('Ctrl Pts',(-22.0295252519649,-16.6106815066625,27.4505018670616));
#3348=CARTESIAN_POINT('Ctrl Pts',(-21.5767171502489,-17.0634896083784,27.4505018007941));
#3349=CARTESIAN_POINT('Ctrl Pts',(-21.2899753180805,-17.2597376435622,27.4505017678566));
#3350=CARTESIAN_POINT('Ctrl Pts',(-20.6617080754629,-17.5199744562492,27.4505017126216));
#3351=CARTESIAN_POINT('Ctrl Pts',(-20.3201826650137,-17.5839632337524,27.4505016903239));
#3352=CARTESIAN_POINT('Ctrl Pts',(-19.6798153064146,-17.5839632337524,27.4505016604832));
#3353=CARTESIAN_POINT('Ctrl Pts',(-19.3382898959654,-17.5199744562492,27.4505016509511));
#3354=CARTESIAN_POINT('Ctrl Pts',(-18.7100226533478,-17.2597376435622,27.4505016476326));
#3355=CARTESIAN_POINT('Ctrl Pts',(-18.4232808211794,-17.0634896083784,27.450501653846));
#3356=CARTESIAN_POINT('Ctrl Pts',(-17.9704727194634,-16.6106815066625,27.4505016779124));
#3357=CARTESIAN_POINT('Ctrl Pts',(-17.7742246842796,-16.323939674494,27.4505016973695));
#3358=CARTESIAN_POINT('Ctrl Pts',(-17.5139878715927,-15.6956724318764,27.4505017479114));
#3359=CARTESIAN_POINT('Ctrl Pts',(-17.4499990940895,-15.3541470214273,27.4505017789962));
#3360=CARTESIAN_POINT('Ctrl Pts',(-17.4499990940895,-15.0339633421277,27.4505018109341));
#3361=CARTESIAN_POINT('Origin',(-13.8499986205321,12.5339628858939,28.0002250004835));
#3362=CARTESIAN_POINT('',(-16.3999985958607,12.533962726593,27.4505020391458));
#3363=CARTESIAN_POINT('',(-16.6000810616116,12.5339628858939,28.0002234666556));
#3364=CARTESIAN_POINT('Ctrl Pts',(-11.2999991401295,12.5339628980243,27.4505018390505));
#3365=CARTESIAN_POINT('Ctrl Pts',(-11.2999991401295,12.8541465567619,27.4505017961539));
#3366=CARTESIAN_POINT('Ctrl Pts',(-11.3639879135233,13.1956719452786,27.4505017529087));
#3367=CARTESIAN_POINT('Ctrl Pts',(-11.6242247094981,13.8239391475493,27.450501678947));
#3368=CARTESIAN_POINT('Ctrl Pts',(-11.820472732079,14.1106809613034,27.4505016482306));
#3369=CARTESIAN_POINT('Ctrl Pts',(-12.2732808047159,14.5634890339404,27.4505016053314));
#3370=CARTESIAN_POINT('Ctrl Pts',(-12.56002261847,14.7597370565213,27.4505015902892));
#3371=CARTESIAN_POINT('Ctrl Pts',(-13.1882898207408,15.0199738524961,27.4505015800736));
#3372=CARTESIAN_POINT('Ctrl Pts',(-13.5298152092575,15.0839626258899,27.4505015849002));
#3373=CARTESIAN_POINT('Ctrl Pts',(-14.1701825267327,15.0839626258899,27.4505016100243));
#3374=CARTESIAN_POINT('Ctrl Pts',(-14.5117079152494,15.0199738524961,27.4505016319965));
#3375=CARTESIAN_POINT('Ctrl Pts',(-15.1399751175201,14.7597370565213,27.4505016915111));
#3376=CARTESIAN_POINT('Ctrl Pts',(-15.4267169312742,14.5634890339404,27.4505017290534));
#3377=CARTESIAN_POINT('Ctrl Pts',(-15.8795250039112,14.1106809613034,27.4505018074839));
#3378=CARTESIAN_POINT('Ctrl Pts',(-16.0757730264921,13.8239391475493,27.4505018535998));
#3379=CARTESIAN_POINT('Ctrl Pts',(-16.3360098224668,13.1956719452786,27.4505019479823));
#3380=CARTESIAN_POINT('Ctrl Pts',(-16.3999985958607,12.8541465567619,27.450501996249));
#3381=CARTESIAN_POINT('Ctrl Pts',(-16.3999985958607,12.2137792392867,27.4505020820427));
#3382=CARTESIAN_POINT('Ctrl Pts',(-16.3360098224668,11.87225385077,27.4505021252883));
#3383=CARTESIAN_POINT('Ctrl Pts',(-16.0757730264921,11.2439866484993,27.4505021992509));
#3384=CARTESIAN_POINT('Ctrl Pts',(-15.8795250039112,10.9572448347452,27.4505022299678));
#3385=CARTESIAN_POINT('Ctrl Pts',(-15.4267169312742,10.5044367621082,27.4505022728676));
#3386=CARTESIAN_POINT('Ctrl Pts',(-15.1399751175201,10.3081887395273,27.45050228791));
#3387=CARTESIAN_POINT('Ctrl Pts',(-14.5117079152494,10.0479519435525,27.4505022981257));
#3388=CARTESIAN_POINT('Ctrl Pts',(-14.1701825267327,9.98396317015869,27.450502293299));
#3389=CARTESIAN_POINT('Ctrl Pts',(-13.5298152092575,9.98396317015869,27.4505022681743));
#3390=CARTESIAN_POINT('Ctrl Pts',(-13.1882898207408,10.0479519435525,27.4505022462016));
#3391=CARTESIAN_POINT('Ctrl Pts',(-12.56002261847,10.3081887395273,27.4505021866862));
#3392=CARTESIAN_POINT('Ctrl Pts',(-12.2732808047159,10.5044367621082,27.4505021491434));
#3393=CARTESIAN_POINT('Ctrl Pts',(-11.820472732079,10.9572448347452,27.4505020707123));
#3394=CARTESIAN_POINT('Ctrl Pts',(-11.6242247094981,11.2439866484993,27.4505020245962));
#3395=CARTESIAN_POINT('Ctrl Pts',(-11.3639879135233,11.87225385077,27.4505019302136));
#3396=CARTESIAN_POINT('Ctrl Pts',(-11.2999991401295,12.2137792392867,27.4505018819471));
#3397=CARTESIAN_POINT('Ctrl Pts',(-11.2999991401295,12.5339628980243,27.4505018390505));
#3398=CARTESIAN_POINT('Origin',(13.8500003712324,12.5339626619473,28.0000474618609));
#3399=CARTESIAN_POINT('',(11.300001348589,12.5339627265929,27.4505019887043));
#3400=CARTESIAN_POINT('',(11.0999823102425,12.5339626619473,28.0000518322109));
#3401=CARTESIAN_POINT('Ctrl Pts',(16.4000005629508,12.5339628980243,27.4505018947186));
#3402=CARTESIAN_POINT('Ctrl Pts',(16.4000005629508,12.8541465416084,27.450501887017));
#3403=CARTESIAN_POINT('Ctrl Pts',(16.3360117925854,13.1956719139616,27.4505018799817));
#3404=CARTESIAN_POINT('Ctrl Pts',(16.075775008927,13.8239390864982,27.4505018696673));
#3405=CARTESIAN_POINT('Ctrl Pts',(15.879526995634,14.1106808866815,27.4505018663883));
#3406=CARTESIAN_POINT('Ctrl Pts',(15.4267189444272,14.5634889378883,27.4505018638447));
#3407=CARTESIAN_POINT('Ctrl Pts',(15.1399771442438,14.7597369511813,27.4505018644105));
#3408=CARTESIAN_POINT('Ctrl Pts',(14.5117099717073,15.0199737348398,27.4505018697329));
#3409=CARTESIAN_POINT('Ctrl Pts',(14.1701845993541,15.0839625052052,27.4505018744893));
#3410=CARTESIAN_POINT('Ctrl Pts',(13.5298173121857,15.0839625052052,27.4505018862924));
#3411=CARTESIAN_POINT('Ctrl Pts',(13.1882919398326,15.0199737348398,27.4505018941258));
#3412=CARTESIAN_POINT('Ctrl Pts',(12.560024767296,14.7597369511813,27.4505019119628));
#3413=CARTESIAN_POINT('Ctrl Pts',(12.2732829671126,14.5634889378883,27.4505019219662));
#3414=CARTESIAN_POINT('Ctrl Pts',(11.8204749159058,14.1106808866815,27.450501941199));
#3415=CARTESIAN_POINT('Ctrl Pts',(11.6242269026128,13.8239390864982,27.4505019517104));
#3416=CARTESIAN_POINT('Ctrl Pts',(11.3639901189544,13.1956719139616,27.4505019716132));
#3417=CARTESIAN_POINT('Ctrl Pts',(11.300001348589,12.8541465416084,27.4505019810048));
#3418=CARTESIAN_POINT('Ctrl Pts',(11.300001348589,12.2137792544401,27.4505019964038));
#3419=CARTESIAN_POINT('Ctrl Pts',(11.3639901189544,11.8722538820869,27.4505020034378));
#3420=CARTESIAN_POINT('Ctrl Pts',(11.6242269026128,11.2439867095504,27.4505020137521));
#3421=CARTESIAN_POINT('Ctrl Pts',(11.8204749159058,10.957244909367,27.4505020170324));
#3422=CARTESIAN_POINT('Ctrl Pts',(12.2732829671126,10.5044368581602,27.4505020195801));
#3423=CARTESIAN_POINT('Ctrl Pts',(12.560024767296,10.3081888448672,27.4505020190172));
#3424=CARTESIAN_POINT('Ctrl Pts',(13.1882919398326,10.0479520612088,27.450502013701));
#3425=CARTESIAN_POINT('Ctrl Pts',(13.5298173121857,9.98396329084332,27.4505020089477));
#3426=CARTESIAN_POINT('Ctrl Pts',(14.1701845993541,9.98396329084332,27.4505019971487));
#3427=CARTESIAN_POINT('Ctrl Pts',(14.5117099717073,10.0479520612087,27.4505019893166));
#3428=CARTESIAN_POINT('Ctrl Pts',(15.1399771442438,10.3081888448672,27.4505019714797));
#3429=CARTESIAN_POINT('Ctrl Pts',(15.4267189444272,10.5044368581602,27.450501961475));
#3430=CARTESIAN_POINT('Ctrl Pts',(15.879526995634,10.957244909367,27.4505019422381));
#3431=CARTESIAN_POINT('Ctrl Pts',(16.075775008927,11.2439867095503,27.4505019317237));
#3432=CARTESIAN_POINT('Ctrl Pts',(16.3360117925854,11.8722538820869,27.4505019118147));
#3433=CARTESIAN_POINT('Ctrl Pts',(16.4000005629508,12.2137792544401,27.4505019024202));
#3434=CARTESIAN_POINT('Ctrl Pts',(16.4000005629508,12.5339628980243,27.4505018947186));
#3435=CARTESIAN_POINT('Origin',(20.0000020402049,-15.0339631519016,28.0000588224503));
#3436=CARTESIAN_POINT('',(17.4500016770008,-15.0339651107785,27.4505019992691));
#3437=CARTESIAN_POINT('',(17.2499801232102,-15.0339631519016,28.0000561532063));
#3438=CARTESIAN_POINT('Ctrl Pts',(22.5500015939162,-15.0339633421276,27.4505017943001));
#3439=CARTESIAN_POINT('Ctrl Pts',(22.5500015939162,-14.7137796544363,27.4505017894416));
#3440=CARTESIAN_POINT('Ctrl Pts',(22.486012814736,-14.372254235036,27.4505017868311));
#3441=CARTESIAN_POINT('Ctrl Pts',(22.2257759952284,-13.743986975952,27.4505017877575));
#3442=CARTESIAN_POINT('Ctrl Pts',(22.0295279549011,-13.4572451362683,27.4505017912943));
#3443=CARTESIAN_POINT('Ctrl Pts',(21.5767198413175,-13.0044370226847,27.4505018026232));
#3444=CARTESIAN_POINT('Ctrl Pts',(21.2899780016338,-12.8081889823574,27.4505018111704));
#3445=CARTESIAN_POINT('Ctrl Pts',(20.6617107425498,-12.5479521628498,27.4505018324733));
#3446=CARTESIAN_POINT('Ctrl Pts',(20.3201853231495,-12.4839633836696,27.450501845229));
#3447=CARTESIAN_POINT('Ctrl Pts',(19.6798179477669,-12.4839633836696,27.4505018709663));
#3448=CARTESIAN_POINT('Ctrl Pts',(19.3382925283666,-12.5479521628498,27.4505018856634));
#3449=CARTESIAN_POINT('Ctrl Pts',(18.7100252692827,-12.8081889823574,27.4505019148621));
#3450=CARTESIAN_POINT('Ctrl Pts',(18.423283429599,-13.0044370226847,27.4505019293636));
#3451=CARTESIAN_POINT('Ctrl Pts',(17.9704753160153,-13.4572451362683,27.4505019544315));
#3452=CARTESIAN_POINT('Ctrl Pts',(17.774227275688,-13.743986975952,27.4505019666687));
#3453=CARTESIAN_POINT('Ctrl Pts',(17.5139904561804,-14.372254235036,27.4505019866587));
#3454=CARTESIAN_POINT('Ctrl Pts',(17.4500016770002,-14.7137796544363,27.4505019944116));
#3455=CARTESIAN_POINT('Ctrl Pts',(17.4500016770002,-15.3541470298189,27.4505020041266));
#3456=CARTESIAN_POINT('Ctrl Pts',(17.5139904561804,-15.6956724492192,27.4505020067364));
#3457=CARTESIAN_POINT('Ctrl Pts',(17.774227275688,-16.3239397083031,27.4505020058097));
#3458=CARTESIAN_POINT('Ctrl Pts',(17.9704753160153,-16.6106815479868,27.4505020022734));
#3459=CARTESIAN_POINT('Ctrl Pts',(18.423283429599,-17.0634896615705,27.4505019909461));
#3460=CARTESIAN_POINT('Ctrl Pts',(18.7100252692827,-17.2597377018978,27.4505019824001));
#3461=CARTESIAN_POINT('Ctrl Pts',(19.3382925283666,-17.5199745214054,27.4505019610998));
#3462=CARTESIAN_POINT('Ctrl Pts',(19.6798179477669,-17.5839633005856,27.4505019483455));
#3463=CARTESIAN_POINT('Ctrl Pts',(20.3201853231495,-17.5839633005856,27.4505019226101));
#3464=CARTESIAN_POINT('Ctrl Pts',(20.6617107425498,-17.5199745214054,27.4505019079137));
#3465=CARTESIAN_POINT('Ctrl Pts',(21.2899780016337,-17.2597377018978,27.4505018787153));
#3466=CARTESIAN_POINT('Ctrl Pts',(21.5767198413175,-17.0634896615705,27.4505018642133));
#3467=CARTESIAN_POINT('Ctrl Pts',(22.0295279549011,-16.6106815479868,27.4505018391439));
#3468=CARTESIAN_POINT('Ctrl Pts',(22.2257759952284,-16.3239397083031,27.4505018269055));
#3469=CARTESIAN_POINT('Ctrl Pts',(22.486012814736,-15.6956724492192,27.4505018069128));
#3470=CARTESIAN_POINT('Ctrl Pts',(22.5500015939162,-15.3541470298189,27.4505017991586));
#3471=CARTESIAN_POINT('Ctrl Pts',(22.5500015939162,-15.0339633421276,27.4505017943001));
#3472=CARTESIAN_POINT('Origin',(-19.9999989857142,-15.0339633421277,7.9999977350235));
#3473=CARTESIAN_POINT('',(-17.4499990940895,-15.0339633421277,7.9999977350235));
#3474=CARTESIAN_POINT('',(-17.4499990940895,-15.0339633421277,7.9999977350235));
#3475=CARTESIAN_POINT('Origin',(-19.9999989857142,-15.0339633421277,7.9999977350235));
#3476=CARTESIAN_POINT('Origin',(-13.8499988679951,12.5339628980243,7.9999977350235));
#3477=CARTESIAN_POINT('',(-11.2999991401295,12.5339628980243,7.9999977350235));
#3478=CARTESIAN_POINT('',(-11.2999991401295,12.5339628980243,7.9999977350235));
#3479=CARTESIAN_POINT('Origin',(-13.8499988679951,12.5339628980243,7.9999977350235));
#3480=CARTESIAN_POINT('Origin',(13.8500009557699,12.5339628980243,7.9999977350235));
#3481=CARTESIAN_POINT('',(16.4000005629508,12.5339628980243,7.9999977350235));
#3482=CARTESIAN_POINT('',(16.4000005629508,12.5339628980243,7.9999977350235));
#3483=CARTESIAN_POINT('Origin',(13.8500009557699,12.5339628980243,7.9999977350235));
#3484=CARTESIAN_POINT('Origin',(20.0000016354582,-15.0339633421276,7.9999977350235));
#3485=CARTESIAN_POINT('',(22.5500015939162,-15.0339633421276,7.9999977350235));
#3486=CARTESIAN_POINT('',(22.5500015939162,-15.0339633421276,7.9999977350235));
#3487=CARTESIAN_POINT('Origin',(20.0000016354582,-15.0339633421276,7.9999977350235));
#3488=CARTESIAN_POINT('Origin',(-19.9999989857142,-15.0339633421277,20.9999990463257));
#3489=CARTESIAN_POINT('',(-22.5499988773382,-15.0339651107789,20.9999990463257));
#3490=CARTESIAN_POINT('',(-22.5499988773388,-15.0339633421277,20.9999990463257));
#3491=CARTESIAN_POINT('Origin',(-19.9999989857142,-15.0339633421277,20.9999990463257));
#3492=CARTESIAN_POINT('Origin',(-13.8499988679951,12.5339628980243,20.9999990463257));
#3493=CARTESIAN_POINT('',(-16.3999985958607,12.533962726593,20.9999990463257));
#3494=CARTESIAN_POINT('',(-16.3999985958607,12.5339628980243,20.9999990463257));
#3495=CARTESIAN_POINT('Origin',(-13.8499988679951,12.5339628980243,20.9999990463257));
#3496=CARTESIAN_POINT('Origin',(13.8500009557699,12.5339628980243,20.9999990463257));
#3497=CARTESIAN_POINT('',(11.300001348589,12.5339627265929,20.9999990463257));
#3498=CARTESIAN_POINT('',(11.300001348589,12.5339628980243,20.9999990463257));
#3499=CARTESIAN_POINT('Origin',(13.8500009557699,12.5339628980243,20.9999990463257));
#3500=CARTESIAN_POINT('Origin',(20.0000016354582,-15.0339633421276,20.9999990463257));
#3501=CARTESIAN_POINT('',(17.4500016770008,-15.0339651107785,20.9999990463257));
#3502=CARTESIAN_POINT('',(17.4500016770002,-15.0339633421276,20.9999990463257));
#3503=CARTESIAN_POINT('Origin',(20.0000016354582,-15.0339633421276,20.9999990463257));
#3504=CARTESIAN_POINT('Origin',(-19.999998936782,-15.0339635964986,7.9999977350235));
#3505=CARTESIAN_POINT('Origin',(-13.8499987447584,12.5339630487803,7.9999977350235));
#3506=CARTESIAN_POINT('Origin',(13.8500014511315,12.5339630487803,7.9999977350235));
#3507=CARTESIAN_POINT('Origin',(20.0000017398113,-15.0339635964986,7.9999977350235));
#3508=CARTESIAN_POINT('Origin',(-19.999998936782,-15.0339635964986,20.9999990463257));
#3509=CARTESIAN_POINT('Origin',(-13.8499987447584,12.5339630487803,20.9999990463257));
#3510=CARTESIAN_POINT('Origin',(13.8500014511315,12.5339630487803,20.9999990463257));
#3511=CARTESIAN_POINT('Origin',(20.0000017398113,-15.0339635964986,20.9999990463257));
#3512=UNCERTAINTY_MEASURE_WITH_UNIT(LENGTH_MEASURE(0.01),#3516,
'DISTANCE_ACCURACY_VALUE',
'Maximum model space distance between geometric entities at asserted c
onnectivities');
#3513=UNCERTAINTY_MEASURE_WITH_UNIT(LENGTH_MEASURE(0.01),#3516,
'DISTANCE_ACCURACY_VALUE',
'Maximum model space distance between geometric entities at asserted c
onnectivities');
#3514=(
GEOMETRIC_REPRESENTATION_CONTEXT(3)
GLOBAL_UNCERTAINTY_ASSIGNED_CONTEXT((#3512))
GLOBAL_UNIT_ASSIGNED_CONTEXT((#3516,#3518,#3519))
REPRESENTATION_CONTEXT('','3D')
);
#3515=(
GEOMETRIC_REPRESENTATION_CONTEXT(3)
GLOBAL_UNCERTAINTY_ASSIGNED_CONTEXT((#3513))
GLOBAL_UNIT_ASSIGNED_CONTEXT((#3516,#3518,#3519))
REPRESENTATION_CONTEXT('','3D')
);
#3516=(
LENGTH_UNIT()
NAMED_UNIT(*)
SI_UNIT(.MILLI.,.METRE.)
);
#3517=(
LENGTH_UNIT()
NAMED_UNIT(*)
SI_UNIT($,.METRE.)
);
#3518=(
NAMED_UNIT(*)
PLANE_ANGLE_UNIT()
SI_UNIT($,.RADIAN.)
);
#3519=(
NAMED_UNIT(*)
SI_UNIT($,.STERADIAN.)
SOLID_ANGLE_UNIT()
);
#3520=SHAPE_DEFINITION_REPRESENTATION(#3521,#3522);
#3521=PRODUCT_DEFINITION_SHAPE('',$,#3524);
#3522=SHAPE_REPRESENTATION('',(#1900),#3514);
#3523=PRODUCT_DEFINITION_CONTEXT('part definition',#3528,'design');
#3524=PRODUCT_DEFINITION('carriage_centre_plate_updated',
'carriage_centre_plate_updated v1',#3525,#3523);
#3525=PRODUCT_DEFINITION_FORMATION('',$,#3530);
#3526=PRODUCT_RELATED_PRODUCT_CATEGORY(
'carriage_centre_plate_updated v1','carriage_centre_plate_updated v1',(#3530));
#3527=APPLICATION_PROTOCOL_DEFINITION('international standard',
'automotive_design',2009,#3528);
#3528=APPLICATION_CONTEXT(
'Core Data for Automotive Mechanical Design Process');
#3529=PRODUCT_CONTEXT('part definition',#3528,'mechanical');
#3530=PRODUCT('carriage_centre_plate_updated',
'carriage_centre_plate_updated v1',$,(#3529));
#3531=PRESENTATION_STYLE_ASSIGNMENT((#3532));
#3532=SURFACE_STYLE_USAGE(.BOTH.,#3533);
#3533=SURFACE_SIDE_STYLE('',(#3534));
#3534=SURFACE_STYLE_FILL_AREA(#3535);
#3535=FILL_AREA_STYLE('Steel - Satin',(#3536));
#3536=FILL_AREA_STYLE_COLOUR('Steel - Satin',#3537);
#3537=COLOUR_RGB('Steel - Satin',0.627450980392157,0.627450980392157,0.627450980392157);
ENDSEC;
END-ISO-10303-21;
